text,label
Complainant Name: Rahul Sharma,PERSON
Informant: Priya Verma,PERSON
Father Name: Mahesh Sharma,PERSON
Investigating Officer: ASI Vikram Singh,PERSON
"71 5. Place of Occurrence: Main Parking Lot, Mumbai 6. Complainant / Informant: Name: Vikram Gupta; Father Name: Kavya Patel; Address: 358 Nehru Nagar, M",PERSON
and witness information may assist investigation. 10. Investigating Officer: ASI Meera Bansal.,PERSON
"5. Place of Occurrence: Main Parking Lot, Delhi NCR 6. Complainant / Informant: Name: Nitin Mishra; Father Name: Riya Kapoor; Address: 466 Main Parking L",PERSON
and witness information may assist investigation. 10. Investigating Officer: ASI Kavya Mishra.,PERSON
"5. Place of Occurrence: Old Market Complex, Lucknow 6. Complainant / Informant: Name: Pooja Malhotra; Father Name: Ankit Patel; Address: 328 Bus Stand Road",PERSON
and witness information may assist investigation. 10. Investigating Officer: ASI Aarav Joshi.,PERSON
"34, 420 5. Place of Occurrence: Railway Road, Pune 6. Complainant / Informant: Name: Aditya Sharma; Father Name: Riya Sharma; Address: 303 Green Park Ext",PERSON
and witness information may assist investigation. 10. Investigating Officer: ASI Karan Rao.,PERSON
"4 5. Place of Occurrence: Sector 10 Market, Lucknow 6. Complainant / Informant: Name: Nitin Mehta; Father Name: Vikram Sharma; Address: 114 Industrial A",PERSON
and witness information may assist investigation. 10. Investigating Officer: ASI Nitin Malhotra.,PERSON
". Place of Occurrence: Green Park Extension, Mumbai 6. Complainant / Informant: Name: Rahul Mehta; Father Name: Pooja Kumar; Address: 378 Nehru Nagar, M",PERSON
and witness information may assist investigation. 10. Investigating Officer: ASI Karan Verma.,PERSON
"20 5. Place of Occurrence: Sector 10 Market, Jaipur 6. Complainant / Informant: Name: Riya Verma; Father Name: Pooja Mehta; Address: 228 MG Road, Jaipu",PERSON
and witness information may assist investigation. 10. Investigating Officer: ASI Kavya Joshi.,PERSON
"e of Occurrence: Industrial Area Phase 2, Bengaluru 6. Complainant / Informant: Name: Arjun Mishra; Father Name: Riya Bansal; Address: 384 Sector 10 Mark",PERSON
and witness information may assist investigation. 10. Investigating Officer: ASI Vikram Kapoor.,PERSON
"8 5. Place of Occurrence: Bus Stand Road, Bengaluru 6. Complainant / Informant: Name: Riya Joshi; Father Name: Vikram Singh; Address: 81 Nehru Nagar, B",PERSON
and witness information may assist investigation. 10. Investigating Officer: ASI Priya Singh.,PERSON
"420 5. Place of Occurrence: Main Parking Lot, Pune 6. Complainant / Informant: Name: Vikram Mehta; Father Name: Meera Yadav; Address: 53 Industrial Area",PERSON
and witness information may assist investigation. 10. Investigating Officer: ASI Pooja Verma.,PERSON
"06 5. Place of Occurrence: Main Parking Lot, Mumbai 6. Complainant / Informant: Name: Riya Mehta; Father Name: Nitin Mehta; Address: 202 Sector 10 Mark",PERSON
and witness information may assist investigation. 10. Investigating Officer: ASI Suresh Sharma.,PERSON
"Place of Occurrence: Green Park Extension, Lucknow 6. Complainant / Informant: Name: Meera Mishra; Father Name: Arjun Mishra; Address: 300 Green Park Ex",PERSON
and witness information may assist investigation. 10. Investigating Officer: ASI Aditya Verma.,PERSON
"4 5. Place of Occurrence: Bus Stand Road, Bengaluru 6. Complainant / Informant: Name: Nitin Gupta; Father Name: Vikram Patel; Address: 469 Bus Stand Roa",PERSON
and witness information may assist investigation. 10. Investigating Officer: ASI Aarav Sharma.,PERSON
"20 5. Place of Occurrence: Main Parking Lot, Mumbai 6. Complainant / Informant: Name: Priya Mehta; Father Name: Aditya Joshi; Address: 8 Bus Stand Road,",PERSON
and witness information may assist investigation. 10. Investigating Officer: ASI Aarav Malhotra.,PERSON
"8 5. Place of Occurrence: Bus Stand Road, Bengaluru 6. Complainant / Informant: Name: Aarav Patel; Father Name: Aarav Rao; Address: 482 Nehru Nagar, Ben",PERSON
and witness information may assist investigation. 10. Investigating Officer: ASI Ankit Bansal.,PERSON
"Place of Occurrence: Green Park Extension, Lucknow 6. Complainant / Informant: Name: Arjun Rao; Father Name: Aditya Singh; Address: 382 Main Parking",PERSON
and witness information may assist investigation. 10. Investigating Officer: ASI Suresh Mishra.,PERSON
"411 5. Place of Occurrence: Bus Stand Road, Lucknow 6. Complainant / Informant: Name: Arjun Mehta; Father Name: Pooja Mehta; Address: 101 Industrial Are",PERSON
and witness information may assist investigation. 10. Investigating Officer: ASI Ankit Mehta.,PERSON
"411 5. Place of Occurrence: Nehru Nagar, Delhi NCR 6. Complainant / Informant: Name: Riya Bansal; Father Name: Neha Bansal; Address: 461 Railway Road,",PERSON
and witness information may assist investigation. 10. Investigating Officer: ASI Pooja Kapoor.,PERSON
"4, 420 5. Place of Occurrence: Bus Stand Road, Pune 6. Complainant / Informant: Name: Riya Mishra; Father Name: Pooja Mishra; Address: 88 Old Market Com",PERSON
and witness information may assist investigation. 10. Investigating Officer: ASI Vikram Sharma.,PERSON
"Place of Occurrence: Old Market Complex, Bengaluru 6. Complainant / Informant: Name: Manoj Kapoor; Father Name: Aditya Mishra; Address: 100 Green Park E",PERSON
and witness information may assist investigation. 10. Investigating Officer: ASI Nitin Rao.,PERSON
"34, 471 5. Place of Occurrence: City Center, Jaipur 6. Complainant / Informant: Name: Aarav Kapoor; Father Name: Aarav Rao; Address: 363 Green Park Exten",PERSON
and witness information may assist investigation. 10. Investigating Officer: ASI Manoj Yadav.,PERSON
"06 5. Place of Occurrence: Sector 10 Market, Mumbai 6. Complainant / Informant: Name: Suresh Patel; Father Name: Ankit Singh; Address: 163 MG Road, Mumba",PERSON
and witness information may assist investigation. 10. Investigating Officer: ASI Kavya Bansal.,PERSON
"11, 471 5. Place of Occurrence: Nehru Nagar, Mumbai 6. Complainant / Informant: Name: Arjun Sharma; Father Name: Kavya Kumar; Address: 476 Bus Stand Road",PERSON
"420 5. Place of Occurrence: Nehru Nagar, Bengaluru 6. Complainant / Informant: Name: Arjun Yadav; Father Name: Priya Bansal; Address: 23 Old Market Com",PERSON
and witness information may assist investigation. 10. Investigating Officer: ASI Aditya Kapoor.,PERSON
"0 5. Place of Occurrence: Bus Stand Road, Delhi NCR 6. Complainant / Informant: Name: Karan Kapoor; Father Name: Ankit Yadav; Address: 50 City Center, De",PERSON
and witness information may assist investigation. 10. Investigating Officer: ASI Aditya Bansal.,PERSON
". Place of Occurrence: Green Park Extension, Jaipur 6. Complainant / Informant: Name: Rahul Kumar; Father Name: Vikram Malhotra; Address: 1 MG Road, Jai",PERSON
and witness information may assist investigation. 10. Investigating Officer: ASI Aarav Mehta.,PERSON
"71 5. Place of Occurrence: Main Parking Lot, Jaipur 6. Complainant / Informant: Name: Pooja Mishra; Father Name: Aarav Kumar; Address: 206 Main Parking L",PERSON
and witness information may assist investigation. 10. Investigating Officer: ASI Neha Yadav.,PERSON
"20, 411 5. Place of Occurrence: Nehru Nagar, Jaipur 6. Complainant / Informant: Name: Vikram Kapoor; Father Name: Priya Mishra; Address: 157 Green Park Ex",PERSON
and witness information may assist investigation. 10. Investigating Officer: ASI Manoj Kapoor.,PERSON
"411 5. Place of Occurrence: Bus Stand Road, Jaipur 6. Complainant / Informant: Name: Priya Rao; Father Name: Pooja Rao; Address: 388 Green Park Exten",PERSON
": 34, 471 5. Place of Occurrence: Nehru Nagar, Pune 6. Complainant / Informant: Name: Manoj Yadav; Father Name: Aarav Verma; Address: 25 MG Road, Pune P",PERSON
and witness information may assist investigation. 10. Investigating Officer: ASI Suresh Joshi.,PERSON
"5. Place of Occurrence: Sector 10 Market, Delhi NCR 6. Complainant / Informant: Name: Karan Rao; Father Name: Kavya Bansal; Address: 38 Railway Road,",PERSON
and witness information may assist investigation. 10. Investigating Officer: ASI Ankit Patel.,PERSON
"06, 468 5. Place of Occurrence: Nehru Nagar, Mumbai 6. Complainant / Informant: Name: Karan Singh; Father Name: Rahul Patel; Address: 397 Railway Road,",PERSON
and witness information may assist investigation. 10. Investigating Officer: ASI Karan Mishra.,PERSON
"Place of Occurrence: Industrial Area Phase 2, Pune 6. Complainant / Informant: Name: Neha Yadav; Father Name: Priya Mishra; Address: 82 Nehru Nagar, P",PERSON
and witness information may assist investigation. 10. Investigating Officer: ASI Manoj Sharma.,PERSON
"471 5. Place of Occurrence: Bus Stand Road, Mumbai 6. Complainant / Informant: Name: Manoj Singh; Father Name: Aarav Joshi; Address: 299 Sector 10 Mark",PERSON
and witness information may assist investigation. 10. Investigating Officer: ASI Arjun Malhotra.,PERSON
"ace of Occurrence: Industrial Area Phase 2, Lucknow 6. Complainant / Informant: Name: Nitin Kumar; Father Name: Manoj Mehta; Address: 112 Industrial Are",PERSON
and witness information may assist investigation. 10. Investigating Officer: ASI Nitin Verma.,PERSON
"e of Occurrence: Industrial Area Phase 2, Bengaluru 6. Complainant / Informant: Name: Karan Bansal; Father Name: Suresh Rao; Address: 59 Main Parking Lot",PERSON
and witness information may assist investigation. 10. Investigating Officer: ASI Ankit Kapoor.,PERSON
"Place of Occurrence: Old Market Complex, Bengaluru 6. Complainant / Informant: Name: Ankit Malhotra; Father Name: Neha Bansal; Address: 166 Nehru Nagar, B",PERSON
and witness information may assist investigation. 10. Investigating Officer: ASI Vikram Mehta.,PERSON
"s: 420, 379 5. Place of Occurrence: MG Road, Mumbai 6. Complainant / Informant: Name: Riya Kumar; Father Name: Meera Malhotra; Address: 497 Bus Stand R",PERSON
and witness information may assist investigation. 10. Investigating Officer: ASI Rahul Verma.,PERSON
"34 5. Place of Occurrence: Railway Road, Bengaluru 6. Complainant / Informant: Name: Arjun Kumar; Father Name: Suresh Verma; Address: 294 Bus Stand Roa",PERSON
and witness information may assist investigation. 10. Investigating Officer: ASI Suresh Verma.,PERSON
"11 5. Place of Occurrence: Old Market Complex, Pune 6. Complainant / Informant: Name: Kavya Sharma; Father Name: Riya Mishra; Address: 124 Old Market Com",PERSON
and witness information may assist investigation. 10. Investigating Officer: ASI Karan Kapoor.,PERSON
"506, 34 5. Place of Occurrence: Railway Road, Pune 6. Complainant / Informant: Name: Nitin Rao; Father Name: Neha Singh; Address: 2 MG Road, Pune Pho",PERSON
"06, 506 5. Place of Occurrence: Nehru Nagar, Jaipur 6. Complainant / Informant: Name: Karan Patel; Father Name: Arjun Mehta; Address: 482 Nehru Nagar, J",PERSON
and witness information may assist investigation. 10. Investigating Officer: ASI Manoj Bansal.,PERSON
"6 5. Place of Occurrence: Sector 10 Market, Lucknow 6. Complainant / Informant: Name: Rahul Mehta; Father Name: Manoj Malhotra; Address: 394 Industrial",PERSON
and witness information may assist investigation. 10. Investigating Officer: ASI Arjun Kapoor.,PERSON
"379 5. Place of Occurrence: Main Parking Lot, Pune 6. Complainant / Informant: Name: Arjun Kapoor; Father Name: Vikram Malhotra; Address: 366 Sector 10",PERSON
and witness information may assist investigation. 10. Investigating Officer: ASI Aditya Mehta.,PERSON
". Place of Occurrence: Green Park Extension, Mumbai 6. Complainant / Informant: Name: Nitin Mishra; Father Name: Arjun Rao; Address: 342 MG Road, Mumbai",PERSON
"79 5. Place of Occurrence: Main Parking Lot, Mumbai 6. Complainant / Informant: Name: Pooja Yadav; Father Name: Riya Verma; Address: 14 Railway Road, Mu",PERSON
and witness information may assist investigation. 10. Investigating Officer: ASI Manoj Mishra.,PERSON
"ace of Occurrence: Industrial Area Phase 2, Lucknow 6. Complainant / Informant: Name: Riya Yadav; Father Name: Meera Malhotra; Address: 374 City Center",PERSON
and witness information may assist investigation. 10. Investigating Officer: ASI Meera Singh.,PERSON
"s: 411, 471 5. Place of Occurrence: MG Road, Mumbai 6. Complainant / Informant: Name: Ankit Gupta; Father Name: Karan Gupta; Address: 268 Industrial Are",PERSON
and witness information may assist investigation. 10. Investigating Officer: ASI Riya Bansal.,PERSON
"34 5. Place of Occurrence: Main Parking Lot, Mumbai 6. Complainant / Informant: Name: Rahul Rao; Father Name: Aarav Bansal; Address: 347 MG Road, Mumb",PERSON
and witness information may assist investigation. 10. Investigating Officer: ASI Priya Bansal.,PERSON
"4, 468 5. Place of Occurrence: City Center, Lucknow 6. Complainant / Informant: Name: Arjun Gupta; Father Name: Manoj Yadav; Address: 299 Old Market Com",PERSON
": 506, 34 5. Place of Occurrence: City Center, Pune 6. Complainant / Informant: Name: Priya Gupta; Father Name: Suresh Kumar; Address: 134 Old Market Co",PERSON
"468 5. Place of Occurrence: Sector 10 Market, Pune 6. Complainant / Informant: Name: Vikram Mehta; Father Name: Rahul Rao; Address: 449 Railway Road, Pu",PERSON
and witness information may assist investigation. 10. Investigating Officer: ASI Kavya Yadav.,PERSON
", 468 5. Place of Occurrence: Railway Road, Lucknow 6. Complainant / Informant: Name: Suresh Mehta; Father Name: Suresh Singh; Address: 417 Main Parking",PERSON
and witness information may assist investigation. 10. Investigating Officer: ASI Meera Gupta.,PERSON
"ons: 420, 471 5. Place of Occurrence: MG Road, Pune 6. Complainant / Informant: Name: Rahul Mehta; Father Name: Rahul Mishra; Address: 14 MG Road, Pune",PERSON
and witness information may assist investigation. 10. Investigating Officer: ASI Riya Joshi.,PERSON
"71 5. Place of Occurrence: Sector 10 Market, Jaipur 6. Complainant / Informant: Name: Riya Rao; Father Name: Neha Sharma; Address: 484 Old Market Com",PERSON
and witness information may assist investigation. 10. Investigating Officer: ASI Vikram Rao.,PERSON
"s: 411, 506 5. Place of Occurrence: MG Road, Mumbai 6. Complainant / Informant: Name: Meera Mehta; Father Name: Nitin Yadav; Address: 199 City Center, M",PERSON
and witness information may assist investigation. 10. Investigating Officer: ASI Rahul Kumar.,PERSON
"0 5. Place of Occurrence: Bus Stand Road, Delhi NCR 6. Complainant / Informant: Name: Riya Yadav; Father Name: Karan Verma; Address: 171 Green Park Ext",PERSON
"71 5. Place of Occurrence: Sector 10 Market, Mumbai 6. Complainant / Informant: Name: Neha Malhotra; Father Name: Priya Mishra; Address: 448 Green Park Ex",PERSON
and witness information may assist investigation. 10. Investigating Officer: ASI Aditya Mishra.,PERSON
"lace of Occurrence: Industrial Area Phase 2, Jaipur 6. Complainant / Informant: Name: Vikram Mehta; Father Name: Riya Patel; Address: 76 Nehru Nagar, Jai",PERSON
and witness information may assist investigation. 10. Investigating Officer: ASI Neha Malhotra.,PERSON
"79 5. Place of Occurrence: Main Parking Lot, Mumbai 6. Complainant / Informant: Name: Meera Mehta; Father Name: Manoj Singh; Address: 136 City Center, M",PERSON
and witness information may assist investigation. 10. Investigating Officer: ASI Kavya Malhotra.,PERSON
"420 5. Place of Occurrence: Bus Stand Road, Jaipur 6. Complainant / Informant: Name: Aditya Malhotra; Father Name: Meera Rao; Address: 259 Main Parking Lot",PERSON
and witness information may assist investigation. 10. Investigating Officer: ASI Arjun Verma.,PERSON
"5. Place of Occurrence: Old Market Complex, Lucknow 6. Complainant / Informant: Name: Suresh Rao; Father Name: Riya Gupta; Address: 407 Old Market Comp",PERSON
and witness information may assist investigation. 10. Investigating Officer: ASI Riya Gupta.,PERSON
"34, 411 5. Place of Occurrence: Nehru Nagar, Mumbai 6. Complainant / Informant: Name: Aarav Mehta; Father Name: Vikram Kumar; Address: 44 Old Market Com",PERSON
and witness information may assist investigation. 10. Investigating Officer: ASI Meera Sharma.,PERSON
"9, 411 5. Place of Occurrence: Railway Road, Jaipur 6. Complainant / Informant: Name: Rahul Yadav; Father Name: Arjun Mehta; Address: 423 Green Park Ext",PERSON
", 379 5. Place of Occurrence: Railway Road, Lucknow 6. Complainant / Informant: Name: Rahul Mehta; Father Name: Karan Verma; Address: 168 Main Parking L",PERSON
and witness information may assist investigation. 10. Investigating Officer: ASI Meera Kapoor.,PERSON
". Place of Occurrence: Green Park Extension, Mumbai 6. Complainant / Informant: Name: Karan Rao; Father Name: Kavya Verma; Address: 215 Sector 10 Mark",PERSON
"Place of Occurrence: Old Market Complex, Delhi NCR 6. Complainant / Informant: Name: Meera Yadav; Father Name: Meera Verma; Address: 372 Industrial Are",PERSON
and witness information may assist investigation. 10. Investigating Officer: ASI Ankit Yadav.,PERSON
"6, 406 5. Place of Occurrence: Railway Road, Jaipur 6. Complainant / Informant: Name: Arjun Rao; Father Name: Meera Gupta; Address: 168 Old Market Com",PERSON
and witness information may assist investigation. 10. Investigating Officer: ASI Arjun Mehta.,PERSON
"71, 34 5. Place of Occurrence: Railway Road, Jaipur 6. Complainant / Informant: Name: Vikram Kumar; Father Name: Pooja Kapoor; Address: 203 Railway Road,",PERSON
and witness information may assist investigation. 10. Investigating Officer: ASI Riya Verma.,PERSON
"420 5. Place of Occurrence: Railway Road, Bengaluru 6. Complainant / Informant: Name: Aditya Mehta; Father Name: Pooja Rao; Address: 440 Nehru Nagar, Ben",PERSON
"8, 420 5. Place of Occurrence: Railway Road, Jaipur 6. Complainant / Informant: Name: Pooja Joshi; Father Name: Kavya Yadav; Address: 408 Sector 10 Mark",PERSON
", 506 5. Place of Occurrence: Railway Road, Lucknow 6. Complainant / Informant: Name: Riya Mishra; Father Name: Vikram Malhotra; Address: 334 MG Road, L",PERSON
and witness information may assist investigation. 10. Investigating Officer: ASI Riya Rao.,PERSON
"Place of Occurrence: Old Market Complex, Delhi NCR 6. Complainant / Informant: Name: Aditya Yadav; Father Name: Aarav Mehta; Address: 449 Sector 10 Mark",PERSON
and witness information may assist investigation. 10. Investigating Officer: ASI Kavya Patel.,PERSON
"411 5. Place of Occurrence: Main Parking Lot, Pune 6. Complainant / Informant: Name: Pooja Yadav; Father Name: Kavya Singh; Address: 446 Main Parking L",PERSON
and witness information may assist investigation. 10. Investigating Officer: ASI Suresh Singh.,PERSON
"5. Place of Occurrence: Sector 10 Market, Delhi NCR 6. Complainant / Informant: Name: Rahul Sharma; Father Name: Arjun Kapoor; Address: 26 Bus Stand Road",PERSON
"5. Place of Occurrence: Sector 10 Market, Bengaluru 6. Complainant / Informant: Name: Nitin Mishra; Father Name: Rahul Yadav; Address: 104 City Center, B",PERSON
and witness information may assist investigation. 10. Investigating Officer: ASI Pooja Bansal.,PERSON
"5. Place of Occurrence: Sector 10 Market, Bengaluru 6. Complainant / Informant: Name: Karan Malhotra; Father Name: Vikram Kapoor; Address: 434 Old Market C",PERSON
and witness information may assist investigation. 10. Investigating Officer: ASI Neha Mehta.,PERSON
"0, 468 5. Place of Occurrence: Bus Stand Road, Pune 6. Complainant / Informant: Name: Aarav Rao; Father Name: Riya Malhotra; Address: 154 Nehru Nagar,",PERSON
and witness information may assist investigation. 10. Investigating Officer: ASI Pooja Sharma.,PERSON
"ace of Occurrence: Industrial Area Phase 2, Lucknow 6. Complainant / Informant: Name: Arjun Patel; Father Name: Arjun Joshi; Address: 472 Main Parking L",PERSON
and witness information may assist investigation. 10. Investigating Officer: ASI Vikram Yadav.,PERSON
"406 5. Place of Occurrence: Bus Stand Road, Mumbai 6. Complainant / Informant: Name: Vikram Gupta; Father Name: Suresh Kumar; Address: 219 Industrial Ar",PERSON
"5. Place of Occurrence: Old Market Complex, Lucknow 6. Complainant / Informant: Name: Meera Mehta; Father Name: Suresh Kapoor; Address: 95 Green Park Ex",PERSON
"Place of Occurrence: Green Park Extension, Lucknow 6. Complainant / Informant: Name: Arjun Joshi; Father Name: Nitin Bansal; Address: 48 Nehru Nagar, L",PERSON
": 379, 34 5. Place of Occurrence: City Center, Pune 6. Complainant / Informant: Name: Ankit Mishra; Father Name: Priya Bansal; Address: 72 Main Parking L",PERSON
and witness information may assist investigation. 10. Investigating Officer: ASI Priya Mehta.,PERSON
"5. Place of Occurrence: Old Market Complex, Jaipur 6. Complainant / Informant: Name: Nitin Yadav; Father Name: Nitin Kapoor; Address: 313 Nehru Nagar,",PERSON
and witness information may assist investigation. 10. Investigating Officer: ASI Rahul Sharma.,PERSON
"468 5. Place of Occurrence: Sector 10 Market, Pune 6. Complainant / Informant: Name: Nitin Sharma; Father Name: Karan Patel; Address: 369 Bus Stand Road",PERSON
"6, 379 5. Place of Occurrence: Nehru Nagar, Lucknow 6. Complainant / Informant: Name: Aditya Sharma; Father Name: Aditya Gupta; Address: 132 Green Park Ex",PERSON
"e of Occurrence: Industrial Area Phase 2, Delhi NCR 6. Complainant / Informant: Name: Arjun Kapoor; Father Name: Manoj Bansal; Address: 242 Sector 10 Mar",PERSON
"471, 379 5. Place of Occurrence: MG Road, Bengaluru 6. Complainant / Informant: Name: Rahul Joshi; Father Name: Nitin Mehta; Address: 261 Railway Road,",PERSON
"lace of Occurrence: Industrial Area Phase 2, Jaipur 6. Complainant / Informant: Name: Riya Kapoor; Father Name: Pooja Yadav; Address: 163 Green Park Ext",PERSON
and witness information may assist investigation. 10. Investigating Officer: ASI Priya Kapoor.,PERSON
"s: 468, 411 5. Place of Occurrence: MG Road, Jaipur 6. Complainant / Informant: Name: Ankit Kapoor; Father Name: Neha Patel; Address: 455 Industrial Area",PERSON
and witness information may assist investigation. 10. Investigating Officer: ASI Aditya Joshi.,PERSON
"Place of Occurrence: Old Market Complex, Delhi NCR 6. Complainant / Informant: Name: Ankit Mishra; Father Name: Neha Kapoor; Address: 10 Green Park Exte",PERSON
and witness information may assist investigation. 10. Investigating Officer: ASI Vikram Mishra.,PERSON
"468 5. Place of Occurrence: City Center, Bengaluru 6. Complainant / Informant: Name: Rahul Yadav; Father Name: Arjun Verma; Address: 249 City Center, B",PERSON
and witness information may assist investigation. 10. Investigating Officer: ASI Nitin Kumar.,PERSON
"506 5. Place of Occurrence: Railway Road, Bengaluru 6. Complainant / Informant: Name: Kavya Sharma; Father Name: Pooja Joshi; Address: 442 Nehru Nagar, B",PERSON
and witness information may assist investigation. 10. Investigating Officer: ASI Kavya Rao.,PERSON
"Place of Occurrence: Old Market Complex, Delhi NCR 6. Complainant / Informant: Name: Manoj Kapoor; Father Name: Kavya Kumar; Address: 208 Bus Stand Road",PERSON
and witness information may assist investigation. 10. Investigating Officer: ASI Aarav Bansal.,PERSON
"71 5. Place of Occurrence: Main Parking Lot, Mumbai 6. Complainant / Informant: Name: Suresh Bansal; Father Name: Priya Yadav; Address: 9 Bus Stand Road,",PERSON
and witness information may assist investigation. 10. Investigating Officer: ASI Rahul Rao.,PERSON
"468 5. Place of Occurrence: Railway Road, Delhi NCR 6. Complainant / Informant: Name: Rahul Rao; Father Name: Pooja Mishra; Address: 217 Nehru Nagar,",PERSON
"11, 506 5. Place of Occurrence: Nehru Nagar, Mumbai 6. Complainant / Informant: Name: Vikram Bansal; Father Name: Rahul Kumar; Address: 210 Main Parking L",PERSON
and witness information may assist investigation. 10. Investigating Officer: ASI Vikram Malhotra.,PERSON
"lace of Occurrence: Industrial Area Phase 2, Jaipur 6. Complainant / Informant: Name: Nitin Kapoor; Father Name: Kavya Malhotra; Address: 8 Industrial Ar",PERSON
"468 5. Place of Occurrence: Main Parking Lot, Pune 6. Complainant / Informant: Name: Manoj Mehta; Father Name: Karan Rao; Address: 371 Sector 10 Market",PERSON
and witness information may assist investigation. 10. Investigating Officer: ASI Suresh Rao.,PERSON
"34 5. Place of Occurrence: Old Market Complex, Pune 6. Complainant / Informant: Name: Priya Rao; Father Name: Pooja Mishra; Address: 254 Green Park Ex",PERSON
and witness information may assist investigation. 10. Investigating Officer: ASI Riya Kapoor.,PERSON
"Place of Occurrence: Old Market Complex, Delhi NCR 6. Complainant / Informant: Name: Arjun Bansal; Father Name: Karan Rao; Address: 80 City Center, Delh",PERSON
"5. Place of Occurrence: Old Market Complex, Mumbai 6. Complainant / Informant: Name: Riya Sharma; Father Name: Arjun Joshi; Address: 3 Main Parking Lot",PERSON
"5. Place of Occurrence: Sector 10 Market, Delhi NCR 6. Complainant / Informant: Name: Arjun Mehta; Father Name: Manoj Bansal; Address: 493 Old Market Co",PERSON
"Place of Occurrence: Old Market Complex, Delhi NCR 6. Complainant / Informant: Name: Riya Kumar; Father Name: Aditya Rao; Address: 460 Main Parking Lo",PERSON
"420, 468 5. Place of Occurrence: Railway Road, Pune 6. Complainant / Informant: Name: Neha Gupta; Father Name: Karan Rao; Address: 488 Old Market Compl",PERSON
and witness information may assist investigation. 10. Investigating Officer: ASI Manoj Gupta.,PERSON
"420, 379 5. Place of Occurrence: Nehru Nagar, Pune 6. Complainant / Informant: Name: Neha Sharma; Father Name: Aditya Kapoor; Address: 80 City Center,",PERSON
"8, 506 5. Place of Occurrence: Railway Road, Jaipur 6. Complainant / Informant: Name: Neha Sharma; Father Name: Meera Rao; Address: 106 Railway Road, Ja",PERSON
and witness information may assist investigation. 10. Investigating Officer: ASI Nitin Bansal.,PERSON
", 34 5. Place of Occurrence: Nehru Nagar, Bengaluru 6. Complainant / Informant: Name: Kavya Singh; Father Name: Priya Mishra; Address: 242 Main Parking",PERSON
and witness information may assist investigation. 10. Investigating Officer: ASI Vikram Bansal.,PERSON
". Place of Occurrence: Green Park Extension, Jaipur 6. Complainant / Informant: Name: Meera Bansal; Father Name: Nitin Joshi; Address: 492 MG Road, Jaipu",PERSON
and witness information may assist investigation. 10. Investigating Officer: ASI Arjun Bansal.,PERSON
"34 5. Place of Occurrence: Bus Stand Road, Lucknow 6. Complainant / Informant: Name: Kavya Patel; Father Name: Aarav Yadav; Address: 390 Old Market Com",PERSON
and witness information may assist investigation. 10. Investigating Officer: ASI Priya Patel.,PERSON
"lace of Occurrence: Industrial Area Phase 2, Mumbai 6. Complainant / Informant: Name: Ankit Rao; Father Name: Meera Patel; Address: 425 Main Parking L",PERSON
and witness information may assist investigation. 10. Investigating Officer: ASI Pooja Singh.,PERSON
"5. Place of Occurrence: Green Park Extension, Pune 6. Complainant / Informant: Name: Manoj Rao; Father Name: Riya Yadav; Address: 411 Bus Stand Road,",PERSON
and witness information may assist investigation. 10. Investigating Officer: ASI Riya Mishra.,PERSON
"Place of Occurrence: Old Market Complex, Delhi NCR 6. Complainant / Informant: Name: Ankit Singh; Father Name: Nitin Yadav; Address: 136 Bus Stand Road",PERSON
and witness information may assist investigation. 10. Investigating Officer: ASI Neha Kapoor.,PERSON
"34 5. Place of Occurrence: Main Parking Lot, Mumbai 6. Complainant / Informant: Name: Vikram Kumar; Father Name: Karan Gupta; Address: 214 Nehru Nagar, M",PERSON
and witness information may assist investigation. 10. Investigating Officer: ASI Aarav Verma.,PERSON
"5. Place of Occurrence: Old Market Complex, Mumbai 6. Complainant / Informant: Name: Pooja Rao; Father Name: Neha Singh; Address: 85 Green Park Exten",PERSON
and witness information may assist investigation. 10. Investigating Officer: ASI Kavya Kumar.,PERSON
"468 5. Place of Occurrence: Bus Stand Road, Lucknow 6. Complainant / Informant: Name: Pooja Mehta; Father Name: Pooja Kumar; Address: 51 MG Road, Luckno",PERSON
and witness information may assist investigation. 10. Investigating Officer: ASI Priya Verma.,PERSON
"411, 379 5. Place of Occurrence: City Center, Pune 6. Complainant / Informant: Name: Meera Sharma; Father Name: Riya Mehta; Address: 405 Sector 10 Marke",PERSON
and witness information may assist investigation. 10. Investigating Officer: ASI Manoj Kumar.,PERSON
"6, 420 5. Place of Occurrence: City Center, Lucknow 6. Complainant / Informant: Name: Riya Rao; Father Name: Vikram Patel; Address: 500 Main Parking",PERSON
": 420, 406 5. Place of Occurrence: MG Road, Lucknow 6. Complainant / Informant: Name: Riya Bansal; Father Name: Kavya Kumar; Address: 389 Railway Road,",PERSON
and witness information may assist investigation. 10. Investigating Officer: ASI Rahul Mehta.,PERSON
"Place of Occurrence: Old Market Complex, Delhi NCR 6. Complainant / Informant: Name: Arjun Kumar; Father Name: Pooja Mehta; Address: 478 Railway Road,",PERSON
and witness information may assist investigation. 10. Investigating Officer: ASI Neha Bansal.,PERSON
"379 5. Place of Occurrence: Sector 10 Market, Pune 6. Complainant / Informant: Name: Ankit Mehta; Father Name: Nitin Kumar; Address: 486 Industrial Are",PERSON
and witness information may assist investigation. 10. Investigating Officer: ASI Karan Yadav.,PERSON
"1 5. Place of Occurrence: Bus Stand Road, Bengaluru 6. Complainant / Informant: Name: Meera Kumar; Father Name: Priya Gupta; Address: 388 MG Road, Benga",PERSON
and witness information may assist investigation. 10. Investigating Officer: ASI Vikram Gupta.,PERSON
"4, 411 5. Place of Occurrence: Bus Stand Road, Pune 6. Complainant / Informant: Name: Arjun Gupta; Father Name: Aditya Kapoor; Address: 92 Industrial Ar",PERSON
and witness information may assist investigation. 10. Investigating Officer: ASI Manoj Patel.,PERSON
": 34, 471 5. Place of Occurrence: Nehru Nagar, Pune 6. Complainant / Informant: Name: Kavya Kumar; Father Name: Nitin Kapoor; Address: 234 City Center,",PERSON
"506 5. Place of Occurrence: Main Parking Lot, Pune 6. Complainant / Informant: Name: Ankit Joshi; Father Name: Kavya Kumar; Address: 1 Nehru Nagar, Pun",PERSON
and witness information may assist investigation. 10. Investigating Officer: ASI Aarav Singh.,PERSON
"5. Place of Occurrence: Sector 10 Market, Delhi NCR 6. Complainant / Informant: Name: Rahul Kapoor; Father Name: Vikram Rao; Address: 383 Railway Road, D",PERSON
and witness information may assist investigation. 10. Investigating Officer: ASI Pooja Mishra.,PERSON
"1 5. Place of Occurrence: Bus Stand Road, Bengaluru 6. Complainant / Informant: Name: Manoj Mehta; Father Name: Vikram Patel; Address: 396 Nehru Nagar,",PERSON
"420, 379 5. Place of Occurrence: Railway Road, Pune 6. Complainant / Informant: Name: Nitin Mehta; Father Name: Nitin Verma; Address: 209 City Center, P",PERSON
and witness information may assist investigation. 10. Investigating Officer: ASI Riya Singh.,PERSON
"lace of Occurrence: Green Park Extension, Bengaluru 6. Complainant / Informant: Name: Suresh Rao; Father Name: Arjun Joshi; Address: 465 MG Road, Benga",PERSON
and witness information may assist investigation. 10. Investigating Officer: ASI Rahul Singh.,PERSON
"ace of Occurrence: Industrial Area Phase 2, Lucknow 6. Complainant / Informant: Name: Aarav Mishra; Father Name: Arjun Mishra; Address: 98 Railway Road,",PERSON
and witness information may assist investigation. 10. Investigating Officer: ASI Vikram Singh.,PERSON
"Place of Occurrence: Old Market Complex, Delhi NCR 6. Complainant / Informant: Name: Rahul Verma; Father Name: Arjun Gupta; Address: 320 Bus Stand Road",PERSON
and witness information may assist investigation. 10. Investigating Officer: ASI Suresh Malhotra.,PERSON
"71 5. Place of Occurrence: Main Parking Lot, Jaipur 6. Complainant / Informant: Name: Arjun Kumar; Father Name: Suresh Verma; Address: 91 Railway Road,",PERSON
and witness information may assist investigation. 10. Investigating Officer: ASI Karan Joshi.,PERSON
"Place of Occurrence: Old Market Complex, Delhi NCR 6. Complainant / Informant: Name: Karan Joshi; Father Name: Manoj Singh; Address: 272 Nehru Nagar, D",PERSON
and witness information may assist investigation. 10. Investigating Officer: ASI Pooja Joshi.,PERSON
"5. Place of Occurrence: Old Market Complex, Mumbai 6. Complainant / Informant: Name: Meera Sharma; Father Name: Manoj Rao; Address: 61 Industrial Area P",PERSON
and witness information may assist investigation. 10. Investigating Officer: ASI Manoj Joshi.,PERSON
"Place of Occurrence: Old Market Complex, Bengaluru 6. Complainant / Informant: Name: Neha Gupta; Father Name: Suresh Yadav; Address: 330 Railway Road,",PERSON
and witness information may assist investigation. 10. Investigating Officer: ASI Vikram Verma.,PERSON
"e of Occurrence: Industrial Area Phase 2, Bengaluru 6. Complainant / Informant: Name: Neha Malhotra; Father Name: Ankit Mehta; Address: 74 Nehru Nagar, Be",PERSON
"06 5. Place of Occurrence: Old Market Complex, Pune 6. Complainant / Informant: Name: Neha Sharma; Father Name: Kavya Gupta; Address: 272 Bus Stand Road",PERSON
"411 5. Place of Occurrence: Nehru Nagar, Bengaluru 6. Complainant / Informant: Name: Suresh Verma; Father Name: Meera Singh; Address: 101 Green Park Ext",PERSON
and witness information may assist investigation. 10. Investigating Officer: ASI Aditya Singh.,PERSON
"5. Place of Occurrence: Main Parking Lot, Delhi NCR 6. Complainant / Informant: Name: Manoj Rao; Father Name: Pooja Joshi; Address: 48 Green Park Exte",PERSON
Phone: 9876543210,PHONE
Mobile number 9876543210 was provided,PHONE
Contacted on +91 9876543210,PHONE
"er Name: Kavya Patel; Address: 358 Nehru Nagar, Mumbai Phone: 9704314573 7. Details of Known / Suspected / Unknown Accused: Unk",PHONE
"Riya Kapoor; Address: 466 Main Parking Lot, Delhi NCR Phone: 9917577903 7. Details of Known / Suspected / Unknown Accused: Unk",PHONE
"ame: Ankit Patel; Address: 328 Bus Stand Road, Lucknow Phone: 9121825768 7. Details of Known / Suspected / Unknown Accused: Unk",PHONE
": Riya Sharma; Address: 303 Green Park Extension, Pune Phone: 9532074927 7. Details of Known / Suspected / Unknown Accused: Unk",PHONE
"Sharma; Address: 114 Industrial Area Phase 2, Lucknow Phone: 9348805504 7. Details of Known / Suspected / Unknown Accused: Unk",PHONE
"er Name: Pooja Kumar; Address: 378 Nehru Nagar, Mumbai Phone: 9355130275 7. Details of Known / Suspected / Unknown Accused: Unk",PHONE
"Father Name: Pooja Mehta; Address: 228 MG Road, Jaipur Phone: 9427122945 7. Details of Known / Suspected / Unknown Accused: Unk",PHONE
"Riya Bansal; Address: 384 Sector 10 Market, Bengaluru Phone: 9971340687 7. Details of Known / Suspected / Unknown Accused: Unk",PHONE
"Name: Vikram Singh; Address: 81 Nehru Nagar, Bengaluru Phone: 9755067393 7. Details of Known / Suspected / Unknown Accused: Unk",PHONE
"Meera Yadav; Address: 53 Industrial Area Phase 2, Pune Phone: 9571307874 7. Details of Known / Suspected / Unknown Accused: Unk",PHONE
"me: Nitin Mehta; Address: 202 Sector 10 Market, Mumbai Phone: 9693421283 7. Details of Known / Suspected / Unknown Accused: Unk",PHONE
"jun Mishra; Address: 300 Green Park Extension, Lucknow Phone: 9787380028 7. Details of Known / Suspected / Unknown Accused: Unk",PHONE
": Vikram Patel; Address: 469 Bus Stand Road, Bengaluru Phone: 9293037095 7. Details of Known / Suspected / Unknown Accused: Unk",PHONE
"Name: Aditya Joshi; Address: 8 Bus Stand Road, Mumbai Phone: 9385077671 7. Details of Known / Suspected / Unknown Accused: Unk",PHONE
"r Name: Aarav Rao; Address: 482 Nehru Nagar, Bengaluru Phone: 9662302100 7. Details of Known / Suspected / Unknown Accused: Unk",PHONE
": Aditya Singh; Address: 382 Main Parking Lot, Lucknow Phone: 9918665978 7. Details of Known / Suspected / Unknown Accused: Unk",PHONE
"a Mehta; Address: 101 Industrial Area Phase 2, Lucknow Phone: 9662598943 7. Details of Known / Suspected / Unknown Accused: Unk",PHONE
"ame: Neha Bansal; Address: 461 Railway Road, Delhi NCR Phone: 9306192518 7. Details of Known / Suspected / Unknown Accused: Unk",PHONE
"me: Pooja Mishra; Address: 88 Old Market Complex, Pune Phone: 9370743472 7. Details of Known / Suspected / Unknown Accused: Unk",PHONE
"a Mishra; Address: 100 Green Park Extension, Bengaluru Phone: 9908369151 7. Details of Known / Suspected / Unknown Accused: Unk",PHONE
": Aarav Rao; Address: 363 Green Park Extension, Jaipur Phone: 9621769703 7. Details of Known / Suspected / Unknown Accused: Unk",PHONE
"Father Name: Ankit Singh; Address: 163 MG Road, Mumbai Phone: 9044695658 7. Details of Known / Suspected / Unknown Accused: Unk",PHONE
"Name: Kavya Kumar; Address: 476 Bus Stand Road, Mumbai Phone: 9401442824 7. Details of Known / Suspected / Unknown Accused: Unk",PHONE
"riya Bansal; Address: 23 Old Market Complex, Bengaluru Phone: 9745664308 7. Details of Known / Suspected / Unknown Accused: Unk",PHONE
"Name: Ankit Yadav; Address: 50 City Center, Delhi NCR Phone: 9549094325 7. Details of Known / Suspected / Unknown Accused: Unk",PHONE
"ther Name: Vikram Malhotra; Address: 1 MG Road, Jaipur Phone: 9064239499 7. Details of Known / Suspected / Unknown Accused: Unk",PHONE
"me: Aarav Kumar; Address: 206 Main Parking Lot, Jaipur Phone: 9620644917 7. Details of Known / Suspected / Unknown Accused: Unk",PHONE
"riya Mishra; Address: 157 Green Park Extension, Jaipur Phone: 9074764012 7. Details of Known / Suspected / Unknown Accused: Unk",PHONE
": Pooja Rao; Address: 388 Green Park Extension, Jaipur Phone: 9319870611 7. Details of Known / Suspected / Unknown Accused: Unk",PHONE
"v; Father Name: Aarav Verma; Address: 25 MG Road, Pune Phone: 9306357751 7. Details of Known / Suspected / Unknown Accused: Unk",PHONE
"ame: Kavya Bansal; Address: 38 Railway Road, Delhi NCR Phone: 9933484292 7. Details of Known / Suspected / Unknown Accused: Unk",PHONE
"r Name: Rahul Patel; Address: 397 Railway Road, Mumbai Phone: 9684722586 7. Details of Known / Suspected / Unknown Accused: Unk",PHONE
"ther Name: Priya Mishra; Address: 82 Nehru Nagar, Pune Phone: 9549675217 7. Details of Known / Suspected / Unknown Accused: Unk",PHONE
"me: Aarav Joshi; Address: 299 Sector 10 Market, Mumbai Phone: 9150691941 7. Details of Known / Suspected / Unknown Accused: Unk",PHONE
"j Mehta; Address: 112 Industrial Area Phase 2, Lucknow Phone: 9827924712 7. Details of Known / Suspected / Unknown Accused: Unk",PHONE
"e: Suresh Rao; Address: 59 Main Parking Lot, Bengaluru Phone: 9681069820 7. Details of Known / Suspected / Unknown Accused: Unk",PHONE
"Name: Neha Bansal; Address: 166 Nehru Nagar, Bengaluru Phone: 9272093536 7. Details of Known / Suspected / Unknown Accused: Unk",PHONE
"e: Meera Malhotra; Address: 497 Bus Stand Road, Mumbai Phone: 9905406416 7. Details of Known / Suspected / Unknown Accused: Unk",PHONE
": Suresh Verma; Address: 294 Bus Stand Road, Bengaluru Phone: 9529737392 7. Details of Known / Suspected / Unknown Accused: Unk",PHONE
"me: Riya Mishra; Address: 124 Old Market Complex, Pune Phone: 9985729116 7. Details of Known / Suspected / Unknown Accused: Unk",PHONE
"Rao; Father Name: Neha Singh; Address: 2 MG Road, Pune Phone: 9147571504 7. Details of Known / Suspected / Unknown Accused: Unk",PHONE
"er Name: Arjun Mehta; Address: 482 Nehru Nagar, Jaipur Phone: 9163660129 7. Details of Known / Suspected / Unknown Accused: Unk",PHONE
"alhotra; Address: 394 Industrial Area Phase 2, Lucknow Phone: 9161560691 7. Details of Known / Suspected / Unknown Accused: Unk",PHONE
": Vikram Malhotra; Address: 366 Sector 10 Market, Pune Phone: 9394566162 7. Details of Known / Suspected / Unknown Accused: Unk",PHONE
"; Father Name: Arjun Rao; Address: 342 MG Road, Mumbai Phone: 9064207957 7. Details of Known / Suspected / Unknown Accused: Unk",PHONE
"her Name: Riya Verma; Address: 14 Railway Road, Mumbai Phone: 9875713263 7. Details of Known / Suspected / Unknown Accused: Unk",PHONE
"ame: Meera Malhotra; Address: 374 City Center, Lucknow Phone: 9264151332 7. Details of Known / Suspected / Unknown Accused: Unk",PHONE
"an Gupta; Address: 268 Industrial Area Phase 2, Mumbai Phone: 9247265641 7. Details of Known / Suspected / Unknown Accused: Unk",PHONE
"ather Name: Aarav Bansal; Address: 347 MG Road, Mumbai Phone: 9452529657 7. Details of Known / Suspected / Unknown Accused: Unk",PHONE
"Manoj Yadav; Address: 299 Old Market Complex, Lucknow Phone: 9138074104 7. Details of Known / Suspected / Unknown Accused: Unk",PHONE
"e: Suresh Kumar; Address: 134 Old Market Complex, Pune Phone: 9224410062 7. Details of Known / Suspected / Unknown Accused: Unk",PHONE
"ather Name: Rahul Rao; Address: 449 Railway Road, Pune Phone: 9230204384 7. Details of Known / Suspected / Unknown Accused: Unk",PHONE
": Suresh Singh; Address: 417 Main Parking Lot, Lucknow Phone: 9928401784 7. Details of Known / Suspected / Unknown Accused: Unk",PHONE
"; Father Name: Rahul Mishra; Address: 14 MG Road, Pune Phone: 9660548354 7. Details of Known / Suspected / Unknown Accused: Unk",PHONE
": Neha Sharma; Address: 484 Old Market Complex, Jaipur Phone: 9258240905 7. Details of Known / Suspected / Unknown Accused: Unk",PHONE
"er Name: Nitin Yadav; Address: 199 City Center, Mumbai Phone: 9132611191 7. Details of Known / Suspected / Unknown Accused: Unk",PHONE
"an Verma; Address: 171 Green Park Extension, Delhi NCR Phone: 9150387519 7. Details of Known / Suspected / Unknown Accused: Unk",PHONE
"riya Mishra; Address: 448 Green Park Extension, Mumbai Phone: 9314598039 7. Details of Known / Suspected / Unknown Accused: Unk",PHONE
"ther Name: Riya Patel; Address: 76 Nehru Nagar, Jaipur Phone: 9573012620 7. Details of Known / Suspected / Unknown Accused: Unk",PHONE
"er Name: Manoj Singh; Address: 136 City Center, Mumbai Phone: 9577820022 7. Details of Known / Suspected / Unknown Accused: Unk",PHONE
"Name: Meera Rao; Address: 259 Main Parking Lot, Jaipur Phone: 9110260807 7. Details of Known / Suspected / Unknown Accused: Unk",PHONE
": Riya Gupta; Address: 407 Old Market Complex, Lucknow Phone: 9227983499 7. Details of Known / Suspected / Unknown Accused: Unk",PHONE
": Vikram Kumar; Address: 44 Old Market Complex, Mumbai Phone: 9910535146 7. Details of Known / Suspected / Unknown Accused: Unk",PHONE
"Arjun Mehta; Address: 423 Green Park Extension, Jaipur Phone: 9847712689 7. Details of Known / Suspected / Unknown Accused: Unk",PHONE
"e: Karan Verma; Address: 168 Main Parking Lot, Lucknow Phone: 9605023473 7. Details of Known / Suspected / Unknown Accused: Unk",PHONE
"me: Kavya Verma; Address: 215 Sector 10 Market, Mumbai Phone: 9796492162 7. Details of Known / Suspected / Unknown Accused: Unk",PHONE
"Verma; Address: 372 Industrial Area Phase 2, Delhi NCR Phone: 9166714948 7. Details of Known / Suspected / Unknown Accused: Unk",PHONE
": Meera Gupta; Address: 168 Old Market Complex, Jaipur Phone: 9131777449 7. Details of Known / Suspected / Unknown Accused: Unk",PHONE
"Name: Pooja Kapoor; Address: 203 Railway Road, Jaipur Phone: 9421887549 7. Details of Known / Suspected / Unknown Accused: Unk",PHONE
"r Name: Pooja Rao; Address: 440 Nehru Nagar, Bengaluru Phone: 9993964667 7. Details of Known / Suspected / Unknown Accused: Unk",PHONE
"me: Kavya Yadav; Address: 408 Sector 10 Market, Jaipur Phone: 9417700831 7. Details of Known / Suspected / Unknown Accused: Unk",PHONE
"r Name: Vikram Malhotra; Address: 334 MG Road, Lucknow Phone: 9427512359 7. Details of Known / Suspected / Unknown Accused: Unk",PHONE
"Aarav Mehta; Address: 449 Sector 10 Market, Delhi NCR Phone: 9914696795 7. Details of Known / Suspected / Unknown Accused: Unk",PHONE
"Name: Kavya Singh; Address: 446 Main Parking Lot, Pune Phone: 9687914377 7. Details of Known / Suspected / Unknown Accused: Unk",PHONE
"e: Arjun Kapoor; Address: 26 Bus Stand Road, Delhi NCR Phone: 9792987198 7. Details of Known / Suspected / Unknown Accused: Unk",PHONE
"Name: Rahul Yadav; Address: 104 City Center, Bengaluru Phone: 9618824746 7. Details of Known / Suspected / Unknown Accused: Unk",PHONE
"ram Kapoor; Address: 434 Old Market Complex, Bengaluru Phone: 9571049016 7. Details of Known / Suspected / Unknown Accused: Unk",PHONE
"er Name: Riya Malhotra; Address: 154 Nehru Nagar, Pune Phone: 9664203825 7. Details of Known / Suspected / Unknown Accused: Unk",PHONE
"e: Arjun Joshi; Address: 472 Main Parking Lot, Lucknow Phone: 9639117547 7. Details of Known / Suspected / Unknown Accused: Unk",PHONE
"sh Kumar; Address: 219 Industrial Area Phase 2, Mumbai Phone: 9218471454 7. Details of Known / Suspected / Unknown Accused: Unk",PHONE
"resh Kapoor; Address: 95 Green Park Extension, Lucknow Phone: 9924852345 7. Details of Known / Suspected / Unknown Accused: Unk",PHONE
"r Name: Nitin Bansal; Address: 48 Nehru Nagar, Lucknow Phone: 9769059248 7. Details of Known / Suspected / Unknown Accused: Unk",PHONE
"Name: Priya Bansal; Address: 72 Main Parking Lot, Pune Phone: 9193157442 7. Details of Known / Suspected / Unknown Accused: Unk",PHONE
"r Name: Nitin Kapoor; Address: 313 Nehru Nagar, Jaipur Phone: 9026109341 7. Details of Known / Suspected / Unknown Accused: Unk",PHONE
"r Name: Karan Patel; Address: 369 Bus Stand Road, Pune Phone: 9138052077 7. Details of Known / Suspected / Unknown Accused: Unk",PHONE
"itya Gupta; Address: 132 Green Park Extension, Lucknow Phone: 9234509318 7. Details of Known / Suspected / Unknown Accused: Unk",PHONE
"Manoj Bansal; Address: 242 Sector 10 Market, Delhi NCR Phone: 9994417476 7. Details of Known / Suspected / Unknown Accused: Unk",PHONE
"ame: Nitin Mehta; Address: 261 Railway Road, Bengaluru Phone: 9352971450 7. Details of Known / Suspected / Unknown Accused: Unk",PHONE
"Pooja Yadav; Address: 163 Green Park Extension, Jaipur Phone: 9988400293 7. Details of Known / Suspected / Unknown Accused: Unk",PHONE
"ha Patel; Address: 455 Industrial Area Phase 2, Jaipur Phone: 9531273859 7. Details of Known / Suspected / Unknown Accused: Unk",PHONE
"ha Kapoor; Address: 10 Green Park Extension, Delhi NCR Phone: 9624056866 7. Details of Known / Suspected / Unknown Accused: Unk",PHONE
"Name: Arjun Verma; Address: 249 City Center, Bengaluru Phone: 9047227670 7. Details of Known / Suspected / Unknown Accused: Unk",PHONE
"Name: Pooja Joshi; Address: 442 Nehru Nagar, Bengaluru Phone: 9643063118 7. Details of Known / Suspected / Unknown Accused: Unk",PHONE
"e: Kavya Kumar; Address: 208 Bus Stand Road, Delhi NCR Phone: 9877087882 7. Details of Known / Suspected / Unknown Accused: Unk",PHONE
"r Name: Priya Yadav; Address: 9 Bus Stand Road, Mumbai Phone: 9272692683 7. Details of Known / Suspected / Unknown Accused: Unk",PHONE
"ame: Pooja Mishra; Address: 217 Nehru Nagar, Delhi NCR Phone: 9029427881 7. Details of Known / Suspected / Unknown Accused: Unk",PHONE
"me: Rahul Kumar; Address: 210 Main Parking Lot, Mumbai Phone: 9024389354 7. Details of Known / Suspected / Unknown Accused: Unk",PHONE
"a Malhotra; Address: 8 Industrial Area Phase 2, Jaipur Phone: 9076805157 7. Details of Known / Suspected / Unknown Accused: Unk",PHONE
"r Name: Karan Rao; Address: 371 Sector 10 Market, Pune Phone: 9226282286 7. Details of Known / Suspected / Unknown Accused: Unk",PHONE
"Pooja Mishra; Address: 254 Green Park Extension, Pune Phone: 9770034084 7. Details of Known / Suspected / Unknown Accused: Unk",PHONE
"er Name: Karan Rao; Address: 80 City Center, Delhi NCR Phone: 9790245939 7. Details of Known / Suspected / Unknown Accused: Unk",PHONE
"Name: Arjun Joshi; Address: 3 Main Parking Lot, Mumbai Phone: 9620015735 7. Details of Known / Suspected / Unknown Accused: Unk",PHONE
"noj Bansal; Address: 493 Old Market Complex, Delhi NCR Phone: 9355072097 7. Details of Known / Suspected / Unknown Accused: Unk",PHONE
": Aditya Rao; Address: 460 Main Parking Lot, Delhi NCR Phone: 9951443872 7. Details of Known / Suspected / Unknown Accused: Unk",PHONE
"Name: Karan Rao; Address: 488 Old Market Complex, Pune Phone: 9720463166 7. Details of Known / Suspected / Unknown Accused: Unk",PHONE
"her Name: Aditya Kapoor; Address: 80 City Center, Pune Phone: 9252528935 7. Details of Known / Suspected / Unknown Accused: Unk",PHONE
"her Name: Meera Rao; Address: 106 Railway Road, Jaipur Phone: 9506769536 7. Details of Known / Suspected / Unknown Accused: Unk",PHONE
"Priya Mishra; Address: 242 Main Parking Lot, Bengaluru Phone: 9254046264 7. Details of Known / Suspected / Unknown Accused: Unk",PHONE
"Father Name: Nitin Joshi; Address: 492 MG Road, Jaipur Phone: 9855201157 7. Details of Known / Suspected / Unknown Accused: Unk",PHONE
"Aarav Yadav; Address: 390 Old Market Complex, Lucknow Phone: 9931588401 7. Details of Known / Suspected / Unknown Accused: Unk",PHONE
"me: Meera Patel; Address: 425 Main Parking Lot, Mumbai Phone: 9982017416 7. Details of Known / Suspected / Unknown Accused: Unk",PHONE
"er Name: Riya Yadav; Address: 411 Bus Stand Road, Pune Phone: 9020838032 7. Details of Known / Suspected / Unknown Accused: Unk",PHONE
"e: Nitin Yadav; Address: 136 Bus Stand Road, Delhi NCR Phone: 9693052490 7. Details of Known / Suspected / Unknown Accused: Unk",PHONE
"er Name: Karan Gupta; Address: 214 Nehru Nagar, Mumbai Phone: 9844498919 7. Details of Known / Suspected / Unknown Accused: Unk",PHONE
": Neha Singh; Address: 85 Green Park Extension, Mumbai Phone: 9304449884 7. Details of Known / Suspected / Unknown Accused: Unk",PHONE
"Father Name: Pooja Kumar; Address: 51 MG Road, Lucknow Phone: 9209241705 7. Details of Known / Suspected / Unknown Accused: Unk",PHONE
"Name: Riya Mehta; Address: 405 Sector 10 Market, Pune Phone: 9329539915 7. Details of Known / Suspected / Unknown Accused: Unk",PHONE
": Vikram Patel; Address: 500 Main Parking Lot, Lucknow Phone: 9890427051 7. Details of Known / Suspected / Unknown Accused: Unk",PHONE
"Name: Kavya Kumar; Address: 389 Railway Road, Lucknow Phone: 9442882916 7. Details of Known / Suspected / Unknown Accused: Unk",PHONE
"ame: Pooja Mehta; Address: 478 Railway Road, Delhi NCR Phone: 9636559521 7. Details of Known / Suspected / Unknown Accused: Unk",PHONE
"itin Kumar; Address: 486 Industrial Area Phase 2, Pune Phone: 9155347958 7. Details of Known / Suspected / Unknown Accused: Unk",PHONE
"her Name: Priya Gupta; Address: 388 MG Road, Bengaluru Phone: 9950015671 7. Details of Known / Suspected / Unknown Accused: Unk",PHONE
"itya Kapoor; Address: 92 Industrial Area Phase 2, Pune Phone: 9125337680 7. Details of Known / Suspected / Unknown Accused: Unk",PHONE
"her Name: Nitin Kapoor; Address: 234 City Center, Pune Phone: 9231333085 7. Details of Known / Suspected / Unknown Accused: Unk",PHONE
"Father Name: Kavya Kumar; Address: 1 Nehru Nagar, Pune Phone: 9937309631 7. Details of Known / Suspected / Unknown Accused: Unk",PHONE
"Name: Vikram Rao; Address: 383 Railway Road, Delhi NCR Phone: 9087047003 7. Details of Known / Suspected / Unknown Accused: Unk",PHONE
"ame: Vikram Patel; Address: 396 Nehru Nagar, Bengaluru Phone: 9552798972 7. Details of Known / Suspected / Unknown Accused: Unk",PHONE
"ther Name: Nitin Verma; Address: 209 City Center, Pune Phone: 9192500625 7. Details of Known / Suspected / Unknown Accused: Unk",PHONE
"her Name: Arjun Joshi; Address: 465 MG Road, Bengaluru Phone: 9869470651 7. Details of Known / Suspected / Unknown Accused: Unk",PHONE
"Name: Arjun Mishra; Address: 98 Railway Road, Lucknow Phone: 9074177061 7. Details of Known / Suspected / Unknown Accused: Unk",PHONE
"e: Arjun Gupta; Address: 320 Bus Stand Road, Delhi NCR Phone: 9669854573 7. Details of Known / Suspected / Unknown Accused: Unk",PHONE
"r Name: Suresh Verma; Address: 91 Railway Road, Jaipur Phone: 9770589227 7. Details of Known / Suspected / Unknown Accused: Unk",PHONE
"Name: Manoj Singh; Address: 272 Nehru Nagar, Delhi NCR Phone: 9181875044 7. Details of Known / Suspected / Unknown Accused: Unk",PHONE
"Manoj Rao; Address: 61 Industrial Area Phase 2, Mumbai Phone: 9095563691 7. Details of Known / Suspected / Unknown Accused: Unk",PHONE
"me: Suresh Yadav; Address: 330 Railway Road, Bengaluru Phone: 9577938708 7. Details of Known / Suspected / Unknown Accused: Unk",PHONE
"Name: Ankit Mehta; Address: 74 Nehru Nagar, Bengaluru Phone: 9067305612 7. Details of Known / Suspected / Unknown Accused: Unk",PHONE
"r Name: Kavya Gupta; Address: 272 Bus Stand Road, Pune Phone: 9105953912 7. Details of Known / Suspected / Unknown Accused: Unk",PHONE
"ra Singh; Address: 101 Green Park Extension, Bengaluru Phone: 9588116894 7. Details of Known / Suspected / Unknown Accused: Unk",PHONE
"oja Joshi; Address: 48 Green Park Extension, Delhi NCR Phone: 9465265885 7. Details of Known / Suspected / Unknown Accused: Unk",PHONE
"Rahul Singh; Address: 182 Sector 10 Market, Bengaluru Phone: 9379725777 7. Details of Known / Suspected / Unknown Accused: Unk",PHONE
"avya Kapoor; Address: 112 Green Park Extension, Jaipur Phone: 9860436225 7. Details of Known / Suspected / Unknown Accused: Unk",PHONE
"r Name: Vikram Kapoor; Address: 122 MG Road, Bengaluru Phone: 9219696128 7. Details of Known / Suspected / Unknown Accused: Unk",PHONE
"noj Sharma; Address: 252 Green Park Extension, Lucknow Phone: 9723798303 7. Details of Known / Suspected / Unknown Accused: Unk",PHONE
"ther Name: Ankit Malhotra; Address: 28 MG Road, Jaipur Phone: 9002579938 7. Details of Known / Suspected / Unknown Accused: Unk",PHONE
": Vikram Mehta; Address: 298 Main Parking Lot, Lucknow Phone: 9958774700 7. Details of Known / Suspected / Unknown Accused: Unk",PHONE
"her Name: Neha Singh; Address: 232 City Center, Jaipur Phone: 9822798611 7. Details of Known / Suspected / Unknown Accused: Unk",PHONE
"r Name: Manoj Joshi; Address: 220 Nehru Nagar, Lucknow Phone: 9850758971 7. Details of Known / Suspected / Unknown Accused: Unk",PHONE
"t Kapoor; Address: 416 Industrial Area Phase 2, Mumbai Phone: 9063955376 7. Details of Known / Suspected / Unknown Accused: Unk",PHONE
"Arjun Mishra; Address: 39 Sector 10 Market, Delhi NCR Phone: 9531640137 7. Details of Known / Suspected / Unknown Accused: Unk",PHONE
"ame: Riya Gupta; Address: 88 Sector 10 Market, Lucknow Phone: 9944346416 7. Details of Known / Suspected / Unknown Accused: Unk",PHONE
"Name: Aditya Malhotra; Address: 241 MG Road, Delhi NCR Phone: 9512507025 7. Details of Known / Suspected / Unknown Accused: Unk",PHONE
"ran Singh; Address: 42 Industrial Area Phase 2, Jaipur Phone: 9881864772 7. Details of Known / Suspected / Unknown Accused: Unk",PHONE
"her Name: Priya Verma; Address: 19 City Center, Jaipur Phone: 9532491889 7. Details of Known / Suspected / Unknown Accused: Unk",PHONE
"a Joshi; Address: 295 Industrial Area Phase 2, Lucknow Phone: 9888027732 7. Details of Known / Suspected / Unknown Accused: Unk",PHONE
"her Name: Meera Bansal; Address: 31 Railway Road, Pune Phone: 9576352153 7. Details of Known / Suspected / Unknown Accused: Unk",PHONE
"r Name: Kavya Sharma; Address: 293 City Center, Jaipur Phone: 9825098156 7. Details of Known / Suspected / Unknown Accused: Unk",PHONE
"Name: Karan Yadav; Address: 117 Nehru Nagar, Delhi NCR Phone: 9915955482 7. Details of Known / Suspected / Unknown Accused: Unk",PHONE
"uresh Malhotra; Address: 77 Old Market Complex, Jaipur Phone: 9225896573 7. Details of Known / Suspected / Unknown Accused: Unk",PHONE
"e: Aditya Mishra; Address: 228 Bus Stand Road, Lucknow Phone: 9449920090 7. Details of Known / Suspected / Unknown Accused: Unk",PHONE
"ram Patel; Address: 13 Green Park Extension, Delhi NCR Phone: 9604004094 7. Details of Known / Suspected / Unknown Accused: Unk",PHONE
": Manoj Joshi; Address: 368 Old Market Complex, Mumbai Phone: 9781552931 7. Details of Known / Suspected / Unknown Accused: Unk",PHONE
"Name: Ankit Mishra; Address: 318 Bus Stand Road, Pune Phone: 9653289369 7. Details of Known / Suspected / Unknown Accused: Unk",PHONE
"ansal; Address: 244 Industrial Area Phase 2, Bengaluru Phone: 9965474192 7. Details of Known / Suspected / Unknown Accused: Unk",PHONE
": Arjun Kumar; Address: 96 Main Parking Lot, Delhi NCR Phone: 9759198321 7. Details of Known / Suspected / Unknown Accused: Unk",PHONE
"er Name: Suresh Gupta; Address: 415 Railway Road, Pune Phone: 9972942966 7. Details of Known / Suspected / Unknown Accused: Unk",PHONE
"e: Kavya Patel; Address: 103 Sector 10 Market, Lucknow Phone: 9135550709 7. Details of Known / Suspected / Unknown Accused: Unk",PHONE
": Aditya Patel; Address: 304 Main Parking Lot, Lucknow Phone: 9993022066 7. Details of Known / Suspected / Unknown Accused: Unk",PHONE
"me: Riya Singh; Address: 469 Main Parking Lot, Lucknow Phone: 9089322230 7. Details of Known / Suspected / Unknown Accused: Unk",PHONE
"er Name: Priya Mehta; Address: 462 City Center, Mumbai Phone: 9598741807 7. Details of Known / Suspected / Unknown Accused: Unk",PHONE
"e: Kavya Rao; Address: 104 Sector 10 Market, Delhi NCR Phone: 9012668958 7. Details of Known / Suspected / Unknown Accused: Unk",PHONE
"ather Name: Ankit Rao; Address: 187 MG Road, Delhi NCR Phone: 9490874459 7. Details of Known / Suspected / Unknown Accused: Unk",PHONE
": Nitin Kapoor; Address: 129 Bus Stand Road, Bengaluru Phone: 9250132112 7. Details of Known / Suspected / Unknown Accused: Unk",PHONE
"e: Meera Malhotra; Address: 430 Bus Stand Road, Mumbai Phone: 9314076479 7. Details of Known / Suspected / Unknown Accused: Unk",PHONE
"e: Riya Mishra; Address: 216 Bus Stand Road, Delhi NCR Phone: 9817963071 7. Details of Known / Suspected / Unknown Accused: Unk",PHONE
"m Malhotra; Address: 412 Old Market Complex, Bengaluru Phone: 9578197318 7. Details of Known / Suspected / Unknown Accused: Unk",PHONE
"Name: Meera Patel; Address: 341 Bus Stand Road, Jaipur Phone: 9912255653 7. Details of Known / Suspected / Unknown Accused: Unk",PHONE
"her Name: Kavya Sharma; Address: 84 MG Road, Delhi NCR Phone: 9684946255 7. Details of Known / Suspected / Unknown Accused: Unk",PHONE
"ahul Joshi; Address: 392 Green Park Extension, Lucknow Phone: 9044383417 7. Details of Known / Suspected / Unknown Accused: Unk",PHONE
"her Name: Pooja Sharma; Address: 161 Nehru Nagar, Pune Phone: 9358828320 7. Details of Known / Suspected / Unknown Accused: Unk",PHONE
"Kumar; Address: 393 Industrial Area Phase 2, Delhi NCR Phone: 9180948097 7. Details of Known / Suspected / Unknown Accused: Unk",PHONE
"Mehta; Address: 24 Industrial Area Phase 2, Bengaluru Phone: 9014470652 7. Details of Known / Suspected / Unknown Accused: Unk",PHONE
"Name: Rahul Kumar; Address: 297 Nehru Nagar, Bengaluru Phone: 9847567328 7. Details of Known / Suspected / Unknown Accused: Unk",PHONE
"r Name: Ankit Joshi; Address: 263 Nehru Nagar, Lucknow Phone: 9088501498 7. Details of Known / Suspected / Unknown Accused: Unk",PHONE
"her Name: Priya Sharma; Address: 384 Nehru Nagar, Pune Phone: 9059844349 7. Details of Known / Suspected / Unknown Accused: Unk",PHONE
"r Name: Suresh Kapoor; Address: 348 Railway Road, Pune Phone: 9482876034 7. Details of Known / Suspected / Unknown Accused: Unk",PHONE
"Name: Kavya Malhotra; Address: 497 Nehru Nagar, Jaipur Phone: 9653634486 7. Details of Known / Suspected / Unknown Accused: Unk",PHONE
"r Name: Meera Sharma; Address: 76 City Center, Lucknow Phone: 9008136993 7. Details of Known / Suspected / Unknown Accused: Unk",PHONE
"Karan Malhotra; Address: 106 Old Market Complex, Pune Phone: 9587335215 7. Details of Known / Suspected / Unknown Accused: Unk",PHONE
"Father Name: Neha Gupta; Address: 248 MG Road, Lucknow Phone: 9603370805 7. Details of Known / Suspected / Unknown Accused: Unk",PHONE
"Ankit Mishra; Address: 143 Main Parking Lot, Bengaluru Phone: 9783918035 7. Details of Known / Suspected / Unknown Accused: Unk",PHONE
"er Name: Suresh Sharma; Address: 18 MG Road, Bengaluru Phone: 9221163768 7. Details of Known / Suspected / Unknown Accused: Unk",PHONE
"eera Mehta; Address: 399 Old Market Complex, Delhi NCR Phone: 9191565599 7. Details of Known / Suspected / Unknown Accused: Unk",PHONE
"Aditya Verma; Address: 274 Old Market Complex, Jaipur Phone: 9461281435 7. Details of Known / Suspected / Unknown Accused: Unk",PHONE
": Nitin Mishra; Address: 144 Bus Stand Road, Bengaluru Phone: 9125301068 7. Details of Known / Suspected / Unknown Accused: Unk",PHONE
"me: Riya Singh; Address: 416 Bus Stand Road, Delhi NCR Phone: 9713056101 7. Details of Known / Suspected / Unknown Accused: Unk",PHONE
"me: Ankit Sharma; Address: 96 Main Parking Lot, Jaipur Phone: 9803691020 7. Details of Known / Suspected / Unknown Accused: Unk",PHONE
"Name: Suresh Rao; Address: 161 Bus Stand Road, Mumbai Phone: 9484809419 7. Details of Known / Suspected / Unknown Accused: Unk",PHONE
"Father Name: Ankit Yadav; Address: 125 MG Road, Mumbai Phone: 9052349417 7. Details of Known / Suspected / Unknown Accused: Unk",PHONE
"e: Kavya Rao; Address: 337 Main Parking Lot, Bengaluru Phone: 9061977554 7. Details of Known / Suspected / Unknown Accused: Unk",PHONE
"er Name: Riya Gupta; Address: 9 Sector 10 Market, Pune Phone: 9919954309 7. Details of Known / Suspected / Unknown Accused: Unk",PHONE
"Name: Vikram Patel; Address: 15 Sector 10 Market, Pune Phone: 9534377290 7. Details of Known / Suspected / Unknown Accused: Unk",PHONE
"a Malhotra; Address: 339 Old Market Complex, Bengaluru Phone: 9092524781 7. Details of Known / Suspected / Unknown Accused: Unk",PHONE
"Manoj Kumar; Address: 138 Main Parking Lot, Bengaluru Phone: 9466251332 7. Details of Known / Suspected / Unknown Accused: Unk",PHONE
"ame: Nitin Kapoor; Address: 248 City Center, Delhi NCR Phone: 9483674517 7. Details of Known / Suspected / Unknown Accused: Unk",PHONE
"e: Ankit Kapoor; Address: 372 Main Parking Lot, Mumbai Phone: 9089792122 7. Details of Known / Suspected / Unknown Accused: Unk",PHONE
"Name: Kavya Yadav; Address: 222 City Center, Bengaluru Phone: 9678061482 7. Details of Known / Suspected / Unknown Accused: Unk",PHONE
"uresh Yadav; Address: 425 Green Park Extension, Jaipur Phone: 9114460253 7. Details of Known / Suspected / Unknown Accused: Unk",PHONE
"n Kumar; Address: 180 Industrial Area Phase 2, Lucknow Phone: 9485504568 7. Details of Known / Suspected / Unknown Accused: Unk",PHONE
"Name: Pooja Sharma; Address: 32 City Center, Bengaluru Phone: 9219771934 7. Details of Known / Suspected / Unknown Accused: Unk",PHONE
"Rahul Singh; Address: 308 Sector 10 Market, Delhi NCR Phone: 9490273771 7. Details of Known / Suspected / Unknown Accused: Unk",PHONE
"Name: Riya Gupta; Address: 401 Nehru Nagar, Delhi NCR Phone: 9271358225 7. Details of Known / Suspected / Unknown Accused: Unk",PHONE
"r Name: Aarav Patel; Address: 425 Nehru Nagar, Lucknow Phone: 9013482202 7. Details of Known / Suspected / Unknown Accused: Unk",PHONE
"e: Rahul Kapoor; Address: 433 Sector 10 Market, Mumbai Phone: 9703036887 7. Details of Known / Suspected / Unknown Accused: Unk",PHONE
"er Name: Manoj Mishra; Address: 220 Railway Road, Pune Phone: 9765791910 7. Details of Known / Suspected / Unknown Accused: Unk",PHONE
"me: Aarav Patel; Address: 305 Main Parking Lot, Mumbai Phone: 9713048356 7. Details of Known / Suspected / Unknown Accused: Unk",PHONE
"arav Joshi; Address: 177 Old Market Complex, Delhi NCR Phone: 9207004330 7. Details of Known / Suspected / Unknown Accused: Unk",PHONE
": Nitin Kapoor; Address: 444 Bus Stand Road, Delhi NCR Phone: 9204789170 7. Details of Known / Suspected / Unknown Accused: Unk",PHONE
"e: Rahul Malhotra; Address: 277 Main Parking Lot, Pune Phone: 9821540515 7. Details of Known / Suspected / Unknown Accused: Unk",PHONE
"oj Kumar; Address: 497 Industrial Area Phase 2, Jaipur Phone: 9436659415 7. Details of Known / Suspected / Unknown Accused: Unk",PHONE
"ther Name: Neha Singh; Address: 476 MG Road, Delhi NCR Phone: 9276374409 7. Details of Known / Suspected / Unknown Accused: Unk",PHONE
"r Name: Aditya Kapoor; Address: 402 MG Road, Bengaluru Phone: 9249460087 7. Details of Known / Suspected / Unknown Accused: Unk",PHONE
"ther Name: Neha Rao; Address: 2 Nehru Nagar, Bengaluru Phone: 9330958903 7. Details of Known / Suspected / Unknown Accused: Unk",PHONE
"tya Singh; Address: 42 Industrial Area Phase 2, Jaipur Phone: 9815335474 7. Details of Known / Suspected / Unknown Accused: Unk",PHONE
"me: Priya Joshi; Address: 146 Main Parking Lot, Jaipur Phone: 9998811330 7. Details of Known / Suspected / Unknown Accused: Unk",PHONE
"Name: Aditya Patel; Address: 30 Railway Road, Lucknow Phone: 9561695122 7. Details of Known / Suspected / Unknown Accused: Unk",PHONE
"anoj Joshi; Address: 372 Old Market Complex, Delhi NCR Phone: 9808290963 7. Details of Known / Suspected / Unknown Accused: Unk",PHONE
": Nitin Gupta; Address: 67 Sector 10 Market, Bengaluru Phone: 9265960008 7. Details of Known / Suspected / Unknown Accused: Unk",PHONE
"me: Priya Gupta; Address: 297 Sector 10 Market, Mumbai Phone: 9459495122 7. Details of Known / Suspected / Unknown Accused: Unk",PHONE
"e: Manoj Malhotra; Address: 86 Bus Stand Road, Lucknow Phone: 9724514233 7. Details of Known / Suspected / Unknown Accused: Unk",PHONE
": Suresh Bansal; Address: 410 Sector 10 Market, Mumbai Phone: 9987428405 7. Details of Known / Suspected / Unknown Accused: Unk",PHONE
"Name: Aarav Bansal; Address: 380 Railway Road, Lucknow Phone: 9106645626 7. Details of Known / Suspected / Unknown Accused: Unk",PHONE
"Meera Bansal; Address: 220 Main Parking Lot, Bengaluru Phone: 9936313322 7. Details of Known / Suspected / Unknown Accused: Unk",PHONE
"r Name: Aditya Singh; Address: 253 City Center, Jaipur Phone: 9899819569 7. Details of Known / Suspected / Unknown Accused: Unk",PHONE
"e: Arjun Bansal; Address: 14 Bus Stand Road, Bengaluru Phone: 9735834181 7. Details of Known / Suspected / Unknown Accused: Unk",PHONE
"ame: Riya Kumar; Address: 422 Sector 10 Market, Jaipur Phone: 9722445928 7. Details of Known / Suspected / Unknown Accused: Unk",PHONE
"Gupta; Address: 27 Industrial Area Phase 2, Bengaluru Phone: 9787695801 7. Details of Known / Suspected / Unknown Accused: Unk",PHONE
"me: Pooja Patel; Address: 5 Old Market Complex, Jaipur Phone: 9981778160 7. Details of Known / Suspected / Unknown Accused: Unk",PHONE
"her Name: Rahul Mishra; Address: 359 City Center, Pune Phone: 9478441270 7. Details of Known / Suspected / Unknown Accused: Unk",PHONE
"eha Mishra; Address: 352 Old Market Complex, Delhi NCR Phone: 9198315699 7. Details of Known / Suspected / Unknown Accused: Unk",PHONE
"l Kapoor; Address: 401 Green Park Extension, Delhi NCR Phone: 9593928531 7. Details of Known / Suspected / Unknown Accused: Unk",PHONE
"oja Malhotra; Address: 172 Sector 10 Market, Delhi NCR Phone: 9923213846 7. Details of Known / Suspected / Unknown Accused: Unk",PHONE
"am Patel; Address: 465 Industrial Area Phase 2, Mumbai Phone: 9271734377 7. Details of Known / Suspected / Unknown Accused: Unk",PHONE
"r Name: Nitin Kumar; Address: 301 Railway Road, Mumbai Phone: 9296224754 7. Details of Known / Suspected / Unknown Accused: Unk",PHONE
"Name: Aditya Kumar; Address: 94 Railway Road, Lucknow Phone: 9612563707 7. Details of Known / Suspected / Unknown Accused: Unk",PHONE
"Mehta; Address: 296 Industrial Area Phase 2, Delhi NCR Phone: 9560538063 7. Details of Known / Suspected / Unknown Accused: Unk",PHONE
"riya Bansal; Address: 293 Green Park Extension, Jaipur Phone: 9348868256 7. Details of Known / Suspected / Unknown Accused: Unk",PHONE
": Neha Patel; Address: 167 Sector 10 Market, Bengaluru Phone: 9825453283 7. Details of Known / Suspected / Unknown Accused: Unk",PHONE
Vehicle registration DL01AB1234,VEHICLE
Motorcycle DL01AB1234 was seen,VEHICLE
Vehicle No: UP16CA7788,VEHICLE
d cap. 8. Property: Wallet Serial No: SN-2N728SALYPCK; Vehicle involved: UP71PA6613 9. Brief Facts: The complainant reported a suspicious,VEHICLE
. 8. Property: Smart Watch Serial No: SN-MVB3ZERK1ZE6; Vehicle involved: MH77PQ7192 9. Brief Facts: The complainant reported a suspicious,VEHICLE
mask. 8. Property: Tablet Serial No: SN-QT9SE1P6RMQT; Vehicle involved: MH17SA2644 9. Brief Facts: The complainant reported a suspicious,VEHICLE
cap. 8. Property: Backpack Serial No: SN-ARXQ3YASM1B4; Vehicle involved: MH41PU5235 9. Brief Facts: The complainant reported a suspicious,VEHICLE
. 8. Property: Smart Watch Serial No: SN-3P5OG0QPVWUA; Vehicle involved: KA88SX6944 9. Brief Facts: The complainant reported a suspicious,VEHICLE
d cap. 8. Property: Wallet Serial No: SN-ON7N8IVUZBIH; Vehicle involved: MH18JG7556 9. Brief Facts: The complainant reported a suspicious,VEHICLE
p. 8. Property: Hard Drive Serial No: SN-YUPJVTGVVNNW; Vehicle involved: DL90AX8011 9. Brief Facts: The complainant reported a suspicious,VEHICLE
elmet. 8. Property: Tablet Serial No: SN-Q5FIBEGUZMMW; Vehicle involved: DL61JN9918 9. Brief Facts: The complainant reported a suspicious,VEHICLE
mask. 8. Property: Laptop Serial No: SN-K3YXEEAYTI3N; Vehicle involved: RJ31IX1405 9. Brief Facts: The complainant reported a suspicious,VEHICLE
k. 8. Property: Hard Drive Serial No: SN-PJARKOY6HMBJ; Vehicle involved: DL80XA5856 9. Brief Facts: The complainant reported a suspicious,VEHICLE
mask. 8. Property: Tablet Serial No: SN-U3ZBAB7M1WQE; Vehicle involved: DL63AW6913 9. Brief Facts: The complainant reported a suspicious,VEHICLE
ask. 8. Property: Backpack Serial No: SN-61OCH42LMXSE; Vehicle involved: DL44WA4706 9. Brief Facts: The complainant reported a suspicious,VEHICLE
ask. 8. Property: Backpack Serial No: SN-X7J8O3PDNWVT; Vehicle involved: DL83CQ2665 9. Brief Facts: The complainant reported a suspicious,VEHICLE
p. 8. Property: Hard Drive Serial No: SN-U2NUSS9G71DB; Vehicle involved: MH18PL5232 9. Brief Facts: The complainant reported a suspicious,VEHICLE
. 8. Property: Smart Watch Serial No: SN-1VORXX15EGS3; Vehicle involved: DL65WG1560 9. Brief Facts: The complainant reported a suspicious,VEHICLE
d cap. 8. Property: Tablet Serial No: SN-RZBNWUTV91OT; Vehicle involved: DL85YH7737 9. Brief Facts: The complainant reported a suspicious,VEHICLE
elmet. 8. Property: Camera Serial No: SN-FJUNCQZ2QC6H; Vehicle involved: MH07CL8285 9. Brief Facts: The complainant reported a suspicious,VEHICLE
mask. 8. Property: Camera Serial No: SN-K9YXFC7GHBJM; Vehicle involved: DL66MB2942 9. Brief Facts: The complainant reported a suspicious,VEHICLE
mask. 8. Property: Tablet Serial No: SN-JKNH1536FOMJ; Vehicle involved: MH91XW3599 9. Brief Facts: The complainant reported a suspicious,VEHICLE
elmet. 8. Property: Tablet Serial No: SN-2TFK8W2XEM4W; Vehicle involved: MH80NX4661 9. Brief Facts: The complainant reported a suspicious,VEHICLE
mask. 8. Property: Wallet Serial No: SN-3S5M0KM7NPZF; Vehicle involved: RJ89DA5907 9. Brief Facts: The complainant reported a suspicious,VEHICLE
mask. 8. Property: Laptop Serial No: SN-Y5P9UOV0PP8B; Vehicle involved: UP33MA9203 9. Brief Facts: The complainant reported a suspicious,VEHICLE
mask. 8. Property: Wallet Serial No: SN-MR1QUHXKFRU6; Vehicle involved: KA39NT3295 9. Brief Facts: The complainant reported a suspicious,VEHICLE
t. 8. Property: Hard Drive Serial No: SN-SDK13HSYU4TV; Vehicle involved: RJ66NT2504 9. Brief Facts: The complainant reported a suspicious,VEHICLE
mask. 8. Property: Laptop Serial No: SN-GA4SQGN16KK0; Vehicle involved: RJ75DJ1701 9. Brief Facts: The complainant reported a suspicious,VEHICLE
8. Property: Mobile Phone Serial No: SN-SVWZOF5EERN5; Vehicle involved: UP72QS9611 9. Brief Facts: The complainant reported a suspicious,VEHICLE
elmet. 8. Property: Tablet Serial No: SN-96JS0WJ3T7YV; Vehicle involved: DL60FZ9443 9. Brief Facts: The complainant reported a suspicious,VEHICLE
cap. 8. Property: Backpack Serial No: SN-5NYIBFB8BGPQ; Vehicle involved: RJ89WM1622 9. Brief Facts: The complainant reported a suspicious,VEHICLE
d cap. 8. Property: Tablet Serial No: SN-SWJMH6JEZ355; Vehicle involved: RJ42ZU6395 9. Brief Facts: The complainant reported a suspicious,VEHICLE
ask. 8. Property: Backpack Serial No: SN-6VX9SKPC8FLR; Vehicle involved: DL73LX2417 9. Brief Facts: The complainant reported a suspicious,VEHICLE
8. Property: Mobile Phone Serial No: SN-V95W0XI4M4D2; Vehicle involved: DL82AP1163 9. Brief Facts: The complainant reported a suspicious,VEHICLE
. 8. Property: Smart Watch Serial No: SN-J2VBJZU2MQIK; Vehicle involved: KA88KA8652 9. Brief Facts: The complainant reported a suspicious,VEHICLE
elmet. 8. Property: Tablet Serial No: SN-W7XZUVMMCCYA; Vehicle involved: MH39RH9047 9. Brief Facts: The complainant reported a suspicious,VEHICLE
ask. 8. Property: Backpack Serial No: SN-VHBUQOC4I9D3; Vehicle involved: RJ75RG3149 9. Brief Facts: The complainant reported a suspicious,VEHICLE
mask. 8. Property: Laptop Serial No: SN-TW3SVUE2QDRE; Vehicle involved: KA86XD8787 9. Brief Facts: The complainant reported a suspicious,VEHICLE
. 8. Property: Smart Watch Serial No: SN-AFZDNAPKETIX; Vehicle involved: DL74LK2013 9. Brief Facts: The complainant reported a suspicious,VEHICLE
elmet. 8. Property: Laptop Serial No: SN-H07KMHLLNGHY; Vehicle involved: MH58UV8994 9. Brief Facts: The complainant reported a suspicious,VEHICLE
elmet. 8. Property: Laptop Serial No: SN-7ZCF3LMBND13; Vehicle involved: DL99JT4245 9. Brief Facts: The complainant reported a suspicious,VEHICLE
d cap. 8. Property: Laptop Serial No: SN-RS1NPJURA4D7; Vehicle involved: MH34FH3615 9. Brief Facts: The complainant reported a suspicious,VEHICLE
d cap. 8. Property: Tablet Serial No: SN-GQM8D25G5TOF; Vehicle involved: MH99HG7763 9. Brief Facts: The complainant reported a suspicious,VEHICLE
d cap. 8. Property: Laptop Serial No: SN-LLC15CO7L7YQ; Vehicle involved: KA54RT3420 9. Brief Facts: The complainant reported a suspicious,VEHICLE
cap. 8. Property: Backpack Serial No: SN-OPPM8VVCM8E5; Vehicle involved: KA75KA6839 9. Brief Facts: The complainant reported a suspicious,VEHICLE
d cap. 8. Property: Laptop Serial No: SN-F9QCZID62MLR; Vehicle involved: UP48VV3728 9. Brief Facts: The complainant reported a suspicious,VEHICLE
elmet. 8. Property: Camera Serial No: SN-WTOUHC3SQZGM; Vehicle involved: KA77JO1819 9. Brief Facts: The complainant reported a suspicious,VEHICLE
d cap. 8. Property: Tablet Serial No: SN-LVQAQMXWI61X; Vehicle involved: MH45MR1362 9. Brief Facts: The complainant reported a suspicious,VEHICLE
. 8. Property: Smart Watch Serial No: SN-O3N588ZNTHBB; Vehicle involved: MH82WN9196 9. Brief Facts: The complainant reported a suspicious,VEHICLE
d cap. 8. Property: Camera Serial No: SN-AXYFC1X06RWD; Vehicle involved: UP62LC9514 9. Brief Facts: The complainant reported a suspicious,VEHICLE
mask. 8. Property: Wallet Serial No: SN-V7MHNPHEQF32; Vehicle involved: DL13CV9498 9. Brief Facts: The complainant reported a suspicious,VEHICLE
. 8. Property: Smart Watch Serial No: SN-G43KXC5NTSHJ; Vehicle involved: RJ27EP1692 9. Brief Facts: The complainant reported a suspicious,VEHICLE
cap. 8. Property: Backpack Serial No: SN-AC1PKTNUOMGF; Vehicle involved: DL83XU2283 9. Brief Facts: The complainant reported a suspicious,VEHICLE
8. Property: Mobile Phone Serial No: SN-29UU2R1SJ57R; Vehicle involved: UP55CY1346 9. Brief Facts: The complainant reported a suspicious,VEHICLE
elmet. 8. Property: Tablet Serial No: SN-MWTIIUSL2QPQ; Vehicle involved: KA68MK2666 9. Brief Facts: The complainant reported a suspicious,VEHICLE
mask. 8. Property: Laptop Serial No: SN-HN5O6US3MV0A; Vehicle involved: UP21NS5369 9. Brief Facts: The complainant reported a suspicious,VEHICLE
cap. 8. Property: Backpack Serial No: SN-1S8MFE2HFSKL; Vehicle involved: DL23WN2052 9. Brief Facts: The complainant reported a suspicious,VEHICLE
d cap. 8. Property: Laptop Serial No: SN-G4TQ1LMZDC3Y; Vehicle involved: MH63WN5077 9. Brief Facts: The complainant reported a suspicious,VEHICLE
elmet. 8. Property: Tablet Serial No: SN-SBQRUT3580A3; Vehicle involved: DL09TL5914 9. Brief Facts: The complainant reported a suspicious,VEHICLE
t. 8. Property: Hard Drive Serial No: SN-HWK2J9HZHNVV; Vehicle involved: MH14IH4975 9. Brief Facts: The complainant reported a suspicious,VEHICLE
. 8. Property: Smart Watch Serial No: SN-5FYEXQXWRC24; Vehicle involved: UP41QB7743 9. Brief Facts: The complainant reported a suspicious,VEHICLE
d cap. 8. Property: Wallet Serial No: SN-8EWTXE6PXM3P; Vehicle involved: DL01EV8198 9. Brief Facts: The complainant reported a suspicious,VEHICLE
8. Property: Mobile Phone Serial No: SN-04G6KNNJ2YKG; Vehicle involved: KA32KH1063 9. Brief Facts: The complainant reported a suspicious,VEHICLE
elmet. 8. Property: Wallet Serial No: SN-2CI852G6OZXC; Vehicle involved: KA34TS9943 9. Brief Facts: The complainant reported a suspicious,VEHICLE
8. Property: Mobile Phone Serial No: SN-WY7QPZYLWVUV; Vehicle involved: RJ22VE8521 9. Brief Facts: The complainant reported a suspicious,VEHICLE
k. 8. Property: Hard Drive Serial No: SN-OBXXZFWM6M31; Vehicle involved: RJ88GB5903 9. Brief Facts: The complainant reported a suspicious,VEHICLE
elmet. 8. Property: Camera Serial No: SN-XN8KK9HM68U2; Vehicle involved: MH50FZ8494 9. Brief Facts: The complainant reported a suspicious,VEHICLE
t. 8. Property: Hard Drive Serial No: SN-Q9JD4AYGLK7C; Vehicle involved: UP79QV2465 9. Brief Facts: The complainant reported a suspicious,VEHICLE
mask. 8. Property: Laptop Serial No: SN-M1Q867JHJ5XN; Vehicle involved: KA70HZ3141 9. Brief Facts: The complainant reported a suspicious,VEHICLE
8. Property: Mobile Phone Serial No: SN-PAG0POHKVCEF; Vehicle involved: UP65WJ9676 9. Brief Facts: The complainant reported a suspicious,VEHICLE
d cap. 8. Property: Camera Serial No: SN-09K5NDKZ1WI7; Vehicle involved: DL46ZS5109 9. Brief Facts: The complainant reported a suspicious,VEHICLE
met. 8. Property: Backpack Serial No: SN-IET7ZYI4K5FB; Vehicle involved: RJ71PL7638 9. Brief Facts: The complainant reported a suspicious,VEHICLE
8. Property: Mobile Phone Serial No: SN-4NS2LZKJF2NB; Vehicle involved: KA73SA2640 9. Brief Facts: The complainant reported a suspicious,VEHICLE
cap. 8. Property: Backpack Serial No: SN-5D2EI0HF7X88; Vehicle involved: MH77ER7731 9. Brief Facts: The complainant reported a suspicious,VEHICLE
mask. 8. Property: Camera Serial No: SN-ZDAGWAEHHVTP; Vehicle involved: MH31DZ3854 9. Brief Facts: The complainant reported a suspicious,VEHICLE
mask. 8. Property: Tablet Serial No: SN-ITTA70H2GQ30; Vehicle involved: UP32UK6427 9. Brief Facts: The complainant reported a suspicious,VEHICLE
ask. 8. Property: Backpack Serial No: SN-E9PZSUZW2O6H; Vehicle involved: UP51RH8808 9. Brief Facts: The complainant reported a suspicious,VEHICLE
d cap. 8. Property: Tablet Serial No: SN-1LB3IQALH66K; Vehicle involved: UP14XM3888 9. Brief Facts: The complainant reported a suspicious,VEHICLE
8. Property: Mobile Phone Serial No: SN-KHNEYDZ3LH09; Vehicle involved: KA76XJ3390 9. Brief Facts: The complainant reported a suspicious,VEHICLE
mask. 8. Property: Camera Serial No: SN-OYV2UHBQF9DG; Vehicle involved: KA08KO4407 9. Brief Facts: The complainant reported a suspicious,VEHICLE
mask. 8. Property: Camera Serial No: SN-1WASRSSCNXFT; Vehicle involved: DL38PZ6552 9. Brief Facts: The complainant reported a suspicious,VEHICLE
mask. 8. Property: Laptop Serial No: SN-N7LOJJ148HUV; Vehicle involved: RJ90WA3172 9. Brief Facts: The complainant reported a suspicious,VEHICLE
. 8. Property: Smart Watch Serial No: SN-Q785P5PBMX0A; Vehicle involved: KA91VN9304 9. Brief Facts: The complainant reported a suspicious,VEHICLE
k. 8. Property: Hard Drive Serial No: SN-0YY675BZ9W2M; Vehicle involved: KA18NJ8623 9. Brief Facts: The complainant reported a suspicious,VEHICLE
elmet. 8. Property: Camera Serial No: SN-QSYPDEN9PNC5; Vehicle involved: MH11VV7342 9. Brief Facts: The complainant reported a suspicious,VEHICLE
. 8. Property: Smart Watch Serial No: SN-F2LASN48UQEP; Vehicle involved: MH10YK7676 9. Brief Facts: The complainant reported a suspicious,VEHICLE
8. Property: Mobile Phone Serial No: SN-KLQXF3T7046Y; Vehicle involved: UP57CQ2156 9. Brief Facts: The complainant reported a suspicious,VEHICLE
mask. 8. Property: Wallet Serial No: SN-6BODEVWOZHLO; Vehicle involved: MH04QF4918 9. Brief Facts: The complainant reported a suspicious,VEHICLE
k. 8. Property: Hard Drive Serial No: SN-VI3RBV55LXGQ; Vehicle involved: MH95FR3974 9. Brief Facts: The complainant reported a suspicious,VEHICLE
8. Property: Mobile Phone Serial No: SN-0SFUPEXM7TCL; Vehicle involved: RJ35HI5775 9. Brief Facts: The complainant reported a suspicious,VEHICLE
elmet. 8. Property: Tablet Serial No: SN-XJSQD45AIHUG; Vehicle involved: RJ20FP2701 9. Brief Facts: The complainant reported a suspicious,VEHICLE
mask. 8. Property: Wallet Serial No: SN-46T1TBQ74Y9H; Vehicle involved: MH05JO6239 9. Brief Facts: The complainant reported a suspicious,VEHICLE
d cap. 8. Property: Camera Serial No: SN-069I4EZRY3DC; Vehicle involved: KA95MH7396 9. Brief Facts: The complainant reported a suspicious,VEHICLE
. 8. Property: Smart Watch Serial No: SN-2K29KKIZNR26; Vehicle involved: MH66GS2605 9. Brief Facts: The complainant reported a suspicious,VEHICLE
mask. 8. Property: Tablet Serial No: SN-GNXQPL2Q3LDY; Vehicle involved: RJ07MU6901 9. Brief Facts: The complainant reported a suspicious,VEHICLE
. 8. Property: Smart Watch Serial No: SN-VMNODBNUDYYF; Vehicle involved: MH52FN4661 9. Brief Facts: The complainant reported a suspicious,VEHICLE
elmet. 8. Property: Tablet Serial No: SN-1KX8UCZ02J1S; Vehicle involved: KA05AM2085 9. Brief Facts: The complainant reported a suspicious,VEHICLE
8. Property: Mobile Phone Serial No: SN-87FBODTIQ9HK; Vehicle involved: KA09QQ2907 9. Brief Facts: The complainant reported a suspicious,VEHICLE
p. 8. Property: Hard Drive Serial No: SN-66FHAOPWIC8G; Vehicle involved: KA92GP1388 9. Brief Facts: The complainant reported a suspicious,VEHICLE
8. Property: Mobile Phone Serial No: SN-ZP1KDUZ4A2GL; Vehicle involved: KA38ZO6473 9. Brief Facts: The complainant reported a suspicious,VEHICLE
mask. 8. Property: Wallet Serial No: SN-TF0BG8FL8ZWP; Vehicle involved: UP20SK2506 9. Brief Facts: The complainant reported a suspicious,VEHICLE
8. Property: Mobile Phone Serial No: SN-MES4P1DZP9QU; Vehicle involved: DL97JE7569 9. Brief Facts: The complainant reported a suspicious,VEHICLE
elmet. 8. Property: Tablet Serial No: SN-JTWHR34H8BNK; Vehicle involved: KA07JQ7335 9. Brief Facts: The complainant reported a suspicious,VEHICLE
p. 8. Property: Hard Drive Serial No: SN-FD56G6LL6NH0; Vehicle involved: DL35HI5549 9. Brief Facts: The complainant reported a suspicious,VEHICLE
met. 8. Property: Backpack Serial No: SN-MZX6AZIQS056; Vehicle involved: KA45JA6762 9. Brief Facts: The complainant reported a suspicious,VEHICLE
elmet. 8. Property: Laptop Serial No: SN-VPSITE9EENJ0; Vehicle involved: KA91WN2051 9. Brief Facts: The complainant reported a suspicious,VEHICLE
elmet. 8. Property: Laptop Serial No: SN-B10OOUSR2OHK; Vehicle involved: KA08OR5170 9. Brief Facts: The complainant reported a suspicious,VEHICLE
d cap. 8. Property: Wallet Serial No: SN-HI2S64AEQVGJ; Vehicle involved: KA90RV5370 9. Brief Facts: The complainant reported a suspicious,VEHICLE
elmet. 8. Property: Laptop Serial No: SN-2I64GG3KLOSZ; Vehicle involved: UP90DN8614 9. Brief Facts: The complainant reported a suspicious,VEHICLE
mask. 8. Property: Camera Serial No: SN-BKXJAIEG49M9; Vehicle involved: UP55JL9537 9. Brief Facts: The complainant reported a suspicious,VEHICLE
mask. 8. Property: Laptop Serial No: SN-1M3MP2MSNAHL; Vehicle involved: MH43AB5042 9. Brief Facts: The complainant reported a suspicious,VEHICLE
cap. 8. Property: Backpack Serial No: SN-0QXV6WT8Q4QO; Vehicle involved: MH70FI1950 9. Brief Facts: The complainant reported a suspicious,VEHICLE
d cap. 8. Property: Tablet Serial No: SN-CBQ1DLLAK4H5; Vehicle involved: UP58RB3377 9. Brief Facts: The complainant reported a suspicious,VEHICLE
elmet. 8. Property: Wallet Serial No: SN-YS2DUSUZ4RIO; Vehicle involved: KA25MH4960 9. Brief Facts: The complainant reported a suspicious,VEHICLE
elmet. 8. Property: Wallet Serial No: SN-IMS4SCE2C4J9; Vehicle involved: MH71AV7224 9. Brief Facts: The complainant reported a suspicious,VEHICLE
d cap. 8. Property: Tablet Serial No: SN-2G4M9WZYQ40Z; Vehicle involved: DL74QU9514 9. Brief Facts: The complainant reported a suspicious,VEHICLE
elmet. 8. Property: Tablet Serial No: SN-8W28I0RB4A0D; Vehicle involved: DL83YJ2590 9. Brief Facts: The complainant reported a suspicious,VEHICLE
k. 8. Property: Hard Drive Serial No: SN-6MIX60D6MYM5; Vehicle involved: UP36CB5049 9. Brief Facts: The complainant reported a suspicious,VEHICLE
8. Property: Mobile Phone Serial No: SN-C1WFNM1JOC2T; Vehicle involved: MH92XY2833 9. Brief Facts: The complainant reported a suspicious,VEHICLE
elmet. 8. Property: Tablet Serial No: SN-7M4WQF7STLHC; Vehicle involved: RJ56US9511 9. Brief Facts: The complainant reported a suspicious,VEHICLE
d cap. 8. Property: Laptop Serial No: SN-9IAWH0U9MD96; Vehicle involved: RJ45BI7910 9. Brief Facts: The complainant reported a suspicious,VEHICLE
8. Property: Mobile Phone Serial No: SN-4714ZJ2LHWBW; Vehicle involved: RJ14RD9935 9. Brief Facts: The complainant reported a suspicious,VEHICLE
mask. 8. Property: Laptop Serial No: SN-C13ZU4276HHP; Vehicle involved: DL40NI6881 9. Brief Facts: The complainant reported a suspicious,VEHICLE
. 8. Property: Smart Watch Serial No: SN-YMURTQ7210ZJ; Vehicle involved: UP79YT9780 9. Brief Facts: The complainant reported a suspicious,VEHICLE
elmet. 8. Property: Tablet Serial No: SN-0ERQDR7ZLTVN; Vehicle involved: UP99BF6787 9. Brief Facts: The complainant reported a suspicious,VEHICLE
elmet. 8. Property: Laptop Serial No: SN-G7JHLWOR2VH3; Vehicle involved: UP35UN8103 9. Brief Facts: The complainant reported a suspicious,VEHICLE
. 8. Property: Smart Watch Serial No: SN-17OYJY45QS3X; Vehicle involved: DL67TZ9237 9. Brief Facts: The complainant reported a suspicious,VEHICLE
. 8. Property: Smart Watch Serial No: SN-V9YCZULW74XO; Vehicle involved: MH36GX7379 9. Brief Facts: The complainant reported a suspicious,VEHICLE
mask. 8. Property: Wallet Serial No: SN-GQO6QKW3TKVU; Vehicle involved: RJ20HF1139 9. Brief Facts: The complainant reported a suspicious,VEHICLE
elmet. 8. Property: Camera Serial No: SN-FU1NX1B4SOK8; Vehicle involved: UP71LN3907 9. Brief Facts: The complainant reported a suspicious,VEHICLE
d cap. 8. Property: Wallet Serial No: SN-6DW05IHDZ0CV; Vehicle involved: KA76UE3190 9. Brief Facts: The complainant reported a suspicious,VEHICLE
8. Property: Mobile Phone Serial No: SN-BL9XCALI2C2F; Vehicle involved: RJ98FF2697 9. Brief Facts: The complainant reported a suspicious,VEHICLE
d cap. 8. Property: Camera Serial No: SN-4YJXUXGKWA5K; Vehicle involved: RJ47QE2623 9. Brief Facts: The complainant reported a suspicious,VEHICLE
elmet. 8. Property: Tablet Serial No: SN-LM4824T4GAVS; Vehicle involved: DL73PQ3837 9. Brief Facts: The complainant reported a suspicious,VEHICLE
mask. 8. Property: Tablet Serial No: SN-DGLIX7Q3UDI8; Vehicle involved: RJ65VI5443 9. Brief Facts: The complainant reported a suspicious,VEHICLE
mask. 8. Property: Tablet Serial No: SN-C65P8G4U81LC; Vehicle involved: MH48DM9466 9. Brief Facts: The complainant reported a suspicious,VEHICLE
mask. 8. Property: Laptop Serial No: SN-1VVO2LSWONJ7; Vehicle involved: UP06IZ5657 9. Brief Facts: The complainant reported a suspicious,VEHICLE
ask. 8. Property: Backpack Serial No: SN-RN1HVL0ZF7IO; Vehicle involved: UP88IE3486 9. Brief Facts: The complainant reported a suspicious,VEHICLE
p. 8. Property: Hard Drive Serial No: SN-8BZ7FFL2THZP; Vehicle involved: RJ48SW5987 9. Brief Facts: The complainant reported a suspicious,VEHICLE
ask. 8. Property: Backpack Serial No: SN-MVIGITL3QXPN; Vehicle involved: UP89UG9551 9. Brief Facts: The complainant reported a suspicious,VEHICLE
d cap. 8. Property: Tablet Serial No: SN-83RZ5GZHV7ZB; Vehicle involved: DL83HG9387 9. Brief Facts: The complainant reported a suspicious,VEHICLE
mask. 8. Property: Wallet Serial No: SN-QD5WGH3BU1K4; Vehicle involved: MH37TU3957 9. Brief Facts: The complainant reported a suspicious,VEHICLE
d cap. 8. Property: Laptop Serial No: SN-UPCCYJOX5PH4; Vehicle involved: DL47KV4205 9. Brief Facts: The complainant reported a suspicious,VEHICLE
. 8. Property: Smart Watch Serial No: SN-93ASXCT35CDE; Vehicle involved: DL02RJ4216 9. Brief Facts: The complainant reported a suspicious,VEHICLE
8. Property: Mobile Phone Serial No: SN-2Q7XBH5U5VUA; Vehicle involved: MH33RX8092 9. Brief Facts: The complainant reported a suspicious,VEHICLE
mask. 8. Property: Laptop Serial No: SN-QX4956R2OYEG; Vehicle involved: RJ77IG7817 9. Brief Facts: The complainant reported a suspicious,VEHICLE
mask. 8. Property: Camera Serial No: SN-T7I66DE18402; Vehicle involved: KA63AG7659 9. Brief Facts: The complainant reported a suspicious,VEHICLE
. 8. Property: Smart Watch Serial No: SN-QVNH2R243OQO; Vehicle involved: MH03AP2642 9. Brief Facts: The complainant reported a suspicious,VEHICLE
. 8. Property: Smart Watch Serial No: SN-UVJ59VK3LW33; Vehicle involved: MH57UJ7243 9. Brief Facts: The complainant reported a suspicious,VEHICLE
. 8. Property: Smart Watch Serial No: SN-ECDDO5A51R4M; Vehicle involved: MH64NY1789 9. Brief Facts: The complainant reported a suspicious,VEHICLE
8. Property: Mobile Phone Serial No: SN-FMW20VC808OG; Vehicle involved: MH69LS7824 9. Brief Facts: The complainant reported a suspicious,VEHICLE
mask. 8. Property: Camera Serial No: SN-WZ9QC722EJCJ; Vehicle involved: UP08WK3607 9. Brief Facts: The complainant reported a suspicious,VEHICLE
elmet. 8. Property: Wallet Serial No: SN-U42XEOLSCB3I; Vehicle involved: MH73ND8943 9. Brief Facts: The complainant reported a suspicious,VEHICLE
8. Property: Mobile Phone Serial No: SN-XSXVZNRHEMMS; Vehicle involved: MH03FN6783 9. Brief Facts: The complainant reported a suspicious,VEHICLE
. 8. Property: Smart Watch Serial No: SN-UHHEPRYQF0CY; Vehicle involved: DL90OQ7333 9. Brief Facts: The complainant reported a suspicious,VEHICLE
mask. 8. Property: Tablet Serial No: SN-I179REZ5QFGD; Vehicle involved: DL26ZQ4072 9. Brief Facts: The complainant reported a suspicious,VEHICLE
mask. 8. Property: Wallet Serial No: SN-ZVF8GYNUZJZV; Vehicle involved: UP41FK7993 9. Brief Facts: The complainant reported a suspicious,VEHICLE
elmet. 8. Property: Wallet Serial No: SN-UHWD83AMM9V6; Vehicle involved: RJ65HE7117 9. Brief Facts: The complainant reported a suspicious,VEHICLE
t. 8. Property: Hard Drive Serial No: SN-48TNC8PJFTOR; Vehicle involved: DL98MM8836 9. Brief Facts: The complainant reported a suspicious,VEHICLE
elmet. 8. Property: Tablet Serial No: SN-UOIRSE2F6HJV; Vehicle involved: MH19LU1606 9. Brief Facts: The complainant reported a suspicious,VEHICLE
8. Property: Mobile Phone Serial No: SN-L1U5IOZ6P27T; Vehicle involved: MH06RI5211 9. Brief Facts: The complainant reported a suspicious,VEHICLE
mask. 8. Property: Tablet Serial No: SN-PBHZK37UDIVH; Vehicle involved: UP22IJ6537 9. Brief Facts: The complainant reported a suspicious,VEHICLE
mask. 8. Property: Camera Serial No: SN-0MHDYQM1J19P; Vehicle involved: KA47NI2751 9. Brief Facts: The complainant reported a suspicious,VEHICLE
cap. 8. Property: Backpack Serial No: SN-QHF71VN45SP9; Vehicle involved: KA81CQ3303 9. Brief Facts: The complainant reported a suspicious,VEHICLE
. 8. Property: Smart Watch Serial No: SN-I3XKIKTBKM60; Vehicle involved: MH64XJ4609 9. Brief Facts: The complainant reported a suspicious,VEHICLE
elmet. 8. Property: Camera Serial No: SN-I16A0AW38E60; Vehicle involved: UP50MH7662 9. Brief Facts: The complainant reported a suspicious,VEHICLE
d cap. 8. Property: Tablet Serial No: SN-XB3CPL94PA31; Vehicle involved: UP57MN9563 9. Brief Facts: The complainant reported a suspicious,VEHICLE
met. 8. Property: Backpack Serial No: SN-98A4P69ME5NN; Vehicle involved: RJ31DI2318 9. Brief Facts: The complainant reported a suspicious,VEHICLE
8. Property: Mobile Phone Serial No: SN-8CBB3PN3CZJ7; Vehicle involved: MH10XI3757 9. Brief Facts: The complainant reported a suspicious,VEHICLE
elmet. 8. Property: Wallet Serial No: SN-L03G18W9YSQL; Vehicle involved: KA26ZF5473 9. Brief Facts: The complainant reported a suspicious,VEHICLE
. 8. Property: Smart Watch Serial No: SN-KV5X69YGZ6DT; Vehicle involved: DL63UY5413 9. Brief Facts: The complainant reported a suspicious,VEHICLE
d cap. 8. Property: Tablet Serial No: SN-55CU9VT9D65Z; Vehicle involved: DL03FB4828 9. Brief Facts: The complainant reported a suspicious,VEHICLE
d cap. 8. Property: Wallet Serial No: SN-WGOKDHEDUNY8; Vehicle involved: MH61EV5877 9. Brief Facts: The complainant reported a suspicious,VEHICLE
elmet. 8. Property: Wallet Serial No: SN-QEYIC2TRC3ZN; Vehicle involved: KA07MJ7619 9. Brief Facts: The complainant reported a suspicious,VEHICLE
. 8. Property: Smart Watch Serial No: SN-RDOLVWT9FWK3; Vehicle involved: MH91YV7904 9. Brief Facts: The complainant reported a suspicious,VEHICLE
d cap. 8. Property: Tablet Serial No: SN-C2S5GWH64ROI; Vehicle involved: UP58RX7876 9. Brief Facts: The complainant reported a suspicious,VEHICLE
k. 8. Property: Hard Drive Serial No: SN-ZDCEMR64G120; Vehicle involved: KA31EV8614 9. Brief Facts: The complainant reported a suspicious,VEHICLE
mask. 8. Property: Wallet Serial No: SN-VZMQ1I7BV0B7; Vehicle involved: UP53YJ2176 9. Brief Facts: The complainant reported a suspicious,VEHICLE
d cap. 8. Property: Tablet Serial No: SN-X170NGYHKWW4; Vehicle involved: KA35GB2859 9. Brief Facts: The complainant reported a suspicious,VEHICLE
8. Property: Mobile Phone Serial No: SN-0TYPWZ58ZVIX; Vehicle involved: DL40GF1585 9. Brief Facts: The complainant reported a suspicious,VEHICLE
t. 8. Property: Hard Drive Serial No: SN-0C57LT6UTI26; Vehicle involved: RJ88CG1671 9. Brief Facts: The complainant reported a suspicious,VEHICLE
elmet. 8. Property: Laptop Serial No: SN-P2F8BLCQ9B7W; Vehicle involved: UP42QT8562 9. Brief Facts: The complainant reported a suspicious,VEHICLE
mask. 8. Property: Tablet Serial No: SN-40WED4JO9V1O; Vehicle involved: MH41LY3599 9. Brief Facts: The complainant reported a suspicious,VEHICLE
mask. 8. Property: Camera Serial No: SN-G174PKMBHG1B; Vehicle involved: RJ42GE4544 9. Brief Facts: The complainant reported a suspicious,VEHICLE
mask. 8. Property: Tablet Serial No: SN-I9QHWC5FCIPJ; Vehicle involved: MH27XZ6615 9. Brief Facts: The complainant reported a suspicious,VEHICLE
mask. 8. Property: Wallet Serial No: SN-NP67SRTXCWMJ; Vehicle involved: KA39BB6402 9. Brief Facts: The complainant reported a suspicious,VEHICLE
d cap. 8. Property: Camera Serial No: SN-T75JHRBV5FJH; Vehicle involved: MH64CM1098 9. Brief Facts: The complainant reported a suspicious,VEHICLE
cap. 8. Property: Backpack Serial No: SN-PLZK0BVERA5J; Vehicle involved: UP52KB3701 9. Brief Facts: The complainant reported a suspicious,VEHICLE
elmet. 8. Property: Wallet Serial No: SN-P0X9GWBF68LW; Vehicle involved: MH29RM1713 9. Brief Facts: The complainant reported a suspicious,VEHICLE
p. 8. Property: Hard Drive Serial No: SN-VEECUUSFVW6A; Vehicle involved: DL31FG7933 9. Brief Facts: The complainant reported a suspicious,VEHICLE
p. 8. Property: Hard Drive Serial No: SN-7RQ1Y9SUD2SD; Vehicle involved: RJ85UY1382 9. Brief Facts: The complainant reported a suspicious,VEHICLE
ask. 8. Property: Backpack Serial No: SN-0RRI0HLTOF6I; Vehicle involved: DL96ZW6999 9. Brief Facts: The complainant reported a suspicious,VEHICLE
d cap. 8. Property: Camera Serial No: SN-30M4OROEXFXM; Vehicle involved: DL35AJ7109 9. Brief Facts: The complainant reported a suspicious,VEHICLE
k. 8. Property: Hard Drive Serial No: SN-UYOD45O9ZDGB; Vehicle involved: KA20DQ4615 9. Brief Facts: The complainant reported a suspicious,VEHICLE
mask. 8. Property: Laptop Serial No: SN-VOTNUO2M98S5; Vehicle involved: UP32BP8046 9. Brief Facts: The complainant reported a suspicious,VEHICLE
k. 8. Property: Hard Drive Serial No: SN-BX49SL06P8AQ; Vehicle involved: KA83QH4943 9. Brief Facts: The complainant reported a suspicious,VEHICLE
elmet. 8. Property: Camera Serial No: SN-0AOFFUT4GX54; Vehicle involved: KA38NT9725 9. Brief Facts: The complainant reported a suspicious,VEHICLE
mask. 8. Property: Camera Serial No: SN-XNTWHL72KGX3; Vehicle involved: DL11LX7803 9. Brief Facts: The complainant reported a suspicious,VEHICLE
mask. 8. Property: Tablet Serial No: SN-B3AZNR0PC9HN; Vehicle involved: DL49SV1291 9. Brief Facts: The complainant reported a suspicious,VEHICLE
8. Property: Mobile Phone Serial No: SN-9E3OYYUWKN8Q; Vehicle involved: RJ52TE9154 9. Brief Facts: The complainant reported a suspicious,VEHICLE
ask. 8. Property: Backpack Serial No: SN-T26Z4MZYYBPB; Vehicle involved: MH18GB3530 9. Brief Facts: The complainant reported a suspicious,VEHICLE
elmet. 8. Property: Camera Serial No: SN-SWUZ4HDEE1BC; Vehicle involved: DL38JM2484 9. Brief Facts: The complainant reported a suspicious,VEHICLE
8. Property: Mobile Phone Serial No: SN-Z6NG8ZD0DNK8; Vehicle involved: KA03DH2559 9. Brief Facts: The complainant reported a suspicious,VEHICLE
t. 8. Property: Hard Drive Serial No: SN-XA236HN0HPHN; Vehicle involved: UP87IV5890 9. Brief Facts: The complainant reported a suspicious,VEHICLE
. 8. Property: Smart Watch Serial No: SN-00SOM2PYUDUV; Vehicle involved: UP22NU8995 9. Brief Facts: The complainant reported a suspicious,VEHICLE
k. 8. Property: Hard Drive Serial No: SN-612FSNGJURWP; Vehicle involved: MH11MH5670 9. Brief Facts: The complainant reported a suspicious,VEHICLE
elmet. 8. Property: Laptop Serial No: SN-RR0QC534CDY7; Vehicle involved: MH02KF9981 9. Brief Facts: The complainant reported a suspicious,VEHICLE
mask. 8. Property: Wallet Serial No: SN-3RTROLXGT1HB; Vehicle involved: KA74IV2614 9. Brief Facts: The complainant reported a suspicious,VEHICLE
8. Property: Mobile Phone Serial No: SN-CL8TZOYHM3MS; Vehicle involved: MH70FJ6081 9. Brief Facts: The complainant reported a suspicious,VEHICLE
met. 8. Property: Backpack Serial No: SN-7UIIU49V6GQA; Vehicle involved: DL04OE5169 9. Brief Facts: The complainant reported a suspicious,VEHICLE
mask. 8. Property: Camera Serial No: SN-QC4JGD32UORF; Vehicle involved: MH14MR2101 9. Brief Facts: The complainant reported a suspicious,VEHICLE
k. 8. Property: Hard Drive Serial No: SN-X1ZJ4CN50Z0W; Vehicle involved: DL99FY9501 9. Brief Facts: The complainant reported a suspicious,VEHICLE
8. Property: Mobile Phone Serial No: SN-9M9KIFH7A1UN; Vehicle involved: DL47GR3286 9. Brief Facts: The complainant reported a suspicious,VEHICLE
8. Property: Mobile Phone Serial No: SN-T2OW80FHJHN2; Vehicle involved: DL64YA2074 9. Brief Facts: The complainant reported a suspicious,VEHICLE
elmet. 8. Property: Tablet Serial No: SN-D1FH43RGTAKX; Vehicle involved: MH69XJ3256 9. Brief Facts: The complainant reported a suspicious,VEHICLE
elmet. 8. Property: Tablet Serial No: SN-ZDED3RY6CTB9; Vehicle involved: DL20EF8379 9. Brief Facts: The complainant reported a suspicious,VEHICLE
d cap. 8. Property: Tablet Serial No: SN-11S8ALH099TB; Vehicle involved: KA03EW4124 9. Brief Facts: The complainant reported a suspicious,VEHICLE
d cap. 8. Property: Laptop Serial No: SN-W6BVX9LSPLZV; Vehicle involved: MH80TJ8227 9. Brief Facts: The complainant reported a suspicious,VEHICLE
mask. 8. Property: Laptop Serial No: SN-2HTRT8EDO1VN; Vehicle involved: KA82IW1984 9. Brief Facts: The complainant reported a suspicious,VEHICLE
mask. 8. Property: Laptop Serial No: SN-GAJ5LUSTC78Q; Vehicle involved: RJ48SN5815 9. Brief Facts: The complainant reported a suspicious,VEHICLE
k. 8. Property: Hard Drive Serial No: SN-99X5090EXC7E; Vehicle involved: KA19UK4425 9. Brief Facts: The complainant reported a suspicious,VEHICLE
met. 8. Property: Backpack Serial No: SN-U5UGH9IXPAOC; Vehicle involved: RJ70NG6825 9. Brief Facts: The complainant reported a suspicious,VEHICLE
elmet. 8. Property: Tablet Serial No: SN-UPRK95HKEMQB; Vehicle involved: MH13XY7368 9. Brief Facts: The complainant reported a suspicious,VEHICLE
d cap. 8. Property: Camera Serial No: SN-07DMVOH6MLHI; Vehicle involved: KA50XG7536 9. Brief Facts: The complainant reported a suspicious,VEHICLE
mask. 8. Property: Camera Serial No: SN-NV6FAJTC7377; Vehicle involved: MH55MT5079 9. Brief Facts: The complainant reported a suspicious,VEHICLE
d cap. 8. Property: Wallet Serial No: SN-WJ8IYCU0OFNX; Vehicle involved: DL38KE1068 9. Brief Facts: The complainant reported a suspicious,VEHICLE
cap. 8. Property: Backpack Serial No: SN-Y3W2DACYYNIH; Vehicle involved: DL51TV1794 9. Brief Facts: The complainant reported a suspicious,VEHICLE
d cap. 8. Property: Laptop Serial No: SN-L2V4844HLVXF; Vehicle involved: DL53LM3155 9. Brief Facts: The complainant reported a suspicious,VEHICLE
d cap. 8. Property: Tablet Serial No: SN-0EE2QV81E5OU; Vehicle involved: RJ80MO9020 9. Brief Facts: The complainant reported a suspicious,VEHICLE
k. 8. Property: Hard Drive Serial No: SN-A9AG1Y3W69GI; Vehicle involved: KA86FX4653 9. Brief Facts: The complainant reported a suspicious,VEHICLE
mask. 8. Property: Tablet Serial No: SN-7MZW20R0YRII; Vehicle involved: DL70EA7970 9. Brief Facts: The complainant reported a suspicious,VEHICLE
t. 8. Property: Hard Drive Serial No: SN-2EVHO4BQEPL8; Vehicle involved: DL38PL2350 9. Brief Facts: The complainant reported a suspicious,VEHICLE
mask. 8. Property: Tablet Serial No: SN-WAW8ELE6UBHU; Vehicle involved: RJ75UU2863 9. Brief Facts: The complainant reported a suspicious,VEHICLE
d cap. 8. Property: Laptop Serial No: SN-BJH6KJHW0O7X; Vehicle involved: RJ11LL9605 9. Brief Facts: The complainant reported a suspicious,VEHICLE
mask. 8. Property: Laptop Serial No: SN-Z4ISM8O657P7; Vehicle involved: MH92IU9063 9. Brief Facts: The complainant reported a suspicious,VEHICLE
ask. 8. Property: Backpack Serial No: SN-VDT1CTPWSRJ0; Vehicle involved: KA33LH9137 9. Brief Facts: The complainant reported a suspicious,VEHICLE
p. 8. Property: Hard Drive Serial No: SN-4LT31RTAJ3SO; Vehicle involved: UP11VS6017 9. Brief Facts: The complainant reported a suspicious,VEHICLE
elmet. 8. Property: Camera Serial No: SN-2K0XC8HOD6DT; Vehicle involved: MH49YS4357 9. Brief Facts: The complainant reported a suspicious,VEHICLE
. 8. Property: Smart Watch Serial No: SN-SCX5HI6GD8E2; Vehicle involved: KA08NX3224 9. Brief Facts: The complainant reported a suspicious,VEHICLE
. 8. Property: Smart Watch Serial No: SN-T6P563CSYNMI; Vehicle involved: MH68CS8464 9. Brief Facts: The complainant reported a suspicious,VEHICLE
elmet. 8. Property: Tablet Serial No: SN-WS0L8N85T9GD; Vehicle involved: DL78IO1258 9. Brief Facts: The complainant reported a suspicious,VEHICLE
elmet. 8. Property: Wallet Serial No: SN-HM8W6KTIOIUE; Vehicle involved: KA31YN4450 9. Brief Facts: The complainant reported a suspicious,VEHICLE
mask. 8. Property: Wallet Serial No: SN-7IZ22444FFKB; Vehicle involved: UP37WV9517 9. Brief Facts: The complainant reported a suspicious,VEHICLE
8. Property: Mobile Phone Serial No: SN-039NNHNURJEC; Vehicle involved: RJ24UD2014 9. Brief Facts: The complainant reported a suspicious,VEHICLE
mask. 8. Property: Tablet Serial No: SN-U9NABDNWBFCQ; Vehicle involved: UP93US1397 9. Brief Facts: The complainant reported a suspicious,VEHICLE
elmet. 8. Property: Tablet Serial No: SN-XD4CYAHEG6GV; Vehicle involved: UP36GH3479 9. Brief Facts: The complainant reported a suspicious,VEHICLE
d cap. 8. Property: Laptop Serial No: SN-1U0RQ3NQ7AWG; Vehicle involved: KA89XP9939 9. Brief Facts: The complainant reported a suspicious,VEHICLE
elmet. 8. Property: Tablet Serial No: SN-CO6T5KBTV858; Vehicle involved: RJ76SU6102 9. Brief Facts: The complainant reported a suspicious,VEHICLE
ask. 8. Property: Backpack Serial No: SN-X8O2LBWQV5A7; Vehicle involved: UP29ZS4321 9. Brief Facts: The complainant reported a suspicious,VEHICLE
elmet. 8. Property: Laptop Serial No: SN-SLLU11T94VF3; Vehicle involved: RJ43RL7676 9. Brief Facts: The complainant reported a suspicious,VEHICLE
"Place of Occurrence: Sector 21, Delhi",LOCATION
Incident occurred at Karol Bagh,LOCATION
"Address: 22 Main Road, Noida",LOCATION
"16/04/2027 Time: 07:40 2. Acts & Sections: 468, 471 5. Place of Occurrence: Main Parking Lot, Mumbai 6. Complainant / Informant: Name: Vikram Gupta; Father",LOCATION
"17/11/2026 Time: 22:00 2. Acts & Sections: 506, 411 5. Place of Occurrence: Main Parking Lot, Delhi NCR 6. Complainant / Informant: Name: Nitin Mishra; Father",LOCATION
"08/03/2026 Time: 22:00 2. Acts & Sections: 471, 411 5. Place of Occurrence: Old Market Complex, Lucknow 6. Complainant / Informant: Name: Pooja Malhotra; Fath",LOCATION
"23/02/2026 Time: 20:00 2. Acts & Sections: 34, 420 5. Place of Occurrence: Railway Road, Pune 6. Complainant / Informant: Name: Aditya Sharma; Fathe",LOCATION
"10/01/2025 Time: 17:00 2. Acts & Sections: 506, 34 5. Place of Occurrence: Sector 10 Market, Lucknow 6. Complainant / Informant: Name: Nitin Mehta; Father",LOCATION
"10/10/2025 Time: 03:30 2. Acts & Sections: 411, 468 5. Place of Occurrence: Green Park Extension, Mumbai 6. Complainant / Informant: Name: Rahul Mehta; Father",LOCATION
"29/09/2026 Time: 05:30 2. Acts & Sections: 406, 420 5. Place of Occurrence: Sector 10 Market, Jaipur 6. Complainant / Informant: Name: Riya Verma; Father N",LOCATION
"14/04/2026 Time: 22:50 2. Acts & Sections: 468, 420 5. Place of Occurrence: Industrial Area Phase 2, Bengaluru 6. Complainant / Informant: Name: Arjun Mishra; Father",LOCATION
"15/09/2026 Time: 21:30 2. Acts & Sections: 506, 468 5. Place of Occurrence: Bus Stand Road, Bengaluru 6. Complainant / Informant: Name: Riya Joshi; Father N",LOCATION
"29/09/2025 Time: 20:00 2. Acts & Sections: 506, 420 5. Place of Occurrence: Main Parking Lot, Pune 6. Complainant / Informant: Name: Vikram Mehta; Father",LOCATION
"14/06/2027 Time: 16:20 2. Acts & Sections: 420, 406 5. Place of Occurrence: Main Parking Lot, Mumbai 6. Complainant / Informant: Name: Riya Mehta; Father N",LOCATION
"19/02/2025 Time: 09:30 2. Acts & Sections: 34, 406 5. Place of Occurrence: Green Park Extension, Lucknow 6. Complainant / Informant: Name: Meera Mishra; Father",LOCATION
"22/05/2026 Time: 05:20 2. Acts & Sections: 406, 34 5. Place of Occurrence: Bus Stand Road, Bengaluru 6. Complainant / Informant: Name: Nitin Gupta; Father",LOCATION
"07/02/2025 Time: 01:10 2. Acts & Sections: 411, 420 5. Place of Occurrence: Main Parking Lot, Mumbai 6. Complainant / Informant: Name: Priya Mehta; Father",LOCATION
"11/07/2025 Time: 23:50 2. Acts & Sections: 411, 468 5. Place of Occurrence: Bus Stand Road, Bengaluru 6. Complainant / Informant: Name: Aarav Patel; Father",LOCATION
"16/06/2027 Time: 09:20 2. Acts & Sections: 468, 420 5. Place of Occurrence: Green Park Extension, Lucknow 6. Complainant / Informant: Name: Arjun Rao; Father Na",LOCATION
"27/05/2026 Time: 12:50 2. Acts & Sections: 420, 411 5. Place of Occurrence: Bus Stand Road, Lucknow 6. Complainant / Informant: Name: Arjun Mehta; Father",LOCATION
"25/04/2026 Time: 22:50 2. Acts & Sections: 379, 411 5. Place of Occurrence: Nehru Nagar, Delhi NCR 6. Complainant / Informant: Name: Riya Bansal; Father",LOCATION
"27/04/2026 Time: 11:30 2. Acts & Sections: 34, 420 5. Place of Occurrence: Bus Stand Road, Pune 6. Complainant / Informant: Name: Riya Mishra; Father",LOCATION
"28/03/2027 Time: 16:30 2. Acts & Sections: 420, 34 5. Place of Occurrence: Old Market Complex, Bengaluru 6. Complainant / Informant: Name: Manoj Kapoor; Father",LOCATION
"12/04/2026 Time: 15:10 2. Acts & Sections: 34, 471 5. Place of Occurrence: City Center, Jaipur 6. Complainant / Informant: Name: Aarav Kapoor; Father",LOCATION
"16/12/2025 Time: 16:40 2. Acts & Sections: 471, 406 5. Place of Occurrence: Sector 10 Market, Mumbai 6. Complainant / Informant: Name: Suresh Patel; Father",LOCATION
"16/08/2026 Time: 14:30 2. Acts & Sections: 411, 471 5. Place of Occurrence: Nehru Nagar, Mumbai 6. Complainant / Informant: Name: Arjun Sharma; Father",LOCATION
"01/12/2025 Time: 00:50 2. Acts & Sections: 471, 420 5. Place of Occurrence: Nehru Nagar, Bengaluru 6. Complainant / Informant: Name: Arjun Yadav; Father",LOCATION
"01/01/2026 Time: 11:50 2. Acts & Sections: 34, 420 5. Place of Occurrence: Bus Stand Road, Delhi NCR 6. Complainant / Informant: Name: Karan Kapoor; Father",LOCATION
"05/01/2026 Time: 14:20 2. Acts & Sections: 34, 379 5. Place of Occurrence: Green Park Extension, Jaipur 6. Complainant / Informant: Name: Rahul Kumar; Father",LOCATION
"16/08/2026 Time: 05:20 2. Acts & Sections: 468, 471 5. Place of Occurrence: Main Parking Lot, Jaipur 6. Complainant / Informant: Name: Pooja Mishra; Father",LOCATION
"02/01/2025 Time: 23:40 2. Acts & Sections: 420, 411 5. Place of Occurrence: Nehru Nagar, Jaipur 6. Complainant / Informant: Name: Vikram Kapoor; Fathe",LOCATION
"24/03/2026 Time: 20:20 2. Acts & Sections: 506, 411 5. Place of Occurrence: Bus Stand Road, Jaipur 6. Complainant / Informant: Name: Priya Rao; Father Na",LOCATION
"27/07/2025 Time: 08:30 2. Acts & Sections: 34, 471 5. Place of Occurrence: Nehru Nagar, Pune 6. Complainant / Informant: Name: Manoj Yadav; Father",LOCATION
"11/01/2027 Time: 04:20 2. Acts & Sections: 506, 468 5. Place of Occurrence: Sector 10 Market, Delhi NCR 6. Complainant / Informant: Name: Karan Rao; Father Na",LOCATION
"06/05/2026 Time: 03:00 2. Acts & Sections: 406, 468 5. Place of Occurrence: Nehru Nagar, Mumbai 6. Complainant / Informant: Name: Karan Singh; Father",LOCATION
"29/03/2025 Time: 09:10 2. Acts & Sections: 379, 34 5. Place of Occurrence: Industrial Area Phase 2, Pune 6. Complainant / Informant: Name: Neha Yadav; Father N",LOCATION
"28/04/2026 Time: 19:10 2. Acts & Sections: 468, 471 5. Place of Occurrence: Bus Stand Road, Mumbai 6. Complainant / Informant: Name: Manoj Singh; Father",LOCATION
"23/02/2026 Time: 21:00 2. Acts & Sections: 379, 468 5. Place of Occurrence: Industrial Area Phase 2, Lucknow 6. Complainant / Informant: Name: Nitin Kumar; Father",LOCATION
"24/06/2025 Time: 05:30 2. Acts & Sections: 411, 468 5. Place of Occurrence: Industrial Area Phase 2, Bengaluru 6. Complainant / Informant: Name: Karan Bansal; Father",LOCATION
"02/10/2026 Time: 04:50 2. Acts & Sections: 379, 420 5. Place of Occurrence: Old Market Complex, Bengaluru 6. Complainant / Informant: Name: Ankit Malhotra; Fath",LOCATION
"17/10/2026 Time: 03:50 2. Acts & Sections: 420, 379 5. Place of Occurrence: MG Road, Mumbai 6. Complainant / Informant: Name: Riya Kumar; Father N",LOCATION
"15/11/2025 Time: 15:30 2. Acts & Sections: 506, 34 5. Place of Occurrence: Railway Road, Bengaluru 6. Complainant / Informant: Name: Arjun Kumar; Father",LOCATION
"27/10/2026 Time: 04:20 2. Acts & Sections: 406, 411 5. Place of Occurrence: Old Market Complex, Pune 6. Complainant / Informant: Name: Kavya Sharma; Father",LOCATION
"07/05/2027 Time: 07:10 2. Acts & Sections: 506, 34 5. Place of Occurrence: Railway Road, Pune 6. Complainant / Informant: Name: Nitin Rao; Father Na",LOCATION
"23/10/2025 Time: 03:30 2. Acts & Sections: 406, 506 5. Place of Occurrence: Nehru Nagar, Jaipur 6. Complainant / Informant: Name: Karan Patel; Father",LOCATION
"14/03/2026 Time: 10:40 2. Acts & Sections: 379, 506 5. Place of Occurrence: Sector 10 Market, Lucknow 6. Complainant / Informant: Name: Rahul Mehta; Father",LOCATION
"25/07/2026 Time: 16:00 2. Acts & Sections: 468, 379 5. Place of Occurrence: Main Parking Lot, Pune 6. Complainant / Informant: Name: Arjun Kapoor; Father",LOCATION
"11/04/2025 Time: 16:40 2. Acts & Sections: 468, 34 5. Place of Occurrence: Green Park Extension, Mumbai 6. Complainant / Informant: Name: Nitin Mishra; Father",LOCATION
"12/06/2027 Time: 02:10 2. Acts & Sections: 420, 379 5. Place of Occurrence: Main Parking Lot, Mumbai 6. Complainant / Informant: Name: Pooja Yadav; Father",LOCATION
"19/03/2027 Time: 19:30 2. Acts & Sections: 468, 406 5. Place of Occurrence: Industrial Area Phase 2, Lucknow 6. Complainant / Informant: Name: Riya Yadav; Father N",LOCATION
"01/08/2026 Time: 04:50 2. Acts & Sections: 411, 471 5. Place of Occurrence: MG Road, Mumbai 6. Complainant / Informant: Name: Ankit Gupta; Father",LOCATION
"19/02/2027 Time: 13:00 2. Acts & Sections: 471, 34 5. Place of Occurrence: Main Parking Lot, Mumbai 6. Complainant / Informant: Name: Rahul Rao; Father Na",LOCATION
"21/01/2025 Time: 08:40 2. Acts & Sections: 34, 468 5. Place of Occurrence: City Center, Lucknow 6. Complainant / Informant: Name: Arjun Gupta; Father",LOCATION
"17/10/2025 Time: 00:40 2. Acts & Sections: 506, 34 5. Place of Occurrence: City Center, Pune 6. Complainant / Informant: Name: Priya Gupta; Father",LOCATION
"07/10/2025 Time: 00:50 2. Acts & Sections: 379, 468 5. Place of Occurrence: Sector 10 Market, Pune 6. Complainant / Informant: Name: Vikram Mehta; Father",LOCATION
"03/03/2026 Time: 16:10 2. Acts & Sections: 471, 468 5. Place of Occurrence: Railway Road, Lucknow 6. Complainant / Informant: Name: Suresh Mehta; Father",LOCATION
"18/11/2025 Time: 01:20 2. Acts & Sections: 420, 471 5. Place of Occurrence: MG Road, Pune 6. Complainant / Informant: Name: Rahul Mehta; Father",LOCATION
"21/02/2026 Time: 19:10 2. Acts & Sections: 34, 471 5. Place of Occurrence: Sector 10 Market, Jaipur 6. Complainant / Informant: Name: Riya Rao; Father Nam",LOCATION
"07/05/2027 Time: 10:00 2. Acts & Sections: 411, 506 5. Place of Occurrence: MG Road, Mumbai 6. Complainant / Informant: Name: Meera Mehta; Father",LOCATION
"12/07/2025 Time: 18:00 2. Acts & Sections: 468, 420 5. Place of Occurrence: Bus Stand Road, Delhi NCR 6. Complainant / Informant: Name: Riya Yadav; Father N",LOCATION
"05/07/2026 Time: 21:00 2. Acts & Sections: 406, 471 5. Place of Occurrence: Sector 10 Market, Mumbai 6. Complainant / Informant: Name: Neha Malhotra; Fathe",LOCATION
"09/03/2026 Time: 21:50 2. Acts & Sections: 471, 468 5. Place of Occurrence: Industrial Area Phase 2, Jaipur 6. Complainant / Informant: Name: Vikram Mehta; Father",LOCATION
"03/07/2026 Time: 13:50 2. Acts & Sections: 411, 379 5. Place of Occurrence: Main Parking Lot, Mumbai 6. Complainant / Informant: Name: Meera Mehta; Father",LOCATION
"04/04/2026 Time: 19:00 2. Acts & Sections: 506, 420 5. Place of Occurrence: Bus Stand Road, Jaipur 6. Complainant / Informant: Name: Aditya Malhotra; Fat",LOCATION
"03/08/2026 Time: 20:10 2. Acts & Sections: 34, 471 5. Place of Occurrence: Old Market Complex, Lucknow 6. Complainant / Informant: Name: Suresh Rao; Father N",LOCATION
"15/05/2025 Time: 13:40 2. Acts & Sections: 34, 411 5. Place of Occurrence: Nehru Nagar, Mumbai 6. Complainant / Informant: Name: Aarav Mehta; Father",LOCATION
"08/05/2025 Time: 19:30 2. Acts & Sections: 379, 411 5. Place of Occurrence: Railway Road, Jaipur 6. Complainant / Informant: Name: Rahul Yadav; Father",LOCATION
"22/01/2026 Time: 17:20 2. Acts & Sections: 420, 379 5. Place of Occurrence: Railway Road, Lucknow 6. Complainant / Informant: Name: Rahul Mehta; Father",LOCATION
"28/07/2025 Time: 01:00 2. Acts & Sections: 34, 411 5. Place of Occurrence: Green Park Extension, Mumbai 6. Complainant / Informant: Name: Karan Rao; Father Na",LOCATION
"28/08/2025 Time: 22:30 2. Acts & Sections: 471, 34 5. Place of Occurrence: Old Market Complex, Delhi NCR 6. Complainant / Informant: Name: Meera Yadav; Father",LOCATION
"24/10/2025 Time: 06:10 2. Acts & Sections: 506, 406 5. Place of Occurrence: Railway Road, Jaipur 6. Complainant / Informant: Name: Arjun Rao; Father Na",LOCATION
"20/06/2026 Time: 03:40 2. Acts & Sections: 471, 34 5. Place of Occurrence: Railway Road, Jaipur 6. Complainant / Informant: Name: Vikram Kumar; Father",LOCATION
"09/02/2026 Time: 07:10 2. Acts & Sections: 471, 420 5. Place of Occurrence: Railway Road, Bengaluru 6. Complainant / Informant: Name: Aditya Mehta; Father",LOCATION
"12/04/2027 Time: 09:40 2. Acts & Sections: 468, 420 5. Place of Occurrence: Railway Road, Jaipur 6. Complainant / Informant: Name: Pooja Joshi; Father",LOCATION
"03/02/2027 Time: 01:10 2. Acts & Sections: 468, 506 5. Place of Occurrence: Railway Road, Lucknow 6. Complainant / Informant: Name: Riya Mishra; Father",LOCATION
"14/12/2025 Time: 17:00 2. Acts & Sections: 411, 420 5. Place of Occurrence: Old Market Complex, Delhi NCR 6. Complainant / Informant: Name: Aditya Yadav; Father",LOCATION
"25/10/2026 Time: 12:10 2. Acts & Sections: 379, 411 5. Place of Occurrence: Main Parking Lot, Pune 6. Complainant / Informant: Name: Pooja Yadav; Father",LOCATION
"19/04/2027 Time: 23:50 2. Acts & Sections: 34, 379 5. Place of Occurrence: Sector 10 Market, Delhi NCR 6. Complainant / Informant: Name: Rahul Sharma; Father",LOCATION
"22/07/2025 Time: 01:30 2. Acts & Sections: 411, 406 5. Place of Occurrence: Sector 10 Market, Bengaluru 6. Complainant / Informant: Name: Nitin Mishra; Father",LOCATION
"10/11/2025 Time: 19:50 2. Acts & Sections: 406, 34 5. Place of Occurrence: Sector 10 Market, Bengaluru 6. Complainant / Informant: Name: Karan Malhotra; Fath",LOCATION
"19/05/2025 Time: 18:00 2. Acts & Sections: 420, 468 5. Place of Occurrence: Bus Stand Road, Pune 6. Complainant / Informant: Name: Aarav Rao; Father Na",LOCATION
"30/01/2026 Time: 20:10 2. Acts & Sections: 420, 506 5. Place of Occurrence: Industrial Area Phase 2, Lucknow 6. Complainant / Informant: Name: Arjun Patel; Father",LOCATION
"28/02/2025 Time: 17:40 2. Acts & Sections: 420, 406 5. Place of Occurrence: Bus Stand Road, Mumbai 6. Complainant / Informant: Name: Vikram Gupta; Father",LOCATION
"16/12/2025 Time: 10:20 2. Acts & Sections: 506, 411 5. Place of Occurrence: Old Market Complex, Lucknow 6. Complainant / Informant: Name: Meera Mehta; Father",LOCATION
"30/10/2025 Time: 02:30 2. Acts & Sections: 406, 506 5. Place of Occurrence: Green Park Extension, Lucknow 6. Complainant / Informant: Name: Arjun Joshi; Father",LOCATION
"20/06/2027 Time: 07:40 2. Acts & Sections: 379, 34 5. Place of Occurrence: City Center, Pune 6. Complainant / Informant: Name: Ankit Mishra; Father",LOCATION
"30/08/2025 Time: 08:20 2. Acts & Sections: 34, 468 5. Place of Occurrence: Old Market Complex, Jaipur 6. Complainant / Informant: Name: Nitin Yadav; Father",LOCATION
"27/01/2027 Time: 09:40 2. Acts & Sections: 34, 468 5. Place of Occurrence: Sector 10 Market, Pune 6. Complainant / Informant: Name: Nitin Sharma; Father",LOCATION
"06/06/2025 Time: 13:50 2. Acts & Sections: 406, 379 5. Place of Occurrence: Nehru Nagar, Lucknow 6. Complainant / Informant: Name: Aditya Sharma; Fathe",LOCATION
"03/10/2025 Time: 21:40 2. Acts & Sections: 411, 506 5. Place of Occurrence: Industrial Area Phase 2, Delhi NCR 6. Complainant / Informant: Name: Arjun Kapoor; Father",LOCATION
"02/02/2026 Time: 00:00 2. Acts & Sections: 471, 379 5. Place of Occurrence: MG Road, Bengaluru 6. Complainant / Informant: Name: Rahul Joshi; Father",LOCATION
"09/07/2025 Time: 15:10 2. Acts & Sections: 420, 411 5. Place of Occurrence: Industrial Area Phase 2, Jaipur 6. Complainant / Informant: Name: Riya Kapoor; Father",LOCATION
"21/02/2027 Time: 17:50 2. Acts & Sections: 468, 411 5. Place of Occurrence: MG Road, Jaipur 6. Complainant / Informant: Name: Ankit Kapoor; Father",LOCATION
"19/10/2025 Time: 02:30 2. Acts & Sections: 471, 420 5. Place of Occurrence: Old Market Complex, Delhi NCR 6. Complainant / Informant: Name: Ankit Mishra; Father",LOCATION
"17/03/2026 Time: 14:50 2. Acts & Sections: 471, 468 5. Place of Occurrence: City Center, Bengaluru 6. Complainant / Informant: Name: Rahul Yadav; Father",LOCATION
"07/03/2027 Time: 05:00 2. Acts & Sections: 471, 506 5. Place of Occurrence: Railway Road, Bengaluru 6. Complainant / Informant: Name: Kavya Sharma; Father",LOCATION
"10/06/2025 Time: 19:30 2. Acts & Sections: 471, 379 5. Place of Occurrence: Old Market Complex, Delhi NCR 6. Complainant / Informant: Name: Manoj Kapoor; Father",LOCATION
"24/04/2027 Time: 03:40 2. Acts & Sections: 506, 471 5. Place of Occurrence: Main Parking Lot, Mumbai 6. Complainant / Informant: Name: Suresh Bansal; Fathe",LOCATION
"28/06/2025 Time: 14:00 2. Acts & Sections: 379, 468 5. Place of Occurrence: Railway Road, Delhi NCR 6. Complainant / Informant: Name: Rahul Rao; Father Na",LOCATION
"02/03/2027 Time: 06:40 2. Acts & Sections: 411, 506 5. Place of Occurrence: Nehru Nagar, Mumbai 6. Complainant / Informant: Name: Vikram Bansal; Fathe",LOCATION
"10/05/2025 Time: 00:40 2. Acts & Sections: 406, 468 5. Place of Occurrence: Industrial Area Phase 2, Jaipur 6. Complainant / Informant: Name: Nitin Kapoor; Father",LOCATION
"18/03/2025 Time: 02:30 2. Acts & Sections: 406, 468 5. Place of Occurrence: Main Parking Lot, Pune 6. Complainant / Informant: Name: Manoj Mehta; Father",LOCATION
"05/04/2027 Time: 04:20 2. Acts & Sections: 411, 34 5. Place of Occurrence: Old Market Complex, Pune 6. Complainant / Informant: Name: Priya Rao; Father Na",LOCATION
"16/02/2026 Time: 01:00 2. Acts & Sections: 379, 411 5. Place of Occurrence: Old Market Complex, Delhi NCR 6. Complainant / Informant: Name: Arjun Bansal; Father",LOCATION
"22/02/2027 Time: 19:20 2. Acts & Sections: 468, 34 5. Place of Occurrence: Old Market Complex, Mumbai 6. Complainant / Informant: Name: Riya Sharma; Father",LOCATION
"15/01/2027 Time: 18:10 2. Acts & Sections: 379, 34 5. Place of Occurrence: Sector 10 Market, Delhi NCR 6. Complainant / Informant: Name: Arjun Mehta; Father",LOCATION
"20/03/2025 Time: 10:00 2. Acts & Sections: 468, 411 5. Place of Occurrence: Old Market Complex, Delhi NCR 6. Complainant / Informant: Name: Riya Kumar; Father N",LOCATION
"16/02/2025 Time: 17:40 2. Acts & Sections: 420, 468 5. Place of Occurrence: Railway Road, Pune 6. Complainant / Informant: Name: Neha Gupta; Father N",LOCATION
"20/03/2025 Time: 08:30 2. Acts & Sections: 420, 379 5. Place of Occurrence: Nehru Nagar, Pune 6. Complainant / Informant: Name: Neha Sharma; Father",LOCATION
"18/09/2025 Time: 05:40 2. Acts & Sections: 468, 506 5. Place of Occurrence: Railway Road, Jaipur 6. Complainant / Informant: Name: Neha Sharma; Father",LOCATION
"04/05/2027 Time: 01:30 2. Acts & Sections: 420, 34 5. Place of Occurrence: Nehru Nagar, Bengaluru 6. Complainant / Informant: Name: Kavya Singh; Father",LOCATION
"12/04/2025 Time: 03:10 2. Acts & Sections: 379, 468 5. Place of Occurrence: Green Park Extension, Jaipur 6. Complainant / Informant: Name: Meera Bansal; Father",LOCATION
"10/04/2025 Time: 05:30 2. Acts & Sections: 420, 34 5. Place of Occurrence: Bus Stand Road, Lucknow 6. Complainant / Informant: Name: Kavya Patel; Father",LOCATION
"24/05/2027 Time: 06:00 2. Acts & Sections: 420, 506 5. Place of Occurrence: Industrial Area Phase 2, Mumbai 6. Complainant / Informant: Name: Ankit Rao; Father Na",LOCATION
"30/12/2025 Time: 19:30 2. Acts & Sections: 420, 34 5. Place of Occurrence: Green Park Extension, Pune 6. Complainant / Informant: Name: Manoj Rao; Father Na",LOCATION
"03/09/2025 Time: 04:30 2. Acts & Sections: 411, 468 5. Place of Occurrence: Old Market Complex, Delhi NCR 6. Complainant / Informant: Name: Ankit Singh; Father",LOCATION
"20/08/2025 Time: 07:10 2. Acts & Sections: 379, 34 5. Place of Occurrence: Main Parking Lot, Mumbai 6. Complainant / Informant: Name: Vikram Kumar; Father",LOCATION
"14/07/2026 Time: 06:00 2. Acts & Sections: 506, 34 5. Place of Occurrence: Old Market Complex, Mumbai 6. Complainant / Informant: Name: Pooja Rao; Father Na",LOCATION
"29/09/2025 Time: 14:30 2. Acts & Sections: 420, 468 5. Place of Occurrence: Bus Stand Road, Lucknow 6. Complainant / Informant: Name: Pooja Mehta; Father",LOCATION
"25/10/2026 Time: 15:10 2. Acts & Sections: 411, 379 5. Place of Occurrence: City Center, Pune 6. Complainant / Informant: Name: Meera Sharma; Father",LOCATION
"05/12/2026 Time: 15:00 2. Acts & Sections: 406, 420 5. Place of Occurrence: City Center, Lucknow 6. Complainant / Informant: Name: Riya Rao; Father Nam",LOCATION
"26/03/2027 Time: 11:10 2. Acts & Sections: 420, 406 5. Place of Occurrence: MG Road, Lucknow 6. Complainant / Informant: Name: Riya Bansal; Father",LOCATION
"16/09/2026 Time: 06:50 2. Acts & Sections: 471, 379 5. Place of Occurrence: Old Market Complex, Delhi NCR 6. Complainant / Informant: Name: Arjun Kumar; Father",LOCATION
"30/12/2025 Time: 17:40 2. Acts & Sections: 420, 379 5. Place of Occurrence: Sector 10 Market, Pune 6. Complainant / Informant: Name: Ankit Mehta; Father",LOCATION
"11/12/2026 Time: 08:50 2. Acts & Sections: 506, 411 5. Place of Occurrence: Bus Stand Road, Bengaluru 6. Complainant / Informant: Name: Meera Kumar; Father",LOCATION
"15/11/2025 Time: 17:00 2. Acts & Sections: 34, 411 5. Place of Occurrence: Bus Stand Road, Pune 6. Complainant / Informant: Name: Arjun Gupta; Father",LOCATION
"05/03/2026 Time: 23:10 2. Acts & Sections: 34, 471 5. Place of Occurrence: Nehru Nagar, Pune 6. Complainant / Informant: Name: Kavya Kumar; Father",LOCATION
"21/05/2025 Time: 00:40 2. Acts & Sections: 420, 506 5. Place of Occurrence: Main Parking Lot, Pune 6. Complainant / Informant: Name: Ankit Joshi; Father",LOCATION
"22/03/2026 Time: 23:20 2. Acts & Sections: 471, 406 5. Place of Occurrence: Sector 10 Market, Delhi NCR 6. Complainant / Informant: Name: Rahul Kapoor; Father",LOCATION
"27/06/2025 Time: 14:20 2. Acts & Sections: 506, 471 5. Place of Occurrence: Bus Stand Road, Bengaluru 6. Complainant / Informant: Name: Manoj Mehta; Father",LOCATION
"21/08/2025 Time: 14:50 2. Acts & Sections: 420, 379 5. Place of Occurrence: Railway Road, Pune 6. Complainant / Informant: Name: Nitin Mehta; Father",LOCATION
"11/03/2025 Time: 01:40 2. Acts & Sections: 34, 406 5. Place of Occurrence: Green Park Extension, Bengaluru 6. Complainant / Informant: Name: Suresh Rao; Father N",LOCATION
"24/03/2026 Time: 03:40 2. Acts & Sections: 406, 468 5. Place of Occurrence: Industrial Area Phase 2, Lucknow 6. Complainant / Informant: Name: Aarav Mishra; Father",LOCATION
"30/03/2027 Time: 06:00 2. Acts & Sections: 406, 379 5. Place of Occurrence: Old Market Complex, Delhi NCR 6. Complainant / Informant: Name: Rahul Verma; Father",LOCATION
"21/02/2025 Time: 23:50 2. Acts & Sections: 379, 471 5. Place of Occurrence: Main Parking Lot, Jaipur 6. Complainant / Informant: Name: Arjun Kumar; Father",LOCATION
"23/08/2026 Time: 14:10 2. Acts & Sections: 468, 506 5. Place of Occurrence: Old Market Complex, Delhi NCR 6. Complainant / Informant: Name: Karan Joshi; Father",LOCATION
"30/11/2026 Time: 09:10 2. Acts & Sections: 420, 506 5. Place of Occurrence: Old Market Complex, Mumbai 6. Complainant / Informant: Name: Meera Sharma; Father",LOCATION
"06/05/2027 Time: 17:00 2. Acts & Sections: 379, 411 5. Place of Occurrence: Old Market Complex, Bengaluru 6. Complainant / Informant: Name: Neha Gupta; Father N",LOCATION
"14/05/2027 Time: 00:00 2. Acts & Sections: 468, 506 5. Place of Occurrence: Industrial Area Phase 2, Bengaluru 6. Complainant / Informant: Name: Neha Malhotra; Fathe",LOCATION
"15/06/2027 Time: 08:30 2. Acts & Sections: 411, 506 5. Place of Occurrence: Old Market Complex, Pune 6. Complainant / Informant: Name: Neha Sharma; Father",LOCATION
"13/09/2026 Time: 07:50 2. Acts & Sections: 420, 411 5. Place of Occurrence: Nehru Nagar, Bengaluru 6. Complainant / Informant: Name: Suresh Verma; Father",LOCATION
"16/11/2026 Time: 19:50 2. Acts & Sections: 471, 406 5. Place of Occurrence: Main Parking Lot, Delhi NCR 6. Complainant / Informant: Name: Manoj Rao; Father Na",LOCATION
"18/01/2026 Time: 23:30 2. Acts & Sections: 379, 34 5. Place of Occurrence: Green Park Extension, Bengaluru 6. Complainant / Informant: Name: Pooja Kapoor; Father",LOCATION
"06/05/2026 Time: 07:40 2. Acts & Sections: 468, 471 5. Place of Occurrence: Main Parking Lot, Jaipur 6. Complainant / Informant: Name: Kavya Rao; Father Na",LOCATION
"07/11/2025 Time: 16:50 2. Acts & Sections: 506, 379 5. Place of Occurrence: Green Park Extension, Bengaluru 6. Complainant / Informant: Name: Neha Kapoor; Father",LOCATION
"19/06/2026 Time: 11:30 2. Acts & Sections: 506, 34 5. Place of Occurrence: Main Parking Lot, Lucknow 6. Complainant / Informant: Name: Priya Kapoor; Father",LOCATION
"12/05/2025 Time: 14:20 2. Acts & Sections: 471, 406 5. Place of Occurrence: Bus Stand Road, Jaipur 6. Complainant / Informant: Name: Aditya Mehta; Father",LOCATION
"07/05/2025 Time: 12:20 2. Acts & Sections: 379, 406 5. Place of Occurrence: Industrial Area Phase 2, Lucknow 6. Complainant / Informant: Name: Priya Gupta; Father",LOCATION
"11/02/2026 Time: 01:10 2. Acts & Sections: 406, 34 5. Place of Occurrence: Main Parking Lot, Jaipur 6. Complainant / Informant: Name: Meera Kapoor; Father",LOCATION
"08/09/2025 Time: 22:50 2. Acts & Sections: 411, 468 5. Place of Occurrence: Industrial Area Phase 2, Lucknow 6. Complainant / Informant: Name: Ankit Yadav; Father",LOCATION
"12/01/2025 Time: 06:50 2. Acts & Sections: 406, 471 5. Place of Occurrence: Railway Road, Mumbai 6. Complainant / Informant: Name: Ankit Singh; Father",LOCATION
"18/02/2027 Time: 06:50 2. Acts & Sections: 379, 468 5. Place of Occurrence: Old Market Complex, Delhi NCR 6. Complainant / Informant: Name: Aarav Joshi; Father",LOCATION
"05/01/2027 Time: 16:40 2. Acts & Sections: 471, 34 5. Place of Occurrence: Sector 10 Market, Lucknow 6. Complainant / Informant: Name: Suresh Patel; Father",LOCATION
"27/06/2026 Time: 09:20 2. Acts & Sections: 379, 506 5. Place of Occurrence: Bus Stand Road, Delhi NCR 6. Complainant / Informant: Name: Neha Yadav; Father N",LOCATION
"01/06/2027 Time: 04:40 2. Acts & Sections: 506, 420 5. Place of Occurrence: Nehru Nagar, Jaipur 6. Complainant / Informant: Name: Kavya Verma; Father",LOCATION
"26/08/2025 Time: 14:20 2. Acts & Sections: 411, 471 5. Place of Occurrence: Green Park Extension, Jaipur 6. Complainant / Informant: Name: Suresh Patel; Father",LOCATION
"14/08/2025 Time: 16:00 2. Acts & Sections: 406, 411 5. Place of Occurrence: Bus Stand Road, Lucknow 6. Complainant / Informant: Name: Meera Kumar; Father",LOCATION
"27/05/2025 Time: 19:20 2. Acts & Sections: 406, 506 5. Place of Occurrence: Nehru Nagar, Pune 6. Complainant / Informant: Name: Meera Patel; Father",LOCATION
"02/03/2027 Time: 04:00 2. Acts & Sections: 379, 471 5. Place of Occurrence: Railway Road, Jaipur 6. Complainant / Informant: Name: Nitin Kumar; Father",LOCATION
"19/06/2027 Time: 00:00 2. Acts & Sections: 34, 468 5. Place of Occurrence: Sector 10 Market, Delhi NCR 6. Complainant / Informant: Name: Ankit Mehta; Father",LOCATION
"04/03/2026 Time: 14:50 2. Acts & Sections: 471, 420 5. Place of Occurrence: City Center, Jaipur 6. Complainant / Informant: Name: Manoj Patel; Father",LOCATION
"14/05/2026 Time: 21:00 2. Acts & Sections: 420, 406 5. Place of Occurrence: City Center, Lucknow 6. Complainant / Informant: Name: Arjun Mishra; Father",LOCATION
"19/03/2025 Time: 02:50 2. Acts & Sections: 34, 406 5. Place of Occurrence: Railway Road, Delhi NCR 6. Complainant / Informant: Name: Karan Singh; Father",LOCATION
"02/10/2025 Time: 10:20 2. Acts & Sections: 34, 468 5. Place of Occurrence: Railway Road, Mumbai 6. Complainant / Informant: Name: Nitin Singh; Father",LOCATION
"31/03/2025 Time: 06:20 2. Acts & Sections: 506, 411 5. Place of Occurrence: Sector 10 Market, Pune 6. Complainant / Informant: Name: Karan Yadav; Father",LOCATION
"23/07/2026 Time: 02:00 2. Acts & Sections: 406, 468 5. Place of Occurrence: Railway Road, Bengaluru 6. Complainant / Informant: Name: Rahul Yadav; Father",LOCATION
"31/05/2026 Time: 19:10 2. Acts & Sections: 468, 506 5. Place of Occurrence: Old Market Complex, Delhi NCR 6. Complainant / Informant: Name: Riya Malhotra; Fathe",LOCATION
"13/06/2025 Time: 14:00 2. Acts & Sections: 471, 506 5. Place of Occurrence: City Center, Pune 6. Complainant / Informant: Name: Ankit Yadav; Father",LOCATION
"21/08/2026 Time: 01:50 2. Acts & Sections: 506, 406 5. Place of Occurrence: Industrial Area Phase 2, Lucknow 6. Complainant / Informant: Name: Manoj Singh; Father",LOCATION
"27/02/2026 Time: 16:50 2. Acts & Sections: 420, 506 5. Place of Occurrence: Bus Stand Road, Lucknow 6. Complainant / Informant: Name: Karan Kapoor; Father",LOCATION
"23/02/2026 Time: 18:30 2. Acts & Sections: 471, 34 5. Place of Occurrence: Nehru Nagar, Lucknow 6. Complainant / Informant: Name: Meera Patel; Father",LOCATION
"07/10/2026 Time: 15:50 2. Acts & Sections: 406, 379 5. Place of Occurrence: City Center, Mumbai 6. Complainant / Informant: Name: Rahul Mishra; Father",LOCATION
"24/07/2025 Time: 15:50 2. Acts & Sections: 506, 406 5. Place of Occurrence: Main Parking Lot, Delhi NCR 6. Complainant / Informant: Name: Suresh Kumar; Father",LOCATION
"16/01/2025 Time: 20:20 2. Acts & Sections: 411, 506 5. Place of Occurrence: Old Market Complex, Delhi NCR 6. Complainant / Informant: Name: Rahul Rao; Father Na",LOCATION
"22/10/2025 Time: 17:00 2. Acts & Sections: 468, 34 5. Place of Occurrence: Railway Road, Bengaluru 6. Complainant / Informant: Name: Aditya Gupta; Father",LOCATION
"23/03/2027 Time: 14:50 2. Acts & Sections: 411, 471 5. Place of Occurrence: Old Market Complex, Mumbai 6. Complainant / Informant: Name: Aarav Bansal; Father",LOCATION
"09/04/2026 Time: 02:20 2. Acts & Sections: 471, 468 5. Place of Occurrence: Sector 10 Market, Delhi NCR 6. Complainant / Informant: Name: Ankit Verma; Father",LOCATION
"18/03/2025 Time: 21:40 2. Acts & Sections: 379, 406 5. Place of Occurrence: Industrial Area Phase 2, Bengaluru 6. Complainant / Informant: Name: Meera Sharma; Father",LOCATION
"08/03/2025 Time: 18:30 2. Acts & Sections: 506, 411 5. Place of Occurrence: Green Park Extension, Jaipur 6. Complainant / Informant: Name: Aditya Kapoor; Fathe",LOCATION
"15/02/2025 Time: 18:10 2. Acts & Sections: 468, 471 5. Place of Occurrence: Main Parking Lot, Delhi NCR 6. Complainant / Informant: Name: Neha Mehta; Father N",LOCATION
"28/01/2027 Time: 02:20 2. Acts & Sections: 471, 506 5. Place of Occurrence: City Center, Lucknow 6. Complainant / Informant: Name: Ankit Yadav; Father",LOCATION
"07/02/2026 Time: 18:40 2. Acts & Sections: 379, 471 5. Place of Occurrence: Nehru Nagar, Pune 6. Complainant / Informant: Name: Aarav Patel; Father",LOCATION
"29/03/2026 Time: 06:10 2. Acts & Sections: 471, 411 5. Place of Occurrence: Sector 10 Market, Delhi NCR 6. Complainant / Informant: Name: Karan Verma; Father",LOCATION
"08/03/2027 Time: 09:10 2. Acts & Sections: 411, 506 5. Place of Occurrence: MG Road, Bengaluru 6. Complainant / Informant: Name: Nitin Mishra; Father",LOCATION
"24/07/2026 Time: 03:20 2. Acts & Sections: 406, 468 5. Place of Occurrence: Green Park Extension, Bengaluru 6. Complainant / Informant: Name: Pooja Rao; Father Na",LOCATION
"17/01/2027 Time: 07:20 2. Acts & Sections: 420, 471 5. Place of Occurrence: Sector 10 Market, Lucknow 6. Complainant / Informant: Name: Vikram Kumar; Father",LOCATION
"17/06/2025 Time: 12:20 2. Acts & Sections: 506, 379 5. Place of Occurrence: Railway Road, Pune 6. Complainant / Informant: Name: Aarav Rao; Father Na",LOCATION
"06/02/2025 Time: 16:00 2. Acts & Sections: 506, 406 5. Place of Occurrence: Railway Road, Pune 6. Complainant / Informant: Name: Vikram Bansal; Fathe",LOCATION
"27/05/2026 Time: 09:20 2. Acts & Sections: 379, 420 5. Place of Occurrence: Nehru Nagar, Jaipur 6. Complainant / Informant: Name: Manoj Gupta; Father",LOCATION
"01/08/2025 Time: 01:40 2. Acts & Sections: 468, 406 5. Place of Occurrence: City Center, Lucknow 6. Complainant / Informant: Name: Pooja Mehta; Father",LOCATION
"13/06/2026 Time: 12:20 2. Acts & Sections: 420, 406 5. Place of Occurrence: Bus Stand Road, Pune 6. Complainant / Informant: Name: Kavya Malhotra; Fath",LOCATION
"06/11/2026 Time: 20:00 2. Acts & Sections: 471, 406 5. Place of Occurrence: Railway Road, Lucknow 6. Complainant / Informant: Name: Neha Mishra; Father",LOCATION
"18/07/2025 Time: 10:40 2. Acts & Sections: 34, 506 5. Place of Occurrence: Bus Stand Road, Bengaluru 6. Complainant / Informant: Name: Pooja Patel; Father",LOCATION
"10/11/2026 Time: 21:30 2. Acts & Sections: 468, 411 5. Place of Occurrence: Main Parking Lot, Bengaluru 6. Complainant / Informant: Name: Suresh Mehta; Father",LOCATION
"13/04/2027 Time: 04:20 2. Acts & Sections: 411, 420 5. Place of Occurrence: Industrial Area Phase 2, Delhi NCR 6. Complainant / Informant: Name: Arjun Gupta; Father",LOCATION
"25/03/2026 Time: 06:50 2. Acts & Sections: 411, 420 5. Place of Occurrence: Railway Road, Jaipur 6. Complainant / Informant: Name: Manoj Mishra; Father",LOCATION
"08/09/2025 Time: 11:00 2. Acts & Sections: 411, 468 5. Place of Occurrence: Railway Road, Bengaluru 6. Complainant / Informant: Name: Meera Singh; Father",LOCATION
"03/10/2025 Time: 23:30 2. Acts & Sections: 406, 379 5. Place of Occurrence: City Center, Delhi NCR 6. Complainant / Informant: Name: Priya Singh; Father",LOCATION
"26/11/2025 Time: 01:40 2. Acts & Sections: 411, 468 5. Place of Occurrence: Old Market Complex, Jaipur 6. Complainant / Informant: Name: Arjun Rao; Father Na",LOCATION
"22/05/2025 Time: 04:30 2. Acts & Sections: 471, 411 5. Place of Occurrence: City Center, Mumbai 6. Complainant / Informant: Name: Riya Yadav; Father N",LOCATION
"31/10/2026 Time: 03:30 2. Acts & Sections: 420, 468 5. Place of Occurrence: City Center, Mumbai 6. Complainant / Informant: Name: Riya Bansal; Father",LOCATION
"24/05/2027 Time: 01:10 2. Acts & Sections: 471, 420 5. Place of Occurrence: Industrial Area Phase 2, Bengaluru 6. Complainant / Informant: Name: Aditya Joshi; Father",LOCATION
"12/06/2027 Time: 18:00 2. Acts & Sections: 471, 420 5. Place of Occurrence: Sector 10 Market, Pune 6. Complainant / Informant: Name: Riya Verma; Father N",LOCATION
"26/05/2025 Time: 14:40 2. Acts & Sections: 379, 420 5. Place of Occurrence: Railway Road, Pune 6. Complainant / Informant: Name: Aditya Kumar; Father",LOCATION
"01/04/2026 Time: 14:10 2. Acts & Sections: 411, 506 5. Place of Occurrence: Nehru Nagar, Bengaluru 6. Complainant / Informant: Name: Vikram Rao; Father N",LOCATION
"16/06/2026 Time: 17:50 2. Acts & Sections: 420, 471 5. Place of Occurrence: Railway Road, Bengaluru 6. Complainant / Informant: Name: Aarav Joshi; Father",LOCATION
"24/05/2026 Time: 10:10 2. Acts & Sections: 411, 34 5. Place of Occurrence: Bus Stand Road, Delhi NCR 6. Complainant / Informant: Name: Ankit Yadav; Father",LOCATION
"12/11/2026 Time: 09:00 2. Acts & Sections: 506, 411 5. Place of Occurrence: Sector 10 Market, Mumbai 6. Complainant / Informant: Name: Aditya Sharma; Fathe",LOCATION
"10/10/2026 Time: 11:20 2. Acts & Sections: 406, 420 5. Place of Occurrence: MG Road, Bengaluru 6. Complainant / Informant: Name: Arjun Kumar; Father",LOCATION
"06/04/2025 Time: 08:40 2. Acts & Sections: 406, 411 5. Place of Occurrence: Industrial Area Phase 2, Jaipur 6. Complainant / Informant: Name: Neha Bansal; Father",LOCATION
"05/10/2026 Time: 22:20 2. Acts & Sections: 506, 468 5. Place of Occurrence: Railway Road, Lucknow 6. Complainant / Informant: Name: Riya Patel; Father N",LOCATION
"21/05/2025 Time: 11:10 2. Acts & Sections: 468, 379 5. Place of Occurrence: Nehru Nagar, Bengaluru 6. Complainant / Informant: Name: Kavya Gupta; Father",LOCATION
"15/02/2027 Time: 12:20 2. Acts & Sections: 379, 406 5. Place of Occurrence: Industrial Area Phase 2, Delhi NCR 6. Complainant / Informant: Name: Pooja Joshi; Father",LOCATION
"01/04/2025 Time: 21:30 2. Acts & Sections: 379, 34 5. Place of Occurrence: Old Market Complex, Delhi NCR 6. Complainant / Informant: Name: Pooja Kapoor; Father",LOCATION
"18/03/2025 Time: 19:40 2. Acts & Sections: 471, 506 5. Place of Occurrence: Sector 10 Market, Lucknow 6. Complainant / Informant: Name: Nitin Sharma; Father",LOCATION
"01/03/2025 Time: 18:00 2. Acts & Sections: 411, 468 5. Place of Occurrence: MG Road, Mumbai 6. Complainant / Informant: Name: Riya Singh; Father N",LOCATION
"26/04/2026 Time: 06:10 2. Acts & Sections: 471, 34 5. Place of Occurrence: Bus Stand Road, Pune 6. Complainant / Informant: Name: Nitin Gupta; Father",LOCATION
"06/06/2025 Time: 10:20 2. Acts & Sections: 406, 379 5. Place of Occurrence: Old Market Complex, Mumbai 6. Complainant / Informant: Name: Priya Sharma; Father",LOCATION
"06/04/2025 Time: 05:40 2. Acts & Sections: 420, 468 5. Place of Occurrence: Old Market Complex, Delhi NCR 6. Complainant / Informant: Name: Kavya Malhotra; Fath",LOCATION
"26/10/2026 Time: 14:20 2. Acts & Sections: 471, 468 5. Place of Occurrence: Old Market Complex, Delhi NCR 6. Complainant / Informant: Name: Riya Mishra; Father",LOCATION
"14/10/2026 Time: 07:20 2. Acts & Sections: 471, 406 5. Place of Occurrence: City Center, Pune 6. Complainant / Informant: Name: Priya Mishra; Father",LOCATION
"29/10/2026 Time: 00:00 2. Acts & Sections: 506, 420 5. Place of Occurrence: Sector 10 Market, Jaipur 6. Complainant / Informant: Name: Aditya Mehta; Father",LOCATION
"22/11/2025 Time: 08:20 2. Acts & Sections: 411, 471 5. Place of Occurrence: Green Park Extension, Delhi NCR 6. Complainant / Informant: Name: Vikram Verma; Father",LOCATION
"19/09/2025 Time: 16:20 2. Acts & Sections: 406, 420 5. Place of Occurrence: Old Market Complex, Bengaluru 6. Complainant / Informant: Name: Kavya Kapoor; Father",LOCATION
"28/12/2026 Time: 06:50 2. Acts & Sections: 506, 468 5. Place of Occurrence: Railway Road, Bengaluru 6. Complainant / Informant: Name: Rahul Yadav; Father",LOCATION
"26/03/2026 Time: 07:30 2. Acts & Sections: 406, 420 5. Place of Occurrence: Main Parking Lot, Jaipur 6. Complainant / Informant: Name: Riya Mehta; Father N",LOCATION
"17/12/2025 Time: 07:20 2. Acts & Sections: 471, 420 5. Place of Occurrence: Old Market Complex, Jaipur 6. Complainant / Informant: Name: Neha Kumar; Father N",LOCATION
"25/04/2026 Time: 20:40 2. Acts & Sections: 468, 34 5. Place of Occurrence: Sector 10 Market, Lucknow 6. Complainant / Informant: Name: Ankit Rao; Father Na",LOCATION
"29/12/2025 Time: 03:00 2. Acts & Sections: 420, 506 5. Place of Occurrence: Green Park Extension, Delhi NCR 6. Complainant / Informant: Name: Vikram Yadav; Father",LOCATION
"09/08/2025 Time: 06:30 2. Acts & Sections: 379, 420 5. Place of Occurrence: Industrial Area Phase 2, Bengaluru 6. Complainant / Informant: Name: Karan Patel; Father",LOCATION
"24/05/2025 Time: 06:00 2. Acts & Sections: 506, 34 5. Place of Occurrence: Nehru Nagar, Mumbai 6. Complainant / Informant: Name: Meera Patel; Father",LOCATION
"16/05/2027 Time: 15:10 2. Acts & Sections: 420, 471 5. Place of Occurrence: Sector 10 Market, Lucknow 6. Complainant / Informant: Name: Suresh Rao; Father N",LOCATION
"30/01/2027 Time: 14:00 2. Acts & Sections: 411, 379 5. Place of Occurrence: Green Park Extension, Mumbai 6. Complainant / Informant: Name: Kavya Mehta; Father",LOCATION
"27/09/2026 Time: 22:10 2. Acts & Sections: 420, 506 5. Place of Occurrence: Bus Stand Road, Lucknow 6. Complainant / Informant: Name: Priya Rao; Father Na",LOCATION
"18/08/2025 Time: 16:50 2. Acts & Sections: 379, 506 5. Place of Occurrence: Green Park Extension, Bengaluru 6. Complainant / Informant: Name: Pooja Kumar; Father",LOCATION
"30/01/2026 Time: 02:30 2. Acts & Sections: 420, 468 5. Place of Occurrence: Bus Stand Road, Jaipur 6. Complainant / Informant: Name: Aditya Singh; Father",LOCATION
"21/03/2027 Time: 02:30 2. Acts & Sections: 34, 420 5. Place of Occurrence: City Center, Bengaluru 6. Complainant / Informant: Name: Manoj Patel; Father",LOCATION
"28/10/2026 Time: 07:50 2. Acts & Sections: 411, 379 5. Place of Occurrence: Sector 10 Market, Jaipur 6. Complainant / Informant: Name: Aarav Mishra; Father",LOCATION
"13/06/2026 Time: 14:00 2. Acts & Sections: 506, 34 5. Place of Occurrence: Nehru Nagar, Bengaluru 6. Complainant / Informant: Name: Pooja Kapoor; Father",LOCATION
"23/09/2026 Time: 13:00 2. Acts & Sections: 34, 471 5. Place of Occurrence: Railway Road, Jaipur 6. Complainant / Informant: Name: Riya Singh; Father N",LOCATION
"24/10/2026 Time: 09:00 2. Acts & Sections: 471, 420 5. Place of Occurrence: Green Park Extension, Pune 6. Complainant / Informant: Name: Aarav Rao; Father Na",LOCATION
"06/02/2026 Time: 18:20 2. Acts & Sections: 471, 379 5. Place of Occurrence: Railway Road, Delhi NCR 6. Complainant / Informant: Name: Nitin Patel; Father",LOCATION
"23/02/2025 Time: 13:50 2. Acts & Sections: 420, 506 5. Place of Occurrence: Old Market Complex, Delhi NCR 6. Complainant / Informant: Name: Kavya Malhotra; Fath",LOCATION
"20/09/2026 Time: 20:40 2. Acts & Sections: 411, 468 5. Place of Occurrence: Bus Stand Road, Delhi NCR 6. Complainant / Informant: Name: Vikram Mishra; Fathe",LOCATION
"01/07/2025 Time: 16:50 2. Acts & Sections: 471, 34 5. Place of Occurrence: Green Park Extension, Mumbai 6. Complainant / Informant: Name: Priya Rao; Father Na",LOCATION
"19/02/2025 Time: 21:30 2. Acts & Sections: 406, 506 5. Place of Occurrence: MG Road, Mumbai 6. Complainant / Informant: Name: Nitin Malhotra; Fath",LOCATION
"14/11/2026 Time: 22:10 2. Acts & Sections: 420, 506 5. Place of Occurrence: Bus Stand Road, Lucknow 6. Complainant / Informant: Name: Pooja Gupta; Father",LOCATION
"03/10/2025 Time: 16:10 2. Acts & Sections: 379, 411 5. Place of Occurrence: Green Park Extension, Delhi NCR 6. Complainant / Informant: Name: Meera Rao; Father Na",LOCATION
"03/12/2026 Time: 14:00 2. Acts & Sections: 379, 506 5. Place of Occurrence: Nehru Nagar, Jaipur 6. Complainant / Informant: Name: Priya Kumar; Father",LOCATION
"23/02/2025 Time: 12:00 2. Acts & Sections: 406, 468 5. Place of Occurrence: Main Parking Lot, Bengaluru 6. Complainant / Informant: Name: Suresh Kumar; Father",LOCATION
Bank account A/C ACCT-1001,ACCOUNT
Account Number: ACCT-2002,ACCOUNT
Transaction to account ACCT-3111,ACCOUNT
FIR No: 0452/2026,CASE
Case reference FIR-102/2026,CASE
FIR number 117/2026,CASE
T 1. District: Mumbai Police Station: NORTH Year: 2027 FIR No: 6601/2024 Date of FIR: 16/04/2027 Time: 07:40 2. Acts & Sections,CASE
trict: Delhi NCR Police Station: RIVER ROAD Year: 2026 FIR No: 5991/2026 Date of FIR: 17/11/2026 Time: 22:00 2. Acts & Sections,CASE
istrict: Lucknow Police Station: RIVER ROAD Year: 2026 FIR No: 9586/2024 Date of FIR: 08/03/2026 Time: 22:00 2. Acts & Sections,CASE
. District: Pune Police Station: RIVER ROAD Year: 2026 FIR No: 9016/2024 Date of FIR: 23/02/2026 Time: 20:00 2. Acts & Sections,CASE
. District: Lucknow Police Station: CENTRAL Year: 2025 FIR No: 2023/2025 Date of FIR: 10/01/2025 Time: 17:00 2. Acts & Sections,CASE
District: Mumbai Police Station: SECTOR 10 Year: 2025 FIR No: 8652/2024 Date of FIR: 10/10/2025 Time: 03:30 2. Acts & Sections,CASE
istrict: Jaipur Police Station: CITY CENTER Year: 2026 FIR No: 3667/2024 Date of FIR: 29/09/2026 Time: 05:30 2. Acts & Sections,CASE
trict: Bengaluru Police Station: MODEL TOWN Year: 2026 FIR No: 8876/2026 Date of FIR: 14/04/2026 Time: 22:50 2. Acts & Sections,CASE
trict: Bengaluru Police Station: MODEL TOWN Year: 2026 FIR No: 7232/2025 Date of FIR: 15/09/2026 Time: 21:30 2. Acts & Sections,CASE
1. District: Pune Police Station: SECTOR 10 Year: 2025 FIR No: 6105/2024 Date of FIR: 29/09/2025 Time: 20:00 2. Acts & Sections,CASE
istrict: Mumbai Police Station: CITY CENTER Year: 2027 FIR No: 3237/2026 Date of FIR: 14/06/2027 Time: 16:20 2. Acts & Sections,CASE
1. District: Lucknow Police Station: NORTH Year: 2025 FIR No: 6722/2026 Date of FIR: 19/02/2025 Time: 09:30 2. Acts & Sections,CASE
. District: Bengaluru Police Station: SOUTH Year: 2026 FIR No: 6848/2025 Date of FIR: 22/05/2026 Time: 05:20 2. Acts & Sections,CASE
1. District: Mumbai Police Station: CENTRAL Year: 2025 FIR No: 9175/2026 Date of FIR: 07/02/2025 Time: 01:10 2. Acts & Sections,CASE
strict: Bengaluru Police Station: SECTOR 10 Year: 2025 FIR No: 4641/2026 Date of FIR: 11/07/2025 Time: 23:50 2. Acts & Sections,CASE
1. District: Lucknow Police Station: SOUTH Year: 2027 FIR No: 9170/2024 Date of FIR: 16/06/2027 Time: 09:20 2. Acts & Sections,CASE
1. District: Lucknow Police Station: NORTH Year: 2026 FIR No: 4089/2025 Date of FIR: 27/05/2026 Time: 12:50 2. Acts & Sections,CASE
strict: Delhi NCR Police Station: SECTOR 10 Year: 2026 FIR No: 7807/2024 Date of FIR: 25/04/2026 Time: 22:50 2. Acts & Sections,CASE
T 1. District: Pune Police Station: CENTRAL Year: 2026 FIR No: 9643/2026 Date of FIR: 27/04/2026 Time: 11:30 2. Acts & Sections,CASE
strict: Bengaluru Police Station: SECTOR 10 Year: 2027 FIR No: 2024/2025 Date of FIR: 28/03/2027 Time: 16:30 2. Acts & Sections,CASE
1. District: Jaipur Police Station: CENTRAL Year: 2026 FIR No: 7235/2025 Date of FIR: 12/04/2026 Time: 15:10 2. Acts & Sections,CASE
District: Mumbai Police Station: RIVER ROAD Year: 2025 FIR No: 2073/2025 Date of FIR: 16/12/2025 Time: 16:40 2. Acts & Sections,CASE
T 1. District: Mumbai Police Station: NORTH Year: 2026 FIR No: 6221/2026 Date of FIR: 16/08/2026 Time: 14:30 2. Acts & Sections,CASE
rict: Bengaluru Police Station: CITY CENTER Year: 2025 FIR No: 5117/2025 Date of FIR: 01/12/2025 Time: 00:50 2. Acts & Sections,CASE
. District: Delhi NCR Police Station: SOUTH Year: 2026 FIR No: 2992/2024 Date of FIR: 01/01/2026 Time: 11:50 2. Acts & Sections,CASE
T 1. District: Jaipur Police Station: SOUTH Year: 2026 FIR No: 1120/2025 Date of FIR: 05/01/2026 Time: 14:20 2. Acts & Sections,CASE
1. District: Jaipur Police Station: CENTRAL Year: 2026 FIR No: 3361/2026 Date of FIR: 16/08/2026 Time: 05:20 2. Acts & Sections,CASE
T 1. District: Jaipur Police Station: NORTH Year: 2025 FIR No: 2208/2026 Date of FIR: 02/01/2025 Time: 23:40 2. Acts & Sections,CASE
District: Jaipur Police Station: RIVER ROAD Year: 2026 FIR No: 6601/2026 Date of FIR: 24/03/2026 Time: 20:20 2. Acts & Sections,CASE
. District: Pune Police Station: RIVER ROAD Year: 2025 FIR No: 9575/2026 Date of FIR: 27/07/2025 Time: 08:30 2. Acts & Sections,CASE
. District: Delhi NCR Police Station: NORTH Year: 2027 FIR No: 4287/2024 Date of FIR: 11/01/2027 Time: 04:20 2. Acts & Sections,CASE
District: Mumbai Police Station: RIVER ROAD Year: 2026 FIR No: 6858/2024 Date of FIR: 06/05/2026 Time: 03:00 2. Acts & Sections,CASE
District: Pune Police Station: CITY CENTER Year: 2025 FIR No: 0877/2025 Date of FIR: 29/03/2025 Time: 09:10 2. Acts & Sections,CASE
District: Mumbai Police Station: RIVER ROAD Year: 2026 FIR No: 5109/2026 Date of FIR: 28/04/2026 Time: 19:10 2. Acts & Sections,CASE
District: Lucknow Police Station: SECTOR 10 Year: 2026 FIR No: 9828/2025 Date of FIR: 23/02/2026 Time: 21:00 2. Acts & Sections,CASE
District: Bengaluru Police Station: CENTRAL Year: 2025 FIR No: 5895/2025 Date of FIR: 24/06/2025 Time: 05:30 2. Acts & Sections,CASE
. District: Bengaluru Police Station: SOUTH Year: 2026 FIR No: 2777/2025 Date of FIR: 02/10/2026 Time: 04:50 2. Acts & Sections,CASE
1. District: Mumbai Police Station: CENTRAL Year: 2026 FIR No: 7788/2026 Date of FIR: 17/10/2026 Time: 03:50 2. Acts & Sections,CASE
trict: Bengaluru Police Station: MODEL TOWN Year: 2025 FIR No: 8326/2024 Date of FIR: 15/11/2025 Time: 15:30 2. Acts & Sections,CASE
T 1. District: Pune Police Station: CENTRAL Year: 2026 FIR No: 4684/2025 Date of FIR: 27/10/2026 Time: 04:20 2. Acts & Sections,CASE
T 1. District: Pune Police Station: CENTRAL Year: 2027 FIR No: 2277/2024 Date of FIR: 07/05/2027 Time: 07:10 2. Acts & Sections,CASE
District: Jaipur Police Station: RIVER ROAD Year: 2025 FIR No: 6659/2025 Date of FIR: 23/10/2025 Time: 03:30 2. Acts & Sections,CASE
. District: Lucknow Police Station: CENTRAL Year: 2026 FIR No: 6163/2024 Date of FIR: 14/03/2026 Time: 10:40 2. Acts & Sections,CASE
1. District: Pune Police Station: SECTOR 10 Year: 2026 FIR No: 5432/2025 Date of FIR: 25/07/2026 Time: 16:00 2. Acts & Sections,CASE
istrict: Mumbai Police Station: CITY CENTER Year: 2025 FIR No: 5653/2025 Date of FIR: 11/04/2025 Time: 16:40 2. Acts & Sections,CASE
T 1. District: Mumbai Police Station: SOUTH Year: 2027 FIR No: 6677/2025 Date of FIR: 12/06/2027 Time: 02:10 2. Acts & Sections,CASE
1. District: Lucknow Police Station: NORTH Year: 2027 FIR No: 4981/2026 Date of FIR: 19/03/2027 Time: 19:30 2. Acts & Sections,CASE
District: Mumbai Police Station: MODEL TOWN Year: 2026 FIR No: 8376/2025 Date of FIR: 01/08/2026 Time: 04:50 2. Acts & Sections,CASE
T 1. District: Mumbai Police Station: NORTH Year: 2027 FIR No: 3830/2024 Date of FIR: 19/02/2027 Time: 13:00 2. Acts & Sections,CASE
1. District: Lucknow Police Station: NORTH Year: 2025 FIR No: 9598/2024 Date of FIR: 21/01/2025 Time: 08:40 2. Acts & Sections,CASE
T 1. District: Pune Police Station: CENTRAL Year: 2025 FIR No: 2127/2026 Date of FIR: 17/10/2025 Time: 00:40 2. Acts & Sections,CASE
. District: Pune Police Station: RIVER ROAD Year: 2025 FIR No: 6430/2024 Date of FIR: 07/10/2025 Time: 00:50 2. Acts & Sections,CASE
istrict: Lucknow Police Station: MODEL TOWN Year: 2026 FIR No: 3173/2024 Date of FIR: 03/03/2026 Time: 16:10 2. Acts & Sections,CASE
District: Pune Police Station: CITY CENTER Year: 2025 FIR No: 7111/2026 Date of FIR: 18/11/2025 Time: 01:20 2. Acts & Sections,CASE
District: Jaipur Police Station: RIVER ROAD Year: 2026 FIR No: 5914/2025 Date of FIR: 21/02/2026 Time: 19:10 2. Acts & Sections,CASE
1. District: Mumbai Police Station: CENTRAL Year: 2027 FIR No: 5732/2024 Date of FIR: 07/05/2027 Time: 10:00 2. Acts & Sections,CASE
trict: Delhi NCR Police Station: MODEL TOWN Year: 2025 FIR No: 5857/2024 Date of FIR: 12/07/2025 Time: 18:00 2. Acts & Sections,CASE
T 1. District: Mumbai Police Station: NORTH Year: 2026 FIR No: 5562/2024 Date of FIR: 05/07/2026 Time: 21:00 2. Acts & Sections,CASE
District: Jaipur Police Station: SECTOR 10 Year: 2026 FIR No: 3004/2025 Date of FIR: 09/03/2026 Time: 21:50 2. Acts & Sections,CASE
District: Mumbai Police Station: RIVER ROAD Year: 2026 FIR No: 2076/2025 Date of FIR: 03/07/2026 Time: 13:50 2. Acts & Sections,CASE
istrict: Jaipur Police Station: CITY CENTER Year: 2026 FIR No: 5592/2026 Date of FIR: 04/04/2026 Time: 19:00 2. Acts & Sections,CASE
1. District: Lucknow Police Station: SOUTH Year: 2026 FIR No: 3169/2024 Date of FIR: 03/08/2026 Time: 20:10 2. Acts & Sections,CASE
T 1. District: Mumbai Police Station: SOUTH Year: 2025 FIR No: 0862/2024 Date of FIR: 15/05/2025 Time: 13:40 2. Acts & Sections,CASE
1. District: Jaipur Police Station: CENTRAL Year: 2025 FIR No: 1899/2025 Date of FIR: 08/05/2025 Time: 19:30 2. Acts & Sections,CASE
1. District: Lucknow Police Station: NORTH Year: 2026 FIR No: 9712/2024 Date of FIR: 22/01/2026 Time: 17:20 2. Acts & Sections,CASE
District: Mumbai Police Station: SECTOR 10 Year: 2025 FIR No: 6710/2025 Date of FIR: 28/07/2025 Time: 01:00 2. Acts & Sections,CASE
rict: Delhi NCR Police Station: CITY CENTER Year: 2025 FIR No: 5787/2026 Date of FIR: 28/08/2025 Time: 22:30 2. Acts & Sections,CASE
District: Jaipur Police Station: SECTOR 10 Year: 2025 FIR No: 2244/2025 Date of FIR: 24/10/2025 Time: 06:10 2. Acts & Sections,CASE
T 1. District: Jaipur Police Station: SOUTH Year: 2026 FIR No: 4821/2025 Date of FIR: 20/06/2026 Time: 03:40 2. Acts & Sections,CASE
rict: Bengaluru Police Station: CITY CENTER Year: 2026 FIR No: 4711/2026 Date of FIR: 09/02/2026 Time: 07:10 2. Acts & Sections,CASE
T 1. District: Jaipur Police Station: NORTH Year: 2027 FIR No: 2321/2025 Date of FIR: 12/04/2027 Time: 09:40 2. Acts & Sections,CASE
istrict: Lucknow Police Station: MODEL TOWN Year: 2027 FIR No: 7673/2025 Date of FIR: 03/02/2027 Time: 01:10 2. Acts & Sections,CASE
rict: Delhi NCR Police Station: CITY CENTER Year: 2025 FIR No: 3075/2024 Date of FIR: 14/12/2025 Time: 17:00 2. Acts & Sections,CASE
1. District: Pune Police Station: SECTOR 10 Year: 2026 FIR No: 7306/2026 Date of FIR: 25/10/2026 Time: 12:10 2. Acts & Sections,CASE
trict: Delhi NCR Police Station: MODEL TOWN Year: 2027 FIR No: 4359/2025 Date of FIR: 19/04/2027 Time: 23:50 2. Acts & Sections,CASE
rict: Bengaluru Police Station: CITY CENTER Year: 2025 FIR No: 0142/2024 Date of FIR: 22/07/2025 Time: 01:30 2. Acts & Sections,CASE
trict: Bengaluru Police Station: RIVER ROAD Year: 2025 FIR No: 0905/2025 Date of FIR: 10/11/2025 Time: 19:50 2. Acts & Sections,CASE
District: Pune Police Station: CITY CENTER Year: 2025 FIR No: 0095/2026 Date of FIR: 19/05/2025 Time: 18:00 2. Acts & Sections,CASE
strict: Lucknow Police Station: CITY CENTER Year: 2026 FIR No: 5653/2024 Date of FIR: 30/01/2026 Time: 20:10 2. Acts & Sections,CASE
1. District: Mumbai Police Station: CENTRAL Year: 2025 FIR No: 0398/2024 Date of FIR: 28/02/2025 Time: 17:40 2. Acts & Sections,CASE
istrict: Lucknow Police Station: RIVER ROAD Year: 2025 FIR No: 6063/2025 Date of FIR: 16/12/2025 Time: 10:20 2. Acts & Sections,CASE
istrict: Lucknow Police Station: RIVER ROAD Year: 2025 FIR No: 3550/2026 Date of FIR: 30/10/2025 Time: 02:30 2. Acts & Sections,CASE
T 1. District: Pune Police Station: CENTRAL Year: 2027 FIR No: 4648/2024 Date of FIR: 20/06/2027 Time: 07:40 2. Acts & Sections,CASE
1. District: Jaipur Police Station: CENTRAL Year: 2025 FIR No: 4556/2026 Date of FIR: 30/08/2025 Time: 08:20 2. Acts & Sections,CASE
. District: Pune Police Station: MODEL TOWN Year: 2027 FIR No: 6590/2026 Date of FIR: 27/01/2027 Time: 09:40 2. Acts & Sections,CASE
. District: Lucknow Police Station: CENTRAL Year: 2025 FIR No: 9746/2026 Date of FIR: 06/06/2025 Time: 13:50 2. Acts & Sections,CASE
trict: Delhi NCR Police Station: MODEL TOWN Year: 2025 FIR No: 0864/2025 Date of FIR: 03/10/2025 Time: 21:40 2. Acts & Sections,CASE
. District: Bengaluru Police Station: NORTH Year: 2026 FIR No: 1415/2024 Date of FIR: 02/02/2026 Time: 00:00 2. Acts & Sections,CASE
1. District: Jaipur Police Station: CENTRAL Year: 2025 FIR No: 6441/2025 Date of FIR: 09/07/2025 Time: 15:10 2. Acts & Sections,CASE
District: Jaipur Police Station: RIVER ROAD Year: 2027 FIR No: 5311/2026 Date of FIR: 21/02/2027 Time: 17:50 2. Acts & Sections,CASE
. District: Delhi NCR Police Station: SOUTH Year: 2025 FIR No: 7418/2026 Date of FIR: 19/10/2025 Time: 02:30 2. Acts & Sections,CASE
District: Bengaluru Police Station: CENTRAL Year: 2026 FIR No: 6113/2025 Date of FIR: 17/03/2026 Time: 14:50 2. Acts & Sections,CASE
trict: Bengaluru Police Station: RIVER ROAD Year: 2027 FIR No: 1352/2024 Date of FIR: 07/03/2027 Time: 05:00 2. Acts & Sections,CASE
rict: Delhi NCR Police Station: CITY CENTER Year: 2025 FIR No: 0687/2024 Date of FIR: 10/06/2025 Time: 19:30 2. Acts & Sections,CASE
T 1. District: Mumbai Police Station: NORTH Year: 2027 FIR No: 8828/2025 Date of FIR: 24/04/2027 Time: 03:40 2. Acts & Sections,CASE
. District: Delhi NCR Police Station: SOUTH Year: 2025 FIR No: 0546/2026 Date of FIR: 28/06/2025 Time: 14:00 2. Acts & Sections,CASE
District: Mumbai Police Station: RIVER ROAD Year: 2027 FIR No: 8695/2025 Date of FIR: 02/03/2027 Time: 06:40 2. Acts & Sections,CASE
District: Jaipur Police Station: RIVER ROAD Year: 2025 FIR No: 2927/2026 Date of FIR: 10/05/2025 Time: 00:40 2. Acts & Sections,CASE
District: Pune Police Station: CITY CENTER Year: 2025 FIR No: 8566/2026 Date of FIR: 18/03/2025 Time: 02:30 2. Acts & Sections,CASE
. District: Pune Police Station: MODEL TOWN Year: 2027 FIR No: 6914/2025 Date of FIR: 05/04/2027 Time: 04:20 2. Acts & Sections,CASE
. District: Delhi NCR Police Station: NORTH Year: 2026 FIR No: 6264/2026 Date of FIR: 16/02/2026 Time: 01:00 2. Acts & Sections,CASE
T 1. District: Mumbai Police Station: NORTH Year: 2027 FIR No: 8030/2024 Date of FIR: 22/02/2027 Time: 19:20 2. Acts & Sections,CASE
rict: Delhi NCR Police Station: CITY CENTER Year: 2027 FIR No: 8403/2026 Date of FIR: 15/01/2027 Time: 18:10 2. Acts & Sections,CASE
trict: Delhi NCR Police Station: MODEL TOWN Year: 2025 FIR No: 0665/2024 Date of FIR: 20/03/2025 Time: 10:00 2. Acts & Sections,CASE
District: Pune Police Station: CITY CENTER Year: 2025 FIR No: 1129/2026 Date of FIR: 16/02/2025 Time: 17:40 2. Acts & Sections,CASE
District: Pune Police Station: CITY CENTER Year: 2025 FIR No: 8182/2025 Date of FIR: 20/03/2025 Time: 08:30 2. Acts & Sections,CASE
District: Jaipur Police Station: RIVER ROAD Year: 2025 FIR No: 7677/2026 Date of FIR: 18/09/2025 Time: 05:40 2. Acts & Sections,CASE
strict: Bengaluru Police Station: SECTOR 10 Year: 2027 FIR No: 5925/2026 Date of FIR: 04/05/2027 Time: 01:30 2. Acts & Sections,CASE
1. District: Jaipur Police Station: CENTRAL Year: 2025 FIR No: 4491/2024 Date of FIR: 12/04/2025 Time: 03:10 2. Acts & Sections,CASE
. District: Lucknow Police Station: CENTRAL Year: 2025 FIR No: 5245/2025 Date of FIR: 10/04/2025 Time: 05:30 2. Acts & Sections,CASE
District: Mumbai Police Station: SECTOR 10 Year: 2027 FIR No: 8444/2026 Date of FIR: 24/05/2027 Time: 06:00 2. Acts & Sections,CASE
District: Pune Police Station: CITY CENTER Year: 2025 FIR No: 3753/2025 Date of FIR: 30/12/2025 Time: 19:30 2. Acts & Sections,CASE
. District: Delhi NCR Police Station: SOUTH Year: 2025 FIR No: 4520/2026 Date of FIR: 03/09/2025 Time: 04:30 2. Acts & Sections,CASE
T 1. District: Mumbai Police Station: NORTH Year: 2025 FIR No: 4735/2026 Date of FIR: 20/08/2025 Time: 07:10 2. Acts & Sections,CASE
T 1. District: Mumbai Police Station: NORTH Year: 2026 FIR No: 4546/2025 Date of FIR: 14/07/2026 Time: 06:00 2. Acts & Sections,CASE
istrict: Lucknow Police Station: MODEL TOWN Year: 2025 FIR No: 9556/2025 Date of FIR: 29/09/2025 Time: 14:30 2. Acts & Sections,CASE
T 1. District: Pune Police Station: CENTRAL Year: 2026 FIR No: 9009/2024 Date of FIR: 25/10/2026 Time: 15:10 2. Acts & Sections,CASE
1. District: Lucknow Police Station: NORTH Year: 2026 FIR No: 1855/2025 Date of FIR: 05/12/2026 Time: 15:00 2. Acts & Sections,CASE
1. District: Lucknow Police Station: SOUTH Year: 2027 FIR No: 0833/2026 Date of FIR: 26/03/2027 Time: 11:10 2. Acts & Sections,CASE
strict: Delhi NCR Police Station: SECTOR 10 Year: 2026 FIR No: 7043/2025 Date of FIR: 16/09/2026 Time: 06:50 2. Acts & Sections,CASE
T 1. District: Pune Police Station: CENTRAL Year: 2025 FIR No: 7649/2025 Date of FIR: 30/12/2025 Time: 17:40 2. Acts & Sections,CASE
trict: Bengaluru Police Station: MODEL TOWN Year: 2026 FIR No: 8246/2024 Date of FIR: 11/12/2026 Time: 08:50 2. Acts & Sections,CASE
District: Pune Police Station: CITY CENTER Year: 2025 FIR No: 4064/2025 Date of FIR: 15/11/2025 Time: 17:00 2. Acts & Sections,CASE
. District: Pune Police Station: RIVER ROAD Year: 2026 FIR No: 5548/2024 Date of FIR: 05/03/2026 Time: 23:10 2. Acts & Sections,CASE
ORT 1. District: Pune Police Station: NORTH Year: 2025 FIR No: 3310/2026 Date of FIR: 21/05/2025 Time: 00:40 2. Acts & Sections,CASE
. District: Delhi NCR Police Station: SOUTH Year: 2026 FIR No: 5871/2025 Date of FIR: 22/03/2026 Time: 23:20 2. Acts & Sections,CASE
. District: Bengaluru Police Station: SOUTH Year: 2025 FIR No: 7933/2025 Date of FIR: 27/06/2025 Time: 14:20 2. Acts & Sections,CASE
. District: Pune Police Station: MODEL TOWN Year: 2025 FIR No: 4795/2025 Date of FIR: 21/08/2025 Time: 14:50 2. Acts & Sections,CASE
strict: Bengaluru Police Station: SECTOR 10 Year: 2025 FIR No: 5733/2026 Date of FIR: 11/03/2025 Time: 01:40 2. Acts & Sections,CASE
District: Lucknow Police Station: SECTOR 10 Year: 2026 FIR No: 5721/2025 Date of FIR: 24/03/2026 Time: 03:40 2. Acts & Sections,CASE
trict: Delhi NCR Police Station: RIVER ROAD Year: 2027 FIR No: 5498/2026 Date of FIR: 30/03/2027 Time: 06:00 2. Acts & Sections,CASE
District: Jaipur Police Station: MODEL TOWN Year: 2025 FIR No: 0725/2024 Date of FIR: 21/02/2025 Time: 23:50 2. Acts & Sections,CASE
strict: Delhi NCR Police Station: SECTOR 10 Year: 2026 FIR No: 2839/2026 Date of FIR: 23/08/2026 Time: 14:10 2. Acts & Sections,CASE
1. District: Mumbai Police Station: CENTRAL Year: 2026 FIR No: 4068/2025 Date of FIR: 30/11/2026 Time: 09:10 2. Acts & Sections,CASE
strict: Bengaluru Police Station: SECTOR 10 Year: 2027 FIR No: 3082/2026 Date of FIR: 06/05/2027 Time: 17:00 2. Acts & Sections,CASE
trict: Bengaluru Police Station: RIVER ROAD Year: 2027 FIR No: 1943/2024 Date of FIR: 14/05/2027 Time: 00:00 2. Acts & Sections,CASE
ORT 1. District: Pune Police Station: SOUTH Year: 2027 FIR No: 5823/2026 Date of FIR: 15/06/2027 Time: 08:30 2. Acts & Sections,CASE
. District: Bengaluru Police Station: NORTH Year: 2026 FIR No: 5746/2024 Date of FIR: 13/09/2026 Time: 07:50 2. Acts & Sections,CASE
trict: Delhi NCR Police Station: MODEL TOWN Year: 2026 FIR No: 6262/2025 Date of FIR: 16/11/2026 Time: 19:50 2. Acts & Sections,CASE
trict: Bengaluru Police Station: RIVER ROAD Year: 2026 FIR No: 0398/2024 Date of FIR: 18/01/2026 Time: 23:30 2. Acts & Sections,CASE
1. District: Jaipur Police Station: CENTRAL Year: 2026 FIR No: 3914/2026 Date of FIR: 06/05/2026 Time: 07:40 2. Acts & Sections,CASE
rict: Bengaluru Police Station: CITY CENTER Year: 2025 FIR No: 8437/2024 Date of FIR: 07/11/2025 Time: 16:50 2. Acts & Sections,CASE
istrict: Lucknow Police Station: MODEL TOWN Year: 2026 FIR No: 6249/2026 Date of FIR: 19/06/2026 Time: 11:30 2. Acts & Sections,CASE
District: Jaipur Police Station: MODEL TOWN Year: 2025 FIR No: 3173/2026 Date of FIR: 12/05/2025 Time: 14:20 2. Acts & Sections,CASE
. District: Lucknow Police Station: CENTRAL Year: 2025 FIR No: 9480/2025 Date of FIR: 07/05/2025 Time: 12:20 2. Acts & Sections,CASE
1. District: Jaipur Police Station: CENTRAL Year: 2026 FIR No: 9438/2025 Date of FIR: 11/02/2026 Time: 01:10 2. Acts & Sections,CASE
. District: Lucknow Police Station: CENTRAL Year: 2025 FIR No: 7502/2025 Date of FIR: 08/09/2025 Time: 22:50 2. Acts & Sections,CASE
1. District: Mumbai Police Station: CENTRAL Year: 2025 FIR No: 7954/2025 Date of FIR: 12/01/2025 Time: 06:50 2. Acts & Sections,CASE
trict: Delhi NCR Police Station: RIVER ROAD Year: 2027 FIR No: 9753/2025 Date of FIR: 18/02/2027 Time: 06:50 2. Acts & Sections,CASE
1. District: Lucknow Police Station: NORTH Year: 2027 FIR No: 5994/2024 Date of FIR: 05/01/2027 Time: 16:40 2. Acts & Sections,CASE
. District: Delhi NCR Police Station: NORTH Year: 2026 FIR No: 1508/2024 Date of FIR: 27/06/2026 Time: 09:20 2. Acts & Sections,CASE
District: Jaipur Police Station: RIVER ROAD Year: 2027 FIR No: 0367/2025 Date of FIR: 01/06/2027 Time: 04:40 2. Acts & Sections,CASE
T 1. District: Jaipur Police Station: SOUTH Year: 2025 FIR No: 0229/2024 Date of FIR: 26/08/2025 Time: 14:20 2. Acts & Sections,CASE
1. District: Lucknow Police Station: SOUTH Year: 2025 FIR No: 4147/2026 Date of FIR: 14/08/2025 Time: 16:00 2. Acts & Sections,CASE
District: Pune Police Station: CITY CENTER Year: 2025 FIR No: 1219/2025 Date of FIR: 27/05/2025 Time: 19:20 2. Acts & Sections,CASE
T 1. District: Jaipur Police Station: NORTH Year: 2027 FIR No: 6568/2024 Date of FIR: 02/03/2027 Time: 04:00 2. Acts & Sections,CASE
rict: Delhi NCR Police Station: CITY CENTER Year: 2027 FIR No: 8219/2026 Date of FIR: 19/06/2027 Time: 00:00 2. Acts & Sections,CASE
District: Jaipur Police Station: MODEL TOWN Year: 2026 FIR No: 3323/2026 Date of FIR: 04/03/2026 Time: 14:50 2. Acts & Sections,CASE
District: Lucknow Police Station: SECTOR 10 Year: 2026 FIR No: 7098/2026 Date of FIR: 14/05/2026 Time: 21:00 2. Acts & Sections,CASE
. District: Delhi NCR Police Station: SOUTH Year: 2025 FIR No: 1919/2024 Date of FIR: 19/03/2025 Time: 02:50 2. Acts & Sections,CASE
T 1. District: Mumbai Police Station: NORTH Year: 2025 FIR No: 6808/2025 Date of FIR: 02/10/2025 Time: 10:20 2. Acts & Sections,CASE
T 1. District: Pune Police Station: CENTRAL Year: 2025 FIR No: 9164/2025 Date of FIR: 31/03/2025 Time: 06:20 2. Acts & Sections,CASE
trict: Bengaluru Police Station: RIVER ROAD Year: 2026 FIR No: 8498/2025 Date of FIR: 23/07/2026 Time: 02:00 2. Acts & Sections,CASE
trict: Delhi NCR Police Station: MODEL TOWN Year: 2026 FIR No: 6699/2026 Date of FIR: 31/05/2026 Time: 19:10 2. Acts & Sections,CASE
ORT 1. District: Pune Police Station: NORTH Year: 2025 FIR No: 6282/2025 Date of FIR: 13/06/2025 Time: 14:00 2. Acts & Sections,CASE
District: Lucknow Police Station: SECTOR 10 Year: 2026 FIR No: 7664/2026 Date of FIR: 21/08/2026 Time: 01:50 2. Acts & Sections,CASE
istrict: Lucknow Police Station: RIVER ROAD Year: 2026 FIR No: 7154/2025 Date of FIR: 27/02/2026 Time: 16:50 2. Acts & Sections,CASE
1. District: Lucknow Police Station: SOUTH Year: 2026 FIR No: 4997/2025 Date of FIR: 23/02/2026 Time: 18:30 2. Acts & Sections,CASE
District: Mumbai Police Station: SECTOR 10 Year: 2026 FIR No: 8712/2024 Date of FIR: 07/10/2026 Time: 15:50 2. Acts & Sections,CASE
. District: Delhi NCR Police Station: NORTH Year: 2025 FIR No: 0285/2026 Date of FIR: 24/07/2025 Time: 15:50 2. Acts & Sections,CASE
trict: Delhi NCR Police Station: MODEL TOWN Year: 2025 FIR No: 4464/2024 Date of FIR: 16/01/2025 Time: 20:20 2. Acts & Sections,CASE
strict: Bengaluru Police Station: SECTOR 10 Year: 2025 FIR No: 1137/2024 Date of FIR: 22/10/2025 Time: 17:00 2. Acts & Sections,CASE
District: Mumbai Police Station: SECTOR 10 Year: 2027 FIR No: 6196/2026 Date of FIR: 23/03/2027 Time: 14:50 2. Acts & Sections,CASE
trict: Delhi NCR Police Station: RIVER ROAD Year: 2026 FIR No: 4083/2026 Date of FIR: 09/04/2026 Time: 02:20 2. Acts & Sections,CASE
rict: Bengaluru Police Station: CITY CENTER Year: 2025 FIR No: 8189/2025 Date of FIR: 18/03/2025 Time: 21:40 2. Acts & Sections,CASE
istrict: Jaipur Police Station: CITY CENTER Year: 2025 FIR No: 4186/2025 Date of FIR: 08/03/2025 Time: 18:30 2. Acts & Sections,CASE
rict: Delhi NCR Police Station: CITY CENTER Year: 2025 FIR No: 2295/2025 Date of FIR: 15/02/2025 Time: 18:10 2. Acts & Sections,CASE
District: Lucknow Police Station: SECTOR 10 Year: 2027 FIR No: 5281/2024 Date of FIR: 28/01/2027 Time: 02:20 2. Acts & Sections,CASE
District: Pune Police Station: CITY CENTER Year: 2026 FIR No: 2356/2025 Date of FIR: 07/02/2026 Time: 18:40 2. Acts & Sections,CASE
trict: Delhi NCR Police Station: MODEL TOWN Year: 2026 FIR No: 7896/2025 Date of FIR: 29/03/2026 Time: 06:10 2. Acts & Sections,CASE
trict: Bengaluru Police Station: MODEL TOWN Year: 2027 FIR No: 6421/2026 Date of FIR: 08/03/2027 Time: 09:10 2. Acts & Sections,CASE
District: Bengaluru Police Station: CENTRAL Year: 2026 FIR No: 1343/2024 Date of FIR: 24/07/2026 Time: 03:20 2. Acts & Sections,CASE
District: Lucknow Police Station: SECTOR 10 Year: 2027 FIR No: 0039/2024 Date of FIR: 17/01/2027 Time: 07:20 2. Acts & Sections,CASE
ORT 1. District: Pune Police Station: NORTH Year: 2025 FIR No: 0280/2025 Date of FIR: 17/06/2025 Time: 12:20 2. Acts & Sections,CASE
ORT 1. District: Pune Police Station: NORTH Year: 2025 FIR No: 0561/2026 Date of FIR: 06/02/2025 Time: 16:00 2. Acts & Sections,CASE
District: Jaipur Police Station: MODEL TOWN Year: 2026 FIR No: 4837/2025 Date of FIR: 27/05/2026 Time: 09:20 2. Acts & Sections,CASE
1. District: Lucknow Police Station: NORTH Year: 2025 FIR No: 3915/2025 Date of FIR: 01/08/2025 Time: 01:40 2. Acts & Sections,CASE
ORT 1. District: Pune Police Station: NORTH Year: 2026 FIR No: 0303/2026 Date of FIR: 13/06/2026 Time: 12:20 2. Acts & Sections,CASE
1. District: Lucknow Police Station: NORTH Year: 2026 FIR No: 3641/2025 Date of FIR: 06/11/2026 Time: 20:00 2. Acts & Sections,CASE
trict: Bengaluru Police Station: RIVER ROAD Year: 2025 FIR No: 3953/2024 Date of FIR: 18/07/2025 Time: 10:40 2. Acts & Sections,CASE
. District: Bengaluru Police Station: SOUTH Year: 2026 FIR No: 6245/2026 Date of FIR: 10/11/2026 Time: 21:30 2. Acts & Sections,CASE
. District: Delhi NCR Police Station: SOUTH Year: 2027 FIR No: 0870/2024 Date of FIR: 13/04/2027 Time: 04:20 2. Acts & Sections,CASE
istrict: Jaipur Police Station: CITY CENTER Year: 2026 FIR No: 6001/2026 Date of FIR: 25/03/2026 Time: 06:50 2. Acts & Sections,CASE
strict: Bengaluru Police Station: SECTOR 10 Year: 2025 FIR No: 0278/2026 Date of FIR: 08/09/2025 Time: 11:00 2. Acts & Sections,CASE
. District: Delhi NCR Police Station: SOUTH Year: 2025 FIR No: 2546/2024 Date of FIR: 03/10/2025 Time: 23:30 2. Acts & Sections,CASE
District: Jaipur Police Station: RIVER ROAD Year: 2025 FIR No: 6546/2026 Date of FIR: 26/11/2025 Time: 01:40 2. Acts & Sections,CASE
T 1. District: Mumbai Police Station: NORTH Year: 2025 FIR No: 5334/2026 Date of FIR: 22/05/2025 Time: 04:30 2. Acts & Sections,CASE
District: Mumbai Police Station: MODEL TOWN Year: 2026 FIR No: 3547/2025 Date of FIR: 31/10/2026 Time: 03:30 2. Acts & Sections,CASE
. District: Bengaluru Police Station: SOUTH Year: 2027 FIR No: 7275/2024 Date of FIR: 24/05/2027 Time: 01:10 2. Acts & Sections,CASE
ORT 1. District: Pune Police Station: NORTH Year: 2027 FIR No: 3747/2024 Date of FIR: 12/06/2027 Time: 18:00 2. Acts & Sections,CASE
1. District: Pune Police Station: SECTOR 10 Year: 2025 FIR No: 7900/2025 Date of FIR: 26/05/2025 Time: 14:40 2. Acts & Sections,CASE
. District: Bengaluru Police Station: SOUTH Year: 2026 FIR No: 2753/2026 Date of FIR: 01/04/2026 Time: 14:10 2. Acts & Sections,CASE
. District: Bengaluru Police Station: SOUTH Year: 2026 FIR No: 9728/2024 Date of FIR: 16/06/2026 Time: 17:50 2. Acts & Sections,CASE
strict: Delhi NCR Police Station: SECTOR 10 Year: 2026 FIR No: 8816/2026 Date of FIR: 24/05/2026 Time: 10:10 2. Acts & Sections,CASE
District: Mumbai Police Station: RIVER ROAD Year: 2026 FIR No: 4076/2026 Date of FIR: 12/11/2026 Time: 09:00 2. Acts & Sections,CASE
. District: Bengaluru Police Station: SOUTH Year: 2026 FIR No: 2135/2026 Date of FIR: 10/10/2026 Time: 11:20 2. Acts & Sections,CASE
District: Jaipur Police Station: RIVER ROAD Year: 2025 FIR No: 2479/2026 Date of FIR: 06/04/2025 Time: 08:40 2. Acts & Sections,CASE
. District: Lucknow Police Station: CENTRAL Year: 2026 FIR No: 0110/2024 Date of FIR: 05/10/2026 Time: 22:20 2. Acts & Sections,CASE
trict: Bengaluru Police Station: RIVER ROAD Year: 2025 FIR No: 0192/2024 Date of FIR: 21/05/2025 Time: 11:10 2. Acts & Sections,CASE
. District: Delhi NCR Police Station: SOUTH Year: 2027 FIR No: 8932/2026 Date of FIR: 15/02/2027 Time: 12:20 2. Acts & Sections,CASE
. District: Delhi NCR Police Station: SOUTH Year: 2025 FIR No: 5377/2026 Date of FIR: 01/04/2025 Time: 21:30 2. Acts & Sections,CASE
strict: Lucknow Police Station: CITY CENTER Year: 2025 FIR No: 9250/2025 Date of FIR: 18/03/2025 Time: 19:40 2. Acts & Sections,CASE
T 1. District: Mumbai Police Station: NORTH Year: 2025 FIR No: 5323/2025 Date of FIR: 01/03/2025 Time: 18:00 2. Acts & Sections,CASE
. District: Pune Police Station: RIVER ROAD Year: 2026 FIR No: 9394/2026 Date of FIR: 26/04/2026 Time: 06:10 2. Acts & Sections,CASE
istrict: Mumbai Police Station: CITY CENTER Year: 2025 FIR No: 4067/2026 Date of FIR: 06/06/2025 Time: 10:20 2. Acts & Sections,CASE
trict: Delhi NCR Police Station: MODEL TOWN Year: 2025 FIR No: 6292/2025 Date of FIR: 06/04/2025 Time: 05:40 2. Acts & Sections,CASE
trict: Delhi NCR Police Station: MODEL TOWN Year: 2026 FIR No: 1110/2024 Date of FIR: 26/10/2026 Time: 14:20 2. Acts & Sections,CASE
. District: Pune Police Station: RIVER ROAD Year: 2026 FIR No: 4068/2026 Date of FIR: 14/10/2026 Time: 07:20 2. Acts & Sections,CASE
1. District: Jaipur Police Station: CENTRAL Year: 2026 FIR No: 3500/2024 Date of FIR: 29/10/2026 Time: 00:00 2. Acts & Sections,CASE
trict: Delhi NCR Police Station: RIVER ROAD Year: 2025 FIR No: 5873/2025 Date of FIR: 22/11/2025 Time: 08:20 2. Acts & Sections,CASE
District: Bengaluru Police Station: CENTRAL Year: 2025 FIR No: 1170/2025 Date of FIR: 19/09/2025 Time: 16:20 2. Acts & Sections,CASE
trict: Bengaluru Police Station: RIVER ROAD Year: 2026 FIR No: 5518/2025 Date of FIR: 28/12/2026 Time: 06:50 2. Acts & Sections,CASE
District: Jaipur Police Station: MODEL TOWN Year: 2026 FIR No: 8194/2026 Date of FIR: 26/03/2026 Time: 07:30 2. Acts & Sections,CASE
District: Jaipur Police Station: RIVER ROAD Year: 2025 FIR No: 1148/2024 Date of FIR: 17/12/2025 Time: 07:20 2. Acts & Sections,CASE
1. District: Lucknow Police Station: NORTH Year: 2026 FIR No: 5856/2026 Date of FIR: 25/04/2026 Time: 20:40 2. Acts & Sections,CASE
trict: Delhi NCR Police Station: RIVER ROAD Year: 2025 FIR No: 2467/2025 Date of FIR: 29/12/2025 Time: 03:00 2. Acts & Sections,CASE
trict: Bengaluru Police Station: MODEL TOWN Year: 2025 FIR No: 9102/2024 Date of FIR: 09/08/2025 Time: 06:30 2. Acts & Sections,CASE
istrict: Mumbai Police Station: CITY CENTER Year: 2025 FIR No: 4188/2024 Date of FIR: 24/05/2025 Time: 06:00 2. Acts & Sections,CASE
strict: Lucknow Police Station: CITY CENTER Year: 2027 FIR No: 8018/2026 Date of FIR: 16/05/2027 Time: 15:10 2. Acts & Sections,CASE
istrict: Mumbai Police Station: CITY CENTER Year: 2027 FIR No: 3920/2024 Date of FIR: 30/01/2027 Time: 14:00 2. Acts & Sections,CASE
istrict: Lucknow Police Station: RIVER ROAD Year: 2026 FIR No: 7442/2026 Date of FIR: 27/09/2026 Time: 22:10 2. Acts & Sections,CASE
. District: Bengaluru Police Station: SOUTH Year: 2025 FIR No: 9027/2024 Date of FIR: 18/08/2025 Time: 16:50 2. Acts & Sections,CASE
istrict: Jaipur Police Station: CITY CENTER Year: 2026 FIR No: 5660/2025 Date of FIR: 30/01/2026 Time: 02:30 2. Acts & Sections,CASE
trict: Bengaluru Police Station: MODEL TOWN Year: 2027 FIR No: 5403/2024 Date of FIR: 21/03/2027 Time: 02:30 2. Acts & Sections,CASE
District: Jaipur Police Station: RIVER ROAD Year: 2026 FIR No: 5727/2026 Date of FIR: 28/10/2026 Time: 07:50 2. Acts & Sections,CASE
District: Bengaluru Police Station: CENTRAL Year: 2026 FIR No: 2586/2026 Date of FIR: 13/06/2026 Time: 14:00 2. Acts & Sections,CASE
T 1. District: Jaipur Police Station: NORTH Year: 2026 FIR No: 2257/2025 Date of FIR: 23/09/2026 Time: 13:00 2. Acts & Sections,CASE
District: Pune Police Station: CITY CENTER Year: 2026 FIR No: 6132/2025 Date of FIR: 24/10/2026 Time: 09:00 2. Acts & Sections,CASE
. District: Delhi NCR Police Station: NORTH Year: 2026 FIR No: 7592/2025 Date of FIR: 06/02/2026 Time: 18:20 2. Acts & Sections,CASE
. District: Delhi NCR Police Station: SOUTH Year: 2025 FIR No: 6605/2024 Date of FIR: 23/02/2025 Time: 13:50 2. Acts & Sections,CASE
District: Delhi NCR Police Station: CENTRAL Year: 2026 FIR No: 9047/2026 Date of FIR: 20/09/2026 Time: 20:40 2. Acts & Sections,CASE
istrict: Mumbai Police Station: CITY CENTER Year: 2025 FIR No: 3886/2024 Date of FIR: 01/07/2025 Time: 16:50 2. Acts & Sections,CASE
istrict: Mumbai Police Station: CITY CENTER Year: 2025 FIR No: 4149/2026 Date of FIR: 19/02/2025 Time: 21:30 2. Acts & Sections,CASE
1. District: Lucknow Police Station: SOUTH Year: 2026 FIR No: 1969/2026 Date of FIR: 14/11/2026 Time: 22:10 2. Acts & Sections,CASE
trict: Delhi NCR Police Station: RIVER ROAD Year: 2025 FIR No: 6911/2026 Date of FIR: 03/10/2025 Time: 16:10 2. Acts & Sections,CASE
District: Jaipur Police Station: SECTOR 10 Year: 2026 FIR No: 4909/2026 Date of FIR: 03/12/2026 Time: 14:00 2. Acts & Sections,CASE
trict: Bengaluru Police Station: MODEL TOWN Year: 2025 FIR No: 1816/2026 Date of FIR: 23/02/2025 Time: 12:00 2. Acts & Sections,CASE
Date of FIR: 05/09/2026,DATE
Occurrence on 06/09/2026,DATE
Date 2026-09-07,DATE
"bai Police Station: NORTH Year: 2027 FIR No: 6601/2024 Date of FIR: 16/04/2027 Time: 07:40 2. Acts & Sections: 468, 471 5. Place of O",DATE
"olice Station: RIVER ROAD Year: 2026 FIR No: 5991/2026 Date of FIR: 17/11/2026 Time: 22:00 2. Acts & Sections: 506, 411 5. Place of O",DATE
"olice Station: RIVER ROAD Year: 2026 FIR No: 9586/2024 Date of FIR: 08/03/2026 Time: 22:00 2. Acts & Sections: 471, 411 5. Place of O",DATE
"olice Station: RIVER ROAD Year: 2026 FIR No: 9016/2024 Date of FIR: 23/02/2026 Time: 20:00 2. Acts & Sections: 34, 420 5. Place of Oc",DATE
"w Police Station: CENTRAL Year: 2025 FIR No: 2023/2025 Date of FIR: 10/01/2025 Time: 17:00 2. Acts & Sections: 506, 34 5. Place of Oc",DATE
"Police Station: SECTOR 10 Year: 2025 FIR No: 8652/2024 Date of FIR: 10/10/2025 Time: 03:30 2. Acts & Sections: 411, 468 5. Place of O",DATE
"lice Station: CITY CENTER Year: 2026 FIR No: 3667/2024 Date of FIR: 29/09/2026 Time: 05:30 2. Acts & Sections: 406, 420 5. Place of O",DATE
"olice Station: MODEL TOWN Year: 2026 FIR No: 8876/2026 Date of FIR: 14/04/2026 Time: 22:50 2. Acts & Sections: 468, 420 5. Place of O",DATE
"olice Station: MODEL TOWN Year: 2026 FIR No: 7232/2025 Date of FIR: 15/09/2026 Time: 21:30 2. Acts & Sections: 506, 468 5. Place of O",DATE
"Police Station: SECTOR 10 Year: 2025 FIR No: 6105/2024 Date of FIR: 29/09/2025 Time: 20:00 2. Acts & Sections: 506, 420 5. Place of O",DATE
"lice Station: CITY CENTER Year: 2027 FIR No: 3237/2026 Date of FIR: 14/06/2027 Time: 16:20 2. Acts & Sections: 420, 406 5. Place of O",DATE
"now Police Station: NORTH Year: 2025 FIR No: 6722/2026 Date of FIR: 19/02/2025 Time: 09:30 2. Acts & Sections: 34, 406 5. Place of Oc",DATE
"uru Police Station: SOUTH Year: 2026 FIR No: 6848/2025 Date of FIR: 22/05/2026 Time: 05:20 2. Acts & Sections: 406, 34 5. Place of Oc",DATE
"i Police Station: CENTRAL Year: 2025 FIR No: 9175/2026 Date of FIR: 07/02/2025 Time: 01:10 2. Acts & Sections: 411, 420 5. Place of O",DATE
"Police Station: SECTOR 10 Year: 2025 FIR No: 4641/2026 Date of FIR: 11/07/2025 Time: 23:50 2. Acts & Sections: 411, 468 5. Place of O",DATE
"now Police Station: SOUTH Year: 2027 FIR No: 9170/2024 Date of FIR: 16/06/2027 Time: 09:20 2. Acts & Sections: 468, 420 5. Place of O",DATE
"now Police Station: NORTH Year: 2026 FIR No: 4089/2025 Date of FIR: 27/05/2026 Time: 12:50 2. Acts & Sections: 420, 411 5. Place of O",DATE
"Police Station: SECTOR 10 Year: 2026 FIR No: 7807/2024 Date of FIR: 25/04/2026 Time: 22:50 2. Acts & Sections: 379, 411 5. Place of O",DATE
"e Police Station: CENTRAL Year: 2026 FIR No: 9643/2026 Date of FIR: 27/04/2026 Time: 11:30 2. Acts & Sections: 34, 420 5. Place of Oc",DATE
"Police Station: SECTOR 10 Year: 2027 FIR No: 2024/2025 Date of FIR: 28/03/2027 Time: 16:30 2. Acts & Sections: 420, 34 5. Place of Oc",DATE
"r Police Station: CENTRAL Year: 2026 FIR No: 7235/2025 Date of FIR: 12/04/2026 Time: 15:10 2. Acts & Sections: 34, 471 5. Place of Oc",DATE
"olice Station: RIVER ROAD Year: 2025 FIR No: 2073/2025 Date of FIR: 16/12/2025 Time: 16:40 2. Acts & Sections: 471, 406 5. Place of O",DATE
"bai Police Station: NORTH Year: 2026 FIR No: 6221/2026 Date of FIR: 16/08/2026 Time: 14:30 2. Acts & Sections: 411, 471 5. Place of O",DATE
"lice Station: CITY CENTER Year: 2025 FIR No: 5117/2025 Date of FIR: 01/12/2025 Time: 00:50 2. Acts & Sections: 471, 420 5. Place of O",DATE
"NCR Police Station: SOUTH Year: 2026 FIR No: 2992/2024 Date of FIR: 01/01/2026 Time: 11:50 2. Acts & Sections: 34, 420 5. Place of Oc",DATE
"pur Police Station: SOUTH Year: 2026 FIR No: 1120/2025 Date of FIR: 05/01/2026 Time: 14:20 2. Acts & Sections: 34, 379 5. Place of Oc",DATE
"r Police Station: CENTRAL Year: 2026 FIR No: 3361/2026 Date of FIR: 16/08/2026 Time: 05:20 2. Acts & Sections: 468, 471 5. Place of O",DATE
"pur Police Station: NORTH Year: 2025 FIR No: 2208/2026 Date of FIR: 02/01/2025 Time: 23:40 2. Acts & Sections: 420, 411 5. Place of O",DATE
"olice Station: RIVER ROAD Year: 2026 FIR No: 6601/2026 Date of FIR: 24/03/2026 Time: 20:20 2. Acts & Sections: 506, 411 5. Place of O",DATE
"olice Station: RIVER ROAD Year: 2025 FIR No: 9575/2026 Date of FIR: 27/07/2025 Time: 08:30 2. Acts & Sections: 34, 471 5. Place of Oc",DATE
"NCR Police Station: NORTH Year: 2027 FIR No: 4287/2024 Date of FIR: 11/01/2027 Time: 04:20 2. Acts & Sections: 506, 468 5. Place of O",DATE
"olice Station: RIVER ROAD Year: 2026 FIR No: 6858/2024 Date of FIR: 06/05/2026 Time: 03:00 2. Acts & Sections: 406, 468 5. Place of O",DATE
"lice Station: CITY CENTER Year: 2025 FIR No: 0877/2025 Date of FIR: 29/03/2025 Time: 09:10 2. Acts & Sections: 379, 34 5. Place of Oc",DATE
"olice Station: RIVER ROAD Year: 2026 FIR No: 5109/2026 Date of FIR: 28/04/2026 Time: 19:10 2. Acts & Sections: 468, 471 5. Place of O",DATE
"Police Station: SECTOR 10 Year: 2026 FIR No: 9828/2025 Date of FIR: 23/02/2026 Time: 21:00 2. Acts & Sections: 379, 468 5. Place of O",DATE
"u Police Station: CENTRAL Year: 2025 FIR No: 5895/2025 Date of FIR: 24/06/2025 Time: 05:30 2. Acts & Sections: 411, 468 5. Place of O",DATE
"uru Police Station: SOUTH Year: 2026 FIR No: 2777/2025 Date of FIR: 02/10/2026 Time: 04:50 2. Acts & Sections: 379, 420 5. Place of O",DATE
"i Police Station: CENTRAL Year: 2026 FIR No: 7788/2026 Date of FIR: 17/10/2026 Time: 03:50 2. Acts & Sections: 420, 379 5. Place of O",DATE
"olice Station: MODEL TOWN Year: 2025 FIR No: 8326/2024 Date of FIR: 15/11/2025 Time: 15:30 2. Acts & Sections: 506, 34 5. Place of Oc",DATE
"e Police Station: CENTRAL Year: 2026 FIR No: 4684/2025 Date of FIR: 27/10/2026 Time: 04:20 2. Acts & Sections: 406, 411 5. Place of O",DATE
"e Police Station: CENTRAL Year: 2027 FIR No: 2277/2024 Date of FIR: 07/05/2027 Time: 07:10 2. Acts & Sections: 506, 34 5. Place of Oc",DATE
"olice Station: RIVER ROAD Year: 2025 FIR No: 6659/2025 Date of FIR: 23/10/2025 Time: 03:30 2. Acts & Sections: 406, 506 5. Place of O",DATE
"w Police Station: CENTRAL Year: 2026 FIR No: 6163/2024 Date of FIR: 14/03/2026 Time: 10:40 2. Acts & Sections: 379, 506 5. Place of O",DATE
"Police Station: SECTOR 10 Year: 2026 FIR No: 5432/2025 Date of FIR: 25/07/2026 Time: 16:00 2. Acts & Sections: 468, 379 5. Place of O",DATE
"lice Station: CITY CENTER Year: 2025 FIR No: 5653/2025 Date of FIR: 11/04/2025 Time: 16:40 2. Acts & Sections: 468, 34 5. Place of Oc",DATE
"bai Police Station: SOUTH Year: 2027 FIR No: 6677/2025 Date of FIR: 12/06/2027 Time: 02:10 2. Acts & Sections: 420, 379 5. Place of O",DATE
"now Police Station: NORTH Year: 2027 FIR No: 4981/2026 Date of FIR: 19/03/2027 Time: 19:30 2. Acts & Sections: 468, 406 5. Place of O",DATE
"olice Station: MODEL TOWN Year: 2026 FIR No: 8376/2025 Date of FIR: 01/08/2026 Time: 04:50 2. Acts & Sections: 411, 471 5. Place of O",DATE
"bai Police Station: NORTH Year: 2027 FIR No: 3830/2024 Date of FIR: 19/02/2027 Time: 13:00 2. Acts & Sections: 471, 34 5. Place of Oc",DATE
"now Police Station: NORTH Year: 2025 FIR No: 9598/2024 Date of FIR: 21/01/2025 Time: 08:40 2. Acts & Sections: 34, 468 5. Place of Oc",DATE
"e Police Station: CENTRAL Year: 2025 FIR No: 2127/2026 Date of FIR: 17/10/2025 Time: 00:40 2. Acts & Sections: 506, 34 5. Place of Oc",DATE
"olice Station: RIVER ROAD Year: 2025 FIR No: 6430/2024 Date of FIR: 07/10/2025 Time: 00:50 2. Acts & Sections: 379, 468 5. Place of O",DATE
"olice Station: MODEL TOWN Year: 2026 FIR No: 3173/2024 Date of FIR: 03/03/2026 Time: 16:10 2. Acts & Sections: 471, 468 5. Place of O",DATE
"lice Station: CITY CENTER Year: 2025 FIR No: 7111/2026 Date of FIR: 18/11/2025 Time: 01:20 2. Acts & Sections: 420, 471 5. Place of O",DATE
"olice Station: RIVER ROAD Year: 2026 FIR No: 5914/2025 Date of FIR: 21/02/2026 Time: 19:10 2. Acts & Sections: 34, 471 5. Place of Oc",DATE
"i Police Station: CENTRAL Year: 2027 FIR No: 5732/2024 Date of FIR: 07/05/2027 Time: 10:00 2. Acts & Sections: 411, 506 5. Place of O",DATE
"olice Station: MODEL TOWN Year: 2025 FIR No: 5857/2024 Date of FIR: 12/07/2025 Time: 18:00 2. Acts & Sections: 468, 420 5. Place of O",DATE
"bai Police Station: NORTH Year: 2026 FIR No: 5562/2024 Date of FIR: 05/07/2026 Time: 21:00 2. Acts & Sections: 406, 471 5. Place of O",DATE
"Police Station: SECTOR 10 Year: 2026 FIR No: 3004/2025 Date of FIR: 09/03/2026 Time: 21:50 2. Acts & Sections: 471, 468 5. Place of O",DATE
"olice Station: RIVER ROAD Year: 2026 FIR No: 2076/2025 Date of FIR: 03/07/2026 Time: 13:50 2. Acts & Sections: 411, 379 5. Place of O",DATE
"lice Station: CITY CENTER Year: 2026 FIR No: 5592/2026 Date of FIR: 04/04/2026 Time: 19:00 2. Acts & Sections: 506, 420 5. Place of O",DATE
"now Police Station: SOUTH Year: 2026 FIR No: 3169/2024 Date of FIR: 03/08/2026 Time: 20:10 2. Acts & Sections: 34, 471 5. Place of Oc",DATE
"bai Police Station: SOUTH Year: 2025 FIR No: 0862/2024 Date of FIR: 15/05/2025 Time: 13:40 2. Acts & Sections: 34, 411 5. Place of Oc",DATE
"r Police Station: CENTRAL Year: 2025 FIR No: 1899/2025 Date of FIR: 08/05/2025 Time: 19:30 2. Acts & Sections: 379, 411 5. Place of O",DATE
"now Police Station: NORTH Year: 2026 FIR No: 9712/2024 Date of FIR: 22/01/2026 Time: 17:20 2. Acts & Sections: 420, 379 5. Place of O",DATE
"Police Station: SECTOR 10 Year: 2025 FIR No: 6710/2025 Date of FIR: 28/07/2025 Time: 01:00 2. Acts & Sections: 34, 411 5. Place of Oc",DATE
"lice Station: CITY CENTER Year: 2025 FIR No: 5787/2026 Date of FIR: 28/08/2025 Time: 22:30 2. Acts & Sections: 471, 34 5. Place of Oc",DATE
"Police Station: SECTOR 10 Year: 2025 FIR No: 2244/2025 Date of FIR: 24/10/2025 Time: 06:10 2. Acts & Sections: 506, 406 5. Place of O",DATE
"pur Police Station: SOUTH Year: 2026 FIR No: 4821/2025 Date of FIR: 20/06/2026 Time: 03:40 2. Acts & Sections: 471, 34 5. Place of Oc",DATE
"lice Station: CITY CENTER Year: 2026 FIR No: 4711/2026 Date of FIR: 09/02/2026 Time: 07:10 2. Acts & Sections: 471, 420 5. Place of O",DATE
"pur Police Station: NORTH Year: 2027 FIR No: 2321/2025 Date of FIR: 12/04/2027 Time: 09:40 2. Acts & Sections: 468, 420 5. Place of O",DATE
"olice Station: MODEL TOWN Year: 2027 FIR No: 7673/2025 Date of FIR: 03/02/2027 Time: 01:10 2. Acts & Sections: 468, 506 5. Place of O",DATE
"lice Station: CITY CENTER Year: 2025 FIR No: 3075/2024 Date of FIR: 14/12/2025 Time: 17:00 2. Acts & Sections: 411, 420 5. Place of O",DATE
"Police Station: SECTOR 10 Year: 2026 FIR No: 7306/2026 Date of FIR: 25/10/2026 Time: 12:10 2. Acts & Sections: 379, 411 5. Place of O",DATE
"olice Station: MODEL TOWN Year: 2027 FIR No: 4359/2025 Date of FIR: 19/04/2027 Time: 23:50 2. Acts & Sections: 34, 379 5. Place of Oc",DATE
"lice Station: CITY CENTER Year: 2025 FIR No: 0142/2024 Date of FIR: 22/07/2025 Time: 01:30 2. Acts & Sections: 411, 406 5. Place of O",DATE
"olice Station: RIVER ROAD Year: 2025 FIR No: 0905/2025 Date of FIR: 10/11/2025 Time: 19:50 2. Acts & Sections: 406, 34 5. Place of Oc",DATE
"lice Station: CITY CENTER Year: 2025 FIR No: 0095/2026 Date of FIR: 19/05/2025 Time: 18:00 2. Acts & Sections: 420, 468 5. Place of O",DATE
"lice Station: CITY CENTER Year: 2026 FIR No: 5653/2024 Date of FIR: 30/01/2026 Time: 20:10 2. Acts & Sections: 420, 506 5. Place of O",DATE
"i Police Station: CENTRAL Year: 2025 FIR No: 0398/2024 Date of FIR: 28/02/2025 Time: 17:40 2. Acts & Sections: 420, 406 5. Place of O",DATE
"olice Station: RIVER ROAD Year: 2025 FIR No: 6063/2025 Date of FIR: 16/12/2025 Time: 10:20 2. Acts & Sections: 506, 411 5. Place of O",DATE
"olice Station: RIVER ROAD Year: 2025 FIR No: 3550/2026 Date of FIR: 30/10/2025 Time: 02:30 2. Acts & Sections: 406, 506 5. Place of O",DATE
"e Police Station: CENTRAL Year: 2027 FIR No: 4648/2024 Date of FIR: 20/06/2027 Time: 07:40 2. Acts & Sections: 379, 34 5. Place of Oc",DATE
"r Police Station: CENTRAL Year: 2025 FIR No: 4556/2026 Date of FIR: 30/08/2025 Time: 08:20 2. Acts & Sections: 34, 468 5. Place of Oc",DATE
"olice Station: MODEL TOWN Year: 2027 FIR No: 6590/2026 Date of FIR: 27/01/2027 Time: 09:40 2. Acts & Sections: 34, 468 5. Place of Oc",DATE
"w Police Station: CENTRAL Year: 2025 FIR No: 9746/2026 Date of FIR: 06/06/2025 Time: 13:50 2. Acts & Sections: 406, 379 5. Place of O",DATE
"olice Station: MODEL TOWN Year: 2025 FIR No: 0864/2025 Date of FIR: 03/10/2025 Time: 21:40 2. Acts & Sections: 411, 506 5. Place of O",DATE
"uru Police Station: NORTH Year: 2026 FIR No: 1415/2024 Date of FIR: 02/02/2026 Time: 00:00 2. Acts & Sections: 471, 379 5. Place of O",DATE
"r Police Station: CENTRAL Year: 2025 FIR No: 6441/2025 Date of FIR: 09/07/2025 Time: 15:10 2. Acts & Sections: 420, 411 5. Place of O",DATE
"olice Station: RIVER ROAD Year: 2027 FIR No: 5311/2026 Date of FIR: 21/02/2027 Time: 17:50 2. Acts & Sections: 468, 411 5. Place of O",DATE
"NCR Police Station: SOUTH Year: 2025 FIR No: 7418/2026 Date of FIR: 19/10/2025 Time: 02:30 2. Acts & Sections: 471, 420 5. Place of O",DATE
"u Police Station: CENTRAL Year: 2026 FIR No: 6113/2025 Date of FIR: 17/03/2026 Time: 14:50 2. Acts & Sections: 471, 468 5. Place of O",DATE
"olice Station: RIVER ROAD Year: 2027 FIR No: 1352/2024 Date of FIR: 07/03/2027 Time: 05:00 2. Acts & Sections: 471, 506 5. Place of O",DATE
"lice Station: CITY CENTER Year: 2025 FIR No: 0687/2024 Date of FIR: 10/06/2025 Time: 19:30 2. Acts & Sections: 471, 379 5. Place of O",DATE
"bai Police Station: NORTH Year: 2027 FIR No: 8828/2025 Date of FIR: 24/04/2027 Time: 03:40 2. Acts & Sections: 506, 471 5. Place of O",DATE
"NCR Police Station: SOUTH Year: 2025 FIR No: 0546/2026 Date of FIR: 28/06/2025 Time: 14:00 2. Acts & Sections: 379, 468 5. Place of O",DATE
"olice Station: RIVER ROAD Year: 2027 FIR No: 8695/2025 Date of FIR: 02/03/2027 Time: 06:40 2. Acts & Sections: 411, 506 5. Place of O",DATE
"olice Station: RIVER ROAD Year: 2025 FIR No: 2927/2026 Date of FIR: 10/05/2025 Time: 00:40 2. Acts & Sections: 406, 468 5. Place of O",DATE
"lice Station: CITY CENTER Year: 2025 FIR No: 8566/2026 Date of FIR: 18/03/2025 Time: 02:30 2. Acts & Sections: 406, 468 5. Place of O",DATE
"olice Station: MODEL TOWN Year: 2027 FIR No: 6914/2025 Date of FIR: 05/04/2027 Time: 04:20 2. Acts & Sections: 411, 34 5. Place of Oc",DATE
"NCR Police Station: NORTH Year: 2026 FIR No: 6264/2026 Date of FIR: 16/02/2026 Time: 01:00 2. Acts & Sections: 379, 411 5. Place of O",DATE
"bai Police Station: NORTH Year: 2027 FIR No: 8030/2024 Date of FIR: 22/02/2027 Time: 19:20 2. Acts & Sections: 468, 34 5. Place of Oc",DATE
"lice Station: CITY CENTER Year: 2027 FIR No: 8403/2026 Date of FIR: 15/01/2027 Time: 18:10 2. Acts & Sections: 379, 34 5. Place of Oc",DATE
"olice Station: MODEL TOWN Year: 2025 FIR No: 0665/2024 Date of FIR: 20/03/2025 Time: 10:00 2. Acts & Sections: 468, 411 5. Place of O",DATE
"lice Station: CITY CENTER Year: 2025 FIR No: 1129/2026 Date of FIR: 16/02/2025 Time: 17:40 2. Acts & Sections: 420, 468 5. Place of O",DATE
"lice Station: CITY CENTER Year: 2025 FIR No: 8182/2025 Date of FIR: 20/03/2025 Time: 08:30 2. Acts & Sections: 420, 379 5. Place of O",DATE
"olice Station: RIVER ROAD Year: 2025 FIR No: 7677/2026 Date of FIR: 18/09/2025 Time: 05:40 2. Acts & Sections: 468, 506 5. Place of O",DATE
"Police Station: SECTOR 10 Year: 2027 FIR No: 5925/2026 Date of FIR: 04/05/2027 Time: 01:30 2. Acts & Sections: 420, 34 5. Place of Oc",DATE
"r Police Station: CENTRAL Year: 2025 FIR No: 4491/2024 Date of FIR: 12/04/2025 Time: 03:10 2. Acts & Sections: 379, 468 5. Place of O",DATE
"w Police Station: CENTRAL Year: 2025 FIR No: 5245/2025 Date of FIR: 10/04/2025 Time: 05:30 2. Acts & Sections: 420, 34 5. Place of Oc",DATE
"Police Station: SECTOR 10 Year: 2027 FIR No: 8444/2026 Date of FIR: 24/05/2027 Time: 06:00 2. Acts & Sections: 420, 506 5. Place of O",DATE
"lice Station: CITY CENTER Year: 2025 FIR No: 3753/2025 Date of FIR: 30/12/2025 Time: 19:30 2. Acts & Sections: 420, 34 5. Place of Oc",DATE
"NCR Police Station: SOUTH Year: 2025 FIR No: 4520/2026 Date of FIR: 03/09/2025 Time: 04:30 2. Acts & Sections: 411, 468 5. Place of O",DATE
"bai Police Station: NORTH Year: 2025 FIR No: 4735/2026 Date of FIR: 20/08/2025 Time: 07:10 2. Acts & Sections: 379, 34 5. Place of Oc",DATE
"bai Police Station: NORTH Year: 2026 FIR No: 4546/2025 Date of FIR: 14/07/2026 Time: 06:00 2. Acts & Sections: 506, 34 5. Place of Oc",DATE
"olice Station: MODEL TOWN Year: 2025 FIR No: 9556/2025 Date of FIR: 29/09/2025 Time: 14:30 2. Acts & Sections: 420, 468 5. Place of O",DATE
"e Police Station: CENTRAL Year: 2026 FIR No: 9009/2024 Date of FIR: 25/10/2026 Time: 15:10 2. Acts & Sections: 411, 379 5. Place of O",DATE
"now Police Station: NORTH Year: 2026 FIR No: 1855/2025 Date of FIR: 05/12/2026 Time: 15:00 2. Acts & Sections: 406, 420 5. Place of O",DATE
"now Police Station: SOUTH Year: 2027 FIR No: 0833/2026 Date of FIR: 26/03/2027 Time: 11:10 2. Acts & Sections: 420, 406 5. Place of O",DATE
"Police Station: SECTOR 10 Year: 2026 FIR No: 7043/2025 Date of FIR: 16/09/2026 Time: 06:50 2. Acts & Sections: 471, 379 5. Place of O",DATE
"e Police Station: CENTRAL Year: 2025 FIR No: 7649/2025 Date of FIR: 30/12/2025 Time: 17:40 2. Acts & Sections: 420, 379 5. Place of O",DATE
"olice Station: MODEL TOWN Year: 2026 FIR No: 8246/2024 Date of FIR: 11/12/2026 Time: 08:50 2. Acts & Sections: 506, 411 5. Place of O",DATE
"lice Station: CITY CENTER Year: 2025 FIR No: 4064/2025 Date of FIR: 15/11/2025 Time: 17:00 2. Acts & Sections: 34, 411 5. Place of Oc",DATE
"olice Station: RIVER ROAD Year: 2026 FIR No: 5548/2024 Date of FIR: 05/03/2026 Time: 23:10 2. Acts & Sections: 34, 471 5. Place of Oc",DATE
"une Police Station: NORTH Year: 2025 FIR No: 3310/2026 Date of FIR: 21/05/2025 Time: 00:40 2. Acts & Sections: 420, 506 5. Place of O",DATE
"NCR Police Station: SOUTH Year: 2026 FIR No: 5871/2025 Date of FIR: 22/03/2026 Time: 23:20 2. Acts & Sections: 471, 406 5. Place of O",DATE
"uru Police Station: SOUTH Year: 2025 FIR No: 7933/2025 Date of FIR: 27/06/2025 Time: 14:20 2. Acts & Sections: 506, 471 5. Place of O",DATE
"olice Station: MODEL TOWN Year: 2025 FIR No: 4795/2025 Date of FIR: 21/08/2025 Time: 14:50 2. Acts & Sections: 420, 379 5. Place of O",DATE
"Police Station: SECTOR 10 Year: 2025 FIR No: 5733/2026 Date of FIR: 11/03/2025 Time: 01:40 2. Acts & Sections: 34, 406 5. Place of Oc",DATE
"Police Station: SECTOR 10 Year: 2026 FIR No: 5721/2025 Date of FIR: 24/03/2026 Time: 03:40 2. Acts & Sections: 406, 468 5. Place of O",DATE
"olice Station: RIVER ROAD Year: 2027 FIR No: 5498/2026 Date of FIR: 30/03/2027 Time: 06:00 2. Acts & Sections: 406, 379 5. Place of O",DATE
"olice Station: MODEL TOWN Year: 2025 FIR No: 0725/2024 Date of FIR: 21/02/2025 Time: 23:50 2. Acts & Sections: 379, 471 5. Place of O",DATE
"Police Station: SECTOR 10 Year: 2026 FIR No: 2839/2026 Date of FIR: 23/08/2026 Time: 14:10 2. Acts & Sections: 468, 506 5. Place of O",DATE
"i Police Station: CENTRAL Year: 2026 FIR No: 4068/2025 Date of FIR: 30/11/2026 Time: 09:10 2. Acts & Sections: 420, 506 5. Place of O",DATE
"Police Station: SECTOR 10 Year: 2027 FIR No: 3082/2026 Date of FIR: 06/05/2027 Time: 17:00 2. Acts & Sections: 379, 411 5. Place of O",DATE
"olice Station: RIVER ROAD Year: 2027 FIR No: 1943/2024 Date of FIR: 14/05/2027 Time: 00:00 2. Acts & Sections: 468, 506 5. Place of O",DATE
"une Police Station: SOUTH Year: 2027 FIR No: 5823/2026 Date of FIR: 15/06/2027 Time: 08:30 2. Acts & Sections: 411, 506 5. Place of O",DATE
"uru Police Station: NORTH Year: 2026 FIR No: 5746/2024 Date of FIR: 13/09/2026 Time: 07:50 2. Acts & Sections: 420, 411 5. Place of O",DATE
"olice Station: MODEL TOWN Year: 2026 FIR No: 6262/2025 Date of FIR: 16/11/2026 Time: 19:50 2. Acts & Sections: 471, 406 5. Place of O",DATE
"olice Station: RIVER ROAD Year: 2026 FIR No: 0398/2024 Date of FIR: 18/01/2026 Time: 23:30 2. Acts & Sections: 379, 34 5. Place of Oc",DATE
"r Police Station: CENTRAL Year: 2026 FIR No: 3914/2026 Date of FIR: 06/05/2026 Time: 07:40 2. Acts & Sections: 468, 471 5. Place of O",DATE
"lice Station: CITY CENTER Year: 2025 FIR No: 8437/2024 Date of FIR: 07/11/2025 Time: 16:50 2. Acts & Sections: 506, 379 5. Place of O",DATE
"olice Station: MODEL TOWN Year: 2026 FIR No: 6249/2026 Date of FIR: 19/06/2026 Time: 11:30 2. Acts & Sections: 506, 34 5. Place of Oc",DATE
"olice Station: MODEL TOWN Year: 2025 FIR No: 3173/2026 Date of FIR: 12/05/2025 Time: 14:20 2. Acts & Sections: 471, 406 5. Place of O",DATE
"w Police Station: CENTRAL Year: 2025 FIR No: 9480/2025 Date of FIR: 07/05/2025 Time: 12:20 2. Acts & Sections: 379, 406 5. Place of O",DATE
"r Police Station: CENTRAL Year: 2026 FIR No: 9438/2025 Date of FIR: 11/02/2026 Time: 01:10 2. Acts & Sections: 406, 34 5. Place of Oc",DATE
"w Police Station: CENTRAL Year: 2025 FIR No: 7502/2025 Date of FIR: 08/09/2025 Time: 22:50 2. Acts & Sections: 411, 468 5. Place of O",DATE
"i Police Station: CENTRAL Year: 2025 FIR No: 7954/2025 Date of FIR: 12/01/2025 Time: 06:50 2. Acts & Sections: 406, 471 5. Place of O",DATE
"olice Station: RIVER ROAD Year: 2027 FIR No: 9753/2025 Date of FIR: 18/02/2027 Time: 06:50 2. Acts & Sections: 379, 468 5. Place of O",DATE
"now Police Station: NORTH Year: 2027 FIR No: 5994/2024 Date of FIR: 05/01/2027 Time: 16:40 2. Acts & Sections: 471, 34 5. Place of Oc",DATE
"NCR Police Station: NORTH Year: 2026 FIR No: 1508/2024 Date of FIR: 27/06/2026 Time: 09:20 2. Acts & Sections: 379, 506 5. Place of O",DATE
"olice Station: RIVER ROAD Year: 2027 FIR No: 0367/2025 Date of FIR: 01/06/2027 Time: 04:40 2. Acts & Sections: 506, 420 5. Place of O",DATE
"pur Police Station: SOUTH Year: 2025 FIR No: 0229/2024 Date of FIR: 26/08/2025 Time: 14:20 2. Acts & Sections: 411, 471 5. Place of O",DATE
"now Police Station: SOUTH Year: 2025 FIR No: 4147/2026 Date of FIR: 14/08/2025 Time: 16:00 2. Acts & Sections: 406, 411 5. Place of O",DATE
"lice Station: CITY CENTER Year: 2025 FIR No: 1219/2025 Date of FIR: 27/05/2025 Time: 19:20 2. Acts & Sections: 406, 506 5. Place of O",DATE
"pur Police Station: NORTH Year: 2027 FIR No: 6568/2024 Date of FIR: 02/03/2027 Time: 04:00 2. Acts & Sections: 379, 471 5. Place of O",DATE
"lice Station: CITY CENTER Year: 2027 FIR No: 8219/2026 Date of FIR: 19/06/2027 Time: 00:00 2. Acts & Sections: 34, 468 5. Place of Oc",DATE
"olice Station: MODEL TOWN Year: 2026 FIR No: 3323/2026 Date of FIR: 04/03/2026 Time: 14:50 2. Acts & Sections: 471, 420 5. Place of O",DATE
"Police Station: SECTOR 10 Year: 2026 FIR No: 7098/2026 Date of FIR: 14/05/2026 Time: 21:00 2. Acts & Sections: 420, 406 5. Place of O",DATE
"NCR Police Station: SOUTH Year: 2025 FIR No: 1919/2024 Date of FIR: 19/03/2025 Time: 02:50 2. Acts & Sections: 34, 406 5. Place of Oc",DATE
"bai Police Station: NORTH Year: 2025 FIR No: 6808/2025 Date of FIR: 02/10/2025 Time: 10:20 2. Acts & Sections: 34, 468 5. Place of Oc",DATE
"e Police Station: CENTRAL Year: 2025 FIR No: 9164/2025 Date of FIR: 31/03/2025 Time: 06:20 2. Acts & Sections: 506, 411 5. Place of O",DATE
"olice Station: RIVER ROAD Year: 2026 FIR No: 8498/2025 Date of FIR: 23/07/2026 Time: 02:00 2. Acts & Sections: 406, 468 5. Place of O",DATE
"olice Station: MODEL TOWN Year: 2026 FIR No: 6699/2026 Date of FIR: 31/05/2026 Time: 19:10 2. Acts & Sections: 468, 506 5. Place of O",DATE
"une Police Station: NORTH Year: 2025 FIR No: 6282/2025 Date of FIR: 13/06/2025 Time: 14:00 2. Acts & Sections: 471, 506 5. Place of O",DATE
"Police Station: SECTOR 10 Year: 2026 FIR No: 7664/2026 Date of FIR: 21/08/2026 Time: 01:50 2. Acts & Sections: 506, 406 5. Place of O",DATE
"olice Station: RIVER ROAD Year: 2026 FIR No: 7154/2025 Date of FIR: 27/02/2026 Time: 16:50 2. Acts & Sections: 420, 506 5. Place of O",DATE
"now Police Station: SOUTH Year: 2026 FIR No: 4997/2025 Date of FIR: 23/02/2026 Time: 18:30 2. Acts & Sections: 471, 34 5. Place of Oc",DATE
"Police Station: SECTOR 10 Year: 2026 FIR No: 8712/2024 Date of FIR: 07/10/2026 Time: 15:50 2. Acts & Sections: 406, 379 5. Place of O",DATE
"NCR Police Station: NORTH Year: 2025 FIR No: 0285/2026 Date of FIR: 24/07/2025 Time: 15:50 2. Acts & Sections: 506, 406 5. Place of O",DATE
"olice Station: MODEL TOWN Year: 2025 FIR No: 4464/2024 Date of FIR: 16/01/2025 Time: 20:20 2. Acts & Sections: 411, 506 5. Place of O",DATE
"Police Station: SECTOR 10 Year: 2025 FIR No: 1137/2024 Date of FIR: 22/10/2025 Time: 17:00 2. Acts & Sections: 468, 34 5. Place of Oc",DATE
"Police Station: SECTOR 10 Year: 2027 FIR No: 6196/2026 Date of FIR: 23/03/2027 Time: 14:50 2. Acts & Sections: 411, 471 5. Place of O",DATE
"olice Station: RIVER ROAD Year: 2026 FIR No: 4083/2026 Date of FIR: 09/04/2026 Time: 02:20 2. Acts & Sections: 471, 468 5. Place of O",DATE
"lice Station: CITY CENTER Year: 2025 FIR No: 8189/2025 Date of FIR: 18/03/2025 Time: 21:40 2. Acts & Sections: 379, 406 5. Place of O",DATE
"lice Station: CITY CENTER Year: 2025 FIR No: 4186/2025 Date of FIR: 08/03/2025 Time: 18:30 2. Acts & Sections: 506, 411 5. Place of O",DATE
"lice Station: CITY CENTER Year: 2025 FIR No: 2295/2025 Date of FIR: 15/02/2025 Time: 18:10 2. Acts & Sections: 468, 471 5. Place of O",DATE
"Police Station: SECTOR 10 Year: 2027 FIR No: 5281/2024 Date of FIR: 28/01/2027 Time: 02:20 2. Acts & Sections: 471, 506 5. Place of O",DATE
"lice Station: CITY CENTER Year: 2026 FIR No: 2356/2025 Date of FIR: 07/02/2026 Time: 18:40 2. Acts & Sections: 379, 471 5. Place of O",DATE
"olice Station: MODEL TOWN Year: 2026 FIR No: 7896/2025 Date of FIR: 29/03/2026 Time: 06:10 2. Acts & Sections: 471, 411 5. Place of O",DATE
"olice Station: MODEL TOWN Year: 2027 FIR No: 6421/2026 Date of FIR: 08/03/2027 Time: 09:10 2. Acts & Sections: 411, 506 5. Place of O",DATE
"u Police Station: CENTRAL Year: 2026 FIR No: 1343/2024 Date of FIR: 24/07/2026 Time: 03:20 2. Acts & Sections: 406, 468 5. Place of O",DATE
"Police Station: SECTOR 10 Year: 2027 FIR No: 0039/2024 Date of FIR: 17/01/2027 Time: 07:20 2. Acts & Sections: 420, 471 5. Place of O",DATE
"une Police Station: NORTH Year: 2025 FIR No: 0280/2025 Date of FIR: 17/06/2025 Time: 12:20 2. Acts & Sections: 506, 379 5. Place of O",DATE
"une Police Station: NORTH Year: 2025 FIR No: 0561/2026 Date of FIR: 06/02/2025 Time: 16:00 2. Acts & Sections: 506, 406 5. Place of O",DATE
"olice Station: MODEL TOWN Year: 2026 FIR No: 4837/2025 Date of FIR: 27/05/2026 Time: 09:20 2. Acts & Sections: 379, 420 5. Place of O",DATE
"now Police Station: NORTH Year: 2025 FIR No: 3915/2025 Date of FIR: 01/08/2025 Time: 01:40 2. Acts & Sections: 468, 406 5. Place of O",DATE
"une Police Station: NORTH Year: 2026 FIR No: 0303/2026 Date of FIR: 13/06/2026 Time: 12:20 2. Acts & Sections: 420, 406 5. Place of O",DATE
"now Police Station: NORTH Year: 2026 FIR No: 3641/2025 Date of FIR: 06/11/2026 Time: 20:00 2. Acts & Sections: 471, 406 5. Place of O",DATE
"olice Station: RIVER ROAD Year: 2025 FIR No: 3953/2024 Date of FIR: 18/07/2025 Time: 10:40 2. Acts & Sections: 34, 506 5. Place of Oc",DATE
"uru Police Station: SOUTH Year: 2026 FIR No: 6245/2026 Date of FIR: 10/11/2026 Time: 21:30 2. Acts & Sections: 468, 411 5. Place of O",DATE
"NCR Police Station: SOUTH Year: 2027 FIR No: 0870/2024 Date of FIR: 13/04/2027 Time: 04:20 2. Acts & Sections: 411, 420 5. Place of O",DATE
"lice Station: CITY CENTER Year: 2026 FIR No: 6001/2026 Date of FIR: 25/03/2026 Time: 06:50 2. Acts & Sections: 411, 420 5. Place of O",DATE
"Police Station: SECTOR 10 Year: 2025 FIR No: 0278/2026 Date of FIR: 08/09/2025 Time: 11:00 2. Acts & Sections: 411, 468 5. Place of O",DATE
"NCR Police Station: SOUTH Year: 2025 FIR No: 2546/2024 Date of FIR: 03/10/2025 Time: 23:30 2. Acts & Sections: 406, 379 5. Place of O",DATE
"olice Station: RIVER ROAD Year: 2025 FIR No: 6546/2026 Date of FIR: 26/11/2025 Time: 01:40 2. Acts & Sections: 411, 468 5. Place of O",DATE
"bai Police Station: NORTH Year: 2025 FIR No: 5334/2026 Date of FIR: 22/05/2025 Time: 04:30 2. Acts & Sections: 471, 411 5. Place of O",DATE
"olice Station: MODEL TOWN Year: 2026 FIR No: 3547/2025 Date of FIR: 31/10/2026 Time: 03:30 2. Acts & Sections: 420, 468 5. Place of O",DATE
"uru Police Station: SOUTH Year: 2027 FIR No: 7275/2024 Date of FIR: 24/05/2027 Time: 01:10 2. Acts & Sections: 471, 420 5. Place of O",DATE
"une Police Station: NORTH Year: 2027 FIR No: 3747/2024 Date of FIR: 12/06/2027 Time: 18:00 2. Acts & Sections: 471, 420 5. Place of O",DATE
"Police Station: SECTOR 10 Year: 2025 FIR No: 7900/2025 Date of FIR: 26/05/2025 Time: 14:40 2. Acts & Sections: 379, 420 5. Place of O",DATE
"uru Police Station: SOUTH Year: 2026 FIR No: 2753/2026 Date of FIR: 01/04/2026 Time: 14:10 2. Acts & Sections: 411, 506 5. Place of O",DATE
"uru Police Station: SOUTH Year: 2026 FIR No: 9728/2024 Date of FIR: 16/06/2026 Time: 17:50 2. Acts & Sections: 420, 471 5. Place of O",DATE
"Police Station: SECTOR 10 Year: 2026 FIR No: 8816/2026 Date of FIR: 24/05/2026 Time: 10:10 2. Acts & Sections: 411, 34 5. Place of Oc",DATE
"olice Station: RIVER ROAD Year: 2026 FIR No: 4076/2026 Date of FIR: 12/11/2026 Time: 09:00 2. Acts & Sections: 506, 411 5. Place of O",DATE
"uru Police Station: SOUTH Year: 2026 FIR No: 2135/2026 Date of FIR: 10/10/2026 Time: 11:20 2. Acts & Sections: 406, 420 5. Place of O",DATE
"olice Station: RIVER ROAD Year: 2025 FIR No: 2479/2026 Date of FIR: 06/04/2025 Time: 08:40 2. Acts & Sections: 406, 411 5. Place of O",DATE
"w Police Station: CENTRAL Year: 2026 FIR No: 0110/2024 Date of FIR: 05/10/2026 Time: 22:20 2. Acts & Sections: 506, 468 5. Place of O",DATE
"olice Station: RIVER ROAD Year: 2025 FIR No: 0192/2024 Date of FIR: 21/05/2025 Time: 11:10 2. Acts & Sections: 468, 379 5. Place of O",DATE
"NCR Police Station: SOUTH Year: 2027 FIR No: 8932/2026 Date of FIR: 15/02/2027 Time: 12:20 2. Acts & Sections: 379, 406 5. Place of O",DATE
"NCR Police Station: SOUTH Year: 2025 FIR No: 5377/2026 Date of FIR: 01/04/2025 Time: 21:30 2. Acts & Sections: 379, 34 5. Place of Oc",DATE
"lice Station: CITY CENTER Year: 2025 FIR No: 9250/2025 Date of FIR: 18/03/2025 Time: 19:40 2. Acts & Sections: 471, 506 5. Place of O",DATE
"bai Police Station: NORTH Year: 2025 FIR No: 5323/2025 Date of FIR: 01/03/2025 Time: 18:00 2. Acts & Sections: 411, 468 5. Place of O",DATE
"olice Station: RIVER ROAD Year: 2026 FIR No: 9394/2026 Date of FIR: 26/04/2026 Time: 06:10 2. Acts & Sections: 471, 34 5. Place of Oc",DATE
"lice Station: CITY CENTER Year: 2025 FIR No: 4067/2026 Date of FIR: 06/06/2025 Time: 10:20 2. Acts & Sections: 406, 379 5. Place of O",DATE
"olice Station: MODEL TOWN Year: 2025 FIR No: 6292/2025 Date of FIR: 06/04/2025 Time: 05:40 2. Acts & Sections: 420, 468 5. Place of O",DATE
"olice Station: MODEL TOWN Year: 2026 FIR No: 1110/2024 Date of FIR: 26/10/2026 Time: 14:20 2. Acts & Sections: 471, 468 5. Place of O",DATE
"olice Station: RIVER ROAD Year: 2026 FIR No: 4068/2026 Date of FIR: 14/10/2026 Time: 07:20 2. Acts & Sections: 471, 406 5. Place of O",DATE
"r Police Station: CENTRAL Year: 2026 FIR No: 3500/2024 Date of FIR: 29/10/2026 Time: 00:00 2. Acts & Sections: 506, 420 5. Place of O",DATE
"olice Station: RIVER ROAD Year: 2025 FIR No: 5873/2025 Date of FIR: 22/11/2025 Time: 08:20 2. Acts & Sections: 411, 471 5. Place of O",DATE
"u Police Station: CENTRAL Year: 2025 FIR No: 1170/2025 Date of FIR: 19/09/2025 Time: 16:20 2. Acts & Sections: 406, 420 5. Place of O",DATE
"olice Station: RIVER ROAD Year: 2026 FIR No: 5518/2025 Date of FIR: 28/12/2026 Time: 06:50 2. Acts & Sections: 506, 468 5. Place of O",DATE
"olice Station: MODEL TOWN Year: 2026 FIR No: 8194/2026 Date of FIR: 26/03/2026 Time: 07:30 2. Acts & Sections: 406, 420 5. Place of O",DATE
"olice Station: RIVER ROAD Year: 2025 FIR No: 1148/2024 Date of FIR: 17/12/2025 Time: 07:20 2. Acts & Sections: 471, 420 5. Place of O",DATE
"now Police Station: NORTH Year: 2026 FIR No: 5856/2026 Date of FIR: 25/04/2026 Time: 20:40 2. Acts & Sections: 468, 34 5. Place of Oc",DATE
"olice Station: RIVER ROAD Year: 2025 FIR No: 2467/2025 Date of FIR: 29/12/2025 Time: 03:00 2. Acts & Sections: 420, 506 5. Place of O",DATE
"olice Station: MODEL TOWN Year: 2025 FIR No: 9102/2024 Date of FIR: 09/08/2025 Time: 06:30 2. Acts & Sections: 379, 420 5. Place of O",DATE
"lice Station: CITY CENTER Year: 2025 FIR No: 4188/2024 Date of FIR: 24/05/2025 Time: 06:00 2. Acts & Sections: 506, 34 5. Place of Oc",DATE
"lice Station: CITY CENTER Year: 2027 FIR No: 8018/2026 Date of FIR: 16/05/2027 Time: 15:10 2. Acts & Sections: 420, 471 5. Place of O",DATE
"lice Station: CITY CENTER Year: 2027 FIR No: 3920/2024 Date of FIR: 30/01/2027 Time: 14:00 2. Acts & Sections: 411, 379 5. Place of O",DATE
"olice Station: RIVER ROAD Year: 2026 FIR No: 7442/2026 Date of FIR: 27/09/2026 Time: 22:10 2. Acts & Sections: 420, 506 5. Place of O",DATE
"uru Police Station: SOUTH Year: 2025 FIR No: 9027/2024 Date of FIR: 18/08/2025 Time: 16:50 2. Acts & Sections: 379, 506 5. Place of O",DATE
"lice Station: CITY CENTER Year: 2026 FIR No: 5660/2025 Date of FIR: 30/01/2026 Time: 02:30 2. Acts & Sections: 420, 468 5. Place of O",DATE
"olice Station: MODEL TOWN Year: 2027 FIR No: 5403/2024 Date of FIR: 21/03/2027 Time: 02:30 2. Acts & Sections: 34, 420 5. Place of Oc",DATE
"olice Station: RIVER ROAD Year: 2026 FIR No: 5727/2026 Date of FIR: 28/10/2026 Time: 07:50 2. Acts & Sections: 411, 379 5. Place of O",DATE
"u Police Station: CENTRAL Year: 2026 FIR No: 2586/2026 Date of FIR: 13/06/2026 Time: 14:00 2. Acts & Sections: 506, 34 5. Place of Oc",DATE
"pur Police Station: NORTH Year: 2026 FIR No: 2257/2025 Date of FIR: 23/09/2026 Time: 13:00 2. Acts & Sections: 34, 471 5. Place of Oc",DATE
"lice Station: CITY CENTER Year: 2026 FIR No: 6132/2025 Date of FIR: 24/10/2026 Time: 09:00 2. Acts & Sections: 471, 420 5. Place of O",DATE
"NCR Police Station: NORTH Year: 2026 FIR No: 7592/2025 Date of FIR: 06/02/2026 Time: 18:20 2. Acts & Sections: 471, 379 5. Place of O",DATE
"NCR Police Station: SOUTH Year: 2025 FIR No: 6605/2024 Date of FIR: 23/02/2025 Time: 13:50 2. Acts & Sections: 420, 506 5. Place of O",DATE
"R Police Station: CENTRAL Year: 2026 FIR No: 9047/2026 Date of FIR: 20/09/2026 Time: 20:40 2. Acts & Sections: 411, 468 5. Place of O",DATE
"lice Station: CITY CENTER Year: 2025 FIR No: 3886/2024 Date of FIR: 01/07/2025 Time: 16:50 2. Acts & Sections: 471, 34 5. Place of Oc",DATE
"lice Station: CITY CENTER Year: 2025 FIR No: 4149/2026 Date of FIR: 19/02/2025 Time: 21:30 2. Acts & Sections: 406, 506 5. Place of O",DATE
"now Police Station: SOUTH Year: 2026 FIR No: 1969/2026 Date of FIR: 14/11/2026 Time: 22:10 2. Acts & Sections: 420, 506 5. Place of O",DATE
"olice Station: RIVER ROAD Year: 2025 FIR No: 6911/2026 Date of FIR: 03/10/2025 Time: 16:10 2. Acts & Sections: 379, 411 5. Place of O",DATE
"Police Station: SECTOR 10 Year: 2026 FIR No: 4909/2026 Date of FIR: 03/12/2026 Time: 14:00 2. Acts & Sections: 379, 506 5. Place of O",DATE
"olice Station: MODEL TOWN Year: 2025 FIR No: 1816/2026 Date of FIR: 23/02/2025 Time: 12:00 2. Acts & Sections: 406, 468 5. Place of O",DATE
FIR Time: 14:30,TIME
Occurred at 11:00 hours,TIME
Time from 09:15 to 10:30,TIME
"H Year: 2027 FIR No: 6601/2024 Date of FIR: 16/04/2027 Time: 07:40 2. Acts & Sections: 468, 471 5. Place of Occurrence: M",TIME
"D Year: 2026 FIR No: 5991/2026 Date of FIR: 17/11/2026 Time: 22:00 2. Acts & Sections: 506, 411 5. Place of Occurrence: M",TIME
"D Year: 2026 FIR No: 9586/2024 Date of FIR: 08/03/2026 Time: 22:00 2. Acts & Sections: 471, 411 5. Place of Occurrence: O",TIME
"D Year: 2026 FIR No: 9016/2024 Date of FIR: 23/02/2026 Time: 20:00 2. Acts & Sections: 34, 420 5. Place of Occurrence: Ra",TIME
"L Year: 2025 FIR No: 2023/2025 Date of FIR: 10/01/2025 Time: 17:00 2. Acts & Sections: 506, 34 5. Place of Occurrence: Se",TIME
"0 Year: 2025 FIR No: 8652/2024 Date of FIR: 10/10/2025 Time: 03:30 2. Acts & Sections: 411, 468 5. Place of Occurrence: G",TIME
"R Year: 2026 FIR No: 3667/2024 Date of FIR: 29/09/2026 Time: 05:30 2. Acts & Sections: 406, 420 5. Place of Occurrence: S",TIME
"N Year: 2026 FIR No: 8876/2026 Date of FIR: 14/04/2026 Time: 22:50 2. Acts & Sections: 468, 420 5. Place of Occurrence: I",TIME
"N Year: 2026 FIR No: 7232/2025 Date of FIR: 15/09/2026 Time: 21:30 2. Acts & Sections: 506, 468 5. Place of Occurrence: B",TIME
"0 Year: 2025 FIR No: 6105/2024 Date of FIR: 29/09/2025 Time: 20:00 2. Acts & Sections: 506, 420 5. Place of Occurrence: M",TIME
"R Year: 2027 FIR No: 3237/2026 Date of FIR: 14/06/2027 Time: 16:20 2. Acts & Sections: 420, 406 5. Place of Occurrence: M",TIME
"H Year: 2025 FIR No: 6722/2026 Date of FIR: 19/02/2025 Time: 09:30 2. Acts & Sections: 34, 406 5. Place of Occurrence: Gr",TIME
"H Year: 2026 FIR No: 6848/2025 Date of FIR: 22/05/2026 Time: 05:20 2. Acts & Sections: 406, 34 5. Place of Occurrence: Bu",TIME
"L Year: 2025 FIR No: 9175/2026 Date of FIR: 07/02/2025 Time: 01:10 2. Acts & Sections: 411, 420 5. Place of Occurrence: M",TIME
"0 Year: 2025 FIR No: 4641/2026 Date of FIR: 11/07/2025 Time: 23:50 2. Acts & Sections: 411, 468 5. Place of Occurrence: B",TIME
"H Year: 2027 FIR No: 9170/2024 Date of FIR: 16/06/2027 Time: 09:20 2. Acts & Sections: 468, 420 5. Place of Occurrence: G",TIME
"H Year: 2026 FIR No: 4089/2025 Date of FIR: 27/05/2026 Time: 12:50 2. Acts & Sections: 420, 411 5. Place of Occurrence: B",TIME
"0 Year: 2026 FIR No: 7807/2024 Date of FIR: 25/04/2026 Time: 22:50 2. Acts & Sections: 379, 411 5. Place of Occurrence: N",TIME
"L Year: 2026 FIR No: 9643/2026 Date of FIR: 27/04/2026 Time: 11:30 2. Acts & Sections: 34, 420 5. Place of Occurrence: Bu",TIME
"0 Year: 2027 FIR No: 2024/2025 Date of FIR: 28/03/2027 Time: 16:30 2. Acts & Sections: 420, 34 5. Place of Occurrence: Ol",TIME
"L Year: 2026 FIR No: 7235/2025 Date of FIR: 12/04/2026 Time: 15:10 2. Acts & Sections: 34, 471 5. Place of Occurrence: Ci",TIME
"D Year: 2025 FIR No: 2073/2025 Date of FIR: 16/12/2025 Time: 16:40 2. Acts & Sections: 471, 406 5. Place of Occurrence: S",TIME
"H Year: 2026 FIR No: 6221/2026 Date of FIR: 16/08/2026 Time: 14:30 2. Acts & Sections: 411, 471 5. Place of Occurrence: N",TIME
"R Year: 2025 FIR No: 5117/2025 Date of FIR: 01/12/2025 Time: 00:50 2. Acts & Sections: 471, 420 5. Place of Occurrence: N",TIME
"H Year: 2026 FIR No: 2992/2024 Date of FIR: 01/01/2026 Time: 11:50 2. Acts & Sections: 34, 420 5. Place of Occurrence: Bu",TIME
"H Year: 2026 FIR No: 1120/2025 Date of FIR: 05/01/2026 Time: 14:20 2. Acts & Sections: 34, 379 5. Place of Occurrence: Gr",TIME
"L Year: 2026 FIR No: 3361/2026 Date of FIR: 16/08/2026 Time: 05:20 2. Acts & Sections: 468, 471 5. Place of Occurrence: M",TIME
"H Year: 2025 FIR No: 2208/2026 Date of FIR: 02/01/2025 Time: 23:40 2. Acts & Sections: 420, 411 5. Place of Occurrence: N",TIME
"D Year: 2026 FIR No: 6601/2026 Date of FIR: 24/03/2026 Time: 20:20 2. Acts & Sections: 506, 411 5. Place of Occurrence: B",TIME
"D Year: 2025 FIR No: 9575/2026 Date of FIR: 27/07/2025 Time: 08:30 2. Acts & Sections: 34, 471 5. Place of Occurrence: Ne",TIME
"H Year: 2027 FIR No: 4287/2024 Date of FIR: 11/01/2027 Time: 04:20 2. Acts & Sections: 506, 468 5. Place of Occurrence: S",TIME
"D Year: 2026 FIR No: 6858/2024 Date of FIR: 06/05/2026 Time: 03:00 2. Acts & Sections: 406, 468 5. Place of Occurrence: N",TIME
"R Year: 2025 FIR No: 0877/2025 Date of FIR: 29/03/2025 Time: 09:10 2. Acts & Sections: 379, 34 5. Place of Occurrence: In",TIME
"D Year: 2026 FIR No: 5109/2026 Date of FIR: 28/04/2026 Time: 19:10 2. Acts & Sections: 468, 471 5. Place of Occurrence: B",TIME
"0 Year: 2026 FIR No: 9828/2025 Date of FIR: 23/02/2026 Time: 21:00 2. Acts & Sections: 379, 468 5. Place of Occurrence: I",TIME
"L Year: 2025 FIR No: 5895/2025 Date of FIR: 24/06/2025 Time: 05:30 2. Acts & Sections: 411, 468 5. Place of Occurrence: I",TIME
"H Year: 2026 FIR No: 2777/2025 Date of FIR: 02/10/2026 Time: 04:50 2. Acts & Sections: 379, 420 5. Place of Occurrence: O",TIME
"L Year: 2026 FIR No: 7788/2026 Date of FIR: 17/10/2026 Time: 03:50 2. Acts & Sections: 420, 379 5. Place of Occurrence: M",TIME
"N Year: 2025 FIR No: 8326/2024 Date of FIR: 15/11/2025 Time: 15:30 2. Acts & Sections: 506, 34 5. Place of Occurrence: Ra",TIME
"L Year: 2026 FIR No: 4684/2025 Date of FIR: 27/10/2026 Time: 04:20 2. Acts & Sections: 406, 411 5. Place of Occurrence: O",TIME
"L Year: 2027 FIR No: 2277/2024 Date of FIR: 07/05/2027 Time: 07:10 2. Acts & Sections: 506, 34 5. Place of Occurrence: Ra",TIME
"D Year: 2025 FIR No: 6659/2025 Date of FIR: 23/10/2025 Time: 03:30 2. Acts & Sections: 406, 506 5. Place of Occurrence: N",TIME
"L Year: 2026 FIR No: 6163/2024 Date of FIR: 14/03/2026 Time: 10:40 2. Acts & Sections: 379, 506 5. Place of Occurrence: S",TIME
"0 Year: 2026 FIR No: 5432/2025 Date of FIR: 25/07/2026 Time: 16:00 2. Acts & Sections: 468, 379 5. Place of Occurrence: M",TIME
"R Year: 2025 FIR No: 5653/2025 Date of FIR: 11/04/2025 Time: 16:40 2. Acts & Sections: 468, 34 5. Place of Occurrence: Gr",TIME
"H Year: 2027 FIR No: 6677/2025 Date of FIR: 12/06/2027 Time: 02:10 2. Acts & Sections: 420, 379 5. Place of Occurrence: M",TIME
"H Year: 2027 FIR No: 4981/2026 Date of FIR: 19/03/2027 Time: 19:30 2. Acts & Sections: 468, 406 5. Place of Occurrence: I",TIME
"N Year: 2026 FIR No: 8376/2025 Date of FIR: 01/08/2026 Time: 04:50 2. Acts & Sections: 411, 471 5. Place of Occurrence: M",TIME
"H Year: 2027 FIR No: 3830/2024 Date of FIR: 19/02/2027 Time: 13:00 2. Acts & Sections: 471, 34 5. Place of Occurrence: Ma",TIME
"H Year: 2025 FIR No: 9598/2024 Date of FIR: 21/01/2025 Time: 08:40 2. Acts & Sections: 34, 468 5. Place of Occurrence: Ci",TIME
"L Year: 2025 FIR No: 2127/2026 Date of FIR: 17/10/2025 Time: 00:40 2. Acts & Sections: 506, 34 5. Place of Occurrence: Ci",TIME
"D Year: 2025 FIR No: 6430/2024 Date of FIR: 07/10/2025 Time: 00:50 2. Acts & Sections: 379, 468 5. Place of Occurrence: S",TIME
"N Year: 2026 FIR No: 3173/2024 Date of FIR: 03/03/2026 Time: 16:10 2. Acts & Sections: 471, 468 5. Place of Occurrence: R",TIME
"R Year: 2025 FIR No: 7111/2026 Date of FIR: 18/11/2025 Time: 01:20 2. Acts & Sections: 420, 471 5. Place of Occurrence: M",TIME
"D Year: 2026 FIR No: 5914/2025 Date of FIR: 21/02/2026 Time: 19:10 2. Acts & Sections: 34, 471 5. Place of Occurrence: Se",TIME
"L Year: 2027 FIR No: 5732/2024 Date of FIR: 07/05/2027 Time: 10:00 2. Acts & Sections: 411, 506 5. Place of Occurrence: M",TIME
"N Year: 2025 FIR No: 5857/2024 Date of FIR: 12/07/2025 Time: 18:00 2. Acts & Sections: 468, 420 5. Place of Occurrence: B",TIME
"H Year: 2026 FIR No: 5562/2024 Date of FIR: 05/07/2026 Time: 21:00 2. Acts & Sections: 406, 471 5. Place of Occurrence: S",TIME
"0 Year: 2026 FIR No: 3004/2025 Date of FIR: 09/03/2026 Time: 21:50 2. Acts & Sections: 471, 468 5. Place of Occurrence: I",TIME
"D Year: 2026 FIR No: 2076/2025 Date of FIR: 03/07/2026 Time: 13:50 2. Acts & Sections: 411, 379 5. Place of Occurrence: M",TIME
"R Year: 2026 FIR No: 5592/2026 Date of FIR: 04/04/2026 Time: 19:00 2. Acts & Sections: 506, 420 5. Place of Occurrence: B",TIME
"H Year: 2026 FIR No: 3169/2024 Date of FIR: 03/08/2026 Time: 20:10 2. Acts & Sections: 34, 471 5. Place of Occurrence: Ol",TIME
"H Year: 2025 FIR No: 0862/2024 Date of FIR: 15/05/2025 Time: 13:40 2. Acts & Sections: 34, 411 5. Place of Occurrence: Ne",TIME
"L Year: 2025 FIR No: 1899/2025 Date of FIR: 08/05/2025 Time: 19:30 2. Acts & Sections: 379, 411 5. Place of Occurrence: R",TIME
"H Year: 2026 FIR No: 9712/2024 Date of FIR: 22/01/2026 Time: 17:20 2. Acts & Sections: 420, 379 5. Place of Occurrence: R",TIME
"0 Year: 2025 FIR No: 6710/2025 Date of FIR: 28/07/2025 Time: 01:00 2. Acts & Sections: 34, 411 5. Place of Occurrence: Gr",TIME
"R Year: 2025 FIR No: 5787/2026 Date of FIR: 28/08/2025 Time: 22:30 2. Acts & Sections: 471, 34 5. Place of Occurrence: Ol",TIME
"0 Year: 2025 FIR No: 2244/2025 Date of FIR: 24/10/2025 Time: 06:10 2. Acts & Sections: 506, 406 5. Place of Occurrence: R",TIME
"H Year: 2026 FIR No: 4821/2025 Date of FIR: 20/06/2026 Time: 03:40 2. Acts & Sections: 471, 34 5. Place of Occurrence: Ra",TIME
"R Year: 2026 FIR No: 4711/2026 Date of FIR: 09/02/2026 Time: 07:10 2. Acts & Sections: 471, 420 5. Place of Occurrence: R",TIME
"H Year: 2027 FIR No: 2321/2025 Date of FIR: 12/04/2027 Time: 09:40 2. Acts & Sections: 468, 420 5. Place of Occurrence: R",TIME
"N Year: 2027 FIR No: 7673/2025 Date of FIR: 03/02/2027 Time: 01:10 2. Acts & Sections: 468, 506 5. Place of Occurrence: R",TIME
"R Year: 2025 FIR No: 3075/2024 Date of FIR: 14/12/2025 Time: 17:00 2. Acts & Sections: 411, 420 5. Place of Occurrence: O",TIME
"0 Year: 2026 FIR No: 7306/2026 Date of FIR: 25/10/2026 Time: 12:10 2. Acts & Sections: 379, 411 5. Place of Occurrence: M",TIME
"N Year: 2027 FIR No: 4359/2025 Date of FIR: 19/04/2027 Time: 23:50 2. Acts & Sections: 34, 379 5. Place of Occurrence: Se",TIME
"R Year: 2025 FIR No: 0142/2024 Date of FIR: 22/07/2025 Time: 01:30 2. Acts & Sections: 411, 406 5. Place of Occurrence: S",TIME
"D Year: 2025 FIR No: 0905/2025 Date of FIR: 10/11/2025 Time: 19:50 2. Acts & Sections: 406, 34 5. Place of Occurrence: Se",TIME
"R Year: 2025 FIR No: 0095/2026 Date of FIR: 19/05/2025 Time: 18:00 2. Acts & Sections: 420, 468 5. Place of Occurrence: B",TIME
"R Year: 2026 FIR No: 5653/2024 Date of FIR: 30/01/2026 Time: 20:10 2. Acts & Sections: 420, 506 5. Place of Occurrence: I",TIME
"L Year: 2025 FIR No: 0398/2024 Date of FIR: 28/02/2025 Time: 17:40 2. Acts & Sections: 420, 406 5. Place of Occurrence: B",TIME
"D Year: 2025 FIR No: 6063/2025 Date of FIR: 16/12/2025 Time: 10:20 2. Acts & Sections: 506, 411 5. Place of Occurrence: O",TIME
"D Year: 2025 FIR No: 3550/2026 Date of FIR: 30/10/2025 Time: 02:30 2. Acts & Sections: 406, 506 5. Place of Occurrence: G",TIME
"L Year: 2027 FIR No: 4648/2024 Date of FIR: 20/06/2027 Time: 07:40 2. Acts & Sections: 379, 34 5. Place of Occurrence: Ci",TIME
"L Year: 2025 FIR No: 4556/2026 Date of FIR: 30/08/2025 Time: 08:20 2. Acts & Sections: 34, 468 5. Place of Occurrence: Ol",TIME
"N Year: 2027 FIR No: 6590/2026 Date of FIR: 27/01/2027 Time: 09:40 2. Acts & Sections: 34, 468 5. Place of Occurrence: Se",TIME
"L Year: 2025 FIR No: 9746/2026 Date of FIR: 06/06/2025 Time: 13:50 2. Acts & Sections: 406, 379 5. Place of Occurrence: N",TIME
"N Year: 2025 FIR No: 0864/2025 Date of FIR: 03/10/2025 Time: 21:40 2. Acts & Sections: 411, 506 5. Place of Occurrence: I",TIME
"H Year: 2026 FIR No: 1415/2024 Date of FIR: 02/02/2026 Time: 00:00 2. Acts & Sections: 471, 379 5. Place of Occurrence: M",TIME
"L Year: 2025 FIR No: 6441/2025 Date of FIR: 09/07/2025 Time: 15:10 2. Acts & Sections: 420, 411 5. Place of Occurrence: I",TIME
"D Year: 2027 FIR No: 5311/2026 Date of FIR: 21/02/2027 Time: 17:50 2. Acts & Sections: 468, 411 5. Place of Occurrence: M",TIME
"H Year: 2025 FIR No: 7418/2026 Date of FIR: 19/10/2025 Time: 02:30 2. Acts & Sections: 471, 420 5. Place of Occurrence: O",TIME
"L Year: 2026 FIR No: 6113/2025 Date of FIR: 17/03/2026 Time: 14:50 2. Acts & Sections: 471, 468 5. Place of Occurrence: C",TIME
"D Year: 2027 FIR No: 1352/2024 Date of FIR: 07/03/2027 Time: 05:00 2. Acts & Sections: 471, 506 5. Place of Occurrence: R",TIME
"R Year: 2025 FIR No: 0687/2024 Date of FIR: 10/06/2025 Time: 19:30 2. Acts & Sections: 471, 379 5. Place of Occurrence: O",TIME
"H Year: 2027 FIR No: 8828/2025 Date of FIR: 24/04/2027 Time: 03:40 2. Acts & Sections: 506, 471 5. Place of Occurrence: M",TIME
"H Year: 2025 FIR No: 0546/2026 Date of FIR: 28/06/2025 Time: 14:00 2. Acts & Sections: 379, 468 5. Place of Occurrence: R",TIME
"D Year: 2027 FIR No: 8695/2025 Date of FIR: 02/03/2027 Time: 06:40 2. Acts & Sections: 411, 506 5. Place of Occurrence: N",TIME
"D Year: 2025 FIR No: 2927/2026 Date of FIR: 10/05/2025 Time: 00:40 2. Acts & Sections: 406, 468 5. Place of Occurrence: I",TIME
"R Year: 2025 FIR No: 8566/2026 Date of FIR: 18/03/2025 Time: 02:30 2. Acts & Sections: 406, 468 5. Place of Occurrence: M",TIME
"N Year: 2027 FIR No: 6914/2025 Date of FIR: 05/04/2027 Time: 04:20 2. Acts & Sections: 411, 34 5. Place of Occurrence: Ol",TIME
"H Year: 2026 FIR No: 6264/2026 Date of FIR: 16/02/2026 Time: 01:00 2. Acts & Sections: 379, 411 5. Place of Occurrence: O",TIME
"H Year: 2027 FIR No: 8030/2024 Date of FIR: 22/02/2027 Time: 19:20 2. Acts & Sections: 468, 34 5. Place of Occurrence: Ol",TIME
"R Year: 2027 FIR No: 8403/2026 Date of FIR: 15/01/2027 Time: 18:10 2. Acts & Sections: 379, 34 5. Place of Occurrence: Se",TIME
"N Year: 2025 FIR No: 0665/2024 Date of FIR: 20/03/2025 Time: 10:00 2. Acts & Sections: 468, 411 5. Place of Occurrence: O",TIME
"R Year: 2025 FIR No: 1129/2026 Date of FIR: 16/02/2025 Time: 17:40 2. Acts & Sections: 420, 468 5. Place of Occurrence: R",TIME
"R Year: 2025 FIR No: 8182/2025 Date of FIR: 20/03/2025 Time: 08:30 2. Acts & Sections: 420, 379 5. Place of Occurrence: N",TIME
"D Year: 2025 FIR No: 7677/2026 Date of FIR: 18/09/2025 Time: 05:40 2. Acts & Sections: 468, 506 5. Place of Occurrence: R",TIME
"0 Year: 2027 FIR No: 5925/2026 Date of FIR: 04/05/2027 Time: 01:30 2. Acts & Sections: 420, 34 5. Place of Occurrence: Ne",TIME
"L Year: 2025 FIR No: 4491/2024 Date of FIR: 12/04/2025 Time: 03:10 2. Acts & Sections: 379, 468 5. Place of Occurrence: G",TIME
"L Year: 2025 FIR No: 5245/2025 Date of FIR: 10/04/2025 Time: 05:30 2. Acts & Sections: 420, 34 5. Place of Occurrence: Bu",TIME
"0 Year: 2027 FIR No: 8444/2026 Date of FIR: 24/05/2027 Time: 06:00 2. Acts & Sections: 420, 506 5. Place of Occurrence: I",TIME
"R Year: 2025 FIR No: 3753/2025 Date of FIR: 30/12/2025 Time: 19:30 2. Acts & Sections: 420, 34 5. Place of Occurrence: Gr",TIME
"H Year: 2025 FIR No: 4520/2026 Date of FIR: 03/09/2025 Time: 04:30 2. Acts & Sections: 411, 468 5. Place of Occurrence: O",TIME
"H Year: 2025 FIR No: 4735/2026 Date of FIR: 20/08/2025 Time: 07:10 2. Acts & Sections: 379, 34 5. Place of Occurrence: Ma",TIME
"H Year: 2026 FIR No: 4546/2025 Date of FIR: 14/07/2026 Time: 06:00 2. Acts & Sections: 506, 34 5. Place of Occurrence: Ol",TIME
"N Year: 2025 FIR No: 9556/2025 Date of FIR: 29/09/2025 Time: 14:30 2. Acts & Sections: 420, 468 5. Place of Occurrence: B",TIME
"L Year: 2026 FIR No: 9009/2024 Date of FIR: 25/10/2026 Time: 15:10 2. Acts & Sections: 411, 379 5. Place of Occurrence: C",TIME
"H Year: 2026 FIR No: 1855/2025 Date of FIR: 05/12/2026 Time: 15:00 2. Acts & Sections: 406, 420 5. Place of Occurrence: C",TIME
"H Year: 2027 FIR No: 0833/2026 Date of FIR: 26/03/2027 Time: 11:10 2. Acts & Sections: 420, 406 5. Place of Occurrence: M",TIME
"0 Year: 2026 FIR No: 7043/2025 Date of FIR: 16/09/2026 Time: 06:50 2. Acts & Sections: 471, 379 5. Place of Occurrence: O",TIME
"L Year: 2025 FIR No: 7649/2025 Date of FIR: 30/12/2025 Time: 17:40 2. Acts & Sections: 420, 379 5. Place of Occurrence: S",TIME
"N Year: 2026 FIR No: 8246/2024 Date of FIR: 11/12/2026 Time: 08:50 2. Acts & Sections: 506, 411 5. Place of Occurrence: B",TIME
"R Year: 2025 FIR No: 4064/2025 Date of FIR: 15/11/2025 Time: 17:00 2. Acts & Sections: 34, 411 5. Place of Occurrence: Bu",TIME
"D Year: 2026 FIR No: 5548/2024 Date of FIR: 05/03/2026 Time: 23:10 2. Acts & Sections: 34, 471 5. Place of Occurrence: Ne",TIME
"H Year: 2025 FIR No: 3310/2026 Date of FIR: 21/05/2025 Time: 00:40 2. Acts & Sections: 420, 506 5. Place of Occurrence: M",TIME
"H Year: 2026 FIR No: 5871/2025 Date of FIR: 22/03/2026 Time: 23:20 2. Acts & Sections: 471, 406 5. Place of Occurrence: S",TIME
"H Year: 2025 FIR No: 7933/2025 Date of FIR: 27/06/2025 Time: 14:20 2. Acts & Sections: 506, 471 5. Place of Occurrence: B",TIME
"N Year: 2025 FIR No: 4795/2025 Date of FIR: 21/08/2025 Time: 14:50 2. Acts & Sections: 420, 379 5. Place of Occurrence: R",TIME
"0 Year: 2025 FIR No: 5733/2026 Date of FIR: 11/03/2025 Time: 01:40 2. Acts & Sections: 34, 406 5. Place of Occurrence: Gr",TIME
"0 Year: 2026 FIR No: 5721/2025 Date of FIR: 24/03/2026 Time: 03:40 2. Acts & Sections: 406, 468 5. Place of Occurrence: I",TIME
"D Year: 2027 FIR No: 5498/2026 Date of FIR: 30/03/2027 Time: 06:00 2. Acts & Sections: 406, 379 5. Place of Occurrence: O",TIME
"N Year: 2025 FIR No: 0725/2024 Date of FIR: 21/02/2025 Time: 23:50 2. Acts & Sections: 379, 471 5. Place of Occurrence: M",TIME
"0 Year: 2026 FIR No: 2839/2026 Date of FIR: 23/08/2026 Time: 14:10 2. Acts & Sections: 468, 506 5. Place of Occurrence: O",TIME
"L Year: 2026 FIR No: 4068/2025 Date of FIR: 30/11/2026 Time: 09:10 2. Acts & Sections: 420, 506 5. Place of Occurrence: O",TIME
"0 Year: 2027 FIR No: 3082/2026 Date of FIR: 06/05/2027 Time: 17:00 2. Acts & Sections: 379, 411 5. Place of Occurrence: O",TIME
"D Year: 2027 FIR No: 1943/2024 Date of FIR: 14/05/2027 Time: 00:00 2. Acts & Sections: 468, 506 5. Place of Occurrence: I",TIME
"H Year: 2027 FIR No: 5823/2026 Date of FIR: 15/06/2027 Time: 08:30 2. Acts & Sections: 411, 506 5. Place of Occurrence: O",TIME
"H Year: 2026 FIR No: 5746/2024 Date of FIR: 13/09/2026 Time: 07:50 2. Acts & Sections: 420, 411 5. Place of Occurrence: N",TIME
"N Year: 2026 FIR No: 6262/2025 Date of FIR: 16/11/2026 Time: 19:50 2. Acts & Sections: 471, 406 5. Place of Occurrence: M",TIME
"D Year: 2026 FIR No: 0398/2024 Date of FIR: 18/01/2026 Time: 23:30 2. Acts & Sections: 379, 34 5. Place of Occurrence: Gr",TIME
"L Year: 2026 FIR No: 3914/2026 Date of FIR: 06/05/2026 Time: 07:40 2. Acts & Sections: 468, 471 5. Place of Occurrence: M",TIME
"R Year: 2025 FIR No: 8437/2024 Date of FIR: 07/11/2025 Time: 16:50 2. Acts & Sections: 506, 379 5. Place of Occurrence: G",TIME
"N Year: 2026 FIR No: 6249/2026 Date of FIR: 19/06/2026 Time: 11:30 2. Acts & Sections: 506, 34 5. Place of Occurrence: Ma",TIME
"N Year: 2025 FIR No: 3173/2026 Date of FIR: 12/05/2025 Time: 14:20 2. Acts & Sections: 471, 406 5. Place of Occurrence: B",TIME
"L Year: 2025 FIR No: 9480/2025 Date of FIR: 07/05/2025 Time: 12:20 2. Acts & Sections: 379, 406 5. Place of Occurrence: I",TIME
"L Year: 2026 FIR No: 9438/2025 Date of FIR: 11/02/2026 Time: 01:10 2. Acts & Sections: 406, 34 5. Place of Occurrence: Ma",TIME
"L Year: 2025 FIR No: 7502/2025 Date of FIR: 08/09/2025 Time: 22:50 2. Acts & Sections: 411, 468 5. Place of Occurrence: I",TIME
"L Year: 2025 FIR No: 7954/2025 Date of FIR: 12/01/2025 Time: 06:50 2. Acts & Sections: 406, 471 5. Place of Occurrence: R",TIME
"D Year: 2027 FIR No: 9753/2025 Date of FIR: 18/02/2027 Time: 06:50 2. Acts & Sections: 379, 468 5. Place of Occurrence: O",TIME
"H Year: 2027 FIR No: 5994/2024 Date of FIR: 05/01/2027 Time: 16:40 2. Acts & Sections: 471, 34 5. Place of Occurrence: Se",TIME
"H Year: 2026 FIR No: 1508/2024 Date of FIR: 27/06/2026 Time: 09:20 2. Acts & Sections: 379, 506 5. Place of Occurrence: B",TIME
"D Year: 2027 FIR No: 0367/2025 Date of FIR: 01/06/2027 Time: 04:40 2. Acts & Sections: 506, 420 5. Place of Occurrence: N",TIME
"H Year: 2025 FIR No: 0229/2024 Date of FIR: 26/08/2025 Time: 14:20 2. Acts & Sections: 411, 471 5. Place of Occurrence: G",TIME
"H Year: 2025 FIR No: 4147/2026 Date of FIR: 14/08/2025 Time: 16:00 2. Acts & Sections: 406, 411 5. Place of Occurrence: B",TIME
"R Year: 2025 FIR No: 1219/2025 Date of FIR: 27/05/2025 Time: 19:20 2. Acts & Sections: 406, 506 5. Place of Occurrence: N",TIME
"H Year: 2027 FIR No: 6568/2024 Date of FIR: 02/03/2027 Time: 04:00 2. Acts & Sections: 379, 471 5. Place of Occurrence: R",TIME
"R Year: 2027 FIR No: 8219/2026 Date of FIR: 19/06/2027 Time: 00:00 2. Acts & Sections: 34, 468 5. Place of Occurrence: Se",TIME
"N Year: 2026 FIR No: 3323/2026 Date of FIR: 04/03/2026 Time: 14:50 2. Acts & Sections: 471, 420 5. Place of Occurrence: C",TIME
"0 Year: 2026 FIR No: 7098/2026 Date of FIR: 14/05/2026 Time: 21:00 2. Acts & Sections: 420, 406 5. Place of Occurrence: C",TIME
"H Year: 2025 FIR No: 1919/2024 Date of FIR: 19/03/2025 Time: 02:50 2. Acts & Sections: 34, 406 5. Place of Occurrence: Ra",TIME
"H Year: 2025 FIR No: 6808/2025 Date of FIR: 02/10/2025 Time: 10:20 2. Acts & Sections: 34, 468 5. Place of Occurrence: Ra",TIME
"L Year: 2025 FIR No: 9164/2025 Date of FIR: 31/03/2025 Time: 06:20 2. Acts & Sections: 506, 411 5. Place of Occurrence: S",TIME
"D Year: 2026 FIR No: 8498/2025 Date of FIR: 23/07/2026 Time: 02:00 2. Acts & Sections: 406, 468 5. Place of Occurrence: R",TIME
"N Year: 2026 FIR No: 6699/2026 Date of FIR: 31/05/2026 Time: 19:10 2. Acts & Sections: 468, 506 5. Place of Occurrence: O",TIME
"H Year: 2025 FIR No: 6282/2025 Date of FIR: 13/06/2025 Time: 14:00 2. Acts & Sections: 471, 506 5. Place of Occurrence: C",TIME
"0 Year: 2026 FIR No: 7664/2026 Date of FIR: 21/08/2026 Time: 01:50 2. Acts & Sections: 506, 406 5. Place of Occurrence: I",TIME
"D Year: 2026 FIR No: 7154/2025 Date of FIR: 27/02/2026 Time: 16:50 2. Acts & Sections: 420, 506 5. Place of Occurrence: B",TIME
"H Year: 2026 FIR No: 4997/2025 Date of FIR: 23/02/2026 Time: 18:30 2. Acts & Sections: 471, 34 5. Place of Occurrence: Ne",TIME
"0 Year: 2026 FIR No: 8712/2024 Date of FIR: 07/10/2026 Time: 15:50 2. Acts & Sections: 406, 379 5. Place of Occurrence: C",TIME
"H Year: 2025 FIR No: 0285/2026 Date of FIR: 24/07/2025 Time: 15:50 2. Acts & Sections: 506, 406 5. Place of Occurrence: M",TIME
"N Year: 2025 FIR No: 4464/2024 Date of FIR: 16/01/2025 Time: 20:20 2. Acts & Sections: 411, 506 5. Place of Occurrence: O",TIME
"0 Year: 2025 FIR No: 1137/2024 Date of FIR: 22/10/2025 Time: 17:00 2. Acts & Sections: 468, 34 5. Place of Occurrence: Ra",TIME
"0 Year: 2027 FIR No: 6196/2026 Date of FIR: 23/03/2027 Time: 14:50 2. Acts & Sections: 411, 471 5. Place of Occurrence: O",TIME
"D Year: 2026 FIR No: 4083/2026 Date of FIR: 09/04/2026 Time: 02:20 2. Acts & Sections: 471, 468 5. Place of Occurrence: S",TIME
"R Year: 2025 FIR No: 8189/2025 Date of FIR: 18/03/2025 Time: 21:40 2. Acts & Sections: 379, 406 5. Place of Occurrence: I",TIME
"R Year: 2025 FIR No: 4186/2025 Date of FIR: 08/03/2025 Time: 18:30 2. Acts & Sections: 506, 411 5. Place of Occurrence: G",TIME
"R Year: 2025 FIR No: 2295/2025 Date of FIR: 15/02/2025 Time: 18:10 2. Acts & Sections: 468, 471 5. Place of Occurrence: M",TIME
"0 Year: 2027 FIR No: 5281/2024 Date of FIR: 28/01/2027 Time: 02:20 2. Acts & Sections: 471, 506 5. Place of Occurrence: C",TIME
"R Year: 2026 FIR No: 2356/2025 Date of FIR: 07/02/2026 Time: 18:40 2. Acts & Sections: 379, 471 5. Place of Occurrence: N",TIME
"N Year: 2026 FIR No: 7896/2025 Date of FIR: 29/03/2026 Time: 06:10 2. Acts & Sections: 471, 411 5. Place of Occurrence: S",TIME
"N Year: 2027 FIR No: 6421/2026 Date of FIR: 08/03/2027 Time: 09:10 2. Acts & Sections: 411, 506 5. Place of Occurrence: M",TIME
"L Year: 2026 FIR No: 1343/2024 Date of FIR: 24/07/2026 Time: 03:20 2. Acts & Sections: 406, 468 5. Place of Occurrence: G",TIME
"0 Year: 2027 FIR No: 0039/2024 Date of FIR: 17/01/2027 Time: 07:20 2. Acts & Sections: 420, 471 5. Place of Occurrence: S",TIME
"H Year: 2025 FIR No: 0280/2025 Date of FIR: 17/06/2025 Time: 12:20 2. Acts & Sections: 506, 379 5. Place of Occurrence: R",TIME
"H Year: 2025 FIR No: 0561/2026 Date of FIR: 06/02/2025 Time: 16:00 2. Acts & Sections: 506, 406 5. Place of Occurrence: R",TIME
"N Year: 2026 FIR No: 4837/2025 Date of FIR: 27/05/2026 Time: 09:20 2. Acts & Sections: 379, 420 5. Place of Occurrence: N",TIME
"H Year: 2025 FIR No: 3915/2025 Date of FIR: 01/08/2025 Time: 01:40 2. Acts & Sections: 468, 406 5. Place of Occurrence: C",TIME
"H Year: 2026 FIR No: 0303/2026 Date of FIR: 13/06/2026 Time: 12:20 2. Acts & Sections: 420, 406 5. Place of Occurrence: B",TIME
"H Year: 2026 FIR No: 3641/2025 Date of FIR: 06/11/2026 Time: 20:00 2. Acts & Sections: 471, 406 5. Place of Occurrence: R",TIME
"D Year: 2025 FIR No: 3953/2024 Date of FIR: 18/07/2025 Time: 10:40 2. Acts & Sections: 34, 506 5. Place of Occurrence: Bu",TIME
"H Year: 2026 FIR No: 6245/2026 Date of FIR: 10/11/2026 Time: 21:30 2. Acts & Sections: 468, 411 5. Place of Occurrence: M",TIME
"H Year: 2027 FIR No: 0870/2024 Date of FIR: 13/04/2027 Time: 04:20 2. Acts & Sections: 411, 420 5. Place of Occurrence: I",TIME
"R Year: 2026 FIR No: 6001/2026 Date of FIR: 25/03/2026 Time: 06:50 2. Acts & Sections: 411, 420 5. Place of Occurrence: R",TIME
"0 Year: 2025 FIR No: 0278/2026 Date of FIR: 08/09/2025 Time: 11:00 2. Acts & Sections: 411, 468 5. Place of Occurrence: R",TIME
"H Year: 2025 FIR No: 2546/2024 Date of FIR: 03/10/2025 Time: 23:30 2. Acts & Sections: 406, 379 5. Place of Occurrence: C",TIME
"D Year: 2025 FIR No: 6546/2026 Date of FIR: 26/11/2025 Time: 01:40 2. Acts & Sections: 411, 468 5. Place of Occurrence: O",TIME
"H Year: 2025 FIR No: 5334/2026 Date of FIR: 22/05/2025 Time: 04:30 2. Acts & Sections: 471, 411 5. Place of Occurrence: C",TIME
"N Year: 2026 FIR No: 3547/2025 Date of FIR: 31/10/2026 Time: 03:30 2. Acts & Sections: 420, 468 5. Place of Occurrence: C",TIME
"H Year: 2027 FIR No: 7275/2024 Date of FIR: 24/05/2027 Time: 01:10 2. Acts & Sections: 471, 420 5. Place of Occurrence: I",TIME
"H Year: 2027 FIR No: 3747/2024 Date of FIR: 12/06/2027 Time: 18:00 2. Acts & Sections: 471, 420 5. Place of Occurrence: S",TIME
"0 Year: 2025 FIR No: 7900/2025 Date of FIR: 26/05/2025 Time: 14:40 2. Acts & Sections: 379, 420 5. Place of Occurrence: R",TIME
"H Year: 2026 FIR No: 2753/2026 Date of FIR: 01/04/2026 Time: 14:10 2. Acts & Sections: 411, 506 5. Place of Occurrence: N",TIME
"H Year: 2026 FIR No: 9728/2024 Date of FIR: 16/06/2026 Time: 17:50 2. Acts & Sections: 420, 471 5. Place of Occurrence: R",TIME
"0 Year: 2026 FIR No: 8816/2026 Date of FIR: 24/05/2026 Time: 10:10 2. Acts & Sections: 411, 34 5. Place of Occurrence: Bu",TIME
"D Year: 2026 FIR No: 4076/2026 Date of FIR: 12/11/2026 Time: 09:00 2. Acts & Sections: 506, 411 5. Place of Occurrence: S",TIME
"H Year: 2026 FIR No: 2135/2026 Date of FIR: 10/10/2026 Time: 11:20 2. Acts & Sections: 406, 420 5. Place of Occurrence: M",TIME
"D Year: 2025 FIR No: 2479/2026 Date of FIR: 06/04/2025 Time: 08:40 2. Acts & Sections: 406, 411 5. Place of Occurrence: I",TIME
"L Year: 2026 FIR No: 0110/2024 Date of FIR: 05/10/2026 Time: 22:20 2. Acts & Sections: 506, 468 5. Place of Occurrence: R",TIME
"D Year: 2025 FIR No: 0192/2024 Date of FIR: 21/05/2025 Time: 11:10 2. Acts & Sections: 468, 379 5. Place of Occurrence: N",TIME
"H Year: 2027 FIR No: 8932/2026 Date of FIR: 15/02/2027 Time: 12:20 2. Acts & Sections: 379, 406 5. Place of Occurrence: I",TIME
"H Year: 2025 FIR No: 5377/2026 Date of FIR: 01/04/2025 Time: 21:30 2. Acts & Sections: 379, 34 5. Place of Occurrence: Ol",TIME
"R Year: 2025 FIR No: 9250/2025 Date of FIR: 18/03/2025 Time: 19:40 2. Acts & Sections: 471, 506 5. Place of Occurrence: S",TIME
"H Year: 2025 FIR No: 5323/2025 Date of FIR: 01/03/2025 Time: 18:00 2. Acts & Sections: 411, 468 5. Place of Occurrence: M",TIME
"D Year: 2026 FIR No: 9394/2026 Date of FIR: 26/04/2026 Time: 06:10 2. Acts & Sections: 471, 34 5. Place of Occurrence: Bu",TIME
"R Year: 2025 FIR No: 4067/2026 Date of FIR: 06/06/2025 Time: 10:20 2. Acts & Sections: 406, 379 5. Place of Occurrence: O",TIME
"N Year: 2025 FIR No: 6292/2025 Date of FIR: 06/04/2025 Time: 05:40 2. Acts & Sections: 420, 468 5. Place of Occurrence: O",TIME
"N Year: 2026 FIR No: 1110/2024 Date of FIR: 26/10/2026 Time: 14:20 2. Acts & Sections: 471, 468 5. Place of Occurrence: O",TIME
"D Year: 2026 FIR No: 4068/2026 Date of FIR: 14/10/2026 Time: 07:20 2. Acts & Sections: 471, 406 5. Place of Occurrence: C",TIME
"L Year: 2026 FIR No: 3500/2024 Date of FIR: 29/10/2026 Time: 00:00 2. Acts & Sections: 506, 420 5. Place of Occurrence: S",TIME
"D Year: 2025 FIR No: 5873/2025 Date of FIR: 22/11/2025 Time: 08:20 2. Acts & Sections: 411, 471 5. Place of Occurrence: G",TIME
"L Year: 2025 FIR No: 1170/2025 Date of FIR: 19/09/2025 Time: 16:20 2. Acts & Sections: 406, 420 5. Place of Occurrence: O",TIME
"D Year: 2026 FIR No: 5518/2025 Date of FIR: 28/12/2026 Time: 06:50 2. Acts & Sections: 506, 468 5. Place of Occurrence: R",TIME
"N Year: 2026 FIR No: 8194/2026 Date of FIR: 26/03/2026 Time: 07:30 2. Acts & Sections: 406, 420 5. Place of Occurrence: M",TIME
"D Year: 2025 FIR No: 1148/2024 Date of FIR: 17/12/2025 Time: 07:20 2. Acts & Sections: 471, 420 5. Place of Occurrence: O",TIME
"H Year: 2026 FIR No: 5856/2026 Date of FIR: 25/04/2026 Time: 20:40 2. Acts & Sections: 468, 34 5. Place of Occurrence: Se",TIME
"D Year: 2025 FIR No: 2467/2025 Date of FIR: 29/12/2025 Time: 03:00 2. Acts & Sections: 420, 506 5. Place of Occurrence: G",TIME
"N Year: 2025 FIR No: 9102/2024 Date of FIR: 09/08/2025 Time: 06:30 2. Acts & Sections: 379, 420 5. Place of Occurrence: I",TIME
"R Year: 2025 FIR No: 4188/2024 Date of FIR: 24/05/2025 Time: 06:00 2. Acts & Sections: 506, 34 5. Place of Occurrence: Ne",TIME
"R Year: 2027 FIR No: 8018/2026 Date of FIR: 16/05/2027 Time: 15:10 2. Acts & Sections: 420, 471 5. Place of Occurrence: S",TIME
"R Year: 2027 FIR No: 3920/2024 Date of FIR: 30/01/2027 Time: 14:00 2. Acts & Sections: 411, 379 5. Place of Occurrence: G",TIME
"D Year: 2026 FIR No: 7442/2026 Date of FIR: 27/09/2026 Time: 22:10 2. Acts & Sections: 420, 506 5. Place of Occurrence: B",TIME
"H Year: 2025 FIR No: 9027/2024 Date of FIR: 18/08/2025 Time: 16:50 2. Acts & Sections: 379, 506 5. Place of Occurrence: G",TIME
"R Year: 2026 FIR No: 5660/2025 Date of FIR: 30/01/2026 Time: 02:30 2. Acts & Sections: 420, 468 5. Place of Occurrence: B",TIME
"N Year: 2027 FIR No: 5403/2024 Date of FIR: 21/03/2027 Time: 02:30 2. Acts & Sections: 34, 420 5. Place of Occurrence: Ci",TIME
"D Year: 2026 FIR No: 5727/2026 Date of FIR: 28/10/2026 Time: 07:50 2. Acts & Sections: 411, 379 5. Place of Occurrence: S",TIME
"L Year: 2026 FIR No: 2586/2026 Date of FIR: 13/06/2026 Time: 14:00 2. Acts & Sections: 506, 34 5. Place of Occurrence: Ne",TIME
"H Year: 2026 FIR No: 2257/2025 Date of FIR: 23/09/2026 Time: 13:00 2. Acts & Sections: 34, 471 5. Place of Occurrence: Ra",TIME
"R Year: 2026 FIR No: 6132/2025 Date of FIR: 24/10/2026 Time: 09:00 2. Acts & Sections: 471, 420 5. Place of Occurrence: G",TIME
"H Year: 2026 FIR No: 7592/2025 Date of FIR: 06/02/2026 Time: 18:20 2. Acts & Sections: 471, 379 5. Place of Occurrence: R",TIME
"H Year: 2025 FIR No: 6605/2024 Date of FIR: 23/02/2025 Time: 13:50 2. Acts & Sections: 420, 506 5. Place of Occurrence: O",TIME
"L Year: 2026 FIR No: 9047/2026 Date of FIR: 20/09/2026 Time: 20:40 2. Acts & Sections: 411, 468 5. Place of Occurrence: B",TIME
"R Year: 2025 FIR No: 3886/2024 Date of FIR: 01/07/2025 Time: 16:50 2. Acts & Sections: 471, 34 5. Place of Occurrence: Gr",TIME
"R Year: 2025 FIR No: 4149/2026 Date of FIR: 19/02/2025 Time: 21:30 2. Acts & Sections: 406, 506 5. Place of Occurrence: M",TIME
"H Year: 2026 FIR No: 1969/2026 Date of FIR: 14/11/2026 Time: 22:10 2. Acts & Sections: 420, 506 5. Place of Occurrence: B",TIME
"D Year: 2025 FIR No: 6911/2026 Date of FIR: 03/10/2025 Time: 16:10 2. Acts & Sections: 379, 411 5. Place of Occurrence: G",TIME
"0 Year: 2026 FIR No: 4909/2026 Date of FIR: 03/12/2026 Time: 14:00 2. Acts & Sections: 379, 506 5. Place of Occurrence: N",TIME
"N Year: 2025 FIR No: 1816/2026 Date of FIR: 23/02/2025 Time: 12:00 2. Acts & Sections: 406, 468 5. Place of Occurrence: M",TIME
Police Station: City Center,ORGANIZATION
District: Metropolitan Central,ORGANIZATION
Northstar Logistics organization,ORGANIZATION
FIRST INFORMATION REPORT 1. District: Mumbai Police Station: NORTH Year: 2027 FIR No: 6601/2024 Date of FIR: 16/04/2027 T,ORGANIZATION
FIRST INFORMATION REPORT 1. District: Delhi NCR Police Station: RIVER ROAD Year: 2026 FIR No: 5991/2026 Date of FIR: 17/11/2026 T,ORGANIZATION
FIRST INFORMATION REPORT 1. District: Lucknow Police Station: RIVER ROAD Year: 2026 FIR No: 9586/2024 Date of FIR: 08/03/2026 T,ORGANIZATION
FIRST INFORMATION REPORT 1. District: Pune Police Station: RIVER ROAD Year: 2026 FIR No: 9016/2024 Date of FIR: 23/02/2026 T,ORGANIZATION
FIRST INFORMATION REPORT 1. District: Lucknow Police Station: CENTRAL Year: 2025 FIR No: 2023/2025 Date of FIR: 10/01/2025 T,ORGANIZATION
FIRST INFORMATION REPORT 1. District: Mumbai Police Station: SECTOR 10 Year: 2025 FIR No: 8652/2024 Date of FIR: 10/10/2025 T,ORGANIZATION
FIRST INFORMATION REPORT 1. District: Jaipur Police Station: CITY CENTER Year: 2026 FIR No: 3667/2024 Date of FIR: 29/09/2026 T,ORGANIZATION
FIRST INFORMATION REPORT 1. District: Bengaluru Police Station: MODEL TOWN Year: 2026 FIR No: 8876/2026 Date of FIR: 14/04/2026 T,ORGANIZATION
FIRST INFORMATION REPORT 1. District: Bengaluru Police Station: MODEL TOWN Year: 2026 FIR No: 7232/2025 Date of FIR: 15/09/2026 T,ORGANIZATION
FIRST INFORMATION REPORT 1. District: Pune Police Station: SECTOR 10 Year: 2025 FIR No: 6105/2024 Date of FIR: 29/09/2025 T,ORGANIZATION
FIRST INFORMATION REPORT 1. District: Mumbai Police Station: CITY CENTER Year: 2027 FIR No: 3237/2026 Date of FIR: 14/06/2027 T,ORGANIZATION
FIRST INFORMATION REPORT 1. District: Lucknow Police Station: NORTH Year: 2025 FIR No: 6722/2026 Date of FIR: 19/02/2025 T,ORGANIZATION
FIRST INFORMATION REPORT 1. District: Bengaluru Police Station: SOUTH Year: 2026 FIR No: 6848/2025 Date of FIR: 22/05/2026 T,ORGANIZATION
FIRST INFORMATION REPORT 1. District: Mumbai Police Station: CENTRAL Year: 2025 FIR No: 9175/2026 Date of FIR: 07/02/2025 T,ORGANIZATION
FIRST INFORMATION REPORT 1. District: Bengaluru Police Station: SECTOR 10 Year: 2025 FIR No: 4641/2026 Date of FIR: 11/07/2025 T,ORGANIZATION
FIRST INFORMATION REPORT 1. District: Lucknow Police Station: SOUTH Year: 2027 FIR No: 9170/2024 Date of FIR: 16/06/2027 T,ORGANIZATION
FIRST INFORMATION REPORT 1. District: Lucknow Police Station: NORTH Year: 2026 FIR No: 4089/2025 Date of FIR: 27/05/2026 T,ORGANIZATION
FIRST INFORMATION REPORT 1. District: Delhi NCR Police Station: SECTOR 10 Year: 2026 FIR No: 7807/2024 Date of FIR: 25/04/2026 T,ORGANIZATION
FIRST INFORMATION REPORT 1. District: Pune Police Station: CENTRAL Year: 2026 FIR No: 9643/2026 Date of FIR: 27/04/2026 T,ORGANIZATION
FIRST INFORMATION REPORT 1. District: Bengaluru Police Station: SECTOR 10 Year: 2027 FIR No: 2024/2025 Date of FIR: 28/03/2027 T,ORGANIZATION
FIRST INFORMATION REPORT 1. District: Jaipur Police Station: CENTRAL Year: 2026 FIR No: 7235/2025 Date of FIR: 12/04/2026 T,ORGANIZATION
FIRST INFORMATION REPORT 1. District: Mumbai Police Station: RIVER ROAD Year: 2025 FIR No: 2073/2025 Date of FIR: 16/12/2025 T,ORGANIZATION
FIRST INFORMATION REPORT 1. District: Mumbai Police Station: NORTH Year: 2026 FIR No: 6221/2026 Date of FIR: 16/08/2026 T,ORGANIZATION
FIRST INFORMATION REPORT 1. District: Bengaluru Police Station: CITY CENTER Year: 2025 FIR No: 5117/2025 Date of FIR: 01/12/2025 T,ORGANIZATION
FIRST INFORMATION REPORT 1. District: Delhi NCR Police Station: SOUTH Year: 2026 FIR No: 2992/2024 Date of FIR: 01/01/2026 T,ORGANIZATION
FIRST INFORMATION REPORT 1. District: Jaipur Police Station: SOUTH Year: 2026 FIR No: 1120/2025 Date of FIR: 05/01/2026 T,ORGANIZATION
FIRST INFORMATION REPORT 1. District: Jaipur Police Station: CENTRAL Year: 2026 FIR No: 3361/2026 Date of FIR: 16/08/2026 T,ORGANIZATION
FIRST INFORMATION REPORT 1. District: Jaipur Police Station: NORTH Year: 2025 FIR No: 2208/2026 Date of FIR: 02/01/2025 T,ORGANIZATION
FIRST INFORMATION REPORT 1. District: Jaipur Police Station: RIVER ROAD Year: 2026 FIR No: 6601/2026 Date of FIR: 24/03/2026 T,ORGANIZATION
FIRST INFORMATION REPORT 1. District: Pune Police Station: RIVER ROAD Year: 2025 FIR No: 9575/2026 Date of FIR: 27/07/2025 T,ORGANIZATION
FIRST INFORMATION REPORT 1. District: Delhi NCR Police Station: NORTH Year: 2027 FIR No: 4287/2024 Date of FIR: 11/01/2027 T,ORGANIZATION
FIRST INFORMATION REPORT 1. District: Mumbai Police Station: RIVER ROAD Year: 2026 FIR No: 6858/2024 Date of FIR: 06/05/2026 T,ORGANIZATION
FIRST INFORMATION REPORT 1. District: Pune Police Station: CITY CENTER Year: 2025 FIR No: 0877/2025 Date of FIR: 29/03/2025 T,ORGANIZATION
FIRST INFORMATION REPORT 1. District: Mumbai Police Station: RIVER ROAD Year: 2026 FIR No: 5109/2026 Date of FIR: 28/04/2026 T,ORGANIZATION
FIRST INFORMATION REPORT 1. District: Lucknow Police Station: SECTOR 10 Year: 2026 FIR No: 9828/2025 Date of FIR: 23/02/2026 T,ORGANIZATION
FIRST INFORMATION REPORT 1. District: Bengaluru Police Station: CENTRAL Year: 2025 FIR No: 5895/2025 Date of FIR: 24/06/2025 T,ORGANIZATION
FIRST INFORMATION REPORT 1. District: Bengaluru Police Station: SOUTH Year: 2026 FIR No: 2777/2025 Date of FIR: 02/10/2026 T,ORGANIZATION
FIRST INFORMATION REPORT 1. District: Mumbai Police Station: CENTRAL Year: 2026 FIR No: 7788/2026 Date of FIR: 17/10/2026 T,ORGANIZATION
FIRST INFORMATION REPORT 1. District: Bengaluru Police Station: MODEL TOWN Year: 2025 FIR No: 8326/2024 Date of FIR: 15/11/2025 T,ORGANIZATION
FIRST INFORMATION REPORT 1. District: Pune Police Station: CENTRAL Year: 2026 FIR No: 4684/2025 Date of FIR: 27/10/2026 T,ORGANIZATION
FIRST INFORMATION REPORT 1. District: Pune Police Station: CENTRAL Year: 2027 FIR No: 2277/2024 Date of FIR: 07/05/2027 T,ORGANIZATION
FIRST INFORMATION REPORT 1. District: Jaipur Police Station: RIVER ROAD Year: 2025 FIR No: 6659/2025 Date of FIR: 23/10/2025 T,ORGANIZATION
FIRST INFORMATION REPORT 1. District: Lucknow Police Station: CENTRAL Year: 2026 FIR No: 6163/2024 Date of FIR: 14/03/2026 T,ORGANIZATION
FIRST INFORMATION REPORT 1. District: Pune Police Station: SECTOR 10 Year: 2026 FIR No: 5432/2025 Date of FIR: 25/07/2026 T,ORGANIZATION
FIRST INFORMATION REPORT 1. District: Mumbai Police Station: CITY CENTER Year: 2025 FIR No: 5653/2025 Date of FIR: 11/04/2025 T,ORGANIZATION
FIRST INFORMATION REPORT 1. District: Mumbai Police Station: SOUTH Year: 2027 FIR No: 6677/2025 Date of FIR: 12/06/2027 T,ORGANIZATION
FIRST INFORMATION REPORT 1. District: Lucknow Police Station: NORTH Year: 2027 FIR No: 4981/2026 Date of FIR: 19/03/2027 T,ORGANIZATION
FIRST INFORMATION REPORT 1. District: Mumbai Police Station: MODEL TOWN Year: 2026 FIR No: 8376/2025 Date of FIR: 01/08/2026 T,ORGANIZATION
FIRST INFORMATION REPORT 1. District: Mumbai Police Station: NORTH Year: 2027 FIR No: 3830/2024 Date of FIR: 19/02/2027 T,ORGANIZATION
FIRST INFORMATION REPORT 1. District: Lucknow Police Station: NORTH Year: 2025 FIR No: 9598/2024 Date of FIR: 21/01/2025 T,ORGANIZATION
FIRST INFORMATION REPORT 1. District: Pune Police Station: CENTRAL Year: 2025 FIR No: 2127/2026 Date of FIR: 17/10/2025 T,ORGANIZATION
FIRST INFORMATION REPORT 1. District: Pune Police Station: RIVER ROAD Year: 2025 FIR No: 6430/2024 Date of FIR: 07/10/2025 T,ORGANIZATION
FIRST INFORMATION REPORT 1. District: Lucknow Police Station: MODEL TOWN Year: 2026 FIR No: 3173/2024 Date of FIR: 03/03/2026 T,ORGANIZATION
FIRST INFORMATION REPORT 1. District: Pune Police Station: CITY CENTER Year: 2025 FIR No: 7111/2026 Date of FIR: 18/11/2025 T,ORGANIZATION
FIRST INFORMATION REPORT 1. District: Jaipur Police Station: RIVER ROAD Year: 2026 FIR No: 5914/2025 Date of FIR: 21/02/2026 T,ORGANIZATION
FIRST INFORMATION REPORT 1. District: Mumbai Police Station: CENTRAL Year: 2027 FIR No: 5732/2024 Date of FIR: 07/05/2027 T,ORGANIZATION
FIRST INFORMATION REPORT 1. District: Delhi NCR Police Station: MODEL TOWN Year: 2025 FIR No: 5857/2024 Date of FIR: 12/07/2025 T,ORGANIZATION
FIRST INFORMATION REPORT 1. District: Mumbai Police Station: NORTH Year: 2026 FIR No: 5562/2024 Date of FIR: 05/07/2026 T,ORGANIZATION
FIRST INFORMATION REPORT 1. District: Jaipur Police Station: SECTOR 10 Year: 2026 FIR No: 3004/2025 Date of FIR: 09/03/2026 T,ORGANIZATION
FIRST INFORMATION REPORT 1. District: Mumbai Police Station: RIVER ROAD Year: 2026 FIR No: 2076/2025 Date of FIR: 03/07/2026 T,ORGANIZATION
FIRST INFORMATION REPORT 1. District: Jaipur Police Station: CITY CENTER Year: 2026 FIR No: 5592/2026 Date of FIR: 04/04/2026 T,ORGANIZATION
FIRST INFORMATION REPORT 1. District: Lucknow Police Station: SOUTH Year: 2026 FIR No: 3169/2024 Date of FIR: 03/08/2026 T,ORGANIZATION
FIRST INFORMATION REPORT 1. District: Mumbai Police Station: SOUTH Year: 2025 FIR No: 0862/2024 Date of FIR: 15/05/2025 T,ORGANIZATION
FIRST INFORMATION REPORT 1. District: Jaipur Police Station: CENTRAL Year: 2025 FIR No: 1899/2025 Date of FIR: 08/05/2025 T,ORGANIZATION
FIRST INFORMATION REPORT 1. District: Lucknow Police Station: NORTH Year: 2026 FIR No: 9712/2024 Date of FIR: 22/01/2026 T,ORGANIZATION
FIRST INFORMATION REPORT 1. District: Mumbai Police Station: SECTOR 10 Year: 2025 FIR No: 6710/2025 Date of FIR: 28/07/2025 T,ORGANIZATION
FIRST INFORMATION REPORT 1. District: Delhi NCR Police Station: CITY CENTER Year: 2025 FIR No: 5787/2026 Date of FIR: 28/08/2025 T,ORGANIZATION
FIRST INFORMATION REPORT 1. District: Jaipur Police Station: SECTOR 10 Year: 2025 FIR No: 2244/2025 Date of FIR: 24/10/2025 T,ORGANIZATION
FIRST INFORMATION REPORT 1. District: Jaipur Police Station: SOUTH Year: 2026 FIR No: 4821/2025 Date of FIR: 20/06/2026 T,ORGANIZATION
FIRST INFORMATION REPORT 1. District: Bengaluru Police Station: CITY CENTER Year: 2026 FIR No: 4711/2026 Date of FIR: 09/02/2026 T,ORGANIZATION
FIRST INFORMATION REPORT 1. District: Jaipur Police Station: NORTH Year: 2027 FIR No: 2321/2025 Date of FIR: 12/04/2027 T,ORGANIZATION
FIRST INFORMATION REPORT 1. District: Lucknow Police Station: MODEL TOWN Year: 2027 FIR No: 7673/2025 Date of FIR: 03/02/2027 T,ORGANIZATION
FIRST INFORMATION REPORT 1. District: Delhi NCR Police Station: CITY CENTER Year: 2025 FIR No: 3075/2024 Date of FIR: 14/12/2025 T,ORGANIZATION
FIRST INFORMATION REPORT 1. District: Pune Police Station: SECTOR 10 Year: 2026 FIR No: 7306/2026 Date of FIR: 25/10/2026 T,ORGANIZATION
FIRST INFORMATION REPORT 1. District: Delhi NCR Police Station: MODEL TOWN Year: 2027 FIR No: 4359/2025 Date of FIR: 19/04/2027 T,ORGANIZATION
FIRST INFORMATION REPORT 1. District: Bengaluru Police Station: CITY CENTER Year: 2025 FIR No: 0142/2024 Date of FIR: 22/07/2025 T,ORGANIZATION
FIRST INFORMATION REPORT 1. District: Bengaluru Police Station: RIVER ROAD Year: 2025 FIR No: 0905/2025 Date of FIR: 10/11/2025 T,ORGANIZATION
FIRST INFORMATION REPORT 1. District: Pune Police Station: CITY CENTER Year: 2025 FIR No: 0095/2026 Date of FIR: 19/05/2025 T,ORGANIZATION
FIRST INFORMATION REPORT 1. District: Lucknow Police Station: CITY CENTER Year: 2026 FIR No: 5653/2024 Date of FIR: 30/01/2026 T,ORGANIZATION
FIRST INFORMATION REPORT 1. District: Mumbai Police Station: CENTRAL Year: 2025 FIR No: 0398/2024 Date of FIR: 28/02/2025 T,ORGANIZATION
FIRST INFORMATION REPORT 1. District: Lucknow Police Station: RIVER ROAD Year: 2025 FIR No: 6063/2025 Date of FIR: 16/12/2025 T,ORGANIZATION
FIRST INFORMATION REPORT 1. District: Lucknow Police Station: RIVER ROAD Year: 2025 FIR No: 3550/2026 Date of FIR: 30/10/2025 T,ORGANIZATION
FIRST INFORMATION REPORT 1. District: Pune Police Station: CENTRAL Year: 2027 FIR No: 4648/2024 Date of FIR: 20/06/2027 T,ORGANIZATION
FIRST INFORMATION REPORT 1. District: Jaipur Police Station: CENTRAL Year: 2025 FIR No: 4556/2026 Date of FIR: 30/08/2025 T,ORGANIZATION
FIRST INFORMATION REPORT 1. District: Pune Police Station: MODEL TOWN Year: 2027 FIR No: 6590/2026 Date of FIR: 27/01/2027 T,ORGANIZATION
FIRST INFORMATION REPORT 1. District: Lucknow Police Station: CENTRAL Year: 2025 FIR No: 9746/2026 Date of FIR: 06/06/2025 T,ORGANIZATION
FIRST INFORMATION REPORT 1. District: Delhi NCR Police Station: MODEL TOWN Year: 2025 FIR No: 0864/2025 Date of FIR: 03/10/2025 T,ORGANIZATION
FIRST INFORMATION REPORT 1. District: Bengaluru Police Station: NORTH Year: 2026 FIR No: 1415/2024 Date of FIR: 02/02/2026 T,ORGANIZATION
FIRST INFORMATION REPORT 1. District: Jaipur Police Station: CENTRAL Year: 2025 FIR No: 6441/2025 Date of FIR: 09/07/2025 T,ORGANIZATION
FIRST INFORMATION REPORT 1. District: Jaipur Police Station: RIVER ROAD Year: 2027 FIR No: 5311/2026 Date of FIR: 21/02/2027 T,ORGANIZATION
FIRST INFORMATION REPORT 1. District: Delhi NCR Police Station: SOUTH Year: 2025 FIR No: 7418/2026 Date of FIR: 19/10/2025 T,ORGANIZATION
FIRST INFORMATION REPORT 1. District: Bengaluru Police Station: CENTRAL Year: 2026 FIR No: 6113/2025 Date of FIR: 17/03/2026 T,ORGANIZATION
FIRST INFORMATION REPORT 1. District: Bengaluru Police Station: RIVER ROAD Year: 2027 FIR No: 1352/2024 Date of FIR: 07/03/2027 T,ORGANIZATION
FIRST INFORMATION REPORT 1. District: Delhi NCR Police Station: CITY CENTER Year: 2025 FIR No: 0687/2024 Date of FIR: 10/06/2025 T,ORGANIZATION
FIRST INFORMATION REPORT 1. District: Mumbai Police Station: NORTH Year: 2027 FIR No: 8828/2025 Date of FIR: 24/04/2027 T,ORGANIZATION
FIRST INFORMATION REPORT 1. District: Delhi NCR Police Station: SOUTH Year: 2025 FIR No: 0546/2026 Date of FIR: 28/06/2025 T,ORGANIZATION
FIRST INFORMATION REPORT 1. District: Mumbai Police Station: RIVER ROAD Year: 2027 FIR No: 8695/2025 Date of FIR: 02/03/2027 T,ORGANIZATION
FIRST INFORMATION REPORT 1. District: Jaipur Police Station: RIVER ROAD Year: 2025 FIR No: 2927/2026 Date of FIR: 10/05/2025 T,ORGANIZATION
FIRST INFORMATION REPORT 1. District: Pune Police Station: CITY CENTER Year: 2025 FIR No: 8566/2026 Date of FIR: 18/03/2025 T,ORGANIZATION
FIRST INFORMATION REPORT 1. District: Pune Police Station: MODEL TOWN Year: 2027 FIR No: 6914/2025 Date of FIR: 05/04/2027 T,ORGANIZATION
FIRST INFORMATION REPORT 1. District: Delhi NCR Police Station: NORTH Year: 2026 FIR No: 6264/2026 Date of FIR: 16/02/2026 T,ORGANIZATION
FIRST INFORMATION REPORT 1. District: Mumbai Police Station: NORTH Year: 2027 FIR No: 8030/2024 Date of FIR: 22/02/2027 T,ORGANIZATION
FIRST INFORMATION REPORT 1. District: Delhi NCR Police Station: CITY CENTER Year: 2027 FIR No: 8403/2026 Date of FIR: 15/01/2027 T,ORGANIZATION
FIRST INFORMATION REPORT 1. District: Delhi NCR Police Station: MODEL TOWN Year: 2025 FIR No: 0665/2024 Date of FIR: 20/03/2025 T,ORGANIZATION
FIRST INFORMATION REPORT 1. District: Pune Police Station: CITY CENTER Year: 2025 FIR No: 1129/2026 Date of FIR: 16/02/2025 T,ORGANIZATION
FIRST INFORMATION REPORT 1. District: Pune Police Station: CITY CENTER Year: 2025 FIR No: 8182/2025 Date of FIR: 20/03/2025 T,ORGANIZATION
FIRST INFORMATION REPORT 1. District: Jaipur Police Station: RIVER ROAD Year: 2025 FIR No: 7677/2026 Date of FIR: 18/09/2025 T,ORGANIZATION
FIRST INFORMATION REPORT 1. District: Bengaluru Police Station: SECTOR 10 Year: 2027 FIR No: 5925/2026 Date of FIR: 04/05/2027 T,ORGANIZATION
FIRST INFORMATION REPORT 1. District: Jaipur Police Station: CENTRAL Year: 2025 FIR No: 4491/2024 Date of FIR: 12/04/2025 T,ORGANIZATION
FIRST INFORMATION REPORT 1. District: Lucknow Police Station: CENTRAL Year: 2025 FIR No: 5245/2025 Date of FIR: 10/04/2025 T,ORGANIZATION
FIRST INFORMATION REPORT 1. District: Mumbai Police Station: SECTOR 10 Year: 2027 FIR No: 8444/2026 Date of FIR: 24/05/2027 T,ORGANIZATION
FIRST INFORMATION REPORT 1. District: Pune Police Station: CITY CENTER Year: 2025 FIR No: 3753/2025 Date of FIR: 30/12/2025 T,ORGANIZATION
FIRST INFORMATION REPORT 1. District: Delhi NCR Police Station: SOUTH Year: 2025 FIR No: 4520/2026 Date of FIR: 03/09/2025 T,ORGANIZATION
FIRST INFORMATION REPORT 1. District: Mumbai Police Station: NORTH Year: 2025 FIR No: 4735/2026 Date of FIR: 20/08/2025 T,ORGANIZATION
FIRST INFORMATION REPORT 1. District: Mumbai Police Station: NORTH Year: 2026 FIR No: 4546/2025 Date of FIR: 14/07/2026 T,ORGANIZATION
FIRST INFORMATION REPORT 1. District: Lucknow Police Station: MODEL TOWN Year: 2025 FIR No: 9556/2025 Date of FIR: 29/09/2025 T,ORGANIZATION
FIRST INFORMATION REPORT 1. District: Pune Police Station: CENTRAL Year: 2026 FIR No: 9009/2024 Date of FIR: 25/10/2026 T,ORGANIZATION
FIRST INFORMATION REPORT 1. District: Lucknow Police Station: NORTH Year: 2026 FIR No: 1855/2025 Date of FIR: 05/12/2026 T,ORGANIZATION
FIRST INFORMATION REPORT 1. District: Lucknow Police Station: SOUTH Year: 2027 FIR No: 0833/2026 Date of FIR: 26/03/2027 T,ORGANIZATION
FIRST INFORMATION REPORT 1. District: Delhi NCR Police Station: SECTOR 10 Year: 2026 FIR No: 7043/2025 Date of FIR: 16/09/2026 T,ORGANIZATION
FIRST INFORMATION REPORT 1. District: Pune Police Station: CENTRAL Year: 2025 FIR No: 7649/2025 Date of FIR: 30/12/2025 T,ORGANIZATION
FIRST INFORMATION REPORT 1. District: Bengaluru Police Station: MODEL TOWN Year: 2026 FIR No: 8246/2024 Date of FIR: 11/12/2026 T,ORGANIZATION
FIRST INFORMATION REPORT 1. District: Pune Police Station: CITY CENTER Year: 2025 FIR No: 4064/2025 Date of FIR: 15/11/2025 T,ORGANIZATION
FIRST INFORMATION REPORT 1. District: Pune Police Station: RIVER ROAD Year: 2026 FIR No: 5548/2024 Date of FIR: 05/03/2026 T,ORGANIZATION
FIRST INFORMATION REPORT 1. District: Pune Police Station: NORTH Year: 2025 FIR No: 3310/2026 Date of FIR: 21/05/2025 T,ORGANIZATION
FIRST INFORMATION REPORT 1. District: Delhi NCR Police Station: SOUTH Year: 2026 FIR No: 5871/2025 Date of FIR: 22/03/2026 T,ORGANIZATION
FIRST INFORMATION REPORT 1. District: Bengaluru Police Station: SOUTH Year: 2025 FIR No: 7933/2025 Date of FIR: 27/06/2025 T,ORGANIZATION
FIRST INFORMATION REPORT 1. District: Pune Police Station: MODEL TOWN Year: 2025 FIR No: 4795/2025 Date of FIR: 21/08/2025 T,ORGANIZATION
FIRST INFORMATION REPORT 1. District: Bengaluru Police Station: SECTOR 10 Year: 2025 FIR No: 5733/2026 Date of FIR: 11/03/2025 T,ORGANIZATION
FIRST INFORMATION REPORT 1. District: Lucknow Police Station: SECTOR 10 Year: 2026 FIR No: 5721/2025 Date of FIR: 24/03/2026 T,ORGANIZATION
FIRST INFORMATION REPORT 1. District: Delhi NCR Police Station: RIVER ROAD Year: 2027 FIR No: 5498/2026 Date of FIR: 30/03/2027 T,ORGANIZATION
FIRST INFORMATION REPORT 1. District: Jaipur Police Station: MODEL TOWN Year: 2025 FIR No: 0725/2024 Date of FIR: 21/02/2025 T,ORGANIZATION
FIRST INFORMATION REPORT 1. District: Delhi NCR Police Station: SECTOR 10 Year: 2026 FIR No: 2839/2026 Date of FIR: 23/08/2026 T,ORGANIZATION
FIRST INFORMATION REPORT 1. District: Mumbai Police Station: CENTRAL Year: 2026 FIR No: 4068/2025 Date of FIR: 30/11/2026 T,ORGANIZATION
FIRST INFORMATION REPORT 1. District: Bengaluru Police Station: SECTOR 10 Year: 2027 FIR No: 3082/2026 Date of FIR: 06/05/2027 T,ORGANIZATION
FIRST INFORMATION REPORT 1. District: Bengaluru Police Station: RIVER ROAD Year: 2027 FIR No: 1943/2024 Date of FIR: 14/05/2027 T,ORGANIZATION
FIRST INFORMATION REPORT 1. District: Pune Police Station: SOUTH Year: 2027 FIR No: 5823/2026 Date of FIR: 15/06/2027 T,ORGANIZATION
FIRST INFORMATION REPORT 1. District: Bengaluru Police Station: NORTH Year: 2026 FIR No: 5746/2024 Date of FIR: 13/09/2026 T,ORGANIZATION
FIRST INFORMATION REPORT 1. District: Delhi NCR Police Station: MODEL TOWN Year: 2026 FIR No: 6262/2025 Date of FIR: 16/11/2026 T,ORGANIZATION
FIRST INFORMATION REPORT 1. District: Bengaluru Police Station: RIVER ROAD Year: 2026 FIR No: 0398/2024 Date of FIR: 18/01/2026 T,ORGANIZATION
FIRST INFORMATION REPORT 1. District: Jaipur Police Station: CENTRAL Year: 2026 FIR No: 3914/2026 Date of FIR: 06/05/2026 T,ORGANIZATION
FIRST INFORMATION REPORT 1. District: Bengaluru Police Station: CITY CENTER Year: 2025 FIR No: 8437/2024 Date of FIR: 07/11/2025 T,ORGANIZATION
FIRST INFORMATION REPORT 1. District: Lucknow Police Station: MODEL TOWN Year: 2026 FIR No: 6249/2026 Date of FIR: 19/06/2026 T,ORGANIZATION
FIRST INFORMATION REPORT 1. District: Jaipur Police Station: MODEL TOWN Year: 2025 FIR No: 3173/2026 Date of FIR: 12/05/2025 T,ORGANIZATION
FIRST INFORMATION REPORT 1. District: Lucknow Police Station: CENTRAL Year: 2025 FIR No: 9480/2025 Date of FIR: 07/05/2025 T,ORGANIZATION
FIRST INFORMATION REPORT 1. District: Jaipur Police Station: CENTRAL Year: 2026 FIR No: 9438/2025 Date of FIR: 11/02/2026 T,ORGANIZATION
FIRST INFORMATION REPORT 1. District: Lucknow Police Station: CENTRAL Year: 2025 FIR No: 7502/2025 Date of FIR: 08/09/2025 T,ORGANIZATION
FIRST INFORMATION REPORT 1. District: Mumbai Police Station: CENTRAL Year: 2025 FIR No: 7954/2025 Date of FIR: 12/01/2025 T,ORGANIZATION
FIRST INFORMATION REPORT 1. District: Delhi NCR Police Station: RIVER ROAD Year: 2027 FIR No: 9753/2025 Date of FIR: 18/02/2027 T,ORGANIZATION
FIRST INFORMATION REPORT 1. District: Lucknow Police Station: NORTH Year: 2027 FIR No: 5994/2024 Date of FIR: 05/01/2027 T,ORGANIZATION
FIRST INFORMATION REPORT 1. District: Delhi NCR Police Station: NORTH Year: 2026 FIR No: 1508/2024 Date of FIR: 27/06/2026 T,ORGANIZATION
FIRST INFORMATION REPORT 1. District: Jaipur Police Station: RIVER ROAD Year: 2027 FIR No: 0367/2025 Date of FIR: 01/06/2027 T,ORGANIZATION
FIRST INFORMATION REPORT 1. District: Jaipur Police Station: SOUTH Year: 2025 FIR No: 0229/2024 Date of FIR: 26/08/2025 T,ORGANIZATION
FIRST INFORMATION REPORT 1. District: Lucknow Police Station: SOUTH Year: 2025 FIR No: 4147/2026 Date of FIR: 14/08/2025 T,ORGANIZATION
FIRST INFORMATION REPORT 1. District: Pune Police Station: CITY CENTER Year: 2025 FIR No: 1219/2025 Date of FIR: 27/05/2025 T,ORGANIZATION
FIRST INFORMATION REPORT 1. District: Jaipur Police Station: NORTH Year: 2027 FIR No: 6568/2024 Date of FIR: 02/03/2027 T,ORGANIZATION
FIRST INFORMATION REPORT 1. District: Delhi NCR Police Station: CITY CENTER Year: 2027 FIR No: 8219/2026 Date of FIR: 19/06/2027 T,ORGANIZATION
FIRST INFORMATION REPORT 1. District: Jaipur Police Station: MODEL TOWN Year: 2026 FIR No: 3323/2026 Date of FIR: 04/03/2026 T,ORGANIZATION
FIRST INFORMATION REPORT 1. District: Lucknow Police Station: SECTOR 10 Year: 2026 FIR No: 7098/2026 Date of FIR: 14/05/2026 T,ORGANIZATION
FIRST INFORMATION REPORT 1. District: Delhi NCR Police Station: SOUTH Year: 2025 FIR No: 1919/2024 Date of FIR: 19/03/2025 T,ORGANIZATION
FIRST INFORMATION REPORT 1. District: Mumbai Police Station: NORTH Year: 2025 FIR No: 6808/2025 Date of FIR: 02/10/2025 T,ORGANIZATION
FIRST INFORMATION REPORT 1. District: Pune Police Station: CENTRAL Year: 2025 FIR No: 9164/2025 Date of FIR: 31/03/2025 T,ORGANIZATION
FIRST INFORMATION REPORT 1. District: Bengaluru Police Station: RIVER ROAD Year: 2026 FIR No: 8498/2025 Date of FIR: 23/07/2026 T,ORGANIZATION
FIRST INFORMATION REPORT 1. District: Delhi NCR Police Station: MODEL TOWN Year: 2026 FIR No: 6699/2026 Date of FIR: 31/05/2026 T,ORGANIZATION
FIRST INFORMATION REPORT 1. District: Pune Police Station: NORTH Year: 2025 FIR No: 6282/2025 Date of FIR: 13/06/2025 T,ORGANIZATION
FIRST INFORMATION REPORT 1. District: Lucknow Police Station: SECTOR 10 Year: 2026 FIR No: 7664/2026 Date of FIR: 21/08/2026 T,ORGANIZATION
FIRST INFORMATION REPORT 1. District: Lucknow Police Station: RIVER ROAD Year: 2026 FIR No: 7154/2025 Date of FIR: 27/02/2026 T,ORGANIZATION
FIRST INFORMATION REPORT 1. District: Lucknow Police Station: SOUTH Year: 2026 FIR No: 4997/2025 Date of FIR: 23/02/2026 T,ORGANIZATION
FIRST INFORMATION REPORT 1. District: Mumbai Police Station: SECTOR 10 Year: 2026 FIR No: 8712/2024 Date of FIR: 07/10/2026 T,ORGANIZATION
FIRST INFORMATION REPORT 1. District: Delhi NCR Police Station: NORTH Year: 2025 FIR No: 0285/2026 Date of FIR: 24/07/2025 T,ORGANIZATION
FIRST INFORMATION REPORT 1. District: Delhi NCR Police Station: MODEL TOWN Year: 2025 FIR No: 4464/2024 Date of FIR: 16/01/2025 T,ORGANIZATION
FIRST INFORMATION REPORT 1. District: Bengaluru Police Station: SECTOR 10 Year: 2025 FIR No: 1137/2024 Date of FIR: 22/10/2025 T,ORGANIZATION
FIRST INFORMATION REPORT 1. District: Mumbai Police Station: SECTOR 10 Year: 2027 FIR No: 6196/2026 Date of FIR: 23/03/2027 T,ORGANIZATION
FIRST INFORMATION REPORT 1. District: Delhi NCR Police Station: RIVER ROAD Year: 2026 FIR No: 4083/2026 Date of FIR: 09/04/2026 T,ORGANIZATION
FIRST INFORMATION REPORT 1. District: Bengaluru Police Station: CITY CENTER Year: 2025 FIR No: 8189/2025 Date of FIR: 18/03/2025 T,ORGANIZATION
FIRST INFORMATION REPORT 1. District: Jaipur Police Station: CITY CENTER Year: 2025 FIR No: 4186/2025 Date of FIR: 08/03/2025 T,ORGANIZATION
FIRST INFORMATION REPORT 1. District: Delhi NCR Police Station: CITY CENTER Year: 2025 FIR No: 2295/2025 Date of FIR: 15/02/2025 T,ORGANIZATION
FIRST INFORMATION REPORT 1. District: Lucknow Police Station: SECTOR 10 Year: 2027 FIR No: 5281/2024 Date of FIR: 28/01/2027 T,ORGANIZATION
FIRST INFORMATION REPORT 1. District: Pune Police Station: CITY CENTER Year: 2026 FIR No: 2356/2025 Date of FIR: 07/02/2026 T,ORGANIZATION
FIRST INFORMATION REPORT 1. District: Delhi NCR Police Station: MODEL TOWN Year: 2026 FIR No: 7896/2025 Date of FIR: 29/03/2026 T,ORGANIZATION
FIRST INFORMATION REPORT 1. District: Bengaluru Police Station: MODEL TOWN Year: 2027 FIR No: 6421/2026 Date of FIR: 08/03/2027 T,ORGANIZATION
FIRST INFORMATION REPORT 1. District: Bengaluru Police Station: CENTRAL Year: 2026 FIR No: 1343/2024 Date of FIR: 24/07/2026 T,ORGANIZATION
FIRST INFORMATION REPORT 1. District: Lucknow Police Station: SECTOR 10 Year: 2027 FIR No: 0039/2024 Date of FIR: 17/01/2027 T,ORGANIZATION
FIRST INFORMATION REPORT 1. District: Pune Police Station: NORTH Year: 2025 FIR No: 0280/2025 Date of FIR: 17/06/2025 T,ORGANIZATION
FIRST INFORMATION REPORT 1. District: Pune Police Station: NORTH Year: 2025 FIR No: 0561/2026 Date of FIR: 06/02/2025 T,ORGANIZATION
FIRST INFORMATION REPORT 1. District: Jaipur Police Station: MODEL TOWN Year: 2026 FIR No: 4837/2025 Date of FIR: 27/05/2026 T,ORGANIZATION
FIRST INFORMATION REPORT 1. District: Lucknow Police Station: NORTH Year: 2025 FIR No: 3915/2025 Date of FIR: 01/08/2025 T,ORGANIZATION
FIRST INFORMATION REPORT 1. District: Pune Police Station: NORTH Year: 2026 FIR No: 0303/2026 Date of FIR: 13/06/2026 T,ORGANIZATION
FIRST INFORMATION REPORT 1. District: Lucknow Police Station: NORTH Year: 2026 FIR No: 3641/2025 Date of FIR: 06/11/2026 T,ORGANIZATION
FIRST INFORMATION REPORT 1. District: Bengaluru Police Station: RIVER ROAD Year: 2025 FIR No: 3953/2024 Date of FIR: 18/07/2025 T,ORGANIZATION
FIRST INFORMATION REPORT 1. District: Bengaluru Police Station: SOUTH Year: 2026 FIR No: 6245/2026 Date of FIR: 10/11/2026 T,ORGANIZATION
FIRST INFORMATION REPORT 1. District: Delhi NCR Police Station: SOUTH Year: 2027 FIR No: 0870/2024 Date of FIR: 13/04/2027 T,ORGANIZATION
FIRST INFORMATION REPORT 1. District: Jaipur Police Station: CITY CENTER Year: 2026 FIR No: 6001/2026 Date of FIR: 25/03/2026 T,ORGANIZATION
FIRST INFORMATION REPORT 1. District: Bengaluru Police Station: SECTOR 10 Year: 2025 FIR No: 0278/2026 Date of FIR: 08/09/2025 T,ORGANIZATION
FIRST INFORMATION REPORT 1. District: Delhi NCR Police Station: SOUTH Year: 2025 FIR No: 2546/2024 Date of FIR: 03/10/2025 T,ORGANIZATION
FIRST INFORMATION REPORT 1. District: Jaipur Police Station: RIVER ROAD Year: 2025 FIR No: 6546/2026 Date of FIR: 26/11/2025 T,ORGANIZATION
FIRST INFORMATION REPORT 1. District: Mumbai Police Station: NORTH Year: 2025 FIR No: 5334/2026 Date of FIR: 22/05/2025 T,ORGANIZATION
FIRST INFORMATION REPORT 1. District: Mumbai Police Station: MODEL TOWN Year: 2026 FIR No: 3547/2025 Date of FIR: 31/10/2026 T,ORGANIZATION
FIRST INFORMATION REPORT 1. District: Bengaluru Police Station: SOUTH Year: 2027 FIR No: 7275/2024 Date of FIR: 24/05/2027 T,ORGANIZATION
FIRST INFORMATION REPORT 1. District: Pune Police Station: NORTH Year: 2027 FIR No: 3747/2024 Date of FIR: 12/06/2027 T,ORGANIZATION
FIRST INFORMATION REPORT 1. District: Pune Police Station: SECTOR 10 Year: 2025 FIR No: 7900/2025 Date of FIR: 26/05/2025 T,ORGANIZATION
FIRST INFORMATION REPORT 1. District: Bengaluru Police Station: SOUTH Year: 2026 FIR No: 2753/2026 Date of FIR: 01/04/2026 T,ORGANIZATION
FIRST INFORMATION REPORT 1. District: Bengaluru Police Station: SOUTH Year: 2026 FIR No: 9728/2024 Date of FIR: 16/06/2026 T,ORGANIZATION
FIRST INFORMATION REPORT 1. District: Delhi NCR Police Station: SECTOR 10 Year: 2026 FIR No: 8816/2026 Date of FIR: 24/05/2026 T,ORGANIZATION
FIRST INFORMATION REPORT 1. District: Mumbai Police Station: RIVER ROAD Year: 2026 FIR No: 4076/2026 Date of FIR: 12/11/2026 T,ORGANIZATION
FIRST INFORMATION REPORT 1. District: Bengaluru Police Station: SOUTH Year: 2026 FIR No: 2135/2026 Date of FIR: 10/10/2026 T,ORGANIZATION
FIRST INFORMATION REPORT 1. District: Jaipur Police Station: RIVER ROAD Year: 2025 FIR No: 2479/2026 Date of FIR: 06/04/2025 T,ORGANIZATION
FIRST INFORMATION REPORT 1. District: Lucknow Police Station: CENTRAL Year: 2026 FIR No: 0110/2024 Date of FIR: 05/10/2026 T,ORGANIZATION
FIRST INFORMATION REPORT 1. District: Bengaluru Police Station: RIVER ROAD Year: 2025 FIR No: 0192/2024 Date of FIR: 21/05/2025 T,ORGANIZATION
FIRST INFORMATION REPORT 1. District: Delhi NCR Police Station: SOUTH Year: 2027 FIR No: 8932/2026 Date of FIR: 15/02/2027 T,ORGANIZATION
FIRST INFORMATION REPORT 1. District: Delhi NCR Police Station: SOUTH Year: 2025 FIR No: 5377/2026 Date of FIR: 01/04/2025 T,ORGANIZATION
FIRST INFORMATION REPORT 1. District: Lucknow Police Station: CITY CENTER Year: 2025 FIR No: 9250/2025 Date of FIR: 18/03/2025 T,ORGANIZATION
FIRST INFORMATION REPORT 1. District: Mumbai Police Station: NORTH Year: 2025 FIR No: 5323/2025 Date of FIR: 01/03/2025 T,ORGANIZATION
FIRST INFORMATION REPORT 1. District: Pune Police Station: RIVER ROAD Year: 2026 FIR No: 9394/2026 Date of FIR: 26/04/2026 T,ORGANIZATION
FIRST INFORMATION REPORT 1. District: Mumbai Police Station: CITY CENTER Year: 2025 FIR No: 4067/2026 Date of FIR: 06/06/2025 T,ORGANIZATION
FIRST INFORMATION REPORT 1. District: Delhi NCR Police Station: MODEL TOWN Year: 2025 FIR No: 6292/2025 Date of FIR: 06/04/2025 T,ORGANIZATION
FIRST INFORMATION REPORT 1. District: Delhi NCR Police Station: MODEL TOWN Year: 2026 FIR No: 1110/2024 Date of FIR: 26/10/2026 T,ORGANIZATION
FIRST INFORMATION REPORT 1. District: Pune Police Station: RIVER ROAD Year: 2026 FIR No: 4068/2026 Date of FIR: 14/10/2026 T,ORGANIZATION
FIRST INFORMATION REPORT 1. District: Jaipur Police Station: CENTRAL Year: 2026 FIR No: 3500/2024 Date of FIR: 29/10/2026 T,ORGANIZATION
FIRST INFORMATION REPORT 1. District: Delhi NCR Police Station: RIVER ROAD Year: 2025 FIR No: 5873/2025 Date of FIR: 22/11/2025 T,ORGANIZATION
FIRST INFORMATION REPORT 1. District: Bengaluru Police Station: CENTRAL Year: 2025 FIR No: 1170/2025 Date of FIR: 19/09/2025 T,ORGANIZATION
FIRST INFORMATION REPORT 1. District: Bengaluru Police Station: RIVER ROAD Year: 2026 FIR No: 5518/2025 Date of FIR: 28/12/2026 T,ORGANIZATION
FIRST INFORMATION REPORT 1. District: Jaipur Police Station: MODEL TOWN Year: 2026 FIR No: 8194/2026 Date of FIR: 26/03/2026 T,ORGANIZATION
FIRST INFORMATION REPORT 1. District: Jaipur Police Station: RIVER ROAD Year: 2025 FIR No: 1148/2024 Date of FIR: 17/12/2025 T,ORGANIZATION
FIRST INFORMATION REPORT 1. District: Lucknow Police Station: NORTH Year: 2026 FIR No: 5856/2026 Date of FIR: 25/04/2026 T,ORGANIZATION
FIRST INFORMATION REPORT 1. District: Delhi NCR Police Station: RIVER ROAD Year: 2025 FIR No: 2467/2025 Date of FIR: 29/12/2025 T,ORGANIZATION
FIRST INFORMATION REPORT 1. District: Bengaluru Police Station: MODEL TOWN Year: 2025 FIR No: 9102/2024 Date of FIR: 09/08/2025 T,ORGANIZATION
FIRST INFORMATION REPORT 1. District: Mumbai Police Station: CITY CENTER Year: 2025 FIR No: 4188/2024 Date of FIR: 24/05/2025 T,ORGANIZATION
FIRST INFORMATION REPORT 1. District: Lucknow Police Station: CITY CENTER Year: 2027 FIR No: 8018/2026 Date of FIR: 16/05/2027 T,ORGANIZATION
FIRST INFORMATION REPORT 1. District: Mumbai Police Station: CITY CENTER Year: 2027 FIR No: 3920/2024 Date of FIR: 30/01/2027 T,ORGANIZATION
FIRST INFORMATION REPORT 1. District: Lucknow Police Station: RIVER ROAD Year: 2026 FIR No: 7442/2026 Date of FIR: 27/09/2026 T,ORGANIZATION
FIRST INFORMATION REPORT 1. District: Bengaluru Police Station: SOUTH Year: 2025 FIR No: 9027/2024 Date of FIR: 18/08/2025 T,ORGANIZATION
FIRST INFORMATION REPORT 1. District: Jaipur Police Station: CITY CENTER Year: 2026 FIR No: 5660/2025 Date of FIR: 30/01/2026 T,ORGANIZATION
FIRST INFORMATION REPORT 1. District: Bengaluru Police Station: MODEL TOWN Year: 2027 FIR No: 5403/2024 Date of FIR: 21/03/2027 T,ORGANIZATION
FIRST INFORMATION REPORT 1. District: Jaipur Police Station: RIVER ROAD Year: 2026 FIR No: 5727/2026 Date of FIR: 28/10/2026 T,ORGANIZATION
FIRST INFORMATION REPORT 1. District: Bengaluru Police Station: CENTRAL Year: 2026 FIR No: 2586/2026 Date of FIR: 13/06/2026 T,ORGANIZATION
FIRST INFORMATION REPORT 1. District: Jaipur Police Station: NORTH Year: 2026 FIR No: 2257/2025 Date of FIR: 23/09/2026 T,ORGANIZATION
FIRST INFORMATION REPORT 1. District: Pune Police Station: CITY CENTER Year: 2026 FIR No: 6132/2025 Date of FIR: 24/10/2026 T,ORGANIZATION
FIRST INFORMATION REPORT 1. District: Delhi NCR Police Station: NORTH Year: 2026 FIR No: 7592/2025 Date of FIR: 06/02/2026 T,ORGANIZATION
FIRST INFORMATION REPORT 1. District: Delhi NCR Police Station: SOUTH Year: 2025 FIR No: 6605/2024 Date of FIR: 23/02/2025 T,ORGANIZATION
FIRST INFORMATION REPORT 1. District: Delhi NCR Police Station: CENTRAL Year: 2026 FIR No: 9047/2026 Date of FIR: 20/09/2026 T,ORGANIZATION
FIRST INFORMATION REPORT 1. District: Mumbai Police Station: CITY CENTER Year: 2025 FIR No: 3886/2024 Date of FIR: 01/07/2025 T,ORGANIZATION
FIRST INFORMATION REPORT 1. District: Mumbai Police Station: CITY CENTER Year: 2025 FIR No: 4149/2026 Date of FIR: 19/02/2025 T,ORGANIZATION
FIRST INFORMATION REPORT 1. District: Lucknow Police Station: SOUTH Year: 2026 FIR No: 1969/2026 Date of FIR: 14/11/2026 T,ORGANIZATION
FIRST INFORMATION REPORT 1. District: Delhi NCR Police Station: RIVER ROAD Year: 2025 FIR No: 6911/2026 Date of FIR: 03/10/2025 T,ORGANIZATION
FIRST INFORMATION REPORT 1. District: Jaipur Police Station: SECTOR 10 Year: 2026 FIR No: 4909/2026 Date of FIR: 03/12/2026 T,ORGANIZATION
FIRST INFORMATION REPORT 1. District: Bengaluru Police Station: MODEL TOWN Year: 2025 FIR No: 1816/2026 Date of FIR: 23/02/2025 T,ORGANIZATION
on wearing a green jacket and cap. 8. Property: Wallet Serial No: SN-2N728SALYPCK; Vehicle involved: UP71PA6613 9. Brief Facts: The comp,DIGITAL_IDENTIFIER
aring a blue jacket and mask. 8. Property: Smart Watch Serial No: SN-MVB3ZERK1ZE6; Vehicle involved: MH77PQ7192 9. Brief Facts: The comp,DIGITAL_IDENTIFIER
n wearing a green jacket and mask. 8. Property: Tablet Serial No: SN-QT9SE1P6RMQT; Vehicle involved: MH17SA2644 9. Brief Facts: The comp,DIGITAL_IDENTIFIER
n wearing a grey jacket and cap. 8. Property: Backpack Serial No: SN-ARXQ3YASM1B4; Vehicle involved: MH41PU5235 9. Brief Facts: The comp,DIGITAL_IDENTIFIER
ring a black jacket and mask. 8. Property: Smart Watch Serial No: SN-3P5OG0QPVWUA; Vehicle involved: KA88SX6944 9. Brief Facts: The comp,DIGITAL_IDENTIFIER
on wearing a black jacket and cap. 8. Property: Wallet Serial No: SN-ON7N8IVUZBIH; Vehicle involved: MH18JG7556 9. Brief Facts: The comp,DIGITAL_IDENTIFIER
wearing a grey jacket and cap. 8. Property: Hard Drive Serial No: SN-YUPJVTGVVNNW; Vehicle involved: DL90AX8011 9. Brief Facts: The comp,DIGITAL_IDENTIFIER
wearing a black jacket and helmet. 8. Property: Tablet Serial No: SN-Q5FIBEGUZMMW; Vehicle involved: DL61JN9918 9. Brief Facts: The comp,DIGITAL_IDENTIFIER
n wearing a green jacket and mask. 8. Property: Laptop Serial No: SN-K3YXEEAYTI3N; Vehicle involved: RJ31IX1405 9. Brief Facts: The comp,DIGITAL_IDENTIFIER
earing a blue jacket and mask. 8. Property: Hard Drive Serial No: SN-PJARKOY6HMBJ; Vehicle involved: DL80XA5856 9. Brief Facts: The comp,DIGITAL_IDENTIFIER
on wearing a grey jacket and mask. 8. Property: Tablet Serial No: SN-U3ZBAB7M1WQE; Vehicle involved: DL63AW6913 9. Brief Facts: The comp,DIGITAL_IDENTIFIER
wearing a blue jacket and mask. 8. Property: Backpack Serial No: SN-61OCH42LMXSE; Vehicle involved: DL44WA4706 9. Brief Facts: The comp,DIGITAL_IDENTIFIER
wearing a black jacket and mask. 8. Property: Backpack Serial No: SN-X7J8O3PDNWVT; Vehicle involved: DL83CQ2665 9. Brief Facts: The comp,DIGITAL_IDENTIFIER
earing a black jacket and cap. 8. Property: Hard Drive Serial No: SN-U2NUSS9G71DB; Vehicle involved: MH18PL5232 9. Brief Facts: The comp,DIGITAL_IDENTIFIER
ng a green jacket and helmet. 8. Property: Smart Watch Serial No: SN-1VORXX15EGS3; Vehicle involved: DL65WG1560 9. Brief Facts: The comp,DIGITAL_IDENTIFIER
ion wearing a blue jacket and cap. 8. Property: Tablet Serial No: SN-RZBNWUTV91OT; Vehicle involved: DL85YH7737 9. Brief Facts: The comp,DIGITAL_IDENTIFIER
wearing a grey jacket and helmet. 8. Property: Camera Serial No: SN-FJUNCQZ2QC6H; Vehicle involved: MH07CL8285 9. Brief Facts: The comp,DIGITAL_IDENTIFIER
n wearing a black jacket and mask. 8. Property: Camera Serial No: SN-K9YXFC7GHBJM; Vehicle involved: DL66MB2942 9. Brief Facts: The comp,DIGITAL_IDENTIFIER
n wearing a black jacket and mask. 8. Property: Tablet Serial No: SN-JKNH1536FOMJ; Vehicle involved: MH91XW3599 9. Brief Facts: The comp,DIGITAL_IDENTIFIER
wearing a blue jacket and helmet. 8. Property: Tablet Serial No: SN-2TFK8W2XEM4W; Vehicle involved: MH80NX4661 9. Brief Facts: The comp,DIGITAL_IDENTIFIER
n wearing a black jacket and mask. 8. Property: Wallet Serial No: SN-3S5M0KM7NPZF; Vehicle involved: RJ89DA5907 9. Brief Facts: The comp,DIGITAL_IDENTIFIER
n wearing a black jacket and mask. 8. Property: Laptop Serial No: SN-Y5P9UOV0PP8B; Vehicle involved: UP33MA9203 9. Brief Facts: The comp,DIGITAL_IDENTIFIER
on wearing a grey jacket and mask. 8. Property: Wallet Serial No: SN-MR1QUHXKFRU6; Vehicle involved: KA39NT3295 9. Brief Facts: The comp,DIGITAL_IDENTIFIER
ring a blue jacket and helmet. 8. Property: Hard Drive Serial No: SN-SDK13HSYU4TV; Vehicle involved: RJ66NT2504 9. Brief Facts: The comp,DIGITAL_IDENTIFIER
n wearing a black jacket and mask. 8. Property: Laptop Serial No: SN-GA4SQGN16KK0; Vehicle involved: RJ75DJ1701 9. Brief Facts: The comp,DIGITAL_IDENTIFIER
aring a grey jacket and cap. 8. Property: Mobile Phone Serial No: SN-SVWZOF5EERN5; Vehicle involved: UP72QS9611 9. Brief Facts: The comp,DIGITAL_IDENTIFIER
wearing a grey jacket and helmet. 8. Property: Tablet Serial No: SN-96JS0WJ3T7YV; Vehicle involved: DL60FZ9443 9. Brief Facts: The comp,DIGITAL_IDENTIFIER
wearing a black jacket and cap. 8. Property: Backpack Serial No: SN-5NYIBFB8BGPQ; Vehicle involved: RJ89WM1622 9. Brief Facts: The comp,DIGITAL_IDENTIFIER
on wearing a green jacket and cap. 8. Property: Tablet Serial No: SN-SWJMH6JEZ355; Vehicle involved: RJ42ZU6395 9. Brief Facts: The comp,DIGITAL_IDENTIFIER
wearing a black jacket and mask. 8. Property: Backpack Serial No: SN-6VX9SKPC8FLR; Vehicle involved: DL73LX2417 9. Brief Facts: The comp,DIGITAL_IDENTIFIER
ng a blue jacket and helmet. 8. Property: Mobile Phone Serial No: SN-V95W0XI4M4D2; Vehicle involved: DL82AP1163 9. Brief Facts: The comp,DIGITAL_IDENTIFIER
ng a green jacket and helmet. 8. Property: Smart Watch Serial No: SN-J2VBJZU2MQIK; Vehicle involved: KA88KA8652 9. Brief Facts: The comp,DIGITAL_IDENTIFIER
wearing a blue jacket and helmet. 8. Property: Tablet Serial No: SN-W7XZUVMMCCYA; Vehicle involved: MH39RH9047 9. Brief Facts: The comp,DIGITAL_IDENTIFIER
wearing a black jacket and mask. 8. Property: Backpack Serial No: SN-VHBUQOC4I9D3; Vehicle involved: RJ75RG3149 9. Brief Facts: The comp,DIGITAL_IDENTIFIER
n wearing a green jacket and mask. 8. Property: Laptop Serial No: SN-TW3SVUE2QDRE; Vehicle involved: KA86XD8787 9. Brief Facts: The comp,DIGITAL_IDENTIFIER
ing a grey jacket and helmet. 8. Property: Smart Watch Serial No: SN-AFZDNAPKETIX; Vehicle involved: DL74LK2013 9. Brief Facts: The comp,DIGITAL_IDENTIFIER
wearing a black jacket and helmet. 8. Property: Laptop Serial No: SN-H07KMHLLNGHY; Vehicle involved: MH58UV8994 9. Brief Facts: The comp,DIGITAL_IDENTIFIER
wearing a green jacket and helmet. 8. Property: Laptop Serial No: SN-7ZCF3LMBND13; Vehicle involved: DL99JT4245 9. Brief Facts: The comp,DIGITAL_IDENTIFIER
ion wearing a grey jacket and cap. 8. Property: Laptop Serial No: SN-RS1NPJURA4D7; Vehicle involved: MH34FH3615 9. Brief Facts: The comp,DIGITAL_IDENTIFIER
ion wearing a grey jacket and cap. 8. Property: Tablet Serial No: SN-GQM8D25G5TOF; Vehicle involved: MH99HG7763 9. Brief Facts: The comp,DIGITAL_IDENTIFIER
ion wearing a blue jacket and cap. 8. Property: Laptop Serial No: SN-LLC15CO7L7YQ; Vehicle involved: KA54RT3420 9. Brief Facts: The comp,DIGITAL_IDENTIFIER
wearing a black jacket and cap. 8. Property: Backpack Serial No: SN-OPPM8VVCM8E5; Vehicle involved: KA75KA6839 9. Brief Facts: The comp,DIGITAL_IDENTIFIER
on wearing a green jacket and cap. 8. Property: Laptop Serial No: SN-F9QCZID62MLR; Vehicle involved: UP48VV3728 9. Brief Facts: The comp,DIGITAL_IDENTIFIER
wearing a green jacket and helmet. 8. Property: Camera Serial No: SN-WTOUHC3SQZGM; Vehicle involved: KA77JO1819 9. Brief Facts: The comp,DIGITAL_IDENTIFIER
ion wearing a blue jacket and cap. 8. Property: Tablet Serial No: SN-LVQAQMXWI61X; Vehicle involved: MH45MR1362 9. Brief Facts: The comp,DIGITAL_IDENTIFIER
aring a green jacket and cap. 8. Property: Smart Watch Serial No: SN-O3N588ZNTHBB; Vehicle involved: MH82WN9196 9. Brief Facts: The comp,DIGITAL_IDENTIFIER
ion wearing a blue jacket and cap. 8. Property: Camera Serial No: SN-AXYFC1X06RWD; Vehicle involved: UP62LC9514 9. Brief Facts: The comp,DIGITAL_IDENTIFIER
on wearing a grey jacket and mask. 8. Property: Wallet Serial No: SN-V7MHNPHEQF32; Vehicle involved: DL13CV9498 9. Brief Facts: The comp,DIGITAL_IDENTIFIER
ng a black jacket and helmet. 8. Property: Smart Watch Serial No: SN-G43KXC5NTSHJ; Vehicle involved: RJ27EP1692 9. Brief Facts: The comp,DIGITAL_IDENTIFIER
n wearing a grey jacket and cap. 8. Property: Backpack Serial No: SN-AC1PKTNUOMGF; Vehicle involved: DL83XU2283 9. Brief Facts: The comp,DIGITAL_IDENTIFIER
ring a blue jacket and mask. 8. Property: Mobile Phone Serial No: SN-29UU2R1SJ57R; Vehicle involved: UP55CY1346 9. Brief Facts: The comp,DIGITAL_IDENTIFIER
wearing a grey jacket and helmet. 8. Property: Tablet Serial No: SN-MWTIIUSL2QPQ; Vehicle involved: KA68MK2666 9. Brief Facts: The comp,DIGITAL_IDENTIFIER
on wearing a grey jacket and mask. 8. Property: Laptop Serial No: SN-HN5O6US3MV0A; Vehicle involved: UP21NS5369 9. Brief Facts: The comp,DIGITAL_IDENTIFIER
wearing a black jacket and cap. 8. Property: Backpack Serial No: SN-1S8MFE2HFSKL; Vehicle involved: DL23WN2052 9. Brief Facts: The comp,DIGITAL_IDENTIFIER
ion wearing a blue jacket and cap. 8. Property: Laptop Serial No: SN-G4TQ1LMZDC3Y; Vehicle involved: MH63WN5077 9. Brief Facts: The comp,DIGITAL_IDENTIFIER
wearing a blue jacket and helmet. 8. Property: Tablet Serial No: SN-SBQRUT3580A3; Vehicle involved: DL09TL5914 9. Brief Facts: The comp,DIGITAL_IDENTIFIER
ring a blue jacket and helmet. 8. Property: Hard Drive Serial No: SN-HWK2J9HZHNVV; Vehicle involved: MH14IH4975 9. Brief Facts: The comp,DIGITAL_IDENTIFIER
ng a green jacket and helmet. 8. Property: Smart Watch Serial No: SN-5FYEXQXWRC24; Vehicle involved: UP41QB7743 9. Brief Facts: The comp,DIGITAL_IDENTIFIER
on wearing a black jacket and cap. 8. Property: Wallet Serial No: SN-8EWTXE6PXM3P; Vehicle involved: DL01EV8198 9. Brief Facts: The comp,DIGITAL_IDENTIFIER
ng a blue jacket and helmet. 8. Property: Mobile Phone Serial No: SN-04G6KNNJ2YKG; Vehicle involved: KA32KH1063 9. Brief Facts: The comp,DIGITAL_IDENTIFIER
wearing a grey jacket and helmet. 8. Property: Wallet Serial No: SN-2CI852G6OZXC; Vehicle involved: KA34TS9943 9. Brief Facts: The comp,DIGITAL_IDENTIFIER
g a black jacket and helmet. 8. Property: Mobile Phone Serial No: SN-WY7QPZYLWVUV; Vehicle involved: RJ22VE8521 9. Brief Facts: The comp,DIGITAL_IDENTIFIER
earing a grey jacket and mask. 8. Property: Hard Drive Serial No: SN-OBXXZFWM6M31; Vehicle involved: RJ88GB5903 9. Brief Facts: The comp,DIGITAL_IDENTIFIER
wearing a green jacket and helmet. 8. Property: Camera Serial No: SN-XN8KK9HM68U2; Vehicle involved: MH50FZ8494 9. Brief Facts: The comp,DIGITAL_IDENTIFIER
ing a black jacket and helmet. 8. Property: Hard Drive Serial No: SN-Q9JD4AYGLK7C; Vehicle involved: UP79QV2465 9. Brief Facts: The comp,DIGITAL_IDENTIFIER
on wearing a blue jacket and mask. 8. Property: Laptop Serial No: SN-M1Q867JHJ5XN; Vehicle involved: KA70HZ3141 9. Brief Facts: The comp,DIGITAL_IDENTIFIER
ng a blue jacket and helmet. 8. Property: Mobile Phone Serial No: SN-PAG0POHKVCEF; Vehicle involved: UP65WJ9676 9. Brief Facts: The comp,DIGITAL_IDENTIFIER
ion wearing a blue jacket and cap. 8. Property: Camera Serial No: SN-09K5NDKZ1WI7; Vehicle involved: DL46ZS5109 9. Brief Facts: The comp,DIGITAL_IDENTIFIER
earing a grey jacket and helmet. 8. Property: Backpack Serial No: SN-IET7ZYI4K5FB; Vehicle involved: RJ71PL7638 9. Brief Facts: The comp,DIGITAL_IDENTIFIER
ng a blue jacket and helmet. 8. Property: Mobile Phone Serial No: SN-4NS2LZKJF2NB; Vehicle involved: KA73SA2640 9. Brief Facts: The comp,DIGITAL_IDENTIFIER
wearing a black jacket and cap. 8. Property: Backpack Serial No: SN-5D2EI0HF7X88; Vehicle involved: MH77ER7731 9. Brief Facts: The comp,DIGITAL_IDENTIFIER
on wearing a blue jacket and mask. 8. Property: Camera Serial No: SN-ZDAGWAEHHVTP; Vehicle involved: MH31DZ3854 9. Brief Facts: The comp,DIGITAL_IDENTIFIER
on wearing a grey jacket and mask. 8. Property: Tablet Serial No: SN-ITTA70H2GQ30; Vehicle involved: UP32UK6427 9. Brief Facts: The comp,DIGITAL_IDENTIFIER
wearing a green jacket and mask. 8. Property: Backpack Serial No: SN-E9PZSUZW2O6H; Vehicle involved: UP51RH8808 9. Brief Facts: The comp,DIGITAL_IDENTIFIER
on wearing a green jacket and cap. 8. Property: Tablet Serial No: SN-1LB3IQALH66K; Vehicle involved: UP14XM3888 9. Brief Facts: The comp,DIGITAL_IDENTIFIER
aring a grey jacket and cap. 8. Property: Mobile Phone Serial No: SN-KHNEYDZ3LH09; Vehicle involved: KA76XJ3390 9. Brief Facts: The comp,DIGITAL_IDENTIFIER
on wearing a grey jacket and mask. 8. Property: Camera Serial No: SN-OYV2UHBQF9DG; Vehicle involved: KA08KO4407 9. Brief Facts: The comp,DIGITAL_IDENTIFIER
on wearing a blue jacket and mask. 8. Property: Camera Serial No: SN-1WASRSSCNXFT; Vehicle involved: DL38PZ6552 9. Brief Facts: The comp,DIGITAL_IDENTIFIER
on wearing a grey jacket and mask. 8. Property: Laptop Serial No: SN-N7LOJJ148HUV; Vehicle involved: RJ90WA3172 9. Brief Facts: The comp,DIGITAL_IDENTIFIER
aring a black jacket and cap. 8. Property: Smart Watch Serial No: SN-Q785P5PBMX0A; Vehicle involved: KA91VN9304 9. Brief Facts: The comp,DIGITAL_IDENTIFIER
aring a black jacket and mask. 8. Property: Hard Drive Serial No: SN-0YY675BZ9W2M; Vehicle involved: KA18NJ8623 9. Brief Facts: The comp,DIGITAL_IDENTIFIER
wearing a green jacket and helmet. 8. Property: Camera Serial No: SN-QSYPDEN9PNC5; Vehicle involved: MH11VV7342 9. Brief Facts: The comp,DIGITAL_IDENTIFIER
ring a black jacket and mask. 8. Property: Smart Watch Serial No: SN-F2LASN48UQEP; Vehicle involved: MH10YK7676 9. Brief Facts: The comp,DIGITAL_IDENTIFIER
g a black jacket and helmet. 8. Property: Mobile Phone Serial No: SN-KLQXF3T7046Y; Vehicle involved: UP57CQ2156 9. Brief Facts: The comp,DIGITAL_IDENTIFIER
on wearing a grey jacket and mask. 8. Property: Wallet Serial No: SN-6BODEVWOZHLO; Vehicle involved: MH04QF4918 9. Brief Facts: The comp,DIGITAL_IDENTIFIER
aring a black jacket and mask. 8. Property: Hard Drive Serial No: SN-VI3RBV55LXGQ; Vehicle involved: MH95FR3974 9. Brief Facts: The comp,DIGITAL_IDENTIFIER
g a black jacket and helmet. 8. Property: Mobile Phone Serial No: SN-0SFUPEXM7TCL; Vehicle involved: RJ35HI5775 9. Brief Facts: The comp,DIGITAL_IDENTIFIER
wearing a grey jacket and helmet. 8. Property: Tablet Serial No: SN-XJSQD45AIHUG; Vehicle involved: RJ20FP2701 9. Brief Facts: The comp,DIGITAL_IDENTIFIER
n wearing a black jacket and mask. 8. Property: Wallet Serial No: SN-46T1TBQ74Y9H; Vehicle involved: MH05JO6239 9. Brief Facts: The comp,DIGITAL_IDENTIFIER
on wearing a black jacket and cap. 8. Property: Camera Serial No: SN-069I4EZRY3DC; Vehicle involved: KA95MH7396 9. Brief Facts: The comp,DIGITAL_IDENTIFIER
ng a green jacket and helmet. 8. Property: Smart Watch Serial No: SN-2K29KKIZNR26; Vehicle involved: MH66GS2605 9. Brief Facts: The comp,DIGITAL_IDENTIFIER
n wearing a black jacket and mask. 8. Property: Tablet Serial No: SN-GNXQPL2Q3LDY; Vehicle involved: RJ07MU6901 9. Brief Facts: The comp,DIGITAL_IDENTIFIER
earing a blue jacket and cap. 8. Property: Smart Watch Serial No: SN-VMNODBNUDYYF; Vehicle involved: MH52FN4661 9. Brief Facts: The comp,DIGITAL_IDENTIFIER
wearing a green jacket and helmet. 8. Property: Tablet Serial No: SN-1KX8UCZ02J1S; Vehicle involved: KA05AM2085 9. Brief Facts: The comp,DIGITAL_IDENTIFIER
ring a blue jacket and mask. 8. Property: Mobile Phone Serial No: SN-87FBODTIQ9HK; Vehicle involved: KA09QQ2907 9. Brief Facts: The comp,DIGITAL_IDENTIFIER
wearing a grey jacket and cap. 8. Property: Hard Drive Serial No: SN-66FHAOPWIC8G; Vehicle involved: KA92GP1388 9. Brief Facts: The comp,DIGITAL_IDENTIFIER
ring a green jacket and cap. 8. Property: Mobile Phone Serial No: SN-ZP1KDUZ4A2GL; Vehicle involved: KA38ZO6473 9. Brief Facts: The comp,DIGITAL_IDENTIFIER
n wearing a black jacket and mask. 8. Property: Wallet Serial No: SN-TF0BG8FL8ZWP; Vehicle involved: UP20SK2506 9. Brief Facts: The comp,DIGITAL_IDENTIFIER
aring a grey jacket and cap. 8. Property: Mobile Phone Serial No: SN-MES4P1DZP9QU; Vehicle involved: DL97JE7569 9. Brief Facts: The comp,DIGITAL_IDENTIFIER
wearing a black jacket and helmet. 8. Property: Tablet Serial No: SN-JTWHR34H8BNK; Vehicle involved: KA07JQ7335 9. Brief Facts: The comp,DIGITAL_IDENTIFIER
wearing a blue jacket and cap. 8. Property: Hard Drive Serial No: SN-FD56G6LL6NH0; Vehicle involved: DL35HI5549 9. Brief Facts: The comp,DIGITAL_IDENTIFIER
aring a black jacket and helmet. 8. Property: Backpack Serial No: SN-MZX6AZIQS056; Vehicle involved: KA45JA6762 9. Brief Facts: The comp,DIGITAL_IDENTIFIER
wearing a green jacket and helmet. 8. Property: Laptop Serial No: SN-VPSITE9EENJ0; Vehicle involved: KA91WN2051 9. Brief Facts: The comp,DIGITAL_IDENTIFIER
wearing a black jacket and helmet. 8. Property: Laptop Serial No: SN-B10OOUSR2OHK; Vehicle involved: KA08OR5170 9. Brief Facts: The comp,DIGITAL_IDENTIFIER
ion wearing a blue jacket and cap. 8. Property: Wallet Serial No: SN-HI2S64AEQVGJ; Vehicle involved: KA90RV5370 9. Brief Facts: The comp,DIGITAL_IDENTIFIER
wearing a black jacket and helmet. 8. Property: Laptop Serial No: SN-2I64GG3KLOSZ; Vehicle involved: UP90DN8614 9. Brief Facts: The comp,DIGITAL_IDENTIFIER
n wearing a black jacket and mask. 8. Property: Camera Serial No: SN-BKXJAIEG49M9; Vehicle involved: UP55JL9537 9. Brief Facts: The comp,DIGITAL_IDENTIFIER
on wearing a grey jacket and mask. 8. Property: Laptop Serial No: SN-1M3MP2MSNAHL; Vehicle involved: MH43AB5042 9. Brief Facts: The comp,DIGITAL_IDENTIFIER
wearing a green jacket and cap. 8. Property: Backpack Serial No: SN-0QXV6WT8Q4QO; Vehicle involved: MH70FI1950 9. Brief Facts: The comp,DIGITAL_IDENTIFIER
ion wearing a grey jacket and cap. 8. Property: Tablet Serial No: SN-CBQ1DLLAK4H5; Vehicle involved: UP58RB3377 9. Brief Facts: The comp,DIGITAL_IDENTIFIER
wearing a grey jacket and helmet. 8. Property: Wallet Serial No: SN-YS2DUSUZ4RIO; Vehicle involved: KA25MH4960 9. Brief Facts: The comp,DIGITAL_IDENTIFIER
wearing a blue jacket and helmet. 8. Property: Wallet Serial No: SN-IMS4SCE2C4J9; Vehicle involved: MH71AV7224 9. Brief Facts: The comp,DIGITAL_IDENTIFIER
on wearing a green jacket and cap. 8. Property: Tablet Serial No: SN-2G4M9WZYQ40Z; Vehicle involved: DL74QU9514 9. Brief Facts: The comp,DIGITAL_IDENTIFIER
wearing a black jacket and helmet. 8. Property: Tablet Serial No: SN-8W28I0RB4A0D; Vehicle involved: DL83YJ2590 9. Brief Facts: The comp,DIGITAL_IDENTIFIER
aring a black jacket and mask. 8. Property: Hard Drive Serial No: SN-6MIX60D6MYM5; Vehicle involved: UP36CB5049 9. Brief Facts: The comp,DIGITAL_IDENTIFIER
aring a grey jacket and cap. 8. Property: Mobile Phone Serial No: SN-C1WFNM1JOC2T; Vehicle involved: MH92XY2833 9. Brief Facts: The comp,DIGITAL_IDENTIFIER
wearing a blue jacket and helmet. 8. Property: Tablet Serial No: SN-7M4WQF7STLHC; Vehicle involved: RJ56US9511 9. Brief Facts: The comp,DIGITAL_IDENTIFIER
ion wearing a blue jacket and cap. 8. Property: Laptop Serial No: SN-9IAWH0U9MD96; Vehicle involved: RJ45BI7910 9. Brief Facts: The comp,DIGITAL_IDENTIFIER
aring a blue jacket and cap. 8. Property: Mobile Phone Serial No: SN-4714ZJ2LHWBW; Vehicle involved: RJ14RD9935 9. Brief Facts: The comp,DIGITAL_IDENTIFIER
on wearing a blue jacket and mask. 8. Property: Laptop Serial No: SN-C13ZU4276HHP; Vehicle involved: DL40NI6881 9. Brief Facts: The comp,DIGITAL_IDENTIFIER
earing a grey jacket and cap. 8. Property: Smart Watch Serial No: SN-YMURTQ7210ZJ; Vehicle involved: UP79YT9780 9. Brief Facts: The comp,DIGITAL_IDENTIFIER
wearing a black jacket and helmet. 8. Property: Tablet Serial No: SN-0ERQDR7ZLTVN; Vehicle involved: UP99BF6787 9. Brief Facts: The comp,DIGITAL_IDENTIFIER
wearing a grey jacket and helmet. 8. Property: Laptop Serial No: SN-G7JHLWOR2VH3; Vehicle involved: UP35UN8103 9. Brief Facts: The comp,DIGITAL_IDENTIFIER
ng a black jacket and helmet. 8. Property: Smart Watch Serial No: SN-17OYJY45QS3X; Vehicle involved: DL67TZ9237 9. Brief Facts: The comp,DIGITAL_IDENTIFIER
earing a grey jacket and cap. 8. Property: Smart Watch Serial No: SN-V9YCZULW74XO; Vehicle involved: MH36GX7379 9. Brief Facts: The comp,DIGITAL_IDENTIFIER
n wearing a green jacket and mask. 8. Property: Wallet Serial No: SN-GQO6QKW3TKVU; Vehicle involved: RJ20HF1139 9. Brief Facts: The comp,DIGITAL_IDENTIFIER
wearing a black jacket and helmet. 8. Property: Camera Serial No: SN-FU1NX1B4SOK8; Vehicle involved: UP71LN3907 9. Brief Facts: The comp,DIGITAL_IDENTIFIER
ion wearing a blue jacket and cap. 8. Property: Wallet Serial No: SN-6DW05IHDZ0CV; Vehicle involved: KA76UE3190 9. Brief Facts: The comp,DIGITAL_IDENTIFIER
ng a blue jacket and helmet. 8. Property: Mobile Phone Serial No: SN-BL9XCALI2C2F; Vehicle involved: RJ98FF2697 9. Brief Facts: The comp,DIGITAL_IDENTIFIER
on wearing a green jacket and cap. 8. Property: Camera Serial No: SN-4YJXUXGKWA5K; Vehicle involved: RJ47QE2623 9. Brief Facts: The comp,DIGITAL_IDENTIFIER
wearing a green jacket and helmet. 8. Property: Tablet Serial No: SN-LM4824T4GAVS; Vehicle involved: DL73PQ3837 9. Brief Facts: The comp,DIGITAL_IDENTIFIER
n wearing a black jacket and mask. 8. Property: Tablet Serial No: SN-DGLIX7Q3UDI8; Vehicle involved: RJ65VI5443 9. Brief Facts: The comp,DIGITAL_IDENTIFIER
n wearing a green jacket and mask. 8. Property: Tablet Serial No: SN-C65P8G4U81LC; Vehicle involved: MH48DM9466 9. Brief Facts: The comp,DIGITAL_IDENTIFIER
n wearing a black jacket and mask. 8. Property: Laptop Serial No: SN-1VVO2LSWONJ7; Vehicle involved: UP06IZ5657 9. Brief Facts: The comp,DIGITAL_IDENTIFIER
wearing a green jacket and mask. 8. Property: Backpack Serial No: SN-RN1HVL0ZF7IO; Vehicle involved: UP88IE3486 9. Brief Facts: The comp,DIGITAL_IDENTIFIER
earing a black jacket and cap. 8. Property: Hard Drive Serial No: SN-8BZ7FFL2THZP; Vehicle involved: RJ48SW5987 9. Brief Facts: The comp,DIGITAL_IDENTIFIER
wearing a green jacket and mask. 8. Property: Backpack Serial No: SN-MVIGITL3QXPN; Vehicle involved: UP89UG9551 9. Brief Facts: The comp,DIGITAL_IDENTIFIER
ion wearing a blue jacket and cap. 8. Property: Tablet Serial No: SN-83RZ5GZHV7ZB; Vehicle involved: DL83HG9387 9. Brief Facts: The comp,DIGITAL_IDENTIFIER
on wearing a grey jacket and mask. 8. Property: Wallet Serial No: SN-QD5WGH3BU1K4; Vehicle involved: MH37TU3957 9. Brief Facts: The comp,DIGITAL_IDENTIFIER
ion wearing a blue jacket and cap. 8. Property: Laptop Serial No: SN-UPCCYJOX5PH4; Vehicle involved: DL47KV4205 9. Brief Facts: The comp,DIGITAL_IDENTIFIER
earing a grey jacket and cap. 8. Property: Smart Watch Serial No: SN-93ASXCT35CDE; Vehicle involved: DL02RJ4216 9. Brief Facts: The comp,DIGITAL_IDENTIFIER
ring a blue jacket and mask. 8. Property: Mobile Phone Serial No: SN-2Q7XBH5U5VUA; Vehicle involved: MH33RX8092 9. Brief Facts: The comp,DIGITAL_IDENTIFIER
on wearing a blue jacket and mask. 8. Property: Laptop Serial No: SN-QX4956R2OYEG; Vehicle involved: RJ77IG7817 9. Brief Facts: The comp,DIGITAL_IDENTIFIER
on wearing a blue jacket and mask. 8. Property: Camera Serial No: SN-T7I66DE18402; Vehicle involved: KA63AG7659 9. Brief Facts: The comp,DIGITAL_IDENTIFIER
earing a grey jacket and cap. 8. Property: Smart Watch Serial No: SN-QVNH2R243OQO; Vehicle involved: MH03AP2642 9. Brief Facts: The comp,DIGITAL_IDENTIFIER
aring a grey jacket and mask. 8. Property: Smart Watch Serial No: SN-UVJ59VK3LW33; Vehicle involved: MH57UJ7243 9. Brief Facts: The comp,DIGITAL_IDENTIFIER
ing a grey jacket and helmet. 8. Property: Smart Watch Serial No: SN-ECDDO5A51R4M; Vehicle involved: MH64NY1789 9. Brief Facts: The comp,DIGITAL_IDENTIFIER
g a black jacket and helmet. 8. Property: Mobile Phone Serial No: SN-FMW20VC808OG; Vehicle involved: MH69LS7824 9. Brief Facts: The comp,DIGITAL_IDENTIFIER
on wearing a grey jacket and mask. 8. Property: Camera Serial No: SN-WZ9QC722EJCJ; Vehicle involved: UP08WK3607 9. Brief Facts: The comp,DIGITAL_IDENTIFIER
wearing a black jacket and helmet. 8. Property: Wallet Serial No: SN-U42XEOLSCB3I; Vehicle involved: MH73ND8943 9. Brief Facts: The comp,DIGITAL_IDENTIFIER
ring a green jacket and cap. 8. Property: Mobile Phone Serial No: SN-XSXVZNRHEMMS; Vehicle involved: MH03FN6783 9. Brief Facts: The comp,DIGITAL_IDENTIFIER
ring a green jacket and mask. 8. Property: Smart Watch Serial No: SN-UHHEPRYQF0CY; Vehicle involved: DL90OQ7333 9. Brief Facts: The comp,DIGITAL_IDENTIFIER
n wearing a green jacket and mask. 8. Property: Tablet Serial No: SN-I179REZ5QFGD; Vehicle involved: DL26ZQ4072 9. Brief Facts: The comp,DIGITAL_IDENTIFIER
on wearing a blue jacket and mask. 8. Property: Wallet Serial No: SN-ZVF8GYNUZJZV; Vehicle involved: UP41FK7993 9. Brief Facts: The comp,DIGITAL_IDENTIFIER
wearing a green jacket and helmet. 8. Property: Wallet Serial No: SN-UHWD83AMM9V6; Vehicle involved: RJ65HE7117 9. Brief Facts: The comp,DIGITAL_IDENTIFIER
ing a black jacket and helmet. 8. Property: Hard Drive Serial No: SN-48TNC8PJFTOR; Vehicle involved: DL98MM8836 9. Brief Facts: The comp,DIGITAL_IDENTIFIER
wearing a blue jacket and helmet. 8. Property: Tablet Serial No: SN-UOIRSE2F6HJV; Vehicle involved: MH19LU1606 9. Brief Facts: The comp,DIGITAL_IDENTIFIER
ing a green jacket and mask. 8. Property: Mobile Phone Serial No: SN-L1U5IOZ6P27T; Vehicle involved: MH06RI5211 9. Brief Facts: The comp,DIGITAL_IDENTIFIER
n wearing a green jacket and mask. 8. Property: Tablet Serial No: SN-PBHZK37UDIVH; Vehicle involved: UP22IJ6537 9. Brief Facts: The comp,DIGITAL_IDENTIFIER
on wearing a blue jacket and mask. 8. Property: Camera Serial No: SN-0MHDYQM1J19P; Vehicle involved: KA47NI2751 9. Brief Facts: The comp,DIGITAL_IDENTIFIER
wearing a black jacket and cap. 8. Property: Backpack Serial No: SN-QHF71VN45SP9; Vehicle involved: KA81CQ3303 9. Brief Facts: The comp,DIGITAL_IDENTIFIER
ing a blue jacket and helmet. 8. Property: Smart Watch Serial No: SN-I3XKIKTBKM60; Vehicle involved: MH64XJ4609 9. Brief Facts: The comp,DIGITAL_IDENTIFIER
wearing a green jacket and helmet. 8. Property: Camera Serial No: SN-I16A0AW38E60; Vehicle involved: UP50MH7662 9. Brief Facts: The comp,DIGITAL_IDENTIFIER
ion wearing a grey jacket and cap. 8. Property: Tablet Serial No: SN-XB3CPL94PA31; Vehicle involved: UP57MN9563 9. Brief Facts: The comp,DIGITAL_IDENTIFIER
aring a black jacket and helmet. 8. Property: Backpack Serial No: SN-98A4P69ME5NN; Vehicle involved: RJ31DI2318 9. Brief Facts: The comp,DIGITAL_IDENTIFIER
ng a grey jacket and helmet. 8. Property: Mobile Phone Serial No: SN-8CBB3PN3CZJ7; Vehicle involved: MH10XI3757 9. Brief Facts: The comp,DIGITAL_IDENTIFIER
wearing a green jacket and helmet. 8. Property: Wallet Serial No: SN-L03G18W9YSQL; Vehicle involved: KA26ZF5473 9. Brief Facts: The comp,DIGITAL_IDENTIFIER
earing a blue jacket and cap. 8. Property: Smart Watch Serial No: SN-KV5X69YGZ6DT; Vehicle involved: DL63UY5413 9. Brief Facts: The comp,DIGITAL_IDENTIFIER
ion wearing a grey jacket and cap. 8. Property: Tablet Serial No: SN-55CU9VT9D65Z; Vehicle involved: DL03FB4828 9. Brief Facts: The comp,DIGITAL_IDENTIFIER
on wearing a green jacket and cap. 8. Property: Wallet Serial No: SN-WGOKDHEDUNY8; Vehicle involved: MH61EV5877 9. Brief Facts: The comp,DIGITAL_IDENTIFIER
wearing a blue jacket and helmet. 8. Property: Wallet Serial No: SN-QEYIC2TRC3ZN; Vehicle involved: KA07MJ7619 9. Brief Facts: The comp,DIGITAL_IDENTIFIER
ring a green jacket and mask. 8. Property: Smart Watch Serial No: SN-RDOLVWT9FWK3; Vehicle involved: MH91YV7904 9. Brief Facts: The comp,DIGITAL_IDENTIFIER
ion wearing a grey jacket and cap. 8. Property: Tablet Serial No: SN-C2S5GWH64ROI; Vehicle involved: UP58RX7876 9. Brief Facts: The comp,DIGITAL_IDENTIFIER
earing a blue jacket and mask. 8. Property: Hard Drive Serial No: SN-ZDCEMR64G120; Vehicle involved: KA31EV8614 9. Brief Facts: The comp,DIGITAL_IDENTIFIER
on wearing a grey jacket and mask. 8. Property: Wallet Serial No: SN-VZMQ1I7BV0B7; Vehicle involved: UP53YJ2176 9. Brief Facts: The comp,DIGITAL_IDENTIFIER
on wearing a black jacket and cap. 8. Property: Tablet Serial No: SN-X170NGYHKWW4; Vehicle involved: KA35GB2859 9. Brief Facts: The comp,DIGITAL_IDENTIFIER
ing a green jacket and mask. 8. Property: Mobile Phone Serial No: SN-0TYPWZ58ZVIX; Vehicle involved: DL40GF1585 9. Brief Facts: The comp,DIGITAL_IDENTIFIER
ing a black jacket and helmet. 8. Property: Hard Drive Serial No: SN-0C57LT6UTI26; Vehicle involved: RJ88CG1671 9. Brief Facts: The comp,DIGITAL_IDENTIFIER
wearing a green jacket and helmet. 8. Property: Laptop Serial No: SN-P2F8BLCQ9B7W; Vehicle involved: UP42QT8562 9. Brief Facts: The comp,DIGITAL_IDENTIFIER
n wearing a black jacket and mask. 8. Property: Tablet Serial No: SN-40WED4JO9V1O; Vehicle involved: MH41LY3599 9. Brief Facts: The comp,DIGITAL_IDENTIFIER
n wearing a black jacket and mask. 8. Property: Camera Serial No: SN-G174PKMBHG1B; Vehicle involved: RJ42GE4544 9. Brief Facts: The comp,DIGITAL_IDENTIFIER
n wearing a green jacket and mask. 8. Property: Tablet Serial No: SN-I9QHWC5FCIPJ; Vehicle involved: MH27XZ6615 9. Brief Facts: The comp,DIGITAL_IDENTIFIER
n wearing a black jacket and mask. 8. Property: Wallet Serial No: SN-NP67SRTXCWMJ; Vehicle involved: KA39BB6402 9. Brief Facts: The comp,DIGITAL_IDENTIFIER
on wearing a black jacket and cap. 8. Property: Camera Serial No: SN-T75JHRBV5FJH; Vehicle involved: MH64CM1098 9. Brief Facts: The comp,DIGITAL_IDENTIFIER
n wearing a blue jacket and cap. 8. Property: Backpack Serial No: SN-PLZK0BVERA5J; Vehicle involved: UP52KB3701 9. Brief Facts: The comp,DIGITAL_IDENTIFIER
wearing a blue jacket and helmet. 8. Property: Wallet Serial No: SN-P0X9GWBF68LW; Vehicle involved: MH29RM1713 9. Brief Facts: The comp,DIGITAL_IDENTIFIER
wearing a grey jacket and cap. 8. Property: Hard Drive Serial No: SN-VEECUUSFVW6A; Vehicle involved: DL31FG7933 9. Brief Facts: The comp,DIGITAL_IDENTIFIER
earing a green jacket and cap. 8. Property: Hard Drive Serial No: SN-7RQ1Y9SUD2SD; Vehicle involved: RJ85UY1382 9. Brief Facts: The comp,DIGITAL_IDENTIFIER
wearing a green jacket and mask. 8. Property: Backpack Serial No: SN-0RRI0HLTOF6I; Vehicle involved: DL96ZW6999 9. Brief Facts: The comp,DIGITAL_IDENTIFIER
ion wearing a grey jacket and cap. 8. Property: Camera Serial No: SN-30M4OROEXFXM; Vehicle involved: DL35AJ7109 9. Brief Facts: The comp,DIGITAL_IDENTIFIER
aring a green jacket and mask. 8. Property: Hard Drive Serial No: SN-UYOD45O9ZDGB; Vehicle involved: KA20DQ4615 9. Brief Facts: The comp,DIGITAL_IDENTIFIER
n wearing a green jacket and mask. 8. Property: Laptop Serial No: SN-VOTNUO2M98S5; Vehicle involved: UP32BP8046 9. Brief Facts: The comp,DIGITAL_IDENTIFIER
aring a black jacket and mask. 8. Property: Hard Drive Serial No: SN-BX49SL06P8AQ; Vehicle involved: KA83QH4943 9. Brief Facts: The comp,DIGITAL_IDENTIFIER
wearing a grey jacket and helmet. 8. Property: Camera Serial No: SN-0AOFFUT4GX54; Vehicle involved: KA38NT9725 9. Brief Facts: The comp,DIGITAL_IDENTIFIER
on wearing a grey jacket and mask. 8. Property: Camera Serial No: SN-XNTWHL72KGX3; Vehicle involved: DL11LX7803 9. Brief Facts: The comp,DIGITAL_IDENTIFIER
n wearing a green jacket and mask. 8. Property: Tablet Serial No: SN-B3AZNR0PC9HN; Vehicle involved: DL49SV1291 9. Brief Facts: The comp,DIGITAL_IDENTIFIER
ing a green jacket and mask. 8. Property: Mobile Phone Serial No: SN-9E3OYYUWKN8Q; Vehicle involved: RJ52TE9154 9. Brief Facts: The comp,DIGITAL_IDENTIFIER
wearing a grey jacket and mask. 8. Property: Backpack Serial No: SN-T26Z4MZYYBPB; Vehicle involved: MH18GB3530 9. Brief Facts: The comp,DIGITAL_IDENTIFIER
wearing a grey jacket and helmet. 8. Property: Camera Serial No: SN-SWUZ4HDEE1BC; Vehicle involved: DL38JM2484 9. Brief Facts: The comp,DIGITAL_IDENTIFIER
g a green jacket and helmet. 8. Property: Mobile Phone Serial No: SN-Z6NG8ZD0DNK8; Vehicle involved: KA03DH2559 9. Brief Facts: The comp,DIGITAL_IDENTIFIER
ring a blue jacket and helmet. 8. Property: Hard Drive Serial No: SN-XA236HN0HPHN; Vehicle involved: UP87IV5890 9. Brief Facts: The comp,DIGITAL_IDENTIFIER
ing a blue jacket and helmet. 8. Property: Smart Watch Serial No: SN-00SOM2PYUDUV; Vehicle involved: UP22NU8995 9. Brief Facts: The comp,DIGITAL_IDENTIFIER
earing a blue jacket and mask. 8. Property: Hard Drive Serial No: SN-612FSNGJURWP; Vehicle involved: MH11MH5670 9. Brief Facts: The comp,DIGITAL_IDENTIFIER
wearing a green jacket and helmet. 8. Property: Laptop Serial No: SN-RR0QC534CDY7; Vehicle involved: MH02KF9981 9. Brief Facts: The comp,DIGITAL_IDENTIFIER
on wearing a blue jacket and mask. 8. Property: Wallet Serial No: SN-3RTROLXGT1HB; Vehicle involved: KA74IV2614 9. Brief Facts: The comp,DIGITAL_IDENTIFIER
ring a green jacket and cap. 8. Property: Mobile Phone Serial No: SN-CL8TZOYHM3MS; Vehicle involved: MH70FJ6081 9. Brief Facts: The comp,DIGITAL_IDENTIFIER
aring a green jacket and helmet. 8. Property: Backpack Serial No: SN-7UIIU49V6GQA; Vehicle involved: DL04OE5169 9. Brief Facts: The comp,DIGITAL_IDENTIFIER
on wearing a grey jacket and mask. 8. Property: Camera Serial No: SN-QC4JGD32UORF; Vehicle involved: MH14MR2101 9. Brief Facts: The comp,DIGITAL_IDENTIFIER
aring a black jacket and mask. 8. Property: Hard Drive Serial No: SN-X1ZJ4CN50Z0W; Vehicle involved: DL99FY9501 9. Brief Facts: The comp,DIGITAL_IDENTIFIER
ring a black jacket and cap. 8. Property: Mobile Phone Serial No: SN-9M9KIFH7A1UN; Vehicle involved: DL47GR3286 9. Brief Facts: The comp,DIGITAL_IDENTIFIER
ring a green jacket and cap. 8. Property: Mobile Phone Serial No: SN-T2OW80FHJHN2; Vehicle involved: DL64YA2074 9. Brief Facts: The comp,DIGITAL_IDENTIFIER
wearing a blue jacket and helmet. 8. Property: Tablet Serial No: SN-D1FH43RGTAKX; Vehicle involved: MH69XJ3256 9. Brief Facts: The comp,DIGITAL_IDENTIFIER
wearing a grey jacket and helmet. 8. Property: Tablet Serial No: SN-ZDED3RY6CTB9; Vehicle involved: DL20EF8379 9. Brief Facts: The comp,DIGITAL_IDENTIFIER
on wearing a green jacket and cap. 8. Property: Tablet Serial No: SN-11S8ALH099TB; Vehicle involved: KA03EW4124 9. Brief Facts: The comp,DIGITAL_IDENTIFIER
ion wearing a grey jacket and cap. 8. Property: Laptop Serial No: SN-W6BVX9LSPLZV; Vehicle involved: MH80TJ8227 9. Brief Facts: The comp,DIGITAL_IDENTIFIER
on wearing a blue jacket and mask. 8. Property: Laptop Serial No: SN-2HTRT8EDO1VN; Vehicle involved: KA82IW1984 9. Brief Facts: The comp,DIGITAL_IDENTIFIER
on wearing a blue jacket and mask. 8. Property: Laptop Serial No: SN-GAJ5LUSTC78Q; Vehicle involved: RJ48SN5815 9. Brief Facts: The comp,DIGITAL_IDENTIFIER
aring a black jacket and mask. 8. Property: Hard Drive Serial No: SN-99X5090EXC7E; Vehicle involved: KA19UK4425 9. Brief Facts: The comp,DIGITAL_IDENTIFIER
aring a black jacket and helmet. 8. Property: Backpack Serial No: SN-U5UGH9IXPAOC; Vehicle involved: RJ70NG6825 9. Brief Facts: The comp,DIGITAL_IDENTIFIER
wearing a green jacket and helmet. 8. Property: Tablet Serial No: SN-UPRK95HKEMQB; Vehicle involved: MH13XY7368 9. Brief Facts: The comp,DIGITAL_IDENTIFIER
ion wearing a grey jacket and cap. 8. Property: Camera Serial No: SN-07DMVOH6MLHI; Vehicle involved: KA50XG7536 9. Brief Facts: The comp,DIGITAL_IDENTIFIER
n wearing a black jacket and mask. 8. Property: Camera Serial No: SN-NV6FAJTC7377; Vehicle involved: MH55MT5079 9. Brief Facts: The comp,DIGITAL_IDENTIFIER
ion wearing a blue jacket and cap. 8. Property: Wallet Serial No: SN-WJ8IYCU0OFNX; Vehicle involved: DL38KE1068 9. Brief Facts: The comp,DIGITAL_IDENTIFIER
wearing a green jacket and cap. 8. Property: Backpack Serial No: SN-Y3W2DACYYNIH; Vehicle involved: DL51TV1794 9. Brief Facts: The comp,DIGITAL_IDENTIFIER
on wearing a green jacket and cap. 8. Property: Laptop Serial No: SN-L2V4844HLVXF; Vehicle involved: DL53LM3155 9. Brief Facts: The comp,DIGITAL_IDENTIFIER
on wearing a black jacket and cap. 8. Property: Tablet Serial No: SN-0EE2QV81E5OU; Vehicle involved: RJ80MO9020 9. Brief Facts: The comp,DIGITAL_IDENTIFIER
earing a blue jacket and mask. 8. Property: Hard Drive Serial No: SN-A9AG1Y3W69GI; Vehicle involved: KA86FX4653 9. Brief Facts: The comp,DIGITAL_IDENTIFIER
n wearing a black jacket and mask. 8. Property: Tablet Serial No: SN-7MZW20R0YRII; Vehicle involved: DL70EA7970 9. Brief Facts: The comp,DIGITAL_IDENTIFIER
ring a blue jacket and helmet. 8. Property: Hard Drive Serial No: SN-2EVHO4BQEPL8; Vehicle involved: DL38PL2350 9. Brief Facts: The comp,DIGITAL_IDENTIFIER
n wearing a green jacket and mask. 8. Property: Tablet Serial No: SN-WAW8ELE6UBHU; Vehicle involved: RJ75UU2863 9. Brief Facts: The comp,DIGITAL_IDENTIFIER
on wearing a green jacket and cap. 8. Property: Laptop Serial No: SN-BJH6KJHW0O7X; Vehicle involved: RJ11LL9605 9. Brief Facts: The comp,DIGITAL_IDENTIFIER
on wearing a blue jacket and mask. 8. Property: Laptop Serial No: SN-Z4ISM8O657P7; Vehicle involved: MH92IU9063 9. Brief Facts: The comp,DIGITAL_IDENTIFIER
wearing a green jacket and mask. 8. Property: Backpack Serial No: SN-VDT1CTPWSRJ0; Vehicle involved: KA33LH9137 9. Brief Facts: The comp,DIGITAL_IDENTIFIER
earing a green jacket and cap. 8. Property: Hard Drive Serial No: SN-4LT31RTAJ3SO; Vehicle involved: UP11VS6017 9. Brief Facts: The comp,DIGITAL_IDENTIFIER
wearing a green jacket and helmet. 8. Property: Camera Serial No: SN-2K0XC8HOD6DT; Vehicle involved: MH49YS4357 9. Brief Facts: The comp,DIGITAL_IDENTIFIER
ng a black jacket and helmet. 8. Property: Smart Watch Serial No: SN-SCX5HI6GD8E2; Vehicle involved: KA08NX3224 9. Brief Facts: The comp,DIGITAL_IDENTIFIER
earing a blue jacket and cap. 8. Property: Smart Watch Serial No: SN-T6P563CSYNMI; Vehicle involved: MH68CS8464 9. Brief Facts: The comp,DIGITAL_IDENTIFIER
wearing a grey jacket and helmet. 8. Property: Tablet Serial No: SN-WS0L8N85T9GD; Vehicle involved: DL78IO1258 9. Brief Facts: The comp,DIGITAL_IDENTIFIER
wearing a grey jacket and helmet. 8. Property: Wallet Serial No: SN-HM8W6KTIOIUE; Vehicle involved: KA31YN4450 9. Brief Facts: The comp,DIGITAL_IDENTIFIER
on wearing a grey jacket and mask. 8. Property: Wallet Serial No: SN-7IZ22444FFKB; Vehicle involved: UP37WV9517 9. Brief Facts: The comp,DIGITAL_IDENTIFIER
ring a blue jacket and mask. 8. Property: Mobile Phone Serial No: SN-039NNHNURJEC; Vehicle involved: RJ24UD2014 9. Brief Facts: The comp,DIGITAL_IDENTIFIER
n wearing a black jacket and mask. 8. Property: Tablet Serial No: SN-U9NABDNWBFCQ; Vehicle involved: UP93US1397 9. Brief Facts: The comp,DIGITAL_IDENTIFIER
wearing a grey jacket and helmet. 8. Property: Tablet Serial No: SN-XD4CYAHEG6GV; Vehicle involved: UP36GH3479 9. Brief Facts: The comp,DIGITAL_IDENTIFIER
on wearing a green jacket and cap. 8. Property: Laptop Serial No: SN-1U0RQ3NQ7AWG; Vehicle involved: KA89XP9939 9. Brief Facts: The comp,DIGITAL_IDENTIFIER
wearing a grey jacket and helmet. 8. Property: Tablet Serial No: SN-CO6T5KBTV858; Vehicle involved: RJ76SU6102 9. Brief Facts: The comp,DIGITAL_IDENTIFIER
wearing a black jacket and mask. 8. Property: Backpack Serial No: SN-X8O2LBWQV5A7; Vehicle involved: UP29ZS4321 9. Brief Facts: The comp,DIGITAL_IDENTIFIER
wearing a black jacket and helmet. 8. Property: Laptop Serial No: SN-SLLU11T94VF3; Vehicle involved: RJ43RL7676 9. Brief Facts: The comp,DIGITAL_IDENTIFIER
n wearing a black jacket and mask. 8. Property: Wallet Serial No: SN-86W0CAXKXCZT; Vehicle involved: RJ64IL2302 9. Brief Facts: The comp,DIGITAL_IDENTIFIER
ring a green jacket and cap. 8. Property: Mobile Phone Serial No: SN-ESAJB8HOA69Y; Vehicle involved: MH24DZ6359 9. Brief Facts: The comp,DIGITAL_IDENTIFIER
n wearing a black jacket and mask. 8. Property: Tablet Serial No: SN-KLFNFOA7NJYL; Vehicle involved: KA59GQ7304 9. Brief Facts: The comp,DIGITAL_IDENTIFIER
Account Number: ACCT-2001,ACCOUNT
Transaction to account ACCT-3001,ACCOUNT
Bank account A/C ACCT-1002,ACCOUNT
Transaction to account ACCT-3002,ACCOUNT
Bank account A/C ACCT-1003,ACCOUNT
Account Number: ACCT-2003,ACCOUNT
Transaction to account ACCT-3003,ACCOUNT
Bank account A/C ACCT-1004,ACCOUNT
Account Number: ACCT-2004,ACCOUNT
Transaction to account ACCT-3004,ACCOUNT
Bank account A/C ACCT-1005,ACCOUNT
Account Number: ACCT-2005,ACCOUNT
Transaction to account ACCT-3005,ACCOUNT
Bank account A/C ACCT-1006,ACCOUNT
Account Number: ACCT-2006,ACCOUNT
Transaction to account ACCT-3006,ACCOUNT
Bank account A/C ACCT-1007,ACCOUNT
Account Number: ACCT-2007,ACCOUNT
Transaction to account ACCT-3007,ACCOUNT
Bank account A/C ACCT-1008,ACCOUNT
Account Number: ACCT-2008,ACCOUNT
Transaction to account ACCT-3008,ACCOUNT
Bank account A/C ACCT-1009,ACCOUNT
Account Number: ACCT-2009,ACCOUNT
Transaction to account ACCT-3009,ACCOUNT
Bank account A/C ACCT-1010,ACCOUNT
Account Number: ACCT-2010,ACCOUNT
Transaction to account ACCT-3010,ACCOUNT
Bank account A/C ACCT-1011,ACCOUNT
Account Number: ACCT-2011,ACCOUNT
Transaction to account ACCT-3011,ACCOUNT
Bank account A/C ACCT-1012,ACCOUNT
Account Number: ACCT-2012,ACCOUNT
Transaction to account ACCT-3012,ACCOUNT
Bank account A/C ACCT-1013,ACCOUNT
Account Number: ACCT-2013,ACCOUNT
Transaction to account ACCT-3013,ACCOUNT
Bank account A/C ACCT-1014,ACCOUNT
Account Number: ACCT-2014,ACCOUNT
Transaction to account ACCT-3014,ACCOUNT
Bank account A/C ACCT-1015,ACCOUNT
Account Number: ACCT-2015,ACCOUNT
Transaction to account ACCT-3015,ACCOUNT
Bank account A/C ACCT-1016,ACCOUNT
Account Number: ACCT-2016,ACCOUNT
Transaction to account ACCT-3016,ACCOUNT
Bank account A/C ACCT-1017,ACCOUNT
Account Number: ACCT-2017,ACCOUNT
Transaction to account ACCT-3017,ACCOUNT
Bank account A/C ACCT-1018,ACCOUNT
Account Number: ACCT-2018,ACCOUNT
Transaction to account ACCT-3018,ACCOUNT
Bank account A/C ACCT-1019,ACCOUNT
Account Number: ACCT-2019,ACCOUNT
Transaction to account ACCT-3019,ACCOUNT
Bank account A/C ACCT-1020,ACCOUNT
Account Number: ACCT-2020,ACCOUNT
Transaction to account ACCT-3020,ACCOUNT
Bank account A/C ACCT-1021,ACCOUNT
Account Number: ACCT-2021,ACCOUNT
Transaction to account ACCT-3021,ACCOUNT
Bank account A/C ACCT-1022,ACCOUNT
Account Number: ACCT-2022,ACCOUNT
Transaction to account ACCT-3022,ACCOUNT
Bank account A/C ACCT-1023,ACCOUNT
Account Number: ACCT-2023,ACCOUNT
Transaction to account ACCT-3023,ACCOUNT
Bank account A/C ACCT-1024,ACCOUNT
Account Number: ACCT-2024,ACCOUNT
Transaction to account ACCT-3024,ACCOUNT
Bank account A/C ACCT-1025,ACCOUNT
Account Number: ACCT-2025,ACCOUNT
Transaction to account ACCT-3025,ACCOUNT
Bank account A/C ACCT-1026,ACCOUNT
Account Number: ACCT-2026,ACCOUNT
Transaction to account ACCT-3026,ACCOUNT
Bank account A/C ACCT-1027,ACCOUNT
Account Number: ACCT-2027,ACCOUNT
Transaction to account ACCT-3027,ACCOUNT
Bank account A/C ACCT-1028,ACCOUNT
Account Number: ACCT-2028,ACCOUNT
Transaction to account ACCT-3028,ACCOUNT
Bank account A/C ACCT-1029,ACCOUNT
Account Number: ACCT-2029,ACCOUNT
Transaction to account ACCT-3029,ACCOUNT
Bank account A/C ACCT-1030,ACCOUNT
Account Number: ACCT-2030,ACCOUNT
Transaction to account ACCT-3030,ACCOUNT
Bank account A/C ACCT-1031,ACCOUNT
Account Number: ACCT-2031,ACCOUNT
Transaction to account ACCT-3031,ACCOUNT
Bank account A/C ACCT-1032,ACCOUNT
Account Number: ACCT-2032,ACCOUNT
Transaction to account ACCT-3032,ACCOUNT
Bank account A/C ACCT-1033,ACCOUNT
Account Number: ACCT-2033,ACCOUNT
Transaction to account ACCT-3033,ACCOUNT
Bank account A/C ACCT-1034,ACCOUNT
Account Number: ACCT-2034,ACCOUNT
Transaction to account ACCT-3034,ACCOUNT
Bank account A/C ACCT-1035,ACCOUNT
Account Number: ACCT-2035,ACCOUNT
Transaction to account ACCT-3035,ACCOUNT
Bank account A/C ACCT-1036,ACCOUNT
Account Number: ACCT-2036,ACCOUNT
Transaction to account ACCT-3036,ACCOUNT
Bank account A/C ACCT-1037,ACCOUNT
Account Number: ACCT-2037,ACCOUNT
Transaction to account ACCT-3037,ACCOUNT
Bank account A/C ACCT-1038,ACCOUNT
Account Number: ACCT-2038,ACCOUNT
Transaction to account ACCT-3038,ACCOUNT
Bank account A/C ACCT-1039,ACCOUNT
Account Number: ACCT-2039,ACCOUNT
Transaction to account ACCT-3039,ACCOUNT
Bank account A/C ACCT-1040,ACCOUNT
Account Number: ACCT-2040,ACCOUNT
Transaction to account ACCT-3040,ACCOUNT
Bank account A/C ACCT-1041,ACCOUNT
Account Number: ACCT-2041,ACCOUNT
Transaction to account ACCT-3041,ACCOUNT
Bank account A/C ACCT-1042,ACCOUNT
Account Number: ACCT-2042,ACCOUNT
Transaction to account ACCT-3042,ACCOUNT
Bank account A/C ACCT-1043,ACCOUNT
Account Number: ACCT-2043,ACCOUNT
Transaction to account ACCT-3043,ACCOUNT
Bank account A/C ACCT-1044,ACCOUNT
Account Number: ACCT-2044,ACCOUNT
Transaction to account ACCT-3044,ACCOUNT
Bank account A/C ACCT-1045,ACCOUNT
Account Number: ACCT-2045,ACCOUNT
Transaction to account ACCT-3045,ACCOUNT
Bank account A/C ACCT-1046,ACCOUNT
Account Number: ACCT-2046,ACCOUNT
Transaction to account ACCT-3046,ACCOUNT
Bank account A/C ACCT-1047,ACCOUNT
Account Number: ACCT-2047,ACCOUNT
Transaction to account ACCT-3047,ACCOUNT
Bank account A/C ACCT-1048,ACCOUNT
Account Number: ACCT-2048,ACCOUNT
Transaction to account ACCT-3048,ACCOUNT
Bank account A/C ACCT-1049,ACCOUNT
Account Number: ACCT-2049,ACCOUNT
Transaction to account ACCT-3049,ACCOUNT
Bank account A/C ACCT-1050,ACCOUNT
Account Number: ACCT-2050,ACCOUNT
Transaction to account ACCT-3050,ACCOUNT
Bank account A/C ACCT-1051,ACCOUNT
Account Number: ACCT-2051,ACCOUNT
Transaction to account ACCT-3051,ACCOUNT
Bank account A/C ACCT-1052,ACCOUNT
Account Number: ACCT-2052,ACCOUNT
Transaction to account ACCT-3052,ACCOUNT
Bank account A/C ACCT-1053,ACCOUNT
Account Number: ACCT-2053,ACCOUNT
Transaction to account ACCT-3053,ACCOUNT
Bank account A/C ACCT-1054,ACCOUNT
Account Number: ACCT-2054,ACCOUNT
Transaction to account ACCT-3054,ACCOUNT
Bank account A/C ACCT-1055,ACCOUNT
Account Number: ACCT-2055,ACCOUNT
Transaction to account ACCT-3055,ACCOUNT
Bank account A/C ACCT-1056,ACCOUNT
Account Number: ACCT-2056,ACCOUNT
Transaction to account ACCT-3056,ACCOUNT
Bank account A/C ACCT-1057,ACCOUNT
Account Number: ACCT-2057,ACCOUNT
Transaction to account ACCT-3057,ACCOUNT
Bank account A/C ACCT-1058,ACCOUNT
Account Number: ACCT-2058,ACCOUNT
Transaction to account ACCT-3058,ACCOUNT
Bank account A/C ACCT-1059,ACCOUNT
Account Number: ACCT-2059,ACCOUNT
Transaction to account ACCT-3059,ACCOUNT
Bank account A/C ACCT-1060,ACCOUNT
Account Number: ACCT-2060,ACCOUNT
Transaction to account ACCT-3060,ACCOUNT
Bank account A/C ACCT-1061,ACCOUNT
Account Number: ACCT-2061,ACCOUNT
Transaction to account ACCT-3061,ACCOUNT
Bank account A/C ACCT-1062,ACCOUNT
Account Number: ACCT-2062,ACCOUNT
Transaction to account ACCT-3062,ACCOUNT
Bank account A/C ACCT-1063,ACCOUNT
Account Number: ACCT-2063,ACCOUNT
Transaction to account ACCT-3063,ACCOUNT
Bank account A/C ACCT-1064,ACCOUNT
Account Number: ACCT-2064,ACCOUNT
Transaction to account ACCT-3064,ACCOUNT
Bank account A/C ACCT-1065,ACCOUNT
Account Number: ACCT-2065,ACCOUNT
Transaction to account ACCT-3065,ACCOUNT
Bank account A/C ACCT-1066,ACCOUNT
Account Number: ACCT-2066,ACCOUNT
Transaction to account ACCT-3066,ACCOUNT
Bank account A/C ACCT-1067,ACCOUNT
Account Number: ACCT-2067,ACCOUNT
Transaction to account ACCT-3067,ACCOUNT
Bank account A/C ACCT-1068,ACCOUNT
Account Number: ACCT-2068,ACCOUNT
Transaction to account ACCT-3068,ACCOUNT
Bank account A/C ACCT-1069,ACCOUNT
Account Number: ACCT-2069,ACCOUNT
Transaction to account ACCT-3069,ACCOUNT
Bank account A/C ACCT-1070,ACCOUNT
Account Number: ACCT-2070,ACCOUNT
Transaction to account ACCT-3070,ACCOUNT
Bank account A/C ACCT-1071,ACCOUNT
Account Number: ACCT-2071,ACCOUNT
Transaction to account ACCT-3071,ACCOUNT
Bank account A/C ACCT-1072,ACCOUNT
Account Number: ACCT-2072,ACCOUNT
Transaction to account ACCT-3072,ACCOUNT
Bank account A/C ACCT-1073,ACCOUNT
Account Number: ACCT-2073,ACCOUNT
Transaction to account ACCT-3073,ACCOUNT
Bank account A/C ACCT-1074,ACCOUNT
Account Number: ACCT-2074,ACCOUNT
Transaction to account ACCT-3074,ACCOUNT
Bank account A/C ACCT-1075,ACCOUNT
Account Number: ACCT-2075,ACCOUNT
Transaction to account ACCT-3075,ACCOUNT
Bank account A/C ACCT-1076,ACCOUNT
Account Number: ACCT-2076,ACCOUNT
Transaction to account ACCT-3076,ACCOUNT
Bank account A/C ACCT-1077,ACCOUNT
Account Number: ACCT-2077,ACCOUNT
Transaction to account ACCT-3077,ACCOUNT
Bank account A/C ACCT-1078,ACCOUNT
Account Number: ACCT-2078,ACCOUNT
Transaction to account ACCT-3078,ACCOUNT
Bank account A/C ACCT-1079,ACCOUNT
Account Number: ACCT-2079,ACCOUNT
Transaction to account ACCT-3079,ACCOUNT
Bank account A/C ACCT-1080,ACCOUNT
Account Number: ACCT-2080,ACCOUNT
Transaction to account ACCT-3080,ACCOUNT
Bank account A/C ACCT-1081,ACCOUNT
Account Number: ACCT-2081,ACCOUNT
Transaction to account ACCT-3081,ACCOUNT
Bank account A/C ACCT-1082,ACCOUNT
Account Number: ACCT-2082,ACCOUNT
Transaction to account ACCT-3082,ACCOUNT
Bank account A/C ACCT-1083,ACCOUNT
Account Number: ACCT-2083,ACCOUNT
Transaction to account ACCT-3083,ACCOUNT
Bank account A/C ACCT-1084,ACCOUNT
Account Number: ACCT-2084,ACCOUNT
Transaction to account ACCT-3084,ACCOUNT
Bank account A/C ACCT-1085,ACCOUNT
Account Number: ACCT-2085,ACCOUNT
Transaction to account ACCT-3085,ACCOUNT
Bank account A/C ACCT-1086,ACCOUNT
Account Number: ACCT-2086,ACCOUNT
Transaction to account ACCT-3086,ACCOUNT
Bank account A/C ACCT-1087,ACCOUNT
Account Number: ACCT-2087,ACCOUNT
Transaction to account ACCT-3087,ACCOUNT
Bank account A/C ACCT-1088,ACCOUNT
Account Number: ACCT-2088,ACCOUNT
Transaction to account ACCT-3088,ACCOUNT
Bank account A/C ACCT-1089,ACCOUNT
Account Number: ACCT-2089,ACCOUNT
Transaction to account ACCT-3089,ACCOUNT
Bank account A/C ACCT-1090,ACCOUNT
Account Number: ACCT-2090,ACCOUNT
Transaction to account ACCT-3090,ACCOUNT
Bank account A/C ACCT-1091,ACCOUNT
Account Number: ACCT-2091,ACCOUNT
Transaction to account ACCT-3091,ACCOUNT
Bank account A/C ACCT-1092,ACCOUNT
Account Number: ACCT-2092,ACCOUNT
Transaction to account ACCT-3092,ACCOUNT
Bank account A/C ACCT-1093,ACCOUNT
Account Number: ACCT-2093,ACCOUNT
Transaction to account ACCT-3093,ACCOUNT
Bank account A/C ACCT-1094,ACCOUNT
Account Number: ACCT-2094,ACCOUNT
Transaction to account ACCT-3094,ACCOUNT
Bank account A/C ACCT-1095,ACCOUNT
Account Number: ACCT-2095,ACCOUNT
Transaction to account ACCT-3095,ACCOUNT
Bank account A/C ACCT-1096,ACCOUNT
Account Number: ACCT-2096,ACCOUNT
Transaction to account ACCT-3096,ACCOUNT
Bank account A/C ACCT-1097,ACCOUNT
Account Number: ACCT-2097,ACCOUNT
Transaction to account ACCT-3097,ACCOUNT
Bank account A/C ACCT-1098,ACCOUNT
Account Number: ACCT-2098,ACCOUNT
Transaction to account ACCT-3098,ACCOUNT
Bank account A/C ACCT-1099,ACCOUNT
Account Number: ACCT-2099,ACCOUNT
Transaction to account ACCT-3099,ACCOUNT
Bank account A/C ACCT-1100,ACCOUNT
Account Number: ACCT-2100,ACCOUNT
Transaction to account ACCT-3100,ACCOUNT
Bank account A/C ACCT-1101,ACCOUNT
Account Number: ACCT-2101,ACCOUNT
Transaction to account ACCT-3101,ACCOUNT
Bank account A/C ACCT-1102,ACCOUNT
Account Number: ACCT-2102,ACCOUNT
Transaction to account ACCT-3102,ACCOUNT
Bank account A/C ACCT-1103,ACCOUNT
Account Number: ACCT-2103,ACCOUNT
Transaction to account ACCT-3103,ACCOUNT
Bank account A/C ACCT-1104,ACCOUNT
Account Number: ACCT-2104,ACCOUNT
Transaction to account ACCT-3104,ACCOUNT
Bank account A/C ACCT-1105,ACCOUNT
Account Number: ACCT-2105,ACCOUNT
Transaction to account ACCT-3105,ACCOUNT
Bank account A/C ACCT-1106,ACCOUNT
Account Number: ACCT-2106,ACCOUNT
Transaction to account ACCT-3106,ACCOUNT
Bank account A/C ACCT-1107,ACCOUNT
Account Number: ACCT-2107,ACCOUNT
Transaction to account ACCT-3107,ACCOUNT
Bank account A/C ACCT-1108,ACCOUNT
Account Number: ACCT-2108,ACCOUNT
Transaction to account ACCT-3108,ACCOUNT
Bank account A/C ACCT-1109,ACCOUNT
Account Number: ACCT-2109,ACCOUNT
Transaction to account ACCT-3109,ACCOUNT
Bank account A/C ACCT-1110,ACCOUNT
Account Number: ACCT-2110,ACCOUNT
Transaction to account ACCT-3110,ACCOUNT
Bank account A/C ACCT-1111,ACCOUNT
Account Number: ACCT-2111,ACCOUNT
Bank account A/C ACCT-1112,ACCOUNT
Account Number: ACCT-2112,ACCOUNT
Transaction to account ACCT-3112,ACCOUNT
Bank account A/C ACCT-1113,ACCOUNT
Account Number: ACCT-2113,ACCOUNT
Transaction to account ACCT-3113,ACCOUNT
Bank account A/C ACCT-1114,ACCOUNT
Account Number: ACCT-2114,ACCOUNT
Transaction to account ACCT-3114,ACCOUNT
Bank account A/C ACCT-1115,ACCOUNT
Account Number: ACCT-2115,ACCOUNT
Transaction to account ACCT-3115,ACCOUNT
Bank account A/C ACCT-1116,ACCOUNT
Account Number: ACCT-2116,ACCOUNT
Transaction to account ACCT-3116,ACCOUNT
Bank account A/C ACCT-1117,ACCOUNT
Account Number: ACCT-2117,ACCOUNT
Transaction to account ACCT-3117,ACCOUNT
Bank account A/C ACCT-1118,ACCOUNT
Account Number: ACCT-2118,ACCOUNT
Transaction to account ACCT-3118,ACCOUNT
Bank account A/C ACCT-1119,ACCOUNT
Account Number: ACCT-2119,ACCOUNT
Transaction to account ACCT-3119,ACCOUNT
Bank account A/C ACCT-1120,ACCOUNT
Account Number: ACCT-2120,ACCOUNT
Transaction to account ACCT-3120,ACCOUNT
Bank account A/C ACCT-1121,ACCOUNT
Account Number: ACCT-2121,ACCOUNT
Transaction to account ACCT-3121,ACCOUNT
Bank account A/C ACCT-1122,ACCOUNT
Account Number: ACCT-2122,ACCOUNT
Transaction to account ACCT-3122,ACCOUNT
Bank account A/C ACCT-1123,ACCOUNT
Account Number: ACCT-2123,ACCOUNT
Transaction to account ACCT-3123,ACCOUNT
Bank account A/C ACCT-1124,ACCOUNT
Account Number: ACCT-2124,ACCOUNT
Transaction to account ACCT-3124,ACCOUNT
Bank account A/C ACCT-1125,ACCOUNT
Account Number: ACCT-2125,ACCOUNT
Transaction to account ACCT-3125,ACCOUNT
Bank account A/C ACCT-1126,ACCOUNT
Account Number: ACCT-2126,ACCOUNT
Transaction to account ACCT-3126,ACCOUNT
Bank account A/C ACCT-1127,ACCOUNT
Account Number: ACCT-2127,ACCOUNT
Transaction to account ACCT-3127,ACCOUNT
Bank account A/C ACCT-1128,ACCOUNT
Account Number: ACCT-2128,ACCOUNT
Transaction to account ACCT-3128,ACCOUNT
Bank account A/C ACCT-1129,ACCOUNT
Account Number: ACCT-2129,ACCOUNT
Transaction to account ACCT-3129,ACCOUNT
Bank account A/C ACCT-1130,ACCOUNT
Account Number: ACCT-2130,ACCOUNT
Transaction to account ACCT-3130,ACCOUNT
Bank account A/C ACCT-1131,ACCOUNT
Account Number: ACCT-2131,ACCOUNT
Transaction to account ACCT-3131,ACCOUNT
Bank account A/C ACCT-1132,ACCOUNT
Account Number: ACCT-2132,ACCOUNT
Transaction to account ACCT-3132,ACCOUNT
Bank account A/C ACCT-1133,ACCOUNT
Account Number: ACCT-2133,ACCOUNT
Transaction to account ACCT-3133,ACCOUNT
Bank account A/C ACCT-1134,ACCOUNT
Account Number: ACCT-2134,ACCOUNT
Transaction to account ACCT-3134,ACCOUNT
Bank account A/C ACCT-1135,ACCOUNT
Account Number: ACCT-2135,ACCOUNT
Transaction to account ACCT-3135,ACCOUNT
Bank account A/C ACCT-1136,ACCOUNT
Account Number: ACCT-2136,ACCOUNT
Transaction to account ACCT-3136,ACCOUNT
Bank account A/C ACCT-1137,ACCOUNT
Account Number: ACCT-2137,ACCOUNT
Transaction to account ACCT-3137,ACCOUNT
Bank account A/C ACCT-1138,ACCOUNT
Account Number: ACCT-2138,ACCOUNT
Transaction to account ACCT-3138,ACCOUNT
Bank account A/C ACCT-1139,ACCOUNT
Account Number: ACCT-2139,ACCOUNT
Transaction to account ACCT-3139,ACCOUNT
Bank account A/C ACCT-1140,ACCOUNT
Account Number: ACCT-2140,ACCOUNT
Transaction to account ACCT-3140,ACCOUNT
Bank account A/C ACCT-1141,ACCOUNT
Account Number: ACCT-2141,ACCOUNT
Transaction to account ACCT-3141,ACCOUNT
Bank account A/C ACCT-1142,ACCOUNT
Account Number: ACCT-2142,ACCOUNT
Transaction to account ACCT-3142,ACCOUNT
Bank account A/C ACCT-1143,ACCOUNT
Account Number: ACCT-2143,ACCOUNT
Transaction to account ACCT-3143,ACCOUNT
Bank account A/C ACCT-1144,ACCOUNT
Account Number: ACCT-2144,ACCOUNT
Transaction to account ACCT-3144,ACCOUNT
Bank account A/C ACCT-1145,ACCOUNT
Account Number: ACCT-2145,ACCOUNT
Transaction to account ACCT-3145,ACCOUNT
Bank account A/C ACCT-1146,ACCOUNT
Account Number: ACCT-2146,ACCOUNT
Transaction to account ACCT-3146,ACCOUNT
Bank account A/C ACCT-1147,ACCOUNT
Account Number: ACCT-2147,ACCOUNT
Transaction to account ACCT-3147,ACCOUNT
Bank account A/C ACCT-1148,ACCOUNT
Account Number: ACCT-2148,ACCOUNT
Transaction to account ACCT-3148,ACCOUNT
Bank account A/C ACCT-1149,ACCOUNT
Account Number: ACCT-2149,ACCOUNT
Transaction to account ACCT-3149,ACCOUNT
Bank account A/C ACCT-1150,ACCOUNT
Account Number: ACCT-2150,ACCOUNT
Transaction to account ACCT-3150,ACCOUNT
