source,target,relation,timestamp,amount,confidence
A002,A010,TRANSFERRED_TO,2026-08-01T00:00:00,333062.64,0.942
A009,A029,TRANSFERRED_TO,2026-08-02T11:01:00,39758.9,0.945
A016,A048,TRANSFERRED_TO,2026-08-03T22:02:00,32935.44,0.905
A023,A017,TRANSFERRED_TO,2026-08-04T09:03:00,43197.81,0.931
A030,A036,TRANSFERRED_TO,2026-08-05T20:04:00,9866.09,0.867
A037,A005,TRANSFERRED_TO,2026-08-06T07:05:00,42392.84,0.896
A044,A024,TRANSFERRED_TO,2026-08-07T18:06:00,41677.69,0.978
A001,A043,TRANSFERRED_TO,2026-08-08T05:07:00,37656.18,0.868
A008,A012,TRANSFERRED_TO,2026-08-09T16:08:00,9592.54,0.833
A015,A031,TRANSFERRED_TO,2026-08-10T03:09:00,22100.19,0.934
A022,A050,TRANSFERRED_TO,2026-08-11T14:10:00,34508.95,0.99
A029,A019,TRANSFERRED_TO,2026-08-12T01:11:00,13892.96,0.82
A036,A038,TRANSFERRED_TO,2026-08-13T12:12:00,40397.08,0.808
A043,A007,TRANSFERRED_TO,2026-08-14T23:13:00,42002.46,0.866
A050,A026,TRANSFERRED_TO,2026-08-15T10:14:00,6067.14,0.843
A007,A045,TRANSFERRED_TO,2026-08-16T21:15:00,29988.03,0.874
A014,A016,TRANSFERRED_TO,2026-08-17T08:16:00,16435.87,0.88
A021,A033,TRANSFERRED_TO,2026-08-18T19:17:00,14930.21,0.827
A028,A002,TRANSFERRED_TO,2026-08-19T06:18:00,11797.29,0.946
A035,A021,TRANSFERRED_TO,2026-08-20T17:19:00,30521.79,0.973
A042,A040,TRANSFERRED_TO,2026-08-21T04:20:00,38317.75,0.962
A049,A009,TRANSFERRED_TO,2026-08-22T15:21:00,15862.76,0.865
A006,A028,TRANSFERRED_TO,2026-08-23T02:22:00,18883.47,0.894
A013,A047,TRANSFERRED_TO,2026-08-24T13:23:00,9621.05,0.921
A020,A016,TRANSFERRED_TO,2026-08-25T00:24:00,44092.55,0.853
A027,A035,TRANSFERRED_TO,2026-08-26T11:25:00,22964.99,0.931
A034,A004,TRANSFERRED_TO,2026-08-27T22:26:00,17756.26,0.891
A041,A023,TRANSFERRED_TO,2026-08-28T09:27:00,21440.88,0.83
A048,A042,TRANSFERRED_TO,2026-08-29T20:28:00,6586.43,0.901
A005,A011,TRANSFERRED_TO,2026-08-30T07:29:00,332625.1,0.831
A012,A030,TRANSFERRED_TO,2026-08-01T18:30:00,14318.4,0.841
A019,A049,TRANSFERRED_TO,2026-08-02T05:31:00,28657.29,0.834
A026,A018,TRANSFERRED_TO,2026-08-03T16:32:00,29495.23,0.835
A033,A037,TRANSFERRED_TO,2026-08-04T03:33:00,23943.01,0.829
A040,A006,TRANSFERRED_TO,2026-08-05T14:34:00,44955.17,0.908
A047,A025,TRANSFERRED_TO,2026-08-06T01:35:00,31148.55,0.801
A004,A044,TRANSFERRED_TO,2026-08-07T12:36:00,3123.87,0.904
A011,A013,TRANSFERRED_TO,2026-08-08T23:37:00,36118.1,0.951
A018,A032,TRANSFERRED_TO,2026-08-09T10:38:00,38092.02,0.905
A025,A001,TRANSFERRED_TO,2026-08-10T21:39:00,19804.62,0.979
A032,A020,TRANSFERRED_TO,2026-08-11T08:40:00,5233.39,0.965
A039,A041,TRANSFERRED_TO,2026-08-12T19:41:00,6275.02,0.907
A046,A008,TRANSFERRED_TO,2026-08-13T06:42:00,5851.38,0.876
A003,A027,TRANSFERRED_TO,2026-08-14T17:43:00,34357.92,0.932
A010,A046,TRANSFERRED_TO,2026-08-15T04:44:00,16756.06,0.855
A017,A015,TRANSFERRED_TO,2026-08-16T15:45:00,44846.91,0.974
A024,A034,TRANSFERRED_TO,2026-08-17T02:46:00,23933.17,0.835
A031,A003,TRANSFERRED_TO,2026-08-18T13:47:00,16485.9,0.874
A038,A022,TRANSFERRED_TO,2026-08-19T00:48:00,40766.8,0.954
A045,A041,TRANSFERRED_TO,2026-08-20T11:49:00,28718.97,0.907
A002,A010,TRANSFERRED_TO,2026-08-21T22:50:00,32227.65,0.883
A009,A029,TRANSFERRED_TO,2026-08-22T09:51:00,25865.65,0.812
A016,A048,TRANSFERRED_TO,2026-08-23T20:52:00,31077.41,0.831
A023,A017,TRANSFERRED_TO,2026-08-24T07:53:00,22578.6,0.855
A030,A036,TRANSFERRED_TO,2026-08-25T18:54:00,44412.15,0.866
A037,A005,TRANSFERRED_TO,2026-08-26T05:55:00,15335.78,0.842
A044,A024,TRANSFERRED_TO,2026-08-27T16:56:00,18013.09,0.897
A001,A043,TRANSFERRED_TO,2026-08-28T03:57:00,23984.12,0.846
A008,A012,TRANSFERRED_TO,2026-08-29T14:58:00,258307.84,0.818
A015,A031,TRANSFERRED_TO,2026-08-30T01:59:00,3009.73,0.957
A022,A050,TRANSFERRED_TO,2026-08-01T12:00:00,27473.81,0.872
A029,A019,TRANSFERRED_TO,2026-08-02T23:01:00,24849.5,0.958
A036,A038,TRANSFERRED_TO,2026-08-03T10:02:00,29240.97,0.935
A043,A007,TRANSFERRED_TO,2026-08-04T21:03:00,40892.56,0.932
A050,A026,TRANSFERRED_TO,2026-08-05T08:04:00,35998.3,0.831
A007,A045,TRANSFERRED_TO,2026-08-06T19:05:00,42126.98,0.811
A014,A016,TRANSFERRED_TO,2026-08-07T06:06:00,10198.04,0.841
A021,A033,TRANSFERRED_TO,2026-08-08T17:07:00,17915.12,0.843
A028,A002,TRANSFERRED_TO,2026-08-09T04:08:00,8300.09,0.858
A035,A021,TRANSFERRED_TO,2026-08-10T15:09:00,28035.88,0.965
A042,A040,TRANSFERRED_TO,2026-08-11T02:10:00,38120.46,0.88
A049,A009,TRANSFERRED_TO,2026-08-12T13:11:00,30790.72,0.938
A006,A028,TRANSFERRED_TO,2026-08-13T00:12:00,41722.66,0.913
A013,A047,TRANSFERRED_TO,2026-08-14T11:13:00,37623.98,0.968
A020,A016,TRANSFERRED_TO,2026-08-15T22:14:00,9090.21,0.835
A027,A035,TRANSFERRED_TO,2026-08-16T09:15:00,25349.17,0.81
A034,A004,TRANSFERRED_TO,2026-08-17T20:16:00,16495.09,0.99
A041,A023,TRANSFERRED_TO,2026-08-18T07:17:00,6266.99,0.91
A048,A042,TRANSFERRED_TO,2026-08-19T18:18:00,43595.86,0.908
A005,A011,TRANSFERRED_TO,2026-08-20T05:19:00,39002.52,0.929
A012,A030,TRANSFERRED_TO,2026-08-21T16:20:00,12043.77,0.867
A019,A049,TRANSFERRED_TO,2026-08-22T03:21:00,32226.81,0.801
A026,A018,TRANSFERRED_TO,2026-08-23T14:22:00,7438.23,0.942
A033,A037,TRANSFERRED_TO,2026-08-24T01:23:00,39865.53,0.931
A040,A006,TRANSFERRED_TO,2026-08-25T12:24:00,17864.11,0.857
A047,A025,TRANSFERRED_TO,2026-08-26T23:25:00,22401.98,0.831
A004,A044,TRANSFERRED_TO,2026-08-27T10:26:00,3411.61,0.813
A011,A013,TRANSFERRED_TO,2026-08-28T21:27:00,263181.02,0.835
A018,A032,TRANSFERRED_TO,2026-08-29T08:28:00,2734.33,0.836
A025,A001,TRANSFERRED_TO,2026-08-30T19:29:00,28149.79,0.914
A032,A020,TRANSFERRED_TO,2026-08-01T06:30:00,36946.57,0.871
A039,A041,TRANSFERRED_TO,2026-08-02T17:31:00,33969.95,0.892
A046,A008,TRANSFERRED_TO,2026-08-03T04:32:00,30703.51,0.913
A003,A027,TRANSFERRED_TO,2026-08-04T15:33:00,36551.67,0.881
A010,A046,TRANSFERRED_TO,2026-08-05T02:34:00,41162.94,0.931
A017,A015,TRANSFERRED_TO,2026-08-06T13:35:00,24331.57,0.941
A024,A034,TRANSFERRED_TO,2026-08-07T00:36:00,3748.11,0.946
A031,A003,TRANSFERRED_TO,2026-08-08T11:37:00,29597.56,0.831
A038,A022,TRANSFERRED_TO,2026-08-09T22:38:00,15663.29,0.855
A045,A041,TRANSFERRED_TO,2026-08-10T09:39:00,32154.79,0.886
A002,A010,TRANSFERRED_TO,2026-08-11T20:40:00,27894.22,0.96
A009,A029,TRANSFERRED_TO,2026-08-12T07:41:00,16244.09,0.931
A016,A048,TRANSFERRED_TO,2026-08-13T18:42:00,4262.35,0.984
A023,A017,TRANSFERRED_TO,2026-08-14T05:43:00,24193.42,0.901
A030,A036,TRANSFERRED_TO,2026-08-15T16:44:00,5012.99,0.917
A037,A005,TRANSFERRED_TO,2026-08-16T03:45:00,32366.36,0.916
A044,A024,TRANSFERRED_TO,2026-08-17T14:46:00,31058.94,0.931
A001,A043,TRANSFERRED_TO,2026-08-18T01:47:00,38309.98,0.929
A008,A012,TRANSFERRED_TO,2026-08-19T12:48:00,21124.45,0.944
A015,A031,TRANSFERRED_TO,2026-08-20T23:49:00,19978.07,0.871
A022,A050,TRANSFERRED_TO,2026-08-21T10:50:00,7334.37,0.941
A029,A019,TRANSFERRED_TO,2026-08-22T21:51:00,32228.63,0.842
A036,A038,TRANSFERRED_TO,2026-08-23T08:52:00,36501.51,0.87
A043,A007,TRANSFERRED_TO,2026-08-24T19:53:00,30114.4,0.9
A050,A026,TRANSFERRED_TO,2026-08-25T06:54:00,33068.33,0.842
A007,A045,TRANSFERRED_TO,2026-08-26T17:55:00,11854.19,0.947
A014,A016,TRANSFERRED_TO,2026-08-27T04:56:00,221835.48,0.882
A021,A033,TRANSFERRED_TO,2026-08-28T15:57:00,40127.87,0.82
A028,A002,TRANSFERRED_TO,2026-08-29T02:58:00,28476.74,0.911
A035,A021,TRANSFERRED_TO,2026-08-30T13:59:00,40812.39,0.975
A042,A040,TRANSFERRED_TO,2026-08-01T00:00:00,43010.72,0.816
A049,A009,TRANSFERRED_TO,2026-08-02T11:01:00,28818.12,0.832
A006,A028,TRANSFERRED_TO,2026-08-03T22:02:00,16111.05,0.822
A013,A047,TRANSFERRED_TO,2026-08-04T09:03:00,30432.74,0.982
A020,A016,TRANSFERRED_TO,2026-08-05T20:04:00,27574.59,0.893
A027,A035,TRANSFERRED_TO,2026-08-06T07:05:00,3434.01,0.822
A034,A004,TRANSFERRED_TO,2026-08-07T18:06:00,35808.44,0.985
A041,A023,TRANSFERRED_TO,2026-08-08T05:07:00,21580.95,0.958
A048,A042,TRANSFERRED_TO,2026-08-09T16:08:00,29956.49,0.87
A005,A011,TRANSFERRED_TO,2026-08-10T03:09:00,6760.52,0.902
A012,A030,TRANSFERRED_TO,2026-08-11T14:10:00,20398.7,0.925
A019,A049,TRANSFERRED_TO,2026-08-12T01:11:00,33756.42,0.866
A026,A018,TRANSFERRED_TO,2026-08-13T12:12:00,21536.36,0.981
A033,A037,TRANSFERRED_TO,2026-08-14T23:13:00,32398.53,0.892
A040,A006,TRANSFERRED_TO,2026-08-15T10:14:00,44875.08,0.886
A047,A025,TRANSFERRED_TO,2026-08-16T21:15:00,9737.52,0.97
A004,A044,TRANSFERRED_TO,2026-08-17T08:16:00,39442.95,0.92
A011,A013,TRANSFERRED_TO,2026-08-18T19:17:00,30030.48,0.968
A018,A032,TRANSFERRED_TO,2026-08-19T06:18:00,13648.89,0.853
A025,A001,TRANSFERRED_TO,2026-08-20T17:19:00,9112.98,0.986
A032,A020,TRANSFERRED_TO,2026-08-21T04:20:00,42398.74,0.899
A039,A041,TRANSFERRED_TO,2026-08-22T15:21:00,15528.01,0.962
A046,A008,TRANSFERRED_TO,2026-08-23T02:22:00,30530.46,0.841
A003,A027,TRANSFERRED_TO,2026-08-24T13:23:00,44418.07,0.874
A010,A046,TRANSFERRED_TO,2026-08-25T00:24:00,8452.96,0.861
A017,A015,TRANSFERRED_TO,2026-08-26T11:25:00,338945.42,0.943
A024,A034,TRANSFERRED_TO,2026-08-27T22:26:00,6948.3,0.807
A031,A003,TRANSFERRED_TO,2026-08-28T09:27:00,27190.91,0.939
A038,A022,TRANSFERRED_TO,2026-08-29T20:28:00,40885.38,0.938
A045,A041,TRANSFERRED_TO,2026-08-30T07:29:00,43571.11,0.825
A002,A010,TRANSFERRED_TO,2026-08-01T18:30:00,19558.64,0.972
A009,A029,TRANSFERRED_TO,2026-08-02T05:31:00,9489.7,0.907
A016,A048,TRANSFERRED_TO,2026-08-03T16:32:00,28750.0,0.882
A023,A017,TRANSFERRED_TO,2026-08-04T03:33:00,22642.57,0.875
A030,A036,TRANSFERRED_TO,2026-08-05T14:34:00,32439.06,0.927
A037,A005,TRANSFERRED_TO,2026-08-06T01:35:00,30404.85,0.834
A044,A024,TRANSFERRED_TO,2026-08-07T12:36:00,31031.16,0.951
A001,A043,TRANSFERRED_TO,2026-08-08T23:37:00,19699.34,0.843
A008,A012,TRANSFERRED_TO,2026-08-09T10:38:00,14591.01,0.965
A015,A031,TRANSFERRED_TO,2026-08-10T21:39:00,43147.38,0.829
A022,A050,TRANSFERRED_TO,2026-08-11T08:40:00,14798.7,0.926
A029,A019,TRANSFERRED_TO,2026-08-12T19:41:00,17207.49,0.802
A036,A038,TRANSFERRED_TO,2026-08-13T06:42:00,38849.11,0.888
A043,A007,TRANSFERRED_TO,2026-08-14T17:43:00,33426.61,0.963
A050,A026,TRANSFERRED_TO,2026-08-15T04:44:00,40117.22,0.99
A007,A045,TRANSFERRED_TO,2026-08-16T15:45:00,16173.84,0.872
A014,A016,TRANSFERRED_TO,2026-08-17T02:46:00,24786.09,0.917
A021,A033,TRANSFERRED_TO,2026-08-18T13:47:00,30317.81,0.917
A028,A002,TRANSFERRED_TO,2026-08-19T00:48:00,31927.85,0.845
A035,A021,TRANSFERRED_TO,2026-08-20T11:49:00,26573.65,0.863
A042,A040,TRANSFERRED_TO,2026-08-21T22:50:00,21691.71,0.921
A049,A009,TRANSFERRED_TO,2026-08-22T09:51:00,39167.19,0.854
A006,A028,TRANSFERRED_TO,2026-08-23T20:52:00,29093.86,0.819
A013,A047,TRANSFERRED_TO,2026-08-24T07:53:00,17247.82,0.861
A020,A016,TRANSFERRED_TO,2026-08-25T18:54:00,205615.02,0.812
A027,A035,TRANSFERRED_TO,2026-08-26T05:55:00,14942.48,0.964
A034,A004,TRANSFERRED_TO,2026-08-27T16:56:00,16081.9,0.911
A041,A023,TRANSFERRED_TO,2026-08-28T03:57:00,26630.5,0.939
A048,A042,TRANSFERRED_TO,2026-08-29T14:58:00,7187.26,0.85
A005,A011,TRANSFERRED_TO,2026-08-30T01:59:00,24472.52,0.885
A012,A030,TRANSFERRED_TO,2026-08-01T12:00:00,24379.4,0.813
A019,A049,TRANSFERRED_TO,2026-08-02T23:01:00,9718.14,0.866
A026,A018,TRANSFERRED_TO,2026-08-03T10:02:00,33355.27,0.805
A033,A037,TRANSFERRED_TO,2026-08-04T21:03:00,34829.55,0.843
A040,A006,TRANSFERRED_TO,2026-08-05T08:04:00,7243.97,0.869
A047,A025,TRANSFERRED_TO,2026-08-06T19:05:00,5632.15,0.809
A004,A044,TRANSFERRED_TO,2026-08-07T06:06:00,18653.23,0.961
A011,A013,TRANSFERRED_TO,2026-08-08T17:07:00,38988.93,0.838
A018,A032,TRANSFERRED_TO,2026-08-09T04:08:00,25935.35,0.889
A025,A001,TRANSFERRED_TO,2026-08-10T15:09:00,41473.11,0.961
A032,A020,TRANSFERRED_TO,2026-08-11T02:10:00,37890.6,0.836
A039,A041,TRANSFERRED_TO,2026-08-12T13:11:00,33485.87,0.829
A046,A008,TRANSFERRED_TO,2026-08-13T00:12:00,15156.77,0.988
A003,A027,TRANSFERRED_TO,2026-08-14T11:13:00,29827.06,0.873
A010,A046,TRANSFERRED_TO,2026-08-15T22:14:00,24854.73,0.815
A017,A015,TRANSFERRED_TO,2026-08-16T09:15:00,4080.89,0.862
A024,A034,TRANSFERRED_TO,2026-08-17T20:16:00,19966.75,0.911
A031,A003,TRANSFERRED_TO,2026-08-18T07:17:00,12401.61,0.964
A038,A022,TRANSFERRED_TO,2026-08-19T18:18:00,17443.91,0.908
A045,A041,TRANSFERRED_TO,2026-08-20T05:19:00,24138.68,0.898
A002,A010,TRANSFERRED_TO,2026-08-21T16:20:00,21213.69,0.929
A009,A029,TRANSFERRED_TO,2026-08-22T03:21:00,38907.26,0.911
A016,A048,TRANSFERRED_TO,2026-08-23T14:22:00,32619.4,0.931
A023,A017,TRANSFERRED_TO,2026-08-24T01:23:00,444406.27,0.919
A030,A036,TRANSFERRED_TO,2026-08-25T12:24:00,29485.29,0.864
A037,A005,TRANSFERRED_TO,2026-08-26T23:25:00,4384.64,0.9
A044,A024,TRANSFERRED_TO,2026-08-27T10:26:00,23117.37,0.981
A001,A043,TRANSFERRED_TO,2026-08-28T21:27:00,27922.58,0.959
A008,A012,TRANSFERRED_TO,2026-08-29T08:28:00,40424.13,0.892
A015,A031,TRANSFERRED_TO,2026-08-30T19:29:00,30944.21,0.962
A022,A050,TRANSFERRED_TO,2026-08-01T06:30:00,4347.28,0.948
A029,A019,TRANSFERRED_TO,2026-08-02T17:31:00,12303.04,0.852
A036,A038,TRANSFERRED_TO,2026-08-03T04:32:00,5837.57,0.968
A043,A007,TRANSFERRED_TO,2026-08-04T15:33:00,39354.84,0.957
A050,A026,TRANSFERRED_TO,2026-08-05T02:34:00,20640.48,0.94
A007,A045,TRANSFERRED_TO,2026-08-06T13:35:00,13288.51,0.872
A014,A016,TRANSFERRED_TO,2026-08-07T00:36:00,39545.36,0.961
A021,A033,TRANSFERRED_TO,2026-08-08T11:37:00,8228.58,0.962
A028,A002,TRANSFERRED_TO,2026-08-09T22:38:00,4587.3,0.886
A035,A021,TRANSFERRED_TO,2026-08-10T09:39:00,33766.97,0.895
A042,A040,TRANSFERRED_TO,2026-08-11T20:40:00,33719.07,0.957
A049,A009,TRANSFERRED_TO,2026-08-12T07:41:00,22372.83,0.956
A006,A028,TRANSFERRED_TO,2026-08-13T18:42:00,12359.39,0.931
A013,A047,TRANSFERRED_TO,2026-08-14T05:43:00,24429.69,0.965
A020,A016,TRANSFERRED_TO,2026-08-15T16:44:00,20910.37,0.988
A027,A035,TRANSFERRED_TO,2026-08-16T03:45:00,6336.98,0.989
A034,A004,TRANSFERRED_TO,2026-08-17T14:46:00,8417.27,0.816
A041,A023,TRANSFERRED_TO,2026-08-18T01:47:00,3609.58,0.805
A048,A042,TRANSFERRED_TO,2026-08-19T12:48:00,11920.43,0.866
A005,A011,TRANSFERRED_TO,2026-08-20T23:49:00,20469.59,0.899
A012,A030,TRANSFERRED_TO,2026-08-21T10:50:00,36642.46,0.899
A019,A049,TRANSFERRED_TO,2026-08-22T21:51:00,26561.74,0.951
A026,A018,TRANSFERRED_TO,2026-08-23T08:52:00,246576.49,0.838
A033,A037,TRANSFERRED_TO,2026-08-24T19:53:00,16945.76,0.904
A040,A006,TRANSFERRED_TO,2026-08-25T06:54:00,3915.48,0.912
A047,A025,TRANSFERRED_TO,2026-08-26T17:55:00,27949.8,0.951
A004,A044,TRANSFERRED_TO,2026-08-27T04:56:00,34503.25,0.889
A011,A013,TRANSFERRED_TO,2026-08-28T15:57:00,39346.17,0.847
A018,A032,TRANSFERRED_TO,2026-08-29T02:58:00,10792.34,0.863
A025,A001,TRANSFERRED_TO,2026-08-30T13:59:00,22999.15,0.834
A032,A020,TRANSFERRED_TO,2026-08-01T00:00:00,25384.38,0.903
A039,A041,TRANSFERRED_TO,2026-08-02T11:01:00,14664.49,0.85
A046,A008,TRANSFERRED_TO,2026-08-03T22:02:00,7795.92,0.926
A003,A027,TRANSFERRED_TO,2026-08-04T09:03:00,27058.39,0.926
A010,A046,TRANSFERRED_TO,2026-08-05T20:04:00,11851.32,0.921
A017,A015,TRANSFERRED_TO,2026-08-06T07:05:00,10392.33,0.975
A024,A034,TRANSFERRED_TO,2026-08-07T18:06:00,26037.81,0.924
A031,A003,TRANSFERRED_TO,2026-08-08T05:07:00,8472.65,0.987
A038,A022,TRANSFERRED_TO,2026-08-09T16:08:00,42494.44,0.89
A045,A041,TRANSFERRED_TO,2026-08-10T03:09:00,35807.61,0.985
A002,A010,TRANSFERRED_TO,2026-08-11T14:10:00,31097.73,0.982
A009,A029,TRANSFERRED_TO,2026-08-12T01:11:00,4011.55,0.816
A016,A048,TRANSFERRED_TO,2026-08-13T12:12:00,19360.86,0.908
A023,A017,TRANSFERRED_TO,2026-08-14T23:13:00,32139.62,0.839
A030,A036,TRANSFERRED_TO,2026-08-15T10:14:00,42551.55,0.826
A037,A005,TRANSFERRED_TO,2026-08-16T21:15:00,34349.05,0.95
A044,A024,TRANSFERRED_TO,2026-08-17T08:16:00,13102.04,0.919
A001,A043,TRANSFERRED_TO,2026-08-18T19:17:00,4797.62,0.871
A008,A012,TRANSFERRED_TO,2026-08-19T06:18:00,26584.26,0.941
A015,A031,TRANSFERRED_TO,2026-08-20T17:19:00,26960.67,0.948
A022,A050,TRANSFERRED_TO,2026-08-21T04:20:00,25936.92,0.804
A029,A019,TRANSFERRED_TO,2026-08-22T15:21:00,227689.01,0.912
A036,A038,TRANSFERRED_TO,2026-08-23T02:22:00,23729.78,0.919
A043,A007,TRANSFERRED_TO,2026-08-24T13:23:00,30545.32,0.811
A050,A026,TRANSFERRED_TO,2026-08-25T00:24:00,41814.99,0.957
A007,A045,TRANSFERRED_TO,2026-08-26T11:25:00,6748.59,0.839
A014,A016,TRANSFERRED_TO,2026-08-27T22:26:00,13257.89,0.816
A021,A033,TRANSFERRED_TO,2026-08-28T09:27:00,5574.95,0.904
A028,A002,TRANSFERRED_TO,2026-08-29T20:28:00,23735.42,0.951
A035,A021,TRANSFERRED_TO,2026-08-30T07:29:00,12076.85,0.964
A042,A040,TRANSFERRED_TO,2026-08-01T18:30:00,20458.5,0.93
A049,A009,TRANSFERRED_TO,2026-08-02T05:31:00,18365.11,0.958
A006,A028,TRANSFERRED_TO,2026-08-03T16:32:00,34794.42,0.879
A013,A047,TRANSFERRED_TO,2026-08-04T03:33:00,3539.92,0.91
A020,A016,TRANSFERRED_TO,2026-08-05T14:34:00,41118.37,0.846
A027,A035,TRANSFERRED_TO,2026-08-06T01:35:00,23681.64,0.887
A034,A004,TRANSFERRED_TO,2026-08-07T12:36:00,15221.31,0.939
A041,A023,TRANSFERRED_TO,2026-08-08T23:37:00,13357.28,0.879
A048,A042,TRANSFERRED_TO,2026-08-09T10:38:00,24277.72,0.819
A005,A011,TRANSFERRED_TO,2026-08-10T21:39:00,32181.54,0.871
A012,A030,TRANSFERRED_TO,2026-08-11T08:40:00,43960.76,0.858
A019,A049,TRANSFERRED_TO,2026-08-12T19:41:00,37575.01,0.86
A026,A018,TRANSFERRED_TO,2026-08-13T06:42:00,3248.38,0.912
A033,A037,TRANSFERRED_TO,2026-08-14T17:43:00,43060.16,0.826
A040,A006,TRANSFERRED_TO,2026-08-15T04:44:00,7345.94,0.949
A047,A025,TRANSFERRED_TO,2026-08-16T15:45:00,3881.31,0.976
A004,A044,TRANSFERRED_TO,2026-08-17T02:46:00,39698.23,0.981
A011,A013,TRANSFERRED_TO,2026-08-18T13:47:00,11747.75,0.811
A018,A032,TRANSFERRED_TO,2026-08-19T00:48:00,19255.98,0.957
A025,A001,TRANSFERRED_TO,2026-08-20T11:49:00,17388.56,0.863
A032,A020,TRANSFERRED_TO,2026-08-21T22:50:00,436148.74,0.976
A039,A041,TRANSFERRED_TO,2026-08-22T09:51:00,12133.43,0.93
A046,A008,TRANSFERRED_TO,2026-08-23T20:52:00,9918.23,0.855
A003,A027,TRANSFERRED_TO,2026-08-24T07:53:00,12666.99,0.97
A010,A046,TRANSFERRED_TO,2026-08-25T18:54:00,40144.44,0.838
A017,A015,TRANSFERRED_TO,2026-08-26T05:55:00,16202.57,0.969
A024,A034,TRANSFERRED_TO,2026-08-27T16:56:00,17520.8,0.927
A031,A003,TRANSFERRED_TO,2026-08-28T03:57:00,34773.75,0.934
A038,A022,TRANSFERRED_TO,2026-08-29T14:58:00,34030.95,0.984
A045,A041,TRANSFERRED_TO,2026-08-30T01:59:00,4567.89,0.892
A002,A010,TRANSFERRED_TO,2026-08-01T12:00:00,35857.53,0.957
A009,A029,TRANSFERRED_TO,2026-08-02T23:01:00,14517.0,0.982
A016,A048,TRANSFERRED_TO,2026-08-03T10:02:00,29941.74,0.89
A023,A017,TRANSFERRED_TO,2026-08-04T21:03:00,36331.89,0.844
A030,A036,TRANSFERRED_TO,2026-08-05T08:04:00,7142.3,0.848
A037,A005,TRANSFERRED_TO,2026-08-06T19:05:00,7787.62,0.958
A044,A024,TRANSFERRED_TO,2026-08-07T06:06:00,39659.68,0.927
A001,A043,TRANSFERRED_TO,2026-08-08T17:07:00,10928.3,0.954
A008,A012,TRANSFERRED_TO,2026-08-09T04:08:00,10088.4,0.903
A015,A031,TRANSFERRED_TO,2026-08-10T15:09:00,24433.67,0.948
A022,A050,TRANSFERRED_TO,2026-08-11T02:10:00,22696.19,0.847
A029,A019,TRANSFERRED_TO,2026-08-12T13:11:00,41418.45,0.983
A036,A038,TRANSFERRED_TO,2026-08-13T00:12:00,43023.88,0.899
A043,A007,TRANSFERRED_TO,2026-08-14T11:13:00,26891.04,0.861
A050,A026,TRANSFERRED_TO,2026-08-15T22:14:00,36774.12,0.815
A007,A045,TRANSFERRED_TO,2026-08-16T09:15:00,29789.77,0.909
A014,A016,TRANSFERRED_TO,2026-08-17T20:16:00,44318.77,0.941
A021,A033,TRANSFERRED_TO,2026-08-18T07:17:00,11587.93,0.929
A028,A002,TRANSFERRED_TO,2026-08-19T18:18:00,41399.99,0.963
A035,A021,TRANSFERRED_TO,2026-08-20T05:19:00,313852.36,0.962
A042,A040,TRANSFERRED_TO,2026-08-21T16:20:00,44400.42,0.961
A049,A009,TRANSFERRED_TO,2026-08-22T03:21:00,11177.43,0.855
A006,A028,TRANSFERRED_TO,2026-08-23T14:22:00,44152.73,0.832
A013,A047,TRANSFERRED_TO,2026-08-24T01:23:00,19537.71,0.895
A020,A016,TRANSFERRED_TO,2026-08-25T12:24:00,25444.21,0.913
A027,A035,TRANSFERRED_TO,2026-08-26T23:25:00,37414.26,0.949
A034,A004,TRANSFERRED_TO,2026-08-27T10:26:00,32715.11,0.897
A041,A023,TRANSFERRED_TO,2026-08-28T21:27:00,21086.02,0.836
A048,A042,TRANSFERRED_TO,2026-08-29T08:28:00,10247.37,0.928
A005,A011,TRANSFERRED_TO,2026-08-30T19:29:00,34530.53,0.982
A012,A030,TRANSFERRED_TO,2026-08-01T06:30:00,8488.66,0.986
A019,A049,TRANSFERRED_TO,2026-08-02T17:31:00,17956.54,0.813
A026,A018,TRANSFERRED_TO,2026-08-03T04:32:00,32591.61,0.934
A033,A037,TRANSFERRED_TO,2026-08-04T15:33:00,3476.26,0.816
A040,A006,TRANSFERRED_TO,2026-08-05T02:34:00,7988.67,0.851
A047,A025,TRANSFERRED_TO,2026-08-06T13:35:00,13038.45,0.841
A004,A044,TRANSFERRED_TO,2026-08-07T00:36:00,23964.59,0.847
A011,A013,TRANSFERRED_TO,2026-08-08T11:37:00,31786.37,0.974
A018,A032,TRANSFERRED_TO,2026-08-09T22:38:00,44948.57,0.821
A025,A001,TRANSFERRED_TO,2026-08-10T09:39:00,24549.97,0.801
A032,A020,TRANSFERRED_TO,2026-08-11T20:40:00,34274.58,0.869
A039,A041,TRANSFERRED_TO,2026-08-12T07:41:00,13668.74,0.841
A046,A008,TRANSFERRED_TO,2026-08-13T18:42:00,40771.15,0.987
A003,A027,TRANSFERRED_TO,2026-08-14T05:43:00,39180.99,0.838
A010,A046,TRANSFERRED_TO,2026-08-15T16:44:00,12822.18,0.915
A017,A015,TRANSFERRED_TO,2026-08-16T03:45:00,19335.74,0.866
A024,A034,TRANSFERRED_TO,2026-08-17T14:46:00,12081.79,0.96
A031,A003,TRANSFERRED_TO,2026-08-18T01:47:00,35511.71,0.914
A038,A022,TRANSFERRED_TO,2026-08-19T12:48:00,279920.42,0.922
A045,A041,TRANSFERRED_TO,2026-08-20T23:49:00,17232.65,0.902
A002,A010,TRANSFERRED_TO,2026-08-21T10:50:00,30602.63,0.885
A009,A029,TRANSFERRED_TO,2026-08-22T21:51:00,7722.39,0.829
A016,A048,TRANSFERRED_TO,2026-08-23T08:52:00,43454.15,0.819
A023,A017,TRANSFERRED_TO,2026-08-24T19:53:00,18779.1,0.863
A030,A036,TRANSFERRED_TO,2026-08-25T06:54:00,3254.47,0.928
A037,A005,TRANSFERRED_TO,2026-08-26T17:55:00,31767.11,0.946
A044,A024,TRANSFERRED_TO,2026-08-27T04:56:00,15539.57,0.966
A001,A043,TRANSFERRED_TO,2026-08-28T15:57:00,19070.0,0.969
A008,A012,TRANSFERRED_TO,2026-08-29T02:58:00,38721.19,0.926
A015,A031,TRANSFERRED_TO,2026-08-30T13:59:00,19766.68,0.906
A022,A050,TRANSFERRED_TO,2026-08-01T00:00:00,33203.67,0.92
A029,A019,TRANSFERRED_TO,2026-08-02T11:01:00,13794.92,0.849
A036,A038,TRANSFERRED_TO,2026-08-03T22:02:00,8557.48,0.956
A043,A007,TRANSFERRED_TO,2026-08-04T09:03:00,43107.06,0.908
A050,A026,TRANSFERRED_TO,2026-08-05T20:04:00,8908.52,0.944
A007,A045,TRANSFERRED_TO,2026-08-06T07:05:00,35132.08,0.818
A014,A016,TRANSFERRED_TO,2026-08-07T18:06:00,19664.28,0.815
A021,A033,TRANSFERRED_TO,2026-08-08T05:07:00,4125.63,0.894
A028,A002,TRANSFERRED_TO,2026-08-09T16:08:00,31134.87,0.813
A035,A021,TRANSFERRED_TO,2026-08-10T03:09:00,43246.22,0.871
A042,A040,TRANSFERRED_TO,2026-08-11T14:10:00,8542.89,0.894
A049,A009,TRANSFERRED_TO,2026-08-12T01:11:00,43321.31,0.826
A006,A028,TRANSFERRED_TO,2026-08-13T12:12:00,22144.58,0.847
A013,A047,TRANSFERRED_TO,2026-08-14T23:13:00,4344.14,0.93
A020,A016,TRANSFERRED_TO,2026-08-15T10:14:00,27956.77,0.891
A027,A035,TRANSFERRED_TO,2026-08-16T21:15:00,6699.88,0.852
A034,A004,TRANSFERRED_TO,2026-08-17T08:16:00,36589.75,0.83
A041,A023,TRANSFERRED_TO,2026-08-18T19:17:00,196717.98,0.895
A048,A042,TRANSFERRED_TO,2026-08-19T06:18:00,40880.48,0.816
A005,A011,TRANSFERRED_TO,2026-08-20T17:19:00,25332.21,0.856
A012,A030,TRANSFERRED_TO,2026-08-21T04:20:00,37110.93,0.92
A019,A049,TRANSFERRED_TO,2026-08-22T15:21:00,41582.53,0.966
A026,A018,TRANSFERRED_TO,2026-08-23T02:22:00,23336.25,0.873
A033,A037,TRANSFERRED_TO,2026-08-24T13:23:00,15985.67,0.892
A040,A006,TRANSFERRED_TO,2026-08-25T00:24:00,4236.59,0.978
A047,A025,TRANSFERRED_TO,2026-08-26T11:25:00,6156.84,0.975
A004,A044,TRANSFERRED_TO,2026-08-27T22:26:00,33624.24,0.865
A011,A013,TRANSFERRED_TO,2026-08-28T09:27:00,44469.91,0.847
A018,A032,TRANSFERRED_TO,2026-08-29T20:28:00,10506.95,0.821
A025,A001,TRANSFERRED_TO,2026-08-30T07:29:00,3363.44,0.809
A032,A020,TRANSFERRED_TO,2026-08-01T18:30:00,19558.51,0.865
A039,A041,TRANSFERRED_TO,2026-08-02T05:31:00,3470.8,0.845
A046,A008,TRANSFERRED_TO,2026-08-03T16:32:00,31190.5,0.987
A003,A027,TRANSFERRED_TO,2026-08-04T03:33:00,5695.74,0.932
A010,A046,TRANSFERRED_TO,2026-08-05T14:34:00,29078.38,0.814
A017,A015,TRANSFERRED_TO,2026-08-06T01:35:00,8181.17,0.944
A024,A034,TRANSFERRED_TO,2026-08-07T12:36:00,7938.95,0.97
A031,A003,TRANSFERRED_TO,2026-08-08T23:37:00,39784.59,0.838
A038,A022,TRANSFERRED_TO,2026-08-09T10:38:00,5734.58,0.894
A045,A041,TRANSFERRED_TO,2026-08-10T21:39:00,21961.66,0.942
A002,A010,TRANSFERRED_TO,2026-08-11T08:40:00,37701.45,0.914
A009,A029,TRANSFERRED_TO,2026-08-12T19:41:00,8331.92,0.833
A016,A048,TRANSFERRED_TO,2026-08-13T06:42:00,37996.66,0.85
A023,A017,TRANSFERRED_TO,2026-08-14T17:43:00,18810.78,0.866
A030,A036,TRANSFERRED_TO,2026-08-15T04:44:00,6932.75,0.806
A037,A005,TRANSFERRED_TO,2026-08-16T15:45:00,3544.2,0.839
A044,A024,TRANSFERRED_TO,2026-08-17T02:46:00,388591.93,0.961
A001,A043,TRANSFERRED_TO,2026-08-18T13:47:00,41765.55,0.963
A008,A012,TRANSFERRED_TO,2026-08-19T00:48:00,8069.68,0.821
A015,A031,TRANSFERRED_TO,2026-08-20T11:49:00,11253.06,0.876
A022,A050,TRANSFERRED_TO,2026-08-21T22:50:00,26096.64,0.9
A029,A019,TRANSFERRED_TO,2026-08-22T09:51:00,29152.73,0.941
A036,A038,TRANSFERRED_TO,2026-08-23T20:52:00,43311.86,0.881
A043,A007,TRANSFERRED_TO,2026-08-24T07:53:00,39240.14,0.918
A050,A026,TRANSFERRED_TO,2026-08-25T18:54:00,6429.94,0.93
A007,A045,TRANSFERRED_TO,2026-08-26T05:55:00,41096.11,0.903
A014,A016,TRANSFERRED_TO,2026-08-27T16:56:00,5338.1,0.812
A021,A033,TRANSFERRED_TO,2026-08-28T03:57:00,16810.16,0.983
A028,A002,TRANSFERRED_TO,2026-08-29T14:58:00,36725.07,0.867
A035,A021,TRANSFERRED_TO,2026-08-30T01:59:00,12500.97,0.903
A042,A040,TRANSFERRED_TO,2026-08-01T12:00:00,22637.39,0.933
A049,A009,TRANSFERRED_TO,2026-08-02T23:01:00,6556.49,0.866
A006,A028,TRANSFERRED_TO,2026-08-03T10:02:00,35489.4,0.929
A013,A047,TRANSFERRED_TO,2026-08-04T21:03:00,43566.31,0.869
A020,A016,TRANSFERRED_TO,2026-08-05T08:04:00,32840.13,0.811
A027,A035,TRANSFERRED_TO,2026-08-06T19:05:00,34400.61,0.963
A034,A004,TRANSFERRED_TO,2026-08-07T06:06:00,32993.97,0.897
A041,A023,TRANSFERRED_TO,2026-08-08T17:07:00,10117.53,0.818
A048,A042,TRANSFERRED_TO,2026-08-09T04:08:00,35243.52,0.864
A005,A011,TRANSFERRED_TO,2026-08-10T15:09:00,20790.16,0.815
A012,A030,TRANSFERRED_TO,2026-08-11T02:10:00,15635.98,0.897
A019,A049,TRANSFERRED_TO,2026-08-12T13:11:00,30096.8,0.885
A026,A018,TRANSFERRED_TO,2026-08-13T00:12:00,30545.93,0.858
A033,A037,TRANSFERRED_TO,2026-08-14T11:13:00,43126.49,0.883
A040,A006,TRANSFERRED_TO,2026-08-15T22:14:00,20307.11,0.952
A047,A025,TRANSFERRED_TO,2026-08-16T09:15:00,175092.57,0.819
A004,A044,TRANSFERRED_TO,2026-08-17T20:16:00,39869.18,0.965
A011,A013,TRANSFERRED_TO,2026-08-18T07:17:00,32339.19,0.844
A018,A032,TRANSFERRED_TO,2026-08-19T18:18:00,7408.83,0.917
A025,A001,TRANSFERRED_TO,2026-08-20T05:19:00,25860.65,0.975
A032,A020,TRANSFERRED_TO,2026-08-21T16:20:00,6032.14,0.966
A039,A041,TRANSFERRED_TO,2026-08-22T03:21:00,31049.7,0.948
A046,A008,TRANSFERRED_TO,2026-08-23T14:22:00,31951.24,0.952
A003,A027,TRANSFERRED_TO,2026-08-24T01:23:00,31897.93,0.884
A010,A046,TRANSFERRED_TO,2026-08-25T12:24:00,22437.96,0.933
A017,A015,TRANSFERRED_TO,2026-08-26T23:25:00,16604.84,0.826
A024,A034,TRANSFERRED_TO,2026-08-27T10:26:00,31443.27,0.834
A031,A003,TRANSFERRED_TO,2026-08-28T21:27:00,31985.2,0.824
A038,A022,TRANSFERRED_TO,2026-08-29T08:28:00,37574.3,0.969
A045,A041,TRANSFERRED_TO,2026-08-30T19:29:00,24137.2,0.989
A002,A010,TRANSFERRED_TO,2026-08-01T06:30:00,38372.76,0.953
A009,A029,TRANSFERRED_TO,2026-08-02T17:31:00,41218.14,0.953
A016,A048,TRANSFERRED_TO,2026-08-03T04:32:00,12903.06,0.886
A023,A017,TRANSFERRED_TO,2026-08-04T15:33:00,5887.79,0.89
A030,A036,TRANSFERRED_TO,2026-08-05T02:34:00,20845.54,0.846
A037,A005,TRANSFERRED_TO,2026-08-06T13:35:00,14060.72,0.865
A044,A024,TRANSFERRED_TO,2026-08-07T00:36:00,6903.62,0.84
A001,A043,TRANSFERRED_TO,2026-08-08T11:37:00,36134.67,0.87
A008,A012,TRANSFERRED_TO,2026-08-09T22:38:00,10648.15,0.891
A015,A031,TRANSFERRED_TO,2026-08-10T09:39:00,10069.25,0.85
A022,A050,TRANSFERRED_TO,2026-08-11T20:40:00,25576.6,0.979
A029,A019,TRANSFERRED_TO,2026-08-12T07:41:00,23424.5,0.855
A036,A038,TRANSFERRED_TO,2026-08-13T18:42:00,9409.66,0.824
A043,A007,TRANSFERRED_TO,2026-08-14T05:43:00,41052.0,0.85
A050,A026,TRANSFERRED_TO,2026-08-15T16:44:00,425779.48,0.853
A007,A045,TRANSFERRED_TO,2026-08-16T03:45:00,31373.64,0.838
A014,A016,TRANSFERRED_TO,2026-08-17T14:46:00,17358.01,0.97
A021,A033,TRANSFERRED_TO,2026-08-18T01:47:00,21842.52,0.813
A028,A002,TRANSFERRED_TO,2026-08-19T12:48:00,3235.91,0.852
A035,A021,TRANSFERRED_TO,2026-08-20T23:49:00,41490.2,0.833
A042,A040,TRANSFERRED_TO,2026-08-21T10:50:00,2950.35,0.93
A049,A009,TRANSFERRED_TO,2026-08-22T21:51:00,32908.71,0.843
A006,A028,TRANSFERRED_TO,2026-08-23T08:52:00,26440.57,0.897
A013,A047,TRANSFERRED_TO,2026-08-24T19:53:00,18418.45,0.939
A020,A016,TRANSFERRED_TO,2026-08-25T06:54:00,16486.38,0.91
A027,A035,TRANSFERRED_TO,2026-08-26T17:55:00,19891.48,0.961
A034,A004,TRANSFERRED_TO,2026-08-27T04:56:00,6644.31,0.892
A041,A023,TRANSFERRED_TO,2026-08-28T15:57:00,14289.32,0.824
A048,A042,TRANSFERRED_TO,2026-08-29T02:58:00,9580.18,0.936
A005,A011,TRANSFERRED_TO,2026-08-30T13:59:00,17976.61,0.895
A012,A030,TRANSFERRED_TO,2026-08-01T00:00:00,24676.27,0.894
A019,A049,TRANSFERRED_TO,2026-08-02T11:01:00,19881.95,0.875
A026,A018,TRANSFERRED_TO,2026-08-03T22:02:00,41870.17,0.947
A033,A037,TRANSFERRED_TO,2026-08-04T09:03:00,5762.34,0.919
A040,A006,TRANSFERRED_TO,2026-08-05T20:04:00,19588.11,0.86
A047,A025,TRANSFERRED_TO,2026-08-06T07:05:00,29517.62,0.819
A004,A044,TRANSFERRED_TO,2026-08-07T18:06:00,23678.89,0.891
A011,A013,TRANSFERRED_TO,2026-08-08T05:07:00,27539.39,0.881
A018,A032,TRANSFERRED_TO,2026-08-09T16:08:00,30610.73,0.906
A025,A001,TRANSFERRED_TO,2026-08-10T03:09:00,5675.07,0.82
A032,A020,TRANSFERRED_TO,2026-08-11T14:10:00,39096.01,0.935
A039,A041,TRANSFERRED_TO,2026-08-12T01:11:00,11827.17,0.818
A046,A008,TRANSFERRED_TO,2026-08-13T12:12:00,40036.34,0.932
A003,A027,TRANSFERRED_TO,2026-08-14T23:13:00,185986.67,0.902
A010,A046,TRANSFERRED_TO,2026-08-15T10:14:00,30933.92,0.954
A017,A015,TRANSFERRED_TO,2026-08-16T21:15:00,11255.27,0.886
A024,A034,TRANSFERRED_TO,2026-08-17T08:16:00,3316.76,0.987
A031,A003,TRANSFERRED_TO,2026-08-18T19:17:00,11424.04,0.927
A038,A022,TRANSFERRED_TO,2026-08-19T06:18:00,22681.47,0.924
A045,A041,TRANSFERRED_TO,2026-08-20T17:19:00,44992.95,0.84
A002,A010,TRANSFERRED_TO,2026-08-21T04:20:00,4209.51,0.936
A009,A029,TRANSFERRED_TO,2026-08-22T15:21:00,25477.86,0.92
A016,A048,TRANSFERRED_TO,2026-08-23T02:22:00,35857.8,0.9
A023,A017,TRANSFERRED_TO,2026-08-24T13:23:00,37988.01,0.945
A030,A036,TRANSFERRED_TO,2026-08-25T00:24:00,27059.63,0.942
A037,A005,TRANSFERRED_TO,2026-08-26T11:25:00,31159.03,0.939
A044,A024,TRANSFERRED_TO,2026-08-27T22:26:00,42043.84,0.855
A001,A043,TRANSFERRED_TO,2026-08-28T09:27:00,42884.72,0.969
A008,A012,TRANSFERRED_TO,2026-08-29T20:28:00,16693.95,0.835
A015,A031,TRANSFERRED_TO,2026-08-30T07:29:00,32098.1,0.972
A022,A050,TRANSFERRED_TO,2026-08-01T18:30:00,41480.95,0.913
A029,A019,TRANSFERRED_TO,2026-08-02T05:31:00,21393.77,0.949
A036,A038,TRANSFERRED_TO,2026-08-03T16:32:00,35276.69,0.977
A043,A007,TRANSFERRED_TO,2026-08-04T03:33:00,16395.96,0.866
A050,A026,TRANSFERRED_TO,2026-08-05T14:34:00,33973.77,0.803
A007,A045,TRANSFERRED_TO,2026-08-06T01:35:00,40773.72,0.815
A014,A016,TRANSFERRED_TO,2026-08-07T12:36:00,7486.64,0.959
A021,A033,TRANSFERRED_TO,2026-08-08T23:37:00,8115.22,0.948
A028,A002,TRANSFERRED_TO,2026-08-09T10:38:00,9584.55,0.89
A035,A021,TRANSFERRED_TO,2026-08-10T21:39:00,16017.41,0.805
A042,A040,TRANSFERRED_TO,2026-08-11T08:40:00,11638.09,0.802
A049,A009,TRANSFERRED_TO,2026-08-12T19:41:00,23637.44,0.907
A006,A028,TRANSFERRED_TO,2026-08-13T06:42:00,247581.75,0.897
A013,A047,TRANSFERRED_TO,2026-08-14T17:43:00,8044.03,0.979
A020,A016,TRANSFERRED_TO,2026-08-15T04:44:00,26218.46,0.99
A027,A035,TRANSFERRED_TO,2026-08-16T15:45:00,25059.27,0.857
A034,A004,TRANSFERRED_TO,2026-08-17T02:46:00,31362.94,0.929
A041,A023,TRANSFERRED_TO,2026-08-18T13:47:00,9971.78,0.977
A048,A042,TRANSFERRED_TO,2026-08-19T00:48:00,29899.35,0.942
A005,A011,TRANSFERRED_TO,2026-08-20T11:49:00,14243.04,0.807
A012,A030,TRANSFERRED_TO,2026-08-21T22:50:00,6883.57,0.847
A019,A049,TRANSFERRED_TO,2026-08-22T09:51:00,26415.77,0.914
A026,A018,TRANSFERRED_TO,2026-08-23T20:52:00,35750.57,0.947
A033,A037,TRANSFERRED_TO,2026-08-24T07:53:00,24845.9,0.947
A040,A006,TRANSFERRED_TO,2026-08-25T18:54:00,10990.52,0.915
A047,A025,TRANSFERRED_TO,2026-08-26T05:55:00,38534.3,0.876
A004,A044,TRANSFERRED_TO,2026-08-27T16:56:00,31762.96,0.973
A011,A013,TRANSFERRED_TO,2026-08-28T03:57:00,13768.26,0.845
A018,A032,TRANSFERRED_TO,2026-08-29T14:58:00,34863.63,0.971
A025,A001,TRANSFERRED_TO,2026-08-30T01:59:00,23225.02,0.916
A032,A020,TRANSFERRED_TO,2026-08-01T12:00:00,3326.29,0.9
A039,A041,TRANSFERRED_TO,2026-08-02T23:01:00,6474.13,0.841
A046,A008,TRANSFERRED_TO,2026-08-03T10:02:00,15205.13,0.967
A003,A027,TRANSFERRED_TO,2026-08-04T21:03:00,17386.21,0.94
A010,A046,TRANSFERRED_TO,2026-08-05T08:04:00,34592.8,0.863
A017,A015,TRANSFERRED_TO,2026-08-06T19:05:00,27782.96,0.841
A024,A034,TRANSFERRED_TO,2026-08-07T06:06:00,43568.8,0.934
A031,A003,TRANSFERRED_TO,2026-08-08T17:07:00,10396.37,0.815
A038,A022,TRANSFERRED_TO,2026-08-09T04:08:00,14687.23,0.926
A045,A041,TRANSFERRED_TO,2026-08-10T15:09:00,8872.2,0.871
A002,A010,TRANSFERRED_TO,2026-08-11T02:10:00,10613.09,0.978
A009,A029,TRANSFERRED_TO,2026-08-12T13:11:00,369651.59,0.909
A016,A048,TRANSFERRED_TO,2026-08-13T00:12:00,26054.85,0.951
A023,A017,TRANSFERRED_TO,2026-08-14T11:13:00,20956.73,0.932
A030,A036,TRANSFERRED_TO,2026-08-15T22:14:00,30295.5,0.96
A037,A005,TRANSFERRED_TO,2026-08-16T09:15:00,6479.88,0.924
A044,A024,TRANSFERRED_TO,2026-08-17T20:16:00,16214.08,0.951
A001,A043,TRANSFERRED_TO,2026-08-18T07:17:00,9374.31,0.942
A008,A012,TRANSFERRED_TO,2026-08-19T18:18:00,23074.56,0.945
A015,A031,TRANSFERRED_TO,2026-08-20T05:19:00,34723.67,0.959
A022,A050,TRANSFERRED_TO,2026-08-21T16:20:00,5765.8,0.833
A029,A019,TRANSFERRED_TO,2026-08-22T03:21:00,7201.93,0.908
A036,A038,TRANSFERRED_TO,2026-08-23T14:22:00,30021.15,0.848
A043,A007,TRANSFERRED_TO,2026-08-24T01:23:00,33436.96,0.914
A050,A026,TRANSFERRED_TO,2026-08-25T12:24:00,22559.02,0.986
A007,A045,TRANSFERRED_TO,2026-08-26T23:25:00,24939.73,0.91
A014,A016,TRANSFERRED_TO,2026-08-27T10:26:00,29411.37,0.825
A021,A033,TRANSFERRED_TO,2026-08-28T21:27:00,37679.46,0.945
A028,A002,TRANSFERRED_TO,2026-08-29T08:28:00,5395.41,0.982
A035,A021,TRANSFERRED_TO,2026-08-30T19:29:00,4431.98,0.976
A042,A040,TRANSFERRED_TO,2026-08-01T06:30:00,39649.22,0.932
A049,A009,TRANSFERRED_TO,2026-08-02T17:31:00,33236.96,0.963
A006,A028,TRANSFERRED_TO,2026-08-03T04:32:00,21195.95,0.817
A013,A047,TRANSFERRED_TO,2026-08-04T15:33:00,13430.67,0.954
A020,A016,TRANSFERRED_TO,2026-08-05T02:34:00,5377.31,0.952
A027,A035,TRANSFERRED_TO,2026-08-06T13:35:00,28951.66,0.839
A034,A004,TRANSFERRED_TO,2026-08-07T00:36:00,42891.16,0.874
A041,A023,TRANSFERRED_TO,2026-08-08T11:37:00,8417.85,0.944
A048,A042,TRANSFERRED_TO,2026-08-09T22:38:00,8071.11,0.829
A005,A011,TRANSFERRED_TO,2026-08-10T09:39:00,23913.34,0.864
A012,A030,TRANSFERRED_TO,2026-08-11T20:40:00,156140.67,0.809
A019,A049,TRANSFERRED_TO,2026-08-12T07:41:00,22301.17,0.907
A026,A018,TRANSFERRED_TO,2026-08-13T18:42:00,32636.27,0.883
A033,A037,TRANSFERRED_TO,2026-08-14T05:43:00,35427.26,0.951
A040,A006,TRANSFERRED_TO,2026-08-15T16:44:00,41551.29,0.959
A047,A025,TRANSFERRED_TO,2026-08-16T03:45:00,38139.16,0.829
A004,A044,TRANSFERRED_TO,2026-08-17T14:46:00,21650.73,0.896
A011,A013,TRANSFERRED_TO,2026-08-18T01:47:00,14543.55,0.92
A018,A032,TRANSFERRED_TO,2026-08-19T12:48:00,44008.6,0.957
A025,A001,TRANSFERRED_TO,2026-08-20T23:49:00,20762.18,0.886
A032,A020,TRANSFERRED_TO,2026-08-21T10:50:00,34644.53,0.983
A039,A041,TRANSFERRED_TO,2026-08-22T21:51:00,15528.0,0.952
A046,A008,TRANSFERRED_TO,2026-08-23T08:52:00,36546.68,0.961
A003,A027,TRANSFERRED_TO,2026-08-24T19:53:00,39481.01,0.952
A010,A046,TRANSFERRED_TO,2026-08-25T06:54:00,40845.78,0.926
A017,A015,TRANSFERRED_TO,2026-08-26T17:55:00,10728.9,0.844
A024,A034,TRANSFERRED_TO,2026-08-27T04:56:00,14499.18,0.941
A031,A003,TRANSFERRED_TO,2026-08-28T15:57:00,12406.3,0.909
A038,A022,TRANSFERRED_TO,2026-08-29T02:58:00,22499.93,0.855
A045,A041,TRANSFERRED_TO,2026-08-30T13:59:00,6398.31,0.909
A002,A010,TRANSFERRED_TO,2026-08-01T00:00:00,39930.82,0.853
A009,A029,TRANSFERRED_TO,2026-08-02T11:01:00,24444.8,0.866
A016,A048,TRANSFERRED_TO,2026-08-03T22:02:00,40911.03,0.8
A023,A017,TRANSFERRED_TO,2026-08-04T09:03:00,40535.62,0.838
A030,A036,TRANSFERRED_TO,2026-08-05T20:04:00,34401.64,0.852
A037,A005,TRANSFERRED_TO,2026-08-06T07:05:00,11781.88,0.954
A044,A024,TRANSFERRED_TO,2026-08-07T18:06:00,20654.47,0.822
A001,A043,TRANSFERRED_TO,2026-08-08T05:07:00,13181.04,0.874
A008,A012,TRANSFERRED_TO,2026-08-09T16:08:00,12800.96,0.881
A015,A031,TRANSFERRED_TO,2026-08-10T03:09:00,396975.24,0.851
A022,A050,TRANSFERRED_TO,2026-08-11T14:10:00,41610.92,0.963
A029,A019,TRANSFERRED_TO,2026-08-12T01:11:00,41612.79,0.82
A036,A038,TRANSFERRED_TO,2026-08-13T12:12:00,19300.94,0.939
A043,A007,TRANSFERRED_TO,2026-08-14T23:13:00,28199.61,0.942
A050,A026,TRANSFERRED_TO,2026-08-15T10:14:00,15258.09,0.847
A007,A045,TRANSFERRED_TO,2026-08-16T21:15:00,32343.62,0.959
A014,A016,TRANSFERRED_TO,2026-08-17T08:16:00,32570.16,0.863
A021,A033,TRANSFERRED_TO,2026-08-18T19:17:00,3064.77,0.914
A028,A002,TRANSFERRED_TO,2026-08-19T06:18:00,10564.02,0.981
A035,A021,TRANSFERRED_TO,2026-08-20T17:19:00,25752.75,0.818
A042,A040,TRANSFERRED_TO,2026-08-21T04:20:00,28790.79,0.948
A049,A009,TRANSFERRED_TO,2026-08-22T15:21:00,22165.41,0.878
A006,A028,TRANSFERRED_TO,2026-08-23T02:22:00,8055.58,0.941
A013,A047,TRANSFERRED_TO,2026-08-24T13:23:00,31858.73,0.835
A020,A016,TRANSFERRED_TO,2026-08-25T00:24:00,3808.26,0.802
A027,A035,TRANSFERRED_TO,2026-08-26T11:25:00,24933.1,0.841
A034,A004,TRANSFERRED_TO,2026-08-27T22:26:00,35476.0,0.898
A041,A023,TRANSFERRED_TO,2026-08-28T09:27:00,17638.33,0.927
A048,A042,TRANSFERRED_TO,2026-08-29T20:28:00,24755.11,0.886
A005,A011,TRANSFERRED_TO,2026-08-30T07:29:00,12673.92,0.975
A012,A030,TRANSFERRED_TO,2026-08-01T18:30:00,34762.61,0.841
A019,A049,TRANSFERRED_TO,2026-08-02T05:31:00,28652.42,0.903
A026,A018,TRANSFERRED_TO,2026-08-03T16:32:00,26664.01,0.893
A033,A037,TRANSFERRED_TO,2026-08-04T03:33:00,22124.91,0.965
A040,A006,TRANSFERRED_TO,2026-08-05T14:34:00,21715.46,0.989
A047,A025,TRANSFERRED_TO,2026-08-06T01:35:00,4640.48,0.932
A004,A044,TRANSFERRED_TO,2026-08-07T12:36:00,36230.79,0.942
A011,A013,TRANSFERRED_TO,2026-08-08T23:37:00,7590.84,0.863
A018,A032,TRANSFERRED_TO,2026-08-09T10:38:00,190159.68,0.841
A025,A001,TRANSFERRED_TO,2026-08-10T21:39:00,37893.35,0.925
A032,A020,TRANSFERRED_TO,2026-08-11T08:40:00,10924.92,0.981
A039,A041,TRANSFERRED_TO,2026-08-12T19:41:00,41155.83,0.813
A046,A008,TRANSFERRED_TO,2026-08-13T06:42:00,39522.91,0.857
A003,A027,TRANSFERRED_TO,2026-08-14T17:43:00,5458.59,0.807
A010,A046,TRANSFERRED_TO,2026-08-15T04:44:00,7816.39,0.934
A017,A015,TRANSFERRED_TO,2026-08-16T15:45:00,9875.31,0.91
A024,A034,TRANSFERRED_TO,2026-08-17T02:46:00,20549.71,0.871
A031,A003,TRANSFERRED_TO,2026-08-18T13:47:00,26905.98,0.968
A038,A022,TRANSFERRED_TO,2026-08-19T00:48:00,19773.34,0.977
A045,A041,TRANSFERRED_TO,2026-08-20T11:49:00,42156.37,0.809
A002,A010,TRANSFERRED_TO,2026-08-21T22:50:00,11937.12,0.93
A009,A029,TRANSFERRED_TO,2026-08-22T09:51:00,42559.68,0.825
A016,A048,TRANSFERRED_TO,2026-08-23T20:52:00,18249.69,0.859
A023,A017,TRANSFERRED_TO,2026-08-24T07:53:00,34629.65,0.857
A030,A036,TRANSFERRED_TO,2026-08-25T18:54:00,4532.74,0.821
A037,A005,TRANSFERRED_TO,2026-08-26T05:55:00,25097.61,0.906
A044,A024,TRANSFERRED_TO,2026-08-27T16:56:00,6466.35,0.81
A001,A043,TRANSFERRED_TO,2026-08-28T03:57:00,12281.25,0.939
A008,A012,TRANSFERRED_TO,2026-08-29T14:58:00,44426.38,0.814
A015,A031,TRANSFERRED_TO,2026-08-30T01:59:00,10355.54,0.844
A022,A050,TRANSFERRED_TO,2026-08-01T12:00:00,17779.31,0.88
A029,A019,TRANSFERRED_TO,2026-08-02T23:01:00,37189.09,0.854
A036,A038,TRANSFERRED_TO,2026-08-03T10:02:00,16680.69,0.811
A043,A007,TRANSFERRED_TO,2026-08-04T21:03:00,29532.01,0.823
A050,A026,TRANSFERRED_TO,2026-08-05T08:04:00,34791.59,0.827
A007,A045,TRANSFERRED_TO,2026-08-06T19:05:00,23039.55,0.809
A014,A016,TRANSFERRED_TO,2026-08-07T06:06:00,22097.38,0.933
A021,A033,TRANSFERRED_TO,2026-08-08T17:07:00,364490.71,0.985
A028,A002,TRANSFERRED_TO,2026-08-09T04:08:00,29077.29,0.813
A035,A021,TRANSFERRED_TO,2026-08-10T15:09:00,41980.06,0.866
A042,A040,TRANSFERRED_TO,2026-08-11T02:10:00,22730.36,0.973
A049,A009,TRANSFERRED_TO,2026-08-12T13:11:00,28261.44,0.895
A006,A028,TRANSFERRED_TO,2026-08-13T00:12:00,3677.79,0.809
A013,A047,TRANSFERRED_TO,2026-08-14T11:13:00,15418.4,0.834
A020,A016,TRANSFERRED_TO,2026-08-15T22:14:00,26451.59,0.987
A027,A035,TRANSFERRED_TO,2026-08-16T09:15:00,17809.52,0.815
A034,A004,TRANSFERRED_TO,2026-08-17T20:16:00,8356.92,0.99
A041,A023,TRANSFERRED_TO,2026-08-18T07:17:00,12147.64,0.978
A048,A042,TRANSFERRED_TO,2026-08-19T18:18:00,43672.76,0.865
A005,A011,TRANSFERRED_TO,2026-08-20T05:19:00,40640.61,0.945
A012,A030,TRANSFERRED_TO,2026-08-21T16:20:00,31146.43,0.855
A019,A049,TRANSFERRED_TO,2026-08-22T03:21:00,22462.93,0.842
A026,A018,TRANSFERRED_TO,2026-08-23T14:22:00,40241.6,0.839
A033,A037,TRANSFERRED_TO,2026-08-24T01:23:00,26042.08,0.855
A040,A006,TRANSFERRED_TO,2026-08-25T12:24:00,5925.9,0.975
A047,A025,TRANSFERRED_TO,2026-08-26T23:25:00,25193.78,0.816
A004,A044,TRANSFERRED_TO,2026-08-27T10:26:00,34090.74,0.945
A011,A013,TRANSFERRED_TO,2026-08-28T21:27:00,32164.27,0.929
A018,A032,TRANSFERRED_TO,2026-08-29T08:28:00,10430.19,0.843
A025,A001,TRANSFERRED_TO,2026-08-30T19:29:00,41532.76,0.908
A032,A020,TRANSFERRED_TO,2026-08-01T06:30:00,40414.37,0.921
A039,A041,TRANSFERRED_TO,2026-08-02T17:31:00,13666.21,0.981
A046,A008,TRANSFERRED_TO,2026-08-03T04:32:00,34677.97,0.817
A003,A027,TRANSFERRED_TO,2026-08-04T15:33:00,9242.83,0.959
A010,A046,TRANSFERRED_TO,2026-08-05T02:34:00,5171.62,0.815
A017,A015,TRANSFERRED_TO,2026-08-06T13:35:00,5624.66,0.948
A024,A034,TRANSFERRED_TO,2026-08-07T00:36:00,147568.87,0.983
A031,A003,TRANSFERRED_TO,2026-08-08T11:37:00,22165.69,0.806
A038,A022,TRANSFERRED_TO,2026-08-09T22:38:00,30445.25,0.823
A045,A041,TRANSFERRED_TO,2026-08-10T09:39:00,35602.17,0.875
A002,A010,TRANSFERRED_TO,2026-08-11T20:40:00,41710.17,0.896
A009,A029,TRANSFERRED_TO,2026-08-12T07:41:00,15618.84,0.971
A016,A048,TRANSFERRED_TO,2026-08-13T18:42:00,12170.5,0.875
A023,A017,TRANSFERRED_TO,2026-08-14T05:43:00,16128.77,0.962
A030,A036,TRANSFERRED_TO,2026-08-15T16:44:00,41646.12,0.861
A037,A005,TRANSFERRED_TO,2026-08-16T03:45:00,34418.72,0.961
A044,A024,TRANSFERRED_TO,2026-08-17T14:46:00,8441.4,0.881
A001,A043,TRANSFERRED_TO,2026-08-18T01:47:00,3597.42,0.971
A008,A012,TRANSFERRED_TO,2026-08-19T12:48:00,18816.51,0.878
A015,A031,TRANSFERRED_TO,2026-08-20T23:49:00,22199.03,0.982
A022,A050,TRANSFERRED_TO,2026-08-21T10:50:00,14700.52,0.853
A029,A019,TRANSFERRED_TO,2026-08-22T21:51:00,29829.68,0.935
A036,A038,TRANSFERRED_TO,2026-08-23T08:52:00,35963.81,0.849
A043,A007,TRANSFERRED_TO,2026-08-24T19:53:00,30495.84,0.938
A050,A026,TRANSFERRED_TO,2026-08-25T06:54:00,37813.11,0.818
A007,A045,TRANSFERRED_TO,2026-08-26T17:55:00,7169.6,0.839
A014,A016,TRANSFERRED_TO,2026-08-27T04:56:00,17716.83,0.981
A021,A033,TRANSFERRED_TO,2026-08-28T15:57:00,32953.4,0.911
A028,A002,TRANSFERRED_TO,2026-08-29T02:58:00,36583.18,0.816
A035,A021,TRANSFERRED_TO,2026-08-30T13:59:00,19615.16,0.889
A042,A040,TRANSFERRED_TO,2026-08-01T00:00:00,31864.99,0.813
A049,A009,TRANSFERRED_TO,2026-08-02T11:01:00,20491.81,0.832
A006,A028,TRANSFERRED_TO,2026-08-03T22:02:00,5931.56,0.899
A013,A047,TRANSFERRED_TO,2026-08-04T09:03:00,31912.23,0.921
A020,A016,TRANSFERRED_TO,2026-08-05T20:04:00,29940.52,0.84
A027,A035,TRANSFERRED_TO,2026-08-06T07:05:00,169811.95,0.964
A034,A004,TRANSFERRED_TO,2026-08-07T18:06:00,38589.4,0.876
A041,A023,TRANSFERRED_TO,2026-08-08T05:07:00,20087.81,0.803
A048,A042,TRANSFERRED_TO,2026-08-09T16:08:00,26252.0,0.93
A005,A011,TRANSFERRED_TO,2026-08-10T03:09:00,28600.82,0.886
A012,A030,TRANSFERRED_TO,2026-08-11T14:10:00,7775.86,0.966
A019,A049,TRANSFERRED_TO,2026-08-12T01:11:00,16443.08,0.829
A026,A018,TRANSFERRED_TO,2026-08-13T12:12:00,18148.27,0.944
A033,A037,TRANSFERRED_TO,2026-08-14T23:13:00,36439.92,0.87
A040,A006,TRANSFERRED_TO,2026-08-15T10:14:00,18535.45,0.869
A047,A025,TRANSFERRED_TO,2026-08-16T21:15:00,6015.2,0.967
A004,A044,TRANSFERRED_TO,2026-08-17T08:16:00,40281.51,0.853
A011,A013,TRANSFERRED_TO,2026-08-18T19:17:00,28407.55,0.83
A018,A032,TRANSFERRED_TO,2026-08-19T06:18:00,26953.68,0.889
A025,A001,TRANSFERRED_TO,2026-08-20T17:19:00,37853.83,0.957
A032,A020,TRANSFERRED_TO,2026-08-21T04:20:00,9726.33,0.975
A039,A041,TRANSFERRED_TO,2026-08-22T15:21:00,27835.71,0.805
A046,A008,TRANSFERRED_TO,2026-08-23T02:22:00,40627.48,0.838
A003,A027,TRANSFERRED_TO,2026-08-24T13:23:00,36363.39,0.841
A010,A046,TRANSFERRED_TO,2026-08-25T00:24:00,43340.07,0.812
A017,A015,TRANSFERRED_TO,2026-08-26T11:25:00,37257.94,0.821
A024,A034,TRANSFERRED_TO,2026-08-27T22:26:00,33874.81,0.878
A031,A003,TRANSFERRED_TO,2026-08-28T09:27:00,14460.42,0.864
A038,A022,TRANSFERRED_TO,2026-08-29T20:28:00,16314.85,0.868
A045,A041,TRANSFERRED_TO,2026-08-30T07:29:00,44965.25,0.928
A002,A010,TRANSFERRED_TO,2026-08-01T18:30:00,22745.93,0.81
A009,A029,TRANSFERRED_TO,2026-08-02T05:31:00,17847.66,0.924
A016,A048,TRANSFERRED_TO,2026-08-03T16:32:00,4968.04,0.87
A023,A017,TRANSFERRED_TO,2026-08-04T03:33:00,32132.08,0.808
A030,A036,TRANSFERRED_TO,2026-08-05T14:34:00,350287.68,0.855
A037,A005,TRANSFERRED_TO,2026-08-06T01:35:00,39841.42,0.861
A044,A024,TRANSFERRED_TO,2026-08-07T12:36:00,33152.26,0.809
A001,A043,TRANSFERRED_TO,2026-08-08T23:37:00,42504.98,0.866
A008,A012,TRANSFERRED_TO,2026-08-09T10:38:00,2749.51,0.888
A015,A031,TRANSFERRED_TO,2026-08-10T21:39:00,31738.65,0.987
A022,A050,TRANSFERRED_TO,2026-08-11T08:40:00,20270.19,0.899
A029,A019,TRANSFERRED_TO,2026-08-12T19:41:00,36053.77,0.806
A036,A038,TRANSFERRED_TO,2026-08-13T06:42:00,23055.84,0.913
A043,A007,TRANSFERRED_TO,2026-08-14T17:43:00,14306.15,0.955
A050,A026,TRANSFERRED_TO,2026-08-15T04:44:00,26150.18,0.963
A007,A045,TRANSFERRED_TO,2026-08-16T15:45:00,14651.37,0.817
A014,A016,TRANSFERRED_TO,2026-08-17T02:46:00,3020.61,0.84
A021,A033,TRANSFERRED_TO,2026-08-18T13:47:00,28882.57,0.878
A028,A002,TRANSFERRED_TO,2026-08-19T00:48:00,30773.71,0.806
A035,A021,TRANSFERRED_TO,2026-08-20T11:49:00,23114.26,0.874
A042,A040,TRANSFERRED_TO,2026-08-21T22:50:00,20780.31,0.904
A049,A009,TRANSFERRED_TO,2026-08-22T09:51:00,3229.93,0.854
A006,A028,TRANSFERRED_TO,2026-08-23T20:52:00,35038.15,0.853
A013,A047,TRANSFERRED_TO,2026-08-24T07:53:00,39402.94,0.817
A020,A016,TRANSFERRED_TO,2026-08-25T18:54:00,30602.79,0.972
A027,A035,TRANSFERRED_TO,2026-08-26T05:55:00,30142.28,0.864
A034,A004,TRANSFERRED_TO,2026-08-27T16:56:00,9344.66,0.84
A041,A023,TRANSFERRED_TO,2026-08-28T03:57:00,20852.3,0.968
A048,A042,TRANSFERRED_TO,2026-08-29T14:58:00,38645.36,0.914
A005,A011,TRANSFERRED_TO,2026-08-30T01:59:00,32667.06,0.96
A012,A030,TRANSFERRED_TO,2026-08-01T12:00:00,43899.29,0.821
A019,A049,TRANSFERRED_TO,2026-08-02T23:01:00,32834.85,0.849
A026,A018,TRANSFERRED_TO,2026-08-03T10:02:00,39916.7,0.939
A033,A037,TRANSFERRED_TO,2026-08-04T21:03:00,208806.53,0.924
A040,A006,TRANSFERRED_TO,2026-08-05T08:04:00,17714.25,0.848
A047,A025,TRANSFERRED_TO,2026-08-06T19:05:00,16560.47,0.965
A004,A044,TRANSFERRED_TO,2026-08-07T06:06:00,8625.77,0.976
A011,A013,TRANSFERRED_TO,2026-08-08T17:07:00,26902.49,0.973
A018,A032,TRANSFERRED_TO,2026-08-09T04:08:00,15442.31,0.947
A025,A001,TRANSFERRED_TO,2026-08-10T15:09:00,35459.96,0.923
A032,A020,TRANSFERRED_TO,2026-08-11T02:10:00,8975.29,0.864
A039,A041,TRANSFERRED_TO,2026-08-12T13:11:00,3763.67,0.881
A046,A008,TRANSFERRED_TO,2026-08-13T00:12:00,19595.36,0.927
A003,A027,TRANSFERRED_TO,2026-08-14T11:13:00,7282.55,0.881
A010,A046,TRANSFERRED_TO,2026-08-15T22:14:00,32334.97,0.859
A017,A015,TRANSFERRED_TO,2026-08-16T09:15:00,20297.98,0.929
A024,A034,TRANSFERRED_TO,2026-08-17T20:16:00,17992.2,0.976
A031,A003,TRANSFERRED_TO,2026-08-18T07:17:00,15504.71,0.981
A038,A022,TRANSFERRED_TO,2026-08-19T18:18:00,42403.29,0.826
A045,A041,TRANSFERRED_TO,2026-08-20T05:19:00,40935.72,0.93
A002,A010,TRANSFERRED_TO,2026-08-21T16:20:00,22290.76,0.932
A009,A029,TRANSFERRED_TO,2026-08-22T03:21:00,17266.96,0.939
A016,A048,TRANSFERRED_TO,2026-08-23T14:22:00,42365.07,0.833
A023,A017,TRANSFERRED_TO,2026-08-24T01:23:00,19979.41,0.832
A030,A036,TRANSFERRED_TO,2026-08-25T12:24:00,15595.35,0.823
A037,A005,TRANSFERRED_TO,2026-08-26T23:25:00,38728.99,0.981
A044,A024,TRANSFERRED_TO,2026-08-27T10:26:00,29591.81,0.977
A001,A043,TRANSFERRED_TO,2026-08-28T21:27:00,11394.61,0.987
A008,A012,TRANSFERRED_TO,2026-08-29T08:28:00,39823.22,0.901
A015,A031,TRANSFERRED_TO,2026-08-30T19:29:00,43173.16,0.879
A022,A050,TRANSFERRED_TO,2026-08-01T06:30:00,36939.17,0.875
A029,A019,TRANSFERRED_TO,2026-08-02T17:31:00,24222.32,0.909
A036,A038,TRANSFERRED_TO,2026-08-03T04:32:00,247139.79,0.957
A043,A007,TRANSFERRED_TO,2026-08-04T15:33:00,33332.97,0.817
A050,A026,TRANSFERRED_TO,2026-08-05T02:34:00,30400.55,0.919
A007,A045,TRANSFERRED_TO,2026-08-06T13:35:00,4529.73,0.805
A014,A016,TRANSFERRED_TO,2026-08-07T00:36:00,41396.55,0.92
A021,A033,TRANSFERRED_TO,2026-08-08T11:37:00,41681.89,0.8
A028,A002,TRANSFERRED_TO,2026-08-09T22:38:00,6165.85,0.813
A035,A021,TRANSFERRED_TO,2026-08-10T09:39:00,35232.16,0.922
A042,A040,TRANSFERRED_TO,2026-08-11T20:40:00,12454.04,0.841
A049,A009,TRANSFERRED_TO,2026-08-12T07:41:00,43460.65,0.959
A006,A028,TRANSFERRED_TO,2026-08-13T18:42:00,10452.13,0.913
A013,A047,TRANSFERRED_TO,2026-08-14T05:43:00,39509.63,0.935
A020,A016,TRANSFERRED_TO,2026-08-15T16:44:00,22040.93,0.966
A027,A035,TRANSFERRED_TO,2026-08-16T03:45:00,41878.76,0.822
A034,A004,TRANSFERRED_TO,2026-08-17T14:46:00,20058.17,0.845
A041,A023,TRANSFERRED_TO,2026-08-18T01:47:00,12764.19,0.912
A048,A042,TRANSFERRED_TO,2026-08-19T12:48:00,33190.44,0.925
A005,A011,TRANSFERRED_TO,2026-08-20T23:49:00,24137.14,0.972
A012,A030,TRANSFERRED_TO,2026-08-21T10:50:00,21483.21,0.832
A019,A049,TRANSFERRED_TO,2026-08-22T21:51:00,28746.67,0.975
A026,A018,TRANSFERRED_TO,2026-08-23T08:52:00,12421.42,0.83
A033,A037,TRANSFERRED_TO,2026-08-24T19:53:00,25950.54,0.909
A040,A006,TRANSFERRED_TO,2026-08-25T06:54:00,7734.13,0.866
A047,A025,TRANSFERRED_TO,2026-08-26T17:55:00,11196.62,0.928
A004,A044,TRANSFERRED_TO,2026-08-27T04:56:00,38523.0,0.957
A011,A013,TRANSFERRED_TO,2026-08-28T15:57:00,30935.69,0.898
A018,A032,TRANSFERRED_TO,2026-08-29T02:58:00,13824.27,0.893
A025,A001,TRANSFERRED_TO,2026-08-30T13:59:00,27243.92,0.869
A032,A020,TRANSFERRED_TO,2026-08-01T00:00:00,37103.52,0.888
A039,A041,TRANSFERRED_TO,2026-08-02T11:01:00,397777.91,0.851
A046,A008,TRANSFERRED_TO,2026-08-03T22:02:00,16485.57,0.804
A003,A027,TRANSFERRED_TO,2026-08-04T09:03:00,20130.16,0.988
A010,A046,TRANSFERRED_TO,2026-08-05T20:04:00,26422.51,0.839
A017,A015,TRANSFERRED_TO,2026-08-06T07:05:00,20815.33,0.811
A024,A034,TRANSFERRED_TO,2026-08-07T18:06:00,16481.89,0.988
A031,A003,TRANSFERRED_TO,2026-08-08T05:07:00,41822.41,0.977
A038,A022,TRANSFERRED_TO,2026-08-09T16:08:00,16387.72,0.853
A045,A041,TRANSFERRED_TO,2026-08-10T03:09:00,12863.02,0.906
A002,A010,TRANSFERRED_TO,2026-08-11T14:10:00,21110.63,0.917
A009,A029,TRANSFERRED_TO,2026-08-12T01:11:00,40827.62,0.907
A016,A048,TRANSFERRED_TO,2026-08-13T12:12:00,34267.94,0.82
A023,A017,TRANSFERRED_TO,2026-08-14T23:13:00,24853.45,0.821
A030,A036,TRANSFERRED_TO,2026-08-15T10:14:00,8942.01,0.987
A037,A005,TRANSFERRED_TO,2026-08-16T21:15:00,30106.8,0.91
A044,A024,TRANSFERRED_TO,2026-08-17T08:16:00,23222.83,0.801
A001,A043,TRANSFERRED_TO,2026-08-18T19:17:00,3936.09,0.937
A008,A012,TRANSFERRED_TO,2026-08-19T06:18:00,29493.92,0.929
A015,A031,TRANSFERRED_TO,2026-08-20T17:19:00,10230.55,0.919
A022,A050,TRANSFERRED_TO,2026-08-21T04:20:00,6882.57,0.916
A029,A019,TRANSFERRED_TO,2026-08-22T15:21:00,23422.83,0.85
A036,A038,TRANSFERRED_TO,2026-08-23T02:22:00,6505.02,0.901
A043,A007,TRANSFERRED_TO,2026-08-24T13:23:00,12357.04,0.826
A050,A026,TRANSFERRED_TO,2026-08-25T00:24:00,18847.39,0.844
A007,A045,TRANSFERRED_TO,2026-08-26T11:25:00,21011.13,0.929
A014,A016,TRANSFERRED_TO,2026-08-27T22:26:00,20640.18,0.829
A021,A033,TRANSFERRED_TO,2026-08-28T09:27:00,41600.45,0.939
A028,A002,TRANSFERRED_TO,2026-08-29T20:28:00,17511.64,0.867
A035,A021,TRANSFERRED_TO,2026-08-30T07:29:00,37943.35,0.922
A042,A040,TRANSFERRED_TO,2026-08-01T18:30:00,190652.71,0.904
A049,A009,TRANSFERRED_TO,2026-08-02T05:31:00,22708.36,0.948
A006,A028,TRANSFERRED_TO,2026-08-03T16:32:00,44229.85,0.83
A013,A047,TRANSFERRED_TO,2026-08-04T03:33:00,37033.63,0.858
A020,A016,TRANSFERRED_TO,2026-08-05T14:34:00,39802.56,0.825
A027,A035,TRANSFERRED_TO,2026-08-06T01:35:00,35311.41,0.835
A034,A004,TRANSFERRED_TO,2026-08-07T12:36:00,23572.6,0.914
A041,A023,TRANSFERRED_TO,2026-08-08T23:37:00,41537.03,0.97
A048,A042,TRANSFERRED_TO,2026-08-09T10:38:00,18480.7,0.929
A005,A011,TRANSFERRED_TO,2026-08-10T21:39:00,12891.93,0.933
A012,A030,TRANSFERRED_TO,2026-08-11T08:40:00,9128.46,0.932
A019,A049,TRANSFERRED_TO,2026-08-12T19:41:00,26589.32,0.928
A026,A018,TRANSFERRED_TO,2026-08-13T06:42:00,19931.33,0.935
A033,A037,TRANSFERRED_TO,2026-08-14T17:43:00,34516.6,0.917
A040,A006,TRANSFERRED_TO,2026-08-15T04:44:00,15714.77,0.912
A047,A025,TRANSFERRED_TO,2026-08-16T15:45:00,17322.21,0.81
A004,A044,TRANSFERRED_TO,2026-08-17T02:46:00,25140.19,0.845
A011,A013,TRANSFERRED_TO,2026-08-18T13:47:00,19715.15,0.985
A018,A032,TRANSFERRED_TO,2026-08-19T00:48:00,35868.9,0.954
A025,A001,TRANSFERRED_TO,2026-08-20T11:49:00,18205.88,0.912
A032,A020,TRANSFERRED_TO,2026-08-21T22:50:00,42259.7,0.879
A039,A041,TRANSFERRED_TO,2026-08-22T09:51:00,30069.87,0.96
A046,A008,TRANSFERRED_TO,2026-08-23T20:52:00,42317.32,0.931
A003,A027,TRANSFERRED_TO,2026-08-24T07:53:00,29941.2,0.864
A010,A046,TRANSFERRED_TO,2026-08-25T18:54:00,10343.28,0.877
A017,A015,TRANSFERRED_TO,2026-08-26T05:55:00,27344.57,0.893
A024,A034,TRANSFERRED_TO,2026-08-27T16:56:00,11445.58,0.956
A031,A003,TRANSFERRED_TO,2026-08-28T03:57:00,20318.93,0.838
A038,A022,TRANSFERRED_TO,2026-08-29T14:58:00,3459.29,0.871
A045,A041,TRANSFERRED_TO,2026-08-30T01:59:00,388091.79,0.844
A002,A010,TRANSFERRED_TO,2026-08-01T12:00:00,43888.03,0.967
A009,A029,TRANSFERRED_TO,2026-08-02T23:01:00,35933.4,0.868
A016,A048,TRANSFERRED_TO,2026-08-03T10:02:00,10042.24,0.806
A023,A017,TRANSFERRED_TO,2026-08-04T21:03:00,35650.67,0.919
A030,A036,TRANSFERRED_TO,2026-08-05T08:04:00,7325.57,0.982
A037,A005,TRANSFERRED_TO,2026-08-06T19:05:00,24961.67,0.935
A044,A024,TRANSFERRED_TO,2026-08-07T06:06:00,29792.14,0.854
A001,A043,TRANSFERRED_TO,2026-08-08T17:07:00,9634.17,0.976
A008,A012,TRANSFERRED_TO,2026-08-09T04:08:00,35068.52,0.954
A015,A031,TRANSFERRED_TO,2026-08-10T15:09:00,23037.27,0.929
A022,A050,TRANSFERRED_TO,2026-08-11T02:10:00,24077.18,0.954
A029,A019,TRANSFERRED_TO,2026-08-12T13:11:00,32438.35,0.922
A036,A038,TRANSFERRED_TO,2026-08-13T00:12:00,4365.42,0.847
A043,A007,TRANSFERRED_TO,2026-08-14T11:13:00,28509.47,0.913
A050,A026,TRANSFERRED_TO,2026-08-15T22:14:00,17670.39,0.982
A007,A045,TRANSFERRED_TO,2026-08-16T09:15:00,40183.48,0.868
A014,A016,TRANSFERRED_TO,2026-08-17T20:16:00,6413.98,0.865
A021,A033,TRANSFERRED_TO,2026-08-18T07:17:00,4740.53,0.983
A028,A002,TRANSFERRED_TO,2026-08-19T18:18:00,22020.58,0.936
A035,A021,TRANSFERRED_TO,2026-08-20T05:19:00,20603.49,0.815
A042,A040,TRANSFERRED_TO,2026-08-21T16:20:00,26207.08,0.986
A049,A009,TRANSFERRED_TO,2026-08-22T03:21:00,6921.87,0.955
A006,A028,TRANSFERRED_TO,2026-08-23T14:22:00,28515.99,0.855
A013,A047,TRANSFERRED_TO,2026-08-24T01:23:00,31777.26,0.955
A020,A016,TRANSFERRED_TO,2026-08-25T12:24:00,34056.17,0.87
A027,A035,TRANSFERRED_TO,2026-08-26T23:25:00,40301.39,0.889
A034,A004,TRANSFERRED_TO,2026-08-27T10:26:00,41810.12,0.897
A041,A023,TRANSFERRED_TO,2026-08-28T21:27:00,35047.8,0.811
A048,A042,TRANSFERRED_TO,2026-08-29T08:28:00,284847.26,0.956
A005,A011,TRANSFERRED_TO,2026-08-30T19:29:00,40575.81,0.824
A012,A030,TRANSFERRED_TO,2026-08-01T06:30:00,41491.02,0.948
A019,A049,TRANSFERRED_TO,2026-08-02T17:31:00,24998.88,0.82
A026,A018,TRANSFERRED_TO,2026-08-03T04:32:00,33250.25,0.836
A033,A037,TRANSFERRED_TO,2026-08-04T15:33:00,12494.57,0.823
A040,A006,TRANSFERRED_TO,2026-08-05T02:34:00,22065.49,0.966
A047,A025,TRANSFERRED_TO,2026-08-06T13:35:00,38864.37,0.86
A004,A044,TRANSFERRED_TO,2026-08-07T00:36:00,35090.74,0.914
A011,A013,TRANSFERRED_TO,2026-08-08T11:37:00,13106.43,0.941
A018,A032,TRANSFERRED_TO,2026-08-09T22:38:00,18906.4,0.826
A025,A001,TRANSFERRED_TO,2026-08-10T09:39:00,33292.31,0.975
A032,A020,TRANSFERRED_TO,2026-08-11T20:40:00,6275.1,0.822
A039,A041,TRANSFERRED_TO,2026-08-12T07:41:00,27425.16,0.872
A046,A008,TRANSFERRED_TO,2026-08-13T18:42:00,25645.88,0.849
A003,A027,TRANSFERRED_TO,2026-08-14T05:43:00,20419.93,0.9
A010,A046,TRANSFERRED_TO,2026-08-15T16:44:00,16306.97,0.93
A017,A015,TRANSFERRED_TO,2026-08-16T03:45:00,11720.82,0.924
A024,A034,TRANSFERRED_TO,2026-08-17T14:46:00,33122.69,0.981
A031,A003,TRANSFERRED_TO,2026-08-18T01:47:00,44358.0,0.864
A038,A022,TRANSFERRED_TO,2026-08-19T12:48:00,29779.91,0.869
A045,A041,TRANSFERRED_TO,2026-08-20T23:49:00,35210.19,0.802
A002,A010,TRANSFERRED_TO,2026-08-21T10:50:00,39568.65,0.945
A009,A029,TRANSFERRED_TO,2026-08-22T21:51:00,12802.83,0.861
A016,A048,TRANSFERRED_TO,2026-08-23T08:52:00,42576.95,0.886
A023,A017,TRANSFERRED_TO,2026-08-24T19:53:00,11884.61,0.88
A030,A036,TRANSFERRED_TO,2026-08-25T06:54:00,32056.11,0.931
A037,A005,TRANSFERRED_TO,2026-08-26T17:55:00,11417.93,0.956
A044,A024,TRANSFERRED_TO,2026-08-27T04:56:00,6967.51,0.846
A001,A043,TRANSFERRED_TO,2026-08-28T15:57:00,299394.32,0.81
A008,A012,TRANSFERRED_TO,2026-08-29T02:58:00,36276.52,0.929
A015,A031,TRANSFERRED_TO,2026-08-30T13:59:00,39539.07,0.96
A022,A050,TRANSFERRED_TO,2026-08-01T00:00:00,40063.33,0.827
A029,A019,TRANSFERRED_TO,2026-08-02T11:01:00,24947.77,0.809
A036,A038,TRANSFERRED_TO,2026-08-03T22:02:00,30034.37,0.831
A043,A007,TRANSFERRED_TO,2026-08-04T09:03:00,17299.35,0.976
A050,A026,TRANSFERRED_TO,2026-08-05T20:04:00,21841.86,0.885
A007,A045,TRANSFERRED_TO,2026-08-06T07:05:00,37279.33,0.901
A014,A016,TRANSFERRED_TO,2026-08-07T18:06:00,23978.18,0.932
A021,A033,TRANSFERRED_TO,2026-08-08T05:07:00,33385.95,0.983
A028,A002,TRANSFERRED_TO,2026-08-09T16:08:00,31238.79,0.987
A035,A021,TRANSFERRED_TO,2026-08-10T03:09:00,23208.96,0.924
A042,A040,TRANSFERRED_TO,2026-08-11T14:10:00,21872.79,0.829
A049,A009,TRANSFERRED_TO,2026-08-12T01:11:00,7005.2,0.989
A006,A028,TRANSFERRED_TO,2026-08-13T12:12:00,10225.04,0.873
A013,A047,TRANSFERRED_TO,2026-08-14T23:13:00,11564.09,0.828
A020,A016,TRANSFERRED_TO,2026-08-15T10:14:00,5626.65,0.928
A027,A035,TRANSFERRED_TO,2026-08-16T21:15:00,38589.66,0.855
A034,A004,TRANSFERRED_TO,2026-08-17T08:16:00,10890.01,0.861
A041,A023,TRANSFERRED_TO,2026-08-18T19:17:00,40511.04,0.931
A048,A042,TRANSFERRED_TO,2026-08-19T06:18:00,24986.75,0.848
A005,A011,TRANSFERRED_TO,2026-08-20T17:19:00,42137.29,0.818
A012,A030,TRANSFERRED_TO,2026-08-21T04:20:00,40039.48,0.898
A019,A049,TRANSFERRED_TO,2026-08-22T15:21:00,31874.31,0.946
A026,A018,TRANSFERRED_TO,2026-08-23T02:22:00,40855.66,0.802
A033,A037,TRANSFERRED_TO,2026-08-24T13:23:00,21943.18,0.894
A040,A006,TRANSFERRED_TO,2026-08-25T00:24:00,41124.77,0.933
A047,A025,TRANSFERRED_TO,2026-08-26T11:25:00,15910.23,0.899
A004,A044,TRANSFERRED_TO,2026-08-27T22:26:00,148125.89,0.923
A011,A013,TRANSFERRED_TO,2026-08-28T09:27:00,26086.94,0.837
A018,A032,TRANSFERRED_TO,2026-08-29T20:28:00,18012.58,0.814
A025,A001,TRANSFERRED_TO,2026-08-30T07:29:00,10065.57,0.914
A032,A020,TRANSFERRED_TO,2026-08-01T18:30:00,11421.47,0.894
A039,A041,TRANSFERRED_TO,2026-08-02T05:31:00,39360.6,0.851
A046,A008,TRANSFERRED_TO,2026-08-03T16:32:00,43224.48,0.854
A003,A027,TRANSFERRED_TO,2026-08-04T03:33:00,41596.61,0.883
A010,A046,TRANSFERRED_TO,2026-08-05T14:34:00,35148.77,0.838
A017,A015,TRANSFERRED_TO,2026-08-06T01:35:00,12873.49,0.937
A024,A034,TRANSFERRED_TO,2026-08-07T12:36:00,40389.66,0.814
A031,A003,TRANSFERRED_TO,2026-08-08T23:37:00,7844.8,0.931
A038,A022,TRANSFERRED_TO,2026-08-09T10:38:00,40629.31,0.909
A045,A041,TRANSFERRED_TO,2026-08-10T21:39:00,21494.15,0.822
A002,A010,TRANSFERRED_TO,2026-08-11T08:40:00,35964.02,0.911
A009,A029,TRANSFERRED_TO,2026-08-12T19:41:00,28289.16,0.932
A016,A048,TRANSFERRED_TO,2026-08-13T06:42:00,31068.81,0.879
A023,A017,TRANSFERRED_TO,2026-08-14T17:43:00,11375.04,0.907
A030,A036,TRANSFERRED_TO,2026-08-15T04:44:00,33602.68,0.88
A037,A005,TRANSFERRED_TO,2026-08-16T15:45:00,21287.01,0.812
A044,A024,TRANSFERRED_TO,2026-08-17T02:46:00,37140.8,0.801
A001,A043,TRANSFERRED_TO,2026-08-18T13:47:00,39192.81,0.883
A008,A012,TRANSFERRED_TO,2026-08-19T00:48:00,30530.42,0.836
A015,A031,TRANSFERRED_TO,2026-08-20T11:49:00,38434.3,0.937
A022,A050,TRANSFERRED_TO,2026-08-21T22:50:00,7462.07,0.87
A029,A019,TRANSFERRED_TO,2026-08-22T09:51:00,20184.14,0.874
A036,A038,TRANSFERRED_TO,2026-08-23T20:52:00,33024.6,0.897
A043,A007,TRANSFERRED_TO,2026-08-24T07:53:00,9857.1,0.82
A050,A026,TRANSFERRED_TO,2026-08-25T18:54:00,42724.14,0.867
A007,A045,TRANSFERRED_TO,2026-08-26T05:55:00,403196.24,0.942
A014,A016,TRANSFERRED_TO,2026-08-27T16:56:00,33193.47,0.934
A021,A033,TRANSFERRED_TO,2026-08-28T03:57:00,31648.88,0.89
A028,A002,TRANSFERRED_TO,2026-08-29T14:58:00,27028.86,0.906
A035,A021,TRANSFERRED_TO,2026-08-30T01:59:00,15246.74,0.847
A042,A040,TRANSFERRED_TO,2026-08-01T12:00:00,26277.97,0.911
A049,A009,TRANSFERRED_TO,2026-08-02T23:01:00,19061.42,0.826
A006,A028,TRANSFERRED_TO,2026-08-03T10:02:00,24959.24,0.919
A013,A047,TRANSFERRED_TO,2026-08-04T21:03:00,37435.02,0.917
A020,A016,TRANSFERRED_TO,2026-08-05T08:04:00,10975.78,0.982
A027,A035,TRANSFERRED_TO,2026-08-06T19:05:00,30192.49,0.949
A034,A004,TRANSFERRED_TO,2026-08-07T06:06:00,28440.83,0.865
A041,A023,TRANSFERRED_TO,2026-08-08T17:07:00,38057.87,0.832
A048,A042,TRANSFERRED_TO,2026-08-09T04:08:00,10944.01,0.822
A005,A011,TRANSFERRED_TO,2026-08-10T15:09:00,28906.44,0.808
A012,A030,TRANSFERRED_TO,2026-08-11T02:10:00,16484.92,0.859
A019,A049,TRANSFERRED_TO,2026-08-12T13:11:00,36679.25,0.847
A026,A018,TRANSFERRED_TO,2026-08-13T00:12:00,37131.3,0.815
A033,A037,TRANSFERRED_TO,2026-08-14T11:13:00,8173.1,0.88
A040,A006,TRANSFERRED_TO,2026-08-15T22:14:00,26727.71,0.954
A047,A025,TRANSFERRED_TO,2026-08-16T09:15:00,20851.87,0.831
A004,A044,TRANSFERRED_TO,2026-08-17T20:16:00,42943.13,0.979
A011,A013,TRANSFERRED_TO,2026-08-18T07:17:00,13507.94,0.937
A018,A032,TRANSFERRED_TO,2026-08-19T18:18:00,4518.37,0.805
A025,A001,TRANSFERRED_TO,2026-08-20T05:19:00,44587.67,0.861
A032,A020,TRANSFERRED_TO,2026-08-21T16:20:00,19810.57,0.89
A039,A041,TRANSFERRED_TO,2026-08-22T03:21:00,4334.4,0.977
A046,A008,TRANSFERRED_TO,2026-08-23T14:22:00,30869.91,0.989
A003,A027,TRANSFERRED_TO,2026-08-24T01:23:00,11654.03,0.863
A010,A046,TRANSFERRED_TO,2026-08-25T12:24:00,426395.59,0.948
A017,A015,TRANSFERRED_TO,2026-08-26T23:25:00,38565.81,0.988
A024,A034,TRANSFERRED_TO,2026-08-27T10:26:00,29615.89,0.805
A031,A003,TRANSFERRED_TO,2026-08-28T21:27:00,19845.26,0.829
A038,A022,TRANSFERRED_TO,2026-08-29T08:28:00,14984.93,0.968
A045,A041,TRANSFERRED_TO,2026-08-30T19:29:00,33401.13,0.812
A002,A010,TRANSFERRED_TO,2026-08-01T06:30:00,43853.62,0.926
A009,A029,TRANSFERRED_TO,2026-08-02T17:31:00,4802.42,0.805
A016,A048,TRANSFERRED_TO,2026-08-03T04:32:00,33719.59,0.957
A023,A017,TRANSFERRED_TO,2026-08-04T15:33:00,37474.99,0.963
A030,A036,TRANSFERRED_TO,2026-08-05T02:34:00,13246.13,0.865
A037,A005,TRANSFERRED_TO,2026-08-06T13:35:00,14945.93,0.887
A044,A024,TRANSFERRED_TO,2026-08-07T00:36:00,14054.33,0.834
A001,A043,TRANSFERRED_TO,2026-08-08T11:37:00,36666.38,0.846
A008,A012,TRANSFERRED_TO,2026-08-09T22:38:00,5124.71,0.845
A015,A031,TRANSFERRED_TO,2026-08-10T09:39:00,8232.53,0.831
A022,A050,TRANSFERRED_TO,2026-08-11T20:40:00,27671.66,0.833
A029,A019,TRANSFERRED_TO,2026-08-12T07:41:00,28526.26,0.909
A036,A038,TRANSFERRED_TO,2026-08-13T18:42:00,24243.76,0.982
A043,A007,TRANSFERRED_TO,2026-08-14T05:43:00,42504.29,0.887
A050,A026,TRANSFERRED_TO,2026-08-15T16:44:00,12069.55,0.961
A007,A045,TRANSFERRED_TO,2026-08-16T03:45:00,8736.32,0.936
A014,A016,TRANSFERRED_TO,2026-08-17T14:46:00,12269.33,0.919
A021,A033,TRANSFERRED_TO,2026-08-18T01:47:00,34613.87,0.82
A028,A002,TRANSFERRED_TO,2026-08-19T12:48:00,5828.18,0.952
A035,A021,TRANSFERRED_TO,2026-08-20T23:49:00,21454.93,0.843
A042,A040,TRANSFERRED_TO,2026-08-21T10:50:00,29229.78,0.918
A049,A009,TRANSFERRED_TO,2026-08-22T21:51:00,44949.68,0.894
A006,A028,TRANSFERRED_TO,2026-08-23T08:52:00,25132.52,0.98
A013,A047,TRANSFERRED_TO,2026-08-24T19:53:00,417909.57,0.886
A020,A016,TRANSFERRED_TO,2026-08-25T06:54:00,26928.5,0.865
A027,A035,TRANSFERRED_TO,2026-08-26T17:55:00,21098.85,0.826
A034,A004,TRANSFERRED_TO,2026-08-27T04:56:00,34435.46,0.909
A041,A023,TRANSFERRED_TO,2026-08-28T15:57:00,41334.4,0.923
A048,A042,TRANSFERRED_TO,2026-08-29T02:58:00,11788.71,0.979
A005,A011,TRANSFERRED_TO,2026-08-30T13:59:00,35691.58,0.864
A012,A030,TRANSFERRED_TO,2026-08-01T00:00:00,37121.12,0.984
A019,A049,TRANSFERRED_TO,2026-08-02T11:01:00,11957.19,0.847
A026,A018,TRANSFERRED_TO,2026-08-03T22:02:00,11850.75,0.882
A033,A037,TRANSFERRED_TO,2026-08-04T09:03:00,27958.1,0.805
A040,A006,TRANSFERRED_TO,2026-08-05T20:04:00,34405.57,0.864
A047,A025,TRANSFERRED_TO,2026-08-06T07:05:00,10802.85,0.889
A004,A044,TRANSFERRED_TO,2026-08-07T18:06:00,19207.17,0.88
A011,A013,TRANSFERRED_TO,2026-08-08T05:07:00,42380.49,0.952
A018,A032,TRANSFERRED_TO,2026-08-09T16:08:00,34094.42,0.982
A025,A001,TRANSFERRED_TO,2026-08-10T03:09:00,38623.98,0.872
A032,A020,TRANSFERRED_TO,2026-08-11T14:10:00,15691.68,0.877
A039,A041,TRANSFERRED_TO,2026-08-12T01:11:00,14785.95,0.914
A046,A008,TRANSFERRED_TO,2026-08-13T12:12:00,39950.35,0.964
A003,A027,TRANSFERRED_TO,2026-08-14T23:13:00,34065.49,0.928
A010,A046,TRANSFERRED_TO,2026-08-15T10:14:00,13918.09,0.842
A017,A015,TRANSFERRED_TO,2026-08-16T21:15:00,43161.8,0.89
A024,A034,TRANSFERRED_TO,2026-08-17T08:16:00,41041.92,0.915
A031,A003,TRANSFERRED_TO,2026-08-18T19:17:00,21277.68,0.829
A038,A022,TRANSFERRED_TO,2026-08-19T06:18:00,28934.34,0.825
A045,A041,TRANSFERRED_TO,2026-08-20T17:19:00,34678.11,0.904
A002,A010,TRANSFERRED_TO,2026-08-21T04:20:00,6484.72,0.852
A009,A029,TRANSFERRED_TO,2026-08-22T15:21:00,39452.98,0.924
A016,A048,TRANSFERRED_TO,2026-08-23T02:22:00,216141.54,0.985
A023,A017,TRANSFERRED_TO,2026-08-24T13:23:00,32991.68,0.864
A030,A036,TRANSFERRED_TO,2026-08-25T00:24:00,17475.54,0.973
A037,A005,TRANSFERRED_TO,2026-08-26T11:25:00,8148.68,0.959
A044,A024,TRANSFERRED_TO,2026-08-27T22:26:00,5136.01,0.987
A001,A043,TRANSFERRED_TO,2026-08-28T09:27:00,29735.84,0.866
A008,A012,TRANSFERRED_TO,2026-08-29T20:28:00,32212.06,0.83
A015,A031,TRANSFERRED_TO,2026-08-30T07:29:00,44224.01,0.893
A022,A050,TRANSFERRED_TO,2026-08-01T18:30:00,2909.04,0.839
A029,A019,TRANSFERRED_TO,2026-08-02T05:31:00,33661.76,0.839
A036,A038,TRANSFERRED_TO,2026-08-03T16:32:00,11227.49,0.86
A043,A007,TRANSFERRED_TO,2026-08-04T03:33:00,24740.92,0.853
A050,A026,TRANSFERRED_TO,2026-08-05T14:34:00,12397.73,0.845
A007,A045,TRANSFERRED_TO,2026-08-06T01:35:00,6691.42,0.884
A014,A016,TRANSFERRED_TO,2026-08-07T12:36:00,39198.97,0.841
A021,A033,TRANSFERRED_TO,2026-08-08T23:37:00,42498.55,0.861
A028,A002,TRANSFERRED_TO,2026-08-09T10:38:00,14681.41,0.887
A035,A021,TRANSFERRED_TO,2026-08-10T21:39:00,39478.2,0.866
A042,A040,TRANSFERRED_TO,2026-08-11T08:40:00,32561.74,0.922
A049,A009,TRANSFERRED_TO,2026-08-12T19:41:00,42915.86,0.923
A006,A028,TRANSFERRED_TO,2026-08-13T06:42:00,17891.07,0.935
A013,A047,TRANSFERRED_TO,2026-08-14T17:43:00,26056.3,0.823
A020,A016,TRANSFERRED_TO,2026-08-15T04:44:00,37599.84,0.938
A027,A035,TRANSFERRED_TO,2026-08-16T15:45:00,3510.05,0.957
A034,A004,TRANSFERRED_TO,2026-08-17T02:46:00,38847.08,0.946
A041,A023,TRANSFERRED_TO,2026-08-18T13:47:00,6021.85,0.93
A048,A042,TRANSFERRED_TO,2026-08-19T00:48:00,27044.89,0.965
A005,A011,TRANSFERRED_TO,2026-08-20T11:49:00,3567.73,0.921
A012,A030,TRANSFERRED_TO,2026-08-21T22:50:00,34065.33,0.877
A019,A049,TRANSFERRED_TO,2026-08-22T09:51:00,185874.72,0.908
A026,A018,TRANSFERRED_TO,2026-08-23T20:52:00,32665.67,0.865
A033,A037,TRANSFERRED_TO,2026-08-24T07:53:00,17366.63,0.807
A040,A006,TRANSFERRED_TO,2026-08-25T18:54:00,12615.58,0.844
A047,A025,TRANSFERRED_TO,2026-08-26T05:55:00,14269.02,0.914
A004,A044,TRANSFERRED_TO,2026-08-27T16:56:00,35440.35,0.872
A011,A013,TRANSFERRED_TO,2026-08-28T03:57:00,6917.61,0.94
A018,A032,TRANSFERRED_TO,2026-08-29T14:58:00,34461.55,0.931
A025,A001,TRANSFERRED_TO,2026-08-30T01:59:00,24542.09,0.903
A032,A020,TRANSFERRED_TO,2026-08-01T12:00:00,5822.84,0.933
A039,A041,TRANSFERRED_TO,2026-08-02T23:01:00,8279.79,0.894
A046,A008,TRANSFERRED_TO,2026-08-03T10:02:00,17992.05,0.954
A003,A027,TRANSFERRED_TO,2026-08-04T21:03:00,38374.69,0.953
A010,A046,TRANSFERRED_TO,2026-08-05T08:04:00,35570.26,0.886
A017,A015,TRANSFERRED_TO,2026-08-06T19:05:00,4182.77,0.907
A024,A034,TRANSFERRED_TO,2026-08-07T06:06:00,24404.44,0.961
A031,A003,TRANSFERRED_TO,2026-08-08T17:07:00,19939.66,0.895
A038,A022,TRANSFERRED_TO,2026-08-09T04:08:00,15263.58,0.945
A045,A041,TRANSFERRED_TO,2026-08-10T15:09:00,19530.13,0.984
A002,A010,TRANSFERRED_TO,2026-08-11T02:10:00,14710.97,0.878
A009,A029,TRANSFERRED_TO,2026-08-12T13:11:00,19034.89,0.823
A016,A048,TRANSFERRED_TO,2026-08-13T00:12:00,12921.71,0.954
A023,A017,TRANSFERRED_TO,2026-08-14T11:13:00,24698.91,0.918
A030,A036,TRANSFERRED_TO,2026-08-15T22:14:00,21343.33,0.866
A037,A005,TRANSFERRED_TO,2026-08-16T09:15:00,28941.21,0.805
A044,A024,TRANSFERRED_TO,2026-08-17T20:16:00,24965.41,0.812
A001,A043,TRANSFERRED_TO,2026-08-18T07:17:00,11934.74,0.809
A008,A012,TRANSFERRED_TO,2026-08-19T18:18:00,30897.68,0.842
A015,A031,TRANSFERRED_TO,2026-08-20T05:19:00,9532.05,0.922
A022,A050,TRANSFERRED_TO,2026-08-21T16:20:00,155201.26,0.883
A029,A019,TRANSFERRED_TO,2026-08-22T03:21:00,15184.65,0.944
A036,A038,TRANSFERRED_TO,2026-08-23T14:22:00,17059.17,0.923
A043,A007,TRANSFERRED_TO,2026-08-24T01:23:00,40965.67,0.839
A050,A026,TRANSFERRED_TO,2026-08-25T12:24:00,6069.49,0.864
A007,A045,TRANSFERRED_TO,2026-08-26T23:25:00,33895.22,0.927
A014,A016,TRANSFERRED_TO,2026-08-27T10:26:00,44584.38,0.843
A021,A033,TRANSFERRED_TO,2026-08-28T21:27:00,22768.12,0.959
A028,A002,TRANSFERRED_TO,2026-08-29T08:28:00,30267.03,0.849
A035,A021,TRANSFERRED_TO,2026-08-30T19:29:00,33287.65,0.909
A042,A040,TRANSFERRED_TO,2026-08-01T06:30:00,18367.71,0.952
A049,A009,TRANSFERRED_TO,2026-08-02T17:31:00,33577.08,0.846
A006,A028,TRANSFERRED_TO,2026-08-03T04:32:00,15238.44,0.9
A013,A047,TRANSFERRED_TO,2026-08-04T15:33:00,9578.65,0.975
A020,A016,TRANSFERRED_TO,2026-08-05T02:34:00,16092.54,0.842
A027,A035,TRANSFERRED_TO,2026-08-06T13:35:00,23806.04,0.831
A034,A004,TRANSFERRED_TO,2026-08-07T00:36:00,44954.18,0.819
A041,A023,TRANSFERRED_TO,2026-08-08T11:37:00,7546.42,0.865
A048,A042,TRANSFERRED_TO,2026-08-09T22:38:00,27308.8,0.919
A005,A011,TRANSFERRED_TO,2026-08-10T09:39:00,39793.54,0.981
A012,A030,TRANSFERRED_TO,2026-08-11T20:40:00,32247.58,0.914
A019,A049,TRANSFERRED_TO,2026-08-12T07:41:00,36397.88,0.837
A026,A018,TRANSFERRED_TO,2026-08-13T18:42:00,33512.83,0.823
A033,A037,TRANSFERRED_TO,2026-08-14T05:43:00,2508.64,0.9
A040,A006,TRANSFERRED_TO,2026-08-15T16:44:00,2791.49,0.877
A047,A025,TRANSFERRED_TO,2026-08-16T03:45:00,34482.21,0.988
A004,A044,TRANSFERRED_TO,2026-08-17T14:46:00,17860.28,0.981
A011,A013,TRANSFERRED_TO,2026-08-18T01:47:00,44094.37,0.816
A018,A032,TRANSFERRED_TO,2026-08-19T12:48:00,19649.79,0.851
A025,A001,TRANSFERRED_TO,2026-08-20T23:49:00,423407.47,0.916
A032,A020,TRANSFERRED_TO,2026-08-21T10:50:00,43802.62,0.876
A039,A041,TRANSFERRED_TO,2026-08-22T21:51:00,3422.86,0.946
A046,A008,TRANSFERRED_TO,2026-08-23T08:52:00,40703.51,0.985
A003,A027,TRANSFERRED_TO,2026-08-24T19:53:00,8833.68,0.915
A010,A046,TRANSFERRED_TO,2026-08-25T06:54:00,11160.34,0.834
A017,A015,TRANSFERRED_TO,2026-08-26T17:55:00,37184.86,0.934
A024,A034,TRANSFERRED_TO,2026-08-27T04:56:00,24394.54,0.936
A031,A003,TRANSFERRED_TO,2026-08-28T15:57:00,22432.33,0.849
A038,A022,TRANSFERRED_TO,2026-08-29T02:58:00,25712.84,0.822
A045,A041,TRANSFERRED_TO,2026-08-30T13:59:00,34741.55,0.897
A002,A010,TRANSFERRED_TO,2026-08-01T00:00:00,22451.32,0.845
A009,A029,TRANSFERRED_TO,2026-08-02T11:01:00,11829.79,0.949
A016,A048,TRANSFERRED_TO,2026-08-03T22:02:00,37804.32,0.909
A023,A017,TRANSFERRED_TO,2026-08-04T09:03:00,25171.79,0.809
A030,A036,TRANSFERRED_TO,2026-08-05T20:04:00,9648.58,0.94
A037,A005,TRANSFERRED_TO,2026-08-06T07:05:00,17188.82,0.896
A044,A024,TRANSFERRED_TO,2026-08-07T18:06:00,9990.85,0.927
A001,A043,TRANSFERRED_TO,2026-08-08T05:07:00,20926.53,0.877
A008,A012,TRANSFERRED_TO,2026-08-09T16:08:00,34968.38,0.831
A015,A031,TRANSFERRED_TO,2026-08-10T03:09:00,32669.6,0.984
A022,A050,TRANSFERRED_TO,2026-08-11T14:10:00,9985.05,0.916
A029,A019,TRANSFERRED_TO,2026-08-12T01:11:00,38363.07,0.949
A036,A038,TRANSFERRED_TO,2026-08-13T12:12:00,16411.64,0.864
A043,A007,TRANSFERRED_TO,2026-08-14T23:13:00,2719.51,0.914
A050,A026,TRANSFERRED_TO,2026-08-15T10:14:00,24665.05,0.985
A007,A045,TRANSFERRED_TO,2026-08-16T21:15:00,14630.1,0.872
A014,A016,TRANSFERRED_TO,2026-08-17T08:16:00,34642.73,0.819
A021,A033,TRANSFERRED_TO,2026-08-18T19:17:00,7082.94,0.868
A028,A002,TRANSFERRED_TO,2026-08-19T06:18:00,408264.77,0.802
A035,A021,TRANSFERRED_TO,2026-08-20T17:19:00,37285.03,0.894
A042,A040,TRANSFERRED_TO,2026-08-21T04:20:00,24892.38,0.923
A049,A009,TRANSFERRED_TO,2026-08-22T15:21:00,36088.38,0.868
A006,A028,TRANSFERRED_TO,2026-08-23T02:22:00,12846.75,0.824
A013,A047,TRANSFERRED_TO,2026-08-24T13:23:00,3348.64,0.908
A020,A016,TRANSFERRED_TO,2026-08-25T00:24:00,32454.35,0.845
A027,A035,TRANSFERRED_TO,2026-08-26T11:25:00,2500.86,0.823
A034,A004,TRANSFERRED_TO,2026-08-27T22:26:00,12174.97,0.928
A041,A023,TRANSFERRED_TO,2026-08-28T09:27:00,13613.93,0.912
A048,A042,TRANSFERRED_TO,2026-08-29T20:28:00,27227.39,0.908
A005,A011,TRANSFERRED_TO,2026-08-30T07:29:00,14996.3,0.819
A012,A030,TRANSFERRED_TO,2026-08-01T18:30:00,4844.19,0.979
A019,A049,TRANSFERRED_TO,2026-08-02T05:31:00,17268.49,0.837
A026,A018,TRANSFERRED_TO,2026-08-03T16:32:00,7036.52,0.866
A033,A037,TRANSFERRED_TO,2026-08-04T03:33:00,16127.91,0.965
A040,A006,TRANSFERRED_TO,2026-08-05T14:34:00,14374.35,0.967
A047,A025,TRANSFERRED_TO,2026-08-06T01:35:00,7816.42,0.824
A004,A044,TRANSFERRED_TO,2026-08-07T12:36:00,15534.25,0.9
A011,A013,TRANSFERRED_TO,2026-08-08T23:37:00,34708.48,0.947
A018,A032,TRANSFERRED_TO,2026-08-09T10:38:00,6158.52,0.954
A025,A001,TRANSFERRED_TO,2026-08-10T21:39:00,23025.31,0.874
A032,A020,TRANSFERRED_TO,2026-08-11T08:40:00,43234.55,0.918
A039,A041,TRANSFERRED_TO,2026-08-12T19:41:00,20996.54,0.93
A046,A008,TRANSFERRED_TO,2026-08-13T06:42:00,16423.05,0.957
A003,A027,TRANSFERRED_TO,2026-08-14T17:43:00,7979.6,0.932
A010,A046,TRANSFERRED_TO,2026-08-15T04:44:00,29961.26,0.914
A017,A015,TRANSFERRED_TO,2026-08-16T15:45:00,39618.47,0.98
A024,A034,TRANSFERRED_TO,2026-08-17T02:46:00,29379.33,0.964
A031,A003,TRANSFERRED_TO,2026-08-18T13:47:00,288378.6,0.804
A038,A022,TRANSFERRED_TO,2026-08-19T00:48:00,6696.87,0.827
A045,A041,TRANSFERRED_TO,2026-08-20T11:49:00,6693.73,0.89
A002,A010,TRANSFERRED_TO,2026-08-21T22:50:00,32830.54,0.905
A009,A029,TRANSFERRED_TO,2026-08-22T09:51:00,27305.84,0.939
A016,A048,TRANSFERRED_TO,2026-08-23T20:52:00,8358.32,0.807
A023,A017,TRANSFERRED_TO,2026-08-24T07:53:00,10267.61,0.976
A030,A036,TRANSFERRED_TO,2026-08-25T18:54:00,7666.79,0.922
A037,A005,TRANSFERRED_TO,2026-08-26T05:55:00,3784.64,0.831
A044,A024,TRANSFERRED_TO,2026-08-27T16:56:00,22267.37,0.907
A001,A043,TRANSFERRED_TO,2026-08-28T03:57:00,8183.63,0.981
A008,A012,TRANSFERRED_TO,2026-08-29T14:58:00,23109.87,0.926
A015,A031,TRANSFERRED_TO,2026-08-30T01:59:00,27893.36,0.845
A022,A050,TRANSFERRED_TO,2026-08-01T12:00:00,5900.42,0.846
A029,A019,TRANSFERRED_TO,2026-08-02T23:01:00,43314.27,0.961
A036,A038,TRANSFERRED_TO,2026-08-03T10:02:00,18341.76,0.941
A043,A007,TRANSFERRED_TO,2026-08-04T21:03:00,25339.49,0.965
A050,A026,TRANSFERRED_TO,2026-08-05T08:04:00,24965.96,0.911
A007,A045,TRANSFERRED_TO,2026-08-06T19:05:00,36743.38,0.89
A014,A016,TRANSFERRED_TO,2026-08-07T06:06:00,34263.69,0.904
A021,A033,TRANSFERRED_TO,2026-08-08T17:07:00,5208.88,0.837
A028,A002,TRANSFERRED_TO,2026-08-09T04:08:00,36796.81,0.859
A035,A021,TRANSFERRED_TO,2026-08-10T15:09:00,16380.25,0.8
A042,A040,TRANSFERRED_TO,2026-08-11T02:10:00,14415.76,0.822
A049,A009,TRANSFERRED_TO,2026-08-12T13:11:00,11024.47,0.894
A006,A028,TRANSFERRED_TO,2026-08-13T00:12:00,28986.99,0.949
A013,A047,TRANSFERRED_TO,2026-08-14T11:13:00,41699.99,0.946
A020,A016,TRANSFERRED_TO,2026-08-15T22:14:00,2716.46,0.844
A027,A035,TRANSFERRED_TO,2026-08-16T09:15:00,34692.97,0.979
A034,A004,TRANSFERRED_TO,2026-08-17T20:16:00,220540.66,0.92
A041,A023,TRANSFERRED_TO,2026-08-18T07:17:00,24914.29,0.906
A048,A042,TRANSFERRED_TO,2026-08-19T18:18:00,6549.88,0.821
A005,A011,TRANSFERRED_TO,2026-08-20T05:19:00,38893.71,0.977
A012,A030,TRANSFERRED_TO,2026-08-21T16:20:00,43164.06,0.811
A019,A049,TRANSFERRED_TO,2026-08-22T03:21:00,38177.69,0.939
A026,A018,TRANSFERRED_TO,2026-08-23T14:22:00,31805.99,0.866
A033,A037,TRANSFERRED_TO,2026-08-24T01:23:00,39907.89,0.957
A040,A006,TRANSFERRED_TO,2026-08-25T12:24:00,38705.09,0.878
A047,A025,TRANSFERRED_TO,2026-08-26T23:25:00,42707.51,0.845
A004,A044,TRANSFERRED_TO,2026-08-27T10:26:00,10950.18,0.899
A011,A013,TRANSFERRED_TO,2026-08-28T21:27:00,13765.65,0.884
A018,A032,TRANSFERRED_TO,2026-08-29T08:28:00,10103.65,0.983
A025,A001,TRANSFERRED_TO,2026-08-30T19:29:00,20739.51,0.976
A032,A020,TRANSFERRED_TO,2026-08-01T06:30:00,28046.35,0.948
A039,A041,TRANSFERRED_TO,2026-08-02T17:31:00,5348.35,0.888
A046,A008,TRANSFERRED_TO,2026-08-03T04:32:00,12082.23,0.971
A003,A027,TRANSFERRED_TO,2026-08-04T15:33:00,12424.32,0.956
A010,A046,TRANSFERRED_TO,2026-08-05T02:34:00,32011.86,0.942
A017,A015,TRANSFERRED_TO,2026-08-06T13:35:00,34891.77,0.951
A024,A034,TRANSFERRED_TO,2026-08-07T00:36:00,17099.07,0.853
A031,A003,TRANSFERRED_TO,2026-08-08T11:37:00,39147.15,0.821
A038,A022,TRANSFERRED_TO,2026-08-09T22:38:00,31446.53,0.959
A045,A041,TRANSFERRED_TO,2026-08-10T09:39:00,35263.77,0.919
A002,A010,TRANSFERRED_TO,2026-08-11T20:40:00,12652.63,0.823
A009,A029,TRANSFERRED_TO,2026-08-12T07:41:00,21719.78,0.801
A016,A048,TRANSFERRED_TO,2026-08-13T18:42:00,18035.54,0.859
A023,A017,TRANSFERRED_TO,2026-08-14T05:43:00,44085.59,0.859
A030,A036,TRANSFERRED_TO,2026-08-15T16:44:00,16013.78,0.812
A037,A005,TRANSFERRED_TO,2026-08-16T03:45:00,395110.86,0.934
A044,A024,TRANSFERRED_TO,2026-08-17T14:46:00,43872.63,0.901
A001,A043,TRANSFERRED_TO,2026-08-18T01:47:00,42581.94,0.858
A008,A012,TRANSFERRED_TO,2026-08-19T12:48:00,31569.4,0.852
A015,A031,TRANSFERRED_TO,2026-08-20T23:49:00,22570.17,0.975
A022,A050,TRANSFERRED_TO,2026-08-21T10:50:00,21957.31,0.869
A029,A019,TRANSFERRED_TO,2026-08-22T21:51:00,15088.21,0.979
A036,A038,TRANSFERRED_TO,2026-08-23T08:52:00,31817.23,0.971
A043,A007,TRANSFERRED_TO,2026-08-24T19:53:00,43122.62,0.892
A050,A026,TRANSFERRED_TO,2026-08-25T06:54:00,38724.7,0.84
A007,A045,TRANSFERRED_TO,2026-08-26T17:55:00,15808.08,0.856
A014,A016,TRANSFERRED_TO,2026-08-27T04:56:00,42578.0,0.876
A021,A033,TRANSFERRED_TO,2026-08-28T15:57:00,17217.34,0.849
A028,A002,TRANSFERRED_TO,2026-08-29T02:58:00,37409.86,0.803
A035,A021,TRANSFERRED_TO,2026-08-30T13:59:00,40273.87,0.831
A042,A040,TRANSFERRED_TO,2026-08-01T00:00:00,4535.7,0.983
A049,A009,TRANSFERRED_TO,2026-08-02T11:01:00,28523.25,0.815
A006,A028,TRANSFERRED_TO,2026-08-03T22:02:00,4156.65,0.855
A013,A047,TRANSFERRED_TO,2026-08-04T09:03:00,39689.01,0.82
A020,A016,TRANSFERRED_TO,2026-08-05T20:04:00,31113.07,0.817
A027,A035,TRANSFERRED_TO,2026-08-06T07:05:00,29621.87,0.935
A034,A004,TRANSFERRED_TO,2026-08-07T18:06:00,19858.92,0.976
A041,A023,TRANSFERRED_TO,2026-08-08T05:07:00,23456.46,0.8
A048,A042,TRANSFERRED_TO,2026-08-09T16:08:00,14573.83,0.95
A005,A011,TRANSFERRED_TO,2026-08-10T03:09:00,20471.9,0.886
A012,A030,TRANSFERRED_TO,2026-08-11T14:10:00,36584.82,0.91
A019,A049,TRANSFERRED_TO,2026-08-12T01:11:00,14496.68,0.935
A026,A018,TRANSFERRED_TO,2026-08-13T12:12:00,38157.01,0.836
A033,A037,TRANSFERRED_TO,2026-08-14T23:13:00,30929.9,0.979
A040,A006,TRANSFERRED_TO,2026-08-15T10:14:00,182064.22,0.943
A047,A025,TRANSFERRED_TO,2026-08-16T21:15:00,18038.52,0.835
A004,A044,TRANSFERRED_TO,2026-08-17T08:16:00,15135.32,0.935
A011,A013,TRANSFERRED_TO,2026-08-18T19:17:00,27980.9,0.912
A018,A032,TRANSFERRED_TO,2026-08-19T06:18:00,37042.32,0.957
A025,A001,TRANSFERRED_TO,2026-08-20T17:19:00,31178.66,0.826
A032,A020,TRANSFERRED_TO,2026-08-21T04:20:00,4027.05,0.915
A039,A041,TRANSFERRED_TO,2026-08-22T15:21:00,11851.33,0.924
A046,A008,TRANSFERRED_TO,2026-08-23T02:22:00,31370.73,0.877
A003,A027,TRANSFERRED_TO,2026-08-24T13:23:00,13561.31,0.841
A010,A046,TRANSFERRED_TO,2026-08-25T00:24:00,16212.25,0.819
A017,A015,TRANSFERRED_TO,2026-08-26T11:25:00,40570.02,0.925
A024,A034,TRANSFERRED_TO,2026-08-27T22:26:00,30544.77,0.921
A031,A003,TRANSFERRED_TO,2026-08-28T09:27:00,9166.55,0.937
A038,A022,TRANSFERRED_TO,2026-08-29T20:28:00,12089.55,0.896
A045,A041,TRANSFERRED_TO,2026-08-30T07:29:00,16686.53,0.895
A002,A010,TRANSFERRED_TO,2026-08-01T18:30:00,10980.51,0.906
A009,A029,TRANSFERRED_TO,2026-08-02T05:31:00,5954.13,0.825
A016,A048,TRANSFERRED_TO,2026-08-03T16:32:00,23412.06,0.882
A023,A017,TRANSFERRED_TO,2026-08-04T03:33:00,38225.97,0.842
A030,A036,TRANSFERRED_TO,2026-08-05T14:34:00,25271.58,0.96
A037,A005,TRANSFERRED_TO,2026-08-06T01:35:00,18673.13,0.825
A044,A024,TRANSFERRED_TO,2026-08-07T12:36:00,15736.27,0.96
A001,A043,TRANSFERRED_TO,2026-08-08T23:37:00,31136.27,0.968
A008,A012,TRANSFERRED_TO,2026-08-09T10:38:00,34043.4,0.967
A015,A031,TRANSFERRED_TO,2026-08-10T21:39:00,12460.99,0.873
A022,A050,TRANSFERRED_TO,2026-08-11T08:40:00,21750.94,0.914
A029,A019,TRANSFERRED_TO,2026-08-12T19:41:00,27817.88,0.923
A036,A038,TRANSFERRED_TO,2026-08-13T06:42:00,44557.53,0.973
A043,A007,TRANSFERRED_TO,2026-08-14T17:43:00,356714.57,0.867
A050,A026,TRANSFERRED_TO,2026-08-15T04:44:00,42955.42,0.94
A007,A045,TRANSFERRED_TO,2026-08-16T15:45:00,3122.34,0.86
A014,A016,TRANSFERRED_TO,2026-08-17T02:46:00,21594.94,0.881
A021,A033,TRANSFERRED_TO,2026-08-18T13:47:00,14690.56,0.975
A028,A002,TRANSFERRED_TO,2026-08-19T00:48:00,31181.54,0.825
A035,A021,TRANSFERRED_TO,2026-08-20T11:49:00,37074.26,0.851
A042,A040,TRANSFERRED_TO,2026-08-21T22:50:00,27478.89,0.932
A049,A009,TRANSFERRED_TO,2026-08-22T09:51:00,29970.55,0.826
A006,A028,TRANSFERRED_TO,2026-08-23T20:52:00,28678.47,0.895
A013,A047,TRANSFERRED_TO,2026-08-24T07:53:00,41452.55,0.938
A020,A016,TRANSFERRED_TO,2026-08-25T18:54:00,40165.76,0.854
A027,A035,TRANSFERRED_TO,2026-08-26T05:55:00,39574.93,0.953
A034,A004,TRANSFERRED_TO,2026-08-27T16:56:00,29814.93,0.853
A041,A023,TRANSFERRED_TO,2026-08-28T03:57:00,14764.46,0.893
A048,A042,TRANSFERRED_TO,2026-08-29T14:58:00,31953.13,0.889
A005,A011,TRANSFERRED_TO,2026-08-30T01:59:00,11873.56,0.822
A012,A030,TRANSFERRED_TO,2026-08-01T12:00:00,4693.68,0.845
A019,A049,TRANSFERRED_TO,2026-08-02T23:01:00,3412.93,0.963
A026,A018,TRANSFERRED_TO,2026-08-03T10:02:00,15866.78,0.932
A033,A037,TRANSFERRED_TO,2026-08-04T21:03:00,6771.45,0.932
A040,A006,TRANSFERRED_TO,2026-08-05T08:04:00,19675.71,0.916
A047,A025,TRANSFERRED_TO,2026-08-06T19:05:00,31129.62,0.981
A004,A044,TRANSFERRED_TO,2026-08-07T06:06:00,41644.36,0.983
A011,A013,TRANSFERRED_TO,2026-08-08T17:07:00,2998.75,0.893
A018,A032,TRANSFERRED_TO,2026-08-09T04:08:00,36708.21,0.888
A025,A001,TRANSFERRED_TO,2026-08-10T15:09:00,22063.5,0.855
A032,A020,TRANSFERRED_TO,2026-08-11T02:10:00,16610.16,0.804
A039,A041,TRANSFERRED_TO,2026-08-12T13:11:00,31111.3,0.922
A046,A008,TRANSFERRED_TO,2026-08-13T00:12:00,388351.54,0.961
A003,A027,TRANSFERRED_TO,2026-08-14T11:13:00,23976.88,0.942
A010,A046,TRANSFERRED_TO,2026-08-15T22:14:00,12257.98,0.861
A017,A015,TRANSFERRED_TO,2026-08-16T09:15:00,30256.05,0.803
A024,A034,TRANSFERRED_TO,2026-08-17T20:16:00,28817.5,0.844
A031,A003,TRANSFERRED_TO,2026-08-18T07:17:00,6388.86,0.821
A038,A022,TRANSFERRED_TO,2026-08-19T18:18:00,14488.06,0.968
A045,A041,TRANSFERRED_TO,2026-08-20T05:19:00,22715.43,0.971
A002,A010,TRANSFERRED_TO,2026-08-21T16:20:00,31834.27,0.877
A009,A029,TRANSFERRED_TO,2026-08-22T03:21:00,30778.64,0.855
A016,A048,TRANSFERRED_TO,2026-08-23T14:22:00,34941.09,0.883
A023,A017,TRANSFERRED_TO,2026-08-24T01:23:00,40060.02,0.886
A030,A036,TRANSFERRED_TO,2026-08-25T12:24:00,10986.13,0.969
A037,A005,TRANSFERRED_TO,2026-08-26T23:25:00,41373.68,0.927
A044,A024,TRANSFERRED_TO,2026-08-27T10:26:00,18096.89,0.951
A001,A043,TRANSFERRED_TO,2026-08-28T21:27:00,22969.31,0.84
A008,A012,TRANSFERRED_TO,2026-08-29T08:28:00,28894.15,0.874
A015,A031,TRANSFERRED_TO,2026-08-30T19:29:00,22440.17,0.85
A022,A050,TRANSFERRED_TO,2026-08-01T06:30:00,7789.35,0.819
A029,A019,TRANSFERRED_TO,2026-08-02T17:31:00,23117.42,0.985
A036,A038,TRANSFERRED_TO,2026-08-03T04:32:00,33540.75,0.922
A043,A007,TRANSFERRED_TO,2026-08-04T15:33:00,34742.07,0.822
A050,A026,TRANSFERRED_TO,2026-08-05T02:34:00,34601.84,0.92
A007,A045,TRANSFERRED_TO,2026-08-06T13:35:00,24519.56,0.835
A014,A016,TRANSFERRED_TO,2026-08-07T00:36:00,23176.55,0.892
A021,A033,TRANSFERRED_TO,2026-08-08T11:37:00,28295.25,0.957
A028,A002,TRANSFERRED_TO,2026-08-09T22:38:00,10838.03,0.824
A035,A021,TRANSFERRED_TO,2026-08-10T09:39:00,4360.38,0.836
A042,A040,TRANSFERRED_TO,2026-08-11T20:40:00,9401.39,0.8
A049,A009,TRANSFERRED_TO,2026-08-12T07:41:00,296115.43,0.884
A006,A028,TRANSFERRED_TO,2026-08-13T18:42:00,35106.23,0.886
A013,A047,TRANSFERRED_TO,2026-08-14T05:43:00,7958.49,0.926
A020,A016,TRANSFERRED_TO,2026-08-15T16:44:00,2528.26,0.88
A027,A035,TRANSFERRED_TO,2026-08-16T03:45:00,29890.59,0.802
A034,A004,TRANSFERRED_TO,2026-08-17T14:46:00,39579.45,0.898
A041,A023,TRANSFERRED_TO,2026-08-18T01:47:00,23011.74,0.886
A048,A042,TRANSFERRED_TO,2026-08-19T12:48:00,31547.87,0.861
A005,A011,TRANSFERRED_TO,2026-08-20T23:49:00,22310.26,0.927
A012,A030,TRANSFERRED_TO,2026-08-21T10:50:00,34460.36,0.94
A019,A049,TRANSFERRED_TO,2026-08-22T21:51:00,26986.13,0.951
A026,A018,TRANSFERRED_TO,2026-08-23T08:52:00,24989.18,0.94
A033,A037,TRANSFERRED_TO,2026-08-24T19:53:00,34059.26,0.808
A040,A006,TRANSFERRED_TO,2026-08-25T06:54:00,24729.75,0.968
A047,A025,TRANSFERRED_TO,2026-08-26T17:55:00,9809.14,0.855
A004,A044,TRANSFERRED_TO,2026-08-27T04:56:00,36689.5,0.932
A011,A013,TRANSFERRED_TO,2026-08-28T15:57:00,43141.09,0.904
A018,A032,TRANSFERRED_TO,2026-08-29T02:58:00,19965.88,0.977
A025,A001,TRANSFERRED_TO,2026-08-30T13:59:00,30407.75,0.947
A032,A020,TRANSFERRED_TO,2026-08-01T00:00:00,40520.8,0.816
A039,A041,TRANSFERRED_TO,2026-08-02T11:01:00,11226.69,0.831
A046,A008,TRANSFERRED_TO,2026-08-03T22:02:00,44292.57,0.919
A003,A027,TRANSFERRED_TO,2026-08-04T09:03:00,25072.01,0.851
A010,A046,TRANSFERRED_TO,2026-08-05T20:04:00,12768.46,0.856
A017,A015,TRANSFERRED_TO,2026-08-06T07:05:00,32861.9,0.881
A024,A034,TRANSFERRED_TO,2026-08-07T18:06:00,13989.74,0.913
A031,A003,TRANSFERRED_TO,2026-08-08T05:07:00,43192.45,0.824
A038,A022,TRANSFERRED_TO,2026-08-09T16:08:00,13658.28,0.946
A045,A041,TRANSFERRED_TO,2026-08-10T03:09:00,22647.15,0.951
A002,A010,TRANSFERRED_TO,2026-08-11T14:10:00,375504.42,0.984
A009,A029,TRANSFERRED_TO,2026-08-12T01:11:00,37801.28,0.848
A016,A048,TRANSFERRED_TO,2026-08-13T12:12:00,43000.58,0.918
A023,A017,TRANSFERRED_TO,2026-08-14T23:13:00,6992.81,0.89
A030,A036,TRANSFERRED_TO,2026-08-15T10:14:00,32252.37,0.848
A037,A005,TRANSFERRED_TO,2026-08-16T21:15:00,13317.18,0.882
A044,A024,TRANSFERRED_TO,2026-08-17T08:16:00,22740.75,0.904
A001,A043,TRANSFERRED_TO,2026-08-18T19:17:00,23510.5,0.82
A008,A012,TRANSFERRED_TO,2026-08-19T06:18:00,13208.31,0.806
A015,A031,TRANSFERRED_TO,2026-08-20T17:19:00,40521.58,0.86
A022,A050,TRANSFERRED_TO,2026-08-21T04:20:00,10088.47,0.848
A029,A019,TRANSFERRED_TO,2026-08-22T15:21:00,3457.88,0.904
A036,A038,TRANSFERRED_TO,2026-08-23T02:22:00,22648.52,0.801
A043,A007,TRANSFERRED_TO,2026-08-24T13:23:00,43572.51,0.875
A050,A026,TRANSFERRED_TO,2026-08-25T00:24:00,21591.27,0.891
A007,A045,TRANSFERRED_TO,2026-08-26T11:25:00,44778.9,0.875
A014,A016,TRANSFERRED_TO,2026-08-27T22:26:00,3702.92,0.921
A021,A033,TRANSFERRED_TO,2026-08-28T09:27:00,7267.26,0.92
A028,A002,TRANSFERRED_TO,2026-08-29T20:28:00,40155.2,0.914
A035,A021,TRANSFERRED_TO,2026-08-30T07:29:00,35307.43,0.911
A042,A040,TRANSFERRED_TO,2026-08-01T18:30:00,17327.78,0.886
A049,A009,TRANSFERRED_TO,2026-08-02T05:31:00,22879.69,0.912
A006,A028,TRANSFERRED_TO,2026-08-03T16:32:00,44842.43,0.865
A013,A047,TRANSFERRED_TO,2026-08-04T03:33:00,23302.44,0.89
A020,A016,TRANSFERRED_TO,2026-08-05T14:34:00,8827.23,0.874
A027,A035,TRANSFERRED_TO,2026-08-06T01:35:00,23258.37,0.87
A034,A004,TRANSFERRED_TO,2026-08-07T12:36:00,21284.31,0.926
A041,A023,TRANSFERRED_TO,2026-08-08T23:37:00,27250.62,0.952
A048,A042,TRANSFERRED_TO,2026-08-09T10:38:00,37128.35,0.942
A005,A011,TRANSFERRED_TO,2026-08-10T21:39:00,141229.09,0.867
A012,A030,TRANSFERRED_TO,2026-08-11T08:40:00,31131.44,0.911
A019,A049,TRANSFERRED_TO,2026-08-12T19:41:00,35479.13,0.813
A026,A018,TRANSFERRED_TO,2026-08-13T06:42:00,14682.98,0.874
A033,A037,TRANSFERRED_TO,2026-08-14T17:43:00,18286.96,0.987
A040,A006,TRANSFERRED_TO,2026-08-15T04:44:00,17143.68,0.947
A047,A025,TRANSFERRED_TO,2026-08-16T15:45:00,43684.2,0.805
A004,A044,TRANSFERRED_TO,2026-08-17T02:46:00,40445.41,0.929
A011,A013,TRANSFERRED_TO,2026-08-18T13:47:00,5933.02,0.825
A018,A032,TRANSFERRED_TO,2026-08-19T00:48:00,43935.12,0.916
A025,A001,TRANSFERRED_TO,2026-08-20T11:49:00,42504.34,0.975
A032,A020,TRANSFERRED_TO,2026-08-21T22:50:00,21348.55,0.859
A039,A041,TRANSFERRED_TO,2026-08-22T09:51:00,40555.58,0.928
A046,A008,TRANSFERRED_TO,2026-08-23T20:52:00,16630.81,0.974
A003,A027,TRANSFERRED_TO,2026-08-24T07:53:00,22406.86,0.852
A010,A046,TRANSFERRED_TO,2026-08-25T18:54:00,42510.91,0.876
A017,A015,TRANSFERRED_TO,2026-08-26T05:55:00,24239.49,0.847
A024,A034,TRANSFERRED_TO,2026-08-27T16:56:00,29594.44,0.868
A031,A003,TRANSFERRED_TO,2026-08-28T03:57:00,2684.58,0.933
A038,A022,TRANSFERRED_TO,2026-08-29T14:58:00,12492.1,0.816
A045,A041,TRANSFERRED_TO,2026-08-30T01:59:00,16506.37,0.851
A002,A010,TRANSFERRED_TO,2026-08-01T12:00:00,30330.14,0.879
A009,A029,TRANSFERRED_TO,2026-08-02T23:01:00,12021.0,0.874
A016,A048,TRANSFERRED_TO,2026-08-03T10:02:00,44624.51,0.977
A023,A017,TRANSFERRED_TO,2026-08-04T21:03:00,8492.82,0.819
A030,A036,TRANSFERRED_TO,2026-08-05T08:04:00,28786.44,0.974
A037,A005,TRANSFERRED_TO,2026-08-06T19:05:00,3033.35,0.952
A044,A024,TRANSFERRED_TO,2026-08-07T06:06:00,15603.89,0.892
A001,A043,TRANSFERRED_TO,2026-08-08T17:07:00,39799.56,0.981
A008,A012,TRANSFERRED_TO,2026-08-09T04:08:00,252870.81,0.905
A015,A031,TRANSFERRED_TO,2026-08-10T15:09:00,25154.58,0.803
A022,A050,TRANSFERRED_TO,2026-08-11T02:10:00,19394.28,0.8
A029,A019,TRANSFERRED_TO,2026-08-12T13:11:00,6451.06,0.958
A036,A038,TRANSFERRED_TO,2026-08-13T00:12:00,5530.72,0.952
A043,A007,TRANSFERRED_TO,2026-08-14T11:13:00,7028.96,0.953
A050,A026,TRANSFERRED_TO,2026-08-15T22:14:00,41505.69,0.908
A007,A045,TRANSFERRED_TO,2026-08-16T09:15:00,22035.84,0.981
A014,A016,TRANSFERRED_TO,2026-08-17T20:16:00,35998.43,0.84
A021,A033,TRANSFERRED_TO,2026-08-18T07:17:00,32826.4,0.972
A028,A002,TRANSFERRED_TO,2026-08-19T18:18:00,8927.39,0.884
A035,A021,TRANSFERRED_TO,2026-08-20T05:19:00,40562.12,0.867
A042,A040,TRANSFERRED_TO,2026-08-21T16:20:00,34574.52,0.895
A049,A009,TRANSFERRED_TO,2026-08-22T03:21:00,3738.87,0.908
A006,A028,TRANSFERRED_TO,2026-08-23T14:22:00,15516.95,0.958
A013,A047,TRANSFERRED_TO,2026-08-24T01:23:00,27220.08,0.875
A020,A016,TRANSFERRED_TO,2026-08-25T12:24:00,41541.38,0.806
A027,A035,TRANSFERRED_TO,2026-08-26T23:25:00,10733.86,0.879
A034,A004,TRANSFERRED_TO,2026-08-27T10:26:00,37493.37,0.868
A041,A023,TRANSFERRED_TO,2026-08-28T21:27:00,17313.42,0.954
A048,A042,TRANSFERRED_TO,2026-08-29T08:28:00,18882.24,0.859
A005,A011,TRANSFERRED_TO,2026-08-30T19:29:00,28010.47,0.817
A012,A030,TRANSFERRED_TO,2026-08-01T06:30:00,38428.07,0.943
A019,A049,TRANSFERRED_TO,2026-08-02T17:31:00,5160.74,0.899
A026,A018,TRANSFERRED_TO,2026-08-03T04:32:00,10952.43,0.823
A033,A037,TRANSFERRED_TO,2026-08-04T15:33:00,27987.71,0.812
A040,A006,TRANSFERRED_TO,2026-08-05T02:34:00,28434.25,0.938
A047,A025,TRANSFERRED_TO,2026-08-06T13:35:00,37204.53,0.83
A004,A044,TRANSFERRED_TO,2026-08-07T00:36:00,23562.92,0.869
A011,A013,TRANSFERRED_TO,2026-08-08T11:37:00,337741.78,0.89
A018,A032,TRANSFERRED_TO,2026-08-09T22:38:00,15347.78,0.889
A025,A001,TRANSFERRED_TO,2026-08-10T09:39:00,4805.39,0.957
A032,A020,TRANSFERRED_TO,2026-08-11T20:40:00,38686.8,0.808
A039,A041,TRANSFERRED_TO,2026-08-12T07:41:00,33154.58,0.944
A046,A008,TRANSFERRED_TO,2026-08-13T18:42:00,9743.26,0.931
A003,A027,TRANSFERRED_TO,2026-08-14T05:43:00,32401.42,0.929
A010,A046,TRANSFERRED_TO,2026-08-15T16:44:00,13618.42,0.973
A017,A015,TRANSFERRED_TO,2026-08-16T03:45:00,24437.5,0.923
A024,A034,TRANSFERRED_TO,2026-08-17T14:46:00,38800.0,0.93
A031,A003,TRANSFERRED_TO,2026-08-18T01:47:00,19602.45,0.919
A038,A022,TRANSFERRED_TO,2026-08-19T12:48:00,21090.27,0.947
A045,A041,TRANSFERRED_TO,2026-08-20T23:49:00,30685.23,0.817
A002,A010,TRANSFERRED_TO,2026-08-21T10:50:00,16136.58,0.925
A009,A029,TRANSFERRED_TO,2026-08-22T21:51:00,30692.87,0.976
A016,A048,TRANSFERRED_TO,2026-08-23T08:52:00,15582.78,0.821
A023,A017,TRANSFERRED_TO,2026-08-24T19:53:00,33197.04,0.926
A030,A036,TRANSFERRED_TO,2026-08-25T06:54:00,30437.45,0.801
A037,A005,TRANSFERRED_TO,2026-08-26T17:55:00,25253.66,0.92
A044,A024,TRANSFERRED_TO,2026-08-27T04:56:00,43392.7,0.844
A001,A043,TRANSFERRED_TO,2026-08-28T15:57:00,30628.3,0.948
A008,A012,TRANSFERRED_TO,2026-08-29T02:58:00,10153.47,0.976
A015,A031,TRANSFERRED_TO,2026-08-30T13:59:00,37152.32,0.951
A022,A050,TRANSFERRED_TO,2026-08-01T00:00:00,33020.26,0.858
A029,A019,TRANSFERRED_TO,2026-08-02T11:01:00,36388.65,0.864
A036,A038,TRANSFERRED_TO,2026-08-03T22:02:00,29796.43,0.855
A043,A007,TRANSFERRED_TO,2026-08-04T09:03:00,31728.38,0.966
A050,A026,TRANSFERRED_TO,2026-08-05T20:04:00,22256.81,0.851
A007,A045,TRANSFERRED_TO,2026-08-06T07:05:00,26882.23,0.87
A014,A016,TRANSFERRED_TO,2026-08-07T18:06:00,337143.84,0.868
A021,A033,TRANSFERRED_TO,2026-08-08T05:07:00,4646.76,0.872
A028,A002,TRANSFERRED_TO,2026-08-09T16:08:00,42413.48,0.918
A035,A021,TRANSFERRED_TO,2026-08-10T03:09:00,3818.47,0.985
A042,A040,TRANSFERRED_TO,2026-08-11T14:10:00,14301.03,0.885
A049,A009,TRANSFERRED_TO,2026-08-12T01:11:00,43332.32,0.918
A006,A028,TRANSFERRED_TO,2026-08-13T12:12:00,15130.58,0.896
A013,A047,TRANSFERRED_TO,2026-08-14T23:13:00,12946.22,0.887
A020,A016,TRANSFERRED_TO,2026-08-15T10:14:00,7292.65,0.979
A027,A035,TRANSFERRED_TO,2026-08-16T21:15:00,29066.61,0.902
A034,A004,TRANSFERRED_TO,2026-08-17T08:16:00,27403.11,0.961
A041,A023,TRANSFERRED_TO,2026-08-18T19:17:00,27167.93,0.828
A048,A042,TRANSFERRED_TO,2026-08-19T06:18:00,37497.19,0.977
A005,A011,TRANSFERRED_TO,2026-08-20T17:19:00,28836.19,0.813
A012,A030,TRANSFERRED_TO,2026-08-21T04:20:00,12471.77,0.861
A019,A049,TRANSFERRED_TO,2026-08-22T15:21:00,18479.14,0.965
A026,A018,TRANSFERRED_TO,2026-08-23T02:22:00,38610.04,0.977
A033,A037,TRANSFERRED_TO,2026-08-24T13:23:00,23177.06,0.948
A040,A006,TRANSFERRED_TO,2026-08-25T00:24:00,5110.76,0.851
A047,A025,TRANSFERRED_TO,2026-08-26T11:25:00,21606.35,0.956
A004,A044,TRANSFERRED_TO,2026-08-27T22:26:00,39296.29,0.965
A011,A013,TRANSFERRED_TO,2026-08-28T09:27:00,30024.91,0.836
A018,A032,TRANSFERRED_TO,2026-08-29T20:28:00,26016.71,0.938
A025,A001,TRANSFERRED_TO,2026-08-30T07:29:00,34263.67,0.961
A032,A020,TRANSFERRED_TO,2026-08-01T18:30:00,9533.25,0.951
A039,A041,TRANSFERRED_TO,2026-08-02T05:31:00,43700.54,0.834
A046,A008,TRANSFERRED_TO,2026-08-03T16:32:00,29265.37,0.929
A003,A027,TRANSFERRED_TO,2026-08-04T03:33:00,16986.24,0.903
A010,A046,TRANSFERRED_TO,2026-08-05T14:34:00,11366.6,0.929
A017,A015,TRANSFERRED_TO,2026-08-06T01:35:00,438364.73,0.917
A024,A034,TRANSFERRED_TO,2026-08-07T12:36:00,44120.55,0.913
A031,A003,TRANSFERRED_TO,2026-08-08T23:37:00,42311.61,0.871
A038,A022,TRANSFERRED_TO,2026-08-09T10:38:00,12926.43,0.943
A045,A041,TRANSFERRED_TO,2026-08-10T21:39:00,41678.92,0.824
A002,A010,TRANSFERRED_TO,2026-08-11T08:40:00,30886.6,0.856
A009,A029,TRANSFERRED_TO,2026-08-12T19:41:00,6933.69,0.921
A016,A048,TRANSFERRED_TO,2026-08-13T06:42:00,18789.0,0.974
A023,A017,TRANSFERRED_TO,2026-08-14T17:43:00,27526.41,0.942
A030,A036,TRANSFERRED_TO,2026-08-15T04:44:00,44302.91,0.801
A037,A005,TRANSFERRED_TO,2026-08-16T15:45:00,30225.96,0.833
A044,A024,TRANSFERRED_TO,2026-08-17T02:46:00,4061.7,0.812
A001,A043,TRANSFERRED_TO,2026-08-18T13:47:00,43066.63,0.958
A008,A012,TRANSFERRED_TO,2026-08-19T00:48:00,7032.37,0.885
A015,A031,TRANSFERRED_TO,2026-08-20T11:49:00,9422.94,0.875
A022,A050,TRANSFERRED_TO,2026-08-21T22:50:00,25068.32,0.955
A029,A019,TRANSFERRED_TO,2026-08-22T09:51:00,20706.63,0.901
A036,A038,TRANSFERRED_TO,2026-08-23T20:52:00,24576.91,0.819
A043,A007,TRANSFERRED_TO,2026-08-24T07:53:00,21524.88,0.813
A050,A026,TRANSFERRED_TO,2026-08-25T18:54:00,33848.52,0.986
A007,A045,TRANSFERRED_TO,2026-08-26T05:55:00,23914.59,0.95
A014,A016,TRANSFERRED_TO,2026-08-27T16:56:00,24236.13,0.822
A021,A033,TRANSFERRED_TO,2026-08-28T03:57:00,29521.42,0.832
A028,A002,TRANSFERRED_TO,2026-08-29T14:58:00,43710.26,0.923
A035,A021,TRANSFERRED_TO,2026-08-30T01:59:00,4722.96,0.957
A042,A040,TRANSFERRED_TO,2026-08-01T12:00:00,30279.57,0.898
A049,A009,TRANSFERRED_TO,2026-08-02T23:01:00,32980.29,0.851
A006,A028,TRANSFERRED_TO,2026-08-03T10:02:00,6299.16,0.889
A013,A047,TRANSFERRED_TO,2026-08-04T21:03:00,18134.73,0.908
A020,A016,TRANSFERRED_TO,2026-08-05T08:04:00,173181.56,0.971
A027,A035,TRANSFERRED_TO,2026-08-06T19:05:00,8190.08,0.933
A034,A004,TRANSFERRED_TO,2026-08-07T06:06:00,25921.05,0.951
A041,A023,TRANSFERRED_TO,2026-08-08T17:07:00,5308.99,0.861
A048,A042,TRANSFERRED_TO,2026-08-09T04:08:00,26670.25,0.988
A005,A011,TRANSFERRED_TO,2026-08-10T15:09:00,36252.23,0.817
A012,A030,TRANSFERRED_TO,2026-08-11T02:10:00,43632.09,0.964
A019,A049,TRANSFERRED_TO,2026-08-12T13:11:00,12441.02,0.844
A026,A018,TRANSFERRED_TO,2026-08-13T00:12:00,29332.33,0.962
A033,A037,TRANSFERRED_TO,2026-08-14T11:13:00,9359.91,0.909
A040,A006,TRANSFERRED_TO,2026-08-15T22:14:00,17146.82,0.896
A047,A025,TRANSFERRED_TO,2026-08-16T09:15:00,20933.28,0.825
A004,A044,TRANSFERRED_TO,2026-08-17T20:16:00,31797.88,0.87
A011,A013,TRANSFERRED_TO,2026-08-18T07:17:00,5172.79,0.905
A018,A032,TRANSFERRED_TO,2026-08-19T18:18:00,17731.31,0.877
A025,A001,TRANSFERRED_TO,2026-08-20T05:19:00,10322.69,0.872
A032,A020,TRANSFERRED_TO,2026-08-21T16:20:00,21298.29,0.917
A039,A041,TRANSFERRED_TO,2026-08-22T03:21:00,35059.73,0.845
A046,A008,TRANSFERRED_TO,2026-08-23T14:22:00,7859.47,0.945
A003,A027,TRANSFERRED_TO,2026-08-24T01:23:00,31345.84,0.91
A010,A046,TRANSFERRED_TO,2026-08-25T12:24:00,7910.42,0.827
A017,A015,TRANSFERRED_TO,2026-08-26T23:25:00,24734.69,0.808
A024,A034,TRANSFERRED_TO,2026-08-27T10:26:00,23491.96,0.942
A031,A003,TRANSFERRED_TO,2026-08-28T21:27:00,15388.48,0.808
A038,A022,TRANSFERRED_TO,2026-08-29T08:28:00,38840.47,0.868
A045,A041,TRANSFERRED_TO,2026-08-30T19:29:00,3122.2,0.965
A002,A010,TRANSFERRED_TO,2026-08-01T06:30:00,44223.37,0.894
A009,A029,TRANSFERRED_TO,2026-08-02T17:31:00,19834.25,0.863
A016,A048,TRANSFERRED_TO,2026-08-03T04:32:00,9991.51,0.893
A023,A017,TRANSFERRED_TO,2026-08-04T15:33:00,446646.05,0.805
A030,A036,TRANSFERRED_TO,2026-08-05T02:34:00,35714.4,0.92
A037,A005,TRANSFERRED_TO,2026-08-06T13:35:00,35894.24,0.806
A044,A024,TRANSFERRED_TO,2026-08-07T00:36:00,41250.76,0.908
A001,A043,TRANSFERRED_TO,2026-08-08T11:37:00,7006.61,0.84
A008,A012,TRANSFERRED_TO,2026-08-09T22:38:00,44160.0,0.857
A015,A031,TRANSFERRED_TO,2026-08-10T09:39:00,21444.53,0.866
A022,A050,TRANSFERRED_TO,2026-08-11T20:40:00,34484.51,0.866
A029,A019,TRANSFERRED_TO,2026-08-12T07:41:00,6565.22,0.896
A036,A038,TRANSFERRED_TO,2026-08-13T18:42:00,18036.31,0.842
A043,A007,TRANSFERRED_TO,2026-08-14T05:43:00,19545.09,0.893
A050,A026,TRANSFERRED_TO,2026-08-15T16:44:00,2630.62,0.875
A007,A045,TRANSFERRED_TO,2026-08-16T03:45:00,13018.4,0.811
A014,A016,TRANSFERRED_TO,2026-08-17T14:46:00,37969.4,0.898
A021,A033,TRANSFERRED_TO,2026-08-18T01:47:00,39538.06,0.98
A028,A002,TRANSFERRED_TO,2026-08-19T12:48:00,12803.42,0.82
A035,A021,TRANSFERRED_TO,2026-08-20T23:49:00,15651.72,0.938
A042,A040,TRANSFERRED_TO,2026-08-21T10:50:00,11201.16,0.87
A049,A009,TRANSFERRED_TO,2026-08-22T21:51:00,25076.65,0.86
A006,A028,TRANSFERRED_TO,2026-08-23T08:52:00,33392.72,0.895
A013,A047,TRANSFERRED_TO,2026-08-24T19:53:00,37413.37,0.972
A020,A016,TRANSFERRED_TO,2026-08-25T06:54:00,37043.86,0.88
A027,A035,TRANSFERRED_TO,2026-08-26T17:55:00,5203.25,0.812
A034,A004,TRANSFERRED_TO,2026-08-27T04:56:00,35697.02,0.98
A041,A023,TRANSFERRED_TO,2026-08-28T15:57:00,39137.98,0.805
A048,A042,TRANSFERRED_TO,2026-08-29T02:58:00,30242.21,0.837
A005,A011,TRANSFERRED_TO,2026-08-30T13:59:00,11088.78,0.966
A012,A030,TRANSFERRED_TO,2026-08-01T00:00:00,18781.23,0.893
A019,A049,TRANSFERRED_TO,2026-08-02T11:01:00,8099.89,0.967
A026,A018,TRANSFERRED_TO,2026-08-03T22:02:00,426144.25,0.965
A033,A037,TRANSFERRED_TO,2026-08-04T09:03:00,12694.35,0.811
A040,A006,TRANSFERRED_TO,2026-08-05T20:04:00,41721.69,0.866
A047,A025,TRANSFERRED_TO,2026-08-06T07:05:00,15504.9,0.947
A004,A044,TRANSFERRED_TO,2026-08-07T18:06:00,7334.19,0.945
A011,A013,TRANSFERRED_TO,2026-08-08T05:07:00,41247.32,0.888
A018,A032,TRANSFERRED_TO,2026-08-09T16:08:00,27738.32,0.901
A025,A001,TRANSFERRED_TO,2026-08-10T03:09:00,28665.89,0.891
A032,A020,TRANSFERRED_TO,2026-08-11T14:10:00,39990.46,0.83
A039,A041,TRANSFERRED_TO,2026-08-12T01:11:00,36462.29,0.835
A046,A008,TRANSFERRED_TO,2026-08-13T12:12:00,31415.09,0.836
A003,A027,TRANSFERRED_TO,2026-08-14T23:13:00,16192.19,0.935
A010,A046,TRANSFERRED_TO,2026-08-15T10:14:00,32479.49,0.921
A017,A015,TRANSFERRED_TO,2026-08-16T21:15:00,15172.74,0.878
A024,A034,TRANSFERRED_TO,2026-08-17T08:16:00,38296.44,0.952
A031,A003,TRANSFERRED_TO,2026-08-18T19:17:00,44846.62,0.844
A038,A022,TRANSFERRED_TO,2026-08-19T06:18:00,38271.51,0.989
A045,A041,TRANSFERRED_TO,2026-08-20T17:19:00,16721.45,0.813
A002,A010,TRANSFERRED_TO,2026-08-21T04:20:00,24364.39,0.988
A009,A029,TRANSFERRED_TO,2026-08-22T15:21:00,17396.27,0.942
A016,A048,TRANSFERRED_TO,2026-08-23T02:22:00,14259.55,0.943
A023,A017,TRANSFERRED_TO,2026-08-24T13:23:00,35454.53,0.828
A030,A036,TRANSFERRED_TO,2026-08-25T00:24:00,26475.94,0.857
A037,A005,TRANSFERRED_TO,2026-08-26T11:25:00,17339.83,0.926
A044,A024,TRANSFERRED_TO,2026-08-27T22:26:00,27380.4,0.832
A001,A043,TRANSFERRED_TO,2026-08-28T09:27:00,41894.12,0.966
A008,A012,TRANSFERRED_TO,2026-08-29T20:28:00,3232.91,0.877
A015,A031,TRANSFERRED_TO,2026-08-30T07:29:00,40154.02,0.983
A022,A050,TRANSFERRED_TO,2026-08-01T18:30:00,13292.31,0.986
A029,A019,TRANSFERRED_TO,2026-08-02T05:31:00,360222.03,0.802
A036,A038,TRANSFERRED_TO,2026-08-03T16:32:00,31215.67,0.898
A043,A007,TRANSFERRED_TO,2026-08-04T03:33:00,16403.73,0.984
A050,A026,TRANSFERRED_TO,2026-08-05T14:34:00,33200.14,0.841
A007,A045,TRANSFERRED_TO,2026-08-06T01:35:00,12742.72,0.897
A014,A016,TRANSFERRED_TO,2026-08-07T12:36:00,21026.14,0.99
A021,A033,TRANSFERRED_TO,2026-08-08T23:37:00,6517.73,0.901
A028,A002,TRANSFERRED_TO,2026-08-09T10:38:00,32408.95,0.902
A035,A021,TRANSFERRED_TO,2026-08-10T21:39:00,3802.71,0.969
A042,A040,TRANSFERRED_TO,2026-08-11T08:40:00,25975.22,0.903
A049,A009,TRANSFERRED_TO,2026-08-12T19:41:00,41762.43,0.956
A006,A028,TRANSFERRED_TO,2026-08-13T06:42:00,12348.71,0.983
A013,A047,TRANSFERRED_TO,2026-08-14T17:43:00,18524.02,0.844
A020,A016,TRANSFERRED_TO,2026-08-15T04:44:00,6359.95,0.82
A027,A035,TRANSFERRED_TO,2026-08-16T15:45:00,24578.32,0.813
A034,A004,TRANSFERRED_TO,2026-08-17T02:46:00,4932.47,0.879
A041,A023,TRANSFERRED_TO,2026-08-18T13:47:00,2978.98,0.852
A048,A042,TRANSFERRED_TO,2026-08-19T00:48:00,40266.21,0.829
A005,A011,TRANSFERRED_TO,2026-08-20T11:49:00,31072.99,0.827
A012,A030,TRANSFERRED_TO,2026-08-21T22:50:00,12210.61,0.821
A019,A049,TRANSFERRED_TO,2026-08-22T09:51:00,31596.51,0.811
A026,A018,TRANSFERRED_TO,2026-08-23T20:52:00,9777.05,0.988
A033,A037,TRANSFERRED_TO,2026-08-24T07:53:00,18646.5,0.825
A040,A006,TRANSFERRED_TO,2026-08-25T18:54:00,17071.17,0.882
A047,A025,TRANSFERRED_TO,2026-08-26T05:55:00,39323.89,0.833
A004,A044,TRANSFERRED_TO,2026-08-27T16:56:00,41566.6,0.927
A011,A013,TRANSFERRED_TO,2026-08-28T03:57:00,24037.71,0.98
A018,A032,TRANSFERRED_TO,2026-08-29T14:58:00,16785.93,0.832
A025,A001,TRANSFERRED_TO,2026-08-30T01:59:00,5731.88,0.863
A032,A020,TRANSFERRED_TO,2026-08-01T12:00:00,250430.42,0.972
A039,A041,TRANSFERRED_TO,2026-08-02T23:01:00,8130.59,0.815
A046,A008,TRANSFERRED_TO,2026-08-03T10:02:00,10379.64,0.839
A003,A027,TRANSFERRED_TO,2026-08-04T21:03:00,19739.88,0.857
A010,A046,TRANSFERRED_TO,2026-08-05T08:04:00,7716.5,0.831
A017,A015,TRANSFERRED_TO,2026-08-06T19:05:00,12932.51,0.818
A024,A034,TRANSFERRED_TO,2026-08-07T06:06:00,41772.38,0.831
A031,A003,TRANSFERRED_TO,2026-08-08T17:07:00,27377.77,0.875
A038,A022,TRANSFERRED_TO,2026-08-09T04:08:00,34645.08,0.808
A045,A041,TRANSFERRED_TO,2026-08-10T15:09:00,11629.09,0.813
A002,A010,TRANSFERRED_TO,2026-08-11T02:10:00,37124.39,0.805
A009,A029,TRANSFERRED_TO,2026-08-12T13:11:00,26375.26,0.891
A016,A048,TRANSFERRED_TO,2026-08-13T00:12:00,8818.13,0.963
A023,A017,TRANSFERRED_TO,2026-08-14T11:13:00,43034.88,0.967
A030,A036,TRANSFERRED_TO,2026-08-15T22:14:00,28637.22,0.976
A037,A005,TRANSFERRED_TO,2026-08-16T09:15:00,26282.16,0.873
A044,A024,TRANSFERRED_TO,2026-08-17T20:16:00,15895.91,0.901
A001,A043,TRANSFERRED_TO,2026-08-18T07:17:00,39471.78,0.806
A008,A012,TRANSFERRED_TO,2026-08-19T18:18:00,2673.55,0.986
A015,A031,TRANSFERRED_TO,2026-08-20T05:19:00,23826.75,0.927
A022,A050,TRANSFERRED_TO,2026-08-21T16:20:00,26724.49,0.857
A029,A019,TRANSFERRED_TO,2026-08-22T03:21:00,14257.68,0.884
A036,A038,TRANSFERRED_TO,2026-08-23T14:22:00,13977.27,0.92
A043,A007,TRANSFERRED_TO,2026-08-24T01:23:00,10713.06,0.88
A050,A026,TRANSFERRED_TO,2026-08-25T12:24:00,7510.26,0.985
A007,A045,TRANSFERRED_TO,2026-08-26T23:25:00,40584.1,0.849
A014,A016,TRANSFERRED_TO,2026-08-27T10:26:00,34097.83,0.835
A021,A033,TRANSFERRED_TO,2026-08-28T21:27:00,16938.08,0.88
A028,A002,TRANSFERRED_TO,2026-08-29T08:28:00,14889.53,0.919
A035,A021,TRANSFERRED_TO,2026-08-30T19:29:00,287752.56,0.987
A042,A040,TRANSFERRED_TO,2026-08-01T06:30:00,37247.74,0.951
A049,A009,TRANSFERRED_TO,2026-08-02T17:31:00,25926.13,0.901
A006,A028,TRANSFERRED_TO,2026-08-03T04:32:00,32793.43,0.922
A013,A047,TRANSFERRED_TO,2026-08-04T15:33:00,25369.95,0.877
A020,A016,TRANSFERRED_TO,2026-08-05T02:34:00,29725.84,0.872
A027,A035,TRANSFERRED_TO,2026-08-06T13:35:00,11532.15,0.913
A034,A004,TRANSFERRED_TO,2026-08-07T00:36:00,43098.89,0.821
A041,A023,TRANSFERRED_TO,2026-08-08T11:37:00,33781.28,0.988
A048,A042,TRANSFERRED_TO,2026-08-09T22:38:00,20713.14,0.912
A005,A011,TRANSFERRED_TO,2026-08-10T09:39:00,38511.51,0.986
A012,A030,TRANSFERRED_TO,2026-08-11T20:40:00,32020.16,0.926
A019,A049,TRANSFERRED_TO,2026-08-12T07:41:00,18904.11,0.915
A026,A018,TRANSFERRED_TO,2026-08-13T18:42:00,10611.08,0.802
A033,A037,TRANSFERRED_TO,2026-08-14T05:43:00,38350.01,0.964
A040,A006,TRANSFERRED_TO,2026-08-15T16:44:00,11244.5,0.903
A047,A025,TRANSFERRED_TO,2026-08-16T03:45:00,22984.11,0.899
A004,A044,TRANSFERRED_TO,2026-08-17T14:46:00,43085.38,0.929
A011,A013,TRANSFERRED_TO,2026-08-18T01:47:00,15930.07,0.887
A018,A032,TRANSFERRED_TO,2026-08-19T12:48:00,27376.56,0.803
A025,A001,TRANSFERRED_TO,2026-08-20T23:49:00,41029.34,0.934
A032,A020,TRANSFERRED_TO,2026-08-21T10:50:00,7661.69,0.845
A039,A041,TRANSFERRED_TO,2026-08-22T21:51:00,7657.56,0.819
A046,A008,TRANSFERRED_TO,2026-08-23T08:52:00,24993.22,0.988
A003,A027,TRANSFERRED_TO,2026-08-24T19:53:00,43663.64,0.884
A010,A046,TRANSFERRED_TO,2026-08-25T06:54:00,19754.29,0.942
A017,A015,TRANSFERRED_TO,2026-08-26T17:55:00,37316.28,0.882
A024,A034,TRANSFERRED_TO,2026-08-27T04:56:00,28827.84,0.896
A031,A003,TRANSFERRED_TO,2026-08-28T15:57:00,24980.72,0.813
A038,A022,TRANSFERRED_TO,2026-08-29T02:58:00,231315.31,0.842
A045,A041,TRANSFERRED_TO,2026-08-30T13:59:00,12968.5,0.976
A002,A010,TRANSFERRED_TO,2026-08-01T00:00:00,36500.52,0.956
A009,A029,TRANSFERRED_TO,2026-08-02T11:01:00,40308.05,0.966
A016,A048,TRANSFERRED_TO,2026-08-03T22:02:00,16639.0,0.936
A023,A017,TRANSFERRED_TO,2026-08-04T09:03:00,21482.63,0.905
A030,A036,TRANSFERRED_TO,2026-08-05T20:04:00,19887.66,0.872
A037,A005,TRANSFERRED_TO,2026-08-06T07:05:00,38666.73,0.909
A044,A024,TRANSFERRED_TO,2026-08-07T18:06:00,18152.18,0.87
A001,A043,TRANSFERRED_TO,2026-08-08T05:07:00,44958.5,0.896
A008,A012,TRANSFERRED_TO,2026-08-09T16:08:00,11652.18,0.9
A015,A031,TRANSFERRED_TO,2026-08-10T03:09:00,4949.02,0.812
A022,A050,TRANSFERRED_TO,2026-08-11T14:10:00,14213.12,0.962
A029,A019,TRANSFERRED_TO,2026-08-12T01:11:00,4827.32,0.947
A036,A038,TRANSFERRED_TO,2026-08-13T12:12:00,37630.26,0.914
A043,A007,TRANSFERRED_TO,2026-08-14T23:13:00,33103.76,0.967
A050,A026,TRANSFERRED_TO,2026-08-15T10:14:00,28702.81,0.837
A007,A045,TRANSFERRED_TO,2026-08-16T21:15:00,9975.62,0.815
A014,A016,TRANSFERRED_TO,2026-08-17T08:16:00,16848.9,0.958
A021,A033,TRANSFERRED_TO,2026-08-18T19:17:00,42325.81,0.978
A028,A002,TRANSFERRED_TO,2026-08-19T06:18:00,32571.18,0.841
A035,A021,TRANSFERRED_TO,2026-08-20T17:19:00,12558.36,0.859
A042,A040,TRANSFERRED_TO,2026-08-21T04:20:00,33209.5,0.856
A049,A009,TRANSFERRED_TO,2026-08-22T15:21:00,25688.07,0.983
A006,A028,TRANSFERRED_TO,2026-08-23T02:22:00,41725.35,0.866
A013,A047,TRANSFERRED_TO,2026-08-24T13:23:00,13716.37,0.929
A020,A016,TRANSFERRED_TO,2026-08-25T00:24:00,25604.91,0.823
A027,A035,TRANSFERRED_TO,2026-08-26T11:25:00,36427.83,0.879
A034,A004,TRANSFERRED_TO,2026-08-27T22:26:00,9745.63,0.973
A041,A023,TRANSFERRED_TO,2026-08-28T09:27:00,391989.41,0.847
A048,A042,TRANSFERRED_TO,2026-08-29T20:28:00,23816.46,0.856
A005,A011,TRANSFERRED_TO,2026-08-30T07:29:00,11158.65,0.934
A012,A030,TRANSFERRED_TO,2026-08-01T18:30:00,19899.38,0.86
A019,A049,TRANSFERRED_TO,2026-08-02T05:31:00,35944.21,0.828
A026,A018,TRANSFERRED_TO,2026-08-03T16:32:00,12613.68,0.969
A033,A037,TRANSFERRED_TO,2026-08-04T03:33:00,27548.99,0.801
A040,A006,TRANSFERRED_TO,2026-08-05T14:34:00,26853.1,0.895
A047,A025,TRANSFERRED_TO,2026-08-06T01:35:00,37998.74,0.945
A004,A044,TRANSFERRED_TO,2026-08-07T12:36:00,37683.93,0.945
A011,A013,TRANSFERRED_TO,2026-08-08T23:37:00,6679.76,0.989
A018,A032,TRANSFERRED_TO,2026-08-09T10:38:00,30719.11,0.802
A025,A001,TRANSFERRED_TO,2026-08-10T21:39:00,42555.31,0.902
A032,A020,TRANSFERRED_TO,2026-08-11T08:40:00,8211.97,0.846
A039,A041,TRANSFERRED_TO,2026-08-12T19:41:00,19939.28,0.977
A046,A008,TRANSFERRED_TO,2026-08-13T06:42:00,44977.43,0.873
A003,A027,TRANSFERRED_TO,2026-08-14T17:43:00,37472.5,0.874
A010,A046,TRANSFERRED_TO,2026-08-15T04:44:00,37038.9,0.932
A017,A015,TRANSFERRED_TO,2026-08-16T15:45:00,27348.63,0.903
A024,A034,TRANSFERRED_TO,2026-08-17T02:46:00,8437.19,0.877
A031,A003,TRANSFERRED_TO,2026-08-18T13:47:00,19790.06,0.9
A038,A022,TRANSFERRED_TO,2026-08-19T00:48:00,27358.35,0.904
A045,A041,TRANSFERRED_TO,2026-08-20T11:49:00,9524.68,0.919
A002,A010,TRANSFERRED_TO,2026-08-21T22:50:00,9425.98,0.849
A009,A029,TRANSFERRED_TO,2026-08-22T09:51:00,25514.88,0.912
A016,A048,TRANSFERRED_TO,2026-08-23T20:52:00,8452.4,0.846
A023,A017,TRANSFERRED_TO,2026-08-24T07:53:00,24120.97,0.868
A030,A036,TRANSFERRED_TO,2026-08-25T18:54:00,10332.92,0.912
A037,A005,TRANSFERRED_TO,2026-08-26T05:55:00,6247.25,0.834
A044,A024,TRANSFERRED_TO,2026-08-27T16:56:00,272458.44,0.884
A001,A043,TRANSFERRED_TO,2026-08-28T03:57:00,3699.59,0.919
A008,A012,TRANSFERRED_TO,2026-08-29T14:58:00,3759.32,0.863
A015,A031,TRANSFERRED_TO,2026-08-30T01:59:00,6121.38,0.965
A022,A050,TRANSFERRED_TO,2026-08-01T12:00:00,7830.31,0.887
A029,A019,TRANSFERRED_TO,2026-08-02T23:01:00,24315.63,0.887
A036,A038,TRANSFERRED_TO,2026-08-03T10:02:00,20640.22,0.977
A043,A007,TRANSFERRED_TO,2026-08-04T21:03:00,31981.03,0.979
A050,A026,TRANSFERRED_TO,2026-08-05T08:04:00,36407.66,0.84
A007,A045,TRANSFERRED_TO,2026-08-06T19:05:00,2553.2,0.837
A014,A016,TRANSFERRED_TO,2026-08-07T06:06:00,25464.89,0.98
A021,A033,TRANSFERRED_TO,2026-08-08T17:07:00,4418.56,0.94
A028,A002,TRANSFERRED_TO,2026-08-09T04:08:00,44297.89,0.929
A035,A021,TRANSFERRED_TO,2026-08-10T15:09:00,22738.12,0.988
A042,A040,TRANSFERRED_TO,2026-08-11T02:10:00,29969.75,0.964
A049,A009,TRANSFERRED_TO,2026-08-12T13:11:00,14727.98,0.951
A006,A028,TRANSFERRED_TO,2026-08-13T00:12:00,24584.41,0.854
A013,A047,TRANSFERRED_TO,2026-08-14T11:13:00,17605.36,0.821
A020,A016,TRANSFERRED_TO,2026-08-15T22:14:00,39504.67,0.866
A027,A035,TRANSFERRED_TO,2026-08-16T09:15:00,23161.07,0.871
A034,A004,TRANSFERRED_TO,2026-08-17T20:16:00,17588.34,0.807
A041,A023,TRANSFERRED_TO,2026-08-18T07:17:00,34288.72,0.905
A048,A042,TRANSFERRED_TO,2026-08-19T18:18:00,21593.73,0.984
A005,A011,TRANSFERRED_TO,2026-08-20T05:19:00,9935.35,0.892
A012,A030,TRANSFERRED_TO,2026-08-21T16:20:00,12937.14,0.933
A019,A049,TRANSFERRED_TO,2026-08-22T03:21:00,28583.77,0.97
A026,A018,TRANSFERRED_TO,2026-08-23T14:22:00,12294.36,0.99
A033,A037,TRANSFERRED_TO,2026-08-24T01:23:00,35246.81,0.977
A040,A006,TRANSFERRED_TO,2026-08-25T12:24:00,18832.93,0.833
A047,A025,TRANSFERRED_TO,2026-08-26T23:25:00,284531.15,0.878
A004,A044,TRANSFERRED_TO,2026-08-27T10:26:00,39563.71,0.892
A011,A013,TRANSFERRED_TO,2026-08-28T21:27:00,32831.35,0.847
A018,A032,TRANSFERRED_TO,2026-08-29T08:28:00,34912.91,0.987
A025,A001,TRANSFERRED_TO,2026-08-30T19:29:00,43209.98,0.911
A032,A020,TRANSFERRED_TO,2026-08-01T06:30:00,8894.88,0.862
A039,A041,TRANSFERRED_TO,2026-08-02T17:31:00,14334.82,0.954
A046,A008,TRANSFERRED_TO,2026-08-03T04:32:00,5583.4,0.924
A003,A027,TRANSFERRED_TO,2026-08-04T15:33:00,7614.95,0.946
A010,A046,TRANSFERRED_TO,2026-08-05T02:34:00,17847.62,0.912
A017,A015,TRANSFERRED_TO,2026-08-06T13:35:00,2537.34,0.964
A024,A034,TRANSFERRED_TO,2026-08-07T00:36:00,37351.79,0.924
A031,A003,TRANSFERRED_TO,2026-08-08T11:37:00,14418.36,0.825
A038,A022,TRANSFERRED_TO,2026-08-09T22:38:00,3621.81,0.912
A045,A041,TRANSFERRED_TO,2026-08-10T09:39:00,7695.98,0.901
A002,A010,TRANSFERRED_TO,2026-08-11T20:40:00,21032.74,0.958
A009,A029,TRANSFERRED_TO,2026-08-12T07:41:00,18138.41,0.989
A016,A048,TRANSFERRED_TO,2026-08-13T18:42:00,17223.24,0.912
A023,A017,TRANSFERRED_TO,2026-08-14T05:43:00,4632.72,0.853
A030,A036,TRANSFERRED_TO,2026-08-15T16:44:00,17880.28,0.838
A037,A005,TRANSFERRED_TO,2026-08-16T03:45:00,31473.95,0.84
A044,A024,TRANSFERRED_TO,2026-08-17T14:46:00,20928.37,0.904
A001,A043,TRANSFERRED_TO,2026-08-18T01:47:00,5347.74,0.85
A008,A012,TRANSFERRED_TO,2026-08-19T12:48:00,32632.73,0.856
A015,A031,TRANSFERRED_TO,2026-08-20T23:49:00,40169.48,0.963
A022,A050,TRANSFERRED_TO,2026-08-21T10:50:00,19623.26,0.849
A029,A019,TRANSFERRED_TO,2026-08-22T21:51:00,44172.8,0.897
A036,A038,TRANSFERRED_TO,2026-08-23T08:52:00,4800.68,0.974
A043,A007,TRANSFERRED_TO,2026-08-24T19:53:00,33635.57,0.866
A050,A026,TRANSFERRED_TO,2026-08-25T06:54:00,374809.93,0.919
A007,A045,TRANSFERRED_TO,2026-08-26T17:55:00,33179.2,0.835
A014,A016,TRANSFERRED_TO,2026-08-27T04:56:00,12677.63,0.88
A021,A033,TRANSFERRED_TO,2026-08-28T15:57:00,40796.86,0.964
A028,A002,TRANSFERRED_TO,2026-08-29T02:58:00,29005.5,0.824
A035,A021,TRANSFERRED_TO,2026-08-30T13:59:00,13746.22,0.865
A042,A040,TRANSFERRED_TO,2026-08-01T00:00:00,4130.38,0.844
A049,A009,TRANSFERRED_TO,2026-08-02T11:01:00,27685.56,0.925
A006,A028,TRANSFERRED_TO,2026-08-03T22:02:00,6311.31,0.853
A013,A047,TRANSFERRED_TO,2026-08-04T09:03:00,19565.14,0.853
A020,A016,TRANSFERRED_TO,2026-08-05T20:04:00,25568.12,0.918
A027,A035,TRANSFERRED_TO,2026-08-06T07:05:00,17056.06,0.904
A034,A004,TRANSFERRED_TO,2026-08-07T18:06:00,19742.62,0.979
A041,A023,TRANSFERRED_TO,2026-08-08T05:07:00,22901.59,0.93
A048,A042,TRANSFERRED_TO,2026-08-09T16:08:00,14658.24,0.882
A005,A011,TRANSFERRED_TO,2026-08-10T03:09:00,34173.85,0.918
A012,A030,TRANSFERRED_TO,2026-08-11T14:10:00,25410.34,0.902
A019,A049,TRANSFERRED_TO,2026-08-12T01:11:00,6416.01,0.987
A026,A018,TRANSFERRED_TO,2026-08-13T12:12:00,3945.61,0.908
A033,A037,TRANSFERRED_TO,2026-08-14T23:13:00,44400.9,0.937
A040,A006,TRANSFERRED_TO,2026-08-15T10:14:00,24123.29,0.879
A047,A025,TRANSFERRED_TO,2026-08-16T21:15:00,12133.52,0.867
A004,A044,TRANSFERRED_TO,2026-08-17T08:16:00,23783.63,0.958
A011,A013,TRANSFERRED_TO,2026-08-18T19:17:00,26939.02,0.908
A018,A032,TRANSFERRED_TO,2026-08-19T06:18:00,30746.39,0.938
A025,A001,TRANSFERRED_TO,2026-08-20T17:19:00,25166.5,0.93
A032,A020,TRANSFERRED_TO,2026-08-21T04:20:00,18465.02,0.852
A039,A041,TRANSFERRED_TO,2026-08-22T15:21:00,16010.31,0.965
A046,A008,TRANSFERRED_TO,2026-08-23T02:22:00,44578.42,0.937
A003,A027,TRANSFERRED_TO,2026-08-24T13:23:00,328875.57,0.8
A010,A046,TRANSFERRED_TO,2026-08-25T00:24:00,8067.55,0.884
A017,A015,TRANSFERRED_TO,2026-08-26T11:25:00,36479.44,0.83
A024,A034,TRANSFERRED_TO,2026-08-27T22:26:00,41313.92,0.927
A031,A003,TRANSFERRED_TO,2026-08-28T09:27:00,14658.59,0.945
A038,A022,TRANSFERRED_TO,2026-08-29T20:28:00,5371.93,0.967
A045,A041,TRANSFERRED_TO,2026-08-30T07:29:00,29294.87,0.89
A002,A010,TRANSFERRED_TO,2026-08-01T18:30:00,36659.59,0.868
A009,A029,TRANSFERRED_TO,2026-08-02T05:31:00,5121.7,0.927
A016,A048,TRANSFERRED_TO,2026-08-03T16:32:00,39054.95,0.884
A023,A017,TRANSFERRED_TO,2026-08-04T03:33:00,28028.58,0.864
A030,A036,TRANSFERRED_TO,2026-08-05T14:34:00,19912.73,0.951
A037,A005,TRANSFERRED_TO,2026-08-06T01:35:00,43111.56,0.913
A044,A024,TRANSFERRED_TO,2026-08-07T12:36:00,6943.66,0.819
A001,A043,TRANSFERRED_TO,2026-08-08T23:37:00,25621.54,0.989
A008,A012,TRANSFERRED_TO,2026-08-09T10:38:00,21559.43,0.809
A015,A031,TRANSFERRED_TO,2026-08-10T21:39:00,10985.3,0.841
A022,A050,TRANSFERRED_TO,2026-08-11T08:40:00,5162.59,0.98
A029,A019,TRANSFERRED_TO,2026-08-12T19:41:00,15589.46,0.805
A036,A038,TRANSFERRED_TO,2026-08-13T06:42:00,41356.5,0.804
A043,A007,TRANSFERRED_TO,2026-08-14T17:43:00,32416.58,0.819
A050,A026,TRANSFERRED_TO,2026-08-15T04:44:00,14890.39,0.954
A007,A045,TRANSFERRED_TO,2026-08-16T15:45:00,22268.47,0.974
A014,A016,TRANSFERRED_TO,2026-08-17T02:46:00,43990.42,0.933
A021,A033,TRANSFERRED_TO,2026-08-18T13:47:00,32771.67,0.922
A028,A002,TRANSFERRED_TO,2026-08-19T00:48:00,21459.41,0.95
A035,A021,TRANSFERRED_TO,2026-08-20T11:49:00,39292.74,0.967
A042,A040,TRANSFERRED_TO,2026-08-21T22:50:00,4651.29,0.928
A049,A009,TRANSFERRED_TO,2026-08-22T09:51:00,30506.78,0.804
A006,A028,TRANSFERRED_TO,2026-08-23T20:52:00,286277.16,0.939
A013,A047,TRANSFERRED_TO,2026-08-24T07:53:00,2892.23,0.978
A020,A016,TRANSFERRED_TO,2026-08-25T18:54:00,43691.09,0.889
A027,A035,TRANSFERRED_TO,2026-08-26T05:55:00,44602.97,0.973
A034,A004,TRANSFERRED_TO,2026-08-27T16:56:00,16473.87,0.926
A041,A023,TRANSFERRED_TO,2026-08-28T03:57:00,34325.05,0.92
A048,A042,TRANSFERRED_TO,2026-08-29T14:58:00,4838.63,0.946
A005,A011,TRANSFERRED_TO,2026-08-30T01:59:00,14341.86,0.945
A012,A030,TRANSFERRED_TO,2026-08-01T12:00:00,38498.54,0.949
A019,A049,TRANSFERRED_TO,2026-08-02T23:01:00,27973.77,0.963
A026,A018,TRANSFERRED_TO,2026-08-03T10:02:00,23997.61,0.825
A033,A037,TRANSFERRED_TO,2026-08-04T21:03:00,16529.6,0.841
A040,A006,TRANSFERRED_TO,2026-08-05T08:04:00,25056.7,0.969
A047,A025,TRANSFERRED_TO,2026-08-06T19:05:00,42201.12,0.958
A004,A044,TRANSFERRED_TO,2026-08-07T06:06:00,42772.72,0.897
A011,A013,TRANSFERRED_TO,2026-08-08T17:07:00,35046.21,0.956
A018,A032,TRANSFERRED_TO,2026-08-09T04:08:00,9018.29,0.86
A025,A001,TRANSFERRED_TO,2026-08-10T15:09:00,16707.14,0.818
A032,A020,TRANSFERRED_TO,2026-08-11T02:10:00,14619.79,0.968
A039,A041,TRANSFERRED_TO,2026-08-12T13:11:00,12951.39,0.804
A046,A008,TRANSFERRED_TO,2026-08-13T00:12:00,34893.2,0.881
A003,A027,TRANSFERRED_TO,2026-08-14T11:13:00,15549.63,0.983
A010,A046,TRANSFERRED_TO,2026-08-15T22:14:00,9164.07,0.873
A017,A015,TRANSFERRED_TO,2026-08-16T09:15:00,12383.82,0.963
A024,A034,TRANSFERRED_TO,2026-08-17T20:16:00,5786.27,0.965
A031,A003,TRANSFERRED_TO,2026-08-18T07:17:00,20089.05,0.838
A038,A022,TRANSFERRED_TO,2026-08-19T18:18:00,24439.84,0.838
A045,A041,TRANSFERRED_TO,2026-08-20T05:19:00,31953.16,0.899
A002,A010,TRANSFERRED_TO,2026-08-21T16:20:00,8689.53,0.965
A009,A029,TRANSFERRED_TO,2026-08-22T03:21:00,279331.36,0.962
A016,A048,TRANSFERRED_TO,2026-08-23T14:22:00,17886.7,0.876
A023,A017,TRANSFERRED_TO,2026-08-24T01:23:00,30292.07,0.982
A030,A036,TRANSFERRED_TO,2026-08-25T12:24:00,8789.9,0.845
A037,A005,TRANSFERRED_TO,2026-08-26T23:25:00,6874.8,0.863
A044,A024,TRANSFERRED_TO,2026-08-27T10:26:00,24414.46,0.846
A001,A043,TRANSFERRED_TO,2026-08-28T21:27:00,44227.61,0.829
A008,A012,TRANSFERRED_TO,2026-08-29T08:28:00,8599.21,0.804
A015,A031,TRANSFERRED_TO,2026-08-30T19:29:00,15485.4,0.933
A022,A050,TRANSFERRED_TO,2026-08-01T06:30:00,12382.46,0.978
A029,A019,TRANSFERRED_TO,2026-08-02T17:31:00,30560.21,0.973
A036,A038,TRANSFERRED_TO,2026-08-03T04:32:00,2552.56,0.94
A043,A007,TRANSFERRED_TO,2026-08-04T15:33:00,25409.13,0.834
A050,A026,TRANSFERRED_TO,2026-08-05T02:34:00,40386.45,0.922
A007,A045,TRANSFERRED_TO,2026-08-06T13:35:00,33966.61,0.952
A014,A016,TRANSFERRED_TO,2026-08-07T00:36:00,31995.04,0.812
A021,A033,TRANSFERRED_TO,2026-08-08T11:37:00,35966.14,0.859
A028,A002,TRANSFERRED_TO,2026-08-09T22:38:00,21289.42,0.931
A035,A021,TRANSFERRED_TO,2026-08-10T09:39:00,6578.61,0.855
A042,A040,TRANSFERRED_TO,2026-08-11T20:40:00,43832.06,0.819
A049,A009,TRANSFERRED_TO,2026-08-12T07:41:00,13357.58,0.852
A006,A028,TRANSFERRED_TO,2026-08-13T18:42:00,10203.6,0.805
A013,A047,TRANSFERRED_TO,2026-08-14T05:43:00,20223.62,0.851
A020,A016,TRANSFERRED_TO,2026-08-15T16:44:00,21859.02,0.985
A027,A035,TRANSFERRED_TO,2026-08-16T03:45:00,4440.07,0.808
A034,A004,TRANSFERRED_TO,2026-08-17T14:46:00,28939.33,0.856
A041,A023,TRANSFERRED_TO,2026-08-18T01:47:00,20202.92,0.844
A048,A042,TRANSFERRED_TO,2026-08-19T12:48:00,26077.91,0.872
A005,A011,TRANSFERRED_TO,2026-08-20T23:49:00,16400.92,0.828
A012,A030,TRANSFERRED_TO,2026-08-21T10:50:00,447470.36,0.916
A019,A049,TRANSFERRED_TO,2026-08-22T21:51:00,28493.78,0.961
A026,A018,TRANSFERRED_TO,2026-08-23T08:52:00,35688.71,0.946
A033,A037,TRANSFERRED_TO,2026-08-24T19:53:00,43815.92,0.872
A040,A006,TRANSFERRED_TO,2026-08-25T06:54:00,12139.57,0.908
A047,A025,TRANSFERRED_TO,2026-08-26T17:55:00,26524.29,0.935
A004,A044,TRANSFERRED_TO,2026-08-27T04:56:00,33230.63,0.815
A011,A013,TRANSFERRED_TO,2026-08-28T15:57:00,19675.08,0.954
A018,A032,TRANSFERRED_TO,2026-08-29T02:58:00,15009.54,0.949
A025,A001,TRANSFERRED_TO,2026-08-30T13:59:00,25744.94,0.871
A032,A020,TRANSFERRED_TO,2026-08-01T00:00:00,35642.05,0.963
A039,A041,TRANSFERRED_TO,2026-08-02T11:01:00,27286.08,0.949
A046,A008,TRANSFERRED_TO,2026-08-03T22:02:00,5918.17,0.874
A003,A027,TRANSFERRED_TO,2026-08-04T09:03:00,5550.12,0.807
A010,A046,TRANSFERRED_TO,2026-08-05T20:04:00,9140.51,0.927
A017,A015,TRANSFERRED_TO,2026-08-06T07:05:00,40406.32,0.89
A024,A034,TRANSFERRED_TO,2026-08-07T18:06:00,25764.65,0.955
A031,A003,TRANSFERRED_TO,2026-08-08T05:07:00,35147.54,0.882
A038,A022,TRANSFERRED_TO,2026-08-09T16:08:00,42247.32,0.902
A045,A041,TRANSFERRED_TO,2026-08-10T03:09:00,25289.63,0.987
A002,A010,TRANSFERRED_TO,2026-08-11T14:10:00,14689.97,0.833
A009,A029,TRANSFERRED_TO,2026-08-12T01:11:00,39351.16,0.922
A016,A048,TRANSFERRED_TO,2026-08-13T12:12:00,41529.11,0.945
A023,A017,TRANSFERRED_TO,2026-08-14T23:13:00,12178.87,0.928
A030,A036,TRANSFERRED_TO,2026-08-15T10:14:00,25827.07,0.872
A037,A005,TRANSFERRED_TO,2026-08-16T21:15:00,7684.53,0.943
A044,A024,TRANSFERRED_TO,2026-08-17T08:16:00,36904.69,0.917
A001,A043,TRANSFERRED_TO,2026-08-18T19:17:00,2559.31,0.98
A008,A012,TRANSFERRED_TO,2026-08-19T06:18:00,36985.21,0.937
A015,A031,TRANSFERRED_TO,2026-08-20T17:19:00,309458.04,0.989
A022,A050,TRANSFERRED_TO,2026-08-21T04:20:00,4770.44,0.864
A029,A019,TRANSFERRED_TO,2026-08-22T15:21:00,37119.74,0.83
A036,A038,TRANSFERRED_TO,2026-08-23T02:22:00,29642.04,0.893
A043,A007,TRANSFERRED_TO,2026-08-24T13:23:00,23329.05,0.932
A050,A026,TRANSFERRED_TO,2026-08-25T00:24:00,39262.91,0.835
A007,A045,TRANSFERRED_TO,2026-08-26T11:25:00,21247.56,0.856
A014,A016,TRANSFERRED_TO,2026-08-27T22:26:00,13098.52,0.945
A021,A033,TRANSFERRED_TO,2026-08-28T09:27:00,44356.67,0.978
A028,A002,TRANSFERRED_TO,2026-08-29T20:28:00,43443.38,0.875
A035,A021,TRANSFERRED_TO,2026-08-30T07:29:00,32008.7,0.834
A042,A040,TRANSFERRED_TO,2026-08-01T18:30:00,27468.67,0.93
A049,A009,TRANSFERRED_TO,2026-08-02T05:31:00,44387.13,0.839
A006,A028,TRANSFERRED_TO,2026-08-03T16:32:00,39254.25,0.988
A013,A047,TRANSFERRED_TO,2026-08-04T03:33:00,13034.12,0.988
A020,A016,TRANSFERRED_TO,2026-08-05T14:34:00,28575.09,0.925
A027,A035,TRANSFERRED_TO,2026-08-06T01:35:00,22127.42,0.925
A034,A004,TRANSFERRED_TO,2026-08-07T12:36:00,16320.73,0.858
A041,A023,TRANSFERRED_TO,2026-08-08T23:37:00,23184.82,0.97
A048,A042,TRANSFERRED_TO,2026-08-09T10:38:00,12609.43,0.977
A005,A011,TRANSFERRED_TO,2026-08-10T21:39:00,4137.67,0.833
A012,A030,TRANSFERRED_TO,2026-08-11T08:40:00,10726.06,0.914
A019,A049,TRANSFERRED_TO,2026-08-12T19:41:00,5553.29,0.904
A026,A018,TRANSFERRED_TO,2026-08-13T06:42:00,44152.87,0.828
A033,A037,TRANSFERRED_TO,2026-08-14T17:43:00,15970.32,0.919
A040,A006,TRANSFERRED_TO,2026-08-15T04:44:00,7248.83,0.892
A047,A025,TRANSFERRED_TO,2026-08-16T15:45:00,29533.77,0.88
A004,A044,TRANSFERRED_TO,2026-08-17T02:46:00,32004.95,0.822
A011,A013,TRANSFERRED_TO,2026-08-18T13:47:00,13826.9,0.884
A018,A032,TRANSFERRED_TO,2026-08-19T00:48:00,305525.62,0.943
A025,A001,TRANSFERRED_TO,2026-08-20T11:49:00,14860.33,0.864
A032,A020,TRANSFERRED_TO,2026-08-21T22:50:00,30297.19,0.823
A039,A041,TRANSFERRED_TO,2026-08-22T09:51:00,12444.23,0.811
A046,A008,TRANSFERRED_TO,2026-08-23T20:52:00,21603.78,0.923
A003,A027,TRANSFERRED_TO,2026-08-24T07:53:00,11292.72,0.839
A010,A046,TRANSFERRED_TO,2026-08-25T18:54:00,5654.75,0.832
A017,A015,TRANSFERRED_TO,2026-08-26T05:55:00,8473.64,0.934
A024,A034,TRANSFERRED_TO,2026-08-27T16:56:00,26898.5,0.909
A031,A003,TRANSFERRED_TO,2026-08-28T03:57:00,16934.38,0.83
A038,A022,TRANSFERRED_TO,2026-08-29T14:58:00,10862.49,0.867
A045,A041,TRANSFERRED_TO,2026-08-30T01:59:00,25644.74,0.834
A002,A010,TRANSFERRED_TO,2026-08-01T12:00:00,39944.07,0.838
A009,A029,TRANSFERRED_TO,2026-08-02T23:01:00,41105.78,0.887
A016,A048,TRANSFERRED_TO,2026-08-03T10:02:00,17188.22,0.902
A023,A017,TRANSFERRED_TO,2026-08-04T21:03:00,19375.13,0.85
A030,A036,TRANSFERRED_TO,2026-08-05T08:04:00,19080.22,0.988
A037,A005,TRANSFERRED_TO,2026-08-06T19:05:00,10620.64,0.977
A044,A024,TRANSFERRED_TO,2026-08-07T06:06:00,33507.68,0.886
A001,A043,TRANSFERRED_TO,2026-08-08T17:07:00,27116.55,0.915
A008,A012,TRANSFERRED_TO,2026-08-09T04:08:00,32578.29,0.928
A015,A031,TRANSFERRED_TO,2026-08-10T15:09:00,12932.75,0.957
A022,A050,TRANSFERRED_TO,2026-08-11T02:10:00,7759.93,0.814
A029,A019,TRANSFERRED_TO,2026-08-12T13:11:00,16170.22,0.878
A036,A038,TRANSFERRED_TO,2026-08-13T00:12:00,12815.57,0.986
A043,A007,TRANSFERRED_TO,2026-08-14T11:13:00,29231.38,0.915
A050,A026,TRANSFERRED_TO,2026-08-15T22:14:00,10959.22,0.833
A007,A045,TRANSFERRED_TO,2026-08-16T09:15:00,11183.41,0.9
A014,A016,TRANSFERRED_TO,2026-08-17T20:16:00,19212.99,0.894
A021,A033,TRANSFERRED_TO,2026-08-18T07:17:00,381295.1,0.874
A028,A002,TRANSFERRED_TO,2026-08-19T18:18:00,19883.62,0.803
A035,A021,TRANSFERRED_TO,2026-08-20T05:19:00,44431.2,0.874
A042,A040,TRANSFERRED_TO,2026-08-21T16:20:00,41860.85,0.807
A049,A009,TRANSFERRED_TO,2026-08-22T03:21:00,17626.13,0.982
A006,A028,TRANSFERRED_TO,2026-08-23T14:22:00,36811.16,0.874
A013,A047,TRANSFERRED_TO,2026-08-24T01:23:00,26525.69,0.803
A020,A016,TRANSFERRED_TO,2026-08-25T12:24:00,14395.94,0.968
A027,A035,TRANSFERRED_TO,2026-08-26T23:25:00,31467.22,0.828
A034,A004,TRANSFERRED_TO,2026-08-27T10:26:00,18816.89,0.9
A041,A023,TRANSFERRED_TO,2026-08-28T21:27:00,15502.46,0.805
A048,A042,TRANSFERRED_TO,2026-08-29T08:28:00,30455.12,0.956
A005,A011,TRANSFERRED_TO,2026-08-30T19:29:00,24609.84,0.915
A012,A030,TRANSFERRED_TO,2026-08-01T06:30:00,3471.83,0.965
A019,A049,TRANSFERRED_TO,2026-08-02T17:31:00,11307.49,0.847
A026,A018,TRANSFERRED_TO,2026-08-03T04:32:00,16640.31,0.891
A033,A037,TRANSFERRED_TO,2026-08-04T15:33:00,14785.64,0.914
A040,A006,TRANSFERRED_TO,2026-08-05T02:34:00,8722.09,0.939
A047,A025,TRANSFERRED_TO,2026-08-06T13:35:00,2629.38,0.97
A004,A044,TRANSFERRED_TO,2026-08-07T00:36:00,26304.6,0.977
A011,A013,TRANSFERRED_TO,2026-08-08T11:37:00,11119.05,0.863
A018,A032,TRANSFERRED_TO,2026-08-09T22:38:00,17360.19,0.876
A025,A001,TRANSFERRED_TO,2026-08-10T09:39:00,11568.15,0.987
A032,A020,TRANSFERRED_TO,2026-08-11T20:40:00,24944.72,0.846
A039,A041,TRANSFERRED_TO,2026-08-12T07:41:00,31647.73,0.827
A046,A008,TRANSFERRED_TO,2026-08-13T18:42:00,32793.95,0.837
A003,A027,TRANSFERRED_TO,2026-08-14T05:43:00,8564.74,0.862
A010,A046,TRANSFERRED_TO,2026-08-15T16:44:00,13763.39,0.961
A017,A015,TRANSFERRED_TO,2026-08-16T03:45:00,43837.77,0.971
A024,A034,TRANSFERRED_TO,2026-08-17T14:46:00,259745.73,0.856
A031,A003,TRANSFERRED_TO,2026-08-18T01:47:00,44830.69,0.805
A038,A022,TRANSFERRED_TO,2026-08-19T12:48:00,28862.18,0.826
A045,A041,TRANSFERRED_TO,2026-08-20T23:49:00,38206.26,0.841
A002,A010,TRANSFERRED_TO,2026-08-21T10:50:00,6264.85,0.979
A009,A029,TRANSFERRED_TO,2026-08-22T21:51:00,23522.56,0.845
A016,A048,TRANSFERRED_TO,2026-08-23T08:52:00,31244.1,0.894
A023,A017,TRANSFERRED_TO,2026-08-24T19:53:00,18663.0,0.931
A030,A036,TRANSFERRED_TO,2026-08-25T06:54:00,44874.12,0.893
A037,A005,TRANSFERRED_TO,2026-08-26T17:55:00,43244.87,0.916
A044,A024,TRANSFERRED_TO,2026-08-27T04:56:00,31474.81,0.845
A001,A043,TRANSFERRED_TO,2026-08-28T15:57:00,27761.86,0.88
A008,A012,TRANSFERRED_TO,2026-08-29T02:58:00,42706.91,0.929
A015,A031,TRANSFERRED_TO,2026-08-30T13:59:00,10830.04,0.98
A022,A050,TRANSFERRED_TO,2026-08-01T00:00:00,32000.7,0.887
A029,A019,TRANSFERRED_TO,2026-08-02T11:01:00,42190.08,0.842
A036,A038,TRANSFERRED_TO,2026-08-03T22:02:00,43429.35,0.972
A043,A007,TRANSFERRED_TO,2026-08-04T09:03:00,31867.76,0.974
A050,A026,TRANSFERRED_TO,2026-08-05T20:04:00,23794.09,0.946
A007,A045,TRANSFERRED_TO,2026-08-06T07:05:00,5470.45,0.907
A014,A016,TRANSFERRED_TO,2026-08-07T18:06:00,33035.7,0.833
A021,A033,TRANSFERRED_TO,2026-08-08T05:07:00,14201.2,0.818
A028,A002,TRANSFERRED_TO,2026-08-09T16:08:00,22154.89,0.859
A035,A021,TRANSFERRED_TO,2026-08-10T03:09:00,5278.19,0.924
A042,A040,TRANSFERRED_TO,2026-08-11T14:10:00,17774.18,0.949
A049,A009,TRANSFERRED_TO,2026-08-12T01:11:00,8882.15,0.918
A006,A028,TRANSFERRED_TO,2026-08-13T12:12:00,15109.96,0.824
A013,A047,TRANSFERRED_TO,2026-08-14T23:13:00,43147.4,0.844
A020,A016,TRANSFERRED_TO,2026-08-15T10:14:00,29131.09,0.822
A027,A035,TRANSFERRED_TO,2026-08-16T21:15:00,417419.36,0.924
A034,A004,TRANSFERRED_TO,2026-08-17T08:16:00,25293.92,0.928
A041,A023,TRANSFERRED_TO,2026-08-18T19:17:00,38894.86,0.984
A048,A042,TRANSFERRED_TO,2026-08-19T06:18:00,22868.01,0.867
A005,A011,TRANSFERRED_TO,2026-08-20T17:19:00,26109.11,0.963
A012,A030,TRANSFERRED_TO,2026-08-21T04:20:00,43162.18,0.851
A019,A049,TRANSFERRED_TO,2026-08-22T15:21:00,35600.56,0.853
A026,A018,TRANSFERRED_TO,2026-08-23T02:22:00,7726.93,0.859
A033,A037,TRANSFERRED_TO,2026-08-24T13:23:00,7708.91,0.973
A040,A006,TRANSFERRED_TO,2026-08-25T00:24:00,21787.4,0.908
A047,A025,TRANSFERRED_TO,2026-08-26T11:25:00,21591.55,0.876
A004,A044,TRANSFERRED_TO,2026-08-27T22:26:00,41664.02,0.871
A011,A013,TRANSFERRED_TO,2026-08-28T09:27:00,21348.51,0.828
A018,A032,TRANSFERRED_TO,2026-08-29T20:28:00,4925.72,0.961
A025,A001,TRANSFERRED_TO,2026-08-30T07:29:00,27088.2,0.899
A032,A020,TRANSFERRED_TO,2026-08-01T18:30:00,5074.97,0.934
A039,A041,TRANSFERRED_TO,2026-08-02T05:31:00,27364.19,0.962
A046,A008,TRANSFERRED_TO,2026-08-03T16:32:00,37785.73,0.959
A003,A027,TRANSFERRED_TO,2026-08-04T03:33:00,43182.32,0.895
A010,A046,TRANSFERRED_TO,2026-08-05T14:34:00,7902.86,0.905
A017,A015,TRANSFERRED_TO,2026-08-06T01:35:00,6483.99,0.844
A024,A034,TRANSFERRED_TO,2026-08-07T12:36:00,36596.98,0.946
A031,A003,TRANSFERRED_TO,2026-08-08T23:37:00,5151.01,0.878
A038,A022,TRANSFERRED_TO,2026-08-09T10:38:00,16492.32,0.83
A045,A041,TRANSFERRED_TO,2026-08-10T21:39:00,39025.26,0.85
A002,A010,TRANSFERRED_TO,2026-08-11T08:40:00,17476.77,0.866
A009,A029,TRANSFERRED_TO,2026-08-12T19:41:00,29772.27,0.837
A016,A048,TRANSFERRED_TO,2026-08-13T06:42:00,22406.93,0.803
A023,A017,TRANSFERRED_TO,2026-08-14T17:43:00,6287.11,0.859
A030,A036,TRANSFERRED_TO,2026-08-15T04:44:00,234346.66,0.949
A037,A005,TRANSFERRED_TO,2026-08-16T15:45:00,40710.94,0.888
A044,A024,TRANSFERRED_TO,2026-08-17T02:46:00,34354.7,0.857
A001,A043,TRANSFERRED_TO,2026-08-18T13:47:00,7863.53,0.906
A008,A012,TRANSFERRED_TO,2026-08-19T00:48:00,39146.25,0.955
A015,A031,TRANSFERRED_TO,2026-08-20T11:49:00,41559.07,0.872
A022,A050,TRANSFERRED_TO,2026-08-21T22:50:00,25725.36,0.941
A029,A019,TRANSFERRED_TO,2026-08-22T09:51:00,19129.96,0.827
A036,A038,TRANSFERRED_TO,2026-08-23T20:52:00,23802.39,0.938
A043,A007,TRANSFERRED_TO,2026-08-24T07:53:00,18693.5,0.815
A050,A026,TRANSFERRED_TO,2026-08-25T18:54:00,40530.5,0.95
A007,A045,TRANSFERRED_TO,2026-08-26T05:55:00,10911.17,0.843
A014,A016,TRANSFERRED_TO,2026-08-27T16:56:00,24372.15,0.842
A021,A033,TRANSFERRED_TO,2026-08-28T03:57:00,14431.94,0.966
A028,A002,TRANSFERRED_TO,2026-08-29T14:58:00,23316.81,0.846
A035,A021,TRANSFERRED_TO,2026-08-30T01:59:00,8816.44,0.986
A042,A040,TRANSFERRED_TO,2026-08-01T12:00:00,32403.25,0.86
A049,A009,TRANSFERRED_TO,2026-08-02T23:01:00,17832.94,0.805
A006,A028,TRANSFERRED_TO,2026-08-03T10:02:00,12024.58,0.945
A013,A047,TRANSFERRED_TO,2026-08-04T21:03:00,42225.65,0.865
A020,A016,TRANSFERRED_TO,2026-08-05T08:04:00,39349.53,0.901
A027,A035,TRANSFERRED_TO,2026-08-06T19:05:00,22125.29,0.838
A034,A004,TRANSFERRED_TO,2026-08-07T06:06:00,33386.11,0.881
A041,A023,TRANSFERRED_TO,2026-08-08T17:07:00,19383.51,0.964
A048,A042,TRANSFERRED_TO,2026-08-09T04:08:00,41835.06,0.911
A005,A011,TRANSFERRED_TO,2026-08-10T15:09:00,18060.59,0.903
A012,A030,TRANSFERRED_TO,2026-08-11T02:10:00,35715.58,0.878
A019,A049,TRANSFERRED_TO,2026-08-12T13:11:00,37220.12,0.863
A026,A018,TRANSFERRED_TO,2026-08-13T00:12:00,7390.32,0.846
A033,A037,TRANSFERRED_TO,2026-08-14T11:13:00,433703.73,0.937
A040,A006,TRANSFERRED_TO,2026-08-15T22:14:00,40653.4,0.976
A047,A025,TRANSFERRED_TO,2026-08-16T09:15:00,39260.36,0.882
A004,A044,TRANSFERRED_TO,2026-08-17T20:16:00,39521.98,0.985
A011,A013,TRANSFERRED_TO,2026-08-18T07:17:00,24429.29,0.988
A018,A032,TRANSFERRED_TO,2026-08-19T18:18:00,5334.86,0.944
A025,A001,TRANSFERRED_TO,2026-08-20T05:19:00,42907.62,0.919
A032,A020,TRANSFERRED_TO,2026-08-21T16:20:00,43051.49,0.971
A039,A041,TRANSFERRED_TO,2026-08-22T03:21:00,40604.53,0.81
A046,A008,TRANSFERRED_TO,2026-08-23T14:22:00,27771.21,0.85
A003,A027,TRANSFERRED_TO,2026-08-24T01:23:00,4707.94,0.918
A010,A046,TRANSFERRED_TO,2026-08-25T12:24:00,18438.3,0.866
A017,A015,TRANSFERRED_TO,2026-08-26T23:25:00,37525.43,0.841
A024,A034,TRANSFERRED_TO,2026-08-27T10:26:00,35988.04,0.828
A031,A003,TRANSFERRED_TO,2026-08-28T21:27:00,37594.02,0.894
A038,A022,TRANSFERRED_TO,2026-08-29T08:28:00,15271.39,0.949
A045,A041,TRANSFERRED_TO,2026-08-30T19:29:00,5765.6,0.83
A002,A010,TRANSFERRED_TO,2026-08-01T06:30:00,25405.03,0.849
A009,A029,TRANSFERRED_TO,2026-08-02T17:31:00,26866.16,0.91
A016,A048,TRANSFERRED_TO,2026-08-03T04:32:00,14554.12,0.815
A023,A017,TRANSFERRED_TO,2026-08-04T15:33:00,40702.37,0.865
A030,A036,TRANSFERRED_TO,2026-08-05T02:34:00,19159.24,0.838
A037,A005,TRANSFERRED_TO,2026-08-06T13:35:00,11562.4,0.935
A044,A024,TRANSFERRED_TO,2026-08-07T00:36:00,10991.59,0.927
A001,A043,TRANSFERRED_TO,2026-08-08T11:37:00,11836.22,0.821
A008,A012,TRANSFERRED_TO,2026-08-09T22:38:00,11330.17,0.863
A015,A031,TRANSFERRED_TO,2026-08-10T09:39:00,23631.58,0.9
A022,A050,TRANSFERRED_TO,2026-08-11T20:40:00,7797.25,0.988
A029,A019,TRANSFERRED_TO,2026-08-12T07:41:00,11477.96,0.856
A036,A038,TRANSFERRED_TO,2026-08-13T18:42:00,399497.99,0.884
A043,A007,TRANSFERRED_TO,2026-08-14T05:43:00,41794.73,0.849
A050,A026,TRANSFERRED_TO,2026-08-15T16:44:00,33375.16,0.883
A007,A045,TRANSFERRED_TO,2026-08-16T03:45:00,16534.18,0.853
A014,A016,TRANSFERRED_TO,2026-08-17T14:46:00,25051.86,0.924
A021,A033,TRANSFERRED_TO,2026-08-18T01:47:00,17657.82,0.928
A028,A002,TRANSFERRED_TO,2026-08-19T12:48:00,20668.42,0.801
A035,A021,TRANSFERRED_TO,2026-08-20T23:49:00,11076.31,0.974
A042,A040,TRANSFERRED_TO,2026-08-21T10:50:00,29041.85,0.821
A049,A009,TRANSFERRED_TO,2026-08-22T21:51:00,2667.97,0.912
A006,A028,TRANSFERRED_TO,2026-08-23T08:52:00,21931.91,0.925
A013,A047,TRANSFERRED_TO,2026-08-24T19:53:00,35341.18,0.848
A020,A016,TRANSFERRED_TO,2026-08-25T06:54:00,3993.97,0.926
A027,A035,TRANSFERRED_TO,2026-08-26T17:55:00,21100.63,0.959
A034,A004,TRANSFERRED_TO,2026-08-27T04:56:00,36306.76,0.924
A041,A023,TRANSFERRED_TO,2026-08-28T15:57:00,40605.09,0.915
A048,A042,TRANSFERRED_TO,2026-08-29T02:58:00,24380.61,0.83
A005,A011,TRANSFERRED_TO,2026-08-30T13:59:00,18197.14,0.814
A012,A030,TRANSFERRED_TO,2026-08-01T00:00:00,39971.87,0.978
A019,A049,TRANSFERRED_TO,2026-08-02T11:01:00,44598.27,0.971
A026,A018,TRANSFERRED_TO,2026-08-03T22:02:00,11041.11,0.947
A033,A037,TRANSFERRED_TO,2026-08-04T09:03:00,22174.47,0.851
A040,A006,TRANSFERRED_TO,2026-08-05T20:04:00,8312.99,0.933
A047,A025,TRANSFERRED_TO,2026-08-06T07:05:00,35542.8,0.89
A004,A044,TRANSFERRED_TO,2026-08-07T18:06:00,13650.55,0.853
A011,A013,TRANSFERRED_TO,2026-08-08T05:07:00,21735.33,0.904
A018,A032,TRANSFERRED_TO,2026-08-09T16:08:00,17803.9,0.967
A025,A001,TRANSFERRED_TO,2026-08-10T03:09:00,30156.64,0.826
A032,A020,TRANSFERRED_TO,2026-08-11T14:10:00,7789.03,0.923
A039,A041,TRANSFERRED_TO,2026-08-12T01:11:00,444036.33,0.868
A046,A008,TRANSFERRED_TO,2026-08-13T12:12:00,30881.6,0.955
A003,A027,TRANSFERRED_TO,2026-08-14T23:13:00,25908.12,0.899
A010,A046,TRANSFERRED_TO,2026-08-15T10:14:00,18814.57,0.902
A017,A015,TRANSFERRED_TO,2026-08-16T21:15:00,27004.66,0.884
A024,A034,TRANSFERRED_TO,2026-08-17T08:16:00,34473.7,0.909
A031,A003,TRANSFERRED_TO,2026-08-18T19:17:00,44646.79,0.827
A038,A022,TRANSFERRED_TO,2026-08-19T06:18:00,19968.68,0.922
A045,A041,TRANSFERRED_TO,2026-08-20T17:19:00,17314.0,0.835
A002,A010,TRANSFERRED_TO,2026-08-21T04:20:00,4461.31,0.856
A009,A029,TRANSFERRED_TO,2026-08-22T15:21:00,36910.99,0.874
A016,A048,TRANSFERRED_TO,2026-08-23T02:22:00,26017.97,0.826
A023,A017,TRANSFERRED_TO,2026-08-24T13:23:00,44161.15,0.814
A030,A036,TRANSFERRED_TO,2026-08-25T00:24:00,4547.26,0.888
A037,A005,TRANSFERRED_TO,2026-08-26T11:25:00,26566.44,0.846
A044,A024,TRANSFERRED_TO,2026-08-27T22:26:00,9950.48,0.948
A001,A043,TRANSFERRED_TO,2026-08-28T09:27:00,7598.48,0.83
A008,A012,TRANSFERRED_TO,2026-08-29T20:28:00,33701.96,0.883
A015,A031,TRANSFERRED_TO,2026-08-30T07:29:00,25317.01,0.879
A022,A050,TRANSFERRED_TO,2026-08-01T18:30:00,5910.6,0.942
A029,A019,TRANSFERRED_TO,2026-08-02T05:31:00,3155.9,0.88
A036,A038,TRANSFERRED_TO,2026-08-03T16:32:00,37654.82,0.863
A043,A007,TRANSFERRED_TO,2026-08-04T03:33:00,22630.14,0.878
A050,A026,TRANSFERRED_TO,2026-08-05T14:34:00,20544.19,0.861
A007,A045,TRANSFERRED_TO,2026-08-06T01:35:00,43114.28,0.887
A014,A016,TRANSFERRED_TO,2026-08-07T12:36:00,40831.72,0.904
A021,A033,TRANSFERRED_TO,2026-08-08T23:37:00,16277.87,0.93
A028,A002,TRANSFERRED_TO,2026-08-09T10:38:00,26260.2,0.866
A035,A021,TRANSFERRED_TO,2026-08-10T21:39:00,35491.14,0.975
A042,A040,TRANSFERRED_TO,2026-08-11T08:40:00,371130.05,0.932
A049,A009,TRANSFERRED_TO,2026-08-12T19:41:00,22855.52,0.863
A006,A028,TRANSFERRED_TO,2026-08-13T06:42:00,6860.57,0.903
A013,A047,TRANSFERRED_TO,2026-08-14T17:43:00,5487.63,0.804
A020,A016,TRANSFERRED_TO,2026-08-15T04:44:00,11321.75,0.892
A027,A035,TRANSFERRED_TO,2026-08-16T15:45:00,21684.8,0.954
A034,A004,TRANSFERRED_TO,2026-08-17T02:46:00,28033.93,0.924
A041,A023,TRANSFERRED_TO,2026-08-18T13:47:00,9814.44,0.945
A048,A042,TRANSFERRED_TO,2026-08-19T00:48:00,19425.11,0.856
A005,A011,TRANSFERRED_TO,2026-08-20T11:49:00,23327.27,0.829
A012,A030,TRANSFERRED_TO,2026-08-21T22:50:00,10442.66,0.88
A019,A049,TRANSFERRED_TO,2026-08-22T09:51:00,30867.91,0.966
A026,A018,TRANSFERRED_TO,2026-08-23T20:52:00,43157.56,0.98
A033,A037,TRANSFERRED_TO,2026-08-24T07:53:00,22310.61,0.852
A040,A006,TRANSFERRED_TO,2026-08-25T18:54:00,37446.79,0.843
A047,A025,TRANSFERRED_TO,2026-08-26T05:55:00,11548.88,0.914
A004,A044,TRANSFERRED_TO,2026-08-27T16:56:00,25518.38,0.941
A011,A013,TRANSFERRED_TO,2026-08-28T03:57:00,20914.39,0.885
A018,A032,TRANSFERRED_TO,2026-08-29T14:58:00,21722.19,0.824
A025,A001,TRANSFERRED_TO,2026-08-30T01:59:00,27101.18,0.842
A032,A020,TRANSFERRED_TO,2026-08-01T12:00:00,18233.83,0.806
A039,A041,TRANSFERRED_TO,2026-08-02T23:01:00,18239.88,0.948
A046,A008,TRANSFERRED_TO,2026-08-03T10:02:00,11354.57,0.91
A003,A027,TRANSFERRED_TO,2026-08-04T21:03:00,11756.58,0.842
A010,A046,TRANSFERRED_TO,2026-08-05T08:04:00,8049.27,0.982
A017,A015,TRANSFERRED_TO,2026-08-06T19:05:00,39854.26,0.875
A024,A034,TRANSFERRED_TO,2026-08-07T06:06:00,31034.94,0.911
A031,A003,TRANSFERRED_TO,2026-08-08T17:07:00,36887.1,0.837
A038,A022,TRANSFERRED_TO,2026-08-09T04:08:00,21317.39,0.932
A045,A041,TRANSFERRED_TO,2026-08-10T15:09:00,252819.46,0.864
A002,A010,TRANSFERRED_TO,2026-08-11T02:10:00,11440.53,0.909
A009,A029,TRANSFERRED_TO,2026-08-12T13:11:00,22393.11,0.959
A016,A048,TRANSFERRED_TO,2026-08-13T00:12:00,11823.71,0.964
A023,A017,TRANSFERRED_TO,2026-08-14T11:13:00,40097.79,0.896
A030,A036,TRANSFERRED_TO,2026-08-15T22:14:00,33692.27,0.819
A037,A005,TRANSFERRED_TO,2026-08-16T09:15:00,4196.43,0.901
A044,A024,TRANSFERRED_TO,2026-08-17T20:16:00,17998.67,0.922
A001,A043,TRANSFERRED_TO,2026-08-18T07:17:00,28602.85,0.946
A008,A012,TRANSFERRED_TO,2026-08-19T18:18:00,14216.41,0.977
A015,A031,TRANSFERRED_TO,2026-08-20T05:19:00,43872.71,0.972
A022,A050,TRANSFERRED_TO,2026-08-21T16:20:00,29406.01,0.845
A029,A019,TRANSFERRED_TO,2026-08-22T03:21:00,35266.29,0.907
A036,A038,TRANSFERRED_TO,2026-08-23T14:22:00,38437.24,0.888
A043,A007,TRANSFERRED_TO,2026-08-24T01:23:00,34152.77,0.911
A050,A026,TRANSFERRED_TO,2026-08-25T12:24:00,8636.03,0.813
A007,A045,TRANSFERRED_TO,2026-08-26T23:25:00,22223.33,0.921
A014,A016,TRANSFERRED_TO,2026-08-27T10:26:00,28134.28,0.906
A021,A033,TRANSFERRED_TO,2026-08-28T21:27:00,15782.08,0.802
A028,A002,TRANSFERRED_TO,2026-08-29T08:28:00,21210.12,0.859
A035,A021,TRANSFERRED_TO,2026-08-30T19:29:00,28360.79,0.819
A042,A040,TRANSFERRED_TO,2026-08-01T06:30:00,20726.7,0.899
A049,A009,TRANSFERRED_TO,2026-08-02T17:31:00,36691.59,0.802
A006,A028,TRANSFERRED_TO,2026-08-03T04:32:00,21238.48,0.987
A013,A047,TRANSFERRED_TO,2026-08-04T15:33:00,15893.27,0.955
A020,A016,TRANSFERRED_TO,2026-08-05T02:34:00,13265.74,0.901
A027,A035,TRANSFERRED_TO,2026-08-06T13:35:00,4643.41,0.98
A034,A004,TRANSFERRED_TO,2026-08-07T00:36:00,20499.68,0.907
A041,A023,TRANSFERRED_TO,2026-08-08T11:37:00,20160.47,0.891
A048,A042,TRANSFERRED_TO,2026-08-09T22:38:00,147510.38,0.937
A005,A011,TRANSFERRED_TO,2026-08-10T09:39:00,39125.0,0.854
A012,A030,TRANSFERRED_TO,2026-08-11T20:40:00,44070.31,0.874
A019,A049,TRANSFERRED_TO,2026-08-12T07:41:00,41328.91,0.915
A026,A018,TRANSFERRED_TO,2026-08-13T18:42:00,15460.93,0.916
A033,A037,TRANSFERRED_TO,2026-08-14T05:43:00,6083.38,0.943
A040,A006,TRANSFERRED_TO,2026-08-15T16:44:00,30506.5,0.808
A047,A025,TRANSFERRED_TO,2026-08-16T03:45:00,10103.85,0.871
A004,A044,TRANSFERRED_TO,2026-08-17T14:46:00,8031.42,0.908
A011,A013,TRANSFERRED_TO,2026-08-18T01:47:00,5543.62,0.881
A018,A032,TRANSFERRED_TO,2026-08-19T12:48:00,39921.77,0.977
A025,A001,TRANSFERRED_TO,2026-08-20T23:49:00,33374.48,0.85
A032,A020,TRANSFERRED_TO,2026-08-21T10:50:00,4338.36,0.967
A039,A041,TRANSFERRED_TO,2026-08-22T21:51:00,9687.49,0.965
A046,A008,TRANSFERRED_TO,2026-08-23T08:52:00,19099.76,0.963
A003,A027,TRANSFERRED_TO,2026-08-24T19:53:00,35271.63,0.85
A010,A046,TRANSFERRED_TO,2026-08-25T06:54:00,5276.97,0.912
A017,A015,TRANSFERRED_TO,2026-08-26T17:55:00,24723.55,0.882
A024,A034,TRANSFERRED_TO,2026-08-27T04:56:00,22292.14,0.969
A031,A003,TRANSFERRED_TO,2026-08-28T15:57:00,18799.11,0.925
A038,A022,TRANSFERRED_TO,2026-08-29T02:58:00,2536.73,0.912
A045,A041,TRANSFERRED_TO,2026-08-30T13:59:00,6787.06,0.91
A002,A010,TRANSFERRED_TO,2026-08-01T00:00:00,34105.44,0.944
A009,A029,TRANSFERRED_TO,2026-08-02T11:01:00,19302.33,0.963
A016,A048,TRANSFERRED_TO,2026-08-03T22:02:00,7586.77,0.934
A023,A017,TRANSFERRED_TO,2026-08-04T09:03:00,24524.04,0.954
A030,A036,TRANSFERRED_TO,2026-08-05T20:04:00,5629.38,0.846
A037,A005,TRANSFERRED_TO,2026-08-06T07:05:00,35152.65,0.901
A044,A024,TRANSFERRED_TO,2026-08-07T18:06:00,18111.29,0.898
A001,A043,TRANSFERRED_TO,2026-08-08T05:07:00,159280.07,0.95
A008,A012,TRANSFERRED_TO,2026-08-09T16:08:00,41441.94,0.959
A015,A031,TRANSFERRED_TO,2026-08-10T03:09:00,19946.53,0.932
A022,A050,TRANSFERRED_TO,2026-08-11T14:10:00,28268.56,0.955
A029,A019,TRANSFERRED_TO,2026-08-12T01:11:00,5823.94,0.91
A036,A038,TRANSFERRED_TO,2026-08-13T12:12:00,2618.15,0.966
A043,A007,TRANSFERRED_TO,2026-08-14T23:13:00,11840.64,0.914
A050,A026,TRANSFERRED_TO,2026-08-15T10:14:00,29864.83,0.913
A007,A045,TRANSFERRED_TO,2026-08-16T21:15:00,13809.94,0.919
A014,A016,TRANSFERRED_TO,2026-08-17T08:16:00,22171.66,0.805
A021,A033,TRANSFERRED_TO,2026-08-18T19:17:00,26951.95,0.825
A028,A002,TRANSFERRED_TO,2026-08-19T06:18:00,18224.51,0.85
A035,A021,TRANSFERRED_TO,2026-08-20T17:19:00,4101.0,0.958
A042,A040,TRANSFERRED_TO,2026-08-21T04:20:00,18706.37,0.963
A049,A009,TRANSFERRED_TO,2026-08-22T15:21:00,22099.54,0.855
A006,A028,TRANSFERRED_TO,2026-08-23T02:22:00,32234.72,0.813
A013,A047,TRANSFERRED_TO,2026-08-24T13:23:00,7762.12,0.961
A020,A016,TRANSFERRED_TO,2026-08-25T00:24:00,10284.03,0.908
A027,A035,TRANSFERRED_TO,2026-08-26T11:25:00,44607.55,0.916
A034,A004,TRANSFERRED_TO,2026-08-27T22:26:00,28393.71,0.874
A041,A023,TRANSFERRED_TO,2026-08-28T09:27:00,34941.61,0.929
A048,A042,TRANSFERRED_TO,2026-08-29T20:28:00,6719.82,0.884
A005,A011,TRANSFERRED_TO,2026-08-30T07:29:00,24002.64,0.838
A012,A030,TRANSFERRED_TO,2026-08-01T18:30:00,44572.81,0.83
A019,A049,TRANSFERRED_TO,2026-08-02T05:31:00,44736.57,0.971
A026,A018,TRANSFERRED_TO,2026-08-03T16:32:00,22268.73,0.92
A033,A037,TRANSFERRED_TO,2026-08-04T03:33:00,4096.97,0.835
A040,A006,TRANSFERRED_TO,2026-08-05T14:34:00,23552.54,0.936
A047,A025,TRANSFERRED_TO,2026-08-06T01:35:00,18150.29,0.843
A004,A044,TRANSFERRED_TO,2026-08-07T12:36:00,339943.52,0.984
A011,A013,TRANSFERRED_TO,2026-08-08T23:37:00,24580.2,0.968
A018,A032,TRANSFERRED_TO,2026-08-09T10:38:00,12805.29,0.944
A025,A001,TRANSFERRED_TO,2026-08-10T21:39:00,35030.95,0.804
A032,A020,TRANSFERRED_TO,2026-08-11T08:40:00,27429.51,0.981
A039,A041,TRANSFERRED_TO,2026-08-12T19:41:00,6671.18,0.952
A046,A008,TRANSFERRED_TO,2026-08-13T06:42:00,20540.69,0.804
A003,A027,TRANSFERRED_TO,2026-08-14T17:43:00,11996.9,0.966
A010,A046,TRANSFERRED_TO,2026-08-15T04:44:00,32303.2,0.807
A017,A015,TRANSFERRED_TO,2026-08-16T15:45:00,43854.56,0.815
A024,A034,TRANSFERRED_TO,2026-08-17T02:46:00,43837.13,0.975
A031,A003,TRANSFERRED_TO,2026-08-18T13:47:00,39478.65,0.806
A038,A022,TRANSFERRED_TO,2026-08-19T00:48:00,25225.64,0.928
A045,A041,TRANSFERRED_TO,2026-08-20T11:49:00,26339.54,0.913
A002,A010,TRANSFERRED_TO,2026-08-21T22:50:00,37275.48,0.803
A009,A029,TRANSFERRED_TO,2026-08-22T09:51:00,33343.7,0.863
A016,A048,TRANSFERRED_TO,2026-08-23T20:52:00,17126.12,0.968
A023,A017,TRANSFERRED_TO,2026-08-24T07:53:00,32799.71,0.987
A030,A036,TRANSFERRED_TO,2026-08-25T18:54:00,24744.5,0.979
A037,A005,TRANSFERRED_TO,2026-08-26T05:55:00,41877.49,0.884
A044,A024,TRANSFERRED_TO,2026-08-27T16:56:00,28044.53,0.927
A001,A043,TRANSFERRED_TO,2026-08-28T03:57:00,37145.71,0.898
A008,A012,TRANSFERRED_TO,2026-08-29T14:58:00,6879.08,0.856
A015,A031,TRANSFERRED_TO,2026-08-30T01:59:00,9709.9,0.886
A022,A050,TRANSFERRED_TO,2026-08-01T12:00:00,19874.95,0.924
A029,A019,TRANSFERRED_TO,2026-08-02T23:01:00,8312.92,0.807
A036,A038,TRANSFERRED_TO,2026-08-03T10:02:00,19325.03,0.941
A043,A007,TRANSFERRED_TO,2026-08-04T21:03:00,13103.6,0.851
A050,A026,TRANSFERRED_TO,2026-08-05T08:04:00,26863.55,0.916
A007,A045,TRANSFERRED_TO,2026-08-06T19:05:00,287996.39,0.93
A014,A016,TRANSFERRED_TO,2026-08-07T06:06:00,37787.99,0.924
A021,A033,TRANSFERRED_TO,2026-08-08T17:07:00,16553.02,0.961
A028,A002,TRANSFERRED_TO,2026-08-09T04:08:00,4437.86,0.886
A035,A021,TRANSFERRED_TO,2026-08-10T15:09:00,37804.69,0.987
A042,A040,TRANSFERRED_TO,2026-08-11T02:10:00,43813.19,0.962
A049,A009,TRANSFERRED_TO,2026-08-12T13:11:00,19708.87,0.945
A006,A028,TRANSFERRED_TO,2026-08-13T00:12:00,5002.87,0.912
A013,A047,TRANSFERRED_TO,2026-08-14T11:13:00,32240.01,0.822
A020,A016,TRANSFERRED_TO,2026-08-15T22:14:00,29047.78,0.974
A027,A035,TRANSFERRED_TO,2026-08-16T09:15:00,8736.68,0.834
A034,A004,TRANSFERRED_TO,2026-08-17T20:16:00,9655.1,0.954
A041,A023,TRANSFERRED_TO,2026-08-18T07:17:00,37945.3,0.854
A048,A042,TRANSFERRED_TO,2026-08-19T18:18:00,21213.13,0.864
A005,A011,TRANSFERRED_TO,2026-08-20T05:19:00,28532.35,0.875
A012,A030,TRANSFERRED_TO,2026-08-21T16:20:00,30490.88,0.902
A019,A049,TRANSFERRED_TO,2026-08-22T03:21:00,10031.27,0.945
A026,A018,TRANSFERRED_TO,2026-08-23T14:22:00,26907.63,0.89
A033,A037,TRANSFERRED_TO,2026-08-24T01:23:00,34511.07,0.852
A040,A006,TRANSFERRED_TO,2026-08-25T12:24:00,14953.85,0.924
A047,A025,TRANSFERRED_TO,2026-08-26T23:25:00,11923.79,0.911
A004,A044,TRANSFERRED_TO,2026-08-27T10:26:00,25669.57,0.892
A011,A013,TRANSFERRED_TO,2026-08-28T21:27:00,43293.08,0.933
A018,A032,TRANSFERRED_TO,2026-08-29T08:28:00,3779.77,0.806
A025,A001,TRANSFERRED_TO,2026-08-30T19:29:00,8398.62,0.95
A032,A020,TRANSFERRED_TO,2026-08-01T06:30:00,41777.69,0.989
A039,A041,TRANSFERRED_TO,2026-08-02T17:31:00,39250.87,0.832
A046,A008,TRANSFERRED_TO,2026-08-03T04:32:00,35110.65,0.849
A003,A027,TRANSFERRED_TO,2026-08-04T15:33:00,19096.48,0.985
A010,A046,TRANSFERRED_TO,2026-08-05T02:34:00,173078.94,0.811
A017,A015,TRANSFERRED_TO,2026-08-06T13:35:00,17906.84,0.828
A024,A034,TRANSFERRED_TO,2026-08-07T00:36:00,9107.32,0.959
A031,A003,TRANSFERRED_TO,2026-08-08T11:37:00,3806.66,0.872
A038,A022,TRANSFERRED_TO,2026-08-09T22:38:00,42635.6,0.866
A045,A041,TRANSFERRED_TO,2026-08-10T09:39:00,42739.13,0.989
A002,A010,TRANSFERRED_TO,2026-08-11T20:40:00,44002.24,0.843
A009,A029,TRANSFERRED_TO,2026-08-12T07:41:00,24926.27,0.975
A016,A048,TRANSFERRED_TO,2026-08-13T18:42:00,37352.57,0.917
A023,A017,TRANSFERRED_TO,2026-08-14T05:43:00,14485.02,0.889
A030,A036,TRANSFERRED_TO,2026-08-15T16:44:00,30553.34,0.9
A037,A005,TRANSFERRED_TO,2026-08-16T03:45:00,36011.87,0.845
A044,A024,TRANSFERRED_TO,2026-08-17T14:46:00,18411.91,0.95
A001,A043,TRANSFERRED_TO,2026-08-18T01:47:00,25125.2,0.814
A008,A012,TRANSFERRED_TO,2026-08-19T12:48:00,11979.85,0.808
A015,A031,TRANSFERRED_TO,2026-08-20T23:49:00,31016.91,0.812
A022,A050,TRANSFERRED_TO,2026-08-21T10:50:00,13521.02,0.966
A029,A019,TRANSFERRED_TO,2026-08-22T21:51:00,26128.0,0.89
A036,A038,TRANSFERRED_TO,2026-08-23T08:52:00,16660.96,0.878
A043,A007,TRANSFERRED_TO,2026-08-24T19:53:00,5817.2,0.945
A050,A026,TRANSFERRED_TO,2026-08-25T06:54:00,22777.63,0.875
A007,A045,TRANSFERRED_TO,2026-08-26T17:55:00,37659.47,0.959
A014,A016,TRANSFERRED_TO,2026-08-27T04:56:00,40195.92,0.867
A021,A033,TRANSFERRED_TO,2026-08-28T15:57:00,18152.32,0.841
A028,A002,TRANSFERRED_TO,2026-08-29T02:58:00,10413.33,0.966
A035,A021,TRANSFERRED_TO,2026-08-30T13:59:00,15893.96,0.824
A042,A040,TRANSFERRED_TO,2026-08-01T00:00:00,15485.27,0.957
A049,A009,TRANSFERRED_TO,2026-08-02T11:01:00,29526.79,0.85
A006,A028,TRANSFERRED_TO,2026-08-03T22:02:00,3116.83,0.947
A013,A047,TRANSFERRED_TO,2026-08-04T09:03:00,347882.1,0.883
A020,A016,TRANSFERRED_TO,2026-08-05T20:04:00,32086.72,0.835
A027,A035,TRANSFERRED_TO,2026-08-06T07:05:00,25546.18,0.988
A034,A004,TRANSFERRED_TO,2026-08-07T18:06:00,38153.4,0.82
A041,A023,TRANSFERRED_TO,2026-08-08T05:07:00,17183.73,0.841
A048,A042,TRANSFERRED_TO,2026-08-09T16:08:00,37683.69,0.831
A005,A011,TRANSFERRED_TO,2026-08-10T03:09:00,12942.69,0.866
A012,A030,TRANSFERRED_TO,2026-08-11T14:10:00,10227.55,0.879
A019,A049,TRANSFERRED_TO,2026-08-12T01:11:00,16961.49,0.821
A026,A018,TRANSFERRED_TO,2026-08-13T12:12:00,23203.28,0.82
A033,A037,TRANSFERRED_TO,2026-08-14T23:13:00,21167.75,0.908
A040,A006,TRANSFERRED_TO,2026-08-15T10:14:00,18010.36,0.957
A047,A025,TRANSFERRED_TO,2026-08-16T21:15:00,3025.5,0.962
A004,A044,TRANSFERRED_TO,2026-08-17T08:16:00,42513.43,0.885
A011,A013,TRANSFERRED_TO,2026-08-18T19:17:00,26264.76,0.851
A018,A032,TRANSFERRED_TO,2026-08-19T06:18:00,3365.23,0.977
A025,A001,TRANSFERRED_TO,2026-08-20T17:19:00,13475.82,0.94
A032,A020,TRANSFERRED_TO,2026-08-21T04:20:00,24335.99,0.803
A039,A041,TRANSFERRED_TO,2026-08-22T15:21:00,33941.41,0.975
A046,A008,TRANSFERRED_TO,2026-08-23T02:22:00,16849.89,0.973
A003,A027,TRANSFERRED_TO,2026-08-24T13:23:00,34449.61,0.898
A010,A046,TRANSFERRED_TO,2026-08-25T00:24:00,12701.95,0.809
A017,A015,TRANSFERRED_TO,2026-08-26T11:25:00,39571.5,0.866
A024,A034,TRANSFERRED_TO,2026-08-27T22:26:00,32674.61,0.921
A031,A003,TRANSFERRED_TO,2026-08-28T09:27:00,24771.19,0.98
A038,A022,TRANSFERRED_TO,2026-08-29T20:28:00,13066.9,0.909
A045,A041,TRANSFERRED_TO,2026-08-30T07:29:00,41421.32,0.973
A002,A010,TRANSFERRED_TO,2026-08-01T18:30:00,24231.46,0.865
A009,A029,TRANSFERRED_TO,2026-08-02T05:31:00,21437.91,0.847
A016,A048,TRANSFERRED_TO,2026-08-03T16:32:00,399835.79,0.896
A023,A017,TRANSFERRED_TO,2026-08-04T03:33:00,22635.11,0.859
A030,A036,TRANSFERRED_TO,2026-08-05T14:34:00,23675.1,0.89
A037,A005,TRANSFERRED_TO,2026-08-06T01:35:00,12128.6,0.87
A044,A024,TRANSFERRED_TO,2026-08-07T12:36:00,35886.97,0.932
A001,A043,TRANSFERRED_TO,2026-08-08T23:37:00,34174.2,0.8
A008,A012,TRANSFERRED_TO,2026-08-09T10:38:00,3849.55,0.803
A015,A031,TRANSFERRED_TO,2026-08-10T21:39:00,2594.67,0.885
A022,A050,TRANSFERRED_TO,2026-08-11T08:40:00,24177.01,0.977
A029,A019,TRANSFERRED_TO,2026-08-12T19:41:00,26939.83,0.971
A036,A038,TRANSFERRED_TO,2026-08-13T06:42:00,2576.82,0.801
A043,A007,TRANSFERRED_TO,2026-08-14T17:43:00,17381.89,0.885
A050,A026,TRANSFERRED_TO,2026-08-15T04:44:00,34152.55,0.95
A007,A045,TRANSFERRED_TO,2026-08-16T15:45:00,23199.65,0.947
A014,A016,TRANSFERRED_TO,2026-08-17T02:46:00,7499.03,0.86
A021,A033,TRANSFERRED_TO,2026-08-18T13:47:00,38187.57,0.947
A028,A002,TRANSFERRED_TO,2026-08-19T00:48:00,20432.68,0.861
A035,A021,TRANSFERRED_TO,2026-08-20T11:49:00,6229.16,0.979
A042,A040,TRANSFERRED_TO,2026-08-21T22:50:00,4468.38,0.929
A049,A009,TRANSFERRED_TO,2026-08-22T09:51:00,26201.14,0.813
A006,A028,TRANSFERRED_TO,2026-08-23T20:52:00,22575.14,0.948
A013,A047,TRANSFERRED_TO,2026-08-24T07:53:00,13828.56,0.801
A020,A016,TRANSFERRED_TO,2026-08-25T18:54:00,39852.17,0.869
A027,A035,TRANSFERRED_TO,2026-08-26T05:55:00,31817.92,0.965
A034,A004,TRANSFERRED_TO,2026-08-27T16:56:00,42656.82,0.982
A041,A023,TRANSFERRED_TO,2026-08-28T03:57:00,24983.55,0.918
A048,A042,TRANSFERRED_TO,2026-08-29T14:58:00,31544.07,0.843
A005,A011,TRANSFERRED_TO,2026-08-30T01:59:00,31038.28,0.807
A012,A030,TRANSFERRED_TO,2026-08-01T12:00:00,36646.24,0.911
A019,A049,TRANSFERRED_TO,2026-08-02T23:01:00,246401.78,0.906
A026,A018,TRANSFERRED_TO,2026-08-03T10:02:00,3650.02,0.855
A033,A037,TRANSFERRED_TO,2026-08-04T21:03:00,17054.55,0.827
A040,A006,TRANSFERRED_TO,2026-08-05T08:04:00,2984.16,0.812
A047,A025,TRANSFERRED_TO,2026-08-06T19:05:00,9530.01,0.897
A004,A044,TRANSFERRED_TO,2026-08-07T06:06:00,2924.56,0.922
A011,A013,TRANSFERRED_TO,2026-08-08T17:07:00,9937.63,0.973
A018,A032,TRANSFERRED_TO,2026-08-09T04:08:00,32644.0,0.951
A025,A001,TRANSFERRED_TO,2026-08-10T15:09:00,12707.57,0.876
A032,A020,TRANSFERRED_TO,2026-08-11T02:10:00,21950.06,0.933
A039,A041,TRANSFERRED_TO,2026-08-12T13:11:00,41878.73,0.979
A046,A008,TRANSFERRED_TO,2026-08-13T00:12:00,10226.12,0.894
A003,A027,TRANSFERRED_TO,2026-08-14T11:13:00,3488.93,0.803
A010,A046,TRANSFERRED_TO,2026-08-15T22:14:00,17930.12,0.918
A017,A015,TRANSFERRED_TO,2026-08-16T09:15:00,9761.96,0.893
A024,A034,TRANSFERRED_TO,2026-08-17T20:16:00,14960.53,0.861
A031,A003,TRANSFERRED_TO,2026-08-18T07:17:00,9837.8,0.868
A038,A022,TRANSFERRED_TO,2026-08-19T18:18:00,18714.42,0.871
A045,A041,TRANSFERRED_TO,2026-08-20T05:19:00,43778.6,0.903
A002,A010,TRANSFERRED_TO,2026-08-21T16:20:00,5626.81,0.978
A009,A029,TRANSFERRED_TO,2026-08-22T03:21:00,22723.41,0.93
A016,A048,TRANSFERRED_TO,2026-08-23T14:22:00,25240.64,0.98
A023,A017,TRANSFERRED_TO,2026-08-24T01:23:00,6286.44,0.932
A030,A036,TRANSFERRED_TO,2026-08-25T12:24:00,26966.54,0.983
A037,A005,TRANSFERRED_TO,2026-08-26T23:25:00,17639.67,0.967
A044,A024,TRANSFERRED_TO,2026-08-27T10:26:00,20893.24,0.853
A001,A043,TRANSFERRED_TO,2026-08-28T21:27:00,20163.02,0.891
A008,A012,TRANSFERRED_TO,2026-08-29T08:28:00,23421.5,0.856
A015,A031,TRANSFERRED_TO,2026-08-30T19:29:00,37431.81,0.819
A022,A050,TRANSFERRED_TO,2026-08-01T06:30:00,244733.12,0.951
A029,A019,TRANSFERRED_TO,2026-08-02T17:31:00,23036.38,0.937
A036,A038,TRANSFERRED_TO,2026-08-03T04:32:00,37957.7,0.843
A043,A007,TRANSFERRED_TO,2026-08-04T15:33:00,26368.41,0.825
A050,A026,TRANSFERRED_TO,2026-08-05T02:34:00,39690.53,0.859
A007,A045,TRANSFERRED_TO,2026-08-06T13:35:00,3443.47,0.866
A014,A016,TRANSFERRED_TO,2026-08-07T00:36:00,44239.22,0.91
A021,A033,TRANSFERRED_TO,2026-08-08T11:37:00,14032.47,0.948
A028,A002,TRANSFERRED_TO,2026-08-09T22:38:00,32916.51,0.866
A035,A021,TRANSFERRED_TO,2026-08-10T09:39:00,41872.81,0.926
A042,A040,TRANSFERRED_TO,2026-08-11T20:40:00,25231.34,0.852
A049,A009,TRANSFERRED_TO,2026-08-12T07:41:00,24209.85,0.808
A006,A028,TRANSFERRED_TO,2026-08-13T18:42:00,25391.84,0.969
A013,A047,TRANSFERRED_TO,2026-08-14T05:43:00,30526.26,0.915
A020,A016,TRANSFERRED_TO,2026-08-15T16:44:00,10107.9,0.882
A027,A035,TRANSFERRED_TO,2026-08-16T03:45:00,42345.67,0.926
A034,A004,TRANSFERRED_TO,2026-08-17T14:46:00,14880.16,0.971
A041,A023,TRANSFERRED_TO,2026-08-18T01:47:00,26693.86,0.809
A048,A042,TRANSFERRED_TO,2026-08-19T12:48:00,14534.71,0.824
A005,A011,TRANSFERRED_TO,2026-08-20T23:49:00,6795.47,0.921
A012,A030,TRANSFERRED_TO,2026-08-21T10:50:00,31823.53,0.932
A019,A049,TRANSFERRED_TO,2026-08-22T21:51:00,41690.33,0.932
A026,A018,TRANSFERRED_TO,2026-08-23T08:52:00,7915.08,0.982
A033,A037,TRANSFERRED_TO,2026-08-24T19:53:00,7660.62,0.856
A040,A006,TRANSFERRED_TO,2026-08-25T06:54:00,40099.45,0.809
A047,A025,TRANSFERRED_TO,2026-08-26T17:55:00,8721.48,0.806
A004,A044,TRANSFERRED_TO,2026-08-27T04:56:00,14006.43,0.924
A011,A013,TRANSFERRED_TO,2026-08-28T15:57:00,23912.84,0.925
A018,A032,TRANSFERRED_TO,2026-08-29T02:58:00,5925.6,0.953
A025,A001,TRANSFERRED_TO,2026-08-30T13:59:00,225234.71,0.985
A032,A020,TRANSFERRED_TO,2026-08-01T00:00:00,23098.19,0.951
A039,A041,TRANSFERRED_TO,2026-08-02T11:01:00,3534.12,0.981
A046,A008,TRANSFERRED_TO,2026-08-03T22:02:00,7151.36,0.816
A003,A027,TRANSFERRED_TO,2026-08-04T09:03:00,17628.57,0.889
A010,A046,TRANSFERRED_TO,2026-08-05T20:04:00,34037.43,0.914
A017,A015,TRANSFERRED_TO,2026-08-06T07:05:00,8098.06,0.858
A024,A034,TRANSFERRED_TO,2026-08-07T18:06:00,6542.72,0.886
A031,A003,TRANSFERRED_TO,2026-08-08T05:07:00,3487.38,0.878
A038,A022,TRANSFERRED_TO,2026-08-09T16:08:00,33285.44,0.829
A045,A041,TRANSFERRED_TO,2026-08-10T03:09:00,43990.88,0.956
A002,A010,TRANSFERRED_TO,2026-08-11T14:10:00,3908.08,0.806
A009,A029,TRANSFERRED_TO,2026-08-12T01:11:00,24118.1,0.825
A016,A048,TRANSFERRED_TO,2026-08-13T12:12:00,28500.72,0.98
A023,A017,TRANSFERRED_TO,2026-08-14T23:13:00,33988.3,0.966
A030,A036,TRANSFERRED_TO,2026-08-15T10:14:00,16266.26,0.912
A037,A005,TRANSFERRED_TO,2026-08-16T21:15:00,35200.04,0.847
A044,A024,TRANSFERRED_TO,2026-08-17T08:16:00,8374.41,0.978
A001,A043,TRANSFERRED_TO,2026-08-18T19:17:00,29477.7,0.938
A008,A012,TRANSFERRED_TO,2026-08-19T06:18:00,17328.97,0.98
A015,A031,TRANSFERRED_TO,2026-08-20T17:19:00,25266.18,0.874
A022,A050,TRANSFERRED_TO,2026-08-21T04:20:00,37330.22,0.914
A029,A019,TRANSFERRED_TO,2026-08-22T15:21:00,30026.09,0.818
A036,A038,TRANSFERRED_TO,2026-08-23T02:22:00,11111.62,0.976
A043,A007,TRANSFERRED_TO,2026-08-24T13:23:00,18014.99,0.907
A050,A026,TRANSFERRED_TO,2026-08-25T00:24:00,38141.85,0.909
A007,A045,TRANSFERRED_TO,2026-08-26T11:25:00,36606.37,0.88
A014,A016,TRANSFERRED_TO,2026-08-27T22:26:00,26215.56,0.92
A021,A033,TRANSFERRED_TO,2026-08-28T09:27:00,35114.67,0.891
A028,A002,TRANSFERRED_TO,2026-08-29T20:28:00,318809.67,0.927
A035,A021,TRANSFERRED_TO,2026-08-30T07:29:00,4953.44,0.868
A042,A040,TRANSFERRED_TO,2026-08-01T18:30:00,36101.66,0.817
A049,A009,TRANSFERRED_TO,2026-08-02T05:31:00,26720.83,0.959
A006,A028,TRANSFERRED_TO,2026-08-03T16:32:00,42875.27,0.931
A013,A047,TRANSFERRED_TO,2026-08-04T03:33:00,13896.67,0.839
A020,A016,TRANSFERRED_TO,2026-08-05T14:34:00,3258.62,0.815
A027,A035,TRANSFERRED_TO,2026-08-06T01:35:00,20842.71,0.976
A034,A004,TRANSFERRED_TO,2026-08-07T12:36:00,22716.08,0.892
A041,A023,TRANSFERRED_TO,2026-08-08T23:37:00,7067.24,0.911
A048,A042,TRANSFERRED_TO,2026-08-09T10:38:00,27931.75,0.909
A005,A011,TRANSFERRED_TO,2026-08-10T21:39:00,39205.26,0.862
A012,A030,TRANSFERRED_TO,2026-08-11T08:40:00,14787.2,0.864
A019,A049,TRANSFERRED_TO,2026-08-12T19:41:00,42112.62,0.94
A026,A018,TRANSFERRED_TO,2026-08-13T06:42:00,35136.72,0.969
A033,A037,TRANSFERRED_TO,2026-08-14T17:43:00,27141.35,0.839
A040,A006,TRANSFERRED_TO,2026-08-15T04:44:00,36253.74,0.856
A047,A025,TRANSFERRED_TO,2026-08-16T15:45:00,32863.92,0.935
A004,A044,TRANSFERRED_TO,2026-08-17T02:46:00,33631.39,0.966
A011,A013,TRANSFERRED_TO,2026-08-18T13:47:00,2606.05,0.812
A018,A032,TRANSFERRED_TO,2026-08-19T00:48:00,23937.37,0.939
A025,A001,TRANSFERRED_TO,2026-08-20T11:49:00,30527.85,0.809
A032,A020,TRANSFERRED_TO,2026-08-21T22:50:00,10844.59,0.901
A039,A041,TRANSFERRED_TO,2026-08-22T09:51:00,8599.36,0.867
A046,A008,TRANSFERRED_TO,2026-08-23T20:52:00,37379.82,0.857
A003,A027,TRANSFERRED_TO,2026-08-24T07:53:00,16085.64,0.861
A010,A046,TRANSFERRED_TO,2026-08-25T18:54:00,43375.54,0.978
A017,A015,TRANSFERRED_TO,2026-08-26T05:55:00,13847.68,0.823
A024,A034,TRANSFERRED_TO,2026-08-27T16:56:00,17211.68,0.84
A031,A003,TRANSFERRED_TO,2026-08-28T03:57:00,326565.78,0.826
A038,A022,TRANSFERRED_TO,2026-08-29T14:58:00,26708.91,0.897
A045,A041,TRANSFERRED_TO,2026-08-30T01:59:00,42116.81,0.935
A002,A010,TRANSFERRED_TO,2026-08-01T12:00:00,11744.2,0.845
A009,A029,TRANSFERRED_TO,2026-08-02T23:01:00,6293.93,0.983
A016,A048,TRANSFERRED_TO,2026-08-03T10:02:00,12159.46,0.947
A023,A017,TRANSFERRED_TO,2026-08-04T21:03:00,29526.32,0.839
A030,A036,TRANSFERRED_TO,2026-08-05T08:04:00,37245.33,0.976
A037,A005,TRANSFERRED_TO,2026-08-06T19:05:00,35066.24,0.809
A044,A024,TRANSFERRED_TO,2026-08-07T06:06:00,39299.1,0.927
A001,A043,TRANSFERRED_TO,2026-08-08T17:07:00,4043.96,0.891
A008,A012,TRANSFERRED_TO,2026-08-09T04:08:00,10216.78,0.963
A015,A031,TRANSFERRED_TO,2026-08-10T15:09:00,16850.21,0.816
A022,A050,TRANSFERRED_TO,2026-08-11T02:10:00,19928.81,0.824
A029,A019,TRANSFERRED_TO,2026-08-12T13:11:00,13869.01,0.969
A036,A038,TRANSFERRED_TO,2026-08-13T00:12:00,14952.13,0.885
A043,A007,TRANSFERRED_TO,2026-08-14T11:13:00,27146.23,0.989
A050,A026,TRANSFERRED_TO,2026-08-15T22:14:00,43890.67,0.963
A007,A045,TRANSFERRED_TO,2026-08-16T09:15:00,17795.11,0.876
A014,A016,TRANSFERRED_TO,2026-08-17T20:16:00,20617.34,0.923
A021,A033,TRANSFERRED_TO,2026-08-18T07:17:00,29683.33,0.883
A028,A002,TRANSFERRED_TO,2026-08-19T18:18:00,28440.63,0.949
A035,A021,TRANSFERRED_TO,2026-08-20T05:19:00,30803.08,0.869
A042,A040,TRANSFERRED_TO,2026-08-21T16:20:00,31990.76,0.95
A049,A009,TRANSFERRED_TO,2026-08-22T03:21:00,32675.85,0.91
A006,A028,TRANSFERRED_TO,2026-08-23T14:22:00,14000.43,0.829
A013,A047,TRANSFERRED_TO,2026-08-24T01:23:00,9776.88,0.936
A020,A016,TRANSFERRED_TO,2026-08-25T12:24:00,28869.33,0.87
A027,A035,TRANSFERRED_TO,2026-08-26T23:25:00,11769.51,0.859
A034,A004,TRANSFERRED_TO,2026-08-27T10:26:00,418423.43,0.91
A041,A023,TRANSFERRED_TO,2026-08-28T21:27:00,14866.12,0.825
A048,A042,TRANSFERRED_TO,2026-08-29T08:28:00,29015.57,0.847
A005,A011,TRANSFERRED_TO,2026-08-30T19:29:00,5726.99,0.945
A012,A030,TRANSFERRED_TO,2026-08-01T06:30:00,16907.81,0.932
A019,A049,TRANSFERRED_TO,2026-08-02T17:31:00,34267.47,0.807
A026,A018,TRANSFERRED_TO,2026-08-03T04:32:00,22039.79,0.899
A033,A037,TRANSFERRED_TO,2026-08-04T15:33:00,27922.6,0.822
A040,A006,TRANSFERRED_TO,2026-08-05T02:34:00,12767.93,0.804
A047,A025,TRANSFERRED_TO,2026-08-06T13:35:00,36288.75,0.823
A004,A044,TRANSFERRED_TO,2026-08-07T00:36:00,16176.57,0.958
A011,A013,TRANSFERRED_TO,2026-08-08T11:37:00,32069.76,0.873
A018,A032,TRANSFERRED_TO,2026-08-09T22:38:00,25406.49,0.807
A025,A001,TRANSFERRED_TO,2026-08-10T09:39:00,8804.74,0.94
A032,A020,TRANSFERRED_TO,2026-08-11T20:40:00,5110.58,0.853
A039,A041,TRANSFERRED_TO,2026-08-12T07:41:00,32607.99,0.835
A046,A008,TRANSFERRED_TO,2026-08-13T18:42:00,36877.4,0.98
A003,A027,TRANSFERRED_TO,2026-08-14T05:43:00,32948.58,0.895
A010,A046,TRANSFERRED_TO,2026-08-15T16:44:00,11501.69,0.955
A017,A015,TRANSFERRED_TO,2026-08-16T03:45:00,4594.04,0.96
A024,A034,TRANSFERRED_TO,2026-08-17T14:46:00,23331.97,0.926
A031,A003,TRANSFERRED_TO,2026-08-18T01:47:00,30771.47,0.956
A038,A022,TRANSFERRED_TO,2026-08-19T12:48:00,38907.42,0.989
A045,A041,TRANSFERRED_TO,2026-08-20T23:49:00,37959.13,0.839
A002,A010,TRANSFERRED_TO,2026-08-21T10:50:00,25725.67,0.869
A009,A029,TRANSFERRED_TO,2026-08-22T21:51:00,39122.4,0.899
A016,A048,TRANSFERRED_TO,2026-08-23T08:52:00,4094.81,0.87
A023,A017,TRANSFERRED_TO,2026-08-24T19:53:00,31610.25,0.94
A030,A036,TRANSFERRED_TO,2026-08-25T06:54:00,32257.58,0.847
A037,A005,TRANSFERRED_TO,2026-08-26T17:55:00,357593.24,0.925
A044,A024,TRANSFERRED_TO,2026-08-27T04:56:00,16330.61,0.931
A001,A043,TRANSFERRED_TO,2026-08-28T15:57:00,44171.35,0.802
A008,A012,TRANSFERRED_TO,2026-08-29T02:58:00,18873.83,0.888
A015,A031,TRANSFERRED_TO,2026-08-30T13:59:00,21879.96,0.8
A022,A050,TRANSFERRED_TO,2026-08-01T00:00:00,3837.11,0.871
A029,A019,TRANSFERRED_TO,2026-08-02T11:01:00,20061.45,0.855
A036,A038,TRANSFERRED_TO,2026-08-03T22:02:00,21882.71,0.957
A043,A007,TRANSFERRED_TO,2026-08-04T09:03:00,9619.06,0.973
A050,A026,TRANSFERRED_TO,2026-08-05T20:04:00,33257.08,0.952
A007,A045,TRANSFERRED_TO,2026-08-06T07:05:00,33184.63,0.908
A014,A016,TRANSFERRED_TO,2026-08-07T18:06:00,27603.86,0.916
A021,A033,TRANSFERRED_TO,2026-08-08T05:07:00,6375.87,0.961
A028,A002,TRANSFERRED_TO,2026-08-09T16:08:00,29097.09,0.964
A035,A021,TRANSFERRED_TO,2026-08-10T03:09:00,13356.08,0.986
A042,A040,TRANSFERRED_TO,2026-08-11T14:10:00,17429.9,0.932
A049,A009,TRANSFERRED_TO,2026-08-12T01:11:00,18504.19,0.966
A006,A028,TRANSFERRED_TO,2026-08-13T12:12:00,21304.25,0.978
A013,A047,TRANSFERRED_TO,2026-08-14T23:13:00,35890.53,0.902
A020,A016,TRANSFERRED_TO,2026-08-15T10:14:00,8888.77,0.902
A027,A035,TRANSFERRED_TO,2026-08-16T21:15:00,23721.58,0.937
A034,A004,TRANSFERRED_TO,2026-08-17T08:16:00,22422.91,0.947
A041,A023,TRANSFERRED_TO,2026-08-18T19:17:00,25373.57,0.942
A048,A042,TRANSFERRED_TO,2026-08-19T06:18:00,26269.49,0.985
A005,A011,TRANSFERRED_TO,2026-08-20T17:19:00,19870.87,0.861
A012,A030,TRANSFERRED_TO,2026-08-21T04:20:00,11074.86,0.852
A019,A049,TRANSFERRED_TO,2026-08-22T15:21:00,42277.71,0.867
A026,A018,TRANSFERRED_TO,2026-08-23T02:22:00,13117.67,0.895
A033,A037,TRANSFERRED_TO,2026-08-24T13:23:00,21264.18,0.882
A040,A006,TRANSFERRED_TO,2026-08-25T00:24:00,147168.82,0.844
A047,A025,TRANSFERRED_TO,2026-08-26T11:25:00,21851.48,0.845
A004,A044,TRANSFERRED_TO,2026-08-27T22:26:00,18960.61,0.949
A011,A013,TRANSFERRED_TO,2026-08-28T09:27:00,22973.2,0.816
A018,A032,TRANSFERRED_TO,2026-08-29T20:28:00,17960.58,0.901
A025,A001,TRANSFERRED_TO,2026-08-30T07:29:00,32387.97,0.967
A032,A020,TRANSFERRED_TO,2026-08-01T18:30:00,37746.58,0.873
A039,A041,TRANSFERRED_TO,2026-08-02T05:31:00,34938.1,0.865
A046,A008,TRANSFERRED_TO,2026-08-03T16:32:00,31470.51,0.822
A003,A027,TRANSFERRED_TO,2026-08-04T03:33:00,18183.18,0.863
A010,A046,TRANSFERRED_TO,2026-08-05T14:34:00,37333.38,0.806
A017,A015,TRANSFERRED_TO,2026-08-06T01:35:00,37880.78,0.952
A024,A034,TRANSFERRED_TO,2026-08-07T12:36:00,37516.46,0.973
A031,A003,TRANSFERRED_TO,2026-08-08T23:37:00,12048.87,0.829
A038,A022,TRANSFERRED_TO,2026-08-09T10:38:00,21530.04,0.819
A045,A041,TRANSFERRED_TO,2026-08-10T21:39:00,22475.46,0.92
A002,A010,TRANSFERRED_TO,2026-08-11T08:40:00,13970.77,0.83
A009,A029,TRANSFERRED_TO,2026-08-12T19:41:00,20823.01,0.852
A016,A048,TRANSFERRED_TO,2026-08-13T06:42:00,44506.09,0.933
A023,A017,TRANSFERRED_TO,2026-08-14T17:43:00,44742.55,0.839
A030,A036,TRANSFERRED_TO,2026-08-15T04:44:00,42059.97,0.982
A037,A005,TRANSFERRED_TO,2026-08-16T15:45:00,8917.24,0.841
A044,A024,TRANSFERRED_TO,2026-08-17T02:46:00,18211.79,0.878
A001,A043,TRANSFERRED_TO,2026-08-18T13:47:00,17601.59,0.983
A008,A012,TRANSFERRED_TO,2026-08-19T00:48:00,39820.69,0.963
A015,A031,TRANSFERRED_TO,2026-08-20T11:49:00,10826.24,0.832
A022,A050,TRANSFERRED_TO,2026-08-21T22:50:00,31048.12,0.935
A029,A019,TRANSFERRED_TO,2026-08-22T09:51:00,12091.03,0.959
A036,A038,TRANSFERRED_TO,2026-08-23T20:52:00,17570.43,0.871
A043,A007,TRANSFERRED_TO,2026-08-24T07:53:00,438001.68,0.985
A050,A026,TRANSFERRED_TO,2026-08-25T18:54:00,5151.08,0.913
A007,A045,TRANSFERRED_TO,2026-08-26T05:55:00,32796.17,0.84
A014,A016,TRANSFERRED_TO,2026-08-27T16:56:00,44983.67,0.868
A021,A033,TRANSFERRED_TO,2026-08-28T03:57:00,43635.45,0.855
A028,A002,TRANSFERRED_TO,2026-08-29T14:58:00,27203.2,0.819
A035,A021,TRANSFERRED_TO,2026-08-30T01:59:00,26444.31,0.852
A042,A040,TRANSFERRED_TO,2026-08-01T12:00:00,18081.16,0.846
A049,A009,TRANSFERRED_TO,2026-08-02T23:01:00,12997.78,0.892
A006,A028,TRANSFERRED_TO,2026-08-03T10:02:00,11648.89,0.938
A013,A047,TRANSFERRED_TO,2026-08-04T21:03:00,8326.6,0.836
A020,A016,TRANSFERRED_TO,2026-08-05T08:04:00,42548.31,0.908
A027,A035,TRANSFERRED_TO,2026-08-06T19:05:00,13337.65,0.953
A034,A004,TRANSFERRED_TO,2026-08-07T06:06:00,3391.82,0.939
A041,A023,TRANSFERRED_TO,2026-08-08T17:07:00,36769.99,0.963
A048,A042,TRANSFERRED_TO,2026-08-09T04:08:00,38155.08,0.872
A005,A011,TRANSFERRED_TO,2026-08-10T15:09:00,43270.98,0.824
A012,A030,TRANSFERRED_TO,2026-08-11T02:10:00,7922.13,0.975
A019,A049,TRANSFERRED_TO,2026-08-12T13:11:00,38253.51,0.963
A026,A018,TRANSFERRED_TO,2026-08-13T00:12:00,29798.62,0.88
A033,A037,TRANSFERRED_TO,2026-08-14T11:13:00,41529.13,0.809
A040,A006,TRANSFERRED_TO,2026-08-15T22:14:00,10394.75,0.851
A047,A025,TRANSFERRED_TO,2026-08-16T09:15:00,3081.7,0.818
A004,A044,TRANSFERRED_TO,2026-08-17T20:16:00,33575.49,0.921
A011,A013,TRANSFERRED_TO,2026-08-18T07:17:00,29086.68,0.876
A018,A032,TRANSFERRED_TO,2026-08-19T18:18:00,43349.41,0.956
A025,A001,TRANSFERRED_TO,2026-08-20T05:19:00,42911.74,0.856
A032,A020,TRANSFERRED_TO,2026-08-21T16:20:00,5028.65,0.983
A039,A041,TRANSFERRED_TO,2026-08-22T03:21:00,2644.79,0.888
A046,A008,TRANSFERRED_TO,2026-08-23T14:22:00,166499.09,0.863
A003,A027,TRANSFERRED_TO,2026-08-24T01:23:00,38675.27,0.915
A010,A046,TRANSFERRED_TO,2026-08-25T12:24:00,9350.14,0.981
A017,A015,TRANSFERRED_TO,2026-08-26T23:25:00,11911.76,0.915
A024,A034,TRANSFERRED_TO,2026-08-27T10:26:00,8059.88,0.883
A031,A003,TRANSFERRED_TO,2026-08-28T21:27:00,12916.88,0.831
A038,A022,TRANSFERRED_TO,2026-08-29T08:28:00,7380.48,0.82
A045,A041,TRANSFERRED_TO,2026-08-30T19:29:00,5671.38,0.839
A002,A010,TRANSFERRED_TO,2026-08-01T06:30:00,5979.06,0.897
A009,A029,TRANSFERRED_TO,2026-08-02T17:31:00,16145.77,0.837
A016,A048,TRANSFERRED_TO,2026-08-03T04:32:00,32178.05,0.862
A023,A017,TRANSFERRED_TO,2026-08-04T15:33:00,36895.99,0.866
A030,A036,TRANSFERRED_TO,2026-08-05T02:34:00,23965.91,0.967
A037,A005,TRANSFERRED_TO,2026-08-06T13:35:00,20465.73,0.919
A044,A024,TRANSFERRED_TO,2026-08-07T00:36:00,42936.82,0.945
A001,A043,TRANSFERRED_TO,2026-08-08T11:37:00,44975.69,0.965
A008,A012,TRANSFERRED_TO,2026-08-09T22:38:00,18565.53,0.969
A015,A031,TRANSFERRED_TO,2026-08-10T09:39:00,28500.96,0.816
A022,A050,TRANSFERRED_TO,2026-08-11T20:40:00,9317.85,0.98
A029,A019,TRANSFERRED_TO,2026-08-12T07:41:00,18632.37,0.907
A036,A038,TRANSFERRED_TO,2026-08-13T18:42:00,19725.48,0.912
A043,A007,TRANSFERRED_TO,2026-08-14T05:43:00,41920.98,0.838
A050,A026,TRANSFERRED_TO,2026-08-15T16:44:00,4057.43,0.874
A007,A045,TRANSFERRED_TO,2026-08-16T03:45:00,36040.12,0.971
A014,A016,TRANSFERRED_TO,2026-08-17T14:46:00,14732.67,0.934
A021,A033,TRANSFERRED_TO,2026-08-18T01:47:00,14373.02,0.896
A028,A002,TRANSFERRED_TO,2026-08-19T12:48:00,6024.63,0.941
A035,A021,TRANSFERRED_TO,2026-08-20T23:49:00,43256.26,0.925
A042,A040,TRANSFERRED_TO,2026-08-21T10:50:00,34579.71,0.982
A049,A009,TRANSFERRED_TO,2026-08-22T21:51:00,444727.05,0.895
A006,A028,TRANSFERRED_TO,2026-08-23T08:52:00,20988.43,0.816
A013,A047,TRANSFERRED_TO,2026-08-24T19:53:00,38428.96,0.956
A020,A016,TRANSFERRED_TO,2026-08-25T06:54:00,24466.91,0.874
A027,A035,TRANSFERRED_TO,2026-08-26T17:55:00,12022.23,0.859
A034,A004,TRANSFERRED_TO,2026-08-27T04:56:00,6001.74,0.864
A041,A023,TRANSFERRED_TO,2026-08-28T15:57:00,9161.54,0.936
A048,A042,TRANSFERRED_TO,2026-08-29T02:58:00,39745.86,0.85
A005,A011,TRANSFERRED_TO,2026-08-30T13:59:00,31669.46,0.942
A012,A030,TRANSFERRED_TO,2026-08-01T00:00:00,10093.05,0.929
A019,A049,TRANSFERRED_TO,2026-08-02T11:01:00,34950.43,0.935
A026,A018,TRANSFERRED_TO,2026-08-03T22:02:00,11411.91,0.926
A033,A037,TRANSFERRED_TO,2026-08-04T09:03:00,22061.11,0.912
A040,A006,TRANSFERRED_TO,2026-08-05T20:04:00,33886.81,0.97
A047,A025,TRANSFERRED_TO,2026-08-06T07:05:00,21435.29,0.947
A004,A044,TRANSFERRED_TO,2026-08-07T18:06:00,24688.29,0.851
A011,A013,TRANSFERRED_TO,2026-08-08T05:07:00,25765.64,0.817
A018,A032,TRANSFERRED_TO,2026-08-09T16:08:00,13345.07,0.948
A025,A001,TRANSFERRED_TO,2026-08-10T03:09:00,34362.5,0.955
A032,A020,TRANSFERRED_TO,2026-08-11T14:10:00,44459.75,0.96
A039,A041,TRANSFERRED_TO,2026-08-12T01:11:00,22351.31,0.962
A046,A008,TRANSFERRED_TO,2026-08-13T12:12:00,27259.0,0.916
A003,A027,TRANSFERRED_TO,2026-08-14T23:13:00,42384.2,0.906
A010,A046,TRANSFERRED_TO,2026-08-15T10:14:00,34497.65,0.805
A017,A015,TRANSFERRED_TO,2026-08-16T21:15:00,31439.6,0.957
A024,A034,TRANSFERRED_TO,2026-08-17T08:16:00,4555.3,0.815
A031,A003,TRANSFERRED_TO,2026-08-18T19:17:00,17212.88,0.897
A038,A022,TRANSFERRED_TO,2026-08-19T06:18:00,41106.3,0.914
A045,A041,TRANSFERRED_TO,2026-08-20T17:19:00,20643.46,0.906
A002,A010,TRANSFERRED_TO,2026-08-21T04:20:00,195847.49,0.827
A009,A029,TRANSFERRED_TO,2026-08-22T15:21:00,26208.97,0.962
A016,A048,TRANSFERRED_TO,2026-08-23T02:22:00,3697.0,0.823
A023,A017,TRANSFERRED_TO,2026-08-24T13:23:00,8089.28,0.9
A030,A036,TRANSFERRED_TO,2026-08-25T00:24:00,19668.74,0.967
A037,A005,TRANSFERRED_TO,2026-08-26T11:25:00,14058.45,0.879
A044,A024,TRANSFERRED_TO,2026-08-27T22:26:00,25402.95,0.988
A001,A043,TRANSFERRED_TO,2026-08-28T09:27:00,37522.83,0.916
A008,A012,TRANSFERRED_TO,2026-08-29T20:28:00,11931.06,0.815
A015,A031,TRANSFERRED_TO,2026-08-30T07:29:00,12349.27,0.832
A022,A050,TRANSFERRED_TO,2026-08-01T18:30:00,4192.52,0.985
A029,A019,TRANSFERRED_TO,2026-08-02T05:31:00,34677.66,0.862
A036,A038,TRANSFERRED_TO,2026-08-03T16:32:00,42161.19,0.902
A043,A007,TRANSFERRED_TO,2026-08-04T03:33:00,35119.62,0.845
A050,A026,TRANSFERRED_TO,2026-08-05T14:34:00,30436.35,0.941
A007,A045,TRANSFERRED_TO,2026-08-06T01:35:00,18110.21,0.847
A014,A016,TRANSFERRED_TO,2026-08-07T12:36:00,14659.09,0.821
A021,A033,TRANSFERRED_TO,2026-08-08T23:37:00,3559.74,0.847
A028,A002,TRANSFERRED_TO,2026-08-09T10:38:00,36103.56,0.957
A035,A021,TRANSFERRED_TO,2026-08-10T21:39:00,11726.25,0.92
A042,A040,TRANSFERRED_TO,2026-08-11T08:40:00,2791.18,0.949
A049,A009,TRANSFERRED_TO,2026-08-12T19:41:00,38543.58,0.876
A006,A028,TRANSFERRED_TO,2026-08-13T06:42:00,24854.62,0.986
A013,A047,TRANSFERRED_TO,2026-08-14T17:43:00,11600.05,0.945
A020,A016,TRANSFERRED_TO,2026-08-15T04:44:00,9445.38,0.833
A027,A035,TRANSFERRED_TO,2026-08-16T15:45:00,18152.69,0.902
A034,A004,TRANSFERRED_TO,2026-08-17T02:46:00,18027.74,0.877
A041,A023,TRANSFERRED_TO,2026-08-18T13:47:00,19957.39,0.964
A048,A042,TRANSFERRED_TO,2026-08-19T00:48:00,6718.4,0.921
A005,A011,TRANSFERRED_TO,2026-08-20T11:49:00,227506.87,0.988
A012,A030,TRANSFERRED_TO,2026-08-21T22:50:00,26102.35,0.964
A019,A049,TRANSFERRED_TO,2026-08-22T09:51:00,34436.21,0.816
A026,A018,TRANSFERRED_TO,2026-08-23T20:52:00,27795.58,0.904
A033,A037,TRANSFERRED_TO,2026-08-24T07:53:00,40789.85,0.902
A040,A006,TRANSFERRED_TO,2026-08-25T18:54:00,7465.03,0.925
A047,A025,TRANSFERRED_TO,2026-08-26T05:55:00,9737.32,0.894
A004,A044,TRANSFERRED_TO,2026-08-27T16:56:00,20547.09,0.805
A011,A013,TRANSFERRED_TO,2026-08-28T03:57:00,24719.15,0.923
A018,A032,TRANSFERRED_TO,2026-08-29T14:58:00,26635.46,0.83
A025,A001,TRANSFERRED_TO,2026-08-30T01:59:00,12215.16,0.906
A032,A020,TRANSFERRED_TO,2026-08-01T12:00:00,41321.17,0.905
A039,A041,TRANSFERRED_TO,2026-08-02T23:01:00,14070.34,0.878
A046,A008,TRANSFERRED_TO,2026-08-03T10:02:00,9585.44,0.896
A003,A027,TRANSFERRED_TO,2026-08-04T21:03:00,5148.25,0.92
A010,A046,TRANSFERRED_TO,2026-08-05T08:04:00,28168.71,0.801
A017,A015,TRANSFERRED_TO,2026-08-06T19:05:00,41008.06,0.917
A024,A034,TRANSFERRED_TO,2026-08-07T06:06:00,38490.47,0.824
A031,A003,TRANSFERRED_TO,2026-08-08T17:07:00,34534.25,0.805
A038,A022,TRANSFERRED_TO,2026-08-09T04:08:00,38652.8,0.855
A045,A041,TRANSFERRED_TO,2026-08-10T15:09:00,23083.84,0.82
A002,A010,TRANSFERRED_TO,2026-08-11T02:10:00,36028.45,0.882
A009,A029,TRANSFERRED_TO,2026-08-12T13:11:00,27714.23,0.962
A016,A048,TRANSFERRED_TO,2026-08-13T00:12:00,3783.33,0.839
A023,A017,TRANSFERRED_TO,2026-08-14T11:13:00,27221.59,0.87
A030,A036,TRANSFERRED_TO,2026-08-15T22:14:00,33720.52,0.85
A037,A005,TRANSFERRED_TO,2026-08-16T09:15:00,5473.73,0.894
A044,A024,TRANSFERRED_TO,2026-08-17T20:16:00,23031.52,0.87
A001,A043,TRANSFERRED_TO,2026-08-18T07:17:00,43016.37,0.821
A008,A012,TRANSFERRED_TO,2026-08-19T18:18:00,385572.07,0.955
A015,A031,TRANSFERRED_TO,2026-08-20T05:19:00,12454.53,0.98
A022,A050,TRANSFERRED_TO,2026-08-21T16:20:00,26005.92,0.941
A029,A019,TRANSFERRED_TO,2026-08-22T03:21:00,28037.44,0.832
A036,A038,TRANSFERRED_TO,2026-08-23T14:22:00,17722.45,0.847
A043,A007,TRANSFERRED_TO,2026-08-24T01:23:00,44072.29,0.947
A050,A026,TRANSFERRED_TO,2026-08-25T12:24:00,20881.03,0.878
A007,A045,TRANSFERRED_TO,2026-08-26T23:25:00,23024.0,0.97
A014,A016,TRANSFERRED_TO,2026-08-27T10:26:00,3949.24,0.867
A021,A033,TRANSFERRED_TO,2026-08-28T21:27:00,35017.51,0.88
A028,A002,TRANSFERRED_TO,2026-08-29T08:28:00,34511.74,0.952
A035,A021,TRANSFERRED_TO,2026-08-30T19:29:00,40342.28,0.921
A042,A040,TRANSFERRED_TO,2026-08-01T06:30:00,27758.44,0.963
A049,A009,TRANSFERRED_TO,2026-08-02T17:31:00,22361.02,0.919
A006,A028,TRANSFERRED_TO,2026-08-03T04:32:00,23778.27,0.898
A013,A047,TRANSFERRED_TO,2026-08-04T15:33:00,13357.29,0.917
A020,A016,TRANSFERRED_TO,2026-08-05T02:34:00,29909.86,0.885
A027,A035,TRANSFERRED_TO,2026-08-06T13:35:00,22322.56,0.908
A034,A004,TRANSFERRED_TO,2026-08-07T00:36:00,24754.61,0.827
A041,A023,TRANSFERRED_TO,2026-08-08T11:37:00,30795.03,0.915
A048,A042,TRANSFERRED_TO,2026-08-09T22:38:00,21601.94,0.873
A005,A011,TRANSFERRED_TO,2026-08-10T09:39:00,37672.86,0.937
A012,A030,TRANSFERRED_TO,2026-08-11T20:40:00,29015.55,0.932
A019,A049,TRANSFERRED_TO,2026-08-12T07:41:00,38522.22,0.891
A026,A018,TRANSFERRED_TO,2026-08-13T18:42:00,35761.82,0.882
A033,A037,TRANSFERRED_TO,2026-08-14T05:43:00,25491.78,0.813
A040,A006,TRANSFERRED_TO,2026-08-15T16:44:00,26107.95,0.889
A047,A025,TRANSFERRED_TO,2026-08-16T03:45:00,32372.5,0.894
A004,A044,TRANSFERRED_TO,2026-08-17T14:46:00,36537.63,0.821
A011,A013,TRANSFERRED_TO,2026-08-18T01:47:00,310019.1,0.873
A018,A032,TRANSFERRED_TO,2026-08-19T12:48:00,7850.34,0.896
A025,A001,TRANSFERRED_TO,2026-08-20T23:49:00,32189.04,0.859
A032,A020,TRANSFERRED_TO,2026-08-21T10:50:00,35745.47,0.813
A039,A041,TRANSFERRED_TO,2026-08-22T21:51:00,34244.63,0.925
A046,A008,TRANSFERRED_TO,2026-08-23T08:52:00,42689.96,0.947
A003,A027,TRANSFERRED_TO,2026-08-24T19:53:00,9746.83,0.841
A010,A046,TRANSFERRED_TO,2026-08-25T06:54:00,9889.28,0.837
A017,A015,TRANSFERRED_TO,2026-08-26T17:55:00,20498.11,0.889
A024,A034,TRANSFERRED_TO,2026-08-27T04:56:00,33004.67,0.967
A031,A003,TRANSFERRED_TO,2026-08-28T15:57:00,35373.08,0.809
A038,A022,TRANSFERRED_TO,2026-08-29T02:58:00,11852.8,0.957
A045,A041,TRANSFERRED_TO,2026-08-30T13:59:00,14958.47,0.887
A002,A010,TRANSFERRED_TO,2026-08-01T00:00:00,11383.56,0.815
A009,A029,TRANSFERRED_TO,2026-08-02T11:01:00,23404.61,0.818
A016,A048,TRANSFERRED_TO,2026-08-03T22:02:00,28005.61,0.806
A023,A017,TRANSFERRED_TO,2026-08-04T09:03:00,22703.59,0.899
A030,A036,TRANSFERRED_TO,2026-08-05T20:04:00,32478.01,0.874
A037,A005,TRANSFERRED_TO,2026-08-06T07:05:00,31706.55,0.804
A044,A024,TRANSFERRED_TO,2026-08-07T18:06:00,20678.28,0.843
A001,A043,TRANSFERRED_TO,2026-08-08T05:07:00,13029.43,0.911
A008,A012,TRANSFERRED_TO,2026-08-09T16:08:00,12765.57,0.872
A015,A031,TRANSFERRED_TO,2026-08-10T03:09:00,21920.23,0.852
A022,A050,TRANSFERRED_TO,2026-08-11T14:10:00,11973.27,0.971
A029,A019,TRANSFERRED_TO,2026-08-12T01:11:00,19027.1,0.898
A036,A038,TRANSFERRED_TO,2026-08-13T12:12:00,8601.88,0.802
A043,A007,TRANSFERRED_TO,2026-08-14T23:13:00,22343.35,0.818
A050,A026,TRANSFERRED_TO,2026-08-15T10:14:00,7719.62,0.951
A007,A045,TRANSFERRED_TO,2026-08-16T21:15:00,10463.2,0.942
A014,A016,TRANSFERRED_TO,2026-08-17T08:16:00,417590.74,0.884
A021,A033,TRANSFERRED_TO,2026-08-18T19:17:00,26797.85,0.804
A028,A002,TRANSFERRED_TO,2026-08-19T06:18:00,8811.89,0.915
A035,A021,TRANSFERRED_TO,2026-08-20T17:19:00,30262.59,0.964
A042,A040,TRANSFERRED_TO,2026-08-21T04:20:00,28464.7,0.988
A049,A009,TRANSFERRED_TO,2026-08-22T15:21:00,13022.62,0.864
A006,A028,TRANSFERRED_TO,2026-08-23T02:22:00,39799.31,0.928
A013,A047,TRANSFERRED_TO,2026-08-24T13:23:00,14300.38,0.972
A020,A016,TRANSFERRED_TO,2026-08-25T00:24:00,34942.32,0.864
A027,A035,TRANSFERRED_TO,2026-08-26T11:25:00,29804.64,0.929
A034,A004,TRANSFERRED_TO,2026-08-27T22:26:00,12527.73,0.894
A041,A023,TRANSFERRED_TO,2026-08-28T09:27:00,7428.61,0.877
A048,A042,TRANSFERRED_TO,2026-08-29T20:28:00,37514.59,0.876
A005,A011,TRANSFERRED_TO,2026-08-30T07:29:00,16915.67,0.96
A012,A030,TRANSFERRED_TO,2026-08-01T18:30:00,4942.66,0.907
A019,A049,TRANSFERRED_TO,2026-08-02T05:31:00,23806.04,0.803
A026,A018,TRANSFERRED_TO,2026-08-03T16:32:00,25749.81,0.914
A033,A037,TRANSFERRED_TO,2026-08-04T03:33:00,30715.38,0.979
A040,A006,TRANSFERRED_TO,2026-08-05T14:34:00,42716.11,0.961
A047,A025,TRANSFERRED_TO,2026-08-06T01:35:00,8422.02,0.897
A004,A044,TRANSFERRED_TO,2026-08-07T12:36:00,44557.19,0.879
A011,A013,TRANSFERRED_TO,2026-08-08T23:37:00,42074.58,0.983
A018,A032,TRANSFERRED_TO,2026-08-09T10:38:00,34017.39,0.896
A025,A001,TRANSFERRED_TO,2026-08-10T21:39:00,18754.94,0.856
A032,A020,TRANSFERRED_TO,2026-08-11T08:40:00,31663.56,0.807
A039,A041,TRANSFERRED_TO,2026-08-12T19:41:00,36498.62,0.845
A046,A008,TRANSFERRED_TO,2026-08-13T06:42:00,30565.92,0.808
A003,A027,TRANSFERRED_TO,2026-08-14T17:43:00,31334.73,0.869
A010,A046,TRANSFERRED_TO,2026-08-15T04:44:00,16297.93,0.901
A017,A015,TRANSFERRED_TO,2026-08-16T15:45:00,357564.92,0.884
A024,A034,TRANSFERRED_TO,2026-08-17T02:46:00,26852.54,0.802
A031,A003,TRANSFERRED_TO,2026-08-18T13:47:00,18517.76,0.873
A038,A022,TRANSFERRED_TO,2026-08-19T00:48:00,20410.67,0.806
A045,A041,TRANSFERRED_TO,2026-08-20T11:49:00,14154.13,0.8
A002,A010,TRANSFERRED_TO,2026-08-21T22:50:00,26394.44,0.857
A009,A029,TRANSFERRED_TO,2026-08-22T09:51:00,38959.65,0.885
A016,A048,TRANSFERRED_TO,2026-08-23T20:52:00,20569.65,0.934
A023,A017,TRANSFERRED_TO,2026-08-24T07:53:00,12379.18,0.835
A030,A036,TRANSFERRED_TO,2026-08-25T18:54:00,27300.12,0.868
A037,A005,TRANSFERRED_TO,2026-08-26T05:55:00,12442.05,0.811
A044,A024,TRANSFERRED_TO,2026-08-27T16:56:00,34816.56,0.857
A001,A043,TRANSFERRED_TO,2026-08-28T03:57:00,28798.68,0.914
A008,A012,TRANSFERRED_TO,2026-08-29T14:58:00,33298.93,0.97
A015,A031,TRANSFERRED_TO,2026-08-30T01:59:00,25445.48,0.888
A022,A050,TRANSFERRED_TO,2026-08-01T12:00:00,3764.67,0.924
A029,A019,TRANSFERRED_TO,2026-08-02T23:01:00,27632.89,0.966
A036,A038,TRANSFERRED_TO,2026-08-03T10:02:00,32115.11,0.958
A043,A007,TRANSFERRED_TO,2026-08-04T21:03:00,20097.57,0.816
A050,A026,TRANSFERRED_TO,2026-08-05T08:04:00,8260.31,0.827
A007,A045,TRANSFERRED_TO,2026-08-06T19:05:00,12798.28,0.906
A014,A016,TRANSFERRED_TO,2026-08-07T06:06:00,10341.41,0.904
A021,A033,TRANSFERRED_TO,2026-08-08T17:07:00,23592.6,0.849
A028,A002,TRANSFERRED_TO,2026-08-09T04:08:00,43491.04,0.889
A035,A021,TRANSFERRED_TO,2026-08-10T15:09:00,34765.92,0.932
A042,A040,TRANSFERRED_TO,2026-08-11T02:10:00,17520.16,0.832
A049,A009,TRANSFERRED_TO,2026-08-12T13:11:00,23704.97,0.847
A006,A028,TRANSFERRED_TO,2026-08-13T00:12:00,8709.65,0.849
A013,A047,TRANSFERRED_TO,2026-08-14T11:13:00,13985.24,0.846
A020,A016,TRANSFERRED_TO,2026-08-15T22:14:00,413159.45,0.813
A027,A035,TRANSFERRED_TO,2026-08-16T09:15:00,34024.72,0.956
A034,A004,TRANSFERRED_TO,2026-08-17T20:16:00,22711.96,0.857
A041,A023,TRANSFERRED_TO,2026-08-18T07:17:00,29771.39,0.93
A048,A042,TRANSFERRED_TO,2026-08-19T18:18:00,33628.15,0.959
A005,A011,TRANSFERRED_TO,2026-08-20T05:19:00,39928.51,0.817
A012,A030,TRANSFERRED_TO,2026-08-21T16:20:00,44437.89,0.943
A019,A049,TRANSFERRED_TO,2026-08-22T03:21:00,18623.31,0.9
A026,A018,TRANSFERRED_TO,2026-08-23T14:22:00,16915.93,0.962
A033,A037,TRANSFERRED_TO,2026-08-24T01:23:00,31366.41,0.934
A040,A006,TRANSFERRED_TO,2026-08-25T12:24:00,10014.01,0.987
A047,A025,TRANSFERRED_TO,2026-08-26T23:25:00,7081.53,0.935
A004,A044,TRANSFERRED_TO,2026-08-27T10:26:00,21709.49,0.966
A011,A013,TRANSFERRED_TO,2026-08-28T21:27:00,38687.3,0.847
A018,A032,TRANSFERRED_TO,2026-08-29T08:28:00,37924.86,0.907
A025,A001,TRANSFERRED_TO,2026-08-30T19:29:00,38584.14,0.919
A032,A020,TRANSFERRED_TO,2026-08-01T06:30:00,5583.24,0.895
A039,A041,TRANSFERRED_TO,2026-08-02T17:31:00,27512.34,0.986
A046,A008,TRANSFERRED_TO,2026-08-03T04:32:00,21157.15,0.831
A003,A027,TRANSFERRED_TO,2026-08-04T15:33:00,5063.11,0.816
A010,A046,TRANSFERRED_TO,2026-08-05T02:34:00,8373.15,0.869
A017,A015,TRANSFERRED_TO,2026-08-06T13:35:00,42957.02,0.942
A024,A034,TRANSFERRED_TO,2026-08-07T00:36:00,28333.1,0.842
A031,A003,TRANSFERRED_TO,2026-08-08T11:37:00,14979.81,0.926
A038,A022,TRANSFERRED_TO,2026-08-09T22:38:00,33041.53,0.826
A045,A041,TRANSFERRED_TO,2026-08-10T09:39:00,26118.0,0.844
A002,A010,TRANSFERRED_TO,2026-08-11T20:40:00,30794.88,0.928
A009,A029,TRANSFERRED_TO,2026-08-12T07:41:00,5610.78,0.923
A016,A048,TRANSFERRED_TO,2026-08-13T18:42:00,41605.66,0.898
A023,A017,TRANSFERRED_TO,2026-08-14T05:43:00,165290.11,0.936
A030,A036,TRANSFERRED_TO,2026-08-15T16:44:00,40196.56,0.978
A037,A005,TRANSFERRED_TO,2026-08-16T03:45:00,32817.15,0.876
A044,A024,TRANSFERRED_TO,2026-08-17T14:46:00,25776.52,0.972
A001,A043,TRANSFERRED_TO,2026-08-18T01:47:00,25321.39,0.875
A008,A012,TRANSFERRED_TO,2026-08-19T12:48:00,28551.87,0.871
A015,A031,TRANSFERRED_TO,2026-08-20T23:49:00,36824.36,0.861
A022,A050,TRANSFERRED_TO,2026-08-21T10:50:00,10005.2,0.984
A029,A019,TRANSFERRED_TO,2026-08-22T21:51:00,36009.42,0.809
A036,A038,TRANSFERRED_TO,2026-08-23T08:52:00,39162.77,0.973
A043,A007,TRANSFERRED_TO,2026-08-24T19:53:00,44492.06,0.976
A050,A026,TRANSFERRED_TO,2026-08-25T06:54:00,19556.04,0.85
A007,A045,TRANSFERRED_TO,2026-08-26T17:55:00,43779.34,0.955
A014,A016,TRANSFERRED_TO,2026-08-27T04:56:00,39451.76,0.921
A021,A033,TRANSFERRED_TO,2026-08-28T15:57:00,6227.37,0.93
A028,A002,TRANSFERRED_TO,2026-08-29T02:58:00,10454.43,0.896
A035,A021,TRANSFERRED_TO,2026-08-30T13:59:00,3862.44,0.912
A042,A040,TRANSFERRED_TO,2026-08-01T00:00:00,39330.81,0.817
A049,A009,TRANSFERRED_TO,2026-08-02T11:01:00,19785.43,0.854
A006,A028,TRANSFERRED_TO,2026-08-03T22:02:00,26252.53,0.825
A013,A047,TRANSFERRED_TO,2026-08-04T09:03:00,36292.8,0.966
A020,A016,TRANSFERRED_TO,2026-08-05T20:04:00,32716.47,0.935
A027,A035,TRANSFERRED_TO,2026-08-06T07:05:00,29909.26,0.819
A034,A004,TRANSFERRED_TO,2026-08-07T18:06:00,34830.11,0.96
A041,A023,TRANSFERRED_TO,2026-08-08T05:07:00,7450.8,0.985
A048,A042,TRANSFERRED_TO,2026-08-09T16:08:00,7127.15,0.812
A005,A011,TRANSFERRED_TO,2026-08-10T03:09:00,30609.27,0.88
A012,A030,TRANSFERRED_TO,2026-08-11T14:10:00,3756.44,0.819
A019,A049,TRANSFERRED_TO,2026-08-12T01:11:00,37797.15,0.9
A026,A018,TRANSFERRED_TO,2026-08-13T12:12:00,199678.29,0.823
A033,A037,TRANSFERRED_TO,2026-08-14T23:13:00,27883.11,0.802
A040,A006,TRANSFERRED_TO,2026-08-15T10:14:00,10004.08,0.986
A047,A025,TRANSFERRED_TO,2026-08-16T21:15:00,37955.41,0.923
A004,A044,TRANSFERRED_TO,2026-08-17T08:16:00,44119.75,0.827
A011,A013,TRANSFERRED_TO,2026-08-18T19:17:00,15181.59,0.98
A018,A032,TRANSFERRED_TO,2026-08-19T06:18:00,29562.05,0.98
A025,A001,TRANSFERRED_TO,2026-08-20T17:19:00,43904.83,0.846
A032,A020,TRANSFERRED_TO,2026-08-21T04:20:00,38663.6,0.93
A039,A041,TRANSFERRED_TO,2026-08-22T15:21:00,3144.42,0.928
A046,A008,TRANSFERRED_TO,2026-08-23T02:22:00,34304.66,0.815
A003,A027,TRANSFERRED_TO,2026-08-24T13:23:00,35696.53,0.941
A010,A046,TRANSFERRED_TO,2026-08-25T00:24:00,42172.95,0.831
A017,A015,TRANSFERRED_TO,2026-08-26T11:25:00,36018.03,0.83
A024,A034,TRANSFERRED_TO,2026-08-27T22:26:00,3246.77,0.894
A031,A003,TRANSFERRED_TO,2026-08-28T09:27:00,28762.48,0.815
A038,A022,TRANSFERRED_TO,2026-08-29T20:28:00,23685.38,0.917
A045,A041,TRANSFERRED_TO,2026-08-30T07:29:00,35356.67,0.818
A002,A010,TRANSFERRED_TO,2026-08-01T18:30:00,44453.64,0.877
A009,A029,TRANSFERRED_TO,2026-08-02T05:31:00,25532.15,0.885
A016,A048,TRANSFERRED_TO,2026-08-03T16:32:00,40022.55,0.858
A023,A017,TRANSFERRED_TO,2026-08-04T03:33:00,3570.11,0.882
A030,A036,TRANSFERRED_TO,2026-08-05T14:34:00,8081.38,0.803
A037,A005,TRANSFERRED_TO,2026-08-06T01:35:00,5366.43,0.937
A044,A024,TRANSFERRED_TO,2026-08-07T12:36:00,27770.04,0.985
A001,A043,TRANSFERRED_TO,2026-08-08T23:37:00,26767.39,0.942
A008,A012,TRANSFERRED_TO,2026-08-09T10:38:00,12206.69,0.868
A015,A031,TRANSFERRED_TO,2026-08-10T21:39:00,16976.75,0.818
A022,A050,TRANSFERRED_TO,2026-08-11T08:40:00,24470.7,0.831
A029,A019,TRANSFERRED_TO,2026-08-12T19:41:00,425976.66,0.925
A036,A038,TRANSFERRED_TO,2026-08-13T06:42:00,9080.73,0.973
A043,A007,TRANSFERRED_TO,2026-08-14T17:43:00,39089.45,0.959
A050,A026,TRANSFERRED_TO,2026-08-15T04:44:00,34947.43,0.823
A007,A045,TRANSFERRED_TO,2026-08-16T15:45:00,11380.47,0.941
A014,A016,TRANSFERRED_TO,2026-08-17T02:46:00,6683.21,0.83
A021,A033,TRANSFERRED_TO,2026-08-18T13:47:00,8917.52,0.941
A028,A002,TRANSFERRED_TO,2026-08-19T00:48:00,18392.62,0.92
A035,A021,TRANSFERRED_TO,2026-08-20T11:49:00,18505.89,0.91
A042,A040,TRANSFERRED_TO,2026-08-21T22:50:00,10775.56,0.95
A049,A009,TRANSFERRED_TO,2026-08-22T09:51:00,37765.59,0.9
A006,A028,TRANSFERRED_TO,2026-08-23T20:52:00,2637.44,0.811
A013,A047,TRANSFERRED_TO,2026-08-24T07:53:00,29737.47,0.91
A020,A016,TRANSFERRED_TO,2026-08-25T18:54:00,19396.31,0.804
A027,A035,TRANSFERRED_TO,2026-08-26T05:55:00,36003.93,0.863
A034,A004,TRANSFERRED_TO,2026-08-27T16:56:00,39317.89,0.89
A041,A023,TRANSFERRED_TO,2026-08-28T03:57:00,15822.54,0.836
A048,A042,TRANSFERRED_TO,2026-08-29T14:58:00,19987.89,0.928
A005,A011,TRANSFERRED_TO,2026-08-30T01:59:00,30590.87,0.912
A012,A030,TRANSFERRED_TO,2026-08-01T12:00:00,31077.52,0.917
A019,A049,TRANSFERRED_TO,2026-08-02T23:01:00,6853.31,0.85
A026,A018,TRANSFERRED_TO,2026-08-03T10:02:00,21090.41,0.925
A033,A037,TRANSFERRED_TO,2026-08-04T21:03:00,25362.67,0.826
A040,A006,TRANSFERRED_TO,2026-08-05T08:04:00,16226.97,0.983
A047,A025,TRANSFERRED_TO,2026-08-06T19:05:00,44868.25,0.853
A004,A044,TRANSFERRED_TO,2026-08-07T06:06:00,11116.16,0.847
A011,A013,TRANSFERRED_TO,2026-08-08T17:07:00,39983.38,0.954
A018,A032,TRANSFERRED_TO,2026-08-09T04:08:00,35220.83,0.946
A025,A001,TRANSFERRED_TO,2026-08-10T15:09:00,41721.42,0.937
A032,A020,TRANSFERRED_TO,2026-08-11T02:10:00,206441.68,0.953
A039,A041,TRANSFERRED_TO,2026-08-12T13:11:00,21781.57,0.809
A046,A008,TRANSFERRED_TO,2026-08-13T00:12:00,31985.0,0.889
A003,A027,TRANSFERRED_TO,2026-08-14T11:13:00,13625.52,0.916
A010,A046,TRANSFERRED_TO,2026-08-15T22:14:00,22786.03,0.986
A017,A015,TRANSFERRED_TO,2026-08-16T09:15:00,34245.73,0.984
A024,A034,TRANSFERRED_TO,2026-08-17T20:16:00,42024.9,0.873
A031,A003,TRANSFERRED_TO,2026-08-18T07:17:00,26540.24,0.855
A038,A022,TRANSFERRED_TO,2026-08-19T18:18:00,5185.06,0.815
A045,A041,TRANSFERRED_TO,2026-08-20T05:19:00,7406.03,0.88
A002,A010,TRANSFERRED_TO,2026-08-21T16:20:00,25747.38,0.856
A009,A029,TRANSFERRED_TO,2026-08-22T03:21:00,18820.06,0.964
A016,A048,TRANSFERRED_TO,2026-08-23T14:22:00,5711.0,0.867
A023,A017,TRANSFERRED_TO,2026-08-24T01:23:00,40391.05,0.923
A030,A036,TRANSFERRED_TO,2026-08-25T12:24:00,4926.13,0.941
A037,A005,TRANSFERRED_TO,2026-08-26T23:25:00,40500.39,0.981
A044,A024,TRANSFERRED_TO,2026-08-27T10:26:00,17567.64,0.852
A001,A043,TRANSFERRED_TO,2026-08-28T21:27:00,32720.05,0.953
A008,A012,TRANSFERRED_TO,2026-08-29T08:28:00,32006.16,0.921
A015,A031,TRANSFERRED_TO,2026-08-30T19:29:00,26820.96,0.9
A022,A050,TRANSFERRED_TO,2026-08-01T06:30:00,4230.11,0.829
A029,A019,TRANSFERRED_TO,2026-08-02T17:31:00,32069.04,0.979
A036,A038,TRANSFERRED_TO,2026-08-03T04:32:00,3556.96,0.815
A043,A007,TRANSFERRED_TO,2026-08-04T15:33:00,18656.19,0.917
A050,A026,TRANSFERRED_TO,2026-08-05T02:34:00,14040.25,0.852
A007,A045,TRANSFERRED_TO,2026-08-06T13:35:00,31974.38,0.906
A014,A016,TRANSFERRED_TO,2026-08-07T00:36:00,22132.88,0.888
A021,A033,TRANSFERRED_TO,2026-08-08T11:37:00,25238.29,0.848
A028,A002,TRANSFERRED_TO,2026-08-09T22:38:00,15827.75,0.867
A035,A021,TRANSFERRED_TO,2026-08-10T09:39:00,407049.29,0.849
A042,A040,TRANSFERRED_TO,2026-08-11T20:40:00,18841.97,0.952
A049,A009,TRANSFERRED_TO,2026-08-12T07:41:00,24578.21,0.83
A006,A028,TRANSFERRED_TO,2026-08-13T18:42:00,21406.52,0.939
A013,A047,TRANSFERRED_TO,2026-08-14T05:43:00,11668.12,0.944
A020,A016,TRANSFERRED_TO,2026-08-15T16:44:00,37308.06,0.825
A027,A035,TRANSFERRED_TO,2026-08-16T03:45:00,41709.04,0.947
A034,A004,TRANSFERRED_TO,2026-08-17T14:46:00,27596.42,0.944
A041,A023,TRANSFERRED_TO,2026-08-18T01:47:00,14003.29,0.922
A048,A042,TRANSFERRED_TO,2026-08-19T12:48:00,37677.61,0.9
A005,A011,TRANSFERRED_TO,2026-08-20T23:49:00,20481.1,0.875
A012,A030,TRANSFERRED_TO,2026-08-21T10:50:00,9738.66,0.954
A019,A049,TRANSFERRED_TO,2026-08-22T21:51:00,18664.27,0.867
A026,A018,TRANSFERRED_TO,2026-08-23T08:52:00,21838.66,0.988
A033,A037,TRANSFERRED_TO,2026-08-24T19:53:00,39354.4,0.814
A040,A006,TRANSFERRED_TO,2026-08-25T06:54:00,19536.85,0.879
A047,A025,TRANSFERRED_TO,2026-08-26T17:55:00,30148.36,0.822
A004,A044,TRANSFERRED_TO,2026-08-27T04:56:00,15679.35,0.931
A011,A013,TRANSFERRED_TO,2026-08-28T15:57:00,7226.88,0.984
A018,A032,TRANSFERRED_TO,2026-08-29T02:58:00,42955.41,0.938
A025,A001,TRANSFERRED_TO,2026-08-30T13:59:00,13841.87,0.939
A032,A020,TRANSFERRED_TO,2026-08-01T00:00:00,42736.4,0.969
A039,A041,TRANSFERRED_TO,2026-08-02T11:01:00,23802.87,0.984
A046,A008,TRANSFERRED_TO,2026-08-03T22:02:00,28454.34,0.952
A003,A027,TRANSFERRED_TO,2026-08-04T09:03:00,25820.62,0.971
A010,A046,TRANSFERRED_TO,2026-08-05T20:04:00,43839.21,0.927
A017,A015,TRANSFERRED_TO,2026-08-06T07:05:00,18410.14,0.842
A024,A034,TRANSFERRED_TO,2026-08-07T18:06:00,30356.7,0.83
A031,A003,TRANSFERRED_TO,2026-08-08T05:07:00,21129.71,0.824
A038,A022,TRANSFERRED_TO,2026-08-09T16:08:00,192737.64,0.834
A045,A041,TRANSFERRED_TO,2026-08-10T03:09:00,34237.14,0.947
A002,A010,TRANSFERRED_TO,2026-08-11T14:10:00,10837.45,0.909
A009,A029,TRANSFERRED_TO,2026-08-12T01:11:00,22329.76,0.969
A016,A048,TRANSFERRED_TO,2026-08-13T12:12:00,12275.78,0.915
A023,A017,TRANSFERRED_TO,2026-08-14T23:13:00,38688.26,0.812
A030,A036,TRANSFERRED_TO,2026-08-15T10:14:00,39520.75,0.914
A037,A005,TRANSFERRED_TO,2026-08-16T21:15:00,25686.73,0.97
A044,A024,TRANSFERRED_TO,2026-08-17T08:16:00,25067.11,0.96
A001,A043,TRANSFERRED_TO,2026-08-18T19:17:00,22372.38,0.969
A008,A012,TRANSFERRED_TO,2026-08-19T06:18:00,13025.39,0.928
A015,A031,TRANSFERRED_TO,2026-08-20T17:19:00,5916.94,0.94
A022,A050,TRANSFERRED_TO,2026-08-21T04:20:00,29624.48,0.849
A029,A019,TRANSFERRED_TO,2026-08-22T15:21:00,12562.46,0.926
A036,A038,TRANSFERRED_TO,2026-08-23T02:22:00,39097.81,0.842
A043,A007,TRANSFERRED_TO,2026-08-24T13:23:00,15862.87,0.855
A050,A026,TRANSFERRED_TO,2026-08-25T00:24:00,11761.35,0.866
A007,A045,TRANSFERRED_TO,2026-08-26T11:25:00,17316.89,0.878
A014,A016,TRANSFERRED_TO,2026-08-27T22:26:00,33032.85,0.893
A021,A033,TRANSFERRED_TO,2026-08-28T09:27:00,9981.22,0.912
A028,A002,TRANSFERRED_TO,2026-08-29T20:28:00,11500.37,0.927
A035,A021,TRANSFERRED_TO,2026-08-30T07:29:00,12842.56,0.956
A042,A040,TRANSFERRED_TO,2026-08-01T18:30:00,38840.63,0.943
A049,A009,TRANSFERRED_TO,2026-08-02T05:31:00,30484.53,0.833
A006,A028,TRANSFERRED_TO,2026-08-03T16:32:00,22295.55,0.806
A013,A047,TRANSFERRED_TO,2026-08-04T03:33:00,22514.12,0.913
A020,A016,TRANSFERRED_TO,2026-08-05T14:34:00,23730.55,0.864
A027,A035,TRANSFERRED_TO,2026-08-06T01:35:00,33140.1,0.989
A034,A004,TRANSFERRED_TO,2026-08-07T12:36:00,29837.5,0.928
A041,A023,TRANSFERRED_TO,2026-08-08T23:37:00,282843.41,0.951
A048,A042,TRANSFERRED_TO,2026-08-09T10:38:00,2633.9,0.862
A005,A011,TRANSFERRED_TO,2026-08-10T21:39:00,12517.66,0.929
A012,A030,TRANSFERRED_TO,2026-08-11T08:40:00,40870.61,0.904
A019,A049,TRANSFERRED_TO,2026-08-12T19:41:00,44921.75,0.802
A026,A018,TRANSFERRED_TO,2026-08-13T06:42:00,41638.66,0.821
A033,A037,TRANSFERRED_TO,2026-08-14T17:43:00,16776.18,0.982
A040,A006,TRANSFERRED_TO,2026-08-15T04:44:00,4323.44,0.967
A047,A025,TRANSFERRED_TO,2026-08-16T15:45:00,25324.37,0.916
A004,A044,TRANSFERRED_TO,2026-08-17T02:46:00,26303.7,0.85
A011,A013,TRANSFERRED_TO,2026-08-18T13:47:00,33498.58,0.825
A018,A032,TRANSFERRED_TO,2026-08-19T00:48:00,12454.48,0.851
A025,A001,TRANSFERRED_TO,2026-08-20T11:49:00,18784.95,0.975
A032,A020,TRANSFERRED_TO,2026-08-21T22:50:00,21225.85,0.94
A039,A041,TRANSFERRED_TO,2026-08-22T09:51:00,19814.99,0.873
A046,A008,TRANSFERRED_TO,2026-08-23T20:52:00,10184.72,0.949
A003,A027,TRANSFERRED_TO,2026-08-24T07:53:00,14640.32,0.863
A010,A046,TRANSFERRED_TO,2026-08-25T18:54:00,13158.26,0.919
A017,A015,TRANSFERRED_TO,2026-08-26T05:55:00,22531.2,0.901
A024,A034,TRANSFERRED_TO,2026-08-27T16:56:00,28420.46,0.986
A031,A003,TRANSFERRED_TO,2026-08-28T03:57:00,22570.75,0.89
A038,A022,TRANSFERRED_TO,2026-08-29T14:58:00,43679.53,0.869
A045,A041,TRANSFERRED_TO,2026-08-30T01:59:00,17794.27,0.926
A002,A010,TRANSFERRED_TO,2026-08-01T12:00:00,37533.78,0.92
A009,A029,TRANSFERRED_TO,2026-08-02T23:01:00,23592.71,0.954
A016,A048,TRANSFERRED_TO,2026-08-03T10:02:00,13917.2,0.873
A023,A017,TRANSFERRED_TO,2026-08-04T21:03:00,33278.06,0.902
A030,A036,TRANSFERRED_TO,2026-08-05T08:04:00,7824.52,0.952
A037,A005,TRANSFERRED_TO,2026-08-06T19:05:00,27286.88,0.978
A044,A024,TRANSFERRED_TO,2026-08-07T06:06:00,169654.57,0.874
A001,A043,TRANSFERRED_TO,2026-08-08T17:07:00,30377.21,0.818
A008,A012,TRANSFERRED_TO,2026-08-09T04:08:00,9180.06,0.953
A015,A031,TRANSFERRED_TO,2026-08-10T15:09:00,22747.44,0.964
A022,A050,TRANSFERRED_TO,2026-08-11T02:10:00,27930.79,0.951
A029,A019,TRANSFERRED_TO,2026-08-12T13:11:00,6121.33,0.889
A036,A038,TRANSFERRED_TO,2026-08-13T00:12:00,12796.87,0.944
A043,A007,TRANSFERRED_TO,2026-08-14T11:13:00,6194.78,0.829
A050,A026,TRANSFERRED_TO,2026-08-15T22:14:00,41997.58,0.967
A007,A045,TRANSFERRED_TO,2026-08-16T09:15:00,14497.91,0.84
A014,A016,TRANSFERRED_TO,2026-08-17T20:16:00,27903.37,0.928
A021,A033,TRANSFERRED_TO,2026-08-18T07:17:00,23802.56,0.843
A028,A002,TRANSFERRED_TO,2026-08-19T18:18:00,17152.17,0.831
A035,A021,TRANSFERRED_TO,2026-08-20T05:19:00,31268.26,0.902
A042,A040,TRANSFERRED_TO,2026-08-21T16:20:00,36251.77,0.891
A049,A009,TRANSFERRED_TO,2026-08-22T03:21:00,20265.84,0.847
A006,A028,TRANSFERRED_TO,2026-08-23T14:22:00,20275.92,0.807
A013,A047,TRANSFERRED_TO,2026-08-24T01:23:00,9988.62,0.946
A020,A016,TRANSFERRED_TO,2026-08-25T12:24:00,19766.69,0.806
A027,A035,TRANSFERRED_TO,2026-08-26T23:25:00,17240.92,0.929
A034,A004,TRANSFERRED_TO,2026-08-27T10:26:00,27786.89,0.852
A041,A023,TRANSFERRED_TO,2026-08-28T21:27:00,39146.4,0.846
A048,A042,TRANSFERRED_TO,2026-08-29T08:28:00,27608.94,0.914
A005,A011,TRANSFERRED_TO,2026-08-30T19:29:00,9953.18,0.856
A012,A030,TRANSFERRED_TO,2026-08-01T06:30:00,38262.21,0.803
A019,A049,TRANSFERRED_TO,2026-08-02T17:31:00,6420.51,0.903
A026,A018,TRANSFERRED_TO,2026-08-03T04:32:00,30036.77,0.822
A033,A037,TRANSFERRED_TO,2026-08-04T15:33:00,17330.92,0.96
A040,A006,TRANSFERRED_TO,2026-08-05T02:34:00,20148.39,0.821
A047,A025,TRANSFERRED_TO,2026-08-06T13:35:00,303265.8,0.943
A004,A044,TRANSFERRED_TO,2026-08-07T00:36:00,22852.75,0.985
A011,A013,TRANSFERRED_TO,2026-08-08T11:37:00,28540.44,0.911
A018,A032,TRANSFERRED_TO,2026-08-09T22:38:00,12862.5,0.948
A025,A001,TRANSFERRED_TO,2026-08-10T09:39:00,3518.0,0.966
A032,A020,TRANSFERRED_TO,2026-08-11T20:40:00,12815.49,0.907
A039,A041,TRANSFERRED_TO,2026-08-12T07:41:00,43510.37,0.916
A046,A008,TRANSFERRED_TO,2026-08-13T18:42:00,19645.68,0.962
A003,A027,TRANSFERRED_TO,2026-08-14T05:43:00,36949.99,0.908
A010,A046,TRANSFERRED_TO,2026-08-15T16:44:00,18568.66,0.892
A017,A015,TRANSFERRED_TO,2026-08-16T03:45:00,14750.37,0.93
A024,A034,TRANSFERRED_TO,2026-08-17T14:46:00,26079.25,0.925
A031,A003,TRANSFERRED_TO,2026-08-18T01:47:00,32368.55,0.956
A038,A022,TRANSFERRED_TO,2026-08-19T12:48:00,32785.0,0.873
A045,A041,TRANSFERRED_TO,2026-08-20T23:49:00,35579.83,0.92
A002,A010,TRANSFERRED_TO,2026-08-21T10:50:00,6471.81,0.823
A009,A029,TRANSFERRED_TO,2026-08-22T21:51:00,22074.01,0.946
A016,A048,TRANSFERRED_TO,2026-08-23T08:52:00,26501.52,0.912
A023,A017,TRANSFERRED_TO,2026-08-24T19:53:00,31742.02,0.883
A030,A036,TRANSFERRED_TO,2026-08-25T06:54:00,3052.32,0.867
A037,A005,TRANSFERRED_TO,2026-08-26T17:55:00,41894.94,0.953
A044,A024,TRANSFERRED_TO,2026-08-27T04:56:00,15379.53,0.98
A001,A043,TRANSFERRED_TO,2026-08-28T15:57:00,16049.94,0.957
A008,A012,TRANSFERRED_TO,2026-08-29T02:58:00,18141.93,0.904
A015,A031,TRANSFERRED_TO,2026-08-30T13:59:00,35927.99,0.843
A022,A050,TRANSFERRED_TO,2026-08-01T00:00:00,41883.28,0.818
A029,A019,TRANSFERRED_TO,2026-08-02T11:01:00,14813.14,0.847
A036,A038,TRANSFERRED_TO,2026-08-03T22:02:00,13972.16,0.97
A043,A007,TRANSFERRED_TO,2026-08-04T09:03:00,2664.64,0.811
A050,A026,TRANSFERRED_TO,2026-08-05T20:04:00,165448.62,0.977
A007,A045,TRANSFERRED_TO,2026-08-06T07:05:00,23856.13,0.884
A014,A016,TRANSFERRED_TO,2026-08-07T18:06:00,2934.87,0.953
A021,A033,TRANSFERRED_TO,2026-08-08T05:07:00,24108.8,0.95
A028,A002,TRANSFERRED_TO,2026-08-09T16:08:00,41891.05,0.891
A035,A021,TRANSFERRED_TO,2026-08-10T03:09:00,6501.83,0.947
A042,A040,TRANSFERRED_TO,2026-08-11T14:10:00,35599.77,0.921
A049,A009,TRANSFERRED_TO,2026-08-12T01:11:00,39237.35,0.878
A006,A028,TRANSFERRED_TO,2026-08-13T12:12:00,5939.18,0.876
A013,A047,TRANSFERRED_TO,2026-08-14T23:13:00,13130.58,0.838
A020,A016,TRANSFERRED_TO,2026-08-15T10:14:00,23074.7,0.968
A027,A035,TRANSFERRED_TO,2026-08-16T21:15:00,15607.27,0.93
A034,A004,TRANSFERRED_TO,2026-08-17T08:16:00,39870.82,0.904
A041,A023,TRANSFERRED_TO,2026-08-18T19:17:00,13352.87,0.849
A048,A042,TRANSFERRED_TO,2026-08-19T06:18:00,6477.22,0.923
A005,A011,TRANSFERRED_TO,2026-08-20T17:19:00,43280.52,0.917
A012,A030,TRANSFERRED_TO,2026-08-21T04:20:00,4503.74,0.812
A019,A049,TRANSFERRED_TO,2026-08-22T15:21:00,8122.3,0.847
A026,A018,TRANSFERRED_TO,2026-08-23T02:22:00,33378.75,0.81
A033,A037,TRANSFERRED_TO,2026-08-24T13:23:00,11433.07,0.868
A040,A006,TRANSFERRED_TO,2026-08-25T00:24:00,11317.12,0.981
A047,A025,TRANSFERRED_TO,2026-08-26T11:25:00,27795.85,0.888
A004,A044,TRANSFERRED_TO,2026-08-27T22:26:00,24089.59,0.964
A011,A013,TRANSFERRED_TO,2026-08-28T09:27:00,33698.23,0.829
A018,A032,TRANSFERRED_TO,2026-08-29T20:28:00,42762.92,0.87
A025,A001,TRANSFERRED_TO,2026-08-30T07:29:00,43230.58,0.874
A032,A020,TRANSFERRED_TO,2026-08-01T18:30:00,20749.88,0.838
A039,A041,TRANSFERRED_TO,2026-08-02T05:31:00,20647.35,0.952
A046,A008,TRANSFERRED_TO,2026-08-03T16:32:00,43171.91,0.876
A003,A027,TRANSFERRED_TO,2026-08-04T03:33:00,151057.63,0.951
A010,A046,TRANSFERRED_TO,2026-08-05T14:34:00,12865.35,0.838
A017,A015,TRANSFERRED_TO,2026-08-06T01:35:00,15621.11,0.888
A024,A034,TRANSFERRED_TO,2026-08-07T12:36:00,14101.8,0.925
A031,A003,TRANSFERRED_TO,2026-08-08T23:37:00,32731.28,0.847
A038,A022,TRANSFERRED_TO,2026-08-09T10:38:00,38126.87,0.924
A045,A041,TRANSFERRED_TO,2026-08-10T21:39:00,16096.51,0.912
A002,A010,TRANSFERRED_TO,2026-08-11T08:40:00,14828.01,0.87
A009,A029,TRANSFERRED_TO,2026-08-12T19:41:00,5140.77,0.895
A016,A048,TRANSFERRED_TO,2026-08-13T06:42:00,15661.78,0.812
A023,A017,TRANSFERRED_TO,2026-08-14T17:43:00,26951.09,0.812
A030,A036,TRANSFERRED_TO,2026-08-15T04:44:00,12180.52,0.922
A037,A005,TRANSFERRED_TO,2026-08-16T15:45:00,8006.87,0.844
A044,A024,TRANSFERRED_TO,2026-08-17T02:46:00,36588.53,0.811
A001,A043,TRANSFERRED_TO,2026-08-18T13:47:00,18932.08,0.955
A008,A012,TRANSFERRED_TO,2026-08-19T00:48:00,22004.9,0.914
A015,A031,TRANSFERRED_TO,2026-08-20T11:49:00,18254.55,0.809
A022,A050,TRANSFERRED_TO,2026-08-21T22:50:00,32764.69,0.838
A029,A019,TRANSFERRED_TO,2026-08-22T09:51:00,17760.54,0.867
A036,A038,TRANSFERRED_TO,2026-08-23T20:52:00,21688.25,0.971
A043,A007,TRANSFERRED_TO,2026-08-24T07:53:00,33235.8,0.831
A050,A026,TRANSFERRED_TO,2026-08-25T18:54:00,15530.72,0.953
A007,A045,TRANSFERRED_TO,2026-08-26T05:55:00,40584.33,0.944
A014,A016,TRANSFERRED_TO,2026-08-27T16:56:00,32328.38,0.868
A021,A033,TRANSFERRED_TO,2026-08-28T03:57:00,11938.23,0.92
A028,A002,TRANSFERRED_TO,2026-08-29T14:58:00,41428.08,0.861
A035,A021,TRANSFERRED_TO,2026-08-30T01:59:00,44698.65,0.842
A042,A040,TRANSFERRED_TO,2026-08-01T12:00:00,40100.08,0.807
A049,A009,TRANSFERRED_TO,2026-08-02T23:01:00,14860.61,0.988
A006,A028,TRANSFERRED_TO,2026-08-03T10:02:00,329298.84,0.957
A013,A047,TRANSFERRED_TO,2026-08-04T21:03:00,23669.94,0.934
A020,A016,TRANSFERRED_TO,2026-08-05T08:04:00,37909.2,0.854
A027,A035,TRANSFERRED_TO,2026-08-06T19:05:00,36397.1,0.819
A034,A004,TRANSFERRED_TO,2026-08-07T06:06:00,39838.73,0.842
A041,A023,TRANSFERRED_TO,2026-08-08T17:07:00,44730.35,0.888
A048,A042,TRANSFERRED_TO,2026-08-09T04:08:00,41191.27,0.936
A005,A011,TRANSFERRED_TO,2026-08-10T15:09:00,44090.14,0.807
A012,A030,TRANSFERRED_TO,2026-08-11T02:10:00,37506.38,0.903
A019,A049,TRANSFERRED_TO,2026-08-12T13:11:00,27141.14,0.913
A026,A018,TRANSFERRED_TO,2026-08-13T00:12:00,5211.51,0.869
A033,A037,TRANSFERRED_TO,2026-08-14T11:13:00,8147.23,0.918
A040,A006,TRANSFERRED_TO,2026-08-15T22:14:00,20776.36,0.841
A047,A025,TRANSFERRED_TO,2026-08-16T09:15:00,23250.25,0.984
A004,A044,TRANSFERRED_TO,2026-08-17T20:16:00,19192.79,0.954
A011,A013,TRANSFERRED_TO,2026-08-18T07:17:00,13028.21,0.843
A018,A032,TRANSFERRED_TO,2026-08-19T18:18:00,44217.61,0.945
A025,A001,TRANSFERRED_TO,2026-08-20T05:19:00,24619.28,0.979
A032,A020,TRANSFERRED_TO,2026-08-21T16:20:00,28009.86,0.879
A039,A041,TRANSFERRED_TO,2026-08-22T03:21:00,35197.18,0.804
A046,A008,TRANSFERRED_TO,2026-08-23T14:22:00,20352.9,0.915
A003,A027,TRANSFERRED_TO,2026-08-24T01:23:00,44803.14,0.915
A010,A046,TRANSFERRED_TO,2026-08-25T12:24:00,34074.85,0.89
A017,A015,TRANSFERRED_TO,2026-08-26T23:25:00,5302.92,0.813
A024,A034,TRANSFERRED_TO,2026-08-27T10:26:00,32207.63,0.87
A031,A003,TRANSFERRED_TO,2026-08-28T21:27:00,23701.79,0.836
A038,A022,TRANSFERRED_TO,2026-08-29T08:28:00,32756.21,0.953
A045,A041,TRANSFERRED_TO,2026-08-30T19:29:00,30357.58,0.906
A002,A010,TRANSFERRED_TO,2026-08-01T06:30:00,10191.32,0.838
A009,A029,TRANSFERRED_TO,2026-08-02T17:31:00,277099.85,0.807
A016,A048,TRANSFERRED_TO,2026-08-03T04:32:00,25606.17,0.903
A023,A017,TRANSFERRED_TO,2026-08-04T15:33:00,4855.47,0.814
A030,A036,TRANSFERRED_TO,2026-08-05T02:34:00,20619.17,0.961
A037,A005,TRANSFERRED_TO,2026-08-06T13:35:00,4463.55,0.807
A044,A024,TRANSFERRED_TO,2026-08-07T00:36:00,13972.13,0.94
A001,A043,TRANSFERRED_TO,2026-08-08T11:37:00,41435.05,0.962
A008,A012,TRANSFERRED_TO,2026-08-09T22:38:00,13533.75,0.833
A015,A031,TRANSFERRED_TO,2026-08-10T09:39:00,26823.46,0.914
A022,A050,TRANSFERRED_TO,2026-08-11T20:40:00,44879.3,0.968
A029,A019,TRANSFERRED_TO,2026-08-12T07:41:00,40709.14,0.881
A036,A038,TRANSFERRED_TO,2026-08-13T18:42:00,44026.12,0.925
A043,A007,TRANSFERRED_TO,2026-08-14T05:43:00,12018.23,0.955
A050,A026,TRANSFERRED_TO,2026-08-15T16:44:00,43365.22,0.95
A007,A045,TRANSFERRED_TO,2026-08-16T03:45:00,17463.39,0.902
A014,A016,TRANSFERRED_TO,2026-08-17T14:46:00,24847.94,0.893
A021,A033,TRANSFERRED_TO,2026-08-18T01:47:00,30729.55,0.858
A028,A002,TRANSFERRED_TO,2026-08-19T12:48:00,37152.96,0.988
A035,A021,TRANSFERRED_TO,2026-08-20T23:49:00,21498.49,0.925
A042,A040,TRANSFERRED_TO,2026-08-21T10:50:00,27916.26,0.896
A049,A009,TRANSFERRED_TO,2026-08-22T21:51:00,36939.05,0.964
A006,A028,TRANSFERRED_TO,2026-08-23T08:52:00,24127.15,0.803
A013,A047,TRANSFERRED_TO,2026-08-24T19:53:00,14852.95,0.955
A020,A016,TRANSFERRED_TO,2026-08-25T06:54:00,37413.52,0.94
A027,A035,TRANSFERRED_TO,2026-08-26T17:55:00,27372.41,0.858
A034,A004,TRANSFERRED_TO,2026-08-27T04:56:00,34417.03,0.824
A041,A023,TRANSFERRED_TO,2026-08-28T15:57:00,15675.45,0.983
A048,A042,TRANSFERRED_TO,2026-08-29T02:58:00,15309.36,0.837
A005,A011,TRANSFERRED_TO,2026-08-30T13:59:00,15646.63,0.943
A012,A030,TRANSFERRED_TO,2026-08-01T00:00:00,437325.41,0.933
A019,A049,TRANSFERRED_TO,2026-08-02T11:01:00,28781.05,0.928
A026,A018,TRANSFERRED_TO,2026-08-03T22:02:00,17685.16,0.945
A033,A037,TRANSFERRED_TO,2026-08-04T09:03:00,37139.96,0.976
A040,A006,TRANSFERRED_TO,2026-08-05T20:04:00,21401.63,0.9
A047,A025,TRANSFERRED_TO,2026-08-06T07:05:00,39787.92,0.961
A004,A044,TRANSFERRED_TO,2026-08-07T18:06:00,30979.43,0.878
A011,A013,TRANSFERRED_TO,2026-08-08T05:07:00,33782.03,0.91
A018,A032,TRANSFERRED_TO,2026-08-09T16:08:00,10105.83,0.813
A025,A001,TRANSFERRED_TO,2026-08-10T03:09:00,17174.07,0.926
A032,A020,TRANSFERRED_TO,2026-08-11T14:10:00,19641.63,0.855
A039,A041,TRANSFERRED_TO,2026-08-12T01:11:00,42120.21,0.887
A046,A008,TRANSFERRED_TO,2026-08-13T12:12:00,41913.91,0.814
A003,A027,TRANSFERRED_TO,2026-08-14T23:13:00,31686.75,0.922
A010,A046,TRANSFERRED_TO,2026-08-15T10:14:00,12300.53,0.959
A017,A015,TRANSFERRED_TO,2026-08-16T21:15:00,4579.38,0.943
A024,A034,TRANSFERRED_TO,2026-08-17T08:16:00,36797.35,0.962
A031,A003,TRANSFERRED_TO,2026-08-18T19:17:00,40870.86,0.973
A038,A022,TRANSFERRED_TO,2026-08-19T06:18:00,38179.07,0.934
A045,A041,TRANSFERRED_TO,2026-08-20T17:19:00,9025.39,0.853
A002,A010,TRANSFERRED_TO,2026-08-21T04:20:00,27309.62,0.908
A009,A029,TRANSFERRED_TO,2026-08-22T15:21:00,12123.01,0.939
A016,A048,TRANSFERRED_TO,2026-08-23T02:22:00,6627.78,0.919
A023,A017,TRANSFERRED_TO,2026-08-24T13:23:00,11587.83,0.833
A030,A036,TRANSFERRED_TO,2026-08-25T00:24:00,6360.59,0.989
A037,A005,TRANSFERRED_TO,2026-08-26T11:25:00,18156.23,0.864
A044,A024,TRANSFERRED_TO,2026-08-27T22:26:00,4448.58,0.892
A001,A043,TRANSFERRED_TO,2026-08-28T09:27:00,41459.15,0.848
A008,A012,TRANSFERRED_TO,2026-08-29T20:28:00,39125.56,0.936
A015,A031,TRANSFERRED_TO,2026-08-30T07:29:00,268274.36,0.861
A022,A050,TRANSFERRED_TO,2026-08-01T18:30:00,38361.3,0.853
A029,A019,TRANSFERRED_TO,2026-08-02T05:31:00,43884.45,0.96
A036,A038,TRANSFERRED_TO,2026-08-03T16:32:00,3676.17,0.803
A043,A007,TRANSFERRED_TO,2026-08-04T03:33:00,44347.76,0.949
A050,A026,TRANSFERRED_TO,2026-08-05T14:34:00,13966.35,0.938
A007,A045,TRANSFERRED_TO,2026-08-06T01:35:00,37182.22,0.895
A014,A016,TRANSFERRED_TO,2026-08-07T12:36:00,10765.64,0.839
A021,A033,TRANSFERRED_TO,2026-08-08T23:37:00,25786.81,0.924
A028,A002,TRANSFERRED_TO,2026-08-09T10:38:00,37973.06,0.908
A035,A021,TRANSFERRED_TO,2026-08-10T21:39:00,19791.82,0.831
A042,A040,TRANSFERRED_TO,2026-08-11T08:40:00,10305.89,0.932
A049,A009,TRANSFERRED_TO,2026-08-12T19:41:00,14738.78,0.857
A006,A028,TRANSFERRED_TO,2026-08-13T06:42:00,15221.89,0.968
A013,A047,TRANSFERRED_TO,2026-08-14T17:43:00,29843.7,0.855
A020,A016,TRANSFERRED_TO,2026-08-15T04:44:00,38822.9,0.869
A027,A035,TRANSFERRED_TO,2026-08-16T15:45:00,34038.3,0.83
A034,A004,TRANSFERRED_TO,2026-08-17T02:46:00,13242.41,0.838
A041,A023,TRANSFERRED_TO,2026-08-18T13:47:00,42464.53,0.961
A048,A042,TRANSFERRED_TO,2026-08-19T00:48:00,14820.85,0.878
A005,A011,TRANSFERRED_TO,2026-08-20T11:49:00,40975.89,0.9
A012,A030,TRANSFERRED_TO,2026-08-21T22:50:00,35844.01,0.913
A019,A049,TRANSFERRED_TO,2026-08-22T09:51:00,7820.81,0.835
A026,A018,TRANSFERRED_TO,2026-08-23T20:52:00,32382.59,0.826
A033,A037,TRANSFERRED_TO,2026-08-24T07:53:00,30918.1,0.903
A040,A006,TRANSFERRED_TO,2026-08-25T18:54:00,31182.31,0.818
A047,A025,TRANSFERRED_TO,2026-08-26T05:55:00,31457.24,0.868
A004,A044,TRANSFERRED_TO,2026-08-27T16:56:00,3071.39,0.811
A011,A013,TRANSFERRED_TO,2026-08-28T03:57:00,40120.6,0.919
A018,A032,TRANSFERRED_TO,2026-08-29T14:58:00,279460.83,0.891
A025,A001,TRANSFERRED_TO,2026-08-30T01:59:00,16233.49,0.805
A032,A020,TRANSFERRED_TO,2026-08-01T12:00:00,7866.66,0.949
A039,A041,TRANSFERRED_TO,2026-08-02T23:01:00,8954.81,0.805
A046,A008,TRANSFERRED_TO,2026-08-03T10:02:00,7542.04,0.941
A003,A027,TRANSFERRED_TO,2026-08-04T21:03:00,3568.89,0.838
A010,A046,TRANSFERRED_TO,2026-08-05T08:04:00,36593.12,0.981
A017,A015,TRANSFERRED_TO,2026-08-06T19:05:00,15618.14,0.894
A024,A034,TRANSFERRED_TO,2026-08-07T06:06:00,24555.75,0.855
A031,A003,TRANSFERRED_TO,2026-08-08T17:07:00,15419.71,0.815
A038,A022,TRANSFERRED_TO,2026-08-09T04:08:00,4766.34,0.86
A045,A041,TRANSFERRED_TO,2026-08-10T15:09:00,17916.65,0.881
A002,A010,TRANSFERRED_TO,2026-08-11T02:10:00,12957.8,0.806
A009,A029,TRANSFERRED_TO,2026-08-12T13:11:00,9006.08,0.828
A016,A048,TRANSFERRED_TO,2026-08-13T00:12:00,26352.25,0.816
A023,A017,TRANSFERRED_TO,2026-08-14T11:13:00,29044.12,0.965
A030,A036,TRANSFERRED_TO,2026-08-15T22:14:00,11474.67,0.904
A037,A005,TRANSFERRED_TO,2026-08-16T09:15:00,44641.27,0.884
A044,A024,TRANSFERRED_TO,2026-08-17T20:16:00,18072.66,0.916
A001,A043,TRANSFERRED_TO,2026-08-18T07:17:00,44492.68,0.954
A008,A012,TRANSFERRED_TO,2026-08-19T18:18:00,25126.31,0.88
A015,A031,TRANSFERRED_TO,2026-08-20T05:19:00,42578.82,0.929
A022,A050,TRANSFERRED_TO,2026-08-21T16:20:00,37973.3,0.947
A029,A019,TRANSFERRED_TO,2026-08-22T03:21:00,6972.93,0.896
A036,A038,TRANSFERRED_TO,2026-08-23T14:22:00,14825.72,0.811
A043,A007,TRANSFERRED_TO,2026-08-24T01:23:00,33983.36,0.858
A050,A026,TRANSFERRED_TO,2026-08-25T12:24:00,15913.24,0.978
A007,A045,TRANSFERRED_TO,2026-08-26T23:25:00,36326.69,0.808
A014,A016,TRANSFERRED_TO,2026-08-27T10:26:00,28410.05,0.81
A021,A033,TRANSFERRED_TO,2026-08-28T21:27:00,312588.49,0.981
A028,A002,TRANSFERRED_TO,2026-08-29T08:28:00,23751.86,0.833
A035,A021,TRANSFERRED_TO,2026-08-30T19:29:00,3749.32,0.977
A042,A040,TRANSFERRED_TO,2026-08-01T06:30:00,21314.4,0.906
A049,A009,TRANSFERRED_TO,2026-08-02T17:31:00,44609.52,0.822
A006,A028,TRANSFERRED_TO,2026-08-03T04:32:00,43463.28,0.879
A013,A047,TRANSFERRED_TO,2026-08-04T15:33:00,11507.51,0.93
A020,A016,TRANSFERRED_TO,2026-08-05T02:34:00,13669.18,0.936
A027,A035,TRANSFERRED_TO,2026-08-06T13:35:00,17384.76,0.922
A034,A004,TRANSFERRED_TO,2026-08-07T00:36:00,22958.74,0.935
A041,A023,TRANSFERRED_TO,2026-08-08T11:37:00,28038.58,0.928
A048,A042,TRANSFERRED_TO,2026-08-09T22:38:00,5707.44,0.899
A005,A011,TRANSFERRED_TO,2026-08-10T09:39:00,21965.38,0.916
A012,A030,TRANSFERRED_TO,2026-08-11T20:40:00,30517.93,0.832
A019,A049,TRANSFERRED_TO,2026-08-12T07:41:00,23116.34,0.949
A026,A018,TRANSFERRED_TO,2026-08-13T18:42:00,3217.87,0.923
A033,A037,TRANSFERRED_TO,2026-08-14T05:43:00,12036.49,0.968
A040,A006,TRANSFERRED_TO,2026-08-15T16:44:00,30729.44,0.813
A047,A025,TRANSFERRED_TO,2026-08-16T03:45:00,24876.68,0.934
A004,A044,TRANSFERRED_TO,2026-08-17T14:46:00,41587.12,0.887
A011,A013,TRANSFERRED_TO,2026-08-18T01:47:00,6854.88,0.962
A018,A032,TRANSFERRED_TO,2026-08-19T12:48:00,44624.01,0.818
A025,A001,TRANSFERRED_TO,2026-08-20T23:49:00,33485.74,0.918
A032,A020,TRANSFERRED_TO,2026-08-21T10:50:00,19160.77,0.918
A039,A041,TRANSFERRED_TO,2026-08-22T21:51:00,5551.04,0.823
A046,A008,TRANSFERRED_TO,2026-08-23T08:52:00,13320.41,0.851
A003,A027,TRANSFERRED_TO,2026-08-24T19:53:00,33758.51,0.802
A010,A046,TRANSFERRED_TO,2026-08-25T06:54:00,43518.62,0.86
A017,A015,TRANSFERRED_TO,2026-08-26T17:55:00,42299.97,0.925
A024,A034,TRANSFERRED_TO,2026-08-27T04:56:00,300904.68,0.892
A031,A003,TRANSFERRED_TO,2026-08-28T15:57:00,41776.18,0.905
A038,A022,TRANSFERRED_TO,2026-08-29T02:58:00,27946.44,0.858
A045,A041,TRANSFERRED_TO,2026-08-30T13:59:00,11268.94,0.917
A002,A010,TRANSFERRED_TO,2026-08-01T00:00:00,2647.85,0.896
A009,A029,TRANSFERRED_TO,2026-08-02T11:01:00,17690.87,0.961
A016,A048,TRANSFERRED_TO,2026-08-03T22:02:00,24781.83,0.856
A023,A017,TRANSFERRED_TO,2026-08-04T09:03:00,26098.81,0.905
A030,A036,TRANSFERRED_TO,2026-08-05T20:04:00,5757.01,0.839
A037,A005,TRANSFERRED_TO,2026-08-06T07:05:00,43794.63,0.961
A044,A024,TRANSFERRED_TO,2026-08-07T18:06:00,20301.58,0.904
A001,A043,TRANSFERRED_TO,2026-08-08T05:07:00,28716.75,0.926
A008,A012,TRANSFERRED_TO,2026-08-09T16:08:00,41182.91,0.816
A015,A031,TRANSFERRED_TO,2026-08-10T03:09:00,4655.38,0.979
A022,A050,TRANSFERRED_TO,2026-08-11T14:10:00,12695.71,0.809
A029,A019,TRANSFERRED_TO,2026-08-12T01:11:00,20532.51,0.857
A036,A038,TRANSFERRED_TO,2026-08-13T12:12:00,21031.16,0.829
A043,A007,TRANSFERRED_TO,2026-08-14T23:13:00,22505.6,0.922
A050,A026,TRANSFERRED_TO,2026-08-15T10:14:00,4822.81,0.822
A007,A045,TRANSFERRED_TO,2026-08-16T21:15:00,12610.96,0.976
A014,A016,TRANSFERRED_TO,2026-08-17T08:16:00,17601.37,0.912
A021,A033,TRANSFERRED_TO,2026-08-18T19:17:00,36988.24,0.884
A028,A002,TRANSFERRED_TO,2026-08-19T06:18:00,22381.6,0.899
A035,A021,TRANSFERRED_TO,2026-08-20T17:19:00,14061.81,0.911
A042,A040,TRANSFERRED_TO,2026-08-21T04:20:00,43174.94,0.845
A049,A009,TRANSFERRED_TO,2026-08-22T15:21:00,3312.36,0.908
A006,A028,TRANSFERRED_TO,2026-08-23T02:22:00,15864.72,0.909
A013,A047,TRANSFERRED_TO,2026-08-24T13:23:00,20782.0,0.92
A020,A016,TRANSFERRED_TO,2026-08-25T00:24:00,40377.41,0.851
A027,A035,TRANSFERRED_TO,2026-08-26T11:25:00,236543.34,0.983
A034,A004,TRANSFERRED_TO,2026-08-27T22:26:00,36790.44,0.87
A041,A023,TRANSFERRED_TO,2026-08-28T09:27:00,34395.78,0.887
A048,A042,TRANSFERRED_TO,2026-08-29T20:28:00,28576.64,0.823
A005,A011,TRANSFERRED_TO,2026-08-30T07:29:00,43182.52,0.925
A012,A030,TRANSFERRED_TO,2026-08-01T18:30:00,20653.22,0.836
A019,A049,TRANSFERRED_TO,2026-08-02T05:31:00,12794.16,0.962
A026,A018,TRANSFERRED_TO,2026-08-03T16:32:00,9054.92,0.868
A033,A037,TRANSFERRED_TO,2026-08-04T03:33:00,28205.19,0.866
A040,A006,TRANSFERRED_TO,2026-08-05T14:34:00,43365.68,0.872
A047,A025,TRANSFERRED_TO,2026-08-06T01:35:00,36697.13,0.968
A004,A044,TRANSFERRED_TO,2026-08-07T12:36:00,22428.52,0.82
A011,A013,TRANSFERRED_TO,2026-08-08T23:37:00,10045.09,0.924
A018,A032,TRANSFERRED_TO,2026-08-09T10:38:00,11196.78,0.84
A025,A001,TRANSFERRED_TO,2026-08-10T21:39:00,38897.12,0.844
A032,A020,TRANSFERRED_TO,2026-08-11T08:40:00,9406.0,0.956
A039,A041,TRANSFERRED_TO,2026-08-12T19:41:00,14555.74,0.828
A046,A008,TRANSFERRED_TO,2026-08-13T06:42:00,41144.47,0.897
A003,A027,TRANSFERRED_TO,2026-08-14T17:43:00,21770.18,0.933
A010,A046,TRANSFERRED_TO,2026-08-15T04:44:00,30510.05,0.841
A017,A015,TRANSFERRED_TO,2026-08-16T15:45:00,6526.71,0.932
A024,A034,TRANSFERRED_TO,2026-08-17T02:46:00,36087.49,0.889
A031,A003,TRANSFERRED_TO,2026-08-18T13:47:00,43867.76,0.805
A038,A022,TRANSFERRED_TO,2026-08-19T00:48:00,13986.23,0.908
A045,A041,TRANSFERRED_TO,2026-08-20T11:49:00,32321.15,0.853
A002,A010,TRANSFERRED_TO,2026-08-21T22:50:00,10914.29,0.836
A009,A029,TRANSFERRED_TO,2026-08-22T09:51:00,3396.07,0.874
A016,A048,TRANSFERRED_TO,2026-08-23T20:52:00,42239.0,0.876
A023,A017,TRANSFERRED_TO,2026-08-24T07:53:00,10798.15,0.92
A030,A036,TRANSFERRED_TO,2026-08-25T18:54:00,279773.67,0.803
A037,A005,TRANSFERRED_TO,2026-08-26T05:55:00,23017.78,0.932
A044,A024,TRANSFERRED_TO,2026-08-27T16:56:00,11130.78,0.943
A001,A043,TRANSFERRED_TO,2026-08-28T03:57:00,30651.13,0.819
A008,A012,TRANSFERRED_TO,2026-08-29T14:58:00,15617.62,0.807
A015,A031,TRANSFERRED_TO,2026-08-30T01:59:00,8984.59,0.96
A022,A050,TRANSFERRED_TO,2026-08-01T12:00:00,10529.92,0.865
A029,A019,TRANSFERRED_TO,2026-08-02T23:01:00,6780.36,0.975
A036,A038,TRANSFERRED_TO,2026-08-03T10:02:00,44974.25,0.899
A043,A007,TRANSFERRED_TO,2026-08-04T21:03:00,26356.69,0.969
A050,A026,TRANSFERRED_TO,2026-08-05T08:04:00,41112.81,0.909
A007,A045,TRANSFERRED_TO,2026-08-06T19:05:00,16578.16,0.912
A014,A016,TRANSFERRED_TO,2026-08-07T06:06:00,28499.93,0.811
A021,A033,TRANSFERRED_TO,2026-08-08T17:07:00,27380.75,0.97
A028,A002,TRANSFERRED_TO,2026-08-09T04:08:00,29765.59,0.818
A035,A021,TRANSFERRED_TO,2026-08-10T15:09:00,38172.68,0.902
A042,A040,TRANSFERRED_TO,2026-08-11T02:10:00,26652.42,0.935
A049,A009,TRANSFERRED_TO,2026-08-12T13:11:00,39288.73,0.917
A006,A028,TRANSFERRED_TO,2026-08-13T00:12:00,11609.34,0.921
A013,A047,TRANSFERRED_TO,2026-08-14T11:13:00,40021.37,0.814
A020,A016,TRANSFERRED_TO,2026-08-15T22:14:00,38366.53,0.897
A027,A035,TRANSFERRED_TO,2026-08-16T09:15:00,15525.97,0.943
A034,A004,TRANSFERRED_TO,2026-08-17T20:16:00,28790.37,0.911
A041,A023,TRANSFERRED_TO,2026-08-18T07:17:00,25207.73,0.884
A048,A042,TRANSFERRED_TO,2026-08-19T18:18:00,42921.62,0.821
A005,A011,TRANSFERRED_TO,2026-08-20T05:19:00,34857.84,0.863
A012,A030,TRANSFERRED_TO,2026-08-21T16:20:00,25994.14,0.928
A019,A049,TRANSFERRED_TO,2026-08-22T03:21:00,40056.14,0.862
A026,A018,TRANSFERRED_TO,2026-08-23T14:22:00,44515.95,0.929
A033,A037,TRANSFERRED_TO,2026-08-24T01:23:00,162629.04,0.898
A040,A006,TRANSFERRED_TO,2026-08-25T12:24:00,26227.51,0.959
A047,A025,TRANSFERRED_TO,2026-08-26T23:25:00,12002.38,0.954
A004,A044,TRANSFERRED_TO,2026-08-27T10:26:00,27476.54,0.801
A011,A013,TRANSFERRED_TO,2026-08-28T21:27:00,16934.84,0.818
A018,A032,TRANSFERRED_TO,2026-08-29T08:28:00,44436.97,0.867
A025,A001,TRANSFERRED_TO,2026-08-30T19:29:00,23466.48,0.988
A032,A020,TRANSFERRED_TO,2026-08-01T06:30:00,38938.96,0.921
A039,A041,TRANSFERRED_TO,2026-08-02T17:31:00,13945.53,0.807
A046,A008,TRANSFERRED_TO,2026-08-03T04:32:00,10243.81,0.865
A003,A027,TRANSFERRED_TO,2026-08-04T15:33:00,15830.16,0.921
A010,A046,TRANSFERRED_TO,2026-08-05T02:34:00,35474.99,0.841
A017,A015,TRANSFERRED_TO,2026-08-06T13:35:00,36984.86,0.866
A024,A034,TRANSFERRED_TO,2026-08-07T00:36:00,15175.22,0.983
A031,A003,TRANSFERRED_TO,2026-08-08T11:37:00,39039.82,0.854
A038,A022,TRANSFERRED_TO,2026-08-09T22:38:00,2911.95,0.865
A045,A041,TRANSFERRED_TO,2026-08-10T09:39:00,11401.8,0.957
A002,A010,TRANSFERRED_TO,2026-08-11T20:40:00,35961.8,0.911
A009,A029,TRANSFERRED_TO,2026-08-12T07:41:00,32798.8,0.848
A016,A048,TRANSFERRED_TO,2026-08-13T18:42:00,41620.46,0.864
A023,A017,TRANSFERRED_TO,2026-08-14T05:43:00,3644.1,0.876
A030,A036,TRANSFERRED_TO,2026-08-15T16:44:00,17080.68,0.92
A037,A005,TRANSFERRED_TO,2026-08-16T03:45:00,41835.66,0.833
A044,A024,TRANSFERRED_TO,2026-08-17T14:46:00,24952.6,0.982
A001,A043,TRANSFERRED_TO,2026-08-18T01:47:00,44211.96,0.941
A008,A012,TRANSFERRED_TO,2026-08-19T12:48:00,10053.02,0.957
A015,A031,TRANSFERRED_TO,2026-08-20T23:49:00,26928.53,0.959
A022,A050,TRANSFERRED_TO,2026-08-21T10:50:00,11336.21,0.846
A029,A019,TRANSFERRED_TO,2026-08-22T21:51:00,8984.24,0.864
A036,A038,TRANSFERRED_TO,2026-08-23T08:52:00,400189.15,0.857
A043,A007,TRANSFERRED_TO,2026-08-24T19:53:00,6859.98,0.951
A050,A026,TRANSFERRED_TO,2026-08-25T06:54:00,33816.18,0.898
A007,A045,TRANSFERRED_TO,2026-08-26T17:55:00,19084.1,0.838
A014,A016,TRANSFERRED_TO,2026-08-27T04:56:00,21282.93,0.806
A021,A033,TRANSFERRED_TO,2026-08-28T15:57:00,36965.66,0.872
A028,A002,TRANSFERRED_TO,2026-08-29T02:58:00,23282.77,0.81
A035,A021,TRANSFERRED_TO,2026-08-30T13:59:00,33070.8,0.989
A042,A040,TRANSFERRED_TO,2026-08-01T00:00:00,20311.5,0.923
A049,A009,TRANSFERRED_TO,2026-08-02T11:01:00,17281.08,0.972
A006,A028,TRANSFERRED_TO,2026-08-03T22:02:00,44110.44,0.913
A013,A047,TRANSFERRED_TO,2026-08-04T09:03:00,34677.13,0.918
A020,A016,TRANSFERRED_TO,2026-08-05T20:04:00,14520.99,0.809
A027,A035,TRANSFERRED_TO,2026-08-06T07:05:00,15594.46,0.815
A034,A004,TRANSFERRED_TO,2026-08-07T18:06:00,17279.66,0.979
A041,A023,TRANSFERRED_TO,2026-08-08T05:07:00,20790.47,0.875
A048,A042,TRANSFERRED_TO,2026-08-09T16:08:00,11367.93,0.927
A005,A011,TRANSFERRED_TO,2026-08-10T03:09:00,21531.58,0.887
A012,A030,TRANSFERRED_TO,2026-08-11T14:10:00,8185.53,0.875
A019,A049,TRANSFERRED_TO,2026-08-12T01:11:00,23899.6,0.858
A026,A018,TRANSFERRED_TO,2026-08-13T12:12:00,31106.71,0.85
A033,A037,TRANSFERRED_TO,2026-08-14T23:13:00,32853.25,0.81
A040,A006,TRANSFERRED_TO,2026-08-15T10:14:00,44804.59,0.822
A047,A025,TRANSFERRED_TO,2026-08-16T21:15:00,10565.93,0.891
A004,A044,TRANSFERRED_TO,2026-08-17T08:16:00,9167.9,0.822
A011,A013,TRANSFERRED_TO,2026-08-18T19:17:00,26829.02,0.94
A018,A032,TRANSFERRED_TO,2026-08-19T06:18:00,36326.48,0.815
A025,A001,TRANSFERRED_TO,2026-08-20T17:19:00,17993.03,0.898
A032,A020,TRANSFERRED_TO,2026-08-21T04:20:00,23755.61,0.834
A039,A041,TRANSFERRED_TO,2026-08-22T15:21:00,408725.64,0.883
A046,A008,TRANSFERRED_TO,2026-08-23T02:22:00,26277.04,0.841
A003,A027,TRANSFERRED_TO,2026-08-24T13:23:00,11540.13,0.824
A010,A046,TRANSFERRED_TO,2026-08-25T00:24:00,16130.15,0.827
A017,A015,TRANSFERRED_TO,2026-08-26T11:25:00,27495.71,0.919
A024,A034,TRANSFERRED_TO,2026-08-27T22:26:00,5056.76,0.919
A031,A003,TRANSFERRED_TO,2026-08-28T09:27:00,38358.05,0.986
A038,A022,TRANSFERRED_TO,2026-08-29T20:28:00,26757.48,0.935
A045,A041,TRANSFERRED_TO,2026-08-30T07:29:00,14656.9,0.88
A002,A010,TRANSFERRED_TO,2026-08-01T18:30:00,34501.53,0.872
A009,A029,TRANSFERRED_TO,2026-08-02T05:31:00,2572.15,0.909
A016,A048,TRANSFERRED_TO,2026-08-03T16:32:00,4598.59,0.842
A023,A017,TRANSFERRED_TO,2026-08-04T03:33:00,15350.29,0.84
A030,A036,TRANSFERRED_TO,2026-08-05T14:34:00,13037.75,0.969
A037,A005,TRANSFERRED_TO,2026-08-06T01:35:00,6299.84,0.855
A044,A024,TRANSFERRED_TO,2026-08-07T12:36:00,5218.23,0.939
A001,A043,TRANSFERRED_TO,2026-08-08T23:37:00,32772.77,0.885
A008,A012,TRANSFERRED_TO,2026-08-09T10:38:00,14121.48,0.956
A015,A031,TRANSFERRED_TO,2026-08-10T21:39:00,40253.94,0.917
A022,A050,TRANSFERRED_TO,2026-08-11T08:40:00,15949.01,0.871
A029,A019,TRANSFERRED_TO,2026-08-12T19:41:00,5578.37,0.965
A036,A038,TRANSFERRED_TO,2026-08-13T06:42:00,37131.04,0.857
A043,A007,TRANSFERRED_TO,2026-08-14T17:43:00,16327.95,0.921
A050,A026,TRANSFERRED_TO,2026-08-15T04:44:00,40871.48,0.963
A007,A045,TRANSFERRED_TO,2026-08-16T15:45:00,21317.63,0.855
A014,A016,TRANSFERRED_TO,2026-08-17T02:46:00,20089.81,0.912
A021,A033,TRANSFERRED_TO,2026-08-18T13:47:00,42834.11,0.842
A028,A002,TRANSFERRED_TO,2026-08-19T00:48:00,5473.86,0.812
A035,A021,TRANSFERRED_TO,2026-08-20T11:49:00,34703.11,0.957
A042,A040,TRANSFERRED_TO,2026-08-21T22:50:00,207883.48,0.855
A049,A009,TRANSFERRED_TO,2026-08-22T09:51:00,19226.48,0.967
A006,A028,TRANSFERRED_TO,2026-08-23T20:52:00,8541.96,0.978
A013,A047,TRANSFERRED_TO,2026-08-24T07:53:00,5175.93,0.835
A020,A016,TRANSFERRED_TO,2026-08-25T18:54:00,12453.46,0.874
A027,A035,TRANSFERRED_TO,2026-08-26T05:55:00,31379.84,0.969
A034,A004,TRANSFERRED_TO,2026-08-27T16:56:00,3447.21,0.879
A041,A023,TRANSFERRED_TO,2026-08-28T03:57:00,38084.74,0.923
A048,A042,TRANSFERRED_TO,2026-08-29T14:58:00,33684.89,0.955
A005,A011,TRANSFERRED_TO,2026-08-30T01:59:00,3462.01,0.86
A012,A030,TRANSFERRED_TO,2026-08-01T12:00:00,29535.37,0.84
A019,A049,TRANSFERRED_TO,2026-08-02T23:01:00,7114.43,0.818
A026,A018,TRANSFERRED_TO,2026-08-03T10:02:00,14639.52,0.932
A033,A037,TRANSFERRED_TO,2026-08-04T21:03:00,25303.76,0.854
A040,A006,TRANSFERRED_TO,2026-08-05T08:04:00,41697.1,0.874
A047,A025,TRANSFERRED_TO,2026-08-06T19:05:00,12847.33,0.822
A004,A044,TRANSFERRED_TO,2026-08-07T06:06:00,8403.91,0.908
A011,A013,TRANSFERRED_TO,2026-08-08T17:07:00,30689.19,0.965
A018,A032,TRANSFERRED_TO,2026-08-09T04:08:00,28579.57,0.852
A025,A001,TRANSFERRED_TO,2026-08-10T15:09:00,11445.63,0.882
A032,A020,TRANSFERRED_TO,2026-08-11T02:10:00,2975.63,0.969
A039,A041,TRANSFERRED_TO,2026-08-12T13:11:00,17210.3,0.851
A046,A008,TRANSFERRED_TO,2026-08-13T00:12:00,7382.66,0.865
A003,A027,TRANSFERRED_TO,2026-08-14T11:13:00,42366.39,0.934
A010,A046,TRANSFERRED_TO,2026-08-15T22:14:00,21057.18,0.907
A017,A015,TRANSFERRED_TO,2026-08-16T09:15:00,15888.66,0.943
A024,A034,TRANSFERRED_TO,2026-08-17T20:16:00,35273.31,0.909
A031,A003,TRANSFERRED_TO,2026-08-18T07:17:00,42427.82,0.943
A038,A022,TRANSFERRED_TO,2026-08-19T18:18:00,32743.6,0.861
A045,A041,TRANSFERRED_TO,2026-08-20T05:19:00,284282.98,0.875
A002,A010,TRANSFERRED_TO,2026-08-21T16:20:00,4728.56,0.895
A009,A029,TRANSFERRED_TO,2026-08-22T03:21:00,42201.67,0.882
A016,A048,TRANSFERRED_TO,2026-08-23T14:22:00,9245.37,0.867
A023,A017,TRANSFERRED_TO,2026-08-24T01:23:00,41667.72,0.8
A030,A036,TRANSFERRED_TO,2026-08-25T12:24:00,40507.45,0.817
A037,A005,TRANSFERRED_TO,2026-08-26T23:25:00,20972.09,0.831
A044,A024,TRANSFERRED_TO,2026-08-27T10:26:00,26781.88,0.807
A001,A043,TRANSFERRED_TO,2026-08-28T21:27:00,14577.66,0.929
A008,A012,TRANSFERRED_TO,2026-08-29T08:28:00,32237.07,0.877
A015,A031,TRANSFERRED_TO,2026-08-30T19:29:00,11108.58,0.988
A022,A050,TRANSFERRED_TO,2026-08-01T06:30:00,6109.71,0.813
A029,A019,TRANSFERRED_TO,2026-08-02T17:31:00,44912.85,0.932
A036,A038,TRANSFERRED_TO,2026-08-03T04:32:00,34916.74,0.821
A043,A007,TRANSFERRED_TO,2026-08-04T15:33:00,42031.69,0.804
A050,A026,TRANSFERRED_TO,2026-08-05T02:34:00,31969.21,0.878
A007,A045,TRANSFERRED_TO,2026-08-06T13:35:00,5633.04,0.937
A014,A016,TRANSFERRED_TO,2026-08-07T00:36:00,22657.77,0.871
A021,A033,TRANSFERRED_TO,2026-08-08T11:37:00,34406.86,0.964
A028,A002,TRANSFERRED_TO,2026-08-09T22:38:00,26320.68,0.898
A035,A021,TRANSFERRED_TO,2026-08-10T09:39:00,33750.92,0.966
A042,A040,TRANSFERRED_TO,2026-08-11T20:40:00,34651.35,0.875
A049,A009,TRANSFERRED_TO,2026-08-12T07:41:00,15841.62,0.964
A006,A028,TRANSFERRED_TO,2026-08-13T18:42:00,16678.71,0.95
A013,A047,TRANSFERRED_TO,2026-08-14T05:43:00,9610.8,0.865
A020,A016,TRANSFERRED_TO,2026-08-15T16:44:00,32679.53,0.977
A027,A035,TRANSFERRED_TO,2026-08-16T03:45:00,41017.02,0.9
A034,A004,TRANSFERRED_TO,2026-08-17T14:46:00,6388.34,0.934
A041,A023,TRANSFERRED_TO,2026-08-18T01:47:00,31250.63,0.811
A048,A042,TRANSFERRED_TO,2026-08-19T12:48:00,236172.3,0.92
A005,A011,TRANSFERRED_TO,2026-08-20T23:49:00,34614.8,0.989
A012,A030,TRANSFERRED_TO,2026-08-21T10:50:00,36027.99,0.927
A019,A049,TRANSFERRED_TO,2026-08-22T21:51:00,39811.82,0.988
A026,A018,TRANSFERRED_TO,2026-08-23T08:52:00,6856.68,0.911
A033,A037,TRANSFERRED_TO,2026-08-24T19:53:00,18059.32,0.808
A040,A006,TRANSFERRED_TO,2026-08-25T06:54:00,7002.18,0.808
A047,A025,TRANSFERRED_TO,2026-08-26T17:55:00,24462.92,0.811
A004,A044,TRANSFERRED_TO,2026-08-27T04:56:00,15727.15,0.887
A011,A013,TRANSFERRED_TO,2026-08-28T15:57:00,34613.43,0.907
A018,A032,TRANSFERRED_TO,2026-08-29T02:58:00,18057.58,0.861
A025,A001,TRANSFERRED_TO,2026-08-30T13:59:00,27796.0,0.813
A032,A020,TRANSFERRED_TO,2026-08-01T00:00:00,33923.8,0.909
A039,A041,TRANSFERRED_TO,2026-08-02T11:01:00,29172.81,0.863
A046,A008,TRANSFERRED_TO,2026-08-03T22:02:00,30210.55,0.915
A003,A027,TRANSFERRED_TO,2026-08-04T09:03:00,16748.89,0.859
A010,A046,TRANSFERRED_TO,2026-08-05T20:04:00,38607.31,0.938
A017,A015,TRANSFERRED_TO,2026-08-06T07:05:00,30754.36,0.922
A024,A034,TRANSFERRED_TO,2026-08-07T18:06:00,5733.55,0.916
A031,A003,TRANSFERRED_TO,2026-08-08T05:07:00,8238.48,0.85
A038,A022,TRANSFERRED_TO,2026-08-09T16:08:00,3491.74,0.941
A045,A041,TRANSFERRED_TO,2026-08-10T03:09:00,37425.97,0.92
A002,A010,TRANSFERRED_TO,2026-08-11T14:10:00,9927.03,0.935
A009,A029,TRANSFERRED_TO,2026-08-12T01:11:00,30836.4,0.874
A016,A048,TRANSFERRED_TO,2026-08-13T12:12:00,36061.0,0.95
A023,A017,TRANSFERRED_TO,2026-08-14T23:13:00,19981.6,0.87
A030,A036,TRANSFERRED_TO,2026-08-15T10:14:00,18246.32,0.81
A037,A005,TRANSFERRED_TO,2026-08-16T21:15:00,43268.22,0.977
A044,A024,TRANSFERRED_TO,2026-08-17T08:16:00,23327.5,0.865
A001,A043,TRANSFERRED_TO,2026-08-18T19:17:00,427287.15,0.932
A008,A012,TRANSFERRED_TO,2026-08-19T06:18:00,39357.54,0.895
A015,A031,TRANSFERRED_TO,2026-08-20T17:19:00,3680.65,0.829
A022,A050,TRANSFERRED_TO,2026-08-21T04:20:00,3258.59,0.864
A029,A019,TRANSFERRED_TO,2026-08-22T15:21:00,17593.76,0.864
A036,A038,TRANSFERRED_TO,2026-08-23T02:22:00,9502.36,0.802
A043,A007,TRANSFERRED_TO,2026-08-24T13:23:00,29352.83,0.968
A050,A026,TRANSFERRED_TO,2026-08-25T00:24:00,32528.11,0.864
A007,A045,TRANSFERRED_TO,2026-08-26T11:25:00,23716.02,0.906
A014,A016,TRANSFERRED_TO,2026-08-27T22:26:00,29513.18,0.804
A021,A033,TRANSFERRED_TO,2026-08-28T09:27:00,12288.06,0.917
A028,A002,TRANSFERRED_TO,2026-08-29T20:28:00,39618.99,0.979
A035,A021,TRANSFERRED_TO,2026-08-30T07:29:00,3967.17,0.9
A042,A040,TRANSFERRED_TO,2026-08-01T18:30:00,39109.33,0.931
A049,A009,TRANSFERRED_TO,2026-08-02T05:31:00,38447.63,0.949
A006,A028,TRANSFERRED_TO,2026-08-03T16:32:00,20371.76,0.983
A013,A047,TRANSFERRED_TO,2026-08-04T03:33:00,3917.31,0.843
A020,A016,TRANSFERRED_TO,2026-08-05T14:34:00,34169.16,0.984
A027,A035,TRANSFERRED_TO,2026-08-06T01:35:00,15754.01,0.963
A034,A004,TRANSFERRED_TO,2026-08-07T12:36:00,15634.55,0.985
A041,A023,TRANSFERRED_TO,2026-08-08T23:37:00,9657.1,0.842
A048,A042,TRANSFERRED_TO,2026-08-09T10:38:00,26920.51,0.837
A005,A011,TRANSFERRED_TO,2026-08-10T21:39:00,20850.73,0.965
A012,A030,TRANSFERRED_TO,2026-08-11T08:40:00,22530.91,0.929
A019,A049,TRANSFERRED_TO,2026-08-12T19:41:00,42083.41,0.976
A026,A018,TRANSFERRED_TO,2026-08-13T06:42:00,30450.01,0.94
A033,A037,TRANSFERRED_TO,2026-08-14T17:43:00,10247.54,0.973
A040,A006,TRANSFERRED_TO,2026-08-15T04:44:00,8184.58,0.945
A047,A025,TRANSFERRED_TO,2026-08-16T15:45:00,23382.79,0.835
A004,A044,TRANSFERRED_TO,2026-08-17T02:46:00,256185.95,0.922
A011,A013,TRANSFERRED_TO,2026-08-18T13:47:00,4075.76,0.972
A018,A032,TRANSFERRED_TO,2026-08-19T00:48:00,17272.02,0.81
A025,A001,TRANSFERRED_TO,2026-08-20T11:49:00,37880.67,0.903
A032,A020,TRANSFERRED_TO,2026-08-21T22:50:00,7534.47,0.823
A039,A041,TRANSFERRED_TO,2026-08-22T09:51:00,5315.18,0.887
A046,A008,TRANSFERRED_TO,2026-08-23T20:52:00,19068.02,0.952
A003,A027,TRANSFERRED_TO,2026-08-24T07:53:00,26836.34,0.984
A010,A046,TRANSFERRED_TO,2026-08-25T18:54:00,17899.14,0.894
A017,A015,TRANSFERRED_TO,2026-08-26T05:55:00,12009.7,0.806
A024,A034,TRANSFERRED_TO,2026-08-27T16:56:00,31975.7,0.81
A031,A003,TRANSFERRED_TO,2026-08-28T03:57:00,25351.76,0.879
A038,A022,TRANSFERRED_TO,2026-08-29T14:58:00,24674.12,0.823
A045,A041,TRANSFERRED_TO,2026-08-30T01:59:00,44045.6,0.988
A002,A010,TRANSFERRED_TO,2026-08-01T12:00:00,19335.28,0.949
A009,A029,TRANSFERRED_TO,2026-08-02T23:01:00,30038.58,0.877
A016,A048,TRANSFERRED_TO,2026-08-03T10:02:00,16447.76,0.847
A023,A017,TRANSFERRED_TO,2026-08-04T21:03:00,10138.51,0.966
A030,A036,TRANSFERRED_TO,2026-08-05T08:04:00,23075.78,0.86
A037,A005,TRANSFERRED_TO,2026-08-06T19:05:00,30788.79,0.876
A044,A024,TRANSFERRED_TO,2026-08-07T06:06:00,31425.51,0.98
A001,A043,TRANSFERRED_TO,2026-08-08T17:07:00,43863.65,0.821
A008,A012,TRANSFERRED_TO,2026-08-09T04:08:00,31993.26,0.843
A015,A031,TRANSFERRED_TO,2026-08-10T15:09:00,40828.63,0.81
A022,A050,TRANSFERRED_TO,2026-08-11T02:10:00,16051.24,0.803
A029,A019,TRANSFERRED_TO,2026-08-12T13:11:00,12982.26,0.821
A036,A038,TRANSFERRED_TO,2026-08-13T00:12:00,30957.5,0.88
A043,A007,TRANSFERRED_TO,2026-08-14T11:13:00,23407.35,0.961
A050,A026,TRANSFERRED_TO,2026-08-15T22:14:00,12187.99,0.961
A007,A045,TRANSFERRED_TO,2026-08-16T09:15:00,194593.52,0.925
A014,A016,TRANSFERRED_TO,2026-08-17T20:16:00,35377.83,0.888
A021,A033,TRANSFERRED_TO,2026-08-18T07:17:00,35078.77,0.957
A028,A002,TRANSFERRED_TO,2026-08-19T18:18:00,40538.1,0.923
A035,A021,TRANSFERRED_TO,2026-08-20T05:19:00,3103.98,0.89
A042,A040,TRANSFERRED_TO,2026-08-21T16:20:00,2506.68,0.897
A049,A009,TRANSFERRED_TO,2026-08-22T03:21:00,16963.95,0.863
A006,A028,TRANSFERRED_TO,2026-08-23T14:22:00,18728.63,0.951
A013,A047,TRANSFERRED_TO,2026-08-24T01:23:00,28301.71,0.972
A020,A016,TRANSFERRED_TO,2026-08-25T12:24:00,24669.08,0.946
A027,A035,TRANSFERRED_TO,2026-08-26T23:25:00,39506.34,0.986
A034,A004,TRANSFERRED_TO,2026-08-27T10:26:00,4302.59,0.927
A041,A023,TRANSFERRED_TO,2026-08-28T21:27:00,14568.5,0.817
A048,A042,TRANSFERRED_TO,2026-08-29T08:28:00,39475.47,0.946
A005,A011,TRANSFERRED_TO,2026-08-30T19:29:00,38738.44,0.946
A012,A030,TRANSFERRED_TO,2026-08-01T06:30:00,10516.84,0.982
A019,A049,TRANSFERRED_TO,2026-08-02T17:31:00,13240.28,0.872
A026,A018,TRANSFERRED_TO,2026-08-03T04:32:00,22992.15,0.859
A033,A037,TRANSFERRED_TO,2026-08-04T15:33:00,18810.18,0.905
A040,A006,TRANSFERRED_TO,2026-08-05T02:34:00,17092.41,0.856
A047,A025,TRANSFERRED_TO,2026-08-06T13:35:00,7196.39,0.851
A004,A044,TRANSFERRED_TO,2026-08-07T00:36:00,20677.42,0.928
A011,A013,TRANSFERRED_TO,2026-08-08T11:37:00,21256.93,0.831
A018,A032,TRANSFERRED_TO,2026-08-09T22:38:00,3048.96,0.864
A025,A001,TRANSFERRED_TO,2026-08-10T09:39:00,20621.77,0.913
A032,A020,TRANSFERRED_TO,2026-08-11T20:40:00,5315.16,0.915
A039,A041,TRANSFERRED_TO,2026-08-12T07:41:00,39429.36,0.85
A046,A008,TRANSFERRED_TO,2026-08-13T18:42:00,44980.53,0.927
A003,A027,TRANSFERRED_TO,2026-08-14T05:43:00,22255.25,0.814
A010,A046,TRANSFERRED_TO,2026-08-15T16:44:00,435468.21,0.929
A017,A015,TRANSFERRED_TO,2026-08-16T03:45:00,39948.3,0.861
A024,A034,TRANSFERRED_TO,2026-08-17T14:46:00,36952.34,0.932
A031,A003,TRANSFERRED_TO,2026-08-18T01:47:00,35175.06,0.909
A038,A022,TRANSFERRED_TO,2026-08-19T12:48:00,10985.86,0.811
A045,A041,TRANSFERRED_TO,2026-08-20T23:49:00,10631.07,0.854
A002,A010,TRANSFERRED_TO,2026-08-21T10:50:00,35179.0,0.892
A009,A029,TRANSFERRED_TO,2026-08-22T21:51:00,32611.58,0.883
A016,A048,TRANSFERRED_TO,2026-08-23T08:52:00,20732.1,0.845
A023,A017,TRANSFERRED_TO,2026-08-24T19:53:00,21661.08,0.842
A030,A036,TRANSFERRED_TO,2026-08-25T06:54:00,10135.91,0.883
A037,A005,TRANSFERRED_TO,2026-08-26T17:55:00,25149.62,0.938
A044,A024,TRANSFERRED_TO,2026-08-27T04:56:00,6316.25,0.983
A001,A043,TRANSFERRED_TO,2026-08-28T15:57:00,5105.34,0.919
A008,A012,TRANSFERRED_TO,2026-08-29T02:58:00,21061.97,0.87
A015,A031,TRANSFERRED_TO,2026-08-30T13:59:00,25517.72,0.83
A022,A050,TRANSFERRED_TO,2026-08-01T00:00:00,5468.47,0.808
A029,A019,TRANSFERRED_TO,2026-08-02T11:01:00,9618.11,0.819
A036,A038,TRANSFERRED_TO,2026-08-03T22:02:00,33283.85,0.969
A043,A007,TRANSFERRED_TO,2026-08-04T09:03:00,14530.79,0.883
A050,A026,TRANSFERRED_TO,2026-08-05T20:04:00,7075.21,0.903
A007,A045,TRANSFERRED_TO,2026-08-06T07:05:00,15884.44,0.828
A014,A016,TRANSFERRED_TO,2026-08-07T18:06:00,14836.4,0.82
A021,A033,TRANSFERRED_TO,2026-08-08T05:07:00,32682.6,0.927
A028,A002,TRANSFERRED_TO,2026-08-09T16:08:00,37135.39,0.814
A035,A021,TRANSFERRED_TO,2026-08-10T03:09:00,21888.41,0.81
A042,A040,TRANSFERRED_TO,2026-08-11T14:10:00,28874.66,0.911
A049,A009,TRANSFERRED_TO,2026-08-12T01:11:00,38734.69,0.872
A006,A028,TRANSFERRED_TO,2026-08-13T12:12:00,39192.08,0.933
A013,A047,TRANSFERRED_TO,2026-08-14T23:13:00,322202.61,0.867
A020,A016,TRANSFERRED_TO,2026-08-15T10:14:00,11745.64,0.934
A027,A035,TRANSFERRED_TO,2026-08-16T21:15:00,31702.34,0.96
A034,A004,TRANSFERRED_TO,2026-08-17T08:16:00,22814.21,0.86
A041,A023,TRANSFERRED_TO,2026-08-18T19:17:00,6351.63,0.981
A048,A042,TRANSFERRED_TO,2026-08-19T06:18:00,16897.7,0.834
A005,A011,TRANSFERRED_TO,2026-08-20T17:19:00,9241.64,0.94
A012,A030,TRANSFERRED_TO,2026-08-21T04:20:00,11214.97,0.928
A019,A049,TRANSFERRED_TO,2026-08-22T15:21:00,8087.59,0.939
A026,A018,TRANSFERRED_TO,2026-08-23T02:22:00,33635.36,0.873
A033,A037,TRANSFERRED_TO,2026-08-24T13:23:00,12792.23,0.937
A040,A006,TRANSFERRED_TO,2026-08-25T00:24:00,41911.9,0.913
A047,A025,TRANSFERRED_TO,2026-08-26T11:25:00,29698.74,0.806
A004,A044,TRANSFERRED_TO,2026-08-27T22:26:00,39797.9,0.825
A011,A013,TRANSFERRED_TO,2026-08-28T09:27:00,12402.29,0.87
A018,A032,TRANSFERRED_TO,2026-08-29T20:28:00,27475.12,0.948
A025,A001,TRANSFERRED_TO,2026-08-30T07:29:00,17797.41,0.814
A032,A020,TRANSFERRED_TO,2026-08-01T18:30:00,7986.32,0.972
A039,A041,TRANSFERRED_TO,2026-08-02T05:31:00,24054.84,0.953
A046,A008,TRANSFERRED_TO,2026-08-03T16:32:00,44859.09,0.909
A003,A027,TRANSFERRED_TO,2026-08-04T03:33:00,16873.8,0.934
A010,A046,TRANSFERRED_TO,2026-08-05T14:34:00,10060.57,0.99
A017,A015,TRANSFERRED_TO,2026-08-06T01:35:00,36418.05,0.825
A024,A034,TRANSFERRED_TO,2026-08-07T12:36:00,2582.83,0.948
A031,A003,TRANSFERRED_TO,2026-08-08T23:37:00,11385.53,0.962
A038,A022,TRANSFERRED_TO,2026-08-09T10:38:00,41235.7,0.987
A045,A041,TRANSFERRED_TO,2026-08-10T21:39:00,18750.46,0.807
A002,A010,TRANSFERRED_TO,2026-08-11T08:40:00,38575.42,0.93
A009,A029,TRANSFERRED_TO,2026-08-12T19:41:00,7981.89,0.907
A016,A048,TRANSFERRED_TO,2026-08-13T06:42:00,299601.73,0.928
A023,A017,TRANSFERRED_TO,2026-08-14T17:43:00,8414.57,0.835
A030,A036,TRANSFERRED_TO,2026-08-15T04:44:00,14309.7,0.881
A037,A005,TRANSFERRED_TO,2026-08-16T15:45:00,34660.89,0.897
A044,A024,TRANSFERRED_TO,2026-08-17T02:46:00,41363.66,0.989
A001,A043,TRANSFERRED_TO,2026-08-18T13:47:00,6611.52,0.906
A008,A012,TRANSFERRED_TO,2026-08-19T00:48:00,22734.0,0.844
A015,A031,TRANSFERRED_TO,2026-08-20T11:49:00,26381.16,0.801
A022,A050,TRANSFERRED_TO,2026-08-21T22:50:00,7886.53,0.856
A029,A019,TRANSFERRED_TO,2026-08-22T09:51:00,17058.25,0.808
A036,A038,TRANSFERRED_TO,2026-08-23T20:52:00,34263.64,0.801
A043,A007,TRANSFERRED_TO,2026-08-24T07:53:00,12859.23,0.943
A050,A026,TRANSFERRED_TO,2026-08-25T18:54:00,20455.03,0.922
A007,A045,TRANSFERRED_TO,2026-08-26T05:55:00,34924.56,0.977
A014,A016,TRANSFERRED_TO,2026-08-27T16:56:00,20368.17,0.945
A021,A033,TRANSFERRED_TO,2026-08-28T03:57:00,20086.85,0.835
A028,A002,TRANSFERRED_TO,2026-08-29T14:58:00,3617.9,0.92
A035,A021,TRANSFERRED_TO,2026-08-30T01:59:00,35478.52,0.897
A042,A040,TRANSFERRED_TO,2026-08-01T12:00:00,10148.57,0.887
A049,A009,TRANSFERRED_TO,2026-08-02T23:01:00,30352.66,0.975
A006,A028,TRANSFERRED_TO,2026-08-03T10:02:00,6017.4,0.836
A013,A047,TRANSFERRED_TO,2026-08-04T21:03:00,14507.98,0.966
A020,A016,TRANSFERRED_TO,2026-08-05T08:04:00,11381.58,0.972
A027,A035,TRANSFERRED_TO,2026-08-06T19:05:00,44973.15,0.939
A034,A004,TRANSFERRED_TO,2026-08-07T06:06:00,30665.74,0.908
A041,A023,TRANSFERRED_TO,2026-08-08T17:07:00,24904.09,0.971
A048,A042,TRANSFERRED_TO,2026-08-09T04:08:00,15681.27,0.936
A005,A011,TRANSFERRED_TO,2026-08-10T15:09:00,44628.42,0.919
A012,A030,TRANSFERRED_TO,2026-08-11T02:10:00,25290.67,0.976
A019,A049,TRANSFERRED_TO,2026-08-12T13:11:00,144402.71,0.952
A026,A018,TRANSFERRED_TO,2026-08-13T00:12:00,23609.53,0.876
A033,A037,TRANSFERRED_TO,2026-08-14T11:13:00,20373.19,0.859
A040,A006,TRANSFERRED_TO,2026-08-15T22:14:00,12855.54,0.957
A047,A025,TRANSFERRED_TO,2026-08-16T09:15:00,33790.14,0.955
A004,A044,TRANSFERRED_TO,2026-08-17T20:16:00,9888.3,0.854
A011,A013,TRANSFERRED_TO,2026-08-18T07:17:00,42827.31,0.878
A018,A032,TRANSFERRED_TO,2026-08-19T18:18:00,12615.91,0.962
A025,A001,TRANSFERRED_TO,2026-08-20T05:19:00,38119.44,0.849
A032,A020,TRANSFERRED_TO,2026-08-21T16:20:00,8919.38,0.894
A039,A041,TRANSFERRED_TO,2026-08-22T03:21:00,38889.68,0.877
A046,A008,TRANSFERRED_TO,2026-08-23T14:22:00,43165.48,0.868
A003,A027,TRANSFERRED_TO,2026-08-24T01:23:00,5065.82,0.809
A010,A046,TRANSFERRED_TO,2026-08-25T12:24:00,15798.27,0.984
A017,A015,TRANSFERRED_TO,2026-08-26T23:25:00,44082.84,0.916
A024,A034,TRANSFERRED_TO,2026-08-27T10:26:00,24008.57,0.867
A031,A003,TRANSFERRED_TO,2026-08-28T21:27:00,21152.67,0.813
A038,A022,TRANSFERRED_TO,2026-08-29T08:28:00,30058.06,0.921
A045,A041,TRANSFERRED_TO,2026-08-30T19:29:00,44830.27,0.81
A002,A010,TRANSFERRED_TO,2026-08-01T06:30:00,22424.01,0.916
A009,A029,TRANSFERRED_TO,2026-08-02T17:31:00,4580.26,0.989
A016,A048,TRANSFERRED_TO,2026-08-03T04:32:00,39529.42,0.93
A023,A017,TRANSFERRED_TO,2026-08-04T15:33:00,15783.36,0.961
A030,A036,TRANSFERRED_TO,2026-08-05T02:34:00,29784.65,0.803
A037,A005,TRANSFERRED_TO,2026-08-06T13:35:00,16071.79,0.804
A044,A024,TRANSFERRED_TO,2026-08-07T00:36:00,34262.65,0.935
A001,A043,TRANSFERRED_TO,2026-08-08T11:37:00,16391.72,0.862
A008,A012,TRANSFERRED_TO,2026-08-09T22:38:00,16207.8,0.944
A015,A031,TRANSFERRED_TO,2026-08-10T09:39:00,3907.83,0.922
A022,A050,TRANSFERRED_TO,2026-08-11T20:40:00,144216.0,0.96
A029,A019,TRANSFERRED_TO,2026-08-12T07:41:00,39706.99,0.852
A036,A038,TRANSFERRED_TO,2026-08-13T18:42:00,32045.36,0.829
A043,A007,TRANSFERRED_TO,2026-08-14T05:43:00,6331.6,0.922
A050,A026,TRANSFERRED_TO,2026-08-15T16:44:00,8446.22,0.839
A007,A045,TRANSFERRED_TO,2026-08-16T03:45:00,26202.3,0.983
A014,A016,TRANSFERRED_TO,2026-08-17T14:46:00,30935.22,0.893
A021,A033,TRANSFERRED_TO,2026-08-18T01:47:00,8649.19,0.916
A028,A002,TRANSFERRED_TO,2026-08-19T12:48:00,14978.86,0.822
A035,A021,TRANSFERRED_TO,2026-08-20T23:49:00,9379.34,0.84
A042,A040,TRANSFERRED_TO,2026-08-21T10:50:00,15744.7,0.971
A049,A009,TRANSFERRED_TO,2026-08-22T21:51:00,31147.7,0.837
A006,A028,TRANSFERRED_TO,2026-08-23T08:52:00,20608.46,0.957
A013,A047,TRANSFERRED_TO,2026-08-24T19:53:00,5844.71,0.836
A020,A016,TRANSFERRED_TO,2026-08-25T06:54:00,39283.75,0.834
A027,A035,TRANSFERRED_TO,2026-08-26T17:55:00,5637.41,0.9
A034,A004,TRANSFERRED_TO,2026-08-27T04:56:00,13909.82,0.927
A041,A023,TRANSFERRED_TO,2026-08-28T15:57:00,30325.6,0.92
A048,A042,TRANSFERRED_TO,2026-08-29T02:58:00,7282.44,0.974
A005,A011,TRANSFERRED_TO,2026-08-30T13:59:00,6782.37,0.927
A012,A030,TRANSFERRED_TO,2026-08-01T00:00:00,18583.54,0.916
A019,A049,TRANSFERRED_TO,2026-08-02T11:01:00,12587.6,0.834
A026,A018,TRANSFERRED_TO,2026-08-03T22:02:00,32812.6,0.895
A033,A037,TRANSFERRED_TO,2026-08-04T09:03:00,26090.07,0.984
A040,A006,TRANSFERRED_TO,2026-08-05T20:04:00,11460.46,0.958
A047,A025,TRANSFERRED_TO,2026-08-06T07:05:00,4456.02,0.89
A004,A044,TRANSFERRED_TO,2026-08-07T18:06:00,15097.7,0.919
A011,A013,TRANSFERRED_TO,2026-08-08T05:07:00,39470.54,0.863
A018,A032,TRANSFERRED_TO,2026-08-09T16:08:00,9628.56,0.98
A025,A001,TRANSFERRED_TO,2026-08-10T03:09:00,178477.84,0.962
A032,A020,TRANSFERRED_TO,2026-08-11T14:10:00,21434.64,0.874
A039,A041,TRANSFERRED_TO,2026-08-12T01:11:00,8175.93,0.955
A046,A008,TRANSFERRED_TO,2026-08-13T12:12:00,34822.34,0.929
A003,A027,TRANSFERRED_TO,2026-08-14T23:13:00,9798.79,0.89
A010,A046,TRANSFERRED_TO,2026-08-15T10:14:00,16585.76,0.805
A017,A015,TRANSFERRED_TO,2026-08-16T21:15:00,6740.84,0.869
A024,A034,TRANSFERRED_TO,2026-08-17T08:16:00,2560.87,0.948
A031,A003,TRANSFERRED_TO,2026-08-18T19:17:00,2849.35,0.842
A038,A022,TRANSFERRED_TO,2026-08-19T06:18:00,35655.57,0.818
A045,A041,TRANSFERRED_TO,2026-08-20T17:19:00,29161.66,0.822
A002,A010,TRANSFERRED_TO,2026-08-21T04:20:00,22284.73,0.846
A009,A029,TRANSFERRED_TO,2026-08-22T15:21:00,36539.56,0.86
A016,A048,TRANSFERRED_TO,2026-08-23T02:22:00,29249.23,0.947
A023,A017,TRANSFERRED_TO,2026-08-24T13:23:00,10613.66,0.883
A030,A036,TRANSFERRED_TO,2026-08-25T00:24:00,31130.45,0.855
A037,A005,TRANSFERRED_TO,2026-08-26T11:25:00,21505.4,0.983
A044,A024,TRANSFERRED_TO,2026-08-27T22:26:00,37963.14,0.873
A001,A043,TRANSFERRED_TO,2026-08-28T09:27:00,13858.3,0.847
A008,A012,TRANSFERRED_TO,2026-08-29T20:28:00,17974.51,0.972
A015,A031,TRANSFERRED_TO,2026-08-30T07:29:00,5287.65,0.818
A022,A050,TRANSFERRED_TO,2026-08-01T18:30:00,26126.29,0.932
A029,A019,TRANSFERRED_TO,2026-08-02T05:31:00,25210.49,0.88
A036,A038,TRANSFERRED_TO,2026-08-03T16:32:00,18870.15,0.939
A043,A007,TRANSFERRED_TO,2026-08-04T03:33:00,36538.56,0.808
A050,A026,TRANSFERRED_TO,2026-08-05T14:34:00,44655.42,0.803
A007,A045,TRANSFERRED_TO,2026-08-06T01:35:00,5819.41,0.927
A014,A016,TRANSFERRED_TO,2026-08-07T12:36:00,27666.9,0.834
A021,A033,TRANSFERRED_TO,2026-08-08T23:37:00,41750.87,0.943
A028,A002,TRANSFERRED_TO,2026-08-09T10:38:00,188750.19,0.828
A035,A021,TRANSFERRED_TO,2026-08-10T21:39:00,16502.06,0.985
A042,A040,TRANSFERRED_TO,2026-08-11T08:40:00,20364.58,0.888
A049,A009,TRANSFERRED_TO,2026-08-12T19:41:00,44642.48,0.914
A006,A028,TRANSFERRED_TO,2026-08-13T06:42:00,18050.61,0.813
A013,A047,TRANSFERRED_TO,2026-08-14T17:43:00,11824.12,0.823
A020,A016,TRANSFERRED_TO,2026-08-15T04:44:00,32105.54,0.88
A027,A035,TRANSFERRED_TO,2026-08-16T15:45:00,15647.79,0.867
A034,A004,TRANSFERRED_TO,2026-08-17T02:46:00,4148.31,0.913
A041,A023,TRANSFERRED_TO,2026-08-18T13:47:00,4011.15,0.949
A048,A042,TRANSFERRED_TO,2026-08-19T00:48:00,17556.95,0.811
A005,A011,TRANSFERRED_TO,2026-08-20T11:49:00,44860.61,0.937
A012,A030,TRANSFERRED_TO,2026-08-21T22:50:00,40831.45,0.983
A019,A049,TRANSFERRED_TO,2026-08-22T09:51:00,14517.74,0.805
A026,A018,TRANSFERRED_TO,2026-08-23T20:52:00,30588.77,0.854
A033,A037,TRANSFERRED_TO,2026-08-24T07:53:00,17313.39,0.89
A040,A006,TRANSFERRED_TO,2026-08-25T18:54:00,29191.39,0.936
A047,A025,TRANSFERRED_TO,2026-08-26T05:55:00,42555.16,0.972
A004,A044,TRANSFERRED_TO,2026-08-27T16:56:00,42145.03,0.819
A011,A013,TRANSFERRED_TO,2026-08-28T03:57:00,21043.6,0.84
A018,A032,TRANSFERRED_TO,2026-08-29T14:58:00,36542.87,0.953
A025,A001,TRANSFERRED_TO,2026-08-30T01:59:00,25134.15,0.877
A032,A020,TRANSFERRED_TO,2026-08-01T12:00:00,23017.97,0.961
A039,A041,TRANSFERRED_TO,2026-08-02T23:01:00,33144.47,0.86
A046,A008,TRANSFERRED_TO,2026-08-03T10:02:00,38786.02,0.937
A003,A027,TRANSFERRED_TO,2026-08-04T21:03:00,35855.6,0.922
A010,A046,TRANSFERRED_TO,2026-08-05T08:04:00,38968.21,0.89
A017,A015,TRANSFERRED_TO,2026-08-06T19:05:00,35748.75,0.864
A024,A034,TRANSFERRED_TO,2026-08-07T06:06:00,32355.96,0.819
A031,A003,TRANSFERRED_TO,2026-08-08T17:07:00,373454.15,0.865
A038,A022,TRANSFERRED_TO,2026-08-09T04:08:00,37374.35,0.914
A045,A041,TRANSFERRED_TO,2026-08-10T15:09:00,11595.05,0.8
A002,A010,TRANSFERRED_TO,2026-08-11T02:10:00,43833.04,0.937
A009,A029,TRANSFERRED_TO,2026-08-12T13:11:00,27704.94,0.961
A016,A048,TRANSFERRED_TO,2026-08-13T00:12:00,7010.44,0.88
A023,A017,TRANSFERRED_TO,2026-08-14T11:13:00,36260.67,0.982
A030,A036,TRANSFERRED_TO,2026-08-15T22:14:00,11627.48,0.849
A037,A005,TRANSFERRED_TO,2026-08-16T09:15:00,18389.27,0.947
A044,A024,TRANSFERRED_TO,2026-08-17T20:16:00,17293.74,0.859
A001,A043,TRANSFERRED_TO,2026-08-18T07:17:00,8392.52,0.932
A008,A012,TRANSFERRED_TO,2026-08-19T18:18:00,9260.23,0.98
A015,A031,TRANSFERRED_TO,2026-08-20T05:19:00,27272.56,0.945
A022,A050,TRANSFERRED_TO,2026-08-21T16:20:00,16729.2,0.866
A029,A019,TRANSFERRED_TO,2026-08-22T03:21:00,43382.7,0.974
A036,A038,TRANSFERRED_TO,2026-08-23T14:22:00,38285.29,0.963
A043,A007,TRANSFERRED_TO,2026-08-24T01:23:00,26562.11,0.829
A050,A026,TRANSFERRED_TO,2026-08-25T12:24:00,12469.06,0.805
A007,A045,TRANSFERRED_TO,2026-08-26T23:25:00,34092.91,0.891
A014,A016,TRANSFERRED_TO,2026-08-27T10:26:00,17070.39,0.897
A021,A033,TRANSFERRED_TO,2026-08-28T21:27:00,17653.26,0.883
A028,A002,TRANSFERRED_TO,2026-08-29T08:28:00,22755.14,0.917
A035,A021,TRANSFERRED_TO,2026-08-30T19:29:00,30958.93,0.986
A042,A040,TRANSFERRED_TO,2026-08-01T06:30:00,42328.25,0.952
A049,A009,TRANSFERRED_TO,2026-08-02T17:31:00,27035.46,0.97
A006,A028,TRANSFERRED_TO,2026-08-03T04:32:00,2925.76,0.902
A013,A047,TRANSFERRED_TO,2026-08-04T15:33:00,32650.57,0.887
A020,A016,TRANSFERRED_TO,2026-08-05T02:34:00,7718.59,0.921
A027,A035,TRANSFERRED_TO,2026-08-06T13:35:00,9819.69,0.86
A034,A004,TRANSFERRED_TO,2026-08-07T00:36:00,243427.44,0.925
A041,A023,TRANSFERRED_TO,2026-08-08T11:37:00,40795.87,0.986
A048,A042,TRANSFERRED_TO,2026-08-09T22:38:00,33264.46,0.844
A005,A011,TRANSFERRED_TO,2026-08-10T09:39:00,31857.74,0.948
A012,A030,TRANSFERRED_TO,2026-08-11T20:40:00,4680.41,0.976
A019,A049,TRANSFERRED_TO,2026-08-12T07:41:00,28604.29,0.878
A026,A018,TRANSFERRED_TO,2026-08-13T18:42:00,26997.79,0.872
A033,A037,TRANSFERRED_TO,2026-08-14T05:43:00,15186.27,0.85
A040,A006,TRANSFERRED_TO,2026-08-15T16:44:00,17346.48,0.946
A047,A025,TRANSFERRED_TO,2026-08-16T03:45:00,33986.06,0.854
A004,A044,TRANSFERRED_TO,2026-08-17T14:46:00,9431.35,0.926
A011,A013,TRANSFERRED_TO,2026-08-18T01:47:00,18138.08,0.982
A018,A032,TRANSFERRED_TO,2026-08-19T12:48:00,41458.21,0.959
A025,A001,TRANSFERRED_TO,2026-08-20T23:49:00,3831.27,0.807
A032,A020,TRANSFERRED_TO,2026-08-21T10:50:00,43091.65,0.952
A039,A041,TRANSFERRED_TO,2026-08-22T21:51:00,42083.81,0.945
A046,A008,TRANSFERRED_TO,2026-08-23T08:52:00,37939.0,0.9
A003,A027,TRANSFERRED_TO,2026-08-24T19:53:00,18982.31,0.957
A010,A046,TRANSFERRED_TO,2026-08-25T06:54:00,40628.39,0.906
A017,A015,TRANSFERRED_TO,2026-08-26T17:55:00,34113.09,0.953
A024,A034,TRANSFERRED_TO,2026-08-27T04:56:00,15549.27,0.987
A031,A003,TRANSFERRED_TO,2026-08-28T15:57:00,27815.14,0.803
A038,A022,TRANSFERRED_TO,2026-08-29T02:58:00,26606.15,0.843
A045,A041,TRANSFERRED_TO,2026-08-30T13:59:00,34037.37,0.958
A002,A010,TRANSFERRED_TO,2026-08-01T00:00:00,10455.77,0.956
A009,A029,TRANSFERRED_TO,2026-08-02T11:01:00,8955.98,0.951
A016,A048,TRANSFERRED_TO,2026-08-03T22:02:00,36030.71,0.876
A023,A017,TRANSFERRED_TO,2026-08-04T09:03:00,35244.13,0.841
A030,A036,TRANSFERRED_TO,2026-08-05T20:04:00,31380.87,0.876
A037,A005,TRANSFERRED_TO,2026-08-06T07:05:00,200734.08,0.99
A044,A024,TRANSFERRED_TO,2026-08-07T18:06:00,16588.66,0.846
A001,A043,TRANSFERRED_TO,2026-08-08T05:07:00,12818.61,0.85
A008,A012,TRANSFERRED_TO,2026-08-09T16:08:00,36075.23,0.946
A015,A031,TRANSFERRED_TO,2026-08-10T03:09:00,18280.99,0.868
A022,A050,TRANSFERRED_TO,2026-08-11T14:10:00,11120.51,0.935
A029,A019,TRANSFERRED_TO,2026-08-12T01:11:00,8038.59,0.89
A036,A038,TRANSFERRED_TO,2026-08-13T12:12:00,4753.0,0.804
A043,A007,TRANSFERRED_TO,2026-08-14T23:13:00,29663.99,0.953
A050,A026,TRANSFERRED_TO,2026-08-15T10:14:00,12474.99,0.842
A007,A045,TRANSFERRED_TO,2026-08-16T21:15:00,34876.83,0.941
A014,A016,TRANSFERRED_TO,2026-08-17T08:16:00,44090.22,0.866
A021,A033,TRANSFERRED_TO,2026-08-18T19:17:00,21778.01,0.98
A028,A002,TRANSFERRED_TO,2026-08-19T06:18:00,27772.41,0.919
A035,A021,TRANSFERRED_TO,2026-08-20T17:19:00,19680.79,0.883
A042,A040,TRANSFERRED_TO,2026-08-21T04:20:00,7897.69,0.961
A049,A009,TRANSFERRED_TO,2026-08-22T15:21:00,25653.68,0.925
A006,A028,TRANSFERRED_TO,2026-08-23T02:22:00,26724.92,0.859
A013,A047,TRANSFERRED_TO,2026-08-24T13:23:00,27107.48,0.956
A020,A016,TRANSFERRED_TO,2026-08-25T00:24:00,43258.79,0.814
A027,A035,TRANSFERRED_TO,2026-08-26T11:25:00,26916.43,0.869
A034,A004,TRANSFERRED_TO,2026-08-27T22:26:00,37742.81,0.887
A041,A023,TRANSFERRED_TO,2026-08-28T09:27:00,4272.97,0.831
A048,A042,TRANSFERRED_TO,2026-08-29T20:28:00,31640.62,0.896
A005,A011,TRANSFERRED_TO,2026-08-30T07:29:00,26189.45,0.81
A012,A030,TRANSFERRED_TO,2026-08-01T18:30:00,4176.61,0.947
A019,A049,TRANSFERRED_TO,2026-08-02T05:31:00,21147.24,0.909
A026,A018,TRANSFERRED_TO,2026-08-03T16:32:00,22903.56,0.848
A033,A037,TRANSFERRED_TO,2026-08-04T03:33:00,41437.19,0.921
A040,A006,TRANSFERRED_TO,2026-08-05T14:34:00,349813.03,0.839
A047,A025,TRANSFERRED_TO,2026-08-06T01:35:00,31585.54,0.8
A004,A044,TRANSFERRED_TO,2026-08-07T12:36:00,43746.69,0.824
A011,A013,TRANSFERRED_TO,2026-08-08T23:37:00,40574.16,0.858
A018,A032,TRANSFERRED_TO,2026-08-09T10:38:00,26762.5,0.912
A025,A001,TRANSFERRED_TO,2026-08-10T21:39:00,39966.35,0.843
A032,A020,TRANSFERRED_TO,2026-08-11T08:40:00,21257.71,0.887
A039,A041,TRANSFERRED_TO,2026-08-12T19:41:00,22469.48,0.9
A046,A008,TRANSFERRED_TO,2026-08-13T06:42:00,8133.26,0.896
A003,A027,TRANSFERRED_TO,2026-08-14T17:43:00,26545.1,0.976
A010,A046,TRANSFERRED_TO,2026-08-15T04:44:00,42877.09,0.942
A017,A015,TRANSFERRED_TO,2026-08-16T15:45:00,20434.81,0.878
A024,A034,TRANSFERRED_TO,2026-08-17T02:46:00,3361.12,0.913
A031,A003,TRANSFERRED_TO,2026-08-18T13:47:00,38944.3,0.911
A038,A022,TRANSFERRED_TO,2026-08-19T00:48:00,37423.78,0.911
A045,A041,TRANSFERRED_TO,2026-08-20T11:49:00,10324.74,0.83
A002,A010,TRANSFERRED_TO,2026-08-21T22:50:00,33331.8,0.966
A009,A029,TRANSFERRED_TO,2026-08-22T09:51:00,10989.63,0.914
A016,A048,TRANSFERRED_TO,2026-08-23T20:52:00,42893.82,0.896
A023,A017,TRANSFERRED_TO,2026-08-24T07:53:00,6829.98,0.903
A030,A036,TRANSFERRED_TO,2026-08-25T18:54:00,40915.93,0.979
A037,A005,TRANSFERRED_TO,2026-08-26T05:55:00,36839.36,0.905
A044,A024,TRANSFERRED_TO,2026-08-27T16:56:00,33500.55,0.869
A001,A043,TRANSFERRED_TO,2026-08-28T03:57:00,17743.4,0.823
A008,A012,TRANSFERRED_TO,2026-08-29T14:58:00,2919.54,0.944
A015,A031,TRANSFERRED_TO,2026-08-30T01:59:00,8719.49,0.849
A022,A050,TRANSFERRED_TO,2026-08-01T12:00:00,44266.17,0.81
A029,A019,TRANSFERRED_TO,2026-08-02T23:01:00,28926.7,0.856
A036,A038,TRANSFERRED_TO,2026-08-03T10:02:00,23932.07,0.834
A043,A007,TRANSFERRED_TO,2026-08-04T21:03:00,197544.09,0.813
A050,A026,TRANSFERRED_TO,2026-08-05T08:04:00,11400.2,0.865
A007,A045,TRANSFERRED_TO,2026-08-06T19:05:00,4393.35,0.986
A014,A016,TRANSFERRED_TO,2026-08-07T06:06:00,44469.99,0.929
A021,A033,TRANSFERRED_TO,2026-08-08T17:07:00,11525.63,0.927
A028,A002,TRANSFERRED_TO,2026-08-09T04:08:00,37021.38,0.819
A035,A021,TRANSFERRED_TO,2026-08-10T15:09:00,19597.74,0.912
A042,A040,TRANSFERRED_TO,2026-08-11T02:10:00,20851.17,0.831
A049,A009,TRANSFERRED_TO,2026-08-12T13:11:00,25876.94,0.916
A006,A028,TRANSFERRED_TO,2026-08-13T00:12:00,23389.04,0.882
A013,A047,TRANSFERRED_TO,2026-08-14T11:13:00,32688.33,0.847
A020,A016,TRANSFERRED_TO,2026-08-15T22:14:00,38653.64,0.951
A027,A035,TRANSFERRED_TO,2026-08-16T09:15:00,22295.3,0.863
A034,A004,TRANSFERRED_TO,2026-08-17T20:16:00,20857.09,0.977
A041,A023,TRANSFERRED_TO,2026-08-18T07:17:00,41953.68,0.801
A048,A042,TRANSFERRED_TO,2026-08-19T18:18:00,18427.26,0.89
A005,A011,TRANSFERRED_TO,2026-08-20T05:19:00,7488.32,0.922
A012,A030,TRANSFERRED_TO,2026-08-21T16:20:00,34135.99,0.934
A019,A049,TRANSFERRED_TO,2026-08-22T03:21:00,43664.64,0.982
A026,A018,TRANSFERRED_TO,2026-08-23T14:22:00,43666.53,0.843
A033,A037,TRANSFERRED_TO,2026-08-24T01:23:00,11151.87,0.811
A040,A006,TRANSFERRED_TO,2026-08-25T12:24:00,16558.64,0.945
A047,A025,TRANSFERRED_TO,2026-08-26T23:25:00,34317.72,0.986
A004,A044,TRANSFERRED_TO,2026-08-27T10:26:00,34588.98,0.957
A011,A013,TRANSFERRED_TO,2026-08-28T21:27:00,19318.2,0.865
A018,A032,TRANSFERRED_TO,2026-08-29T08:28:00,35412.14,0.885
A025,A001,TRANSFERRED_TO,2026-08-30T19:29:00,14683.28,0.988
A032,A020,TRANSFERRED_TO,2026-08-01T06:30:00,24087.96,0.955
A039,A041,TRANSFERRED_TO,2026-08-02T17:31:00,7908.68,0.81
A046,A008,TRANSFERRED_TO,2026-08-03T04:32:00,419953.48,0.918
A003,A027,TRANSFERRED_TO,2026-08-04T15:33:00,25197.19,0.844
A010,A046,TRANSFERRED_TO,2026-08-05T02:34:00,40479.87,0.872
A017,A015,TRANSFERRED_TO,2026-08-06T13:35:00,38212.04,0.85
A024,A034,TRANSFERRED_TO,2026-08-07T00:36:00,8727.59,0.962
A031,A003,TRANSFERRED_TO,2026-08-08T11:37:00,2839.29,0.955
A038,A022,TRANSFERRED_TO,2026-08-09T22:38:00,35027.97,0.953
A045,A041,TRANSFERRED_TO,2026-08-10T09:39:00,16384.02,0.981
A002,A010,TRANSFERRED_TO,2026-08-11T20:40:00,25336.45,0.834
A009,A029,TRANSFERRED_TO,2026-08-12T07:41:00,43284.08,0.824
A016,A048,TRANSFERRED_TO,2026-08-13T18:42:00,44424.27,0.966
A023,A017,TRANSFERRED_TO,2026-08-14T05:43:00,25649.84,0.929
A030,A036,TRANSFERRED_TO,2026-08-15T16:44:00,15791.51,0.802
A037,A005,TRANSFERRED_TO,2026-08-16T03:45:00,23657.91,0.875
A044,A024,TRANSFERRED_TO,2026-08-17T14:46:00,4172.11,0.911
A001,A043,TRANSFERRED_TO,2026-08-18T01:47:00,12036.51,0.953
A008,A012,TRANSFERRED_TO,2026-08-19T12:48:00,42286.57,0.963
A015,A031,TRANSFERRED_TO,2026-08-20T23:49:00,42090.24,0.885
A022,A050,TRANSFERRED_TO,2026-08-21T10:50:00,22831.46,0.928
A029,A019,TRANSFERRED_TO,2026-08-22T21:51:00,8716.68,0.873
A036,A038,TRANSFERRED_TO,2026-08-23T08:52:00,8252.82,0.97
A043,A007,TRANSFERRED_TO,2026-08-24T19:53:00,22547.27,0.844
A050,A026,TRANSFERRED_TO,2026-08-25T06:54:00,27870.53,0.817
A007,A045,TRANSFERRED_TO,2026-08-26T17:55:00,4731.81,0.895
A014,A016,TRANSFERRED_TO,2026-08-27T04:56:00,31156.14,0.975
A021,A033,TRANSFERRED_TO,2026-08-28T15:57:00,24892.29,0.958
A028,A002,TRANSFERRED_TO,2026-08-29T02:58:00,27786.05,0.844
A035,A021,TRANSFERRED_TO,2026-08-30T13:59:00,39634.81,0.835
A042,A040,TRANSFERRED_TO,2026-08-01T00:00:00,14756.47,0.971
A049,A009,TRANSFERRED_TO,2026-08-02T11:01:00,184346.62,0.978
A006,A028,TRANSFERRED_TO,2026-08-03T22:02:00,7663.4,0.93
A013,A047,TRANSFERRED_TO,2026-08-04T09:03:00,8401.04,0.955
A020,A016,TRANSFERRED_TO,2026-08-05T20:04:00,40289.85,0.848
A027,A035,TRANSFERRED_TO,2026-08-06T07:05:00,39547.5,0.873
A034,A004,TRANSFERRED_TO,2026-08-07T18:06:00,34601.63,0.978
A041,A023,TRANSFERRED_TO,2026-08-08T05:07:00,15963.17,0.969
A048,A042,TRANSFERRED_TO,2026-08-09T16:08:00,17650.71,0.84
A005,A011,TRANSFERRED_TO,2026-08-10T03:09:00,33072.1,0.831
A012,A030,TRANSFERRED_TO,2026-08-11T14:10:00,13873.14,0.848
A019,A049,TRANSFERRED_TO,2026-08-12T01:11:00,43392.12,0.846
A026,A018,TRANSFERRED_TO,2026-08-13T12:12:00,36165.05,0.968
A033,A037,TRANSFERRED_TO,2026-08-14T23:13:00,6514.4,0.9
A040,A006,TRANSFERRED_TO,2026-08-15T10:14:00,30286.02,0.868
A047,A025,TRANSFERRED_TO,2026-08-16T21:15:00,43177.29,0.979
A004,A044,TRANSFERRED_TO,2026-08-17T08:16:00,21676.74,0.849
A011,A013,TRANSFERRED_TO,2026-08-18T19:17:00,10413.63,0.854
A018,A032,TRANSFERRED_TO,2026-08-19T06:18:00,26920.55,0.957
A025,A001,TRANSFERRED_TO,2026-08-20T17:19:00,42932.16,0.855
A032,A020,TRANSFERRED_TO,2026-08-21T04:20:00,32159.26,0.957
A039,A041,TRANSFERRED_TO,2026-08-22T15:21:00,23975.33,0.816
A046,A008,TRANSFERRED_TO,2026-08-23T02:22:00,4162.15,0.832
A003,A027,TRANSFERRED_TO,2026-08-24T13:23:00,26984.03,0.969
A010,A046,TRANSFERRED_TO,2026-08-25T00:24:00,32641.32,0.851
A017,A015,TRANSFERRED_TO,2026-08-26T11:25:00,30693.03,0.907
A024,A034,TRANSFERRED_TO,2026-08-27T22:26:00,4101.83,0.901
A031,A003,TRANSFERRED_TO,2026-08-28T09:27:00,34315.49,0.965
A038,A022,TRANSFERRED_TO,2026-08-29T20:28:00,18007.08,0.866
A045,A041,TRANSFERRED_TO,2026-08-30T07:29:00,34890.6,0.949
A002,A010,TRANSFERRED_TO,2026-08-01T18:30:00,306199.42,0.953
A009,A029,TRANSFERRED_TO,2026-08-02T05:31:00,26446.47,0.943
A016,A048,TRANSFERRED_TO,2026-08-03T16:32:00,28221.9,0.884
A023,A017,TRANSFERRED_TO,2026-08-04T03:33:00,22763.66,0.825
A030,A036,TRANSFERRED_TO,2026-08-05T14:34:00,29573.28,0.899
A037,A005,TRANSFERRED_TO,2026-08-06T01:35:00,24313.97,0.817
A044,A024,TRANSFERRED_TO,2026-08-07T12:36:00,22514.36,0.959
A001,A043,TRANSFERRED_TO,2026-08-08T23:37:00,15241.42,0.896
A008,A012,TRANSFERRED_TO,2026-08-09T10:38:00,38137.06,0.938
A015,A031,TRANSFERRED_TO,2026-08-10T21:39:00,24386.79,0.831
A022,A050,TRANSFERRED_TO,2026-08-11T08:40:00,6201.68,0.958
A029,A019,TRANSFERRED_TO,2026-08-12T19:41:00,22821.49,0.886
A036,A038,TRANSFERRED_TO,2026-08-13T06:42:00,18917.59,0.877
A043,A007,TRANSFERRED_TO,2026-08-14T17:43:00,43457.09,0.887
A050,A026,TRANSFERRED_TO,2026-08-15T04:44:00,30867.76,0.805
A007,A045,TRANSFERRED_TO,2026-08-16T15:45:00,43424.95,0.955
A014,A016,TRANSFERRED_TO,2026-08-17T02:46:00,22624.28,0.957
A021,A033,TRANSFERRED_TO,2026-08-18T13:47:00,16657.87,0.98
A028,A002,TRANSFERRED_TO,2026-08-19T00:48:00,6439.53,0.838
A035,A021,TRANSFERRED_TO,2026-08-20T11:49:00,43607.59,0.978
A042,A040,TRANSFERRED_TO,2026-08-21T22:50:00,8151.97,0.972
A049,A009,TRANSFERRED_TO,2026-08-22T09:51:00,10757.76,0.816
A006,A028,TRANSFERRED_TO,2026-08-23T20:52:00,7705.86,0.939
A013,A047,TRANSFERRED_TO,2026-08-24T07:53:00,15293.98,0.953
A020,A016,TRANSFERRED_TO,2026-08-25T18:54:00,38838.76,0.853
A027,A035,TRANSFERRED_TO,2026-08-26T05:55:00,40030.97,0.913
A034,A004,TRANSFERRED_TO,2026-08-27T16:56:00,3269.19,0.821
A041,A023,TRANSFERRED_TO,2026-08-28T03:57:00,12272.7,0.973
A048,A042,TRANSFERRED_TO,2026-08-29T14:58:00,30756.11,0.95
A005,A011,TRANSFERRED_TO,2026-08-30T01:59:00,374182.03,0.816
A012,A030,TRANSFERRED_TO,2026-08-01T12:00:00,12252.2,0.968
A019,A049,TRANSFERRED_TO,2026-08-02T23:01:00,14792.82,0.963
A026,A018,TRANSFERRED_TO,2026-08-03T10:02:00,11824.19,0.947
A033,A037,TRANSFERRED_TO,2026-08-04T21:03:00,26462.27,0.934
A040,A006,TRANSFERRED_TO,2026-08-05T08:04:00,36071.12,0.968
A047,A025,TRANSFERRED_TO,2026-08-06T19:05:00,25189.64,0.864
A004,A044,TRANSFERRED_TO,2026-08-07T06:06:00,37077.84,0.875
A011,A013,TRANSFERRED_TO,2026-08-08T17:07:00,19207.82,0.921
A018,A032,TRANSFERRED_TO,2026-08-09T04:08:00,37944.69,0.936
A025,A001,TRANSFERRED_TO,2026-08-10T15:09:00,12358.07,0.917
A032,A020,TRANSFERRED_TO,2026-08-11T02:10:00,15881.65,0.91
A039,A041,TRANSFERRED_TO,2026-08-12T13:11:00,12884.63,0.868
A046,A008,TRANSFERRED_TO,2026-08-13T00:12:00,39822.28,0.806
A003,A027,TRANSFERRED_TO,2026-08-14T11:13:00,29706.54,0.816
A010,A046,TRANSFERRED_TO,2026-08-15T22:14:00,7836.01,0.838
A017,A015,TRANSFERRED_TO,2026-08-16T09:15:00,32042.36,0.967
A024,A034,TRANSFERRED_TO,2026-08-17T20:16:00,37126.03,0.945
A031,A003,TRANSFERRED_TO,2026-08-18T07:17:00,14305.16,0.973
A038,A022,TRANSFERRED_TO,2026-08-19T18:18:00,19723.83,0.938
A045,A041,TRANSFERRED_TO,2026-08-20T05:19:00,37111.17,0.837
A002,A010,TRANSFERRED_TO,2026-08-21T16:20:00,18861.95,0.952
A009,A029,TRANSFERRED_TO,2026-08-22T03:21:00,23143.04,0.983
A016,A048,TRANSFERRED_TO,2026-08-23T14:22:00,27809.91,0.801
A023,A017,TRANSFERRED_TO,2026-08-24T01:23:00,44904.19,0.818
A030,A036,TRANSFERRED_TO,2026-08-25T12:24:00,3362.16,0.848
A037,A005,TRANSFERRED_TO,2026-08-26T23:25:00,28417.31,0.83
A044,A024,TRANSFERRED_TO,2026-08-27T10:26:00,35991.5,0.978
A001,A043,TRANSFERRED_TO,2026-08-28T21:27:00,24395.0,0.812
A008,A012,TRANSFERRED_TO,2026-08-29T08:28:00,209343.7,0.898
A015,A031,TRANSFERRED_TO,2026-08-30T19:29:00,28914.57,0.914
A022,A050,TRANSFERRED_TO,2026-08-01T06:30:00,19301.17,0.92
A029,A019,TRANSFERRED_TO,2026-08-02T17:31:00,12465.1,0.81
A036,A038,TRANSFERRED_TO,2026-08-03T04:32:00,30571.72,0.972
A043,A007,TRANSFERRED_TO,2026-08-04T15:33:00,23510.06,0.824
A050,A026,TRANSFERRED_TO,2026-08-05T02:34:00,9055.0,0.811
A007,A045,TRANSFERRED_TO,2026-08-06T13:35:00,2991.82,0.809
A014,A016,TRANSFERRED_TO,2026-08-07T00:36:00,32109.27,0.889
A021,A033,TRANSFERRED_TO,2026-08-08T11:37:00,20055.49,0.971
A028,A002,TRANSFERRED_TO,2026-08-09T22:38:00,23340.1,0.889
A035,A021,TRANSFERRED_TO,2026-08-10T09:39:00,41654.84,0.964
A042,A040,TRANSFERRED_TO,2026-08-11T20:40:00,22420.38,0.953
A049,A009,TRANSFERRED_TO,2026-08-12T07:41:00,31632.3,0.936
A006,A028,TRANSFERRED_TO,2026-08-13T18:42:00,25658.56,0.943
A013,A047,TRANSFERRED_TO,2026-08-14T05:43:00,43957.39,0.812
A020,A016,TRANSFERRED_TO,2026-08-15T16:44:00,18175.84,0.841
A027,A035,TRANSFERRED_TO,2026-08-16T03:45:00,13303.76,0.982
A034,A004,TRANSFERRED_TO,2026-08-17T14:46:00,44877.1,0.969
A041,A023,TRANSFERRED_TO,2026-08-18T01:47:00,20625.76,0.832
A048,A042,TRANSFERRED_TO,2026-08-19T12:48:00,36624.51,0.953
A005,A011,TRANSFERRED_TO,2026-08-20T23:49:00,25594.02,0.955
A012,A030,TRANSFERRED_TO,2026-08-21T10:50:00,25172.88,0.843
A019,A049,TRANSFERRED_TO,2026-08-22T21:51:00,33162.51,0.851
A026,A018,TRANSFERRED_TO,2026-08-23T08:52:00,35471.03,0.96
A033,A037,TRANSFERRED_TO,2026-08-24T19:53:00,43148.69,0.878
A040,A006,TRANSFERRED_TO,2026-08-25T06:54:00,30573.72,0.804
A047,A025,TRANSFERRED_TO,2026-08-26T17:55:00,7454.35,0.976
A004,A044,TRANSFERRED_TO,2026-08-27T04:56:00,8551.39,0.956
A011,A013,TRANSFERRED_TO,2026-08-28T15:57:00,226924.05,0.964
A018,A032,TRANSFERRED_TO,2026-08-29T02:58:00,14102.09,0.942
A025,A001,TRANSFERRED_TO,2026-08-30T13:59:00,43113.69,0.869
A032,A020,TRANSFERRED_TO,2026-08-01T00:00:00,9498.9,0.849
A039,A041,TRANSFERRED_TO,2026-08-02T11:01:00,43272.63,0.898
A046,A008,TRANSFERRED_TO,2026-08-03T22:02:00,23803.81,0.858
A003,A027,TRANSFERRED_TO,2026-08-04T09:03:00,37007.64,0.896
A010,A046,TRANSFERRED_TO,2026-08-05T20:04:00,8021.93,0.82
A017,A015,TRANSFERRED_TO,2026-08-06T07:05:00,28986.05,0.827
A024,A034,TRANSFERRED_TO,2026-08-07T18:06:00,24447.73,0.852
A031,A003,TRANSFERRED_TO,2026-08-08T05:07:00,3825.9,0.948
A038,A022,TRANSFERRED_TO,2026-08-09T16:08:00,14677.59,0.92
A045,A041,TRANSFERRED_TO,2026-08-10T03:09:00,33150.33,0.933
A002,A010,TRANSFERRED_TO,2026-08-11T14:10:00,12332.87,0.918
A009,A029,TRANSFERRED_TO,2026-08-12T01:11:00,32530.31,0.967
A016,A048,TRANSFERRED_TO,2026-08-13T12:12:00,6521.12,0.87
A023,A017,TRANSFERRED_TO,2026-08-14T23:13:00,4215.73,0.942
A030,A036,TRANSFERRED_TO,2026-08-15T10:14:00,14308.99,0.975
A037,A005,TRANSFERRED_TO,2026-08-16T21:15:00,8569.56,0.883
A044,A024,TRANSFERRED_TO,2026-08-17T08:16:00,4986.87,0.923
A001,A043,TRANSFERRED_TO,2026-08-18T19:17:00,37801.08,0.905
A008,A012,TRANSFERRED_TO,2026-08-19T06:18:00,39957.98,0.893
A015,A031,TRANSFERRED_TO,2026-08-20T17:19:00,34834.49,0.953
A022,A050,TRANSFERRED_TO,2026-08-21T04:20:00,38608.49,0.916
A029,A019,TRANSFERRED_TO,2026-08-22T15:21:00,31441.13,0.967
A036,A038,TRANSFERRED_TO,2026-08-23T02:22:00,42685.53,0.938
A043,A007,TRANSFERRED_TO,2026-08-24T13:23:00,29022.87,0.899
A050,A026,TRANSFERRED_TO,2026-08-25T00:24:00,26048.38,0.847
A007,A045,TRANSFERRED_TO,2026-08-26T11:25:00,42494.9,0.859
A014,A016,TRANSFERRED_TO,2026-08-27T22:26:00,274258.48,0.943
A021,A033,TRANSFERRED_TO,2026-08-28T09:27:00,19371.93,0.836
A028,A002,TRANSFERRED_TO,2026-08-29T20:28:00,27436.1,0.923
A035,A021,TRANSFERRED_TO,2026-08-30T07:29:00,15167.8,0.93
A042,A040,TRANSFERRED_TO,2026-08-01T18:30:00,32146.04,0.96
A049,A009,TRANSFERRED_TO,2026-08-02T05:31:00,5949.22,0.807
A006,A028,TRANSFERRED_TO,2026-08-03T16:32:00,41932.5,0.814
A013,A047,TRANSFERRED_TO,2026-08-04T03:33:00,8858.04,0.968
A020,A016,TRANSFERRED_TO,2026-08-05T14:34:00,26884.96,0.86
A027,A035,TRANSFERRED_TO,2026-08-06T01:35:00,9591.22,0.935
A034,A004,TRANSFERRED_TO,2026-08-07T12:36:00,27005.76,0.801
A041,A023,TRANSFERRED_TO,2026-08-08T23:37:00,31642.99,0.838
A048,A042,TRANSFERRED_TO,2026-08-09T10:38:00,28168.48,0.943
A005,A011,TRANSFERRED_TO,2026-08-10T21:39:00,6339.78,0.95
A012,A030,TRANSFERRED_TO,2026-08-11T08:40:00,43758.6,0.952
A019,A049,TRANSFERRED_TO,2026-08-12T19:41:00,2866.21,0.889
A026,A018,TRANSFERRED_TO,2026-08-13T06:42:00,13558.32,0.968
A033,A037,TRANSFERRED_TO,2026-08-14T17:43:00,38759.78,0.943
A040,A006,TRANSFERRED_TO,2026-08-15T04:44:00,12067.91,0.84
A047,A025,TRANSFERRED_TO,2026-08-16T15:45:00,44731.16,0.85
A004,A044,TRANSFERRED_TO,2026-08-17T02:46:00,12224.45,0.976
A011,A013,TRANSFERRED_TO,2026-08-18T13:47:00,21413.97,0.955
A018,A032,TRANSFERRED_TO,2026-08-19T00:48:00,21175.78,0.878
A025,A001,TRANSFERRED_TO,2026-08-20T11:49:00,10780.41,0.886
A032,A020,TRANSFERRED_TO,2026-08-21T22:50:00,7095.47,0.899
A039,A041,TRANSFERRED_TO,2026-08-22T09:51:00,33975.14,0.945
A046,A008,TRANSFERRED_TO,2026-08-23T20:52:00,20571.73,0.807
A003,A027,TRANSFERRED_TO,2026-08-24T07:53:00,25324.96,0.842
A010,A046,TRANSFERRED_TO,2026-08-25T18:54:00,38031.92,0.863
A017,A015,TRANSFERRED_TO,2026-08-26T05:55:00,384766.83,0.987
A024,A034,TRANSFERRED_TO,2026-08-27T16:56:00,4065.09,0.879
A031,A003,TRANSFERRED_TO,2026-08-28T03:57:00,32438.56,0.878
A038,A022,TRANSFERRED_TO,2026-08-29T14:58:00,14889.15,0.866
A045,A041,TRANSFERRED_TO,2026-08-30T01:59:00,29403.87,0.825
A002,A010,TRANSFERRED_TO,2026-08-01T12:00:00,9248.58,0.93
A009,A029,TRANSFERRED_TO,2026-08-02T23:01:00,11323.77,0.825
A016,A048,TRANSFERRED_TO,2026-08-03T10:02:00,7070.6,0.8
A023,A017,TRANSFERRED_TO,2026-08-04T21:03:00,4980.97,0.885
A030,A036,TRANSFERRED_TO,2026-08-05T08:04:00,35295.56,0.907
A037,A005,TRANSFERRED_TO,2026-08-06T19:05:00,10933.46,0.94
A044,A024,TRANSFERRED_TO,2026-08-07T06:06:00,38425.47,0.907
A001,A043,TRANSFERRED_TO,2026-08-08T17:07:00,3452.54,0.853
A008,A012,TRANSFERRED_TO,2026-08-09T04:08:00,34852.85,0.893
A015,A031,TRANSFERRED_TO,2026-08-10T15:09:00,37794.96,0.924
A022,A050,TRANSFERRED_TO,2026-08-11T02:10:00,9432.51,0.817
A029,A019,TRANSFERRED_TO,2026-08-12T13:11:00,37513.61,0.941
A036,A038,TRANSFERRED_TO,2026-08-13T00:12:00,29539.8,0.806
A043,A007,TRANSFERRED_TO,2026-08-14T11:13:00,34759.5,0.879
A050,A026,TRANSFERRED_TO,2026-08-15T22:14:00,18472.75,0.868
A007,A045,TRANSFERRED_TO,2026-08-16T09:15:00,21190.88,0.879
A014,A016,TRANSFERRED_TO,2026-08-17T20:16:00,28775.46,0.91
A021,A033,TRANSFERRED_TO,2026-08-18T07:17:00,42731.77,0.808
A028,A002,TRANSFERRED_TO,2026-08-19T18:18:00,31699.33,0.814
A035,A021,TRANSFERRED_TO,2026-08-20T05:19:00,41067.5,0.933
A042,A040,TRANSFERRED_TO,2026-08-21T16:20:00,33670.62,0.922
A049,A009,TRANSFERRED_TO,2026-08-22T03:21:00,41162.56,0.897
A006,A028,TRANSFERRED_TO,2026-08-23T14:22:00,12004.05,0.859
A013,A047,TRANSFERRED_TO,2026-08-24T01:23:00,9291.84,0.844
A020,A016,TRANSFERRED_TO,2026-08-25T12:24:00,341749.93,0.912
A027,A035,TRANSFERRED_TO,2026-08-26T23:25:00,16646.19,0.819
A034,A004,TRANSFERRED_TO,2026-08-27T10:26:00,5868.61,0.818
A041,A023,TRANSFERRED_TO,2026-08-28T21:27:00,36627.83,0.929
A048,A042,TRANSFERRED_TO,2026-08-29T08:28:00,34297.87,0.985
A005,A011,TRANSFERRED_TO,2026-08-30T19:29:00,39033.27,0.873
A012,A030,TRANSFERRED_TO,2026-08-01T06:30:00,14842.73,0.814
A019,A049,TRANSFERRED_TO,2026-08-02T17:31:00,28366.0,0.975
A026,A018,TRANSFERRED_TO,2026-08-03T04:32:00,26342.0,0.878
A033,A037,TRANSFERRED_TO,2026-08-04T15:33:00,5713.45,0.815
A040,A006,TRANSFERRED_TO,2026-08-05T02:34:00,41917.44,0.845
A047,A025,TRANSFERRED_TO,2026-08-06T13:35:00,10872.14,0.873
A004,A044,TRANSFERRED_TO,2026-08-07T00:36:00,12596.99,0.861
A011,A013,TRANSFERRED_TO,2026-08-08T11:37:00,39865.45,0.859
A018,A032,TRANSFERRED_TO,2026-08-09T22:38:00,15012.96,0.984
A025,A001,TRANSFERRED_TO,2026-08-10T09:39:00,12933.85,0.962
A032,A020,TRANSFERRED_TO,2026-08-11T20:40:00,14884.51,0.816
A039,A041,TRANSFERRED_TO,2026-08-12T07:41:00,17637.84,0.906
A046,A008,TRANSFERRED_TO,2026-08-13T18:42:00,28953.76,0.902
A003,A027,TRANSFERRED_TO,2026-08-14T05:43:00,22720.73,0.85
A010,A046,TRANSFERRED_TO,2026-08-15T16:44:00,30210.63,0.988
A017,A015,TRANSFERRED_TO,2026-08-16T03:45:00,40175.29,0.843
A024,A034,TRANSFERRED_TO,2026-08-17T14:46:00,42477.22,0.937
A031,A003,TRANSFERRED_TO,2026-08-18T01:47:00,38080.16,0.97
A038,A022,TRANSFERRED_TO,2026-08-19T12:48:00,36992.46,0.898
A045,A041,TRANSFERRED_TO,2026-08-20T23:49:00,33543.67,0.967
A002,A010,TRANSFERRED_TO,2026-08-21T10:50:00,12670.86,0.887
A009,A029,TRANSFERRED_TO,2026-08-22T21:51:00,6027.29,0.81
A016,A048,TRANSFERRED_TO,2026-08-23T08:52:00,42822.65,0.933
A023,A017,TRANSFERRED_TO,2026-08-24T19:53:00,217923.13,0.988
A030,A036,TRANSFERRED_TO,2026-08-25T06:54:00,10058.86,0.888
A037,A005,TRANSFERRED_TO,2026-08-26T17:55:00,32919.22,0.972
A044,A024,TRANSFERRED_TO,2026-08-27T04:56:00,20904.52,0.887
A001,A043,TRANSFERRED_TO,2026-08-28T15:57:00,4269.96,0.905
A008,A012,TRANSFERRED_TO,2026-08-29T02:58:00,23031.86,0.915
A015,A031,TRANSFERRED_TO,2026-08-30T13:59:00,44125.37,0.829
A022,A050,TRANSFERRED_TO,2026-08-01T00:00:00,35941.65,0.939
A029,A019,TRANSFERRED_TO,2026-08-02T11:01:00,3518.45,0.973
A036,A038,TRANSFERRED_TO,2026-08-03T22:02:00,12204.12,0.878
A043,A007,TRANSFERRED_TO,2026-08-04T09:03:00,2793.45,0.904
A050,A026,TRANSFERRED_TO,2026-08-05T20:04:00,2533.17,0.823
A007,A045,TRANSFERRED_TO,2026-08-06T07:05:00,12577.42,0.965
A014,A016,TRANSFERRED_TO,2026-08-07T18:06:00,16495.32,0.903
A021,A033,TRANSFERRED_TO,2026-08-08T05:07:00,17202.08,0.875
A028,A002,TRANSFERRED_TO,2026-08-09T16:08:00,10018.32,0.966
A035,A021,TRANSFERRED_TO,2026-08-10T03:09:00,15331.6,0.837
A042,A040,TRANSFERRED_TO,2026-08-11T14:10:00,40805.85,0.88
A049,A009,TRANSFERRED_TO,2026-08-12T01:11:00,32518.17,0.858
A006,A028,TRANSFERRED_TO,2026-08-13T12:12:00,29886.24,0.818
A013,A047,TRANSFERRED_TO,2026-08-14T23:13:00,13783.82,0.954
A020,A016,TRANSFERRED_TO,2026-08-15T10:14:00,40107.11,0.901
A027,A035,TRANSFERRED_TO,2026-08-16T21:15:00,40335.28,0.867
A034,A004,TRANSFERRED_TO,2026-08-17T08:16:00,11571.21,0.968
A041,A023,TRANSFERRED_TO,2026-08-18T19:17:00,39300.34,0.969
A048,A042,TRANSFERRED_TO,2026-08-19T06:18:00,27346.22,0.889
A005,A011,TRANSFERRED_TO,2026-08-20T17:19:00,11725.14,0.921
A012,A030,TRANSFERRED_TO,2026-08-21T04:20:00,43530.11,0.99
A019,A049,TRANSFERRED_TO,2026-08-22T15:21:00,11747.08,0.845
A026,A018,TRANSFERRED_TO,2026-08-23T02:22:00,349026.54,0.917
A033,A037,TRANSFERRED_TO,2026-08-24T13:23:00,10596.68,0.94
A040,A006,TRANSFERRED_TO,2026-08-25T00:24:00,29491.26,0.872
A047,A025,TRANSFERRED_TO,2026-08-26T11:25:00,26203.27,0.929
A004,A044,TRANSFERRED_TO,2026-08-27T22:26:00,8000.51,0.954
A011,A013,TRANSFERRED_TO,2026-08-28T09:27:00,19516.6,0.804
A018,A032,TRANSFERRED_TO,2026-08-29T20:28:00,43234.3,0.813
A025,A001,TRANSFERRED_TO,2026-08-30T07:29:00,12601.5,0.975
A032,A020,TRANSFERRED_TO,2026-08-01T18:30:00,12457.89,0.831
A039,A041,TRANSFERRED_TO,2026-08-02T05:31:00,42839.58,0.986
A046,A008,TRANSFERRED_TO,2026-08-03T16:32:00,38111.61,0.842
A003,A027,TRANSFERRED_TO,2026-08-04T03:33:00,9315.78,0.843
A010,A046,TRANSFERRED_TO,2026-08-05T14:34:00,8260.87,0.898
A017,A015,TRANSFERRED_TO,2026-08-06T01:35:00,21729.04,0.912
A024,A034,TRANSFERRED_TO,2026-08-07T12:36:00,20665.22,0.876
A031,A003,TRANSFERRED_TO,2026-08-08T23:37:00,19011.62,0.878
A038,A022,TRANSFERRED_TO,2026-08-09T10:38:00,41697.26,0.886
A045,A041,TRANSFERRED_TO,2026-08-10T21:39:00,8857.57,0.83
A002,A010,TRANSFERRED_TO,2026-08-11T08:40:00,13530.28,0.899
A009,A029,TRANSFERRED_TO,2026-08-12T19:41:00,3371.43,0.806
A016,A048,TRANSFERRED_TO,2026-08-13T06:42:00,7711.15,0.879
A023,A017,TRANSFERRED_TO,2026-08-14T17:43:00,36153.21,0.881
A030,A036,TRANSFERRED_TO,2026-08-15T04:44:00,17803.92,0.942
A037,A005,TRANSFERRED_TO,2026-08-16T15:45:00,32379.93,0.878
A044,A024,TRANSFERRED_TO,2026-08-17T02:46:00,17204.76,0.86
A001,A043,TRANSFERRED_TO,2026-08-18T13:47:00,20319.66,0.879
A008,A012,TRANSFERRED_TO,2026-08-19T00:48:00,9930.05,0.875
A015,A031,TRANSFERRED_TO,2026-08-20T11:49:00,32585.82,0.802
A022,A050,TRANSFERRED_TO,2026-08-21T22:50:00,39641.66,0.954
A029,A019,TRANSFERRED_TO,2026-08-22T09:51:00,430725.49,0.875
A036,A038,TRANSFERRED_TO,2026-08-23T20:52:00,4394.27,0.844
A043,A007,TRANSFERRED_TO,2026-08-24T07:53:00,20697.61,0.811
A050,A026,TRANSFERRED_TO,2026-08-25T18:54:00,12696.49,0.836
A007,A045,TRANSFERRED_TO,2026-08-26T05:55:00,6494.08,0.883
A014,A016,TRANSFERRED_TO,2026-08-27T16:56:00,11723.05,0.898
A021,A033,TRANSFERRED_TO,2026-08-28T03:57:00,28612.68,0.831
A028,A002,TRANSFERRED_TO,2026-08-29T14:58:00,24997.54,0.9
A035,A021,TRANSFERRED_TO,2026-08-30T01:59:00,10050.94,0.915
A042,A040,TRANSFERRED_TO,2026-08-01T12:00:00,39738.59,0.94
A049,A009,TRANSFERRED_TO,2026-08-02T23:01:00,36357.17,0.826
A006,A028,TRANSFERRED_TO,2026-08-03T10:02:00,4268.68,0.822
A013,A047,TRANSFERRED_TO,2026-08-04T21:03:00,42727.71,0.8
A020,A016,TRANSFERRED_TO,2026-08-05T08:04:00,16905.53,0.894
A027,A035,TRANSFERRED_TO,2026-08-06T19:05:00,20252.2,0.861
A034,A004,TRANSFERRED_TO,2026-08-07T06:06:00,11947.61,0.973
A041,A023,TRANSFERRED_TO,2026-08-08T17:07:00,42909.41,0.909
A048,A042,TRANSFERRED_TO,2026-08-09T04:08:00,34178.99,0.84
A005,A011,TRANSFERRED_TO,2026-08-10T15:09:00,2977.79,0.966
A012,A030,TRANSFERRED_TO,2026-08-11T02:10:00,6958.5,0.851
A019,A049,TRANSFERRED_TO,2026-08-12T13:11:00,41043.75,0.849
A026,A018,TRANSFERRED_TO,2026-08-13T00:12:00,33026.39,0.967
A033,A037,TRANSFERRED_TO,2026-08-14T11:13:00,21144.14,0.854
A040,A006,TRANSFERRED_TO,2026-08-15T22:14:00,24193.74,0.982
A047,A025,TRANSFERRED_TO,2026-08-16T09:15:00,40668.44,0.894
A004,A044,TRANSFERRED_TO,2026-08-17T20:16:00,32471.17,0.941
A011,A013,TRANSFERRED_TO,2026-08-18T07:17:00,11685.39,0.92
A018,A032,TRANSFERRED_TO,2026-08-19T18:18:00,15345.95,0.983
A025,A001,TRANSFERRED_TO,2026-08-20T05:19:00,13366.42,0.903
A032,A020,TRANSFERRED_TO,2026-08-21T16:20:00,326693.91,0.856
A039,A041,TRANSFERRED_TO,2026-08-22T03:21:00,10068.47,0.901
A046,A008,TRANSFERRED_TO,2026-08-23T14:22:00,28964.61,0.865
A003,A027,TRANSFERRED_TO,2026-08-24T01:23:00,26218.0,0.937
A010,A046,TRANSFERRED_TO,2026-08-25T12:24:00,12299.2,0.903
A017,A015,TRANSFERRED_TO,2026-08-26T23:25:00,10892.44,0.814
A024,A034,TRANSFERRED_TO,2026-08-27T10:26:00,14463.12,0.976
A031,A003,TRANSFERRED_TO,2026-08-28T21:27:00,5272.28,0.831
A038,A022,TRANSFERRED_TO,2026-08-29T08:28:00,26158.69,0.84
A045,A041,TRANSFERRED_TO,2026-08-30T19:29:00,4646.69,0.913
A002,A010,TRANSFERRED_TO,2026-08-01T06:30:00,13831.56,0.847
A009,A029,TRANSFERRED_TO,2026-08-02T17:31:00,10303.77,0.824
A016,A048,TRANSFERRED_TO,2026-08-03T04:32:00,30791.66,0.888
A023,A017,TRANSFERRED_TO,2026-08-04T15:33:00,14533.08,0.865
A030,A036,TRANSFERRED_TO,2026-08-05T02:34:00,3998.13,0.969
A037,A005,TRANSFERRED_TO,2026-08-06T13:35:00,18034.13,0.867
A044,A024,TRANSFERRED_TO,2026-08-07T00:36:00,24866.49,0.916
A001,A043,TRANSFERRED_TO,2026-08-08T11:37:00,16933.56,0.823
A008,A012,TRANSFERRED_TO,2026-08-09T22:38:00,16154.27,0.975
A015,A031,TRANSFERRED_TO,2026-08-10T09:39:00,16458.18,0.893
A022,A050,TRANSFERRED_TO,2026-08-11T20:40:00,5517.15,0.856
A029,A019,TRANSFERRED_TO,2026-08-12T07:41:00,42303.67,0.905
A036,A038,TRANSFERRED_TO,2026-08-13T18:42:00,28307.09,0.886
A043,A007,TRANSFERRED_TO,2026-08-14T05:43:00,12903.0,0.818
A050,A026,TRANSFERRED_TO,2026-08-15T16:44:00,9019.04,0.962
A007,A045,TRANSFERRED_TO,2026-08-16T03:45:00,4512.4,0.94
A014,A016,TRANSFERRED_TO,2026-08-17T14:46:00,31148.77,0.845
A021,A033,TRANSFERRED_TO,2026-08-18T01:47:00,20396.12,0.966
A028,A002,TRANSFERRED_TO,2026-08-19T12:48:00,42520.73,0.951
A035,A021,TRANSFERRED_TO,2026-08-20T23:49:00,393567.94,0.942
A042,A040,TRANSFERRED_TO,2026-08-21T10:50:00,36401.79,0.943
A049,A009,TRANSFERRED_TO,2026-08-22T21:51:00,33488.12,0.914
A006,A028,TRANSFERRED_TO,2026-08-23T08:52:00,16657.72,0.978
A013,A047,TRANSFERRED_TO,2026-08-24T19:53:00,42319.61,0.891
A020,A016,TRANSFERRED_TO,2026-08-25T06:54:00,34063.55,0.846
A027,A035,TRANSFERRED_TO,2026-08-26T17:55:00,6353.22,0.904
A034,A004,TRANSFERRED_TO,2026-08-27T04:56:00,30261.51,0.86
A041,A023,TRANSFERRED_TO,2026-08-28T15:57:00,43780.84,0.974
A048,A042,TRANSFERRED_TO,2026-08-29T02:58:00,27430.29,0.987
A005,A011,TRANSFERRED_TO,2026-08-30T13:59:00,25797.48,0.811
A012,A030,TRANSFERRED_TO,2026-08-01T00:00:00,3410.03,0.877
A019,A049,TRANSFERRED_TO,2026-08-02T11:01:00,20130.94,0.807
A026,A018,TRANSFERRED_TO,2026-08-03T22:02:00,20060.18,0.923
A033,A037,TRANSFERRED_TO,2026-08-04T09:03:00,32059.19,0.825
A040,A006,TRANSFERRED_TO,2026-08-05T20:04:00,6936.24,0.968
A047,A025,TRANSFERRED_TO,2026-08-06T07:05:00,43175.71,0.952
A004,A044,TRANSFERRED_TO,2026-08-07T18:06:00,23991.64,0.948
A011,A013,TRANSFERRED_TO,2026-08-08T05:07:00,7494.56,0.804
A018,A032,TRANSFERRED_TO,2026-08-09T16:08:00,20974.66,0.821
A025,A001,TRANSFERRED_TO,2026-08-10T03:09:00,35451.7,0.959
A032,A020,TRANSFERRED_TO,2026-08-11T14:10:00,20820.62,0.859
A039,A041,TRANSFERRED_TO,2026-08-12T01:11:00,11225.17,0.857
A046,A008,TRANSFERRED_TO,2026-08-13T12:12:00,19623.85,0.954
A003,A027,TRANSFERRED_TO,2026-08-14T23:13:00,36932.94,0.949
A010,A046,TRANSFERRED_TO,2026-08-15T10:14:00,3121.4,0.959
A017,A015,TRANSFERRED_TO,2026-08-16T21:15:00,23032.6,0.884
A024,A034,TRANSFERRED_TO,2026-08-17T08:16:00,30193.68,0.83
A031,A003,TRANSFERRED_TO,2026-08-18T19:17:00,14851.2,0.938
A038,A022,TRANSFERRED_TO,2026-08-19T06:18:00,387118.6,0.849
A045,A041,TRANSFERRED_TO,2026-08-20T17:19:00,6775.71,0.856
A002,A010,TRANSFERRED_TO,2026-08-21T04:20:00,10416.51,0.885
A009,A029,TRANSFERRED_TO,2026-08-22T15:21:00,15877.95,0.942
A016,A048,TRANSFERRED_TO,2026-08-23T02:22:00,38396.14,0.857
A023,A017,TRANSFERRED_TO,2026-08-24T13:23:00,13176.78,0.98
A030,A036,TRANSFERRED_TO,2026-08-25T00:24:00,9449.01,0.936
A037,A005,TRANSFERRED_TO,2026-08-26T11:25:00,8661.83,0.868
A044,A024,TRANSFERRED_TO,2026-08-27T22:26:00,23294.3,0.974
A001,A043,TRANSFERRED_TO,2026-08-28T09:27:00,4328.6,0.884
A008,A012,TRANSFERRED_TO,2026-08-29T20:28:00,14096.03,0.861
A015,A031,TRANSFERRED_TO,2026-08-30T07:29:00,19700.99,0.822
A022,A050,TRANSFERRED_TO,2026-08-01T18:30:00,26333.04,0.949
A029,A019,TRANSFERRED_TO,2026-08-02T05:31:00,29636.19,0.828
A036,A038,TRANSFERRED_TO,2026-08-03T16:32:00,23885.85,0.966
A043,A007,TRANSFERRED_TO,2026-08-04T03:33:00,26957.59,0.887
A050,A026,TRANSFERRED_TO,2026-08-05T14:34:00,15670.99,0.951
A007,A045,TRANSFERRED_TO,2026-08-06T01:35:00,10949.48,0.922
A014,A016,TRANSFERRED_TO,2026-08-07T12:36:00,15610.41,0.818
A021,A033,TRANSFERRED_TO,2026-08-08T23:37:00,14052.16,0.858
A028,A002,TRANSFERRED_TO,2026-08-09T10:38:00,28400.77,0.981
A035,A021,TRANSFERRED_TO,2026-08-10T21:39:00,4254.94,0.824
A042,A040,TRANSFERRED_TO,2026-08-11T08:40:00,40641.28,0.883
A049,A009,TRANSFERRED_TO,2026-08-12T19:41:00,14023.96,0.965
A006,A028,TRANSFERRED_TO,2026-08-13T06:42:00,10742.68,0.923
A013,A047,TRANSFERRED_TO,2026-08-14T17:43:00,26702.27,0.894
A020,A016,TRANSFERRED_TO,2026-08-15T04:44:00,32904.5,0.857
A027,A035,TRANSFERRED_TO,2026-08-16T15:45:00,43796.91,0.932
A034,A004,TRANSFERRED_TO,2026-08-17T02:46:00,37588.34,0.959
A041,A023,TRANSFERRED_TO,2026-08-18T13:47:00,144107.85,0.913
A048,A042,TRANSFERRED_TO,2026-08-19T00:48:00,44487.66,0.916
A005,A011,TRANSFERRED_TO,2026-08-20T11:49:00,6802.61,0.975
A012,A030,TRANSFERRED_TO,2026-08-21T22:50:00,16986.15,0.945
A019,A049,TRANSFERRED_TO,2026-08-22T09:51:00,14279.88,0.966
A026,A018,TRANSFERRED_TO,2026-08-23T20:52:00,39431.96,0.882
A033,A037,TRANSFERRED_TO,2026-08-24T07:53:00,26513.16,0.833
A040,A006,TRANSFERRED_TO,2026-08-25T18:54:00,7383.39,0.94
A047,A025,TRANSFERRED_TO,2026-08-26T05:55:00,42845.59,0.888
A004,A044,TRANSFERRED_TO,2026-08-27T16:56:00,7542.14,0.946
A011,A013,TRANSFERRED_TO,2026-08-28T03:57:00,3056.93,0.85
A018,A032,TRANSFERRED_TO,2026-08-29T14:58:00,11307.37,0.975
A025,A001,TRANSFERRED_TO,2026-08-30T01:59:00,31896.63,0.83
A032,A020,TRANSFERRED_TO,2026-08-01T12:00:00,15548.91,0.83
A039,A041,TRANSFERRED_TO,2026-08-02T23:01:00,23291.12,0.883
A046,A008,TRANSFERRED_TO,2026-08-03T10:02:00,15434.93,0.838
A003,A027,TRANSFERRED_TO,2026-08-04T21:03:00,44366.8,0.826
A010,A046,TRANSFERRED_TO,2026-08-05T08:04:00,33217.58,0.889
A017,A015,TRANSFERRED_TO,2026-08-06T19:05:00,18277.51,0.947
A024,A034,TRANSFERRED_TO,2026-08-07T06:06:00,23606.96,0.88
A031,A003,TRANSFERRED_TO,2026-08-08T17:07:00,23181.66,0.983
A038,A022,TRANSFERRED_TO,2026-08-09T04:08:00,42051.73,0.802
A045,A041,TRANSFERRED_TO,2026-08-10T15:09:00,44490.44,0.872
A002,A010,TRANSFERRED_TO,2026-08-11T02:10:00,31373.61,0.985
A009,A029,TRANSFERRED_TO,2026-08-12T13:11:00,26209.81,0.986
A016,A048,TRANSFERRED_TO,2026-08-13T00:12:00,21536.49,0.97
A023,A017,TRANSFERRED_TO,2026-08-14T11:13:00,27346.4,0.963
A030,A036,TRANSFERRED_TO,2026-08-15T22:14:00,44698.86,0.875
A037,A005,TRANSFERRED_TO,2026-08-16T09:15:00,32165.28,0.817
A044,A024,TRANSFERRED_TO,2026-08-17T20:16:00,346123.21,0.859
A001,A043,TRANSFERRED_TO,2026-08-18T07:17:00,20611.36,0.865
A008,A012,TRANSFERRED_TO,2026-08-19T18:18:00,6408.94,0.901
A015,A031,TRANSFERRED_TO,2026-08-20T05:19:00,39182.91,0.873
A022,A050,TRANSFERRED_TO,2026-08-21T16:20:00,18057.62,0.903
A029,A019,TRANSFERRED_TO,2026-08-22T03:21:00,31070.68,0.8
A036,A038,TRANSFERRED_TO,2026-08-23T14:22:00,3707.64,0.917
A043,A007,TRANSFERRED_TO,2026-08-24T01:23:00,31386.71,0.866
A050,A026,TRANSFERRED_TO,2026-08-25T12:24:00,5065.88,0.901
A007,A045,TRANSFERRED_TO,2026-08-26T23:25:00,6852.35,0.956
A014,A016,TRANSFERRED_TO,2026-08-27T10:26:00,31621.16,0.986
A021,A033,TRANSFERRED_TO,2026-08-28T21:27:00,20643.53,0.849
A028,A002,TRANSFERRED_TO,2026-08-29T08:28:00,37302.88,0.988
A035,A021,TRANSFERRED_TO,2026-08-30T19:29:00,25116.19,0.826
A042,A040,TRANSFERRED_TO,2026-08-01T06:30:00,39626.94,0.813
A049,A009,TRANSFERRED_TO,2026-08-02T17:31:00,4723.11,0.987
A006,A028,TRANSFERRED_TO,2026-08-03T04:32:00,21309.11,0.95
A013,A047,TRANSFERRED_TO,2026-08-04T15:33:00,28574.05,0.827
A020,A016,TRANSFERRED_TO,2026-08-05T02:34:00,25494.01,0.818
A027,A035,TRANSFERRED_TO,2026-08-06T13:35:00,15479.57,0.989
A034,A004,TRANSFERRED_TO,2026-08-07T00:36:00,33286.52,0.896
A041,A023,TRANSFERRED_TO,2026-08-08T11:37:00,14220.97,0.828
A048,A042,TRANSFERRED_TO,2026-08-09T22:38:00,6319.72,0.856
A005,A011,TRANSFERRED_TO,2026-08-10T09:39:00,28082.6,0.811
A012,A030,TRANSFERRED_TO,2026-08-11T20:40:00,23241.82,0.913
A019,A049,TRANSFERRED_TO,2026-08-12T07:41:00,4820.98,0.865
A026,A018,TRANSFERRED_TO,2026-08-13T18:42:00,2990.43,0.869
A033,A037,TRANSFERRED_TO,2026-08-14T05:43:00,38490.28,0.99
A040,A006,TRANSFERRED_TO,2026-08-15T16:44:00,33690.47,0.809
A047,A025,TRANSFERRED_TO,2026-08-16T03:45:00,147408.13,0.896
A004,A044,TRANSFERRED_TO,2026-08-17T14:46:00,27161.13,0.967
A011,A013,TRANSFERRED_TO,2026-08-18T01:47:00,42233.12,0.832
A018,A032,TRANSFERRED_TO,2026-08-19T12:48:00,10879.72,0.98
A025,A001,TRANSFERRED_TO,2026-08-20T23:49:00,16220.38,0.979
A032,A020,TRANSFERRED_TO,2026-08-21T10:50:00,42140.07,0.949
A039,A041,TRANSFERRED_TO,2026-08-22T21:51:00,21995.68,0.863
A046,A008,TRANSFERRED_TO,2026-08-23T08:52:00,14826.28,0.933
A003,A027,TRANSFERRED_TO,2026-08-24T19:53:00,24084.17,0.9
A010,A046,TRANSFERRED_TO,2026-08-25T06:54:00,38848.23,0.894
A017,A015,TRANSFERRED_TO,2026-08-26T17:55:00,40433.24,0.937
A024,A034,TRANSFERRED_TO,2026-08-27T04:56:00,2867.23,0.939
A031,A003,TRANSFERRED_TO,2026-08-28T15:57:00,13388.66,0.848
A038,A022,TRANSFERRED_TO,2026-08-29T02:58:00,31871.41,0.898
A045,A041,TRANSFERRED_TO,2026-08-30T13:59:00,34653.85,0.802
A002,A010,TRANSFERRED_TO,2026-08-01T00:00:00,7496.6,0.82
A009,A029,TRANSFERRED_TO,2026-08-02T11:01:00,8129.46,0.967
A016,A048,TRANSFERRED_TO,2026-08-03T22:02:00,9589.13,0.827
A023,A017,TRANSFERRED_TO,2026-08-04T09:03:00,31292.99,0.814
A030,A036,TRANSFERRED_TO,2026-08-05T20:04:00,29624.42,0.832
A037,A005,TRANSFERRED_TO,2026-08-06T07:05:00,37679.79,0.962
A044,A024,TRANSFERRED_TO,2026-08-07T18:06:00,32467.21,0.841
A001,A043,TRANSFERRED_TO,2026-08-08T05:07:00,24698.89,0.824
A008,A012,TRANSFERRED_TO,2026-08-09T16:08:00,4863.25,0.825
A015,A031,TRANSFERRED_TO,2026-08-10T03:09:00,43157.06,0.94
A022,A050,TRANSFERRED_TO,2026-08-11T14:10:00,43579.07,0.848
A029,A019,TRANSFERRED_TO,2026-08-12T01:11:00,17944.72,0.955
A036,A038,TRANSFERRED_TO,2026-08-13T12:12:00,26113.23,0.986
A043,A007,TRANSFERRED_TO,2026-08-14T23:13:00,22420.92,0.923
A050,A026,TRANSFERRED_TO,2026-08-15T10:14:00,424025.65,0.969
A007,A045,TRANSFERRED_TO,2026-08-16T21:15:00,17679.26,0.854
A014,A016,TRANSFERRED_TO,2026-08-17T08:16:00,22064.99,0.834
A021,A033,TRANSFERRED_TO,2026-08-18T19:17:00,42656.26,0.953
A028,A002,TRANSFERRED_TO,2026-08-19T06:18:00,25841.59,0.883
A035,A021,TRANSFERRED_TO,2026-08-20T17:19:00,24857.92,0.832
A042,A040,TRANSFERRED_TO,2026-08-21T04:20:00,20178.49,0.926
A049,A009,TRANSFERRED_TO,2026-08-22T15:21:00,43641.39,0.974
A006,A028,TRANSFERRED_TO,2026-08-23T02:22:00,6072.6,0.963
A013,A047,TRANSFERRED_TO,2026-08-24T13:23:00,9916.22,0.811
A020,A016,TRANSFERRED_TO,2026-08-25T00:24:00,27785.15,0.949
A027,A035,TRANSFERRED_TO,2026-08-26T11:25:00,35084.94,0.987
A034,A004,TRANSFERRED_TO,2026-08-27T22:26:00,14903.98,0.856
A041,A023,TRANSFERRED_TO,2026-08-28T09:27:00,33369.13,0.874
A048,A042,TRANSFERRED_TO,2026-08-29T20:28:00,14348.28,0.874
A005,A011,TRANSFERRED_TO,2026-08-30T07:29:00,42892.04,0.988
A012,A030,TRANSFERRED_TO,2026-08-01T18:30:00,10891.8,0.933
A019,A049,TRANSFERRED_TO,2026-08-02T05:31:00,22620.56,0.841
A026,A018,TRANSFERRED_TO,2026-08-03T16:32:00,22326.98,0.941
A033,A037,TRANSFERRED_TO,2026-08-04T03:33:00,12498.23,0.967
A040,A006,TRANSFERRED_TO,2026-08-05T14:34:00,2567.25,0.905
A047,A025,TRANSFERRED_TO,2026-08-06T01:35:00,4362.1,0.98
A004,A044,TRANSFERRED_TO,2026-08-07T12:36:00,14250.82,0.925
A011,A013,TRANSFERRED_TO,2026-08-08T23:37:00,28415.33,0.915
A018,A032,TRANSFERRED_TO,2026-08-09T10:38:00,8940.31,0.81
A025,A001,TRANSFERRED_TO,2026-08-10T21:39:00,32486.47,0.841
A032,A020,TRANSFERRED_TO,2026-08-11T08:40:00,29446.67,0.954
A039,A041,TRANSFERRED_TO,2026-08-12T19:41:00,25762.31,0.886
A046,A008,TRANSFERRED_TO,2026-08-13T06:42:00,5774.06,0.933
A003,A027,TRANSFERRED_TO,2026-08-14T17:43:00,424064.26,0.838
A010,A046,TRANSFERRED_TO,2026-08-15T04:44:00,5918.99,0.854
A017,A015,TRANSFERRED_TO,2026-08-16T15:45:00,35556.1,0.924
A024,A034,TRANSFERRED_TO,2026-08-17T02:46:00,15142.81,0.932
A031,A003,TRANSFERRED_TO,2026-08-18T13:47:00,22073.69,0.858
A038,A022,TRANSFERRED_TO,2026-08-19T00:48:00,41678.23,0.827
A045,A041,TRANSFERRED_TO,2026-08-20T11:49:00,38807.65,0.878
A002,A010,TRANSFERRED_TO,2026-08-21T22:50:00,25161.58,0.953
A009,A029,TRANSFERRED_TO,2026-08-22T09:51:00,20133.88,0.894
A016,A048,TRANSFERRED_TO,2026-08-23T20:52:00,20582.18,0.868
A023,A017,TRANSFERRED_TO,2026-08-24T07:53:00,44069.95,0.924
A030,A036,TRANSFERRED_TO,2026-08-25T18:54:00,10287.19,0.887
A037,A005,TRANSFERRED_TO,2026-08-26T05:55:00,10332.62,0.875
A044,A024,TRANSFERRED_TO,2026-08-27T16:56:00,15188.66,0.899
A001,A043,TRANSFERRED_TO,2026-08-28T03:57:00,31642.92,0.946
A008,A012,TRANSFERRED_TO,2026-08-29T14:58:00,44892.8,0.948
A015,A031,TRANSFERRED_TO,2026-08-30T01:59:00,39988.14,0.949
A022,A050,TRANSFERRED_TO,2026-08-01T12:00:00,29238.17,0.956
A029,A019,TRANSFERRED_TO,2026-08-02T23:01:00,40214.6,0.805
A036,A038,TRANSFERRED_TO,2026-08-03T10:02:00,3157.05,0.858
A043,A007,TRANSFERRED_TO,2026-08-04T21:03:00,5305.04,0.819
A050,A026,TRANSFERRED_TO,2026-08-05T08:04:00,6741.27,0.986
A007,A045,TRANSFERRED_TO,2026-08-06T19:05:00,28775.17,0.867
A014,A016,TRANSFERRED_TO,2026-08-07T06:06:00,17389.56,0.928
A021,A033,TRANSFERRED_TO,2026-08-08T17:07:00,29313.54,0.881
A028,A002,TRANSFERRED_TO,2026-08-09T04:08:00,9482.34,0.964
A035,A021,TRANSFERRED_TO,2026-08-10T15:09:00,25497.25,0.813
A042,A040,TRANSFERRED_TO,2026-08-11T02:10:00,13505.71,0.913
A049,A009,TRANSFERRED_TO,2026-08-12T13:11:00,30922.81,0.947
A006,A028,TRANSFERRED_TO,2026-08-13T00:12:00,226496.99,0.895
A013,A047,TRANSFERRED_TO,2026-08-14T11:13:00,33946.87,0.946
A020,A016,TRANSFERRED_TO,2026-08-15T22:14:00,12962.91,0.87
A027,A035,TRANSFERRED_TO,2026-08-16T09:15:00,40576.95,0.836
A034,A004,TRANSFERRED_TO,2026-08-17T20:16:00,13321.68,0.911
A041,A023,TRANSFERRED_TO,2026-08-18T07:17:00,26748.66,0.913
A048,A042,TRANSFERRED_TO,2026-08-19T18:18:00,13324.81,0.821
A005,A011,TRANSFERRED_TO,2026-08-20T05:19:00,31403.28,0.817
A012,A030,TRANSFERRED_TO,2026-08-21T16:20:00,26875.62,0.967
A019,A049,TRANSFERRED_TO,2026-08-22T03:21:00,41591.86,0.916
A026,A018,TRANSFERRED_TO,2026-08-23T14:22:00,41644.25,0.803
A033,A037,TRANSFERRED_TO,2026-08-24T01:23:00,6937.57,0.83
A040,A006,TRANSFERRED_TO,2026-08-25T12:24:00,14651.4,0.935
A047,A025,TRANSFERRED_TO,2026-08-26T23:25:00,39814.77,0.861
A004,A044,TRANSFERRED_TO,2026-08-27T10:26:00,28658.49,0.917
A011,A013,TRANSFERRED_TO,2026-08-28T21:27:00,13049.67,0.867
A018,A032,TRANSFERRED_TO,2026-08-29T08:28:00,36264.77,0.953
A025,A001,TRANSFERRED_TO,2026-08-30T19:29:00,44927.78,0.92
A032,A020,TRANSFERRED_TO,2026-08-01T06:30:00,32690.61,0.957
A039,A041,TRANSFERRED_TO,2026-08-02T17:31:00,10386.25,0.828
A046,A008,TRANSFERRED_TO,2026-08-03T04:32:00,36975.91,0.985
A003,A027,TRANSFERRED_TO,2026-08-04T15:33:00,25729.45,0.885
A010,A046,TRANSFERRED_TO,2026-08-05T02:34:00,33458.57,0.951
A017,A015,TRANSFERRED_TO,2026-08-06T13:35:00,4984.76,0.858
A024,A034,TRANSFERRED_TO,2026-08-07T00:36:00,29517.1,0.806
A031,A003,TRANSFERRED_TO,2026-08-08T11:37:00,17729.37,0.864
A038,A022,TRANSFERRED_TO,2026-08-09T22:38:00,24536.27,0.956
A045,A041,TRANSFERRED_TO,2026-08-10T09:39:00,11210.49,0.976
A002,A010,TRANSFERRED_TO,2026-08-11T20:40:00,28389.45,0.897
A009,A029,TRANSFERRED_TO,2026-08-12T07:41:00,226863.92,0.977
A016,A048,TRANSFERRED_TO,2026-08-13T18:42:00,30576.77,0.973
A023,A017,TRANSFERRED_TO,2026-08-14T05:43:00,33227.85,0.985
A030,A036,TRANSFERRED_TO,2026-08-15T16:44:00,13527.32,0.847
A037,A005,TRANSFERRED_TO,2026-08-16T03:45:00,32719.4,0.852
A044,A024,TRANSFERRED_TO,2026-08-17T14:46:00,30412.46,0.85
A001,A043,TRANSFERRED_TO,2026-08-18T01:47:00,33524.64,0.854
A008,A012,TRANSFERRED_TO,2026-08-19T12:48:00,30651.53,0.944
A015,A031,TRANSFERRED_TO,2026-08-20T23:49:00,5377.24,0.905
A022,A050,TRANSFERRED_TO,2026-08-21T10:50:00,2584.28,0.934
A029,A019,TRANSFERRED_TO,2026-08-22T21:51:00,37216.05,0.876
A036,A038,TRANSFERRED_TO,2026-08-23T08:52:00,33715.49,0.964
A043,A007,TRANSFERRED_TO,2026-08-24T19:53:00,27276.36,0.866
A050,A026,TRANSFERRED_TO,2026-08-25T06:54:00,13663.39,0.847
A007,A045,TRANSFERRED_TO,2026-08-26T17:55:00,16554.34,0.896
A014,A016,TRANSFERRED_TO,2026-08-27T04:56:00,28323.81,0.925
A021,A033,TRANSFERRED_TO,2026-08-28T15:57:00,44949.7,0.863
A028,A002,TRANSFERRED_TO,2026-08-29T02:58:00,35201.21,0.802
A035,A021,TRANSFERRED_TO,2026-08-30T13:59:00,25811.45,0.857
A042,A040,TRANSFERRED_TO,2026-08-01T00:00:00,15542.38,0.937
A049,A009,TRANSFERRED_TO,2026-08-02T11:01:00,26877.58,0.926
A006,A028,TRANSFERRED_TO,2026-08-03T22:02:00,44565.23,0.962
A013,A047,TRANSFERRED_TO,2026-08-04T09:03:00,30950.14,0.863
A020,A016,TRANSFERRED_TO,2026-08-05T20:04:00,44519.97,0.852
A027,A035,TRANSFERRED_TO,2026-08-06T07:05:00,4890.56,0.942
A034,A004,TRANSFERRED_TO,2026-08-07T18:06:00,19158.86,0.83
A041,A023,TRANSFERRED_TO,2026-08-08T05:07:00,44928.85,0.841
A048,A042,TRANSFERRED_TO,2026-08-09T16:08:00,11613.2,0.806
A005,A011,TRANSFERRED_TO,2026-08-10T03:09:00,40832.36,0.807
A012,A030,TRANSFERRED_TO,2026-08-11T14:10:00,236632.9,0.965
A019,A049,TRANSFERRED_TO,2026-08-12T01:11:00,4558.5,0.927
A026,A018,TRANSFERRED_TO,2026-08-13T12:12:00,40153.89,0.932
A033,A037,TRANSFERRED_TO,2026-08-14T23:13:00,10448.44,0.827
A040,A006,TRANSFERRED_TO,2026-08-15T10:14:00,40061.34,0.869
A047,A025,TRANSFERRED_TO,2026-08-16T21:15:00,5398.36,0.931
A004,A044,TRANSFERRED_TO,2026-08-17T08:16:00,24033.69,0.901
A011,A013,TRANSFERRED_TO,2026-08-18T19:17:00,4303.2,0.974
A018,A032,TRANSFERRED_TO,2026-08-19T06:18:00,41132.76,0.845
A025,A001,TRANSFERRED_TO,2026-08-20T17:19:00,16022.09,0.826
A032,A020,TRANSFERRED_TO,2026-08-21T04:20:00,38927.3,0.811
A039,A041,TRANSFERRED_TO,2026-08-22T15:21:00,5734.99,0.886
A046,A008,TRANSFERRED_TO,2026-08-23T02:22:00,14335.37,0.819
A003,A027,TRANSFERRED_TO,2026-08-24T13:23:00,40960.12,0.85
A010,A046,TRANSFERRED_TO,2026-08-25T00:24:00,21767.94,0.873
A017,A015,TRANSFERRED_TO,2026-08-26T11:25:00,36653.13,0.84
A024,A034,TRANSFERRED_TO,2026-08-27T22:26:00,22684.49,0.94
A031,A003,TRANSFERRED_TO,2026-08-28T09:27:00,13361.97,0.905
A038,A022,TRANSFERRED_TO,2026-08-29T20:28:00,35390.33,0.811
A045,A041,TRANSFERRED_TO,2026-08-30T07:29:00,41100.92,0.857
A002,A010,TRANSFERRED_TO,2026-08-01T18:30:00,35210.13,0.969
A009,A029,TRANSFERRED_TO,2026-08-02T05:31:00,5119.35,0.984
A016,A048,TRANSFERRED_TO,2026-08-03T16:32:00,37906.86,0.871
A023,A017,TRANSFERRED_TO,2026-08-04T03:33:00,44139.58,0.867
A030,A036,TRANSFERRED_TO,2026-08-05T14:34:00,40538.15,0.81
A037,A005,TRANSFERRED_TO,2026-08-06T01:35:00,31937.0,0.908
A044,A024,TRANSFERRED_TO,2026-08-07T12:36:00,5726.94,0.886
A001,A043,TRANSFERRED_TO,2026-08-08T23:37:00,15827.92,0.849
A008,A012,TRANSFERRED_TO,2026-08-09T10:38:00,40865.62,0.871
A015,A031,TRANSFERRED_TO,2026-08-10T21:39:00,340287.51,0.838
A022,A050,TRANSFERRED_TO,2026-08-11T08:40:00,3052.22,0.901
A029,A019,TRANSFERRED_TO,2026-08-12T19:41:00,10914.69,0.897
A036,A038,TRANSFERRED_TO,2026-08-13T06:42:00,16472.91,0.961
A043,A007,TRANSFERRED_TO,2026-08-14T17:43:00,22466.14,0.888
A050,A026,TRANSFERRED_TO,2026-08-15T04:44:00,44283.98,0.966
A007,A045,TRANSFERRED_TO,2026-08-16T15:45:00,38140.16,0.9
A014,A016,TRANSFERRED_TO,2026-08-17T02:46:00,39109.67,0.858
A021,A033,TRANSFERRED_TO,2026-08-18T13:47:00,27584.91,0.804
A028,A002,TRANSFERRED_TO,2026-08-19T00:48:00,28184.88,0.9
A035,A021,TRANSFERRED_TO,2026-08-20T11:49:00,33647.15,0.945
A042,A040,TRANSFERRED_TO,2026-08-21T22:50:00,19910.26,0.886
A049,A009,TRANSFERRED_TO,2026-08-22T09:51:00,7918.07,0.903
A006,A028,TRANSFERRED_TO,2026-08-23T20:52:00,32686.53,0.854
A013,A047,TRANSFERRED_TO,2026-08-24T07:53:00,15560.74,0.843
A020,A016,TRANSFERRED_TO,2026-08-25T18:54:00,20133.72,0.842
A027,A035,TRANSFERRED_TO,2026-08-26T05:55:00,6907.0,0.911
A034,A004,TRANSFERRED_TO,2026-08-27T16:56:00,32012.36,0.874
A041,A023,TRANSFERRED_TO,2026-08-28T03:57:00,21455.7,0.887
A048,A042,TRANSFERRED_TO,2026-08-29T14:58:00,29995.61,0.843
A005,A011,TRANSFERRED_TO,2026-08-30T01:59:00,7445.39,0.908
A012,A030,TRANSFERRED_TO,2026-08-01T12:00:00,15385.23,0.851
A019,A049,TRANSFERRED_TO,2026-08-02T23:01:00,21810.36,0.85
A026,A018,TRANSFERRED_TO,2026-08-03T10:02:00,34787.53,0.819
A033,A037,TRANSFERRED_TO,2026-08-04T21:03:00,17487.85,0.903
A040,A006,TRANSFERRED_TO,2026-08-05T08:04:00,26500.39,0.921
A047,A025,TRANSFERRED_TO,2026-08-06T19:05:00,9401.55,0.924
A004,A044,TRANSFERRED_TO,2026-08-07T06:06:00,28174.95,0.815
A011,A013,TRANSFERRED_TO,2026-08-08T17:07:00,14576.42,0.978
A018,A032,TRANSFERRED_TO,2026-08-09T04:08:00,303357.79,0.959
A025,A001,TRANSFERRED_TO,2026-08-10T15:09:00,32224.48,0.845
A032,A020,TRANSFERRED_TO,2026-08-11T02:10:00,30772.09,0.802
A039,A041,TRANSFERRED_TO,2026-08-12T13:11:00,28823.36,0.908
A046,A008,TRANSFERRED_TO,2026-08-13T00:12:00,8478.13,0.99
A003,A027,TRANSFERRED_TO,2026-08-14T11:13:00,43089.84,0.946
A010,A046,TRANSFERRED_TO,2026-08-15T22:14:00,44178.07,0.893
A017,A015,TRANSFERRED_TO,2026-08-16T09:15:00,34970.46,0.819
A024,A034,TRANSFERRED_TO,2026-08-17T20:16:00,44482.72,0.917
A031,A003,TRANSFERRED_TO,2026-08-18T07:17:00,18872.37,0.958
A038,A022,TRANSFERRED_TO,2026-08-19T18:18:00,22532.21,0.934
A045,A041,TRANSFERRED_TO,2026-08-20T05:19:00,33649.86,0.943
A002,A010,TRANSFERRED_TO,2026-08-21T16:20:00,12916.97,0.851
A009,A029,TRANSFERRED_TO,2026-08-22T03:21:00,5580.66,0.858
A016,A048,TRANSFERRED_TO,2026-08-23T14:22:00,33537.25,0.812
A023,A017,TRANSFERRED_TO,2026-08-24T01:23:00,41963.47,0.914
A030,A036,TRANSFERRED_TO,2026-08-25T12:24:00,23181.12,0.99
A037,A005,TRANSFERRED_TO,2026-08-26T23:25:00,42600.66,0.944
A044,A024,TRANSFERRED_TO,2026-08-27T10:26:00,19840.84,0.824
A001,A043,TRANSFERRED_TO,2026-08-28T21:27:00,13593.85,0.806
A008,A012,TRANSFERRED_TO,2026-08-29T08:28:00,40148.92,0.912
A015,A031,TRANSFERRED_TO,2026-08-30T19:29:00,20832.62,0.812
A022,A050,TRANSFERRED_TO,2026-08-01T06:30:00,19476.77,0.8
A029,A019,TRANSFERRED_TO,2026-08-02T17:31:00,7783.89,0.832
A036,A038,TRANSFERRED_TO,2026-08-03T04:32:00,40429.36,0.811
A043,A007,TRANSFERRED_TO,2026-08-04T15:33:00,14694.82,0.971
A050,A026,TRANSFERRED_TO,2026-08-05T02:34:00,44192.85,0.83
A007,A045,TRANSFERRED_TO,2026-08-06T13:35:00,26803.93,0.849
A014,A016,TRANSFERRED_TO,2026-08-07T00:36:00,18589.59,0.865
A021,A033,TRANSFERRED_TO,2026-08-08T11:37:00,222866.58,0.932
A028,A002,TRANSFERRED_TO,2026-08-09T22:38:00,21312.09,0.974
A035,A021,TRANSFERRED_TO,2026-08-10T09:39:00,22610.79,0.827
A042,A040,TRANSFERRED_TO,2026-08-11T20:40:00,5994.48,0.83
A049,A009,TRANSFERRED_TO,2026-08-12T07:41:00,15171.6,0.909
A006,A028,TRANSFERRED_TO,2026-08-13T18:42:00,37936.37,0.925
A013,A047,TRANSFERRED_TO,2026-08-14T05:43:00,16525.98,0.841
A020,A016,TRANSFERRED_TO,2026-08-15T16:44:00,40400.1,0.839
A027,A035,TRANSFERRED_TO,2026-08-16T03:45:00,35548.16,0.821
A034,A004,TRANSFERRED_TO,2026-08-17T14:46:00,39886.06,0.933
A041,A023,TRANSFERRED_TO,2026-08-18T01:47:00,32986.1,0.866
A048,A042,TRANSFERRED_TO,2026-08-19T12:48:00,3429.07,0.933
A005,A011,TRANSFERRED_TO,2026-08-20T23:49:00,23588.21,0.805
A012,A030,TRANSFERRED_TO,2026-08-21T10:50:00,6473.69,0.846
A019,A049,TRANSFERRED_TO,2026-08-22T21:51:00,10516.95,0.981
A026,A018,TRANSFERRED_TO,2026-08-23T08:52:00,17841.74,0.99
A033,A037,TRANSFERRED_TO,2026-08-24T19:53:00,4082.69,0.926
A040,A006,TRANSFERRED_TO,2026-08-25T06:54:00,25650.46,0.985
A047,A025,TRANSFERRED_TO,2026-08-26T17:55:00,28703.1,0.813
A004,A044,TRANSFERRED_TO,2026-08-27T04:56:00,41671.7,0.963
A011,A013,TRANSFERRED_TO,2026-08-28T15:57:00,15082.14,0.867
A018,A032,TRANSFERRED_TO,2026-08-29T02:58:00,14269.84,0.841
A025,A001,TRANSFERRED_TO,2026-08-30T13:59:00,42950.84,0.944
A032,A020,TRANSFERRED_TO,2026-08-01T00:00:00,29300.97,0.953
A039,A041,TRANSFERRED_TO,2026-08-02T11:01:00,9783.13,0.872
A046,A008,TRANSFERRED_TO,2026-08-03T22:02:00,8504.84,0.855
A003,A027,TRANSFERRED_TO,2026-08-04T09:03:00,12112.84,0.821
A010,A046,TRANSFERRED_TO,2026-08-05T20:04:00,38814.42,0.889
A017,A015,TRANSFERRED_TO,2026-08-06T07:05:00,8921.99,0.966
A024,A034,TRANSFERRED_TO,2026-08-07T18:06:00,438197.62,0.851
A031,A003,TRANSFERRED_TO,2026-08-08T05:07:00,6854.22,0.941
A038,A022,TRANSFERRED_TO,2026-08-09T16:08:00,33603.92,0.893
A045,A041,TRANSFERRED_TO,2026-08-10T03:09:00,22693.8,0.882
A002,A010,TRANSFERRED_TO,2026-08-11T14:10:00,31277.44,0.975
A009,A029,TRANSFERRED_TO,2026-08-12T01:11:00,28510.69,0.935
A016,A048,TRANSFERRED_TO,2026-08-13T12:12:00,7355.39,0.9
A023,A017,TRANSFERRED_TO,2026-08-14T23:13:00,25928.63,0.848
A030,A036,TRANSFERRED_TO,2026-08-15T10:14:00,13752.28,0.901
A037,A005,TRANSFERRED_TO,2026-08-16T21:15:00,16742.49,0.965
A044,A024,TRANSFERRED_TO,2026-08-17T08:16:00,14615.94,0.86
A001,A043,TRANSFERRED_TO,2026-08-18T19:17:00,31788.01,0.808
A008,A012,TRANSFERRED_TO,2026-08-19T06:18:00,24641.64,0.832
A015,A031,TRANSFERRED_TO,2026-08-20T17:19:00,8530.27,0.872
A022,A050,TRANSFERRED_TO,2026-08-21T04:20:00,17002.93,0.803
A029,A019,TRANSFERRED_TO,2026-08-22T15:21:00,33836.88,0.882
A036,A038,TRANSFERRED_TO,2026-08-23T02:22:00,21923.2,0.854
A043,A007,TRANSFERRED_TO,2026-08-24T13:23:00,40589.21,0.894
A050,A026,TRANSFERRED_TO,2026-08-25T00:24:00,32465.94,0.836
A007,A045,TRANSFERRED_TO,2026-08-26T11:25:00,24862.2,0.868
A014,A016,TRANSFERRED_TO,2026-08-27T22:26:00,11369.54,0.804
A021,A033,TRANSFERRED_TO,2026-08-28T09:27:00,40727.22,0.978
A028,A002,TRANSFERRED_TO,2026-08-29T20:28:00,28196.18,0.855
A035,A021,TRANSFERRED_TO,2026-08-30T07:29:00,15993.06,0.869
A042,A040,TRANSFERRED_TO,2026-08-01T18:30:00,42224.4,0.984
A049,A009,TRANSFERRED_TO,2026-08-02T05:31:00,12291.2,0.933
A006,A028,TRANSFERRED_TO,2026-08-03T16:32:00,23849.56,0.876
A013,A047,TRANSFERRED_TO,2026-08-04T03:33:00,36183.55,0.905
A020,A016,TRANSFERRED_TO,2026-08-05T14:34:00,15303.1,0.917
A027,A035,TRANSFERRED_TO,2026-08-06T01:35:00,175896.12,0.952
A034,A004,TRANSFERRED_TO,2026-08-07T12:36:00,19880.26,0.91
A041,A023,TRANSFERRED_TO,2026-08-08T23:37:00,11488.47,0.814
A048,A042,TRANSFERRED_TO,2026-08-09T10:38:00,43402.56,0.963
A005,A011,TRANSFERRED_TO,2026-08-10T21:39:00,8306.48,0.803
A012,A030,TRANSFERRED_TO,2026-08-11T08:40:00,27237.07,0.896
A019,A049,TRANSFERRED_TO,2026-08-12T19:41:00,8111.93,0.891
A026,A018,TRANSFERRED_TO,2026-08-13T06:42:00,24014.03,0.81
A033,A037,TRANSFERRED_TO,2026-08-14T17:43:00,10303.84,0.944
A040,A006,TRANSFERRED_TO,2026-08-15T04:44:00,15201.21,0.826
A047,A025,TRANSFERRED_TO,2026-08-16T15:45:00,23458.62,0.988
A004,A044,TRANSFERRED_TO,2026-08-17T02:46:00,37361.88,0.829
A011,A013,TRANSFERRED_TO,2026-08-18T13:47:00,30538.47,0.907
A018,A032,TRANSFERRED_TO,2026-08-19T00:48:00,41892.8,0.885
A025,A001,TRANSFERRED_TO,2026-08-20T11:49:00,15859.07,0.85
A032,A020,TRANSFERRED_TO,2026-08-21T22:50:00,14937.92,0.987
A039,A041,TRANSFERRED_TO,2026-08-22T09:51:00,32301.45,0.837
A046,A008,TRANSFERRED_TO,2026-08-23T20:52:00,44121.01,0.819
A003,A027,TRANSFERRED_TO,2026-08-24T07:53:00,42181.74,0.856
A010,A046,TRANSFERRED_TO,2026-08-25T18:54:00,26952.93,0.974
A017,A015,TRANSFERRED_TO,2026-08-26T05:55:00,30402.14,0.84
A024,A034,TRANSFERRED_TO,2026-08-27T16:56:00,44509.39,0.912
A031,A003,TRANSFERRED_TO,2026-08-28T03:57:00,19118.19,0.936
A038,A022,TRANSFERRED_TO,2026-08-29T14:58:00,32410.45,0.952
A045,A041,TRANSFERRED_TO,2026-08-30T01:59:00,26716.77,0.82
A002,A010,TRANSFERRED_TO,2026-08-01T12:00:00,26745.37,0.913
A009,A029,TRANSFERRED_TO,2026-08-02T23:01:00,17879.1,0.909
A016,A048,TRANSFERRED_TO,2026-08-03T10:02:00,15865.32,0.843
A023,A017,TRANSFERRED_TO,2026-08-04T21:03:00,3102.02,0.843
A030,A036,TRANSFERRED_TO,2026-08-05T08:04:00,207783.15,0.856
A037,A005,TRANSFERRED_TO,2026-08-06T19:05:00,35678.73,0.966
A044,A024,TRANSFERRED_TO,2026-08-07T06:06:00,12127.92,0.83
A001,A043,TRANSFERRED_TO,2026-08-08T17:07:00,18156.81,0.906
A008,A012,TRANSFERRED_TO,2026-08-09T04:08:00,35659.71,0.826
A015,A031,TRANSFERRED_TO,2026-08-10T15:09:00,40341.55,0.834
A022,A050,TRANSFERRED_TO,2026-08-11T02:10:00,42531.56,0.851
A029,A019,TRANSFERRED_TO,2026-08-12T13:11:00,29892.38,0.876
A036,A038,TRANSFERRED_TO,2026-08-13T00:12:00,35324.57,0.884
A043,A007,TRANSFERRED_TO,2026-08-14T11:13:00,42364.9,0.893
A050,A026,TRANSFERRED_TO,2026-08-15T22:14:00,8838.86,0.967
A007,A045,TRANSFERRED_TO,2026-08-16T09:15:00,37670.67,0.802
A014,A016,TRANSFERRED_TO,2026-08-17T20:16:00,37223.97,0.959
A021,A033,TRANSFERRED_TO,2026-08-18T07:17:00,43981.37,0.866
A028,A002,TRANSFERRED_TO,2026-08-19T18:18:00,6370.64,0.814
A035,A021,TRANSFERRED_TO,2026-08-20T05:19:00,36780.44,0.955
A042,A040,TRANSFERRED_TO,2026-08-21T16:20:00,39828.14,0.977
A049,A009,TRANSFERRED_TO,2026-08-22T03:21:00,41383.12,0.827
A006,A028,TRANSFERRED_TO,2026-08-23T14:22:00,29798.88,0.918
A013,A047,TRANSFERRED_TO,2026-08-24T01:23:00,16411.91,0.907
A020,A016,TRANSFERRED_TO,2026-08-25T12:24:00,17447.93,0.981
A027,A035,TRANSFERRED_TO,2026-08-26T23:25:00,42388.57,0.916
A034,A004,TRANSFERRED_TO,2026-08-27T10:26:00,30378.11,0.802
A041,A023,TRANSFERRED_TO,2026-08-28T21:27:00,14829.94,0.974
A048,A042,TRANSFERRED_TO,2026-08-29T08:28:00,34626.23,0.875
A005,A011,TRANSFERRED_TO,2026-08-30T19:29:00,20548.48,0.825
A012,A030,TRANSFERRED_TO,2026-08-01T06:30:00,25745.15,0.914
A019,A049,TRANSFERRED_TO,2026-08-02T17:31:00,44155.92,0.976
A026,A018,TRANSFERRED_TO,2026-08-03T04:32:00,8389.34,0.91
A033,A037,TRANSFERRED_TO,2026-08-04T15:33:00,190084.15,0.952
A040,A006,TRANSFERRED_TO,2026-08-05T02:34:00,6722.46,0.817
A047,A025,TRANSFERRED_TO,2026-08-06T13:35:00,44558.94,0.89
A004,A044,TRANSFERRED_TO,2026-08-07T00:36:00,31017.73,0.939
A011,A013,TRANSFERRED_TO,2026-08-08T11:37:00,36496.66,0.929
A018,A032,TRANSFERRED_TO,2026-08-09T22:38:00,14296.77,0.882
A025,A001,TRANSFERRED_TO,2026-08-10T09:39:00,34544.99,0.897
A032,A020,TRANSFERRED_TO,2026-08-11T20:40:00,6699.06,0.893
A039,A041,TRANSFERRED_TO,2026-08-12T07:41:00,13233.34,0.965
A046,A008,TRANSFERRED_TO,2026-08-13T18:42:00,44565.39,0.896
A003,A027,TRANSFERRED_TO,2026-08-14T05:43:00,35027.76,0.88
A010,A046,TRANSFERRED_TO,2026-08-15T16:44:00,7515.5,0.854
A017,A015,TRANSFERRED_TO,2026-08-16T03:45:00,26087.78,0.816
A024,A034,TRANSFERRED_TO,2026-08-17T14:46:00,4553.85,0.966
A031,A003,TRANSFERRED_TO,2026-08-18T01:47:00,23539.45,0.934
A038,A022,TRANSFERRED_TO,2026-08-19T12:48:00,20952.56,0.978
A045,A041,TRANSFERRED_TO,2026-08-20T23:49:00,36296.8,0.914
A002,A010,TRANSFERRED_TO,2026-08-21T10:50:00,40488.99,0.926
A009,A029,TRANSFERRED_TO,2026-08-22T21:51:00,43304.62,0.807
A016,A048,TRANSFERRED_TO,2026-08-23T08:52:00,15039.38,0.893
A023,A017,TRANSFERRED_TO,2026-08-24T19:53:00,12658.44,0.929
A030,A036,TRANSFERRED_TO,2026-08-25T06:54:00,10158.06,0.983
A037,A005,TRANSFERRED_TO,2026-08-26T17:55:00,38408.53,0.96
A044,A024,TRANSFERRED_TO,2026-08-27T04:56:00,29416.12,0.909
A001,A043,TRANSFERRED_TO,2026-08-28T15:57:00,6805.75,0.987
A008,A012,TRANSFERRED_TO,2026-08-29T02:58:00,38168.09,0.883
A015,A031,TRANSFERRED_TO,2026-08-30T13:59:00,21841.53,0.849
A022,A050,TRANSFERRED_TO,2026-08-01T00:00:00,13387.05,0.878
A029,A019,TRANSFERRED_TO,2026-08-02T11:01:00,6303.52,0.869
A036,A038,TRANSFERRED_TO,2026-08-03T22:02:00,258288.28,0.966
A043,A007,TRANSFERRED_TO,2026-08-04T09:03:00,14653.65,0.869
A050,A026,TRANSFERRED_TO,2026-08-05T20:04:00,9640.94,0.84
A007,A045,TRANSFERRED_TO,2026-08-06T07:05:00,18125.41,0.966
A014,A016,TRANSFERRED_TO,2026-08-07T18:06:00,38781.41,0.834
A021,A033,TRANSFERRED_TO,2026-08-08T05:07:00,15935.3,0.933
A028,A002,TRANSFERRED_TO,2026-08-09T16:08:00,24079.77,0.91
A035,A021,TRANSFERRED_TO,2026-08-10T03:09:00,9806.81,0.813
A042,A040,TRANSFERRED_TO,2026-08-11T14:10:00,6949.77,0.963
A049,A009,TRANSFERRED_TO,2026-08-12T01:11:00,20161.27,0.816
A006,A028,TRANSFERRED_TO,2026-08-13T12:12:00,26196.92,0.885
A013,A047,TRANSFERRED_TO,2026-08-14T23:13:00,5234.82,0.802
A020,A016,TRANSFERRED_TO,2026-08-15T10:14:00,2515.41,0.914
A027,A035,TRANSFERRED_TO,2026-08-16T21:15:00,22966.98,0.878
A034,A004,TRANSFERRED_TO,2026-08-17T08:16:00,27054.65,0.883
A041,A023,TRANSFERRED_TO,2026-08-18T19:17:00,22667.36,0.852
A048,A042,TRANSFERRED_TO,2026-08-19T06:18:00,38109.01,0.85
A005,A011,TRANSFERRED_TO,2026-08-20T17:19:00,32559.81,0.921
A012,A030,TRANSFERRED_TO,2026-08-21T04:20:00,38093.86,0.847
A019,A049,TRANSFERRED_TO,2026-08-22T15:21:00,6215.75,0.822
A026,A018,TRANSFERRED_TO,2026-08-23T02:22:00,17773.02,0.959
A033,A037,TRANSFERRED_TO,2026-08-24T13:23:00,7516.3,0.926
A040,A006,TRANSFERRED_TO,2026-08-25T00:24:00,8756.43,0.985
A047,A025,TRANSFERRED_TO,2026-08-26T11:25:00,4032.11,0.814
A004,A044,TRANSFERRED_TO,2026-08-27T22:26:00,9084.98,0.95
A011,A013,TRANSFERRED_TO,2026-08-28T09:27:00,10379.41,0.822
A018,A032,TRANSFERRED_TO,2026-08-29T20:28:00,23687.19,0.965
A025,A001,TRANSFERRED_TO,2026-08-30T07:29:00,11121.87,0.975
A032,A020,TRANSFERRED_TO,2026-08-01T18:30:00,34112.81,0.981
A039,A041,TRANSFERRED_TO,2026-08-02T05:31:00,164589.68,0.913
A046,A008,TRANSFERRED_TO,2026-08-03T16:32:00,34083.16,0.937
A003,A027,TRANSFERRED_TO,2026-08-04T03:33:00,36839.07,0.907
A010,A046,TRANSFERRED_TO,2026-08-05T14:34:00,7334.39,0.944
A017,A015,TRANSFERRED_TO,2026-08-06T01:35:00,31037.55,0.982
A024,A034,TRANSFERRED_TO,2026-08-07T12:36:00,31240.14,0.828
A031,A003,TRANSFERRED_TO,2026-08-08T23:37:00,38288.52,0.913
A038,A022,TRANSFERRED_TO,2026-08-09T10:38:00,22165.31,0.963
A045,A041,TRANSFERRED_TO,2026-08-10T21:39:00,42494.79,0.881
A002,A010,TRANSFERRED_TO,2026-08-11T08:40:00,33280.17,0.818
A009,A029,TRANSFERRED_TO,2026-08-12T19:41:00,18180.26,0.96
A016,A048,TRANSFERRED_TO,2026-08-13T06:42:00,17847.95,0.959
A023,A017,TRANSFERRED_TO,2026-08-14T17:43:00,10934.54,0.99
A030,A036,TRANSFERRED_TO,2026-08-15T04:44:00,43563.07,0.857
A037,A005,TRANSFERRED_TO,2026-08-16T15:45:00,22961.53,0.865
A044,A024,TRANSFERRED_TO,2026-08-17T02:46:00,25422.68,0.971
A001,A043,TRANSFERRED_TO,2026-08-18T13:47:00,38189.37,0.977
A008,A012,TRANSFERRED_TO,2026-08-19T00:48:00,32073.57,0.932
A015,A031,TRANSFERRED_TO,2026-08-20T11:49:00,42264.5,0.911
A022,A050,TRANSFERRED_TO,2026-08-21T22:50:00,38923.22,0.942
A029,A019,TRANSFERRED_TO,2026-08-22T09:51:00,44006.55,0.937
A036,A038,TRANSFERRED_TO,2026-08-23T20:52:00,7677.1,0.971
A043,A007,TRANSFERRED_TO,2026-08-24T07:53:00,23072.23,0.978
A050,A026,TRANSFERRED_TO,2026-08-25T18:54:00,7232.57,0.971
A007,A045,TRANSFERRED_TO,2026-08-26T05:55:00,26857.39,0.809
A014,A016,TRANSFERRED_TO,2026-08-27T16:56:00,11725.98,0.874
A021,A033,TRANSFERRED_TO,2026-08-28T03:57:00,7370.76,0.832
A028,A002,TRANSFERRED_TO,2026-08-29T14:58:00,27046.43,0.857
A035,A021,TRANSFERRED_TO,2026-08-30T01:59:00,17421.25,0.848
A042,A040,TRANSFERRED_TO,2026-08-01T12:00:00,392502.38,0.97
A049,A009,TRANSFERRED_TO,2026-08-02T23:01:00,42034.98,0.896
A006,A028,TRANSFERRED_TO,2026-08-03T10:02:00,27031.63,0.883
A013,A047,TRANSFERRED_TO,2026-08-04T21:03:00,3826.17,0.938
A020,A016,TRANSFERRED_TO,2026-08-05T08:04:00,35300.7,0.95
A027,A035,TRANSFERRED_TO,2026-08-06T19:05:00,15820.15,0.983
A034,A004,TRANSFERRED_TO,2026-08-07T06:06:00,30007.67,0.852
A041,A023,TRANSFERRED_TO,2026-08-08T17:07:00,7234.68,0.877
A048,A042,TRANSFERRED_TO,2026-08-09T04:08:00,15579.66,0.848
A005,A011,TRANSFERRED_TO,2026-08-10T15:09:00,6845.95,0.86
A012,A030,TRANSFERRED_TO,2026-08-11T02:10:00,31926.06,0.926
A019,A049,TRANSFERRED_TO,2026-08-12T13:11:00,4577.81,0.896
A026,A018,TRANSFERRED_TO,2026-08-13T00:12:00,18593.73,0.814
A033,A037,TRANSFERRED_TO,2026-08-14T11:13:00,43743.54,0.956
A040,A006,TRANSFERRED_TO,2026-08-15T22:14:00,7559.53,0.801
A047,A025,TRANSFERRED_TO,2026-08-16T09:15:00,39505.17,0.869
A004,A044,TRANSFERRED_TO,2026-08-17T20:16:00,23370.9,0.813
A011,A013,TRANSFERRED_TO,2026-08-18T07:17:00,32871.99,0.913
A018,A032,TRANSFERRED_TO,2026-08-19T18:18:00,5929.32,0.986
A025,A001,TRANSFERRED_TO,2026-08-20T05:19:00,41295.85,0.869
A032,A020,TRANSFERRED_TO,2026-08-21T16:20:00,3821.17,0.915
A039,A041,TRANSFERRED_TO,2026-08-22T03:21:00,18379.65,0.943
A046,A008,TRANSFERRED_TO,2026-08-23T14:22:00,43551.57,0.951
A003,A027,TRANSFERRED_TO,2026-08-24T01:23:00,31946.65,0.803
A010,A046,TRANSFERRED_TO,2026-08-25T12:24:00,21518.18,0.871
A017,A015,TRANSFERRED_TO,2026-08-26T23:25:00,20100.28,0.936
A024,A034,TRANSFERRED_TO,2026-08-27T10:26:00,12271.53,0.854
A031,A003,TRANSFERRED_TO,2026-08-28T21:27:00,19621.39,0.858
A038,A022,TRANSFERRED_TO,2026-08-29T08:28:00,11136.75,0.856
A045,A041,TRANSFERRED_TO,2026-08-30T19:29:00,442940.69,0.919
A002,A010,TRANSFERRED_TO,2026-08-01T06:30:00,43577.9,0.872
A009,A029,TRANSFERRED_TO,2026-08-02T17:31:00,43387.05,0.911
A016,A048,TRANSFERRED_TO,2026-08-03T04:32:00,3392.64,0.854
A023,A017,TRANSFERRED_TO,2026-08-04T15:33:00,22165.95,0.83
A030,A036,TRANSFERRED_TO,2026-08-05T02:34:00,17612.75,0.979
A037,A005,TRANSFERRED_TO,2026-08-06T13:35:00,27811.67,0.833
A044,A024,TRANSFERRED_TO,2026-08-07T00:36:00,29409.3,0.813
A001,A043,TRANSFERRED_TO,2026-08-08T11:37:00,27987.7,0.983
A008,A012,TRANSFERRED_TO,2026-08-09T22:38:00,23329.71,0.899
A015,A031,TRANSFERRED_TO,2026-08-10T09:39:00,31952.0,0.988
A022,A050,TRANSFERRED_TO,2026-08-11T20:40:00,9495.67,0.93
A029,A019,TRANSFERRED_TO,2026-08-12T07:41:00,41637.23,0.857
A036,A038,TRANSFERRED_TO,2026-08-13T18:42:00,14414.38,0.89
A043,A007,TRANSFERRED_TO,2026-08-14T05:43:00,20129.25,0.864
A050,A026,TRANSFERRED_TO,2026-08-15T16:44:00,22380.23,0.864
A007,A045,TRANSFERRED_TO,2026-08-16T03:45:00,20122.72,0.915
A014,A016,TRANSFERRED_TO,2026-08-17T14:46:00,43698.82,0.906
A021,A033,TRANSFERRED_TO,2026-08-18T01:47:00,32654.94,0.801
A028,A002,TRANSFERRED_TO,2026-08-19T12:48:00,25737.73,0.888
A035,A021,TRANSFERRED_TO,2026-08-20T23:49:00,31990.43,0.941
A042,A040,TRANSFERRED_TO,2026-08-21T10:50:00,7480.36,0.947
A049,A009,TRANSFERRED_TO,2026-08-22T21:51:00,30546.17,0.815
A006,A028,TRANSFERRED_TO,2026-08-23T08:52:00,8644.3,0.821
A013,A047,TRANSFERRED_TO,2026-08-24T19:53:00,35104.87,0.984
A020,A016,TRANSFERRED_TO,2026-08-25T06:54:00,8463.06,0.851
A027,A035,TRANSFERRED_TO,2026-08-26T17:55:00,42046.87,0.875
A034,A004,TRANSFERRED_TO,2026-08-27T04:56:00,22596.58,0.956
A041,A023,TRANSFERRED_TO,2026-08-28T15:57:00,19533.46,0.919
A048,A042,TRANSFERRED_TO,2026-08-29T02:58:00,362967.38,0.907
A005,A011,TRANSFERRED_TO,2026-08-30T13:59:00,32785.54,0.894
A012,A030,TRANSFERRED_TO,2026-08-01T00:00:00,35935.6,0.965
A019,A049,TRANSFERRED_TO,2026-08-02T11:01:00,35097.93,0.958
A026,A018,TRANSFERRED_TO,2026-08-03T22:02:00,15313.78,0.91
A033,A037,TRANSFERRED_TO,2026-08-04T09:03:00,9222.31,0.866
A040,A006,TRANSFERRED_TO,2026-08-05T20:04:00,5751.94,0.966
A047,A025,TRANSFERRED_TO,2026-08-06T07:05:00,25304.43,0.915
A004,A044,TRANSFERRED_TO,2026-08-07T18:06:00,30940.79,0.895
A011,A013,TRANSFERRED_TO,2026-08-08T05:07:00,20576.46,0.981
A018,A032,TRANSFERRED_TO,2026-08-09T16:08:00,24699.69,0.83
A025,A001,TRANSFERRED_TO,2026-08-10T03:09:00,20152.01,0.965
A032,A020,TRANSFERRED_TO,2026-08-11T14:10:00,32805.33,0.806
A039,A041,TRANSFERRED_TO,2026-08-12T01:11:00,17279.78,0.877
A046,A008,TRANSFERRED_TO,2026-08-13T12:12:00,10261.6,0.845
A003,A027,TRANSFERRED_TO,2026-08-14T23:13:00,7083.26,0.838
A010,A046,TRANSFERRED_TO,2026-08-15T10:14:00,38953.4,0.884
A017,A015,TRANSFERRED_TO,2026-08-16T21:15:00,30369.01,0.816
A024,A034,TRANSFERRED_TO,2026-08-17T08:16:00,33538.56,0.84
A031,A003,TRANSFERRED_TO,2026-08-18T19:17:00,34454.62,0.953
A038,A022,TRANSFERRED_TO,2026-08-19T06:18:00,37496.47,0.865
A045,A041,TRANSFERRED_TO,2026-08-20T17:19:00,33896.29,0.823
A002,A010,TRANSFERRED_TO,2026-08-21T04:20:00,13202.66,0.85
A009,A029,TRANSFERRED_TO,2026-08-22T15:21:00,6674.27,0.924
A016,A048,TRANSFERRED_TO,2026-08-23T02:22:00,11605.8,0.983
A023,A017,TRANSFERRED_TO,2026-08-24T13:23:00,23055.7,0.876
A030,A036,TRANSFERRED_TO,2026-08-25T00:24:00,37075.46,0.904
A037,A005,TRANSFERRED_TO,2026-08-26T11:25:00,16069.96,0.883
A044,A024,TRANSFERRED_TO,2026-08-27T22:26:00,39963.91,0.842
A001,A043,TRANSFERRED_TO,2026-08-28T09:27:00,365207.59,0.902
A008,A012,TRANSFERRED_TO,2026-08-29T20:28:00,41950.52,0.918
A015,A031,TRANSFERRED_TO,2026-08-30T07:29:00,34281.58,0.863
A022,A050,TRANSFERRED_TO,2026-08-01T18:30:00,13497.14,0.85
A029,A019,TRANSFERRED_TO,2026-08-02T05:31:00,26304.84,0.972
A036,A038,TRANSFERRED_TO,2026-08-03T16:32:00,32594.18,0.87
A043,A007,TRANSFERRED_TO,2026-08-04T03:33:00,17757.27,0.945
A050,A026,TRANSFERRED_TO,2026-08-05T14:34:00,25784.98,0.905
A007,A045,TRANSFERRED_TO,2026-08-06T01:35:00,8695.66,0.986
A014,A016,TRANSFERRED_TO,2026-08-07T12:36:00,34061.8,0.828
A021,A033,TRANSFERRED_TO,2026-08-08T23:37:00,15864.0,0.819
A028,A002,TRANSFERRED_TO,2026-08-09T10:38:00,15839.84,0.883
A035,A021,TRANSFERRED_TO,2026-08-10T21:39:00,17448.58,0.805
A042,A040,TRANSFERRED_TO,2026-08-11T08:40:00,21812.11,0.931
A049,A009,TRANSFERRED_TO,2026-08-12T19:41:00,44574.28,0.897
A006,A028,TRANSFERRED_TO,2026-08-13T06:42:00,27139.65,0.961
A013,A047,TRANSFERRED_TO,2026-08-14T17:43:00,8290.3,0.963
A020,A016,TRANSFERRED_TO,2026-08-15T04:44:00,19072.75,0.888
A027,A035,TRANSFERRED_TO,2026-08-16T15:45:00,44556.09,0.908
A034,A004,TRANSFERRED_TO,2026-08-17T02:46:00,28790.24,0.899
A041,A023,TRANSFERRED_TO,2026-08-18T13:47:00,11128.2,0.93
A048,A042,TRANSFERRED_TO,2026-08-19T00:48:00,34454.97,0.939
A005,A011,TRANSFERRED_TO,2026-08-20T11:49:00,15280.85,0.901
A012,A030,TRANSFERRED_TO,2026-08-21T22:50:00,43190.74,0.844
A019,A049,TRANSFERRED_TO,2026-08-22T09:51:00,8324.01,0.813
A026,A018,TRANSFERRED_TO,2026-08-23T20:52:00,10107.84,0.961
A033,A037,TRANSFERRED_TO,2026-08-24T07:53:00,40253.75,0.804
A040,A006,TRANSFERRED_TO,2026-08-25T18:54:00,11306.02,0.817
A047,A025,TRANSFERRED_TO,2026-08-26T05:55:00,5048.11,0.988
A004,A044,TRANSFERRED_TO,2026-08-27T16:56:00,162912.98,0.904
A011,A013,TRANSFERRED_TO,2026-08-28T03:57:00,36830.67,0.942
A018,A032,TRANSFERRED_TO,2026-08-29T14:58:00,14149.09,0.82
A025,A001,TRANSFERRED_TO,2026-08-30T01:59:00,28278.8,0.911
A032,A020,TRANSFERRED_TO,2026-08-01T12:00:00,10382.58,0.812
A039,A041,TRANSFERRED_TO,2026-08-02T23:01:00,4122.1,0.822
A046,A008,TRANSFERRED_TO,2026-08-03T10:02:00,44033.57,0.94
A003,A027,TRANSFERRED_TO,2026-08-04T21:03:00,11057.42,0.807
A010,A046,TRANSFERRED_TO,2026-08-05T08:04:00,34490.75,0.806
A017,A015,TRANSFERRED_TO,2026-08-06T19:05:00,44867.28,0.833
A024,A034,TRANSFERRED_TO,2026-08-07T06:06:00,22104.16,0.839
A031,A003,TRANSFERRED_TO,2026-08-08T17:07:00,9509.55,0.824
A038,A022,TRANSFERRED_TO,2026-08-09T04:08:00,4686.55,0.97
A045,A041,TRANSFERRED_TO,2026-08-10T15:09:00,24614.57,0.872
A002,A010,TRANSFERRED_TO,2026-08-11T02:10:00,39079.05,0.93
A009,A029,TRANSFERRED_TO,2026-08-12T13:11:00,18180.29,0.835
A016,A048,TRANSFERRED_TO,2026-08-13T00:12:00,24177.36,0.873
A023,A017,TRANSFERRED_TO,2026-08-14T11:13:00,10227.82,0.877
A030,A036,TRANSFERRED_TO,2026-08-15T22:14:00,39388.37,0.839
A037,A005,TRANSFERRED_TO,2026-08-16T09:15:00,35665.91,0.809
A044,A024,TRANSFERRED_TO,2026-08-17T20:16:00,34082.04,0.877
A001,A043,TRANSFERRED_TO,2026-08-18T07:17:00,15722.38,0.976
A008,A012,TRANSFERRED_TO,2026-08-19T18:18:00,19137.29,0.979
A015,A031,TRANSFERRED_TO,2026-08-20T05:19:00,42624.15,0.954
A022,A050,TRANSFERRED_TO,2026-08-21T16:20:00,4922.16,0.908
A029,A019,TRANSFERRED_TO,2026-08-22T03:21:00,25007.24,0.801
A036,A038,TRANSFERRED_TO,2026-08-23T14:22:00,3903.02,0.949
A043,A007,TRANSFERRED_TO,2026-08-24T01:23:00,26723.91,0.861
A050,A026,TRANSFERRED_TO,2026-08-25T12:24:00,20032.56,0.935
A007,A045,TRANSFERRED_TO,2026-08-26T23:25:00,336479.04,0.932
A014,A016,TRANSFERRED_TO,2026-08-27T10:26:00,24546.19,0.93
A021,A033,TRANSFERRED_TO,2026-08-28T21:27:00,22146.92,0.815
A028,A002,TRANSFERRED_TO,2026-08-29T08:28:00,13120.33,0.953
A035,A021,TRANSFERRED_TO,2026-08-30T19:29:00,8249.37,0.958
A042,A040,TRANSFERRED_TO,2026-08-01T06:30:00,34361.49,0.884
A049,A009,TRANSFERRED_TO,2026-08-02T17:31:00,43292.35,0.916
A006,A028,TRANSFERRED_TO,2026-08-03T04:32:00,20371.88,0.867
A013,A047,TRANSFERRED_TO,2026-08-04T15:33:00,38587.0,0.9
A020,A016,TRANSFERRED_TO,2026-08-05T02:34:00,4913.13,0.931
A027,A035,TRANSFERRED_TO,2026-08-06T13:35:00,10485.84,0.926
A034,A004,TRANSFERRED_TO,2026-08-07T00:36:00,31117.9,0.876
A041,A023,TRANSFERRED_TO,2026-08-08T11:37:00,24802.37,0.893
A048,A042,TRANSFERRED_TO,2026-08-09T22:38:00,43621.52,0.902
A005,A011,TRANSFERRED_TO,2026-08-10T09:39:00,21216.61,0.855
A012,A030,TRANSFERRED_TO,2026-08-11T20:40:00,29495.21,0.802
A019,A049,TRANSFERRED_TO,2026-08-12T07:41:00,29017.12,0.972
A026,A018,TRANSFERRED_TO,2026-08-13T18:42:00,36686.91,0.819
A033,A037,TRANSFERRED_TO,2026-08-14T05:43:00,12139.14,0.911
A040,A006,TRANSFERRED_TO,2026-08-15T16:44:00,6932.74,0.939
A047,A025,TRANSFERRED_TO,2026-08-16T03:45:00,42463.86,0.968
A004,A044,TRANSFERRED_TO,2026-08-17T14:46:00,29636.27,0.886
A011,A013,TRANSFERRED_TO,2026-08-18T01:47:00,8619.2,0.971
A018,A032,TRANSFERRED_TO,2026-08-19T12:48:00,34311.33,0.846
A025,A001,TRANSFERRED_TO,2026-08-20T23:49:00,35071.37,0.988
A032,A020,TRANSFERRED_TO,2026-08-21T10:50:00,32850.77,0.852
A039,A041,TRANSFERRED_TO,2026-08-22T21:51:00,11067.17,0.864
A046,A008,TRANSFERRED_TO,2026-08-23T08:52:00,8258.15,0.874
A003,A027,TRANSFERRED_TO,2026-08-24T19:53:00,12954.26,0.85
A010,A046,TRANSFERRED_TO,2026-08-25T06:54:00,418203.81,0.983
A017,A015,TRANSFERRED_TO,2026-08-26T17:55:00,35347.53,0.822
A024,A034,TRANSFERRED_TO,2026-08-27T04:56:00,39979.96,0.822
A031,A003,TRANSFERRED_TO,2026-08-28T15:57:00,43058.55,0.913
A038,A022,TRANSFERRED_TO,2026-08-29T02:58:00,13254.17,0.966
A045,A041,TRANSFERRED_TO,2026-08-30T13:59:00,31307.45,0.822
A002,A010,TRANSFERRED_TO,2026-08-01T00:00:00,12854.85,0.858
A009,A029,TRANSFERRED_TO,2026-08-02T11:01:00,18485.87,0.973
A016,A048,TRANSFERRED_TO,2026-08-03T22:02:00,3487.65,0.823
A023,A017,TRANSFERRED_TO,2026-08-04T09:03:00,19670.62,0.937
A030,A036,TRANSFERRED_TO,2026-08-05T20:04:00,32166.71,0.857
A037,A005,TRANSFERRED_TO,2026-08-06T07:05:00,26261.11,0.817
A044,A024,TRANSFERRED_TO,2026-08-07T18:06:00,12315.07,0.814
A001,A043,TRANSFERRED_TO,2026-08-08T05:07:00,30814.2,0.845
A008,A012,TRANSFERRED_TO,2026-08-09T16:08:00,38422.03,0.857
A015,A031,TRANSFERRED_TO,2026-08-10T03:09:00,17938.47,0.889
A022,A050,TRANSFERRED_TO,2026-08-11T14:10:00,39637.47,0.827
A029,A019,TRANSFERRED_TO,2026-08-12T01:11:00,6760.68,0.829
A036,A038,TRANSFERRED_TO,2026-08-13T12:12:00,38083.24,0.855
A043,A007,TRANSFERRED_TO,2026-08-14T23:13:00,33371.37,0.819
A050,A026,TRANSFERRED_TO,2026-08-15T10:14:00,33131.89,0.875
A007,A045,TRANSFERRED_TO,2026-08-16T21:15:00,32225.44,0.879
A014,A016,TRANSFERRED_TO,2026-08-17T08:16:00,3521.69,0.814
A021,A033,TRANSFERRED_TO,2026-08-18T19:17:00,6367.15,0.837
A028,A002,TRANSFERRED_TO,2026-08-19T06:18:00,35890.6,0.961
A035,A021,TRANSFERRED_TO,2026-08-20T17:19:00,23653.76,0.917
A042,A040,TRANSFERRED_TO,2026-08-21T04:20:00,28563.46,0.904
A049,A009,TRANSFERRED_TO,2026-08-22T15:21:00,27428.12,0.962
A006,A028,TRANSFERRED_TO,2026-08-23T02:22:00,40572.94,0.869
A013,A047,TRANSFERRED_TO,2026-08-24T13:23:00,201795.1,0.845
A020,A016,TRANSFERRED_TO,2026-08-25T00:24:00,19166.29,0.983
A027,A035,TRANSFERRED_TO,2026-08-26T11:25:00,39733.67,0.829
A034,A004,TRANSFERRED_TO,2026-08-27T22:26:00,16954.62,0.986
A041,A023,TRANSFERRED_TO,2026-08-28T09:27:00,28761.73,0.921
A048,A042,TRANSFERRED_TO,2026-08-29T20:28:00,27636.6,0.855
A005,A011,TRANSFERRED_TO,2026-08-30T07:29:00,38839.78,0.813
A012,A030,TRANSFERRED_TO,2026-08-01T18:30:00,36389.71,0.937
A019,A049,TRANSFERRED_TO,2026-08-02T05:31:00,9676.75,0.934
A026,A018,TRANSFERRED_TO,2026-08-03T16:32:00,4894.54,0.843
A033,A037,TRANSFERRED_TO,2026-08-04T03:33:00,33451.17,0.862
A040,A006,TRANSFERRED_TO,2026-08-05T14:34:00,5166.96,0.8
A047,A025,TRANSFERRED_TO,2026-08-06T01:35:00,30905.19,0.881
A004,A044,TRANSFERRED_TO,2026-08-07T12:36:00,35566.76,0.951
A011,A013,TRANSFERRED_TO,2026-08-08T23:37:00,13290.83,0.973
A018,A032,TRANSFERRED_TO,2026-08-09T10:38:00,23333.04,0.892
A025,A001,TRANSFERRED_TO,2026-08-10T21:39:00,6575.47,0.957
A032,A020,TRANSFERRED_TO,2026-08-11T08:40:00,7810.28,0.877
A039,A041,TRANSFERRED_TO,2026-08-12T19:41:00,18495.76,0.959
A046,A008,TRANSFERRED_TO,2026-08-13T06:42:00,34319.13,0.901
A003,A027,TRANSFERRED_TO,2026-08-14T17:43:00,10949.55,0.884
A010,A046,TRANSFERRED_TO,2026-08-15T04:44:00,23643.82,0.959
A017,A015,TRANSFERRED_TO,2026-08-16T15:45:00,32077.12,0.929
A024,A034,TRANSFERRED_TO,2026-08-17T02:46:00,37389.04,0.862
A031,A003,TRANSFERRED_TO,2026-08-18T13:47:00,34517.59,0.817
A038,A022,TRANSFERRED_TO,2026-08-19T00:48:00,41839.29,0.94
A045,A041,TRANSFERRED_TO,2026-08-20T11:49:00,44318.98,0.864
A002,A010,TRANSFERRED_TO,2026-08-21T22:50:00,9055.62,0.829
A009,A029,TRANSFERRED_TO,2026-08-22T09:51:00,28694.22,0.882
A016,A048,TRANSFERRED_TO,2026-08-23T20:52:00,186925.77,0.949
A023,A017,TRANSFERRED_TO,2026-08-24T07:53:00,16301.08,0.971
A030,A036,TRANSFERRED_TO,2026-08-25T18:54:00,28581.44,0.905
A037,A005,TRANSFERRED_TO,2026-08-26T05:55:00,28989.16,0.873
A044,A024,TRANSFERRED_TO,2026-08-27T16:56:00,31368.98,0.951
A001,A043,TRANSFERRED_TO,2026-08-28T03:57:00,17317.61,0.851
A008,A012,TRANSFERRED_TO,2026-08-29T14:58:00,16624.07,0.978
A015,A031,TRANSFERRED_TO,2026-08-30T01:59:00,19456.19,0.914
A022,A050,TRANSFERRED_TO,2026-08-01T12:00:00,5224.08,0.813
A029,A019,TRANSFERRED_TO,2026-08-02T23:01:00,31547.22,0.861
A036,A038,TRANSFERRED_TO,2026-08-03T10:02:00,26292.17,0.856
A043,A007,TRANSFERRED_TO,2026-08-04T21:03:00,26780.25,0.853
A050,A026,TRANSFERRED_TO,2026-08-05T08:04:00,2710.86,0.854
A007,A045,TRANSFERRED_TO,2026-08-06T19:05:00,19596.39,0.926
A014,A016,TRANSFERRED_TO,2026-08-07T06:06:00,5886.38,0.879
A021,A033,TRANSFERRED_TO,2026-08-08T17:07:00,35858.35,0.812
A028,A002,TRANSFERRED_TO,2026-08-09T04:08:00,26200.75,0.809
A035,A021,TRANSFERRED_TO,2026-08-10T15:09:00,36194.91,0.806
A042,A040,TRANSFERRED_TO,2026-08-11T02:10:00,22851.77,0.981
A049,A009,TRANSFERRED_TO,2026-08-12T13:11:00,30300.73,0.816
A006,A028,TRANSFERRED_TO,2026-08-13T00:12:00,21153.23,0.863
A013,A047,TRANSFERRED_TO,2026-08-14T11:13:00,41354.99,0.93
A020,A016,TRANSFERRED_TO,2026-08-15T22:14:00,28513.76,0.95
A027,A035,TRANSFERRED_TO,2026-08-16T09:15:00,12775.33,0.959
A034,A004,TRANSFERRED_TO,2026-08-17T20:16:00,4624.98,0.907
A041,A023,TRANSFERRED_TO,2026-08-18T07:17:00,28701.33,0.812
A048,A042,TRANSFERRED_TO,2026-08-19T18:18:00,44999.64,0.98
A005,A011,TRANSFERRED_TO,2026-08-20T05:19:00,23702.93,0.909
A012,A030,TRANSFERRED_TO,2026-08-21T16:20:00,33226.04,0.804
A019,A049,TRANSFERRED_TO,2026-08-22T03:21:00,183315.14,0.987
A026,A018,TRANSFERRED_TO,2026-08-23T14:22:00,2871.2,0.847
A033,A037,TRANSFERRED_TO,2026-08-24T01:23:00,16653.86,0.846
A040,A006,TRANSFERRED_TO,2026-08-25T12:24:00,29065.06,0.853
A047,A025,TRANSFERRED_TO,2026-08-26T23:25:00,30451.66,0.891
A004,A044,TRANSFERRED_TO,2026-08-27T10:26:00,12498.93,0.819
A011,A013,TRANSFERRED_TO,2026-08-28T21:27:00,10771.56,0.828
A018,A032,TRANSFERRED_TO,2026-08-29T08:28:00,31994.47,0.951
A025,A001,TRANSFERRED_TO,2026-08-30T19:29:00,13957.22,0.918
A032,A020,TRANSFERRED_TO,2026-08-01T06:30:00,21263.72,0.907
A039,A041,TRANSFERRED_TO,2026-08-02T17:31:00,27751.45,0.847
A046,A008,TRANSFERRED_TO,2026-08-03T04:32:00,30306.82,0.811
A003,A027,TRANSFERRED_TO,2026-08-04T15:33:00,33448.13,0.867
A010,A046,TRANSFERRED_TO,2026-08-05T02:34:00,23257.68,0.965
A017,A015,TRANSFERRED_TO,2026-08-06T13:35:00,29982.72,0.827
A024,A034,TRANSFERRED_TO,2026-08-07T00:36:00,16222.72,0.806
A031,A003,TRANSFERRED_TO,2026-08-08T11:37:00,31803.92,0.96
A038,A022,TRANSFERRED_TO,2026-08-09T22:38:00,28346.99,0.873
A045,A041,TRANSFERRED_TO,2026-08-10T09:39:00,12115.08,0.953
A002,A010,TRANSFERRED_TO,2026-08-11T20:40:00,38185.83,0.949
A009,A029,TRANSFERRED_TO,2026-08-12T07:41:00,19184.84,0.865
A016,A048,TRANSFERRED_TO,2026-08-13T18:42:00,11481.72,0.983
A023,A017,TRANSFERRED_TO,2026-08-14T05:43:00,40916.9,0.889
A030,A036,TRANSFERRED_TO,2026-08-15T16:44:00,41923.68,0.874
A037,A005,TRANSFERRED_TO,2026-08-16T03:45:00,34208.26,0.818
A044,A024,TRANSFERRED_TO,2026-08-17T14:46:00,32839.92,0.847
A001,A043,TRANSFERRED_TO,2026-08-18T01:47:00,28671.33,0.811
A008,A012,TRANSFERRED_TO,2026-08-19T12:48:00,38117.54,0.883
A015,A031,TRANSFERRED_TO,2026-08-20T23:49:00,44409.47,0.85
A022,A050,TRANSFERRED_TO,2026-08-21T10:50:00,385608.73,0.801
A029,A019,TRANSFERRED_TO,2026-08-22T21:51:00,15971.77,0.839
A036,A038,TRANSFERRED_TO,2026-08-23T08:52:00,10241.12,0.937
A043,A007,TRANSFERRED_TO,2026-08-24T19:53:00,12545.07,0.897
A050,A026,TRANSFERRED_TO,2026-08-25T06:54:00,7223.43,0.913
A007,A045,TRANSFERRED_TO,2026-08-26T17:55:00,35510.36,0.821
A014,A016,TRANSFERRED_TO,2026-08-27T04:56:00,13506.42,0.858
A021,A033,TRANSFERRED_TO,2026-08-28T15:57:00,2955.75,0.912
A028,A002,TRANSFERRED_TO,2026-08-29T02:58:00,4455.09,0.939
A035,A021,TRANSFERRED_TO,2026-08-30T13:59:00,22698.75,0.927
A042,A040,TRANSFERRED_TO,2026-08-01T00:00:00,37454.09,0.967
A049,A009,TRANSFERRED_TO,2026-08-02T11:01:00,29971.34,0.83
A006,A028,TRANSFERRED_TO,2026-08-03T22:02:00,24732.06,0.884
A013,A047,TRANSFERRED_TO,2026-08-04T09:03:00,15040.81,0.811
A020,A016,TRANSFERRED_TO,2026-08-05T20:04:00,36130.25,0.841
A027,A035,TRANSFERRED_TO,2026-08-06T07:05:00,6864.82,0.861
A034,A004,TRANSFERRED_TO,2026-08-07T18:06:00,9064.82,0.876
A041,A023,TRANSFERRED_TO,2026-08-08T05:07:00,24922.41,0.958
A048,A042,TRANSFERRED_TO,2026-08-09T16:08:00,24393.99,0.839
A005,A011,TRANSFERRED_TO,2026-08-10T03:09:00,12397.0,0.867
A012,A030,TRANSFERRED_TO,2026-08-11T14:10:00,41367.5,0.99
A019,A049,TRANSFERRED_TO,2026-08-12T01:11:00,7566.49,0.872
A026,A018,TRANSFERRED_TO,2026-08-13T12:12:00,31291.26,0.867
A033,A037,TRANSFERRED_TO,2026-08-14T23:13:00,14643.81,0.815
A040,A006,TRANSFERRED_TO,2026-08-15T10:14:00,42580.56,0.937
A047,A025,TRANSFERRED_TO,2026-08-16T21:15:00,37601.19,0.924
A004,A044,TRANSFERRED_TO,2026-08-17T08:16:00,39678.1,0.833
A011,A013,TRANSFERRED_TO,2026-08-18T19:17:00,41916.51,0.924
A018,A032,TRANSFERRED_TO,2026-08-19T06:18:00,21193.65,0.886
A025,A001,TRANSFERRED_TO,2026-08-20T17:19:00,304408.71,0.909
A032,A020,TRANSFERRED_TO,2026-08-21T04:20:00,19387.22,0.952
A039,A041,TRANSFERRED_TO,2026-08-22T15:21:00,23766.39,0.969
A046,A008,TRANSFERRED_TO,2026-08-23T02:22:00,13042.8,0.914
A003,A027,TRANSFERRED_TO,2026-08-24T13:23:00,22319.44,0.909
A010,A046,TRANSFERRED_TO,2026-08-25T00:24:00,32463.82,0.877
A017,A015,TRANSFERRED_TO,2026-08-26T11:25:00,22322.17,0.874
A024,A034,TRANSFERRED_TO,2026-08-27T22:26:00,16518.59,0.984
A031,A003,TRANSFERRED_TO,2026-08-28T09:27:00,36985.89,0.868
A038,A022,TRANSFERRED_TO,2026-08-29T20:28:00,25600.57,0.831
A045,A041,TRANSFERRED_TO,2026-08-30T07:29:00,9884.7,0.917
A002,A010,TRANSFERRED_TO,2026-08-01T18:30:00,40193.73,0.957
A009,A029,TRANSFERRED_TO,2026-08-02T05:31:00,35262.31,0.977
A016,A048,TRANSFERRED_TO,2026-08-03T16:32:00,3633.91,0.968
A023,A017,TRANSFERRED_TO,2026-08-04T03:33:00,26078.62,0.906
A030,A036,TRANSFERRED_TO,2026-08-05T14:34:00,21712.78,0.984
A037,A005,TRANSFERRED_TO,2026-08-06T01:35:00,23039.21,0.899
A044,A024,TRANSFERRED_TO,2026-08-07T12:36:00,33532.43,0.88
A001,A043,TRANSFERRED_TO,2026-08-08T23:37:00,8866.05,0.971
A008,A012,TRANSFERRED_TO,2026-08-09T10:38:00,38479.83,0.84
A015,A031,TRANSFERRED_TO,2026-08-10T21:39:00,16727.43,0.964
A022,A050,TRANSFERRED_TO,2026-08-11T08:40:00,43009.99,0.831
A029,A019,TRANSFERRED_TO,2026-08-12T19:41:00,29683.46,0.88
A036,A038,TRANSFERRED_TO,2026-08-13T06:42:00,33490.59,0.979
A043,A007,TRANSFERRED_TO,2026-08-14T17:43:00,35461.4,0.932
A050,A026,TRANSFERRED_TO,2026-08-15T04:44:00,12571.47,0.939
A007,A045,TRANSFERRED_TO,2026-08-16T15:45:00,4363.18,0.876
A014,A016,TRANSFERRED_TO,2026-08-17T02:46:00,42208.73,0.853
A021,A033,TRANSFERRED_TO,2026-08-18T13:47:00,36591.51,0.858
A028,A002,TRANSFERRED_TO,2026-08-19T00:48:00,147261.22,0.83
A035,A021,TRANSFERRED_TO,2026-08-20T11:49:00,11576.43,0.887
A042,A040,TRANSFERRED_TO,2026-08-21T22:50:00,31088.8,0.819
A049,A009,TRANSFERRED_TO,2026-08-22T09:51:00,24425.88,0.952
A006,A028,TRANSFERRED_TO,2026-08-23T20:52:00,10432.43,0.921
A013,A047,TRANSFERRED_TO,2026-08-24T07:53:00,2573.78,0.916
A020,A016,TRANSFERRED_TO,2026-08-25T18:54:00,4050.06,0.96
A027,A035,TRANSFERRED_TO,2026-08-26T05:55:00,26653.09,0.961
A034,A004,TRANSFERRED_TO,2026-08-27T16:56:00,44929.83,0.939
A041,A023,TRANSFERRED_TO,2026-08-28T03:57:00,18299.06,0.877
A048,A042,TRANSFERRED_TO,2026-08-29T14:58:00,24112.6,0.912
A005,A011,TRANSFERRED_TO,2026-08-30T01:59:00,22279.81,0.912
A012,A030,TRANSFERRED_TO,2026-08-01T12:00:00,16791.01,0.863
A019,A049,TRANSFERRED_TO,2026-08-02T23:01:00,31385.56,0.968
A026,A018,TRANSFERRED_TO,2026-08-03T10:02:00,22722.62,0.846
A033,A037,TRANSFERRED_TO,2026-08-04T21:03:00,19694.03,0.951
A040,A006,TRANSFERRED_TO,2026-08-05T08:04:00,25961.65,0.884
A047,A025,TRANSFERRED_TO,2026-08-06T19:05:00,25420.71,0.966
A004,A044,TRANSFERRED_TO,2026-08-07T06:06:00,40866.8,0.955
A011,A013,TRANSFERRED_TO,2026-08-08T17:07:00,10139.75,0.977
A018,A032,TRANSFERRED_TO,2026-08-09T04:08:00,17348.95,0.852
A025,A001,TRANSFERRED_TO,2026-08-10T15:09:00,31020.15,0.957
A032,A020,TRANSFERRED_TO,2026-08-11T02:10:00,36027.44,0.867
A039,A041,TRANSFERRED_TO,2026-08-12T13:11:00,20942.47,0.955
A046,A008,TRANSFERRED_TO,2026-08-13T00:12:00,4743.71,0.831
A003,A027,TRANSFERRED_TO,2026-08-14T11:13:00,40428.71,0.939
A010,A046,TRANSFERRED_TO,2026-08-15T22:14:00,35949.86,0.942
A017,A015,TRANSFERRED_TO,2026-08-16T09:15:00,42585.72,0.812
A024,A034,TRANSFERRED_TO,2026-08-17T20:16:00,5179.78,0.851
A031,A003,TRANSFERRED_TO,2026-08-18T07:17:00,286810.88,0.88
A038,A022,TRANSFERRED_TO,2026-08-19T18:18:00,38186.27,0.848
A045,A041,TRANSFERRED_TO,2026-08-20T05:19:00,28567.3,0.966
A002,A010,TRANSFERRED_TO,2026-08-21T16:20:00,8514.89,0.931
A009,A029,TRANSFERRED_TO,2026-08-22T03:21:00,4618.0,0.975
A016,A048,TRANSFERRED_TO,2026-08-23T14:22:00,44316.92,0.879
A023,A017,TRANSFERRED_TO,2026-08-24T01:23:00,13888.63,0.879
A030,A036,TRANSFERRED_TO,2026-08-25T12:24:00,43514.29,0.804
A037,A005,TRANSFERRED_TO,2026-08-26T23:25:00,19903.0,0.977
A044,A024,TRANSFERRED_TO,2026-08-27T10:26:00,16978.89,0.986
A001,A043,TRANSFERRED_TO,2026-08-28T21:27:00,18495.1,0.842
A008,A012,TRANSFERRED_TO,2026-08-29T08:28:00,10776.42,0.909
A015,A031,TRANSFERRED_TO,2026-08-30T19:29:00,15714.86,0.982
A022,A050,TRANSFERRED_TO,2026-08-01T06:30:00,20544.53,0.837
A029,A019,TRANSFERRED_TO,2026-08-02T17:31:00,8170.34,0.929
A036,A038,TRANSFERRED_TO,2026-08-03T04:32:00,4030.33,0.867
A043,A007,TRANSFERRED_TO,2026-08-04T15:33:00,44676.59,0.945
A050,A026,TRANSFERRED_TO,2026-08-05T02:34:00,5495.94,0.973
A007,A045,TRANSFERRED_TO,2026-08-06T13:35:00,35950.49,0.822
A014,A016,TRANSFERRED_TO,2026-08-07T00:36:00,3099.33,0.921
A021,A033,TRANSFERRED_TO,2026-08-08T11:37:00,43328.57,0.966
A028,A002,TRANSFERRED_TO,2026-08-09T22:38:00,20292.77,0.832
A035,A021,TRANSFERRED_TO,2026-08-10T09:39:00,37914.05,0.812
A042,A040,TRANSFERRED_TO,2026-08-11T20:40:00,7891.71,0.879
A049,A009,TRANSFERRED_TO,2026-08-12T07:41:00,23559.73,0.897
A006,A028,TRANSFERRED_TO,2026-08-13T18:42:00,13470.45,0.849
A013,A047,TRANSFERRED_TO,2026-08-14T05:43:00,31774.19,0.848
A020,A016,TRANSFERRED_TO,2026-08-15T16:44:00,33490.88,0.858
A027,A035,TRANSFERRED_TO,2026-08-16T03:45:00,23002.26,0.839
A034,A004,TRANSFERRED_TO,2026-08-17T14:46:00,313746.65,0.856
A041,A023,TRANSFERRED_TO,2026-08-18T01:47:00,18480.27,0.886
A048,A042,TRANSFERRED_TO,2026-08-19T12:48:00,25450.07,0.841
A005,A011,TRANSFERRED_TO,2026-08-20T23:49:00,7396.43,0.915
A012,A030,TRANSFERRED_TO,2026-08-21T10:50:00,24674.11,0.851
A019,A049,TRANSFERRED_TO,2026-08-22T21:51:00,38699.28,0.96
A026,A018,TRANSFERRED_TO,2026-08-23T08:52:00,20409.16,0.874
A033,A037,TRANSFERRED_TO,2026-08-24T19:53:00,10348.41,0.959
A040,A006,TRANSFERRED_TO,2026-08-25T06:54:00,21558.12,0.828
A047,A025,TRANSFERRED_TO,2026-08-26T17:55:00,38954.43,0.955
A004,A044,TRANSFERRED_TO,2026-08-27T04:56:00,26507.46,0.905
A011,A013,TRANSFERRED_TO,2026-08-28T15:57:00,18754.57,0.936
A018,A032,TRANSFERRED_TO,2026-08-29T02:58:00,39567.65,0.813
A025,A001,TRANSFERRED_TO,2026-08-30T13:59:00,30445.86,0.951
A032,A020,TRANSFERRED_TO,2026-08-01T00:00:00,15333.12,0.905
A039,A041,TRANSFERRED_TO,2026-08-02T11:01:00,42000.81,0.948
A046,A008,TRANSFERRED_TO,2026-08-03T22:02:00,35848.43,0.842
A003,A027,TRANSFERRED_TO,2026-08-04T09:03:00,19401.0,0.858
A010,A046,TRANSFERRED_TO,2026-08-05T20:04:00,40313.32,0.98
A017,A015,TRANSFERRED_TO,2026-08-06T07:05:00,17082.53,0.822
A024,A034,TRANSFERRED_TO,2026-08-07T18:06:00,6552.64,0.847
A031,A003,TRANSFERRED_TO,2026-08-08T05:07:00,42351.77,0.906
A038,A022,TRANSFERRED_TO,2026-08-09T16:08:00,35928.48,0.897
A045,A041,TRANSFERRED_TO,2026-08-10T03:09:00,36197.22,0.949
A002,A010,TRANSFERRED_TO,2026-08-11T14:10:00,36910.43,0.916
A009,A029,TRANSFERRED_TO,2026-08-12T01:11:00,23332.91,0.843
A016,A048,TRANSFERRED_TO,2026-08-13T12:12:00,39331.27,0.966
A023,A017,TRANSFERRED_TO,2026-08-14T23:13:00,27768.54,0.878
A030,A036,TRANSFERRED_TO,2026-08-15T10:14:00,42558.19,0.874
A037,A005,TRANSFERRED_TO,2026-08-16T21:15:00,196646.23,0.986
A044,A024,TRANSFERRED_TO,2026-08-17T08:16:00,26135.9,0.961
A001,A043,TRANSFERRED_TO,2026-08-18T19:17:00,39567.58,0.93
A008,A012,TRANSFERRED_TO,2026-08-19T06:18:00,28559.41,0.876
A015,A031,TRANSFERRED_TO,2026-08-20T17:19:00,17877.29,0.807
A022,A050,TRANSFERRED_TO,2026-08-21T04:20:00,39211.74,0.819
A029,A019,TRANSFERRED_TO,2026-08-22T15:21:00,39771.47,0.937
A036,A038,TRANSFERRED_TO,2026-08-23T02:22:00,36197.53,0.899
A043,A007,TRANSFERRED_TO,2026-08-24T13:23:00,26916.27,0.837
A050,A026,TRANSFERRED_TO,2026-08-25T00:24:00,28686.46,0.816
A007,A045,TRANSFERRED_TO,2026-08-26T11:25:00,4097.31,0.838
A014,A016,TRANSFERRED_TO,2026-08-27T22:26:00,10275.4,0.852
A021,A033,TRANSFERRED_TO,2026-08-28T09:27:00,5254.74,0.971
A028,A002,TRANSFERRED_TO,2026-08-29T20:28:00,15455.82,0.945
A035,A021,TRANSFERRED_TO,2026-08-30T07:29:00,15103.43,0.874
A042,A040,TRANSFERRED_TO,2026-08-01T18:30:00,39470.58,0.85
A049,A009,TRANSFERRED_TO,2026-08-02T05:31:00,10381.9,0.859
A006,A028,TRANSFERRED_TO,2026-08-03T16:32:00,42768.89,0.968
A013,A047,TRANSFERRED_TO,2026-08-04T03:33:00,5146.79,0.847
A020,A016,TRANSFERRED_TO,2026-08-05T14:34:00,19821.59,0.903
A027,A035,TRANSFERRED_TO,2026-08-06T01:35:00,40394.96,0.819
A034,A004,TRANSFERRED_TO,2026-08-07T12:36:00,16764.17,0.945
A041,A023,TRANSFERRED_TO,2026-08-08T23:37:00,27488.2,0.932
A048,A042,TRANSFERRED_TO,2026-08-09T10:38:00,5262.71,0.961
A005,A011,TRANSFERRED_TO,2026-08-10T21:39:00,31003.96,0.833
A012,A030,TRANSFERRED_TO,2026-08-11T08:40:00,10712.62,0.858
A019,A049,TRANSFERRED_TO,2026-08-12T19:41:00,27682.78,0.809
A026,A018,TRANSFERRED_TO,2026-08-13T06:42:00,26038.13,0.889
A033,A037,TRANSFERRED_TO,2026-08-14T17:43:00,24752.99,0.813
A040,A006,TRANSFERRED_TO,2026-08-15T04:44:00,331040.54,0.849
A047,A025,TRANSFERRED_TO,2026-08-16T15:45:00,44544.36,0.847
A004,A044,TRANSFERRED_TO,2026-08-17T02:46:00,19048.53,0.917
A011,A013,TRANSFERRED_TO,2026-08-18T13:47:00,18024.58,0.97
A018,A032,TRANSFERRED_TO,2026-08-19T00:48:00,11414.36,0.969
A025,A001,TRANSFERRED_TO,2026-08-20T11:49:00,36581.7,0.971
A032,A020,TRANSFERRED_TO,2026-08-21T22:50:00,41666.64,0.955
A039,A041,TRANSFERRED_TO,2026-08-22T09:51:00,35287.12,0.911
A046,A008,TRANSFERRED_TO,2026-08-23T20:52:00,27502.64,0.937
A003,A027,TRANSFERRED_TO,2026-08-24T07:53:00,21115.72,0.918
A010,A046,TRANSFERRED_TO,2026-08-25T18:54:00,6765.57,0.91
A017,A015,TRANSFERRED_TO,2026-08-26T05:55:00,22850.25,0.885
A024,A034,TRANSFERRED_TO,2026-08-27T16:56:00,10262.32,0.965
A031,A003,TRANSFERRED_TO,2026-08-28T03:57:00,22771.61,0.891
A038,A022,TRANSFERRED_TO,2026-08-29T14:58:00,34423.56,0.896
A045,A041,TRANSFERRED_TO,2026-08-30T01:59:00,15611.85,0.889
A002,A010,TRANSFERRED_TO,2026-08-01T12:00:00,43052.7,0.93
A009,A029,TRANSFERRED_TO,2026-08-02T23:01:00,38788.71,0.904
A016,A048,TRANSFERRED_TO,2026-08-03T10:02:00,11323.19,0.949
A023,A017,TRANSFERRED_TO,2026-08-04T21:03:00,33015.48,0.937
A030,A036,TRANSFERRED_TO,2026-08-05T08:04:00,34555.37,0.868
A037,A005,TRANSFERRED_TO,2026-08-06T19:05:00,23784.63,0.811
A044,A024,TRANSFERRED_TO,2026-08-07T06:06:00,11469.16,0.973
A001,A043,TRANSFERRED_TO,2026-08-08T17:07:00,40773.65,0.811
A008,A012,TRANSFERRED_TO,2026-08-09T04:08:00,39040.81,0.947
A015,A031,TRANSFERRED_TO,2026-08-10T15:09:00,34837.89,0.946
A022,A050,TRANSFERRED_TO,2026-08-11T02:10:00,23919.49,0.81
A029,A019,TRANSFERRED_TO,2026-08-12T13:11:00,16147.69,0.963
A036,A038,TRANSFERRED_TO,2026-08-13T00:12:00,27477.09,0.981
A043,A007,TRANSFERRED_TO,2026-08-14T11:13:00,201845.21,0.861
A050,A026,TRANSFERRED_TO,2026-08-15T22:14:00,6004.71,0.933
A007,A045,TRANSFERRED_TO,2026-08-16T09:15:00,8205.24,0.835
A014,A016,TRANSFERRED_TO,2026-08-17T20:16:00,37775.02,0.933
A021,A033,TRANSFERRED_TO,2026-08-18T07:17:00,21059.14,0.873
A028,A002,TRANSFERRED_TO,2026-08-19T18:18:00,22339.15,0.813
A035,A021,TRANSFERRED_TO,2026-08-20T05:19:00,9762.26,0.834
A042,A040,TRANSFERRED_TO,2026-08-21T16:20:00,43915.06,0.899
A049,A009,TRANSFERRED_TO,2026-08-22T03:21:00,17090.76,0.911
A006,A028,TRANSFERRED_TO,2026-08-23T14:22:00,38734.03,0.939
A013,A047,TRANSFERRED_TO,2026-08-24T01:23:00,43157.35,0.841
A020,A016,TRANSFERRED_TO,2026-08-25T12:24:00,43701.73,0.82
A027,A035,TRANSFERRED_TO,2026-08-26T23:25:00,4954.06,0.903
A034,A004,TRANSFERRED_TO,2026-08-27T10:26:00,34892.8,0.865
A041,A023,TRANSFERRED_TO,2026-08-28T21:27:00,22573.21,0.972
A048,A042,TRANSFERRED_TO,2026-08-29T08:28:00,39565.82,0.944
A005,A011,TRANSFERRED_TO,2026-08-30T19:29:00,32617.75,0.924
A012,A030,TRANSFERRED_TO,2026-08-01T06:30:00,32710.67,0.872
A019,A049,TRANSFERRED_TO,2026-08-02T17:31:00,25410.81,0.955
A026,A018,TRANSFERRED_TO,2026-08-03T04:32:00,6330.6,0.913
A033,A037,TRANSFERRED_TO,2026-08-04T15:33:00,4539.34,0.955
A040,A006,TRANSFERRED_TO,2026-08-05T02:34:00,36953.96,0.895
A047,A025,TRANSFERRED_TO,2026-08-06T13:35:00,37432.69,0.839
A004,A044,TRANSFERRED_TO,2026-08-07T00:36:00,37774.21,0.931
A011,A013,TRANSFERRED_TO,2026-08-08T11:37:00,25053.02,0.959
A018,A032,TRANSFERRED_TO,2026-08-09T22:38:00,32568.64,0.883
A025,A001,TRANSFERRED_TO,2026-08-10T09:39:00,27712.62,0.968
A032,A020,TRANSFERRED_TO,2026-08-11T20:40:00,8233.98,0.963
A039,A041,TRANSFERRED_TO,2026-08-12T07:41:00,18095.56,0.976
A046,A008,TRANSFERRED_TO,2026-08-13T18:42:00,405437.24,0.899
A003,A027,TRANSFERRED_TO,2026-08-14T05:43:00,13727.67,0.94
A010,A046,TRANSFERRED_TO,2026-08-15T16:44:00,37061.5,0.98
A017,A015,TRANSFERRED_TO,2026-08-16T03:45:00,18947.71,0.887
A024,A034,TRANSFERRED_TO,2026-08-17T14:46:00,2631.58,0.958
A031,A003,TRANSFERRED_TO,2026-08-18T01:47:00,5646.16,0.871
A038,A022,TRANSFERRED_TO,2026-08-19T12:48:00,35576.5,0.817
A045,A041,TRANSFERRED_TO,2026-08-20T23:49:00,10387.71,0.857
A002,A010,TRANSFERRED_TO,2026-08-21T10:50:00,16292.56,0.826
A009,A029,TRANSFERRED_TO,2026-08-22T21:51:00,35299.85,0.983
A016,A048,TRANSFERRED_TO,2026-08-23T08:52:00,27071.99,0.83
A023,A017,TRANSFERRED_TO,2026-08-24T19:53:00,26587.5,0.885
A030,A036,TRANSFERRED_TO,2026-08-25T06:54:00,36736.82,0.975
A037,A005,TRANSFERRED_TO,2026-08-26T17:55:00,43412.34,0.879
A044,A024,TRANSFERRED_TO,2026-08-27T04:56:00,33557.15,0.887
A001,A043,TRANSFERRED_TO,2026-08-28T15:57:00,40520.69,0.98
A008,A012,TRANSFERRED_TO,2026-08-29T02:58:00,6107.91,0.913
A015,A031,TRANSFERRED_TO,2026-08-30T13:59:00,28042.84,0.873
A022,A050,TRANSFERRED_TO,2026-08-01T00:00:00,37129.23,0.979
A029,A019,TRANSFERRED_TO,2026-08-02T11:01:00,38813.36,0.969
A036,A038,TRANSFERRED_TO,2026-08-03T22:02:00,31241.96,0.905
A043,A007,TRANSFERRED_TO,2026-08-04T09:03:00,43604.12,0.819
A050,A026,TRANSFERRED_TO,2026-08-05T20:04:00,8086.94,0.979
A007,A045,TRANSFERRED_TO,2026-08-06T07:05:00,4120.46,0.952
A014,A016,TRANSFERRED_TO,2026-08-07T18:06:00,43940.41,0.803
A021,A033,TRANSFERRED_TO,2026-08-08T05:07:00,34277.46,0.917
A028,A002,TRANSFERRED_TO,2026-08-09T16:08:00,42554.19,0.939
A035,A021,TRANSFERRED_TO,2026-08-10T03:09:00,40198.0,0.806
A042,A040,TRANSFERRED_TO,2026-08-11T14:10:00,36712.68,0.812
A049,A009,TRANSFERRED_TO,2026-08-12T01:11:00,337176.69,0.896
A006,A028,TRANSFERRED_TO,2026-08-13T12:12:00,11355.49,0.937
A013,A047,TRANSFERRED_TO,2026-08-14T23:13:00,19630.26,0.956
A020,A016,TRANSFERRED_TO,2026-08-15T10:14:00,36233.21,0.954
A027,A035,TRANSFERRED_TO,2026-08-16T21:15:00,12126.76,0.862
A034,A004,TRANSFERRED_TO,2026-08-17T08:16:00,4744.19,0.801
A041,A023,TRANSFERRED_TO,2026-08-18T19:17:00,25175.09,0.957
A048,A042,TRANSFERRED_TO,2026-08-19T06:18:00,4750.04,0.981
A005,A011,TRANSFERRED_TO,2026-08-20T17:19:00,31611.09,0.803
A012,A030,TRANSFERRED_TO,2026-08-21T04:20:00,14582.79,0.929
A019,A049,TRANSFERRED_TO,2026-08-22T15:21:00,43983.52,0.852
A026,A018,TRANSFERRED_TO,2026-08-23T02:22:00,41721.11,0.935
A033,A037,TRANSFERRED_TO,2026-08-24T13:23:00,20472.56,0.84
A040,A006,TRANSFERRED_TO,2026-08-25T00:24:00,41800.1,0.881
A047,A025,TRANSFERRED_TO,2026-08-26T11:25:00,31517.04,0.929
A004,A044,TRANSFERRED_TO,2026-08-27T22:26:00,44473.52,0.844
A011,A013,TRANSFERRED_TO,2026-08-28T09:27:00,19595.8,0.821
A018,A032,TRANSFERRED_TO,2026-08-29T20:28:00,43016.2,0.927
A025,A001,TRANSFERRED_TO,2026-08-30T07:29:00,26900.36,0.807
A032,A020,TRANSFERRED_TO,2026-08-01T18:30:00,28182.45,0.913
A039,A041,TRANSFERRED_TO,2026-08-02T05:31:00,22569.53,0.925
A046,A008,TRANSFERRED_TO,2026-08-03T16:32:00,19362.28,0.84
A003,A027,TRANSFERRED_TO,2026-08-04T03:33:00,13629.52,0.985
A010,A046,TRANSFERRED_TO,2026-08-05T14:34:00,41635.79,0.973
A017,A015,TRANSFERRED_TO,2026-08-06T01:35:00,36902.34,0.89
A024,A034,TRANSFERRED_TO,2026-08-07T12:36:00,30952.49,0.962
A031,A003,TRANSFERRED_TO,2026-08-08T23:37:00,18131.8,0.824
A038,A022,TRANSFERRED_TO,2026-08-09T10:38:00,27145.03,0.822
A045,A041,TRANSFERRED_TO,2026-08-10T21:39:00,20056.33,0.891
A002,A010,TRANSFERRED_TO,2026-08-11T08:40:00,267878.45,0.855
A009,A029,TRANSFERRED_TO,2026-08-12T19:41:00,24301.23,0.888
A016,A048,TRANSFERRED_TO,2026-08-13T06:42:00,6574.06,0.815
A023,A017,TRANSFERRED_TO,2026-08-14T17:43:00,44356.89,0.925
A030,A036,TRANSFERRED_TO,2026-08-15T04:44:00,3281.76,0.856
A037,A005,TRANSFERRED_TO,2026-08-16T15:45:00,4644.85,0.844
A044,A024,TRANSFERRED_TO,2026-08-17T02:46:00,28518.41,0.91
A001,A043,TRANSFERRED_TO,2026-08-18T13:47:00,36692.96,0.802
A008,A012,TRANSFERRED_TO,2026-08-19T00:48:00,13971.71,0.976
A015,A031,TRANSFERRED_TO,2026-08-20T11:49:00,15109.54,0.952
A022,A050,TRANSFERRED_TO,2026-08-21T22:50:00,15230.67,0.961
A029,A019,TRANSFERRED_TO,2026-08-22T09:51:00,32856.23,0.926
A036,A038,TRANSFERRED_TO,2026-08-23T20:52:00,20181.45,0.942
A043,A007,TRANSFERRED_TO,2026-08-24T07:53:00,4254.43,0.835
A050,A026,TRANSFERRED_TO,2026-08-25T18:54:00,32278.98,0.968
A007,A045,TRANSFERRED_TO,2026-08-26T05:55:00,27603.7,0.903
A014,A016,TRANSFERRED_TO,2026-08-27T16:56:00,35036.98,0.816
A021,A033,TRANSFERRED_TO,2026-08-28T03:57:00,35774.08,0.931
A028,A002,TRANSFERRED_TO,2026-08-29T14:58:00,41745.4,0.989
A035,A021,TRANSFERRED_TO,2026-08-30T01:59:00,44165.19,0.952
A042,A040,TRANSFERRED_TO,2026-08-01T12:00:00,26678.66,0.892
A049,A009,TRANSFERRED_TO,2026-08-02T23:01:00,42802.14,0.821
A006,A028,TRANSFERRED_TO,2026-08-03T10:02:00,24676.9,0.924
A013,A047,TRANSFERRED_TO,2026-08-04T21:03:00,9145.27,0.837
A020,A016,TRANSFERRED_TO,2026-08-05T08:04:00,19670.37,0.953
A027,A035,TRANSFERRED_TO,2026-08-06T19:05:00,15806.01,0.879
A034,A004,TRANSFERRED_TO,2026-08-07T06:06:00,42216.91,0.806
A041,A023,TRANSFERRED_TO,2026-08-08T17:07:00,28044.15,0.919
A048,A042,TRANSFERRED_TO,2026-08-09T04:08:00,42448.18,0.846
A005,A011,TRANSFERRED_TO,2026-08-10T15:09:00,278727.56,0.802
A012,A030,TRANSFERRED_TO,2026-08-11T02:10:00,27884.87,0.849
A019,A049,TRANSFERRED_TO,2026-08-12T13:11:00,44856.13,0.937
A026,A018,TRANSFERRED_TO,2026-08-13T00:12:00,2898.97,0.805
A033,A037,TRANSFERRED_TO,2026-08-14T11:13:00,26503.84,0.805
A040,A006,TRANSFERRED_TO,2026-08-15T22:14:00,26969.12,0.906
A047,A025,TRANSFERRED_TO,2026-08-16T09:15:00,12929.19,0.899
A004,A044,TRANSFERRED_TO,2026-08-17T20:16:00,21072.03,0.953
A011,A013,TRANSFERRED_TO,2026-08-18T07:17:00,17932.64,0.818
A018,A032,TRANSFERRED_TO,2026-08-19T18:18:00,42063.46,0.904
A025,A001,TRANSFERRED_TO,2026-08-20T05:19:00,3900.09,0.828
A032,A020,TRANSFERRED_TO,2026-08-21T16:20:00,8905.51,0.828
A039,A041,TRANSFERRED_TO,2026-08-22T03:21:00,25547.15,0.968
A046,A008,TRANSFERRED_TO,2026-08-23T14:22:00,27837.49,0.892
A003,A027,TRANSFERRED_TO,2026-08-24T01:23:00,34360.48,0.835
A010,A046,TRANSFERRED_TO,2026-08-25T12:24:00,30137.31,0.93
A017,A015,TRANSFERRED_TO,2026-08-26T23:25:00,36545.5,0.808
A024,A034,TRANSFERRED_TO,2026-08-27T10:26:00,40593.6,0.849
A031,A003,TRANSFERRED_TO,2026-08-28T21:27:00,41705.87,0.88
A038,A022,TRANSFERRED_TO,2026-08-29T08:28:00,42611.16,0.988
A045,A041,TRANSFERRED_TO,2026-08-30T19:29:00,33001.83,0.936
A002,A010,TRANSFERRED_TO,2026-08-01T06:30:00,27796.06,0.949
A009,A029,TRANSFERRED_TO,2026-08-02T17:31:00,43411.88,0.935
A016,A048,TRANSFERRED_TO,2026-08-03T04:32:00,23118.47,0.956
A023,A017,TRANSFERRED_TO,2026-08-04T15:33:00,43971.4,0.971
A030,A036,TRANSFERRED_TO,2026-08-05T02:34:00,14395.73,0.849
A037,A005,TRANSFERRED_TO,2026-08-06T13:35:00,14663.37,0.968
A044,A024,TRANSFERRED_TO,2026-08-07T00:36:00,24463.74,0.815
A001,A043,TRANSFERRED_TO,2026-08-08T11:37:00,44180.14,0.893
A008,A012,TRANSFERRED_TO,2026-08-09T22:38:00,251754.16,0.914
A015,A031,TRANSFERRED_TO,2026-08-10T09:39:00,10124.46,0.893
A022,A050,TRANSFERRED_TO,2026-08-11T20:40:00,28424.2,0.975
A029,A019,TRANSFERRED_TO,2026-08-12T07:41:00,11194.94,0.841
A036,A038,TRANSFERRED_TO,2026-08-13T18:42:00,5120.04,0.82
A043,A007,TRANSFERRED_TO,2026-08-14T05:43:00,29724.45,0.973
A050,A026,TRANSFERRED_TO,2026-08-15T16:44:00,29446.62,0.912
A007,A045,TRANSFERRED_TO,2026-08-16T03:45:00,5612.3,0.81
A014,A016,TRANSFERRED_TO,2026-08-17T14:46:00,32598.39,0.907
A021,A033,TRANSFERRED_TO,2026-08-18T01:47:00,13450.55,0.864
A028,A002,TRANSFERRED_TO,2026-08-19T12:48:00,15535.29,0.818
A035,A021,TRANSFERRED_TO,2026-08-20T23:49:00,17390.93,0.962
A042,A040,TRANSFERRED_TO,2026-08-21T10:50:00,43808.93,0.972
A049,A009,TRANSFERRED_TO,2026-08-22T21:51:00,33997.09,0.989
A006,A028,TRANSFERRED_TO,2026-08-23T08:52:00,14683.29,0.977
A013,A047,TRANSFERRED_TO,2026-08-24T19:53:00,22572.06,0.885
A020,A016,TRANSFERRED_TO,2026-08-25T06:54:00,22983.76,0.828
A027,A035,TRANSFERRED_TO,2026-08-26T17:55:00,37504.56,0.932
A034,A004,TRANSFERRED_TO,2026-08-27T04:56:00,36226.16,0.925
A041,A023,TRANSFERRED_TO,2026-08-28T15:57:00,33656.39,0.98
A048,A042,TRANSFERRED_TO,2026-08-29T02:58:00,23950.3,0.86
A005,A011,TRANSFERRED_TO,2026-08-30T13:59:00,27614.95,0.832
A012,A030,TRANSFERRED_TO,2026-08-01T00:00:00,19262.87,0.806
A019,A049,TRANSFERRED_TO,2026-08-02T11:01:00,18104.23,0.988
A026,A018,TRANSFERRED_TO,2026-08-03T22:02:00,7075.46,0.946
A033,A037,TRANSFERRED_TO,2026-08-04T09:03:00,20691.23,0.973
A040,A006,TRANSFERRED_TO,2026-08-05T20:04:00,39371.8,0.857
A047,A025,TRANSFERRED_TO,2026-08-06T07:05:00,14763.24,0.828
A004,A044,TRANSFERRED_TO,2026-08-07T18:06:00,30846.38,0.82
A011,A013,TRANSFERRED_TO,2026-08-08T05:07:00,276504.28,0.89
A018,A032,TRANSFERRED_TO,2026-08-09T16:08:00,18541.48,0.976
A025,A001,TRANSFERRED_TO,2026-08-10T03:09:00,42547.22,0.923
A032,A020,TRANSFERRED_TO,2026-08-11T14:10:00,20584.06,0.866
A039,A041,TRANSFERRED_TO,2026-08-12T01:11:00,13189.74,0.889
A046,A008,TRANSFERRED_TO,2026-08-13T12:12:00,26431.34,0.989
A003,A027,TRANSFERRED_TO,2026-08-14T23:13:00,30320.55,0.965
A010,A046,TRANSFERRED_TO,2026-08-15T10:14:00,33725.33,0.951
A017,A015,TRANSFERRED_TO,2026-08-16T21:15:00,4661.23,0.975
A024,A034,TRANSFERRED_TO,2026-08-17T08:16:00,4041.78,0.817
A031,A003,TRANSFERRED_TO,2026-08-18T19:17:00,35078.22,0.814
A038,A022,TRANSFERRED_TO,2026-08-19T06:18:00,31253.64,0.948
A045,A041,TRANSFERRED_TO,2026-08-20T17:19:00,5322.93,0.884
A002,A010,TRANSFERRED_TO,2026-08-21T04:20:00,10697.04,0.815
A009,A029,TRANSFERRED_TO,2026-08-22T15:21:00,17919.37,0.943
A016,A048,TRANSFERRED_TO,2026-08-23T02:22:00,23995.72,0.825
A023,A017,TRANSFERRED_TO,2026-08-24T13:23:00,34152.93,0.901
A030,A036,TRANSFERRED_TO,2026-08-25T00:24:00,19174.25,0.968
A037,A005,TRANSFERRED_TO,2026-08-26T11:25:00,39875.9,0.904
A044,A024,TRANSFERRED_TO,2026-08-27T22:26:00,27047.38,0.899
A001,A043,TRANSFERRED_TO,2026-08-28T09:27:00,31161.31,0.885
A008,A012,TRANSFERRED_TO,2026-08-29T20:28:00,44668.77,0.927
A015,A031,TRANSFERRED_TO,2026-08-30T07:29:00,35941.61,0.946
A022,A050,TRANSFERRED_TO,2026-08-01T18:30:00,9460.07,0.828
A029,A019,TRANSFERRED_TO,2026-08-02T05:31:00,35439.82,0.912
A036,A038,TRANSFERRED_TO,2026-08-03T16:32:00,5894.37,0.87
A043,A007,TRANSFERRED_TO,2026-08-04T03:33:00,8290.63,0.987
A050,A026,TRANSFERRED_TO,2026-08-05T14:34:00,8663.68,0.815
A007,A045,TRANSFERRED_TO,2026-08-06T01:35:00,21545.85,0.974
A014,A016,TRANSFERRED_TO,2026-08-07T12:36:00,257616.87,0.818
A021,A033,TRANSFERRED_TO,2026-08-08T23:37:00,28802.21,0.936
A028,A002,TRANSFERRED_TO,2026-08-09T10:38:00,17009.45,0.988
A035,A021,TRANSFERRED_TO,2026-08-10T21:39:00,10724.87,0.972
A042,A040,TRANSFERRED_TO,2026-08-11T08:40:00,25667.22,0.972
A049,A009,TRANSFERRED_TO,2026-08-12T19:41:00,15900.62,0.828
A006,A028,TRANSFERRED_TO,2026-08-13T06:42:00,9498.52,0.915
A013,A047,TRANSFERRED_TO,2026-08-14T17:43:00,7652.95,0.935
A020,A016,TRANSFERRED_TO,2026-08-15T04:44:00,15154.08,0.832
A027,A035,TRANSFERRED_TO,2026-08-16T15:45:00,21066.09,0.98
A034,A004,TRANSFERRED_TO,2026-08-17T02:46:00,5684.63,0.869
A041,A023,TRANSFERRED_TO,2026-08-18T13:47:00,15051.06,0.9
A048,A042,TRANSFERRED_TO,2026-08-19T00:48:00,17778.55,0.959
A005,A011,TRANSFERRED_TO,2026-08-20T11:49:00,22549.53,0.862
A012,A030,TRANSFERRED_TO,2026-08-21T22:50:00,40374.97,0.965
A019,A049,TRANSFERRED_TO,2026-08-22T09:51:00,21116.21,0.967
A026,A018,TRANSFERRED_TO,2026-08-23T20:52:00,25454.74,0.844
A033,A037,TRANSFERRED_TO,2026-08-24T07:53:00,20731.18,0.927
A040,A006,TRANSFERRED_TO,2026-08-25T18:54:00,38131.6,0.971
A047,A025,TRANSFERRED_TO,2026-08-26T05:55:00,34898.27,0.929
A004,A044,TRANSFERRED_TO,2026-08-27T16:56:00,6675.08,0.851
A011,A013,TRANSFERRED_TO,2026-08-28T03:57:00,30953.33,0.972
A018,A032,TRANSFERRED_TO,2026-08-29T14:58:00,19134.51,0.817
A025,A001,TRANSFERRED_TO,2026-08-30T01:59:00,40987.01,0.934
A032,A020,TRANSFERRED_TO,2026-08-01T12:00:00,35412.05,0.901
A039,A041,TRANSFERRED_TO,2026-08-02T23:01:00,18449.44,0.904
A046,A008,TRANSFERRED_TO,2026-08-03T10:02:00,9138.41,0.831
A003,A027,TRANSFERRED_TO,2026-08-04T21:03:00,38677.75,0.928
A010,A046,TRANSFERRED_TO,2026-08-05T08:04:00,35811.29,0.927
A017,A015,TRANSFERRED_TO,2026-08-06T19:05:00,283524.76,0.961
A024,A034,TRANSFERRED_TO,2026-08-07T06:06:00,20517.18,0.949
A031,A003,TRANSFERRED_TO,2026-08-08T17:07:00,13733.96,0.855
A038,A022,TRANSFERRED_TO,2026-08-09T04:08:00,12265.06,0.826
A045,A041,TRANSFERRED_TO,2026-08-10T15:09:00,16750.96,0.857
A002,A010,TRANSFERRED_TO,2026-08-11T02:10:00,20837.47,0.867
A009,A029,TRANSFERRED_TO,2026-08-12T13:11:00,21075.28,0.802
A016,A048,TRANSFERRED_TO,2026-08-13T00:12:00,16439.43,0.814
A023,A017,TRANSFERRED_TO,2026-08-14T11:13:00,35118.03,0.877
A030,A036,TRANSFERRED_TO,2026-08-15T22:14:00,9121.81,0.986
A037,A005,TRANSFERRED_TO,2026-08-16T09:15:00,36761.01,0.89
A044,A024,TRANSFERRED_TO,2026-08-17T20:16:00,26051.91,0.847
A001,A043,TRANSFERRED_TO,2026-08-18T07:17:00,18668.74,0.989
A008,A012,TRANSFERRED_TO,2026-08-19T18:18:00,24798.6,0.924
A015,A031,TRANSFERRED_TO,2026-08-20T05:19:00,12716.93,0.911
A022,A050,TRANSFERRED_TO,2026-08-21T16:20:00,11314.27,0.867
A029,A019,TRANSFERRED_TO,2026-08-22T03:21:00,13073.39,0.82
A036,A038,TRANSFERRED_TO,2026-08-23T14:22:00,18456.75,0.864
A043,A007,TRANSFERRED_TO,2026-08-24T01:23:00,7093.74,0.916
A050,A026,TRANSFERRED_TO,2026-08-25T12:24:00,5688.74,0.817
A007,A045,TRANSFERRED_TO,2026-08-26T23:25:00,14159.15,0.975
A014,A016,TRANSFERRED_TO,2026-08-27T10:26:00,22024.85,0.851
A021,A033,TRANSFERRED_TO,2026-08-28T21:27:00,34552.51,0.867
A028,A002,TRANSFERRED_TO,2026-08-29T08:28:00,36234.22,0.863
A035,A021,TRANSFERRED_TO,2026-08-30T19:29:00,21450.65,0.826
A042,A040,TRANSFERRED_TO,2026-08-01T06:30:00,21065.35,0.811
A049,A009,TRANSFERRED_TO,2026-08-02T17:31:00,36743.49,0.836
A006,A028,TRANSFERRED_TO,2026-08-03T04:32:00,20772.87,0.812
A013,A047,TRANSFERRED_TO,2026-08-04T15:33:00,28760.09,0.938
A020,A016,TRANSFERRED_TO,2026-08-05T02:34:00,209426.08,0.966
A027,A035,TRANSFERRED_TO,2026-08-06T13:35:00,17631.14,0.865
A034,A004,TRANSFERRED_TO,2026-08-07T00:36:00,44450.26,0.904
A041,A023,TRANSFERRED_TO,2026-08-08T11:37:00,13660.35,0.986
A048,A042,TRANSFERRED_TO,2026-08-09T22:38:00,19130.2,0.848
A005,A011,TRANSFERRED_TO,2026-08-10T09:39:00,13662.58,0.849
A012,A030,TRANSFERRED_TO,2026-08-11T20:40:00,30168.85,0.98
A019,A049,TRANSFERRED_TO,2026-08-12T07:41:00,27315.17,0.944
A026,A018,TRANSFERRED_TO,2026-08-13T18:42:00,18534.63,0.865
A033,A037,TRANSFERRED_TO,2026-08-14T05:43:00,42300.59,0.856
A040,A006,TRANSFERRED_TO,2026-08-15T16:44:00,41344.16,0.959
A047,A025,TRANSFERRED_TO,2026-08-16T03:45:00,35668.09,0.932
A004,A044,TRANSFERRED_TO,2026-08-17T14:46:00,13319.22,0.897
A011,A013,TRANSFERRED_TO,2026-08-18T01:47:00,36597.94,0.923
A018,A032,TRANSFERRED_TO,2026-08-19T12:48:00,33585.0,0.888
A025,A001,TRANSFERRED_TO,2026-08-20T23:49:00,20303.43,0.813
A032,A020,TRANSFERRED_TO,2026-08-21T10:50:00,20585.74,0.895
A039,A041,TRANSFERRED_TO,2026-08-22T21:51:00,4110.31,0.804
A046,A008,TRANSFERRED_TO,2026-08-23T08:52:00,10439.44,0.878
A003,A027,TRANSFERRED_TO,2026-08-24T19:53:00,34247.79,0.83
A010,A046,TRANSFERRED_TO,2026-08-25T06:54:00,26923.66,0.977
A017,A015,TRANSFERRED_TO,2026-08-26T17:55:00,6590.53,0.895
A024,A034,TRANSFERRED_TO,2026-08-27T04:56:00,36129.85,0.987
A031,A003,TRANSFERRED_TO,2026-08-28T15:57:00,24799.01,0.976
A038,A022,TRANSFERRED_TO,2026-08-29T02:58:00,18449.22,0.822
A045,A041,TRANSFERRED_TO,2026-08-30T13:59:00,38034.87,0.939
A002,A010,TRANSFERRED_TO,2026-08-01T00:00:00,29710.32,0.852
A009,A029,TRANSFERRED_TO,2026-08-02T11:01:00,36409.38,0.833
A016,A048,TRANSFERRED_TO,2026-08-03T22:02:00,3748.83,0.851
A023,A017,TRANSFERRED_TO,2026-08-04T09:03:00,266376.55,0.84
A030,A036,TRANSFERRED_TO,2026-08-05T20:04:00,22701.75,0.916
A037,A005,TRANSFERRED_TO,2026-08-06T07:05:00,37776.96,0.984
A044,A024,TRANSFERRED_TO,2026-08-07T18:06:00,21600.43,0.819
A001,A043,TRANSFERRED_TO,2026-08-08T05:07:00,7621.9,0.86
A008,A012,TRANSFERRED_TO,2026-08-09T16:08:00,43977.34,0.956
A015,A031,TRANSFERRED_TO,2026-08-10T03:09:00,26820.77,0.901
A022,A050,TRANSFERRED_TO,2026-08-11T14:10:00,9088.53,0.976
A029,A019,TRANSFERRED_TO,2026-08-12T01:11:00,11726.55,0.952
A036,A038,TRANSFERRED_TO,2026-08-13T12:12:00,30710.16,0.811
A043,A007,TRANSFERRED_TO,2026-08-14T23:13:00,26819.52,0.928
A050,A026,TRANSFERRED_TO,2026-08-15T10:14:00,9205.52,0.973
A007,A045,TRANSFERRED_TO,2026-08-16T21:15:00,36694.12,0.973
A014,A016,TRANSFERRED_TO,2026-08-17T08:16:00,8980.86,0.979
A021,A033,TRANSFERRED_TO,2026-08-18T19:17:00,6051.8,0.854
A028,A002,TRANSFERRED_TO,2026-08-19T06:18:00,28257.17,0.923
A035,A021,TRANSFERRED_TO,2026-08-20T17:19:00,3537.69,0.923
A042,A040,TRANSFERRED_TO,2026-08-21T04:20:00,19066.82,0.923
A049,A009,TRANSFERRED_TO,2026-08-22T15:21:00,6666.39,0.872
A006,A028,TRANSFERRED_TO,2026-08-23T02:22:00,22124.9,0.935
A013,A047,TRANSFERRED_TO,2026-08-24T13:23:00,26758.64,0.915
A020,A016,TRANSFERRED_TO,2026-08-25T00:24:00,17871.17,0.912
A027,A035,TRANSFERRED_TO,2026-08-26T11:25:00,32414.43,0.915
A034,A004,TRANSFERRED_TO,2026-08-27T22:26:00,7529.58,0.853
A041,A023,TRANSFERRED_TO,2026-08-28T09:27:00,43081.06,0.821
A048,A042,TRANSFERRED_TO,2026-08-29T20:28:00,17191.31,0.958
A005,A011,TRANSFERRED_TO,2026-08-30T07:29:00,26739.31,0.918
A012,A030,TRANSFERRED_TO,2026-08-01T18:30:00,7110.79,0.931
A019,A049,TRANSFERRED_TO,2026-08-02T05:31:00,17997.48,0.964
A026,A018,TRANSFERRED_TO,2026-08-03T16:32:00,194414.82,0.924
A033,A037,TRANSFERRED_TO,2026-08-04T03:33:00,42049.76,0.867
A040,A006,TRANSFERRED_TO,2026-08-05T14:34:00,31343.71,0.969
A047,A025,TRANSFERRED_TO,2026-08-06T01:35:00,27774.93,0.868
A004,A044,TRANSFERRED_TO,2026-08-07T12:36:00,13874.83,0.846
A011,A013,TRANSFERRED_TO,2026-08-08T23:37:00,43438.13,0.919
A018,A032,TRANSFERRED_TO,2026-08-09T10:38:00,28521.45,0.866
A025,A001,TRANSFERRED_TO,2026-08-10T21:39:00,36998.5,0.918
A032,A020,TRANSFERRED_TO,2026-08-11T08:40:00,3958.67,0.987
A039,A041,TRANSFERRED_TO,2026-08-12T19:41:00,28696.27,0.826
A046,A008,TRANSFERRED_TO,2026-08-13T06:42:00,15843.77,0.892
A003,A027,TRANSFERRED_TO,2026-08-14T17:43:00,27144.02,0.916
A010,A046,TRANSFERRED_TO,2026-08-15T04:44:00,7464.79,0.845
A017,A015,TRANSFERRED_TO,2026-08-16T15:45:00,38300.15,0.925
A024,A034,TRANSFERRED_TO,2026-08-17T02:46:00,21227.8,0.937
A031,A003,TRANSFERRED_TO,2026-08-18T13:47:00,5845.22,0.911
A038,A022,TRANSFERRED_TO,2026-08-19T00:48:00,31054.07,0.805
A045,A041,TRANSFERRED_TO,2026-08-20T11:49:00,31012.86,0.863
A002,A010,TRANSFERRED_TO,2026-08-21T22:50:00,7598.96,0.914
A009,A029,TRANSFERRED_TO,2026-08-22T09:51:00,25592.17,0.924
A016,A048,TRANSFERRED_TO,2026-08-23T20:52:00,39408.41,0.866
A023,A017,TRANSFERRED_TO,2026-08-24T07:53:00,32574.44,0.812
A030,A036,TRANSFERRED_TO,2026-08-25T18:54:00,17792.08,0.885
A037,A005,TRANSFERRED_TO,2026-08-26T05:55:00,30277.63,0.923
A044,A024,TRANSFERRED_TO,2026-08-27T16:56:00,24094.98,0.915
A001,A043,TRANSFERRED_TO,2026-08-28T03:57:00,14319.0,0.957
A008,A012,TRANSFERRED_TO,2026-08-29T14:58:00,24961.31,0.916
A015,A031,TRANSFERRED_TO,2026-08-30T01:59:00,2930.15,0.923
A022,A050,TRANSFERRED_TO,2026-08-01T12:00:00,24389.05,0.886
A029,A019,TRANSFERRED_TO,2026-08-02T23:01:00,213490.24,0.848
A036,A038,TRANSFERRED_TO,2026-08-03T10:02:00,15534.28,0.897
A043,A007,TRANSFERRED_TO,2026-08-04T21:03:00,9756.98,0.918
A050,A026,TRANSFERRED_TO,2026-08-05T08:04:00,22209.29,0.867
A007,A045,TRANSFERRED_TO,2026-08-06T19:05:00,33080.6,0.986
A014,A016,TRANSFERRED_TO,2026-08-07T06:06:00,15493.39,0.832
A021,A033,TRANSFERRED_TO,2026-08-08T17:07:00,40986.76,0.875
A028,A002,TRANSFERRED_TO,2026-08-09T04:08:00,26609.94,0.856
A035,A021,TRANSFERRED_TO,2026-08-10T15:09:00,39853.02,0.847
A042,A040,TRANSFERRED_TO,2026-08-11T02:10:00,18663.88,0.944
A049,A009,TRANSFERRED_TO,2026-08-12T13:11:00,41321.14,0.943
A006,A028,TRANSFERRED_TO,2026-08-13T00:12:00,2761.04,0.885
A013,A047,TRANSFERRED_TO,2026-08-14T11:13:00,30086.93,0.801
A020,A016,TRANSFERRED_TO,2026-08-15T22:14:00,6888.28,0.91
A027,A035,TRANSFERRED_TO,2026-08-16T09:15:00,39006.11,0.934
A034,A004,TRANSFERRED_TO,2026-08-17T20:16:00,41057.6,0.929
A041,A023,TRANSFERRED_TO,2026-08-18T07:17:00,37352.03,0.826
A048,A042,TRANSFERRED_TO,2026-08-19T18:18:00,35453.59,0.813
A005,A011,TRANSFERRED_TO,2026-08-20T05:19:00,30044.26,0.972
A012,A030,TRANSFERRED_TO,2026-08-21T16:20:00,37424.53,0.83
A019,A049,TRANSFERRED_TO,2026-08-22T03:21:00,39314.78,0.883
A026,A018,TRANSFERRED_TO,2026-08-23T14:22:00,6624.41,0.845
A033,A037,TRANSFERRED_TO,2026-08-24T01:23:00,21730.56,0.819
A040,A006,TRANSFERRED_TO,2026-08-25T12:24:00,28483.18,0.88
A047,A025,TRANSFERRED_TO,2026-08-26T23:25:00,40085.89,0.932
A004,A044,TRANSFERRED_TO,2026-08-27T10:26:00,23370.21,0.883
A011,A013,TRANSFERRED_TO,2026-08-28T21:27:00,9213.61,0.963
A018,A032,TRANSFERRED_TO,2026-08-29T08:28:00,11742.87,0.946
A025,A001,TRANSFERRED_TO,2026-08-30T19:29:00,4836.08,0.921
A032,A020,TRANSFERRED_TO,2026-08-01T06:30:00,404960.23,0.859
A039,A041,TRANSFERRED_TO,2026-08-02T17:31:00,18340.2,0.919
A046,A008,TRANSFERRED_TO,2026-08-03T04:32:00,33613.81,0.952
A003,A027,TRANSFERRED_TO,2026-08-04T15:33:00,23486.78,0.926
A010,A046,TRANSFERRED_TO,2026-08-05T02:34:00,43295.04,0.903
A017,A015,TRANSFERRED_TO,2026-08-06T13:35:00,21514.42,0.966
A024,A034,TRANSFERRED_TO,2026-08-07T00:36:00,28031.49,0.904
A031,A003,TRANSFERRED_TO,2026-08-08T11:37:00,30393.42,0.977
A038,A022,TRANSFERRED_TO,2026-08-09T22:38:00,38854.22,0.971
A045,A041,TRANSFERRED_TO,2026-08-10T09:39:00,17942.51,0.969
A002,A010,TRANSFERRED_TO,2026-08-11T20:40:00,39274.51,0.936
A009,A029,TRANSFERRED_TO,2026-08-12T07:41:00,26312.25,0.911
A016,A048,TRANSFERRED_TO,2026-08-13T18:42:00,39968.8,0.833
A023,A017,TRANSFERRED_TO,2026-08-14T05:43:00,15318.71,0.82
A030,A036,TRANSFERRED_TO,2026-08-15T16:44:00,30892.66,0.863
A037,A005,TRANSFERRED_TO,2026-08-16T03:45:00,21990.87,0.809
A044,A024,TRANSFERRED_TO,2026-08-17T14:46:00,20301.94,0.812
A001,A043,TRANSFERRED_TO,2026-08-18T01:47:00,15231.65,0.846
A008,A012,TRANSFERRED_TO,2026-08-19T12:48:00,40274.0,0.814
A015,A031,TRANSFERRED_TO,2026-08-20T23:49:00,27611.04,0.944
A022,A050,TRANSFERRED_TO,2026-08-21T10:50:00,4688.29,0.97
A029,A019,TRANSFERRED_TO,2026-08-22T21:51:00,15333.57,0.804
A036,A038,TRANSFERRED_TO,2026-08-23T08:52:00,40297.8,0.982
A043,A007,TRANSFERRED_TO,2026-08-24T19:53:00,25463.35,0.96
A050,A026,TRANSFERRED_TO,2026-08-25T06:54:00,34756.37,0.921
A007,A045,TRANSFERRED_TO,2026-08-26T17:55:00,6330.23,0.905
A014,A016,TRANSFERRED_TO,2026-08-27T04:56:00,14544.65,0.812
A021,A033,TRANSFERRED_TO,2026-08-28T15:57:00,5561.36,0.979
A028,A002,TRANSFERRED_TO,2026-08-29T02:58:00,39912.4,0.937
A035,A021,TRANSFERRED_TO,2026-08-30T13:59:00,379541.54,0.964
A042,A040,TRANSFERRED_TO,2026-08-01T00:00:00,38832.72,0.844
A049,A009,TRANSFERRED_TO,2026-08-02T11:01:00,30138.81,0.918
A006,A028,TRANSFERRED_TO,2026-08-03T22:02:00,23331.98,0.948
A013,A047,TRANSFERRED_TO,2026-08-04T09:03:00,43835.31,0.853
A020,A016,TRANSFERRED_TO,2026-08-05T20:04:00,6615.89,0.862
A027,A035,TRANSFERRED_TO,2026-08-06T07:05:00,36007.79,0.937
A034,A004,TRANSFERRED_TO,2026-08-07T18:06:00,36619.17,0.958
A041,A023,TRANSFERRED_TO,2026-08-08T05:07:00,8274.04,0.896
A048,A042,TRANSFERRED_TO,2026-08-09T16:08:00,34546.72,0.819
A005,A011,TRANSFERRED_TO,2026-08-10T03:09:00,36111.8,0.953
A012,A030,TRANSFERRED_TO,2026-08-11T14:10:00,22507.11,0.919
A019,A049,TRANSFERRED_TO,2026-08-12T01:11:00,3255.88,0.94
A026,A018,TRANSFERRED_TO,2026-08-13T12:12:00,43055.22,0.824
A033,A037,TRANSFERRED_TO,2026-08-14T23:13:00,9067.03,0.895
A040,A006,TRANSFERRED_TO,2026-08-15T10:14:00,2842.99,0.869
A047,A025,TRANSFERRED_TO,2026-08-16T21:15:00,29160.26,0.962
A004,A044,TRANSFERRED_TO,2026-08-17T08:16:00,12092.19,0.94
A011,A013,TRANSFERRED_TO,2026-08-18T19:17:00,38510.92,0.928
A018,A032,TRANSFERRED_TO,2026-08-19T06:18:00,10368.31,0.985
A025,A001,TRANSFERRED_TO,2026-08-20T17:19:00,39979.98,0.84
A032,A020,TRANSFERRED_TO,2026-08-21T04:20:00,41927.58,0.873
A039,A041,TRANSFERRED_TO,2026-08-22T15:21:00,38857.22,0.982
A046,A008,TRANSFERRED_TO,2026-08-23T02:22:00,38164.23,0.92
A003,A027,TRANSFERRED_TO,2026-08-24T13:23:00,21693.79,0.936
A010,A046,TRANSFERRED_TO,2026-08-25T00:24:00,34533.04,0.811
A017,A015,TRANSFERRED_TO,2026-08-26T11:25:00,32510.84,0.937
A024,A034,TRANSFERRED_TO,2026-08-27T22:26:00,38248.88,0.906
A031,A003,TRANSFERRED_TO,2026-08-28T09:27:00,11418.17,0.866
A038,A022,TRANSFERRED_TO,2026-08-29T20:28:00,230739.87,0.815
A045,A041,TRANSFERRED_TO,2026-08-30T07:29:00,21378.48,0.837
A002,A010,TRANSFERRED_TO,2026-08-01T18:30:00,12858.65,0.95
A009,A029,TRANSFERRED_TO,2026-08-02T05:31:00,29927.35,0.968
A016,A048,TRANSFERRED_TO,2026-08-03T16:32:00,36862.39,0.829
A023,A017,TRANSFERRED_TO,2026-08-04T03:33:00,44126.38,0.822
A030,A036,TRANSFERRED_TO,2026-08-05T14:34:00,13374.93,0.894
A037,A005,TRANSFERRED_TO,2026-08-06T01:35:00,39428.32,0.977
A044,A024,TRANSFERRED_TO,2026-08-07T12:36:00,40425.56,0.911
A001,A043,TRANSFERRED_TO,2026-08-08T23:37:00,38496.49,0.958
A008,A012,TRANSFERRED_TO,2026-08-09T10:38:00,39467.47,0.963
A015,A031,TRANSFERRED_TO,2026-08-10T21:39:00,35728.45,0.934
A022,A050,TRANSFERRED_TO,2026-08-11T08:40:00,27212.37,0.922
A029,A019,TRANSFERRED_TO,2026-08-12T19:41:00,42607.78,0.959
A036,A038,TRANSFERRED_TO,2026-08-13T06:42:00,33798.44,0.893
A043,A007,TRANSFERRED_TO,2026-08-14T17:43:00,6659.99,0.977
A050,A026,TRANSFERRED_TO,2026-08-15T04:44:00,18356.68,0.972
A007,A045,TRANSFERRED_TO,2026-08-16T15:45:00,13107.54,0.888
A014,A016,TRANSFERRED_TO,2026-08-17T02:46:00,15340.8,0.926
A021,A033,TRANSFERRED_TO,2026-08-18T13:47:00,2744.19,0.848
A028,A002,TRANSFERRED_TO,2026-08-19T00:48:00,30375.58,0.84
A035,A021,TRANSFERRED_TO,2026-08-20T11:49:00,34548.37,0.922
A042,A040,TRANSFERRED_TO,2026-08-21T22:50:00,11827.41,0.925
A049,A009,TRANSFERRED_TO,2026-08-22T09:51:00,40339.04,0.978
A006,A028,TRANSFERRED_TO,2026-08-23T20:52:00,36703.67,0.856
A013,A047,TRANSFERRED_TO,2026-08-24T07:53:00,12769.86,0.979
A020,A016,TRANSFERRED_TO,2026-08-25T18:54:00,32539.51,0.889
A027,A035,TRANSFERRED_TO,2026-08-26T05:55:00,22238.79,0.806
A034,A004,TRANSFERRED_TO,2026-08-27T16:56:00,12177.96,0.88
A041,A023,TRANSFERRED_TO,2026-08-28T03:57:00,291199.12,0.875
A048,A042,TRANSFERRED_TO,2026-08-29T14:58:00,5380.77,0.912
A005,A011,TRANSFERRED_TO,2026-08-30T01:59:00,28181.0,0.956
A012,A030,TRANSFERRED_TO,2026-08-01T12:00:00,12179.77,0.823
A019,A049,TRANSFERRED_TO,2026-08-02T23:01:00,22741.16,0.843
A026,A018,TRANSFERRED_TO,2026-08-03T10:02:00,9451.55,0.895
A033,A037,TRANSFERRED_TO,2026-08-04T21:03:00,3498.82,0.851
A040,A006,TRANSFERRED_TO,2026-08-05T08:04:00,28789.21,0.87
A047,A025,TRANSFERRED_TO,2026-08-06T19:05:00,32630.32,0.821
A004,A044,TRANSFERRED_TO,2026-08-07T06:06:00,17220.39,0.849
A011,A013,TRANSFERRED_TO,2026-08-08T17:07:00,14682.51,0.864
A018,A032,TRANSFERRED_TO,2026-08-09T04:08:00,6820.84,0.805
A025,A001,TRANSFERRED_TO,2026-08-10T15:09:00,12820.23,0.981
A032,A020,TRANSFERRED_TO,2026-08-11T02:10:00,26235.52,0.853
A039,A041,TRANSFERRED_TO,2026-08-12T13:11:00,17960.21,0.818
A046,A008,TRANSFERRED_TO,2026-08-13T00:12:00,24946.35,0.981
A003,A027,TRANSFERRED_TO,2026-08-14T11:13:00,4941.71,0.9
A010,A046,TRANSFERRED_TO,2026-08-15T22:14:00,6361.6,0.939
A017,A015,TRANSFERRED_TO,2026-08-16T09:15:00,15306.26,0.973
A024,A034,TRANSFERRED_TO,2026-08-17T20:16:00,6665.44,0.882
A031,A003,TRANSFERRED_TO,2026-08-18T07:17:00,29390.03,0.938
A038,A022,TRANSFERRED_TO,2026-08-19T18:18:00,6198.16,0.815
A045,A041,TRANSFERRED_TO,2026-08-20T05:19:00,37529.63,0.802
A002,A010,TRANSFERRED_TO,2026-08-21T16:20:00,37246.16,0.98
A009,A029,TRANSFERRED_TO,2026-08-22T03:21:00,13243.52,0.988
A016,A048,TRANSFERRED_TO,2026-08-23T14:22:00,32371.0,0.807
A023,A017,TRANSFERRED_TO,2026-08-24T01:23:00,7359.66,0.841
A030,A036,TRANSFERRED_TO,2026-08-25T12:24:00,37747.81,0.805
A037,A005,TRANSFERRED_TO,2026-08-26T23:25:00,42939.08,0.909
A044,A024,TRANSFERRED_TO,2026-08-27T10:26:00,325246.44,0.94
A001,A043,TRANSFERRED_TO,2026-08-28T21:27:00,34940.12,0.833
A008,A012,TRANSFERRED_TO,2026-08-29T08:28:00,42929.05,0.837
A015,A031,TRANSFERRED_TO,2026-08-30T19:29:00,44581.25,0.969
A022,A050,TRANSFERRED_TO,2026-08-01T06:30:00,22740.05,0.879
A029,A019,TRANSFERRED_TO,2026-08-02T17:31:00,6602.69,0.85
A036,A038,TRANSFERRED_TO,2026-08-03T04:32:00,26345.87,0.96
A043,A007,TRANSFERRED_TO,2026-08-04T15:33:00,20108.56,0.885
A050,A026,TRANSFERRED_TO,2026-08-05T02:34:00,27908.71,0.894
A007,A045,TRANSFERRED_TO,2026-08-06T13:35:00,41603.23,0.805
A014,A016,TRANSFERRED_TO,2026-08-07T00:36:00,23441.57,0.868
A021,A033,TRANSFERRED_TO,2026-08-08T11:37:00,25984.16,0.902
A028,A002,TRANSFERRED_TO,2026-08-09T22:38:00,26954.59,0.985
A035,A021,TRANSFERRED_TO,2026-08-10T09:39:00,10522.82,0.836
A042,A040,TRANSFERRED_TO,2026-08-11T20:40:00,37266.26,0.975
A049,A009,TRANSFERRED_TO,2026-08-12T07:41:00,40492.28,0.958
A006,A028,TRANSFERRED_TO,2026-08-13T18:42:00,15783.93,0.982
A013,A047,TRANSFERRED_TO,2026-08-14T05:43:00,17334.19,0.929
A020,A016,TRANSFERRED_TO,2026-08-15T16:44:00,20261.82,0.877
A027,A035,TRANSFERRED_TO,2026-08-16T03:45:00,21296.48,0.881
A034,A004,TRANSFERRED_TO,2026-08-17T14:46:00,27761.88,0.913
A041,A023,TRANSFERRED_TO,2026-08-18T01:47:00,28121.24,0.979
A048,A042,TRANSFERRED_TO,2026-08-19T12:48:00,2629.41,0.946
A005,A011,TRANSFERRED_TO,2026-08-20T23:49:00,33102.11,0.939
A012,A030,TRANSFERRED_TO,2026-08-21T10:50:00,36781.85,0.9
A019,A049,TRANSFERRED_TO,2026-08-22T21:51:00,15771.53,0.808
A026,A018,TRANSFERRED_TO,2026-08-23T08:52:00,19402.48,0.952
A033,A037,TRANSFERRED_TO,2026-08-24T19:53:00,13594.51,0.84
A040,A006,TRANSFERRED_TO,2026-08-25T06:54:00,8769.37,0.802
A047,A025,TRANSFERRED_TO,2026-08-26T17:55:00,244094.17,0.936
A004,A044,TRANSFERRED_TO,2026-08-27T04:56:00,10521.99,0.983
A011,A013,TRANSFERRED_TO,2026-08-28T15:57:00,24732.68,0.888
A018,A032,TRANSFERRED_TO,2026-08-29T02:58:00,14565.22,0.931
A025,A001,TRANSFERRED_TO,2026-08-30T13:59:00,21508.57,0.961
A032,A020,TRANSFERRED_TO,2026-08-01T00:00:00,39090.1,0.869
A039,A041,TRANSFERRED_TO,2026-08-02T11:01:00,44931.3,0.988
A046,A008,TRANSFERRED_TO,2026-08-03T22:02:00,35373.56,0.939
A003,A027,TRANSFERRED_TO,2026-08-04T09:03:00,38769.36,0.876
A010,A046,TRANSFERRED_TO,2026-08-05T20:04:00,24058.91,0.872
A017,A015,TRANSFERRED_TO,2026-08-06T07:05:00,29181.13,0.916
A024,A034,TRANSFERRED_TO,2026-08-07T18:06:00,22237.3,0.808
A031,A003,TRANSFERRED_TO,2026-08-08T05:07:00,16301.87,0.821
A038,A022,TRANSFERRED_TO,2026-08-09T16:08:00,31277.64,0.926
A045,A041,TRANSFERRED_TO,2026-08-10T03:09:00,25590.05,0.921
A002,A010,TRANSFERRED_TO,2026-08-11T14:10:00,19735.14,0.971
A009,A029,TRANSFERRED_TO,2026-08-12T01:11:00,11186.36,0.975
A016,A048,TRANSFERRED_TO,2026-08-13T12:12:00,33542.93,0.824
A023,A017,TRANSFERRED_TO,2026-08-14T23:13:00,38305.05,0.953
A030,A036,TRANSFERRED_TO,2026-08-15T10:14:00,12573.61,0.914
A037,A005,TRANSFERRED_TO,2026-08-16T21:15:00,41404.92,0.937
A044,A024,TRANSFERRED_TO,2026-08-17T08:16:00,24601.39,0.914
A001,A043,TRANSFERRED_TO,2026-08-18T19:17:00,18711.88,0.928
A008,A012,TRANSFERRED_TO,2026-08-19T06:18:00,20256.46,0.826
A015,A031,TRANSFERRED_TO,2026-08-20T17:19:00,41266.15,0.856
A022,A050,TRANSFERRED_TO,2026-08-21T04:20:00,31564.75,0.888
A029,A019,TRANSFERRED_TO,2026-08-22T15:21:00,28494.05,0.82
A036,A038,TRANSFERRED_TO,2026-08-23T02:22:00,42388.3,0.84
A043,A007,TRANSFERRED_TO,2026-08-24T13:23:00,9859.29,0.858
A050,A026,TRANSFERRED_TO,2026-08-25T00:24:00,439813.69,0.936
A007,A045,TRANSFERRED_TO,2026-08-26T11:25:00,40956.14,0.889
A014,A016,TRANSFERRED_TO,2026-08-27T22:26:00,32855.86,0.857
A021,A033,TRANSFERRED_TO,2026-08-28T09:27:00,23361.16,0.843
A028,A002,TRANSFERRED_TO,2026-08-29T20:28:00,22617.3,0.913
A035,A021,TRANSFERRED_TO,2026-08-30T07:29:00,32688.19,0.945
A042,A040,TRANSFERRED_TO,2026-08-01T18:30:00,42893.05,0.899
A049,A009,TRANSFERRED_TO,2026-08-02T05:31:00,13927.41,0.956
A006,A028,TRANSFERRED_TO,2026-08-03T16:32:00,41626.7,0.951
A013,A047,TRANSFERRED_TO,2026-08-04T03:33:00,20791.86,0.929
A020,A016,TRANSFERRED_TO,2026-08-05T14:34:00,39166.57,0.93
A027,A035,TRANSFERRED_TO,2026-08-06T01:35:00,9818.51,0.909
A034,A004,TRANSFERRED_TO,2026-08-07T12:36:00,16022.26,0.938
A041,A023,TRANSFERRED_TO,2026-08-08T23:37:00,5879.94,0.862
A048,A042,TRANSFERRED_TO,2026-08-09T10:38:00,11266.93,0.859
A005,A011,TRANSFERRED_TO,2026-08-10T21:39:00,30672.38,0.861
A012,A030,TRANSFERRED_TO,2026-08-11T08:40:00,39432.31,0.91
A019,A049,TRANSFERRED_TO,2026-08-12T19:41:00,39966.66,0.957
A026,A018,TRANSFERRED_TO,2026-08-13T06:42:00,30424.83,0.873
A033,A037,TRANSFERRED_TO,2026-08-14T17:43:00,40533.36,0.901
A040,A006,TRANSFERRED_TO,2026-08-15T04:44:00,38322.27,0.912
A047,A025,TRANSFERRED_TO,2026-08-16T15:45:00,2872.65,0.87
A004,A044,TRANSFERRED_TO,2026-08-17T02:46:00,20568.51,0.819
A011,A013,TRANSFERRED_TO,2026-08-18T13:47:00,23866.91,0.97
A018,A032,TRANSFERRED_TO,2026-08-19T00:48:00,25088.51,0.905
A025,A001,TRANSFERRED_TO,2026-08-20T11:49:00,32303.0,0.9
A032,A020,TRANSFERRED_TO,2026-08-21T22:50:00,34198.08,0.904
A039,A041,TRANSFERRED_TO,2026-08-22T09:51:00,31278.03,0.954
A046,A008,TRANSFERRED_TO,2026-08-23T20:52:00,41922.38,0.97
A003,A027,TRANSFERRED_TO,2026-08-24T07:53:00,290691.15,0.933
A010,A046,TRANSFERRED_TO,2026-08-25T18:54:00,43057.18,0.817
A017,A015,TRANSFERRED_TO,2026-08-26T05:55:00,16188.85,0.895
A024,A034,TRANSFERRED_TO,2026-08-27T16:56:00,43520.85,0.967
A031,A003,TRANSFERRED_TO,2026-08-28T03:57:00,32364.11,0.877
A038,A022,TRANSFERRED_TO,2026-08-29T14:58:00,32392.13,0.829
A045,A041,TRANSFERRED_TO,2026-08-30T01:59:00,42835.86,0.806
A002,A010,TRANSFERRED_TO,2026-08-01T12:00:00,3664.68,0.805
A009,A029,TRANSFERRED_TO,2026-08-02T23:01:00,31322.22,0.908
A016,A048,TRANSFERRED_TO,2026-08-03T10:02:00,22788.4,0.849
A023,A017,TRANSFERRED_TO,2026-08-04T21:03:00,40394.47,0.862
A030,A036,TRANSFERRED_TO,2026-08-05T08:04:00,37968.38,0.908
A037,A005,TRANSFERRED_TO,2026-08-06T19:05:00,24780.63,0.926
A044,A024,TRANSFERRED_TO,2026-08-07T06:06:00,36496.66,0.901
A001,A043,TRANSFERRED_TO,2026-08-08T17:07:00,24752.96,0.919
A008,A012,TRANSFERRED_TO,2026-08-09T04:08:00,19076.31,0.837
A015,A031,TRANSFERRED_TO,2026-08-10T15:09:00,33429.18,0.985
A022,A050,TRANSFERRED_TO,2026-08-11T02:10:00,32231.15,0.835
A029,A019,TRANSFERRED_TO,2026-08-12T13:11:00,13265.37,0.858
A036,A038,TRANSFERRED_TO,2026-08-13T00:12:00,42638.25,0.965
A043,A007,TRANSFERRED_TO,2026-08-14T11:13:00,9014.56,0.932
A050,A026,TRANSFERRED_TO,2026-08-15T22:14:00,26517.51,0.836
A007,A045,TRANSFERRED_TO,2026-08-16T09:15:00,26354.31,0.838
A014,A016,TRANSFERRED_TO,2026-08-17T20:16:00,13910.75,0.9
A021,A033,TRANSFERRED_TO,2026-08-18T07:17:00,14002.43,0.9
A028,A002,TRANSFERRED_TO,2026-08-19T18:18:00,6427.26,0.973
A035,A021,TRANSFERRED_TO,2026-08-20T05:19:00,33375.89,0.92
A042,A040,TRANSFERRED_TO,2026-08-21T16:20:00,3409.0,0.941
A049,A009,TRANSFERRED_TO,2026-08-22T03:21:00,39510.38,0.895
A006,A028,TRANSFERRED_TO,2026-08-23T14:22:00,318600.09,0.879
A013,A047,TRANSFERRED_TO,2026-08-24T01:23:00,22617.93,0.959
A020,A016,TRANSFERRED_TO,2026-08-25T12:24:00,28753.79,0.928
A027,A035,TRANSFERRED_TO,2026-08-26T23:25:00,29914.03,0.911
A034,A004,TRANSFERRED_TO,2026-08-27T10:26:00,31026.99,0.829
A041,A023,TRANSFERRED_TO,2026-08-28T21:27:00,17630.59,0.901
A048,A042,TRANSFERRED_TO,2026-08-29T08:28:00,27832.58,0.858
A005,A011,TRANSFERRED_TO,2026-08-30T19:29:00,37597.97,0.953
A012,A030,TRANSFERRED_TO,2026-08-01T06:30:00,33270.44,0.967
A019,A049,TRANSFERRED_TO,2026-08-02T17:31:00,23123.71,0.949
A026,A018,TRANSFERRED_TO,2026-08-03T04:32:00,39250.5,0.897
A033,A037,TRANSFERRED_TO,2026-08-04T15:33:00,23045.33,0.852
A040,A006,TRANSFERRED_TO,2026-08-05T02:34:00,7899.89,0.923
A047,A025,TRANSFERRED_TO,2026-08-06T13:35:00,39961.98,0.878
A004,A044,TRANSFERRED_TO,2026-08-07T00:36:00,12124.01,0.954
A011,A013,TRANSFERRED_TO,2026-08-08T11:37:00,21756.52,0.852
A018,A032,TRANSFERRED_TO,2026-08-09T22:38:00,10536.39,0.874
A025,A001,TRANSFERRED_TO,2026-08-10T09:39:00,40186.04,0.899
A032,A020,TRANSFERRED_TO,2026-08-11T20:40:00,33790.1,0.842
A039,A041,TRANSFERRED_TO,2026-08-12T07:41:00,40956.56,0.965
A046,A008,TRANSFERRED_TO,2026-08-13T18:42:00,44816.04,0.966
A003,A027,TRANSFERRED_TO,2026-08-14T05:43:00,13891.73,0.885
A010,A046,TRANSFERRED_TO,2026-08-15T16:44:00,29660.28,0.906
A017,A015,TRANSFERRED_TO,2026-08-16T03:45:00,17854.8,0.966
A024,A034,TRANSFERRED_TO,2026-08-17T14:46:00,33760.07,0.941
A031,A003,TRANSFERRED_TO,2026-08-18T01:47:00,16887.13,0.818
A038,A022,TRANSFERRED_TO,2026-08-19T12:48:00,42781.79,0.808
A045,A041,TRANSFERRED_TO,2026-08-20T23:49:00,18975.4,0.804
A002,A010,TRANSFERRED_TO,2026-08-21T10:50:00,42666.58,0.981
A009,A029,TRANSFERRED_TO,2026-08-22T21:51:00,239231.5,0.973
A016,A048,TRANSFERRED_TO,2026-08-23T08:52:00,38222.58,0.83
A023,A017,TRANSFERRED_TO,2026-08-24T19:53:00,25468.62,0.87
A030,A036,TRANSFERRED_TO,2026-08-25T06:54:00,40279.36,0.821
A037,A005,TRANSFERRED_TO,2026-08-26T17:55:00,26409.06,0.897
A044,A024,TRANSFERRED_TO,2026-08-27T04:56:00,13879.64,0.802
A001,A043,TRANSFERRED_TO,2026-08-28T15:57:00,43769.31,0.905
A008,A012,TRANSFERRED_TO,2026-08-29T02:58:00,36854.24,0.811
A015,A031,TRANSFERRED_TO,2026-08-30T13:59:00,25401.54,0.885
A022,A050,TRANSFERRED_TO,2026-08-01T00:00:00,5868.67,0.891
A029,A019,TRANSFERRED_TO,2026-08-02T11:01:00,28572.6,0.851
A036,A038,TRANSFERRED_TO,2026-08-03T22:02:00,39360.1,0.813
A043,A007,TRANSFERRED_TO,2026-08-04T09:03:00,33299.49,0.932
A050,A026,TRANSFERRED_TO,2026-08-05T20:04:00,35957.96,0.924
A007,A045,TRANSFERRED_TO,2026-08-06T07:05:00,27213.33,0.896
A014,A016,TRANSFERRED_TO,2026-08-07T18:06:00,35208.01,0.95
A021,A033,TRANSFERRED_TO,2026-08-08T05:07:00,28903.18,0.908
A028,A002,TRANSFERRED_TO,2026-08-09T16:08:00,4783.8,0.838
A035,A021,TRANSFERRED_TO,2026-08-10T03:09:00,9235.3,0.972
A042,A040,TRANSFERRED_TO,2026-08-11T14:10:00,21855.11,0.851
A049,A009,TRANSFERRED_TO,2026-08-12T01:11:00,37193.83,0.892
A006,A028,TRANSFERRED_TO,2026-08-13T12:12:00,7901.99,0.818
A013,A047,TRANSFERRED_TO,2026-08-14T23:13:00,5537.93,0.855
A020,A016,TRANSFERRED_TO,2026-08-15T10:14:00,25084.06,0.954
A027,A035,TRANSFERRED_TO,2026-08-16T21:15:00,27368.0,0.979
A034,A004,TRANSFERRED_TO,2026-08-17T08:16:00,2902.16,0.984
A041,A023,TRANSFERRED_TO,2026-08-18T19:17:00,11366.56,0.9
A048,A042,TRANSFERRED_TO,2026-08-19T06:18:00,6675.46,0.882
A005,A011,TRANSFERRED_TO,2026-08-20T17:19:00,12829.13,0.895
A012,A030,TRANSFERRED_TO,2026-08-21T04:20:00,245679.22,0.84
A019,A049,TRANSFERRED_TO,2026-08-22T15:21:00,18720.48,0.95
A026,A018,TRANSFERRED_TO,2026-08-23T02:22:00,10787.77,0.874
A033,A037,TRANSFERRED_TO,2026-08-24T13:23:00,40728.68,0.978
A040,A006,TRANSFERRED_TO,2026-08-25T00:24:00,7199.42,0.961
A047,A025,TRANSFERRED_TO,2026-08-26T11:25:00,16017.56,0.97
A004,A044,TRANSFERRED_TO,2026-08-27T22:26:00,25979.72,0.882
A011,A013,TRANSFERRED_TO,2026-08-28T09:27:00,39922.69,0.866
A018,A032,TRANSFERRED_TO,2026-08-29T20:28:00,32567.95,0.884
A025,A001,TRANSFERRED_TO,2026-08-30T07:29:00,10805.03,0.819
A032,A020,TRANSFERRED_TO,2026-08-01T18:30:00,11464.08,0.824
A039,A041,TRANSFERRED_TO,2026-08-02T05:31:00,26302.38,0.8
A046,A008,TRANSFERRED_TO,2026-08-03T16:32:00,30004.16,0.985
A003,A027,TRANSFERRED_TO,2026-08-04T03:33:00,42664.56,0.973
A010,A046,TRANSFERRED_TO,2026-08-05T14:34:00,23495.46,0.837
A017,A015,TRANSFERRED_TO,2026-08-06T01:35:00,21836.84,0.903
A024,A034,TRANSFERRED_TO,2026-08-07T12:36:00,34927.24,0.934
A031,A003,TRANSFERRED_TO,2026-08-08T23:37:00,43249.93,0.903
A038,A022,TRANSFERRED_TO,2026-08-09T10:38:00,3251.63,0.89
A045,A041,TRANSFERRED_TO,2026-08-10T21:39:00,23507.27,0.819
A002,A010,TRANSFERRED_TO,2026-08-11T08:40:00,7779.05,0.912
A009,A029,TRANSFERRED_TO,2026-08-12T19:41:00,28611.71,0.827
A016,A048,TRANSFERRED_TO,2026-08-13T06:42:00,23696.81,0.831
A023,A017,TRANSFERRED_TO,2026-08-14T17:43:00,22557.63,0.926
A030,A036,TRANSFERRED_TO,2026-08-15T04:44:00,14482.44,0.854
A037,A005,TRANSFERRED_TO,2026-08-16T15:45:00,28877.5,0.98
A044,A024,TRANSFERRED_TO,2026-08-17T02:46:00,11109.71,0.854
A001,A043,TRANSFERRED_TO,2026-08-18T13:47:00,5006.73,0.988
A008,A012,TRANSFERRED_TO,2026-08-19T00:48:00,26395.16,0.84
A015,A031,TRANSFERRED_TO,2026-08-20T11:49:00,176649.81,0.858
A022,A050,TRANSFERRED_TO,2026-08-21T22:50:00,23441.79,0.899
A029,A019,TRANSFERRED_TO,2026-08-22T09:51:00,28524.75,0.862
A036,A038,TRANSFERRED_TO,2026-08-23T20:52:00,7752.01,0.849
A043,A007,TRANSFERRED_TO,2026-08-24T07:53:00,33100.98,0.968
A050,A026,TRANSFERRED_TO,2026-08-25T18:54:00,40778.03,0.86
A007,A045,TRANSFERRED_TO,2026-08-26T05:55:00,25408.66,0.802
A014,A016,TRANSFERRED_TO,2026-08-27T16:56:00,25091.1,0.972
A021,A033,TRANSFERRED_TO,2026-08-28T03:57:00,35453.88,0.82
A028,A002,TRANSFERRED_TO,2026-08-29T14:58:00,9301.68,0.968
A035,A021,TRANSFERRED_TO,2026-08-30T01:59:00,11498.29,0.905
A042,A040,TRANSFERRED_TO,2026-08-01T12:00:00,22380.02,0.83
A049,A009,TRANSFERRED_TO,2026-08-02T23:01:00,35403.84,0.828
A006,A028,TRANSFERRED_TO,2026-08-03T10:02:00,36701.43,0.876
A013,A047,TRANSFERRED_TO,2026-08-04T21:03:00,41757.65,0.857
A020,A016,TRANSFERRED_TO,2026-08-05T08:04:00,34320.24,0.831
A027,A035,TRANSFERRED_TO,2026-08-06T19:05:00,5003.32,0.854
A034,A004,TRANSFERRED_TO,2026-08-07T06:06:00,22501.16,0.867
A041,A023,TRANSFERRED_TO,2026-08-08T17:07:00,9925.91,0.819
A048,A042,TRANSFERRED_TO,2026-08-09T04:08:00,37927.15,0.959
A005,A011,TRANSFERRED_TO,2026-08-10T15:09:00,12635.12,0.894
A012,A030,TRANSFERRED_TO,2026-08-11T02:10:00,30730.18,0.829
A019,A049,TRANSFERRED_TO,2026-08-12T13:11:00,7677.03,0.863
A026,A018,TRANSFERRED_TO,2026-08-13T00:12:00,22543.17,0.853
A033,A037,TRANSFERRED_TO,2026-08-14T11:13:00,7185.32,0.862
A040,A006,TRANSFERRED_TO,2026-08-15T22:14:00,18025.46,0.865
A047,A025,TRANSFERRED_TO,2026-08-16T09:15:00,31959.2,0.823
A004,A044,TRANSFERRED_TO,2026-08-17T20:16:00,33450.51,0.906
A011,A013,TRANSFERRED_TO,2026-08-18T07:17:00,37343.99,0.802
A018,A032,TRANSFERRED_TO,2026-08-19T18:18:00,399712.58,0.951
A025,A001,TRANSFERRED_TO,2026-08-20T05:19:00,44508.61,0.833
A032,A020,TRANSFERRED_TO,2026-08-21T16:20:00,6044.7,0.914
A039,A041,TRANSFERRED_TO,2026-08-22T03:21:00,17158.37,0.934
A046,A008,TRANSFERRED_TO,2026-08-23T14:22:00,35906.37,0.972
A003,A027,TRANSFERRED_TO,2026-08-24T01:23:00,4963.88,0.955
A010,A046,TRANSFERRED_TO,2026-08-25T12:24:00,25923.73,0.825
A017,A015,TRANSFERRED_TO,2026-08-26T23:25:00,41743.71,0.86
A024,A034,TRANSFERRED_TO,2026-08-27T10:26:00,22429.4,0.945
A031,A003,TRANSFERRED_TO,2026-08-28T21:27:00,9025.72,0.915
A038,A022,TRANSFERRED_TO,2026-08-29T08:28:00,33915.17,0.902
A045,A041,TRANSFERRED_TO,2026-08-30T19:29:00,37909.71,0.957
A002,A010,TRANSFERRED_TO,2026-08-01T06:30:00,20147.57,0.878
A009,A029,TRANSFERRED_TO,2026-08-02T17:31:00,41572.09,0.864
A016,A048,TRANSFERRED_TO,2026-08-03T04:32:00,15417.34,0.869
A023,A017,TRANSFERRED_TO,2026-08-04T15:33:00,33586.45,0.837
A030,A036,TRANSFERRED_TO,2026-08-05T02:34:00,36057.49,0.938
A037,A005,TRANSFERRED_TO,2026-08-06T13:35:00,20820.98,0.819
A044,A024,TRANSFERRED_TO,2026-08-07T00:36:00,27531.84,0.87
A001,A043,TRANSFERRED_TO,2026-08-08T11:37:00,13098.01,0.86
A008,A012,TRANSFERRED_TO,2026-08-09T22:38:00,33000.9,0.986
A015,A031,TRANSFERRED_TO,2026-08-10T09:39:00,44351.82,0.947
A022,A050,TRANSFERRED_TO,2026-08-11T20:40:00,20464.7,0.853
A029,A019,TRANSFERRED_TO,2026-08-12T07:41:00,20683.49,0.844
A036,A038,TRANSFERRED_TO,2026-08-13T18:42:00,12494.79,0.813
A043,A007,TRANSFERRED_TO,2026-08-14T05:43:00,33678.07,0.914
A050,A026,TRANSFERRED_TO,2026-08-15T16:44:00,2690.87,0.905
A007,A045,TRANSFERRED_TO,2026-08-16T03:45:00,44849.7,0.816
A014,A016,TRANSFERRED_TO,2026-08-17T14:46:00,26725.38,0.889
A021,A033,TRANSFERRED_TO,2026-08-18T01:47:00,353102.15,0.922
A028,A002,TRANSFERRED_TO,2026-08-19T12:48:00,40271.2,0.871
A035,A021,TRANSFERRED_TO,2026-08-20T23:49:00,23610.57,0.843
A042,A040,TRANSFERRED_TO,2026-08-21T10:50:00,24793.48,0.875
A049,A009,TRANSFERRED_TO,2026-08-22T21:51:00,39565.59,0.975
A006,A028,TRANSFERRED_TO,2026-08-23T08:52:00,29509.92,0.985
A013,A047,TRANSFERRED_TO,2026-08-24T19:53:00,44957.61,0.88
A020,A016,TRANSFERRED_TO,2026-08-25T06:54:00,40666.29,0.874
A027,A035,TRANSFERRED_TO,2026-08-26T17:55:00,42578.3,0.99
A034,A004,TRANSFERRED_TO,2026-08-27T04:56:00,26021.06,0.878
A041,A023,TRANSFERRED_TO,2026-08-28T15:57:00,34492.25,0.847
A048,A042,TRANSFERRED_TO,2026-08-29T02:58:00,31732.85,0.88
A005,A011,TRANSFERRED_TO,2026-08-30T13:59:00,43829.37,0.9
A012,A030,TRANSFERRED_TO,2026-08-01T00:00:00,39338.93,0.988
A019,A049,TRANSFERRED_TO,2026-08-02T11:01:00,34442.39,0.96
A026,A018,TRANSFERRED_TO,2026-08-03T22:02:00,4852.66,0.815
A033,A037,TRANSFERRED_TO,2026-08-04T09:03:00,8731.25,0.95
A040,A006,TRANSFERRED_TO,2026-08-05T20:04:00,44781.12,0.85
A047,A025,TRANSFERRED_TO,2026-08-06T07:05:00,3921.35,0.836
A004,A044,TRANSFERRED_TO,2026-08-07T18:06:00,41046.76,0.847
A011,A013,TRANSFERRED_TO,2026-08-08T05:07:00,36510.05,0.946
A018,A032,TRANSFERRED_TO,2026-08-09T16:08:00,30836.69,0.837
A025,A001,TRANSFERRED_TO,2026-08-10T03:09:00,37683.22,0.839
A032,A020,TRANSFERRED_TO,2026-08-11T14:10:00,42259.06,0.824
A039,A041,TRANSFERRED_TO,2026-08-12T01:11:00,26872.94,0.874
A046,A008,TRANSFERRED_TO,2026-08-13T12:12:00,3081.63,0.81
A003,A027,TRANSFERRED_TO,2026-08-14T23:13:00,37814.78,0.826
A010,A046,TRANSFERRED_TO,2026-08-15T10:14:00,41449.58,0.984
A017,A015,TRANSFERRED_TO,2026-08-16T21:15:00,31420.45,0.916
A024,A034,TRANSFERRED_TO,2026-08-17T08:16:00,382825.84,0.965
A031,A003,TRANSFERRED_TO,2026-08-18T19:17:00,21031.89,0.882
A038,A022,TRANSFERRED_TO,2026-08-19T06:18:00,21295.07,0.875
A045,A041,TRANSFERRED_TO,2026-08-20T17:19:00,33015.59,0.821
A002,A010,TRANSFERRED_TO,2026-08-21T04:20:00,40089.1,0.827
A009,A029,TRANSFERRED_TO,2026-08-22T15:21:00,24152.44,0.945
A016,A048,TRANSFERRED_TO,2026-08-23T02:22:00,18238.26,0.829
A023,A017,TRANSFERRED_TO,2026-08-24T13:23:00,11871.87,0.893
A030,A036,TRANSFERRED_TO,2026-08-25T00:24:00,23026.57,0.93
A037,A005,TRANSFERRED_TO,2026-08-26T11:25:00,34648.25,0.923
A044,A024,TRANSFERRED_TO,2026-08-27T22:26:00,24265.78,0.894
A001,A043,TRANSFERRED_TO,2026-08-28T09:27:00,17423.41,0.803
A008,A012,TRANSFERRED_TO,2026-08-29T20:28:00,5086.74,0.905
A015,A031,TRANSFERRED_TO,2026-08-30T07:29:00,30143.22,0.85
A022,A050,TRANSFERRED_TO,2026-08-01T18:30:00,4589.16,0.888
A029,A019,TRANSFERRED_TO,2026-08-02T05:31:00,23937.15,0.928
A036,A038,TRANSFERRED_TO,2026-08-03T16:32:00,43537.48,0.887
A043,A007,TRANSFERRED_TO,2026-08-04T03:33:00,43988.74,0.897
A050,A026,TRANSFERRED_TO,2026-08-05T14:34:00,20272.55,0.98
A007,A045,TRANSFERRED_TO,2026-08-06T01:35:00,43957.2,0.942
A014,A016,TRANSFERRED_TO,2026-08-07T12:36:00,4733.67,0.924
A021,A033,TRANSFERRED_TO,2026-08-08T23:37:00,42391.27,0.95
A028,A002,TRANSFERRED_TO,2026-08-09T10:38:00,15223.27,0.958
A035,A021,TRANSFERRED_TO,2026-08-10T21:39:00,35799.47,0.905
A042,A040,TRANSFERRED_TO,2026-08-11T08:40:00,41437.13,0.828
A049,A009,TRANSFERRED_TO,2026-08-12T19:41:00,35143.36,0.989
A006,A028,TRANSFERRED_TO,2026-08-13T06:42:00,23362.53,0.894
A013,A047,TRANSFERRED_TO,2026-08-14T17:43:00,4162.69,0.873
A020,A016,TRANSFERRED_TO,2026-08-15T04:44:00,44220.95,0.817
A027,A035,TRANSFERRED_TO,2026-08-16T15:45:00,219953.43,0.842
A034,A004,TRANSFERRED_TO,2026-08-17T02:46:00,10803.74,0.948
A041,A023,TRANSFERRED_TO,2026-08-18T13:47:00,18295.48,0.893
A048,A042,TRANSFERRED_TO,2026-08-19T00:48:00,17706.42,0.935
A005,A011,TRANSFERRED_TO,2026-08-20T11:49:00,29850.54,0.945
A012,A030,TRANSFERRED_TO,2026-08-21T22:50:00,37538.75,0.962
A019,A049,TRANSFERRED_TO,2026-08-22T09:51:00,32704.41,0.982
A026,A018,TRANSFERRED_TO,2026-08-23T20:52:00,17519.93,0.948
A033,A037,TRANSFERRED_TO,2026-08-24T07:53:00,10054.49,0.883
A040,A006,TRANSFERRED_TO,2026-08-25T18:54:00,23887.75,0.978
A047,A025,TRANSFERRED_TO,2026-08-26T05:55:00,27244.3,0.959
A004,A044,TRANSFERRED_TO,2026-08-27T16:56:00,15345.03,0.811
A011,A013,TRANSFERRED_TO,2026-08-28T03:57:00,3207.9,0.894
A018,A032,TRANSFERRED_TO,2026-08-29T14:58:00,6869.09,0.896
A025,A001,TRANSFERRED_TO,2026-08-30T01:59:00,18103.85,0.828
A032,A020,TRANSFERRED_TO,2026-08-01T12:00:00,8189.72,0.938
A039,A041,TRANSFERRED_TO,2026-08-02T23:01:00,9450.94,0.836
A046,A008,TRANSFERRED_TO,2026-08-03T10:02:00,25851.88,0.981
A003,A027,TRANSFERRED_TO,2026-08-04T21:03:00,25466.41,0.83
A010,A046,TRANSFERRED_TO,2026-08-05T08:04:00,29299.15,0.909
A017,A015,TRANSFERRED_TO,2026-08-06T19:05:00,12225.85,0.943
A024,A034,TRANSFERRED_TO,2026-08-07T06:06:00,42840.42,0.874
A031,A003,TRANSFERRED_TO,2026-08-08T17:07:00,42976.97,0.92
A038,A022,TRANSFERRED_TO,2026-08-09T04:08:00,17159.23,0.891
A045,A041,TRANSFERRED_TO,2026-08-10T15:09:00,34657.03,0.956
A002,A010,TRANSFERRED_TO,2026-08-11T02:10:00,44249.75,0.94
A009,A029,TRANSFERRED_TO,2026-08-12T13:11:00,5973.93,0.973
A016,A048,TRANSFERRED_TO,2026-08-13T00:12:00,15390.75,0.955
A023,A017,TRANSFERRED_TO,2026-08-14T11:13:00,22484.41,0.809
A030,A036,TRANSFERRED_TO,2026-08-15T22:14:00,318463.07,0.873
A037,A005,TRANSFERRED_TO,2026-08-16T09:15:00,17278.7,0.885
A044,A024,TRANSFERRED_TO,2026-08-17T20:16:00,44094.12,0.818
A001,A043,TRANSFERRED_TO,2026-08-18T07:17:00,29172.25,0.946
A008,A012,TRANSFERRED_TO,2026-08-19T18:18:00,31134.85,0.86
A015,A031,TRANSFERRED_TO,2026-08-20T05:19:00,11088.75,0.913
A022,A050,TRANSFERRED_TO,2026-08-21T16:20:00,22679.31,0.854
A029,A019,TRANSFERRED_TO,2026-08-22T03:21:00,14572.71,0.879
A036,A038,TRANSFERRED_TO,2026-08-23T14:22:00,19020.54,0.88
A043,A007,TRANSFERRED_TO,2026-08-24T01:23:00,9721.35,0.866
A050,A026,TRANSFERRED_TO,2026-08-25T12:24:00,34153.07,0.845
A007,A045,TRANSFERRED_TO,2026-08-26T23:25:00,20283.52,0.898
A014,A016,TRANSFERRED_TO,2026-08-27T10:26:00,26719.88,0.958
A021,A033,TRANSFERRED_TO,2026-08-28T21:27:00,35736.2,0.831
A028,A002,TRANSFERRED_TO,2026-08-29T08:28:00,3066.18,0.911
A035,A021,TRANSFERRED_TO,2026-08-30T19:29:00,44731.79,0.913
A042,A040,TRANSFERRED_TO,2026-08-01T06:30:00,19154.41,0.814
A049,A009,TRANSFERRED_TO,2026-08-02T17:31:00,17434.33,0.847
A006,A028,TRANSFERRED_TO,2026-08-03T04:32:00,10168.05,0.87
A013,A047,TRANSFERRED_TO,2026-08-04T15:33:00,25603.09,0.98
A020,A016,TRANSFERRED_TO,2026-08-05T02:34:00,25574.07,0.987
A027,A035,TRANSFERRED_TO,2026-08-06T13:35:00,38792.28,0.845
A034,A004,TRANSFERRED_TO,2026-08-07T00:36:00,42715.78,0.981
A041,A023,TRANSFERRED_TO,2026-08-08T11:37:00,36279.81,0.928
A048,A042,TRANSFERRED_TO,2026-08-09T22:38:00,14472.81,0.871
A005,A011,TRANSFERRED_TO,2026-08-10T09:39:00,5003.63,0.913
A012,A030,TRANSFERRED_TO,2026-08-11T20:40:00,20412.64,0.931
A019,A049,TRANSFERRED_TO,2026-08-12T07:41:00,11198.86,0.847
A026,A018,TRANSFERRED_TO,2026-08-13T18:42:00,6565.85,0.927
A033,A037,TRANSFERRED_TO,2026-08-14T05:43:00,340400.38,0.96
A040,A006,TRANSFERRED_TO,2026-08-15T16:44:00,17305.66,0.984
A047,A025,TRANSFERRED_TO,2026-08-16T03:45:00,16840.86,0.865
A004,A044,TRANSFERRED_TO,2026-08-17T14:46:00,18523.82,0.883
A011,A013,TRANSFERRED_TO,2026-08-18T01:47:00,33305.34,0.815
A018,A032,TRANSFERRED_TO,2026-08-19T12:48:00,11970.98,0.981
A025,A001,TRANSFERRED_TO,2026-08-20T23:49:00,23960.87,0.913
A032,A020,TRANSFERRED_TO,2026-08-21T10:50:00,41307.91,0.882
A039,A041,TRANSFERRED_TO,2026-08-22T21:51:00,24995.83,0.803
A046,A008,TRANSFERRED_TO,2026-08-23T08:52:00,41379.24,0.877
A003,A027,TRANSFERRED_TO,2026-08-24T19:53:00,15207.79,0.947
A010,A046,TRANSFERRED_TO,2026-08-25T06:54:00,20427.95,0.807
A017,A015,TRANSFERRED_TO,2026-08-26T17:55:00,13011.69,0.974
A024,A034,TRANSFERRED_TO,2026-08-27T04:56:00,43666.28,0.812
A031,A003,TRANSFERRED_TO,2026-08-28T15:57:00,33034.25,0.82
A038,A022,TRANSFERRED_TO,2026-08-29T02:58:00,19254.12,0.966
A045,A041,TRANSFERRED_TO,2026-08-30T13:59:00,14422.43,0.829
A002,A010,TRANSFERRED_TO,2026-08-01T00:00:00,23349.99,0.803
A009,A029,TRANSFERRED_TO,2026-08-02T11:01:00,32188.36,0.919
A016,A048,TRANSFERRED_TO,2026-08-03T22:02:00,11186.69,0.808
A023,A017,TRANSFERRED_TO,2026-08-04T09:03:00,30438.46,0.867
A030,A036,TRANSFERRED_TO,2026-08-05T20:04:00,14059.09,0.889
A037,A005,TRANSFERRED_TO,2026-08-06T07:05:00,42045.32,0.819
A044,A024,TRANSFERRED_TO,2026-08-07T18:06:00,27792.75,0.832
A001,A043,TRANSFERRED_TO,2026-08-08T05:07:00,30726.73,0.866
A008,A012,TRANSFERRED_TO,2026-08-09T16:08:00,24096.89,0.931
A015,A031,TRANSFERRED_TO,2026-08-10T03:09:00,18767.3,0.896
A022,A050,TRANSFERRED_TO,2026-08-11T14:10:00,42100.87,0.88
A029,A019,TRANSFERRED_TO,2026-08-12T01:11:00,19777.41,0.945
A036,A038,TRANSFERRED_TO,2026-08-13T12:12:00,368427.71,0.913
A043,A007,TRANSFERRED_TO,2026-08-14T23:13:00,13082.99,0.835
A050,A026,TRANSFERRED_TO,2026-08-15T10:14:00,24506.68,0.966
A007,A045,TRANSFERRED_TO,2026-08-16T21:15:00,12372.02,0.939
A014,A016,TRANSFERRED_TO,2026-08-17T08:16:00,38507.75,0.953
A021,A033,TRANSFERRED_TO,2026-08-18T19:17:00,23034.25,0.8
A028,A002,TRANSFERRED_TO,2026-08-19T06:18:00,11731.33,0.848
A035,A021,TRANSFERRED_TO,2026-08-20T17:19:00,42053.57,0.909
A042,A040,TRANSFERRED_TO,2026-08-21T04:20:00,15373.0,0.977
A049,A009,TRANSFERRED_TO,2026-08-22T15:21:00,35409.36,0.905
A006,A028,TRANSFERRED_TO,2026-08-23T02:22:00,34892.95,0.836
A013,A047,TRANSFERRED_TO,2026-08-24T13:23:00,24555.9,0.873
A020,A016,TRANSFERRED_TO,2026-08-25T00:24:00,37941.88,0.903
A027,A035,TRANSFERRED_TO,2026-08-26T11:25:00,15632.52,0.901
A034,A004,TRANSFERRED_TO,2026-08-27T22:26:00,44274.93,0.879
A041,A023,TRANSFERRED_TO,2026-08-28T09:27:00,26230.18,0.836
A048,A042,TRANSFERRED_TO,2026-08-29T20:28:00,31518.01,0.935
A005,A011,TRANSFERRED_TO,2026-08-30T07:29:00,3423.42,0.856
A012,A030,TRANSFERRED_TO,2026-08-01T18:30:00,29342.05,0.91
A019,A049,TRANSFERRED_TO,2026-08-02T05:31:00,10416.39,0.935
A026,A018,TRANSFERRED_TO,2026-08-03T16:32:00,36501.73,0.826
A033,A037,TRANSFERRED_TO,2026-08-04T03:33:00,27405.57,0.888
A040,A006,TRANSFERRED_TO,2026-08-05T14:34:00,16445.75,0.86
A047,A025,TRANSFERRED_TO,2026-08-06T01:35:00,32447.53,0.963
A004,A044,TRANSFERRED_TO,2026-08-07T12:36:00,14821.93,0.919
A011,A013,TRANSFERRED_TO,2026-08-08T23:37:00,15983.47,0.956
A018,A032,TRANSFERRED_TO,2026-08-09T10:38:00,25907.6,0.89
A025,A001,TRANSFERRED_TO,2026-08-10T21:39:00,11188.29,0.802
A032,A020,TRANSFERRED_TO,2026-08-11T08:40:00,33013.65,0.812
A039,A041,TRANSFERRED_TO,2026-08-12T19:41:00,190959.94,0.835
A046,A008,TRANSFERRED_TO,2026-08-13T06:42:00,35677.98,0.915
A003,A027,TRANSFERRED_TO,2026-08-14T17:43:00,6882.34,0.956
A010,A046,TRANSFERRED_TO,2026-08-15T04:44:00,3231.51,0.845
A017,A015,TRANSFERRED_TO,2026-08-16T15:45:00,7844.75,0.903
A024,A034,TRANSFERRED_TO,2026-08-17T02:46:00,17984.43,0.977
A031,A003,TRANSFERRED_TO,2026-08-18T13:47:00,34781.43,0.823
A038,A022,TRANSFERRED_TO,2026-08-19T00:48:00,9954.55,0.852
A045,A041,TRANSFERRED_TO,2026-08-20T11:49:00,15484.94,0.863
A002,A010,TRANSFERRED_TO,2026-08-21T22:50:00,16027.98,0.807
A009,A029,TRANSFERRED_TO,2026-08-22T09:51:00,17116.71,0.824
A016,A048,TRANSFERRED_TO,2026-08-23T20:52:00,31278.73,0.958
A023,A017,TRANSFERRED_TO,2026-08-24T07:53:00,9873.19,0.936
A030,A036,TRANSFERRED_TO,2026-08-25T18:54:00,11166.06,0.967
A037,A005,TRANSFERRED_TO,2026-08-26T05:55:00,7323.44,0.889
A044,A024,TRANSFERRED_TO,2026-08-27T16:56:00,41769.85,0.927
A001,A043,TRANSFERRED_TO,2026-08-28T03:57:00,26499.3,0.892
A008,A012,TRANSFERRED_TO,2026-08-29T14:58:00,12744.31,0.909
A015,A031,TRANSFERRED_TO,2026-08-30T01:59:00,25035.77,0.978
A022,A050,TRANSFERRED_TO,2026-08-01T12:00:00,39639.14,0.806
A029,A019,TRANSFERRED_TO,2026-08-02T23:01:00,15244.27,0.885
A036,A038,TRANSFERRED_TO,2026-08-03T10:02:00,26679.44,0.889
A043,A007,TRANSFERRED_TO,2026-08-04T21:03:00,11036.79,0.914
A050,A026,TRANSFERRED_TO,2026-08-05T08:04:00,43505.76,0.86
A007,A045,TRANSFERRED_TO,2026-08-06T19:05:00,15950.16,0.918
A014,A016,TRANSFERRED_TO,2026-08-07T06:06:00,20969.54,0.84
A021,A033,TRANSFERRED_TO,2026-08-08T17:07:00,33666.14,0.812
A028,A002,TRANSFERRED_TO,2026-08-09T04:08:00,19282.21,0.966
A035,A021,TRANSFERRED_TO,2026-08-10T15:09:00,39020.26,0.87
A042,A040,TRANSFERRED_TO,2026-08-11T02:10:00,432417.6,0.904
A049,A009,TRANSFERRED_TO,2026-08-12T13:11:00,32842.5,0.8
A006,A028,TRANSFERRED_TO,2026-08-13T00:12:00,42637.99,0.857
A013,A047,TRANSFERRED_TO,2026-08-14T11:13:00,4422.77,0.951
A020,A016,TRANSFERRED_TO,2026-08-15T22:14:00,10931.26,0.864
A027,A035,TRANSFERRED_TO,2026-08-16T09:15:00,31371.72,0.935
A034,A004,TRANSFERRED_TO,2026-08-17T20:16:00,4085.26,0.923
A041,A023,TRANSFERRED_TO,2026-08-18T07:17:00,38084.54,0.956
A048,A042,TRANSFERRED_TO,2026-08-19T18:18:00,3438.15,0.912
A005,A011,TRANSFERRED_TO,2026-08-20T05:19:00,27014.12,0.957
A012,A030,TRANSFERRED_TO,2026-08-21T16:20:00,26671.78,0.942
A019,A049,TRANSFERRED_TO,2026-08-22T03:21:00,27399.93,0.964
A026,A018,TRANSFERRED_TO,2026-08-23T14:22:00,26443.92,0.82
A033,A037,TRANSFERRED_TO,2026-08-24T01:23:00,27058.34,0.958
A040,A006,TRANSFERRED_TO,2026-08-25T12:24:00,24168.5,0.826
A047,A025,TRANSFERRED_TO,2026-08-26T23:25:00,33888.75,0.882
A004,A044,TRANSFERRED_TO,2026-08-27T10:26:00,10741.67,0.956
A011,A013,TRANSFERRED_TO,2026-08-28T21:27:00,8873.74,0.965
A018,A032,TRANSFERRED_TO,2026-08-29T08:28:00,40099.16,0.849
A025,A001,TRANSFERRED_TO,2026-08-30T19:29:00,33238.65,0.968
A032,A020,TRANSFERRED_TO,2026-08-01T06:30:00,32609.7,0.892
A039,A041,TRANSFERRED_TO,2026-08-02T17:31:00,33798.21,0.938
A046,A008,TRANSFERRED_TO,2026-08-03T04:32:00,22158.76,0.818
A003,A027,TRANSFERRED_TO,2026-08-04T15:33:00,3705.27,0.958
A010,A046,TRANSFERRED_TO,2026-08-05T02:34:00,20245.4,0.948
A017,A015,TRANSFERRED_TO,2026-08-06T13:35:00,23964.37,0.941
A024,A034,TRANSFERRED_TO,2026-08-07T00:36:00,32896.36,0.807
A031,A003,TRANSFERRED_TO,2026-08-08T11:37:00,29136.99,0.981
A038,A022,TRANSFERRED_TO,2026-08-09T22:38:00,36799.28,0.899
A045,A041,TRANSFERRED_TO,2026-08-10T09:39:00,353913.52,0.827
A002,A010,TRANSFERRED_TO,2026-08-11T20:40:00,29103.26,0.98
A009,A029,TRANSFERRED_TO,2026-08-12T07:41:00,8892.91,0.915
A016,A048,TRANSFERRED_TO,2026-08-13T18:42:00,22363.9,0.839
A023,A017,TRANSFERRED_TO,2026-08-14T05:43:00,36048.0,0.983
A030,A036,TRANSFERRED_TO,2026-08-15T16:44:00,20940.78,0.978
A037,A005,TRANSFERRED_TO,2026-08-16T03:45:00,17236.54,0.914
A044,A024,TRANSFERRED_TO,2026-08-17T14:46:00,16075.0,0.831
A001,A043,TRANSFERRED_TO,2026-08-18T01:47:00,24945.89,0.91
A008,A012,TRANSFERRED_TO,2026-08-19T12:48:00,19579.0,0.821
A015,A031,TRANSFERRED_TO,2026-08-20T23:49:00,21011.82,0.898
A022,A050,TRANSFERRED_TO,2026-08-21T10:50:00,22528.18,0.801
A029,A019,TRANSFERRED_TO,2026-08-22T21:51:00,39307.92,0.808
A036,A038,TRANSFERRED_TO,2026-08-23T08:52:00,22894.07,0.844
A043,A007,TRANSFERRED_TO,2026-08-24T19:53:00,31445.77,0.942
A050,A026,TRANSFERRED_TO,2026-08-25T06:54:00,7401.13,0.955
A007,A045,TRANSFERRED_TO,2026-08-26T17:55:00,42677.41,0.809
A014,A016,TRANSFERRED_TO,2026-08-27T04:56:00,28617.62,0.84
A021,A033,TRANSFERRED_TO,2026-08-28T15:57:00,33504.32,0.94
A028,A002,TRANSFERRED_TO,2026-08-29T02:58:00,40794.09,0.869
A035,A021,TRANSFERRED_TO,2026-08-30T13:59:00,27028.49,0.835
A042,A040,TRANSFERRED_TO,2026-08-01T00:00:00,27302.31,0.941
A049,A009,TRANSFERRED_TO,2026-08-02T11:01:00,7880.22,0.946
A006,A028,TRANSFERRED_TO,2026-08-03T22:02:00,31659.33,0.879
A013,A047,TRANSFERRED_TO,2026-08-04T09:03:00,17143.32,0.877
A020,A016,TRANSFERRED_TO,2026-08-05T20:04:00,35093.08,0.823
A027,A035,TRANSFERRED_TO,2026-08-06T07:05:00,31819.44,0.877
A034,A004,TRANSFERRED_TO,2026-08-07T18:06:00,43956.97,0.982
A041,A023,TRANSFERRED_TO,2026-08-08T05:07:00,14260.51,0.847
A048,A042,TRANSFERRED_TO,2026-08-09T16:08:00,235209.99,0.918
A005,A011,TRANSFERRED_TO,2026-08-10T03:09:00,27672.79,0.865
A012,A030,TRANSFERRED_TO,2026-08-11T14:10:00,14190.03,0.925
A019,A049,TRANSFERRED_TO,2026-08-12T01:11:00,21256.45,0.821
A026,A018,TRANSFERRED_TO,2026-08-13T12:12:00,27745.19,0.932
A033,A037,TRANSFERRED_TO,2026-08-14T23:13:00,9129.6,0.949
A040,A006,TRANSFERRED_TO,2026-08-15T10:14:00,13423.57,0.839
A047,A025,TRANSFERRED_TO,2026-08-16T21:15:00,30577.25,0.898
A004,A044,TRANSFERRED_TO,2026-08-17T08:16:00,15476.73,0.881
A011,A013,TRANSFERRED_TO,2026-08-18T19:17:00,35522.49,0.905
A018,A032,TRANSFERRED_TO,2026-08-19T06:18:00,17092.85,0.917
A025,A001,TRANSFERRED_TO,2026-08-20T17:19:00,29588.62,0.828
A032,A020,TRANSFERRED_TO,2026-08-21T04:20:00,14865.3,0.973
A039,A041,TRANSFERRED_TO,2026-08-22T15:21:00,33679.03,0.99
A046,A008,TRANSFERRED_TO,2026-08-23T02:22:00,21836.95,0.96
A003,A027,TRANSFERRED_TO,2026-08-24T13:23:00,4033.88,0.967
A010,A046,TRANSFERRED_TO,2026-08-25T00:24:00,25934.98,0.967
A017,A015,TRANSFERRED_TO,2026-08-26T11:25:00,35640.04,0.833
A024,A034,TRANSFERRED_TO,2026-08-27T22:26:00,12855.09,0.943
A031,A003,TRANSFERRED_TO,2026-08-28T09:27:00,17284.56,0.836
A038,A022,TRANSFERRED_TO,2026-08-29T20:28:00,13992.48,0.855
A045,A041,TRANSFERRED_TO,2026-08-30T07:29:00,42619.04,0.812
A002,A010,TRANSFERRED_TO,2026-08-01T18:30:00,37959.61,0.914
A009,A029,TRANSFERRED_TO,2026-08-02T05:31:00,14020.65,0.823
A016,A048,TRANSFERRED_TO,2026-08-03T16:32:00,40848.95,0.901
A023,A017,TRANSFERRED_TO,2026-08-04T03:33:00,18611.24,0.965
A030,A036,TRANSFERRED_TO,2026-08-05T14:34:00,20534.73,0.96
A037,A005,TRANSFERRED_TO,2026-08-06T01:35:00,33448.23,0.919
A044,A024,TRANSFERRED_TO,2026-08-07T12:36:00,13131.8,0.963
A001,A043,TRANSFERRED_TO,2026-08-08T23:37:00,238134.59,0.867
A008,A012,TRANSFERRED_TO,2026-08-09T10:38:00,44630.14,0.887
A015,A031,TRANSFERRED_TO,2026-08-10T21:39:00,9518.17,0.909
A022,A050,TRANSFERRED_TO,2026-08-11T08:40:00,38606.86,0.917
A029,A019,TRANSFERRED_TO,2026-08-12T19:41:00,11529.72,0.85
A036,A038,TRANSFERRED_TO,2026-08-13T06:42:00,18728.57,0.936
A043,A007,TRANSFERRED_TO,2026-08-14T17:43:00,17406.53,0.965
A050,A026,TRANSFERRED_TO,2026-08-15T04:44:00,20425.53,0.891
A007,A045,TRANSFERRED_TO,2026-08-16T15:45:00,16157.16,0.834
A014,A016,TRANSFERRED_TO,2026-08-17T02:46:00,32773.12,0.887
A021,A033,TRANSFERRED_TO,2026-08-18T13:47:00,33160.89,0.845
A028,A002,TRANSFERRED_TO,2026-08-19T00:48:00,41492.12,0.843
A035,A021,TRANSFERRED_TO,2026-08-20T11:49:00,42301.71,0.925
A042,A040,TRANSFERRED_TO,2026-08-21T22:50:00,8889.23,0.876
A049,A009,TRANSFERRED_TO,2026-08-22T09:51:00,2860.0,0.904
A006,A028,TRANSFERRED_TO,2026-08-23T20:52:00,31648.59,0.935
A013,A047,TRANSFERRED_TO,2026-08-24T07:53:00,28035.63,0.926
A020,A016,TRANSFERRED_TO,2026-08-25T18:54:00,8385.95,0.919
A027,A035,TRANSFERRED_TO,2026-08-26T05:55:00,10986.75,0.967
A034,A004,TRANSFERRED_TO,2026-08-27T16:56:00,44930.39,0.873
A041,A023,TRANSFERRED_TO,2026-08-28T03:57:00,33340.26,0.91
A048,A042,TRANSFERRED_TO,2026-08-29T14:58:00,41652.53,0.956
A005,A011,TRANSFERRED_TO,2026-08-30T01:59:00,20546.43,0.864
A012,A030,TRANSFERRED_TO,2026-08-01T12:00:00,8591.49,0.977
A019,A049,TRANSFERRED_TO,2026-08-02T23:01:00,17433.01,0.934
A026,A018,TRANSFERRED_TO,2026-08-03T10:02:00,22156.33,0.975
A033,A037,TRANSFERRED_TO,2026-08-04T21:03:00,39611.75,0.862
A040,A006,TRANSFERRED_TO,2026-08-05T08:04:00,28153.25,0.801
A047,A025,TRANSFERRED_TO,2026-08-06T19:05:00,42398.14,0.947
A004,A044,TRANSFERRED_TO,2026-08-07T06:06:00,254949.51,0.866
A011,A013,TRANSFERRED_TO,2026-08-08T17:07:00,22077.95,0.891
A018,A032,TRANSFERRED_TO,2026-08-09T04:08:00,8237.38,0.829
A025,A001,TRANSFERRED_TO,2026-08-10T15:09:00,44541.49,0.847
A032,A020,TRANSFERRED_TO,2026-08-11T02:10:00,21789.87,0.949
A039,A041,TRANSFERRED_TO,2026-08-12T13:11:00,37571.35,0.919
A046,A008,TRANSFERRED_TO,2026-08-13T00:12:00,10885.2,0.93
A003,A027,TRANSFERRED_TO,2026-08-14T11:13:00,23684.93,0.944
A010,A046,TRANSFERRED_TO,2026-08-15T22:14:00,35215.26,0.817
A017,A015,TRANSFERRED_TO,2026-08-16T09:15:00,29155.14,0.906
A024,A034,TRANSFERRED_TO,2026-08-17T20:16:00,36993.14,0.95
A031,A003,TRANSFERRED_TO,2026-08-18T07:17:00,24290.53,0.979
A038,A022,TRANSFERRED_TO,2026-08-19T18:18:00,7186.94,0.847
A045,A041,TRANSFERRED_TO,2026-08-20T05:19:00,42343.04,0.988
A002,A010,TRANSFERRED_TO,2026-08-21T16:20:00,39664.14,0.918
A009,A029,TRANSFERRED_TO,2026-08-22T03:21:00,21065.96,0.804
A016,A048,TRANSFERRED_TO,2026-08-23T14:22:00,40315.96,0.989
A023,A017,TRANSFERRED_TO,2026-08-24T01:23:00,16497.71,0.963
A030,A036,TRANSFERRED_TO,2026-08-25T12:24:00,7872.22,0.954
A037,A005,TRANSFERRED_TO,2026-08-26T23:25:00,33104.93,0.952
A044,A024,TRANSFERRED_TO,2026-08-27T10:26:00,9245.98,0.865
A001,A043,TRANSFERRED_TO,2026-08-28T21:27:00,34175.01,0.879
A008,A012,TRANSFERRED_TO,2026-08-29T08:28:00,16627.15,0.8
A015,A031,TRANSFERRED_TO,2026-08-30T19:29:00,15470.4,0.977
A022,A050,TRANSFERRED_TO,2026-08-01T06:30:00,6857.81,0.821
A029,A019,TRANSFERRED_TO,2026-08-02T17:31:00,2928.56,0.817
A036,A038,TRANSFERRED_TO,2026-08-03T04:32:00,12785.5,0.879
A043,A007,TRANSFERRED_TO,2026-08-04T15:33:00,23467.17,0.956
A050,A026,TRANSFERRED_TO,2026-08-05T02:34:00,4159.7,0.82
A007,A045,TRANSFERRED_TO,2026-08-06T13:35:00,166458.83,0.812
A014,A016,TRANSFERRED_TO,2026-08-07T00:36:00,7063.12,0.969
A021,A033,TRANSFERRED_TO,2026-08-08T11:37:00,8731.83,0.858
A028,A002,TRANSFERRED_TO,2026-08-09T22:38:00,30157.84,0.914
A035,A021,TRANSFERRED_TO,2026-08-10T09:39:00,31966.89,0.942
A042,A040,TRANSFERRED_TO,2026-08-11T20:40:00,38069.02,0.903
A049,A009,TRANSFERRED_TO,2026-08-12T07:41:00,24601.99,0.801
A006,A028,TRANSFERRED_TO,2026-08-13T18:42:00,15016.96,0.982
A013,A047,TRANSFERRED_TO,2026-08-14T05:43:00,13942.52,0.923
A020,A016,TRANSFERRED_TO,2026-08-15T16:44:00,32708.71,0.966
A027,A035,TRANSFERRED_TO,2026-08-16T03:45:00,28851.75,0.921
A034,A004,TRANSFERRED_TO,2026-08-17T14:46:00,3515.42,0.981
A041,A023,TRANSFERRED_TO,2026-08-18T01:47:00,37407.21,0.879
A048,A042,TRANSFERRED_TO,2026-08-19T12:48:00,28330.51,0.913
A005,A011,TRANSFERRED_TO,2026-08-20T23:49:00,42024.08,0.825
A012,A030,TRANSFERRED_TO,2026-08-21T10:50:00,17313.6,0.946
A019,A049,TRANSFERRED_TO,2026-08-22T21:51:00,11036.43,0.944
A026,A018,TRANSFERRED_TO,2026-08-23T08:52:00,32642.55,0.863
A033,A037,TRANSFERRED_TO,2026-08-24T19:53:00,26778.77,0.812
A040,A006,TRANSFERRED_TO,2026-08-25T06:54:00,42325.36,0.89
A047,A025,TRANSFERRED_TO,2026-08-26T17:55:00,6980.44,0.948
A004,A044,TRANSFERRED_TO,2026-08-27T04:56:00,30520.64,0.828
A011,A013,TRANSFERRED_TO,2026-08-28T15:57:00,27507.99,0.822
A018,A032,TRANSFERRED_TO,2026-08-29T02:58:00,28859.34,0.856
A025,A001,TRANSFERRED_TO,2026-08-30T13:59:00,6382.56,0.884
A032,A020,TRANSFERRED_TO,2026-08-01T00:00:00,20981.56,0.928
A039,A041,TRANSFERRED_TO,2026-08-02T11:01:00,16007.46,0.905
A046,A008,TRANSFERRED_TO,2026-08-03T22:02:00,13731.19,0.877
A003,A027,TRANSFERRED_TO,2026-08-04T09:03:00,25394.67,0.937
A010,A046,TRANSFERRED_TO,2026-08-05T20:04:00,342223.13,0.966
A017,A015,TRANSFERRED_TO,2026-08-06T07:05:00,25847.1,0.974
A024,A034,TRANSFERRED_TO,2026-08-07T18:06:00,12955.01,0.845
A031,A003,TRANSFERRED_TO,2026-08-08T05:07:00,32234.96,0.925
A038,A022,TRANSFERRED_TO,2026-08-09T16:08:00,29578.24,0.937
A045,A041,TRANSFERRED_TO,2026-08-10T03:09:00,25855.79,0.84
A002,A010,TRANSFERRED_TO,2026-08-11T14:10:00,35692.84,0.914
A009,A029,TRANSFERRED_TO,2026-08-12T01:11:00,27258.02,0.978
A016,A048,TRANSFERRED_TO,2026-08-13T12:12:00,4210.94,0.813
A023,A017,TRANSFERRED_TO,2026-08-14T23:13:00,21731.14,0.826
A030,A036,TRANSFERRED_TO,2026-08-15T10:14:00,8908.97,0.862
A037,A005,TRANSFERRED_TO,2026-08-16T21:15:00,12753.83,0.801
A044,A024,TRANSFERRED_TO,2026-08-17T08:16:00,23155.75,0.875
A001,A043,TRANSFERRED_TO,2026-08-18T19:17:00,13843.6,0.974
A008,A012,TRANSFERRED_TO,2026-08-19T06:18:00,42005.02,0.846
A015,A031,TRANSFERRED_TO,2026-08-20T17:19:00,40472.45,0.812
A022,A050,TRANSFERRED_TO,2026-08-21T04:20:00,17952.11,0.827
A029,A019,TRANSFERRED_TO,2026-08-22T15:21:00,33905.58,0.925
A036,A038,TRANSFERRED_TO,2026-08-23T02:22:00,23801.59,0.91
A043,A007,TRANSFERRED_TO,2026-08-24T13:23:00,12151.57,0.866
A050,A026,TRANSFERRED_TO,2026-08-25T00:24:00,43798.16,0.919
A007,A045,TRANSFERRED_TO,2026-08-26T11:25:00,16366.82,0.966
A014,A016,TRANSFERRED_TO,2026-08-27T22:26:00,26187.87,0.853
A021,A033,TRANSFERRED_TO,2026-08-28T09:27:00,42027.48,0.92
A028,A002,TRANSFERRED_TO,2026-08-29T20:28:00,29213.46,0.959
A035,A021,TRANSFERRED_TO,2026-08-30T07:29:00,14383.87,0.922
A042,A040,TRANSFERRED_TO,2026-08-01T18:30:00,16604.4,0.941
A049,A009,TRANSFERRED_TO,2026-08-02T05:31:00,43556.94,0.875
A006,A028,TRANSFERRED_TO,2026-08-03T16:32:00,24977.11,0.826
A013,A047,TRANSFERRED_TO,2026-08-04T03:33:00,426738.61,0.812
A020,A016,TRANSFERRED_TO,2026-08-05T14:34:00,36244.69,0.981
A027,A035,TRANSFERRED_TO,2026-08-06T01:35:00,32709.38,0.815
A034,A004,TRANSFERRED_TO,2026-08-07T12:36:00,35708.72,0.907
A041,A023,TRANSFERRED_TO,2026-08-08T23:37:00,22860.32,0.836
A048,A042,TRANSFERRED_TO,2026-08-09T10:38:00,23412.79,0.871
A005,A011,TRANSFERRED_TO,2026-08-10T21:39:00,41363.08,0.937
A012,A030,TRANSFERRED_TO,2026-08-11T08:40:00,27321.33,0.944
A019,A049,TRANSFERRED_TO,2026-08-12T19:41:00,6810.41,0.824
A026,A018,TRANSFERRED_TO,2026-08-13T06:42:00,39241.49,0.812
A033,A037,TRANSFERRED_TO,2026-08-14T17:43:00,8934.26,0.823
A040,A006,TRANSFERRED_TO,2026-08-15T04:44:00,6134.24,0.964
A047,A025,TRANSFERRED_TO,2026-08-16T15:45:00,42520.91,0.969
A004,A044,TRANSFERRED_TO,2026-08-17T02:46:00,43057.03,0.976
A011,A013,TRANSFERRED_TO,2026-08-18T13:47:00,27186.76,0.943
A018,A032,TRANSFERRED_TO,2026-08-19T00:48:00,11779.38,0.971
A025,A001,TRANSFERRED_TO,2026-08-20T11:49:00,28470.31,0.82
A032,A020,TRANSFERRED_TO,2026-08-21T22:50:00,23213.15,0.834
A039,A041,TRANSFERRED_TO,2026-08-22T09:51:00,10999.08,0.809
A046,A008,TRANSFERRED_TO,2026-08-23T20:52:00,37673.17,0.982
A003,A027,TRANSFERRED_TO,2026-08-24T07:53:00,3245.24,0.829
A010,A046,TRANSFERRED_TO,2026-08-25T18:54:00,30784.59,0.813
A017,A015,TRANSFERRED_TO,2026-08-26T05:55:00,35496.0,0.939
A024,A034,TRANSFERRED_TO,2026-08-27T16:56:00,29614.94,0.814
A031,A003,TRANSFERRED_TO,2026-08-28T03:57:00,33516.77,0.8
A038,A022,TRANSFERRED_TO,2026-08-29T14:58:00,18455.75,0.935
A045,A041,TRANSFERRED_TO,2026-08-30T01:59:00,31985.8,0.866
A002,A010,TRANSFERRED_TO,2026-08-01T12:00:00,4512.7,0.875
A009,A029,TRANSFERRED_TO,2026-08-02T23:01:00,37330.73,0.947
A016,A048,TRANSFERRED_TO,2026-08-03T10:02:00,146888.4,0.872
A023,A017,TRANSFERRED_TO,2026-08-04T21:03:00,26249.78,0.944
A030,A036,TRANSFERRED_TO,2026-08-05T08:04:00,13113.11,0.808
A037,A005,TRANSFERRED_TO,2026-08-06T19:05:00,36991.39,0.975
A044,A024,TRANSFERRED_TO,2026-08-07T06:06:00,44127.61,0.924
A001,A043,TRANSFERRED_TO,2026-08-08T17:07:00,17597.7,0.816
A008,A012,TRANSFERRED_TO,2026-08-09T04:08:00,2898.81,0.816
A015,A031,TRANSFERRED_TO,2026-08-10T15:09:00,10618.77,0.919
A022,A050,TRANSFERRED_TO,2026-08-11T02:10:00,20193.69,0.802
A029,A019,TRANSFERRED_TO,2026-08-12T13:11:00,38576.26,0.897
A036,A038,TRANSFERRED_TO,2026-08-13T00:12:00,18183.48,0.875
A043,A007,TRANSFERRED_TO,2026-08-14T11:13:00,18770.34,0.848
A050,A026,TRANSFERRED_TO,2026-08-15T22:14:00,4935.86,0.977
A007,A045,TRANSFERRED_TO,2026-08-16T09:15:00,4672.68,0.863
A014,A016,TRANSFERRED_TO,2026-08-17T20:16:00,4464.36,0.816
A021,A033,TRANSFERRED_TO,2026-08-18T07:17:00,30642.47,0.975
A028,A002,TRANSFERRED_TO,2026-08-19T18:18:00,33525.05,0.806
A035,A021,TRANSFERRED_TO,2026-08-20T05:19:00,8743.94,0.885
A042,A040,TRANSFERRED_TO,2026-08-21T16:20:00,13544.64,0.844
A049,A009,TRANSFERRED_TO,2026-08-22T03:21:00,38146.87,0.815
A006,A028,TRANSFERRED_TO,2026-08-23T14:22:00,37599.36,0.847
A013,A047,TRANSFERRED_TO,2026-08-24T01:23:00,5146.78,0.839
A020,A016,TRANSFERRED_TO,2026-08-25T12:24:00,9743.99,0.905
A027,A035,TRANSFERRED_TO,2026-08-26T23:25:00,13970.17,0.868
A034,A004,TRANSFERRED_TO,2026-08-27T10:26:00,41457.55,0.873
A041,A023,TRANSFERRED_TO,2026-08-28T21:27:00,17956.8,0.912
A048,A042,TRANSFERRED_TO,2026-08-29T08:28:00,2696.66,0.88
A005,A011,TRANSFERRED_TO,2026-08-30T19:29:00,2762.5,0.862
A012,A030,TRANSFERRED_TO,2026-08-01T06:30:00,8725.77,0.932
A019,A049,TRANSFERRED_TO,2026-08-02T17:31:00,146535.72,0.863
A026,A018,TRANSFERRED_TO,2026-08-03T04:32:00,29433.66,0.936
A033,A037,TRANSFERRED_TO,2026-08-04T15:33:00,10717.97,0.809
A040,A006,TRANSFERRED_TO,2026-08-05T02:34:00,37467.64,0.953
A047,A025,TRANSFERRED_TO,2026-08-06T13:35:00,3584.73,0.862
A004,A044,TRANSFERRED_TO,2026-08-07T00:36:00,16381.33,0.915
A011,A013,TRANSFERRED_TO,2026-08-08T11:37:00,31219.78,0.922
A018,A032,TRANSFERRED_TO,2026-08-09T22:38:00,34498.54,0.976
A025,A001,TRANSFERRED_TO,2026-08-10T09:39:00,13450.87,0.952
A032,A020,TRANSFERRED_TO,2026-08-11T20:40:00,44015.42,0.803
A039,A041,TRANSFERRED_TO,2026-08-12T07:41:00,17597.15,0.975
A046,A008,TRANSFERRED_TO,2026-08-13T18:42:00,33072.63,0.977
A003,A027,TRANSFERRED_TO,2026-08-14T05:43:00,15531.79,0.962
A010,A046,TRANSFERRED_TO,2026-08-15T16:44:00,40408.75,0.92
A017,A015,TRANSFERRED_TO,2026-08-16T03:45:00,37718.85,0.897
A024,A034,TRANSFERRED_TO,2026-08-17T14:46:00,26264.86,0.921
A031,A003,TRANSFERRED_TO,2026-08-18T01:47:00,23035.14,0.878
A038,A022,TRANSFERRED_TO,2026-08-19T12:48:00,25172.13,0.988
A045,A041,TRANSFERRED_TO,2026-08-20T23:49:00,9960.06,0.907
A002,A010,TRANSFERRED_TO,2026-08-21T10:50:00,6089.37,0.89
A009,A029,TRANSFERRED_TO,2026-08-22T21:51:00,33128.44,0.869
A016,A048,TRANSFERRED_TO,2026-08-23T08:52:00,16727.07,0.984
A023,A017,TRANSFERRED_TO,2026-08-24T19:53:00,40400.84,0.807
A030,A036,TRANSFERRED_TO,2026-08-25T06:54:00,15324.32,0.895
A037,A005,TRANSFERRED_TO,2026-08-26T17:55:00,30685.97,0.901
A044,A024,TRANSFERRED_TO,2026-08-27T04:56:00,23975.34,0.911
A001,A043,TRANSFERRED_TO,2026-08-28T15:57:00,42249.18,0.906
A008,A012,TRANSFERRED_TO,2026-08-29T02:58:00,42851.27,0.804
A015,A031,TRANSFERRED_TO,2026-08-30T13:59:00,19203.16,0.852
A022,A050,TRANSFERRED_TO,2026-08-01T00:00:00,160586.18,0.81
A029,A019,TRANSFERRED_TO,2026-08-02T11:01:00,39565.93,0.869
A036,A038,TRANSFERRED_TO,2026-08-03T22:02:00,13239.57,0.816
A043,A007,TRANSFERRED_TO,2026-08-04T09:03:00,7098.61,0.906
A050,A026,TRANSFERRED_TO,2026-08-05T20:04:00,5706.38,0.888
A007,A045,TRANSFERRED_TO,2026-08-06T07:05:00,18178.28,0.807
A014,A016,TRANSFERRED_TO,2026-08-07T18:06:00,40677.86,0.879
A021,A033,TRANSFERRED_TO,2026-08-08T05:07:00,5795.39,0.902
A028,A002,TRANSFERRED_TO,2026-08-09T16:08:00,16720.12,0.95
A035,A021,TRANSFERRED_TO,2026-08-10T03:09:00,34382.83,0.902
A042,A040,TRANSFERRED_TO,2026-08-11T14:10:00,27181.83,0.876
A049,A009,TRANSFERRED_TO,2026-08-12T01:11:00,25954.39,0.813
A006,A028,TRANSFERRED_TO,2026-08-13T12:12:00,5811.56,0.844
A013,A047,TRANSFERRED_TO,2026-08-14T23:13:00,14700.72,0.959
A020,A016,TRANSFERRED_TO,2026-08-15T10:14:00,8315.57,0.809
A027,A035,TRANSFERRED_TO,2026-08-16T21:15:00,35546.17,0.941
A034,A004,TRANSFERRED_TO,2026-08-17T08:16:00,29801.19,0.881
A041,A023,TRANSFERRED_TO,2026-08-18T19:17:00,19310.6,0.936
A048,A042,TRANSFERRED_TO,2026-08-19T06:18:00,24050.81,0.832
A005,A011,TRANSFERRED_TO,2026-08-20T17:19:00,18207.81,0.961
A012,A030,TRANSFERRED_TO,2026-08-21T04:20:00,33716.91,0.92
A019,A049,TRANSFERRED_TO,2026-08-22T15:21:00,21931.48,0.943
A026,A018,TRANSFERRED_TO,2026-08-23T02:22:00,33741.78,0.943
A033,A037,TRANSFERRED_TO,2026-08-24T13:23:00,4863.0,0.869
A040,A006,TRANSFERRED_TO,2026-08-25T00:24:00,3913.95,0.907
A047,A025,TRANSFERRED_TO,2026-08-26T11:25:00,42588.04,0.922
A004,A044,TRANSFERRED_TO,2026-08-27T22:26:00,16981.76,0.983
A011,A013,TRANSFERRED_TO,2026-08-28T09:27:00,24933.35,0.824
A018,A032,TRANSFERRED_TO,2026-08-29T20:28:00,35614.71,0.941
A025,A001,TRANSFERRED_TO,2026-08-30T07:29:00,366434.47,0.933
A032,A020,TRANSFERRED_TO,2026-08-01T18:30:00,5255.99,0.886
A039,A041,TRANSFERRED_TO,2026-08-02T05:31:00,3839.62,0.979
A046,A008,TRANSFERRED_TO,2026-08-03T16:32:00,5158.41,0.833
A003,A027,TRANSFERRED_TO,2026-08-04T03:33:00,29494.78,0.849
A010,A046,TRANSFERRED_TO,2026-08-05T14:34:00,9961.1,0.84
A017,A015,TRANSFERRED_TO,2026-08-06T01:35:00,5596.27,0.929
A024,A034,TRANSFERRED_TO,2026-08-07T12:36:00,34002.97,0.855
A031,A003,TRANSFERRED_TO,2026-08-08T23:37:00,22708.35,0.834
A038,A022,TRANSFERRED_TO,2026-08-09T10:38:00,36390.98,0.913
A045,A041,TRANSFERRED_TO,2026-08-10T21:39:00,30681.86,0.93
A002,A010,TRANSFERRED_TO,2026-08-11T08:40:00,17919.99,0.863
A009,A029,TRANSFERRED_TO,2026-08-12T19:41:00,15682.44,0.99
A016,A048,TRANSFERRED_TO,2026-08-13T06:42:00,3362.51,0.876
A023,A017,TRANSFERRED_TO,2026-08-14T17:43:00,30595.43,0.905
A030,A036,TRANSFERRED_TO,2026-08-15T04:44:00,32048.32,0.808
A037,A005,TRANSFERRED_TO,2026-08-16T15:45:00,24747.53,0.977
A044,A024,TRANSFERRED_TO,2026-08-17T02:46:00,12009.51,0.941
A001,A043,TRANSFERRED_TO,2026-08-18T13:47:00,11652.21,0.986
A008,A012,TRANSFERRED_TO,2026-08-19T00:48:00,38728.55,0.83
A015,A031,TRANSFERRED_TO,2026-08-20T11:49:00,27964.27,0.868
A022,A050,TRANSFERRED_TO,2026-08-21T22:50:00,20986.32,0.808
A029,A019,TRANSFERRED_TO,2026-08-22T09:51:00,28720.46,0.822
A036,A038,TRANSFERRED_TO,2026-08-23T20:52:00,29012.41,0.856
A043,A007,TRANSFERRED_TO,2026-08-24T07:53:00,8255.5,0.937
A050,A026,TRANSFERRED_TO,2026-08-25T18:54:00,14113.94,0.842
A007,A045,TRANSFERRED_TO,2026-08-26T05:55:00,31681.58,0.959
A014,A016,TRANSFERRED_TO,2026-08-27T16:56:00,27984.75,0.836
A021,A033,TRANSFERRED_TO,2026-08-28T03:57:00,27191.52,0.914
A028,A002,TRANSFERRED_TO,2026-08-29T14:58:00,278945.24,0.961
A035,A021,TRANSFERRED_TO,2026-08-30T01:59:00,4124.89,0.983
A042,A040,TRANSFERRED_TO,2026-08-01T12:00:00,4546.58,0.909
A049,A009,TRANSFERRED_TO,2026-08-02T23:01:00,38225.48,0.965
A006,A028,TRANSFERRED_TO,2026-08-03T10:02:00,22796.12,0.935
A013,A047,TRANSFERRED_TO,2026-08-04T21:03:00,14261.31,0.897
A020,A016,TRANSFERRED_TO,2026-08-05T08:04:00,8644.68,0.804
A027,A035,TRANSFERRED_TO,2026-08-06T19:05:00,4942.65,0.866
A034,A004,TRANSFERRED_TO,2026-08-07T06:06:00,4465.24,0.98
A041,A023,TRANSFERRED_TO,2026-08-08T17:07:00,23083.0,0.983
A048,A042,TRANSFERRED_TO,2026-08-09T04:08:00,3859.95,0.921
A005,A011,TRANSFERRED_TO,2026-08-10T15:09:00,26626.94,0.888
A012,A030,TRANSFERRED_TO,2026-08-11T02:10:00,18692.82,0.982
A019,A049,TRANSFERRED_TO,2026-08-12T13:11:00,40057.04,0.978
A026,A018,TRANSFERRED_TO,2026-08-13T00:12:00,25387.03,0.892
A033,A037,TRANSFERRED_TO,2026-08-14T11:13:00,6921.95,0.869
A040,A006,TRANSFERRED_TO,2026-08-15T22:14:00,8561.14,0.885
A047,A025,TRANSFERRED_TO,2026-08-16T09:15:00,34195.54,0.889
A004,A044,TRANSFERRED_TO,2026-08-17T20:16:00,37723.87,0.855
A011,A013,TRANSFERRED_TO,2026-08-18T07:17:00,3170.01,0.852
A018,A032,TRANSFERRED_TO,2026-08-19T18:18:00,40023.65,0.858
A025,A001,TRANSFERRED_TO,2026-08-20T05:19:00,44690.77,0.978
A032,A020,TRANSFERRED_TO,2026-08-21T16:20:00,13583.23,0.801
A039,A041,TRANSFERRED_TO,2026-08-22T03:21:00,39222.93,0.846
A046,A008,TRANSFERRED_TO,2026-08-23T14:22:00,11409.32,0.966
A003,A027,TRANSFERRED_TO,2026-08-24T01:23:00,20891.18,0.967
A010,A046,TRANSFERRED_TO,2026-08-25T12:24:00,32631.37,0.954
A017,A015,TRANSFERRED_TO,2026-08-26T23:25:00,15698.13,0.92
A024,A034,TRANSFERRED_TO,2026-08-27T10:26:00,38908.94,0.853
A031,A003,TRANSFERRED_TO,2026-08-28T21:27:00,141829.07,0.947
A038,A022,TRANSFERRED_TO,2026-08-29T08:28:00,14237.89,0.818
A045,A041,TRANSFERRED_TO,2026-08-30T19:29:00,19417.43,0.979
A002,A010,TRANSFERRED_TO,2026-08-01T06:30:00,22418.75,0.901
A009,A029,TRANSFERRED_TO,2026-08-02T17:31:00,10524.31,0.984
A016,A048,TRANSFERRED_TO,2026-08-03T04:32:00,41938.27,0.905
A023,A017,TRANSFERRED_TO,2026-08-04T15:33:00,17625.18,0.814
A030,A036,TRANSFERRED_TO,2026-08-05T02:34:00,41335.92,0.854
A037,A005,TRANSFERRED_TO,2026-08-06T13:35:00,11958.42,0.906
A044,A024,TRANSFERRED_TO,2026-08-07T00:36:00,20071.32,0.959
A001,A043,TRANSFERRED_TO,2026-08-08T11:37:00,9191.97,0.957
A008,A012,TRANSFERRED_TO,2026-08-09T22:38:00,14257.54,0.813
A015,A031,TRANSFERRED_TO,2026-08-10T09:39:00,41623.0,0.917
A022,A050,TRANSFERRED_TO,2026-08-11T20:40:00,10525.32,0.967
A029,A019,TRANSFERRED_TO,2026-08-12T07:41:00,37467.82,0.925
A036,A038,TRANSFERRED_TO,2026-08-13T18:42:00,10297.92,0.929
A043,A007,TRANSFERRED_TO,2026-08-14T05:43:00,22176.7,0.973
A050,A026,TRANSFERRED_TO,2026-08-15T16:44:00,35528.6,0.969
A007,A045,TRANSFERRED_TO,2026-08-16T03:45:00,44386.11,0.814
A014,A016,TRANSFERRED_TO,2026-08-17T14:46:00,7574.27,0.856
A021,A033,TRANSFERRED_TO,2026-08-18T01:47:00,9515.03,0.801
A028,A002,TRANSFERRED_TO,2026-08-19T12:48:00,13500.89,0.959
A035,A021,TRANSFERRED_TO,2026-08-20T23:49:00,29921.28,0.86
A042,A040,TRANSFERRED_TO,2026-08-21T10:50:00,3373.26,0.969
A049,A009,TRANSFERRED_TO,2026-08-22T21:51:00,19563.89,0.813
A006,A028,TRANSFERRED_TO,2026-08-23T08:52:00,29994.01,0.808
A013,A047,TRANSFERRED_TO,2026-08-24T19:53:00,7243.53,0.963
A020,A016,TRANSFERRED_TO,2026-08-25T06:54:00,6557.64,0.944
A027,A035,TRANSFERRED_TO,2026-08-26T17:55:00,36000.52,0.897
A034,A004,TRANSFERRED_TO,2026-08-27T04:56:00,327807.59,0.817
A041,A023,TRANSFERRED_TO,2026-08-28T15:57:00,5241.29,0.893
A048,A042,TRANSFERRED_TO,2026-08-29T02:58:00,41201.42,0.837
A005,A011,TRANSFERRED_TO,2026-08-30T13:59:00,34729.47,0.864
A012,A030,TRANSFERRED_TO,2026-08-01T00:00:00,25102.4,0.832
A019,A049,TRANSFERRED_TO,2026-08-02T11:01:00,35100.26,0.828
A026,A018,TRANSFERRED_TO,2026-08-03T22:02:00,37614.49,0.864
A033,A037,TRANSFERRED_TO,2026-08-04T09:03:00,41476.08,0.899
A040,A006,TRANSFERRED_TO,2026-08-05T20:04:00,9355.56,0.839
A047,A025,TRANSFERRED_TO,2026-08-06T07:05:00,41577.68,0.871
A004,A044,TRANSFERRED_TO,2026-08-07T18:06:00,22732.28,0.897
A011,A013,TRANSFERRED_TO,2026-08-08T05:07:00,8385.85,0.886
A018,A032,TRANSFERRED_TO,2026-08-09T16:08:00,15134.85,0.886
A025,A001,TRANSFERRED_TO,2026-08-10T03:09:00,28119.38,0.891
A032,A020,TRANSFERRED_TO,2026-08-11T14:10:00,38384.37,0.896
A039,A041,TRANSFERRED_TO,2026-08-12T01:11:00,35594.83,0.83
A046,A008,TRANSFERRED_TO,2026-08-13T12:12:00,7822.52,0.913
A003,A027,TRANSFERRED_TO,2026-08-14T23:13:00,31832.04,0.851
A010,A046,TRANSFERRED_TO,2026-08-15T10:14:00,31699.08,0.853
A017,A015,TRANSFERRED_TO,2026-08-16T21:15:00,16398.5,0.972
A024,A034,TRANSFERRED_TO,2026-08-17T08:16:00,35118.93,0.81
A031,A003,TRANSFERRED_TO,2026-08-18T19:17:00,29074.45,0.806
A038,A022,TRANSFERRED_TO,2026-08-19T06:18:00,24779.0,0.859
A045,A041,TRANSFERRED_TO,2026-08-20T17:19:00,26261.68,0.953
A002,A010,TRANSFERRED_TO,2026-08-21T04:20:00,5184.26,0.861
A009,A029,TRANSFERRED_TO,2026-08-22T15:21:00,39064.16,0.909
A016,A048,TRANSFERRED_TO,2026-08-23T02:22:00,40383.48,0.901
A023,A017,TRANSFERRED_TO,2026-08-24T13:23:00,23833.48,0.867
A030,A036,TRANSFERRED_TO,2026-08-25T00:24:00,15015.2,0.852
A037,A005,TRANSFERRED_TO,2026-08-26T11:25:00,350114.16,0.864
A044,A024,TRANSFERRED_TO,2026-08-27T22:26:00,31524.76,0.972
A001,A043,TRANSFERRED_TO,2026-08-28T09:27:00,32695.27,0.975
A008,A012,TRANSFERRED_TO,2026-08-29T20:28:00,32937.63,0.815
A015,A031,TRANSFERRED_TO,2026-08-30T07:29:00,21360.01,0.831
A022,A050,TRANSFERRED_TO,2026-08-01T18:30:00,33396.1,0.962
A029,A019,TRANSFERRED_TO,2026-08-02T05:31:00,11566.07,0.841
A036,A038,TRANSFERRED_TO,2026-08-03T16:32:00,39373.72,0.832
A043,A007,TRANSFERRED_TO,2026-08-04T03:33:00,41291.57,0.916
A050,A026,TRANSFERRED_TO,2026-08-05T14:34:00,43740.43,0.974
A007,A045,TRANSFERRED_TO,2026-08-06T01:35:00,15869.13,0.817
A014,A016,TRANSFERRED_TO,2026-08-07T12:36:00,42626.87,0.956
A021,A033,TRANSFERRED_TO,2026-08-08T23:37:00,27826.93,0.869
A028,A002,TRANSFERRED_TO,2026-08-09T10:38:00,6539.68,0.882
A035,A021,TRANSFERRED_TO,2026-08-10T21:39:00,30140.39,0.872
A042,A040,TRANSFERRED_TO,2026-08-11T08:40:00,32234.63,0.957
A049,A009,TRANSFERRED_TO,2026-08-12T19:41:00,23006.33,0.939
A006,A028,TRANSFERRED_TO,2026-08-13T06:42:00,7637.08,0.82
A013,A047,TRANSFERRED_TO,2026-08-14T17:43:00,20371.53,0.828
A020,A016,TRANSFERRED_TO,2026-08-15T04:44:00,23982.15,0.883
A027,A035,TRANSFERRED_TO,2026-08-16T15:45:00,12269.12,0.845
A034,A004,TRANSFERRED_TO,2026-08-17T02:46:00,23352.33,0.857
A041,A023,TRANSFERRED_TO,2026-08-18T13:47:00,33136.17,0.883
A048,A042,TRANSFERRED_TO,2026-08-19T00:48:00,3652.01,0.863
A005,A011,TRANSFERRED_TO,2026-08-20T11:49:00,25695.61,0.975
A012,A030,TRANSFERRED_TO,2026-08-21T22:50:00,5760.86,0.956
A019,A049,TRANSFERRED_TO,2026-08-22T09:51:00,33796.46,0.801
A026,A018,TRANSFERRED_TO,2026-08-23T20:52:00,42164.55,0.801
A033,A037,TRANSFERRED_TO,2026-08-24T07:53:00,22051.28,0.854
A040,A006,TRANSFERRED_TO,2026-08-25T18:54:00,321668.81,0.982
A047,A025,TRANSFERRED_TO,2026-08-26T05:55:00,32530.29,0.803
A004,A044,TRANSFERRED_TO,2026-08-27T16:56:00,27322.43,0.849
A011,A013,TRANSFERRED_TO,2026-08-28T03:57:00,32464.61,0.936
A018,A032,TRANSFERRED_TO,2026-08-29T14:58:00,28417.58,0.906
A025,A001,TRANSFERRED_TO,2026-08-30T01:59:00,38890.38,0.86
A032,A020,TRANSFERRED_TO,2026-08-01T12:00:00,36183.1,0.919
A039,A041,TRANSFERRED_TO,2026-08-02T23:01:00,28476.89,0.962
A046,A008,TRANSFERRED_TO,2026-08-03T10:02:00,23039.35,0.868
A003,A027,TRANSFERRED_TO,2026-08-04T21:03:00,14221.35,0.974
A010,A046,TRANSFERRED_TO,2026-08-05T08:04:00,32654.86,0.889
A017,A015,TRANSFERRED_TO,2026-08-06T19:05:00,15141.43,0.945
A024,A034,TRANSFERRED_TO,2026-08-07T06:06:00,16439.48,0.913
A031,A003,TRANSFERRED_TO,2026-08-08T17:07:00,44714.17,0.86
A038,A022,TRANSFERRED_TO,2026-08-09T04:08:00,13572.74,0.948
A045,A041,TRANSFERRED_TO,2026-08-10T15:09:00,42927.09,0.85
A002,A010,TRANSFERRED_TO,2026-08-11T02:10:00,5628.55,0.882
A009,A029,TRANSFERRED_TO,2026-08-12T13:11:00,22119.13,0.934
A016,A048,TRANSFERRED_TO,2026-08-13T00:12:00,17619.17,0.96
A023,A017,TRANSFERRED_TO,2026-08-14T11:13:00,27593.79,0.926
A030,A036,TRANSFERRED_TO,2026-08-15T22:14:00,36802.44,0.801
A037,A005,TRANSFERRED_TO,2026-08-16T09:15:00,9977.21,0.822
A044,A024,TRANSFERRED_TO,2026-08-17T20:16:00,27898.04,0.957
A001,A043,TRANSFERRED_TO,2026-08-18T07:17:00,43785.69,0.927
A008,A012,TRANSFERRED_TO,2026-08-19T18:18:00,13238.08,0.941
A015,A031,TRANSFERRED_TO,2026-08-20T05:19:00,8443.04,0.816
A022,A050,TRANSFERRED_TO,2026-08-21T16:20:00,8755.34,0.906
A029,A019,TRANSFERRED_TO,2026-08-22T03:21:00,9845.37,0.954
A036,A038,TRANSFERRED_TO,2026-08-23T14:22:00,41689.97,0.893
A043,A007,TRANSFERRED_TO,2026-08-24T01:23:00,160709.13,0.939
A050,A026,TRANSFERRED_TO,2026-08-25T12:24:00,5812.64,0.912
A007,A045,TRANSFERRED_TO,2026-08-26T23:25:00,29004.85,0.865
A014,A016,TRANSFERRED_TO,2026-08-27T10:26:00,25408.55,0.863
A021,A033,TRANSFERRED_TO,2026-08-28T21:27:00,16511.24,0.923
A028,A002,TRANSFERRED_TO,2026-08-29T08:28:00,35068.4,0.958
A035,A021,TRANSFERRED_TO,2026-08-30T19:29:00,23270.27,0.834
A042,A040,TRANSFERRED_TO,2026-08-01T06:30:00,4956.0,0.859
A049,A009,TRANSFERRED_TO,2026-08-02T17:31:00,10252.53,0.915
A006,A028,TRANSFERRED_TO,2026-08-03T04:32:00,10508.8,0.84
A013,A047,TRANSFERRED_TO,2026-08-04T15:33:00,43154.7,0.865
A020,A016,TRANSFERRED_TO,2026-08-05T02:34:00,17482.94,0.817
A027,A035,TRANSFERRED_TO,2026-08-06T13:35:00,22887.45,0.87
A034,A004,TRANSFERRED_TO,2026-08-07T00:36:00,3486.67,0.965
A041,A023,TRANSFERRED_TO,2026-08-08T11:37:00,32078.64,0.807
A048,A042,TRANSFERRED_TO,2026-08-09T22:38:00,10353.78,0.871
A005,A011,TRANSFERRED_TO,2026-08-10T09:39:00,20336.1,0.913
A012,A030,TRANSFERRED_TO,2026-08-11T20:40:00,18432.45,0.859
A019,A049,TRANSFERRED_TO,2026-08-12T07:41:00,11374.13,0.9
A026,A018,TRANSFERRED_TO,2026-08-13T18:42:00,19751.44,0.831
A033,A037,TRANSFERRED_TO,2026-08-14T05:43:00,44604.89,0.944
A040,A006,TRANSFERRED_TO,2026-08-15T16:44:00,29651.13,0.945
A047,A025,TRANSFERRED_TO,2026-08-16T03:45:00,18278.37,0.967
A004,A044,TRANSFERRED_TO,2026-08-17T14:46:00,18761.41,0.858
A011,A013,TRANSFERRED_TO,2026-08-18T01:47:00,10545.14,0.928
A018,A032,TRANSFERRED_TO,2026-08-19T12:48:00,24408.43,0.824
A025,A001,TRANSFERRED_TO,2026-08-20T23:49:00,20734.17,0.896
A032,A020,TRANSFERRED_TO,2026-08-21T10:50:00,30886.13,0.834
A039,A041,TRANSFERRED_TO,2026-08-22T21:51:00,31363.94,0.858
A046,A008,TRANSFERRED_TO,2026-08-23T08:52:00,278164.63,0.908
A003,A027,TRANSFERRED_TO,2026-08-24T19:53:00,7697.69,0.84
A010,A046,TRANSFERRED_TO,2026-08-25T06:54:00,15596.48,0.907
A017,A015,TRANSFERRED_TO,2026-08-26T17:55:00,4223.83,0.867
A024,A034,TRANSFERRED_TO,2026-08-27T04:56:00,22288.08,0.816
A031,A003,TRANSFERRED_TO,2026-08-28T15:57:00,3834.73,0.896
A038,A022,TRANSFERRED_TO,2026-08-29T02:58:00,30261.92,0.923
A045,A041,TRANSFERRED_TO,2026-08-30T13:59:00,37197.37,0.924
A002,A010,TRANSFERRED_TO,2026-08-01T00:00:00,43807.55,0.851
A009,A029,TRANSFERRED_TO,2026-08-02T11:01:00,29032.29,0.945
A016,A048,TRANSFERRED_TO,2026-08-03T22:02:00,16933.36,0.886
A023,A017,TRANSFERRED_TO,2026-08-04T09:03:00,44637.03,0.978
A030,A036,TRANSFERRED_TO,2026-08-05T20:04:00,14522.73,0.895
A037,A005,TRANSFERRED_TO,2026-08-06T07:05:00,4061.52,0.985
A044,A024,TRANSFERRED_TO,2026-08-07T18:06:00,24579.31,0.814
A001,A043,TRANSFERRED_TO,2026-08-08T05:07:00,15260.42,0.985
A008,A012,TRANSFERRED_TO,2026-08-09T16:08:00,34024.04,0.855
A015,A031,TRANSFERRED_TO,2026-08-10T03:09:00,16285.95,0.942
A022,A050,TRANSFERRED_TO,2026-08-11T14:10:00,9268.67,0.914
A029,A019,TRANSFERRED_TO,2026-08-12T01:11:00,30571.58,0.985
A036,A038,TRANSFERRED_TO,2026-08-13T12:12:00,16122.93,0.874
A043,A007,TRANSFERRED_TO,2026-08-14T23:13:00,16761.93,0.977
A050,A026,TRANSFERRED_TO,2026-08-15T10:14:00,31622.24,0.924
A007,A045,TRANSFERRED_TO,2026-08-16T21:15:00,6186.34,0.81
A014,A016,TRANSFERRED_TO,2026-08-17T08:16:00,29351.26,0.854
A021,A033,TRANSFERRED_TO,2026-08-18T19:17:00,4887.51,0.895
A028,A002,TRANSFERRED_TO,2026-08-19T06:18:00,35441.03,0.909
A035,A021,TRANSFERRED_TO,2026-08-20T17:19:00,33628.57,0.969
A042,A040,TRANSFERRED_TO,2026-08-21T04:20:00,29517.36,0.86
A049,A009,TRANSFERRED_TO,2026-08-22T15:21:00,270844.44,0.908
A006,A028,TRANSFERRED_TO,2026-08-23T02:22:00,15685.97,0.857
A013,A047,TRANSFERRED_TO,2026-08-24T13:23:00,9125.9,0.91
A020,A016,TRANSFERRED_TO,2026-08-25T00:24:00,22581.27,0.885
A027,A035,TRANSFERRED_TO,2026-08-26T11:25:00,10522.66,0.924
A034,A004,TRANSFERRED_TO,2026-08-27T22:26:00,43196.67,0.979
A041,A023,TRANSFERRED_TO,2026-08-28T09:27:00,25629.79,0.884
A048,A042,TRANSFERRED_TO,2026-08-29T20:28:00,13134.55,0.913
A005,A011,TRANSFERRED_TO,2026-08-30T07:29:00,9315.77,0.978
A012,A030,TRANSFERRED_TO,2026-08-01T18:30:00,8173.25,0.949
A019,A049,TRANSFERRED_TO,2026-08-02T05:31:00,18144.79,0.853
A026,A018,TRANSFERRED_TO,2026-08-03T16:32:00,25233.83,0.825
A033,A037,TRANSFERRED_TO,2026-08-04T03:33:00,5413.62,0.867
A040,A006,TRANSFERRED_TO,2026-08-05T14:34:00,35786.01,0.851
A047,A025,TRANSFERRED_TO,2026-08-06T01:35:00,39542.31,0.977
A004,A044,TRANSFERRED_TO,2026-08-07T12:36:00,3624.99,0.803
A011,A013,TRANSFERRED_TO,2026-08-08T23:37:00,17877.27,0.973
A018,A032,TRANSFERRED_TO,2026-08-09T10:38:00,43626.39,0.859
A025,A001,TRANSFERRED_TO,2026-08-10T21:39:00,34667.69,0.919
A032,A020,TRANSFERRED_TO,2026-08-11T08:40:00,28984.76,0.874
A039,A041,TRANSFERRED_TO,2026-08-12T19:41:00,31710.71,0.824
A046,A008,TRANSFERRED_TO,2026-08-13T06:42:00,8648.67,0.938
A003,A027,TRANSFERRED_TO,2026-08-14T17:43:00,21895.33,0.917
A010,A046,TRANSFERRED_TO,2026-08-15T04:44:00,33428.87,0.954
A017,A015,TRANSFERRED_TO,2026-08-16T15:45:00,6692.01,0.845
A024,A034,TRANSFERRED_TO,2026-08-17T02:46:00,40687.25,0.924
A031,A003,TRANSFERRED_TO,2026-08-18T13:47:00,20570.66,0.935
A038,A022,TRANSFERRED_TO,2026-08-19T00:48:00,28115.2,0.818
A045,A041,TRANSFERRED_TO,2026-08-20T11:49:00,37223.26,0.839
A002,A010,TRANSFERRED_TO,2026-08-21T22:50:00,394138.31,0.801
A009,A029,TRANSFERRED_TO,2026-08-22T09:51:00,3517.82,0.925
A016,A048,TRANSFERRED_TO,2026-08-23T20:52:00,22647.08,0.829
A023,A017,TRANSFERRED_TO,2026-08-24T07:53:00,38739.39,0.835
A030,A036,TRANSFERRED_TO,2026-08-25T18:54:00,28970.63,0.888
A037,A005,TRANSFERRED_TO,2026-08-26T05:55:00,31857.72,0.894
A044,A024,TRANSFERRED_TO,2026-08-27T16:56:00,34234.89,0.811
A001,A043,TRANSFERRED_TO,2026-08-28T03:57:00,30376.17,0.931
A008,A012,TRANSFERRED_TO,2026-08-29T14:58:00,31295.8,0.965
A015,A031,TRANSFERRED_TO,2026-08-30T01:59:00,33635.53,0.847
A022,A050,TRANSFERRED_TO,2026-08-01T12:00:00,36688.79,0.913
A029,A019,TRANSFERRED_TO,2026-08-02T23:01:00,13797.11,0.955
A036,A038,TRANSFERRED_TO,2026-08-03T10:02:00,9401.37,0.943
A043,A007,TRANSFERRED_TO,2026-08-04T21:03:00,26686.41,0.936
A050,A026,TRANSFERRED_TO,2026-08-05T08:04:00,2507.97,0.892
A007,A045,TRANSFERRED_TO,2026-08-06T19:05:00,30234.45,0.978
A014,A016,TRANSFERRED_TO,2026-08-07T06:06:00,27815.71,0.846
A021,A033,TRANSFERRED_TO,2026-08-08T17:07:00,27990.44,0.88
A028,A002,TRANSFERRED_TO,2026-08-09T04:08:00,13122.18,0.881
A035,A021,TRANSFERRED_TO,2026-08-10T15:09:00,36015.79,0.929
A042,A040,TRANSFERRED_TO,2026-08-11T02:10:00,13207.43,0.853
A049,A009,TRANSFERRED_TO,2026-08-12T13:11:00,30988.09,0.811
A006,A028,TRANSFERRED_TO,2026-08-13T00:12:00,20554.57,0.98
A013,A047,TRANSFERRED_TO,2026-08-14T11:13:00,29753.39,0.892
A020,A016,TRANSFERRED_TO,2026-08-15T22:14:00,30501.89,0.839
A027,A035,TRANSFERRED_TO,2026-08-16T09:15:00,40156.53,0.87
A034,A004,TRANSFERRED_TO,2026-08-17T20:16:00,44965.86,0.985
A041,A023,TRANSFERRED_TO,2026-08-18T07:17:00,27530.07,0.936
A048,A042,TRANSFERRED_TO,2026-08-19T18:18:00,25587.37,0.813
A005,A011,TRANSFERRED_TO,2026-08-20T05:19:00,171967.47,0.952
A012,A030,TRANSFERRED_TO,2026-08-21T16:20:00,39518.98,0.896
A019,A049,TRANSFERRED_TO,2026-08-22T03:21:00,3224.31,0.893
A026,A018,TRANSFERRED_TO,2026-08-23T14:22:00,24647.19,0.835
A033,A037,TRANSFERRED_TO,2026-08-24T01:23:00,33003.27,0.836
A040,A006,TRANSFERRED_TO,2026-08-25T12:24:00,4150.69,0.823
A047,A025,TRANSFERRED_TO,2026-08-26T23:25:00,42058.49,0.83
A004,A044,TRANSFERRED_TO,2026-08-27T10:26:00,21340.3,0.96
A011,A013,TRANSFERRED_TO,2026-08-28T21:27:00,10483.63,0.96
A018,A032,TRANSFERRED_TO,2026-08-29T08:28:00,4287.56,0.944
A025,A001,TRANSFERRED_TO,2026-08-30T19:29:00,16028.27,0.876
A032,A020,TRANSFERRED_TO,2026-08-01T06:30:00,31210.59,0.868
A039,A041,TRANSFERRED_TO,2026-08-02T17:31:00,20944.29,0.823
A046,A008,TRANSFERRED_TO,2026-08-03T04:32:00,17581.77,0.89
A003,A027,TRANSFERRED_TO,2026-08-04T15:33:00,23716.84,0.899
A010,A046,TRANSFERRED_TO,2026-08-05T02:34:00,32552.29,0.861
A017,A015,TRANSFERRED_TO,2026-08-06T13:35:00,4317.04,0.989
A024,A034,TRANSFERRED_TO,2026-08-07T00:36:00,18606.31,0.834
A031,A003,TRANSFERRED_TO,2026-08-08T11:37:00,14017.78,0.881
A038,A022,TRANSFERRED_TO,2026-08-09T22:38:00,29465.4,0.855
A045,A041,TRANSFERRED_TO,2026-08-10T09:39:00,29303.9,0.978
A002,A010,TRANSFERRED_TO,2026-08-11T20:40:00,5672.74,0.929
A009,A029,TRANSFERRED_TO,2026-08-12T07:41:00,8036.67,0.957
A016,A048,TRANSFERRED_TO,2026-08-13T18:42:00,35323.28,0.875
A023,A017,TRANSFERRED_TO,2026-08-14T05:43:00,12555.36,0.933
A030,A036,TRANSFERRED_TO,2026-08-15T16:44:00,11721.52,0.945
A037,A005,TRANSFERRED_TO,2026-08-16T03:45:00,32150.45,0.877
A044,A024,TRANSFERRED_TO,2026-08-17T14:46:00,19522.17,0.9
A001,A043,TRANSFERRED_TO,2026-08-18T01:47:00,4783.58,0.858
A008,A012,TRANSFERRED_TO,2026-08-19T12:48:00,146821.45,0.906
A015,A031,TRANSFERRED_TO,2026-08-20T23:49:00,30078.33,0.855
A022,A050,TRANSFERRED_TO,2026-08-21T10:50:00,18089.26,0.967
A029,A019,TRANSFERRED_TO,2026-08-22T21:51:00,27604.92,0.829
A036,A038,TRANSFERRED_TO,2026-08-23T08:52:00,5673.69,0.811
A043,A007,TRANSFERRED_TO,2026-08-24T19:53:00,5031.85,0.878
A050,A026,TRANSFERRED_TO,2026-08-25T06:54:00,43715.86,0.979
A007,A045,TRANSFERRED_TO,2026-08-26T17:55:00,27224.6,0.843
A014,A016,TRANSFERRED_TO,2026-08-27T04:56:00,18633.7,0.875
A021,A033,TRANSFERRED_TO,2026-08-28T15:57:00,12855.23,0.931
A028,A002,TRANSFERRED_TO,2026-08-29T02:58:00,43598.66,0.934
A035,A021,TRANSFERRED_TO,2026-08-30T13:59:00,3924.06,0.904
A042,A040,TRANSFERRED_TO,2026-08-01T00:00:00,25128.58,0.945
A049,A009,TRANSFERRED_TO,2026-08-02T11:01:00,5787.47,0.969
A006,A028,TRANSFERRED_TO,2026-08-03T22:02:00,32722.13,0.973
A013,A047,TRANSFERRED_TO,2026-08-04T09:03:00,20117.86,0.866
A020,A016,TRANSFERRED_TO,2026-08-05T20:04:00,39706.69,0.801
A027,A035,TRANSFERRED_TO,2026-08-06T07:05:00,39212.65,0.946
A034,A004,TRANSFERRED_TO,2026-08-07T18:06:00,41062.81,0.904
A041,A023,TRANSFERRED_TO,2026-08-08T05:07:00,33371.26,0.985
A048,A042,TRANSFERRED_TO,2026-08-09T16:08:00,20954.49,0.979
A005,A011,TRANSFERRED_TO,2026-08-10T03:09:00,3537.75,0.889
A012,A030,TRANSFERRED_TO,2026-08-11T14:10:00,5307.86,0.894
A019,A049,TRANSFERRED_TO,2026-08-12T01:11:00,36491.29,0.871
A026,A018,TRANSFERRED_TO,2026-08-13T12:12:00,41991.97,0.861
A033,A037,TRANSFERRED_TO,2026-08-14T23:13:00,19886.86,0.834
A040,A006,TRANSFERRED_TO,2026-08-15T10:14:00,28431.78,0.934
A047,A025,TRANSFERRED_TO,2026-08-16T21:15:00,19576.33,0.896
A004,A044,TRANSFERRED_TO,2026-08-17T08:16:00,13289.7,0.882
A011,A013,TRANSFERRED_TO,2026-08-18T19:17:00,395604.11,0.808
A018,A032,TRANSFERRED_TO,2026-08-19T06:18:00,44277.55,0.912
A025,A001,TRANSFERRED_TO,2026-08-20T17:19:00,6233.19,0.885
A032,A020,TRANSFERRED_TO,2026-08-21T04:20:00,17426.59,0.817
A039,A041,TRANSFERRED_TO,2026-08-22T15:21:00,33812.62,0.905
A046,A008,TRANSFERRED_TO,2026-08-23T02:22:00,33961.37,0.831
A003,A027,TRANSFERRED_TO,2026-08-24T13:23:00,31624.01,0.927
A010,A046,TRANSFERRED_TO,2026-08-25T00:24:00,43538.97,0.966
A017,A015,TRANSFERRED_TO,2026-08-26T11:25:00,8618.24,0.969
A024,A034,TRANSFERRED_TO,2026-08-27T22:26:00,26048.39,0.934
A031,A003,TRANSFERRED_TO,2026-08-28T09:27:00,42717.79,0.902
A038,A022,TRANSFERRED_TO,2026-08-29T20:28:00,9883.48,0.961
A045,A041,TRANSFERRED_TO,2026-08-30T07:29:00,29723.26,0.935
A002,A010,TRANSFERRED_TO,2026-08-01T18:30:00,14999.34,0.986
A009,A029,TRANSFERRED_TO,2026-08-02T05:31:00,6785.66,0.924
A016,A048,TRANSFERRED_TO,2026-08-03T16:32:00,24399.48,0.941
A023,A017,TRANSFERRED_TO,2026-08-04T03:33:00,35004.52,0.932
A030,A036,TRANSFERRED_TO,2026-08-05T14:34:00,10408.47,0.856
A037,A005,TRANSFERRED_TO,2026-08-06T01:35:00,17148.2,0.973
A044,A024,TRANSFERRED_TO,2026-08-07T12:36:00,17844.07,0.899
A001,A043,TRANSFERRED_TO,2026-08-08T23:37:00,34398.11,0.929
A008,A012,TRANSFERRED_TO,2026-08-09T10:38:00,10015.39,0.878
A015,A031,TRANSFERRED_TO,2026-08-10T21:39:00,33045.08,0.877
A022,A050,TRANSFERRED_TO,2026-08-11T08:40:00,14261.38,0.856
A029,A019,TRANSFERRED_TO,2026-08-12T19:41:00,4114.36,0.933
A036,A038,TRANSFERRED_TO,2026-08-13T06:42:00,6459.51,0.837
A043,A007,TRANSFERRED_TO,2026-08-14T17:43:00,33846.07,0.884
A050,A026,TRANSFERRED_TO,2026-08-15T04:44:00,8166.06,0.974
A007,A045,TRANSFERRED_TO,2026-08-16T15:45:00,23609.18,0.848
A014,A016,TRANSFERRED_TO,2026-08-17T02:46:00,151050.22,0.944
A021,A033,TRANSFERRED_TO,2026-08-18T13:47:00,43448.03,0.914
A028,A002,TRANSFERRED_TO,2026-08-19T00:48:00,6783.96,0.803
A035,A021,TRANSFERRED_TO,2026-08-20T11:49:00,18124.11,0.825
A042,A040,TRANSFERRED_TO,2026-08-21T22:50:00,31823.75,0.957
A049,A009,TRANSFERRED_TO,2026-08-22T09:51:00,9040.38,0.907
A006,A028,TRANSFERRED_TO,2026-08-23T20:52:00,35917.22,0.89
A013,A047,TRANSFERRED_TO,2026-08-24T07:53:00,17915.66,0.973
A020,A016,TRANSFERRED_TO,2026-08-25T18:54:00,37553.05,0.878
A027,A035,TRANSFERRED_TO,2026-08-26T05:55:00,7719.0,0.857
A034,A004,TRANSFERRED_TO,2026-08-27T16:56:00,5225.68,0.861
A041,A023,TRANSFERRED_TO,2026-08-28T03:57:00,2906.54,0.874
A048,A042,TRANSFERRED_TO,2026-08-29T14:58:00,32944.89,0.9
A005,A011,TRANSFERRED_TO,2026-08-30T01:59:00,40684.97,0.987
A012,A030,TRANSFERRED_TO,2026-08-01T12:00:00,24973.12,0.9
A019,A049,TRANSFERRED_TO,2026-08-02T23:01:00,13815.44,0.819
A026,A018,TRANSFERRED_TO,2026-08-03T10:02:00,19362.05,0.83
A033,A037,TRANSFERRED_TO,2026-08-04T21:03:00,8396.05,0.915
A040,A006,TRANSFERRED_TO,2026-08-05T08:04:00,10536.95,0.908
A047,A025,TRANSFERRED_TO,2026-08-06T19:05:00,10634.89,0.858
A004,A044,TRANSFERRED_TO,2026-08-07T06:06:00,4069.54,0.829
A011,A013,TRANSFERRED_TO,2026-08-08T17:07:00,19469.29,0.805
A018,A032,TRANSFERRED_TO,2026-08-09T04:08:00,15049.49,0.869
A025,A001,TRANSFERRED_TO,2026-08-10T15:09:00,27456.66,0.8
A032,A020,TRANSFERRED_TO,2026-08-11T02:10:00,32021.93,0.959
A039,A041,TRANSFERRED_TO,2026-08-12T13:11:00,43573.37,0.958
A046,A008,TRANSFERRED_TO,2026-08-13T00:12:00,26198.1,0.914
A003,A027,TRANSFERRED_TO,2026-08-14T11:13:00,22597.69,0.879
A010,A046,TRANSFERRED_TO,2026-08-15T22:14:00,5019.71,0.929
A017,A015,TRANSFERRED_TO,2026-08-16T09:15:00,418409.65,0.809
A024,A034,TRANSFERRED_TO,2026-08-17T20:16:00,19534.86,0.911
A031,A003,TRANSFERRED_TO,2026-08-18T07:17:00,41266.17,0.843
A038,A022,TRANSFERRED_TO,2026-08-19T18:18:00,22615.83,0.956
A045,A041,TRANSFERRED_TO,2026-08-20T05:19:00,23189.03,0.972
A002,A010,TRANSFERRED_TO,2026-08-21T16:20:00,20997.4,0.89
A009,A029,TRANSFERRED_TO,2026-08-22T03:21:00,41971.16,0.894
A016,A048,TRANSFERRED_TO,2026-08-23T14:22:00,23714.04,0.83
A023,A017,TRANSFERRED_TO,2026-08-24T01:23:00,38098.12,0.985
A030,A036,TRANSFERRED_TO,2026-08-25T12:24:00,10300.09,0.942
A037,A005,TRANSFERRED_TO,2026-08-26T23:25:00,10750.91,0.847
A044,A024,TRANSFERRED_TO,2026-08-27T10:26:00,28798.45,0.848
A001,A043,TRANSFERRED_TO,2026-08-28T21:27:00,3959.49,0.939
A008,A012,TRANSFERRED_TO,2026-08-29T08:28:00,14358.5,0.925
A015,A031,TRANSFERRED_TO,2026-08-30T19:29:00,34579.12,0.876
A022,A050,TRANSFERRED_TO,2026-08-01T06:30:00,35552.4,0.869
A029,A019,TRANSFERRED_TO,2026-08-02T17:31:00,41107.5,0.98
A036,A038,TRANSFERRED_TO,2026-08-03T04:32:00,12259.52,0.94
A043,A007,TRANSFERRED_TO,2026-08-04T15:33:00,20410.1,0.829
A050,A026,TRANSFERRED_TO,2026-08-05T02:34:00,6517.59,0.974
A007,A045,TRANSFERRED_TO,2026-08-06T13:35:00,43927.62,0.934
A014,A016,TRANSFERRED_TO,2026-08-07T00:36:00,25731.63,0.929
A021,A033,TRANSFERRED_TO,2026-08-08T11:37:00,18656.33,0.906
A028,A002,TRANSFERRED_TO,2026-08-09T22:38:00,9161.73,0.941
A035,A021,TRANSFERRED_TO,2026-08-10T09:39:00,33958.26,0.885
A042,A040,TRANSFERRED_TO,2026-08-11T20:40:00,17354.83,0.899
A049,A009,TRANSFERRED_TO,2026-08-12T07:41:00,11135.8,0.825
A006,A028,TRANSFERRED_TO,2026-08-13T18:42:00,42625.79,0.83
A013,A047,TRANSFERRED_TO,2026-08-14T05:43:00,24743.86,0.889
A020,A016,TRANSFERRED_TO,2026-08-15T16:44:00,395043.47,0.86
A027,A035,TRANSFERRED_TO,2026-08-16T03:45:00,27625.91,0.819
A034,A004,TRANSFERRED_TO,2026-08-17T14:46:00,18019.55,0.803
A041,A023,TRANSFERRED_TO,2026-08-18T01:47:00,38327.37,0.922
A048,A042,TRANSFERRED_TO,2026-08-19T12:48:00,41889.88,0.807
A005,A011,TRANSFERRED_TO,2026-08-20T23:49:00,41897.71,0.965
A012,A030,TRANSFERRED_TO,2026-08-21T10:50:00,26891.53,0.848
A019,A049,TRANSFERRED_TO,2026-08-22T21:51:00,16193.11,0.908
A026,A018,TRANSFERRED_TO,2026-08-23T08:52:00,12141.17,0.92
A033,A037,TRANSFERRED_TO,2026-08-24T19:53:00,11116.3,0.836
A040,A006,TRANSFERRED_TO,2026-08-25T06:54:00,39421.63,0.894
A047,A025,TRANSFERRED_TO,2026-08-26T17:55:00,44869.28,0.818
A004,A044,TRANSFERRED_TO,2026-08-27T04:56:00,42304.13,0.912
A011,A013,TRANSFERRED_TO,2026-08-28T15:57:00,26396.49,0.893
A018,A032,TRANSFERRED_TO,2026-08-29T02:58:00,43160.61,0.808
A025,A001,TRANSFERRED_TO,2026-08-30T13:59:00,5539.98,0.807
A032,A020,TRANSFERRED_TO,2026-08-01T00:00:00,31201.47,0.871
A039,A041,TRANSFERRED_TO,2026-08-02T11:01:00,8578.16,0.975
A046,A008,TRANSFERRED_TO,2026-08-03T22:02:00,14570.91,0.913
A003,A027,TRANSFERRED_TO,2026-08-04T09:03:00,13043.05,0.829
A010,A046,TRANSFERRED_TO,2026-08-05T20:04:00,13179.43,0.868
A017,A015,TRANSFERRED_TO,2026-08-06T07:05:00,4723.06,0.924
A024,A034,TRANSFERRED_TO,2026-08-07T18:06:00,9434.24,0.95
A031,A003,TRANSFERRED_TO,2026-08-08T05:07:00,38809.29,0.929
A038,A022,TRANSFERRED_TO,2026-08-09T16:08:00,39312.88,0.834
A045,A041,TRANSFERRED_TO,2026-08-10T03:09:00,25661.19,0.916
A002,A010,TRANSFERRED_TO,2026-08-11T14:10:00,10129.04,0.883
A009,A029,TRANSFERRED_TO,2026-08-12T01:11:00,34653.17,0.958
A016,A048,TRANSFERRED_TO,2026-08-13T12:12:00,5923.01,0.813
A023,A017,TRANSFERRED_TO,2026-08-14T23:13:00,406236.96,0.801
A030,A036,TRANSFERRED_TO,2026-08-15T10:14:00,9283.74,0.829
A037,A005,TRANSFERRED_TO,2026-08-16T21:15:00,4477.96,0.817
A044,A024,TRANSFERRED_TO,2026-08-17T08:16:00,9423.25,0.942
A001,A043,TRANSFERRED_TO,2026-08-18T19:17:00,30841.38,0.982
A008,A012,TRANSFERRED_TO,2026-08-19T06:18:00,19412.02,0.878
A015,A031,TRANSFERRED_TO,2026-08-20T17:19:00,31348.07,0.858
A022,A050,TRANSFERRED_TO,2026-08-21T04:20:00,39744.5,0.861
A029,A019,TRANSFERRED_TO,2026-08-22T15:21:00,27475.33,0.852
A036,A038,TRANSFERRED_TO,2026-08-23T02:22:00,31651.91,0.803
A043,A007,TRANSFERRED_TO,2026-08-24T13:23:00,14304.39,0.956
A050,A026,TRANSFERRED_TO,2026-08-25T00:24:00,32759.29,0.944
A007,A045,TRANSFERRED_TO,2026-08-26T11:25:00,20000.25,0.852
A014,A016,TRANSFERRED_TO,2026-08-27T22:26:00,25838.02,0.912
A021,A033,TRANSFERRED_TO,2026-08-28T09:27:00,40138.32,0.977
A028,A002,TRANSFERRED_TO,2026-08-29T20:28:00,28281.98,0.802
A035,A021,TRANSFERRED_TO,2026-08-30T07:29:00,33921.16,0.828
A042,A040,TRANSFERRED_TO,2026-08-01T18:30:00,16987.06,0.854
A049,A009,TRANSFERRED_TO,2026-08-02T05:31:00,30751.85,0.812
A006,A028,TRANSFERRED_TO,2026-08-03T16:32:00,21175.0,0.8
A013,A047,TRANSFERRED_TO,2026-08-04T03:33:00,41908.71,0.977
A020,A016,TRANSFERRED_TO,2026-08-05T14:34:00,27106.86,0.872
A027,A035,TRANSFERRED_TO,2026-08-06T01:35:00,24506.97,0.966
A034,A004,TRANSFERRED_TO,2026-08-07T12:36:00,10440.14,0.878
A041,A023,TRANSFERRED_TO,2026-08-08T23:37:00,17439.08,0.973
A048,A042,TRANSFERRED_TO,2026-08-09T10:38:00,3853.59,0.938
A005,A011,TRANSFERRED_TO,2026-08-10T21:39:00,5834.62,0.829
A012,A030,TRANSFERRED_TO,2026-08-11T08:40:00,32982.64,0.965
A019,A049,TRANSFERRED_TO,2026-08-12T19:41:00,3792.68,0.831
A026,A018,TRANSFERRED_TO,2026-08-13T06:42:00,385140.49,0.827
A033,A037,TRANSFERRED_TO,2026-08-14T17:43:00,18161.44,0.932
A040,A006,TRANSFERRED_TO,2026-08-15T04:44:00,16980.89,0.954
A047,A025,TRANSFERRED_TO,2026-08-16T15:45:00,19094.55,0.973
A004,A044,TRANSFERRED_TO,2026-08-17T02:46:00,9029.27,0.975
A011,A013,TRANSFERRED_TO,2026-08-18T13:47:00,44280.87,0.816
A018,A032,TRANSFERRED_TO,2026-08-19T00:48:00,37870.74,0.961
A025,A001,TRANSFERRED_TO,2026-08-20T11:49:00,34780.58,0.95
A032,A020,TRANSFERRED_TO,2026-08-21T22:50:00,29437.7,0.979
A039,A041,TRANSFERRED_TO,2026-08-22T09:51:00,34506.64,0.832
A046,A008,TRANSFERRED_TO,2026-08-23T20:52:00,34899.75,0.921
A003,A027,TRANSFERRED_TO,2026-08-24T07:53:00,32179.56,0.873
A010,A046,TRANSFERRED_TO,2026-08-25T18:54:00,4899.5,0.813
A017,A015,TRANSFERRED_TO,2026-08-26T05:55:00,15715.25,0.875
A024,A034,TRANSFERRED_TO,2026-08-27T16:56:00,20713.6,0.974
A031,A003,TRANSFERRED_TO,2026-08-28T03:57:00,38558.69,0.977
A038,A022,TRANSFERRED_TO,2026-08-29T14:58:00,33240.25,0.84
A045,A041,TRANSFERRED_TO,2026-08-30T01:59:00,43845.7,0.852
A002,A010,TRANSFERRED_TO,2026-08-01T12:00:00,23114.14,0.978
A009,A029,TRANSFERRED_TO,2026-08-02T23:01:00,36659.53,0.824
A016,A048,TRANSFERRED_TO,2026-08-03T10:02:00,2648.15,0.896
A023,A017,TRANSFERRED_TO,2026-08-04T21:03:00,15373.25,0.895
A030,A036,TRANSFERRED_TO,2026-08-05T08:04:00,30953.15,0.803
A037,A005,TRANSFERRED_TO,2026-08-06T19:05:00,7368.22,0.867
A044,A024,TRANSFERRED_TO,2026-08-07T06:06:00,20591.95,0.919
A001,A043,TRANSFERRED_TO,2026-08-08T17:07:00,34956.53,0.88
A008,A012,TRANSFERRED_TO,2026-08-09T04:08:00,39095.78,0.895
A015,A031,TRANSFERRED_TO,2026-08-10T15:09:00,11179.99,0.879
A022,A050,TRANSFERRED_TO,2026-08-11T02:10:00,14413.93,0.975
A029,A019,TRANSFERRED_TO,2026-08-12T13:11:00,149519.97,0.911
A036,A038,TRANSFERRED_TO,2026-08-13T00:12:00,33574.76,0.989
A043,A007,TRANSFERRED_TO,2026-08-14T11:13:00,41315.72,0.974
A050,A026,TRANSFERRED_TO,2026-08-15T22:14:00,29848.01,0.908
A007,A045,TRANSFERRED_TO,2026-08-16T09:15:00,17888.93,0.836
A014,A016,TRANSFERRED_TO,2026-08-17T20:16:00,35562.17,0.938
A021,A033,TRANSFERRED_TO,2026-08-18T07:17:00,36077.28,0.809
A028,A002,TRANSFERRED_TO,2026-08-19T18:18:00,42684.55,0.902
A035,A021,TRANSFERRED_TO,2026-08-20T05:19:00,4574.76,0.989
A042,A040,TRANSFERRED_TO,2026-08-21T16:20:00,29886.48,0.87
A049,A009,TRANSFERRED_TO,2026-08-22T03:21:00,41693.51,0.854
A006,A028,TRANSFERRED_TO,2026-08-23T14:22:00,16577.99,0.931
A013,A047,TRANSFERRED_TO,2026-08-24T01:23:00,17829.71,0.983
A020,A016,TRANSFERRED_TO,2026-08-25T12:24:00,21064.71,0.813
A027,A035,TRANSFERRED_TO,2026-08-26T23:25:00,21446.19,0.82
A034,A004,TRANSFERRED_TO,2026-08-27T10:26:00,19983.98,0.804
A041,A023,TRANSFERRED_TO,2026-08-28T21:27:00,42843.55,0.843
A048,A042,TRANSFERRED_TO,2026-08-29T08:28:00,35459.56,0.952
A005,A011,TRANSFERRED_TO,2026-08-30T19:29:00,42774.33,0.835
A012,A030,TRANSFERRED_TO,2026-08-01T06:30:00,44714.3,0.87
A019,A049,TRANSFERRED_TO,2026-08-02T17:31:00,28870.13,0.877
A026,A018,TRANSFERRED_TO,2026-08-03T04:32:00,8729.01,0.895
A033,A037,TRANSFERRED_TO,2026-08-04T15:33:00,38222.03,0.95
A040,A006,TRANSFERRED_TO,2026-08-05T02:34:00,10698.91,0.9
A047,A025,TRANSFERRED_TO,2026-08-06T13:35:00,11623.57,0.914
A004,A044,TRANSFERRED_TO,2026-08-07T00:36:00,26355.06,0.945
A011,A013,TRANSFERRED_TO,2026-08-08T11:37:00,8034.96,0.933
A018,A032,TRANSFERRED_TO,2026-08-09T22:38:00,32262.05,0.879
A025,A001,TRANSFERRED_TO,2026-08-10T09:39:00,28485.44,0.958
A032,A020,TRANSFERRED_TO,2026-08-11T20:40:00,299215.79,0.941
A039,A041,TRANSFERRED_TO,2026-08-12T07:41:00,31555.18,0.934
A046,A008,TRANSFERRED_TO,2026-08-13T18:42:00,9352.1,0.862
A003,A027,TRANSFERRED_TO,2026-08-14T05:43:00,41317.72,0.928
A010,A046,TRANSFERRED_TO,2026-08-15T16:44:00,19262.9,0.826
A017,A015,TRANSFERRED_TO,2026-08-16T03:45:00,17506.78,0.878
A024,A034,TRANSFERRED_TO,2026-08-17T14:46:00,39225.97,0.866
A031,A003,TRANSFERRED_TO,2026-08-18T01:47:00,41389.78,0.898
A038,A022,TRANSFERRED_TO,2026-08-19T12:48:00,32323.73,0.802
A045,A041,TRANSFERRED_TO,2026-08-20T23:49:00,30879.86,0.937
A002,A010,TRANSFERRED_TO,2026-08-21T10:50:00,22805.11,0.812
A009,A029,TRANSFERRED_TO,2026-08-22T21:51:00,35245.49,0.897
A016,A048,TRANSFERRED_TO,2026-08-23T08:52:00,33443.33,0.966
A023,A017,TRANSFERRED_TO,2026-08-24T19:53:00,39081.77,0.85
A030,A036,TRANSFERRED_TO,2026-08-25T06:54:00,14508.78,0.936
A037,A005,TRANSFERRED_TO,2026-08-26T17:55:00,43710.81,0.863
A044,A024,TRANSFERRED_TO,2026-08-27T04:56:00,10646.15,0.863
A001,A043,TRANSFERRED_TO,2026-08-28T15:57:00,16447.74,0.925
A008,A012,TRANSFERRED_TO,2026-08-29T02:58:00,41611.25,0.843
A015,A031,TRANSFERRED_TO,2026-08-30T13:59:00,30782.44,0.94
A022,A050,TRANSFERRED_TO,2026-08-01T00:00:00,17231.76,0.856
A029,A019,TRANSFERRED_TO,2026-08-02T11:01:00,37495.78,0.955
A036,A038,TRANSFERRED_TO,2026-08-03T22:02:00,9744.52,0.849
A043,A007,TRANSFERRED_TO,2026-08-04T09:03:00,16641.37,0.979
A050,A026,TRANSFERRED_TO,2026-08-05T20:04:00,12717.03,0.895
A007,A045,TRANSFERRED_TO,2026-08-06T07:05:00,41072.66,0.815
A014,A016,TRANSFERRED_TO,2026-08-07T18:06:00,40073.45,0.915
A021,A033,TRANSFERRED_TO,2026-08-08T05:07:00,24736.11,0.806
A028,A002,TRANSFERRED_TO,2026-08-09T16:08:00,4880.99,0.928
A035,A021,TRANSFERRED_TO,2026-08-10T03:09:00,316466.82,0.873
A042,A040,TRANSFERRED_TO,2026-08-11T14:10:00,36173.61,0.869
A049,A009,TRANSFERRED_TO,2026-08-12T01:11:00,3005.19,0.816
A006,A028,TRANSFERRED_TO,2026-08-13T12:12:00,26117.12,0.872
A013,A047,TRANSFERRED_TO,2026-08-14T23:13:00,29181.31,0.813
A020,A016,TRANSFERRED_TO,2026-08-15T10:14:00,20597.66,0.886
A027,A035,TRANSFERRED_TO,2026-08-16T21:15:00,32208.27,0.889
A034,A004,TRANSFERRED_TO,2026-08-17T08:16:00,13885.63,0.956
A041,A023,TRANSFERRED_TO,2026-08-18T19:17:00,33582.49,0.837
A048,A042,TRANSFERRED_TO,2026-08-19T06:18:00,7233.49,0.927
A005,A011,TRANSFERRED_TO,2026-08-20T17:19:00,31928.63,0.951
A012,A030,TRANSFERRED_TO,2026-08-21T04:20:00,29464.5,0.815
A019,A049,TRANSFERRED_TO,2026-08-22T15:21:00,10620.66,0.827
A026,A018,TRANSFERRED_TO,2026-08-23T02:22:00,39729.63,0.954
A033,A037,TRANSFERRED_TO,2026-08-24T13:23:00,42798.86,0.934
A040,A006,TRANSFERRED_TO,2026-08-25T00:24:00,22174.05,0.914
A047,A025,TRANSFERRED_TO,2026-08-26T11:25:00,32022.09,0.893
A004,A044,TRANSFERRED_TO,2026-08-27T22:26:00,21471.7,0.849
A011,A013,TRANSFERRED_TO,2026-08-28T09:27:00,12049.62,0.935
A018,A032,TRANSFERRED_TO,2026-08-29T20:28:00,35067.1,0.918
A025,A001,TRANSFERRED_TO,2026-08-30T07:29:00,32571.3,0.887
A032,A020,TRANSFERRED_TO,2026-08-01T18:30:00,21144.7,0.951
A039,A041,TRANSFERRED_TO,2026-08-02T05:31:00,26249.0,0.945
A046,A008,TRANSFERRED_TO,2026-08-03T16:32:00,7264.21,0.856
A003,A027,TRANSFERRED_TO,2026-08-04T03:33:00,20114.81,0.839
A010,A046,TRANSFERRED_TO,2026-08-05T14:34:00,4757.96,0.92
A017,A015,TRANSFERRED_TO,2026-08-06T01:35:00,31696.45,0.901
A024,A034,TRANSFERRED_TO,2026-08-07T12:36:00,40188.9,0.861
A031,A003,TRANSFERRED_TO,2026-08-08T23:37:00,30870.3,0.938
A038,A022,TRANSFERRED_TO,2026-08-09T10:38:00,448396.04,0.892
A045,A041,TRANSFERRED_TO,2026-08-10T21:39:00,10921.13,0.976
A002,A010,TRANSFERRED_TO,2026-08-11T08:40:00,39008.13,0.807
A009,A029,TRANSFERRED_TO,2026-08-12T19:41:00,20110.69,0.86
A016,A048,TRANSFERRED_TO,2026-08-13T06:42:00,17699.3,0.966
A023,A017,TRANSFERRED_TO,2026-08-14T17:43:00,2898.78,0.91
A030,A036,TRANSFERRED_TO,2026-08-15T04:44:00,23177.55,0.824
A037,A005,TRANSFERRED_TO,2026-08-16T15:45:00,35529.22,0.882
A044,A024,TRANSFERRED_TO,2026-08-17T02:46:00,7691.11,0.911
A001,A043,TRANSFERRED_TO,2026-08-18T13:47:00,17040.98,0.868
A008,A012,TRANSFERRED_TO,2026-08-19T00:48:00,3060.02,0.964
A015,A031,TRANSFERRED_TO,2026-08-20T11:49:00,11312.49,0.925
A022,A050,TRANSFERRED_TO,2026-08-21T22:50:00,4625.31,0.95
A029,A019,TRANSFERRED_TO,2026-08-22T09:51:00,34809.0,0.943
A036,A038,TRANSFERRED_TO,2026-08-23T20:52:00,3841.17,0.972
A043,A007,TRANSFERRED_TO,2026-08-24T07:53:00,15330.63,0.962
A050,A026,TRANSFERRED_TO,2026-08-25T18:54:00,36255.18,0.804
A007,A045,TRANSFERRED_TO,2026-08-26T05:55:00,6978.53,0.917
A014,A016,TRANSFERRED_TO,2026-08-27T16:56:00,34820.08,0.813
A021,A033,TRANSFERRED_TO,2026-08-28T03:57:00,30635.56,0.935
A028,A002,TRANSFERRED_TO,2026-08-29T14:58:00,18690.83,0.854
A035,A021,TRANSFERRED_TO,2026-08-30T01:59:00,39112.05,0.909
A042,A040,TRANSFERRED_TO,2026-08-01T12:00:00,5643.69,0.989
A049,A009,TRANSFERRED_TO,2026-08-02T23:01:00,27390.4,0.811
A006,A028,TRANSFERRED_TO,2026-08-03T10:02:00,8974.99,0.82
A013,A047,TRANSFERRED_TO,2026-08-04T21:03:00,38371.14,0.95
A020,A016,TRANSFERRED_TO,2026-08-05T08:04:00,24150.92,0.868
A027,A035,TRANSFERRED_TO,2026-08-06T19:05:00,38725.62,0.848
A034,A004,TRANSFERRED_TO,2026-08-07T06:06:00,41918.11,0.84
A041,A023,TRANSFERRED_TO,2026-08-08T17:07:00,403891.49,0.888
A048,A042,TRANSFERRED_TO,2026-08-09T04:08:00,28596.59,0.816
A005,A011,TRANSFERRED_TO,2026-08-10T15:09:00,25701.44,0.985
A012,A030,TRANSFERRED_TO,2026-08-11T02:10:00,17918.93,0.859
A019,A049,TRANSFERRED_TO,2026-08-12T13:11:00,40766.24,0.931
A026,A018,TRANSFERRED_TO,2026-08-13T00:12:00,27886.76,0.849
A033,A037,TRANSFERRED_TO,2026-08-14T11:13:00,10993.79,0.806
A040,A006,TRANSFERRED_TO,2026-08-15T22:14:00,36652.63,0.895
A047,A025,TRANSFERRED_TO,2026-08-16T09:15:00,36939.82,0.809
A004,A044,TRANSFERRED_TO,2026-08-17T20:16:00,41867.26,0.907
A011,A013,TRANSFERRED_TO,2026-08-18T07:17:00,5564.93,0.841
A018,A032,TRANSFERRED_TO,2026-08-19T18:18:00,17763.66,0.896
A025,A001,TRANSFERRED_TO,2026-08-20T05:19:00,30031.06,0.989
A032,A020,TRANSFERRED_TO,2026-08-21T16:20:00,7303.54,0.814
A039,A041,TRANSFERRED_TO,2026-08-22T03:21:00,19936.57,0.882
A046,A008,TRANSFERRED_TO,2026-08-23T14:22:00,10917.38,0.933
A003,A027,TRANSFERRED_TO,2026-08-24T01:23:00,23930.1,0.845
A010,A046,TRANSFERRED_TO,2026-08-25T12:24:00,38309.81,0.841
A017,A015,TRANSFERRED_TO,2026-08-26T23:25:00,28958.87,0.846
A024,A034,TRANSFERRED_TO,2026-08-27T10:26:00,32259.22,0.809
A031,A003,TRANSFERRED_TO,2026-08-28T21:27:00,30629.7,0.878
A038,A022,TRANSFERRED_TO,2026-08-29T08:28:00,15098.03,0.939
A045,A041,TRANSFERRED_TO,2026-08-30T19:29:00,32645.84,0.89
A002,A010,TRANSFERRED_TO,2026-08-01T06:30:00,22945.62,0.871
A009,A029,TRANSFERRED_TO,2026-08-02T17:31:00,13436.08,0.899
A016,A048,TRANSFERRED_TO,2026-08-03T04:32:00,29527.64,0.962
A023,A017,TRANSFERRED_TO,2026-08-04T15:33:00,25923.76,0.94
A030,A036,TRANSFERRED_TO,2026-08-05T02:34:00,8908.42,0.888
A037,A005,TRANSFERRED_TO,2026-08-06T13:35:00,26615.98,0.964
A044,A024,TRANSFERRED_TO,2026-08-07T00:36:00,426194.56,0.88
A001,A043,TRANSFERRED_TO,2026-08-08T11:37:00,9338.2,0.881
A008,A012,TRANSFERRED_TO,2026-08-09T22:38:00,28904.62,0.98
A015,A031,TRANSFERRED_TO,2026-08-10T09:39:00,5928.73,0.84
A022,A050,TRANSFERRED_TO,2026-08-11T20:40:00,13585.82,0.934
A029,A019,TRANSFERRED_TO,2026-08-12T07:41:00,18443.19,0.81
A036,A038,TRANSFERRED_TO,2026-08-13T18:42:00,34384.04,0.968
A043,A007,TRANSFERRED_TO,2026-08-14T05:43:00,15405.81,0.833
A050,A026,TRANSFERRED_TO,2026-08-15T16:44:00,34706.03,0.936
A007,A045,TRANSFERRED_TO,2026-08-16T03:45:00,26824.43,0.846
A014,A016,TRANSFERRED_TO,2026-08-17T14:46:00,36556.71,0.895
A021,A033,TRANSFERRED_TO,2026-08-18T01:47:00,25152.85,0.838
A028,A002,TRANSFERRED_TO,2026-08-19T12:48:00,11664.24,0.982
A035,A021,TRANSFERRED_TO,2026-08-20T23:49:00,36760.21,0.924
A042,A040,TRANSFERRED_TO,2026-08-21T10:50:00,4980.45,0.966
A049,A009,TRANSFERRED_TO,2026-08-22T21:51:00,41618.94,0.844
A006,A028,TRANSFERRED_TO,2026-08-23T08:52:00,19429.02,0.832
A013,A047,TRANSFERRED_TO,2026-08-24T19:53:00,34641.18,0.876
A020,A016,TRANSFERRED_TO,2026-08-25T06:54:00,36494.22,0.838
A027,A035,TRANSFERRED_TO,2026-08-26T17:55:00,13648.09,0.868
A034,A004,TRANSFERRED_TO,2026-08-27T04:56:00,38216.95,0.932
A041,A023,TRANSFERRED_TO,2026-08-28T15:57:00,13789.57,0.989
A048,A042,TRANSFERRED_TO,2026-08-29T02:58:00,27525.03,0.912
A005,A011,TRANSFERRED_TO,2026-08-30T13:59:00,37822.78,0.932
A012,A030,TRANSFERRED_TO,2026-08-01T00:00:00,24937.4,0.904
A019,A049,TRANSFERRED_TO,2026-08-02T11:01:00,14415.8,0.984
A026,A018,TRANSFERRED_TO,2026-08-03T22:02:00,2961.13,0.824
A033,A037,TRANSFERRED_TO,2026-08-04T09:03:00,37944.63,0.947
A040,A006,TRANSFERRED_TO,2026-08-05T20:04:00,25803.84,0.901
A047,A025,TRANSFERRED_TO,2026-08-06T07:05:00,282164.21,0.964
A004,A044,TRANSFERRED_TO,2026-08-07T18:06:00,33288.45,0.82
A011,A013,TRANSFERRED_TO,2026-08-08T05:07:00,33657.07,0.851
A018,A032,TRANSFERRED_TO,2026-08-09T16:08:00,6410.08,0.843
A025,A001,TRANSFERRED_TO,2026-08-10T03:09:00,6652.79,0.879
A032,A020,TRANSFERRED_TO,2026-08-11T14:10:00,5813.45,0.823
A039,A041,TRANSFERRED_TO,2026-08-12T01:11:00,22445.5,0.814
A046,A008,TRANSFERRED_TO,2026-08-13T12:12:00,27790.48,0.911
A003,A027,TRANSFERRED_TO,2026-08-14T23:13:00,12259.9,0.889
A010,A046,TRANSFERRED_TO,2026-08-15T10:14:00,42130.31,0.857
A017,A015,TRANSFERRED_TO,2026-08-16T21:15:00,21820.48,0.877
A024,A034,TRANSFERRED_TO,2026-08-17T08:16:00,33143.87,0.937
A031,A003,TRANSFERRED_TO,2026-08-18T19:17:00,43277.81,0.854
A038,A022,TRANSFERRED_TO,2026-08-19T06:18:00,28910.02,0.882
A045,A041,TRANSFERRED_TO,2026-08-20T17:19:00,42776.09,0.905
A002,A010,TRANSFERRED_TO,2026-08-21T04:20:00,43958.69,0.844
A009,A029,TRANSFERRED_TO,2026-08-22T15:21:00,38522.14,0.846
A016,A048,TRANSFERRED_TO,2026-08-23T02:22:00,37503.04,0.966
A023,A017,TRANSFERRED_TO,2026-08-24T13:23:00,6342.48,0.922
A030,A036,TRANSFERRED_TO,2026-08-25T00:24:00,12535.55,0.801
A037,A005,TRANSFERRED_TO,2026-08-26T11:25:00,3017.67,0.875
A044,A024,TRANSFERRED_TO,2026-08-27T22:26:00,36186.73,0.861
A001,A043,TRANSFERRED_TO,2026-08-28T09:27:00,17959.49,0.987
A008,A012,TRANSFERRED_TO,2026-08-29T20:28:00,2821.54,0.832
A015,A031,TRANSFERRED_TO,2026-08-30T07:29:00,23326.56,0.908
A022,A050,TRANSFERRED_TO,2026-08-01T18:30:00,8915.97,0.829
A029,A019,TRANSFERRED_TO,2026-08-02T05:31:00,27610.82,0.825
A036,A038,TRANSFERRED_TO,2026-08-03T16:32:00,6111.55,0.906
A043,A007,TRANSFERRED_TO,2026-08-04T03:33:00,31094.83,0.866
A050,A026,TRANSFERRED_TO,2026-08-05T14:34:00,446237.86,0.911
A007,A045,TRANSFERRED_TO,2026-08-06T01:35:00,31185.91,0.813
A014,A016,TRANSFERRED_TO,2026-08-07T12:36:00,17047.22,0.84
A021,A033,TRANSFERRED_TO,2026-08-08T23:37:00,19947.47,0.979
A028,A002,TRANSFERRED_TO,2026-08-09T10:38:00,7451.57,0.814
A035,A021,TRANSFERRED_TO,2026-08-10T21:39:00,11417.15,0.837
A042,A040,TRANSFERRED_TO,2026-08-11T08:40:00,27869.03,0.864
A049,A009,TRANSFERRED_TO,2026-08-12T19:41:00,15002.78,0.875
A006,A028,TRANSFERRED_TO,2026-08-13T06:42:00,44234.96,0.859
A013,A047,TRANSFERRED_TO,2026-08-14T17:43:00,24326.52,0.986
A020,A016,TRANSFERRED_TO,2026-08-15T04:44:00,39556.38,0.835
A027,A035,TRANSFERRED_TO,2026-08-16T15:45:00,7108.72,0.85
A034,A004,TRANSFERRED_TO,2026-08-17T02:46:00,4514.85,0.894
A041,A023,TRANSFERRED_TO,2026-08-18T13:47:00,12754.15,0.902
A048,A042,TRANSFERRED_TO,2026-08-19T00:48:00,20645.4,0.88
A005,A011,TRANSFERRED_TO,2026-08-20T11:49:00,29756.98,0.873
A012,A030,TRANSFERRED_TO,2026-08-21T22:50:00,34337.93,0.82
A019,A049,TRANSFERRED_TO,2026-08-22T09:51:00,44005.7,0.916
A026,A018,TRANSFERRED_TO,2026-08-23T20:52:00,12636.18,0.804
A033,A037,TRANSFERRED_TO,2026-08-24T07:53:00,23458.8,0.861
A040,A006,TRANSFERRED_TO,2026-08-25T18:54:00,3941.14,0.857
A047,A025,TRANSFERRED_TO,2026-08-26T05:55:00,28594.89,0.979
A004,A044,TRANSFERRED_TO,2026-08-27T16:56:00,15711.68,0.813
A011,A013,TRANSFERRED_TO,2026-08-28T03:57:00,3965.2,0.846
A018,A032,TRANSFERRED_TO,2026-08-29T14:58:00,38875.07,0.857
A025,A001,TRANSFERRED_TO,2026-08-30T01:59:00,14839.72,0.899
A032,A020,TRANSFERRED_TO,2026-08-01T12:00:00,20452.87,0.867
A039,A041,TRANSFERRED_TO,2026-08-02T23:01:00,12893.3,0.895
A046,A008,TRANSFERRED_TO,2026-08-03T10:02:00,20182.16,0.824
A003,A027,TRANSFERRED_TO,2026-08-04T21:03:00,430090.36,0.886
A010,A046,TRANSFERRED_TO,2026-08-05T08:04:00,4355.03,0.897
A017,A015,TRANSFERRED_TO,2026-08-06T19:05:00,29029.15,0.863
A024,A034,TRANSFERRED_TO,2026-08-07T06:06:00,14039.58,0.96
A031,A003,TRANSFERRED_TO,2026-08-08T17:07:00,37532.29,0.912
A038,A022,TRANSFERRED_TO,2026-08-09T04:08:00,29771.27,0.809
A045,A041,TRANSFERRED_TO,2026-08-10T15:09:00,17517.7,0.813
A002,A010,TRANSFERRED_TO,2026-08-11T02:10:00,42469.02,0.838
A009,A029,TRANSFERRED_TO,2026-08-12T13:11:00,11086.12,0.811
A016,A048,TRANSFERRED_TO,2026-08-13T00:12:00,10199.15,0.964
A023,A017,TRANSFERRED_TO,2026-08-14T11:13:00,38330.42,0.855
A030,A036,TRANSFERRED_TO,2026-08-15T22:14:00,21667.07,0.944
A037,A005,TRANSFERRED_TO,2026-08-16T09:15:00,9101.95,0.911
A044,A024,TRANSFERRED_TO,2026-08-17T20:16:00,26233.32,0.942
A001,A043,TRANSFERRED_TO,2026-08-18T07:17:00,20607.5,0.913
A008,A012,TRANSFERRED_TO,2026-08-19T18:18:00,24033.64,0.974
A015,A031,TRANSFERRED_TO,2026-08-20T05:19:00,26316.44,0.878
A022,A050,TRANSFERRED_TO,2026-08-21T16:20:00,13130.12,0.962
A029,A019,TRANSFERRED_TO,2026-08-22T03:21:00,35715.55,0.952
A036,A038,TRANSFERRED_TO,2026-08-23T14:22:00,7962.55,0.876
A043,A007,TRANSFERRED_TO,2026-08-24T01:23:00,43329.49,0.884
A050,A026,TRANSFERRED_TO,2026-08-25T12:24:00,2928.69,0.93
A007,A045,TRANSFERRED_TO,2026-08-26T23:25:00,28470.08,0.891
A014,A016,TRANSFERRED_TO,2026-08-27T10:26:00,31570.27,0.838
A021,A033,TRANSFERRED_TO,2026-08-28T21:27:00,25754.92,0.871
A028,A002,TRANSFERRED_TO,2026-08-29T08:28:00,21096.28,0.83
A035,A021,TRANSFERRED_TO,2026-08-30T19:29:00,34303.14,0.931
A042,A040,TRANSFERRED_TO,2026-08-01T06:30:00,29366.92,0.822
A049,A009,TRANSFERRED_TO,2026-08-02T17:31:00,16614.54,0.872
A006,A028,TRANSFERRED_TO,2026-08-03T04:32:00,271332.88,0.924
A013,A047,TRANSFERRED_TO,2026-08-04T15:33:00,29621.58,0.979
A020,A016,TRANSFERRED_TO,2026-08-05T02:34:00,34993.57,0.885
A027,A035,TRANSFERRED_TO,2026-08-06T13:35:00,39675.38,0.873
A034,A004,TRANSFERRED_TO,2026-08-07T00:36:00,32024.31,0.943
A041,A023,TRANSFERRED_TO,2026-08-08T11:37:00,12201.78,0.878
A048,A042,TRANSFERRED_TO,2026-08-09T22:38:00,8450.56,0.908
A005,A011,TRANSFERRED_TO,2026-08-10T09:39:00,5669.31,0.832
A012,A030,TRANSFERRED_TO,2026-08-11T20:40:00,31703.9,0.978
A019,A049,TRANSFERRED_TO,2026-08-12T07:41:00,31959.85,0.807
A026,A018,TRANSFERRED_TO,2026-08-13T18:42:00,10025.65,0.841
A033,A037,TRANSFERRED_TO,2026-08-14T05:43:00,34227.78,0.983
A040,A006,TRANSFERRED_TO,2026-08-15T16:44:00,9804.61,0.922
A047,A025,TRANSFERRED_TO,2026-08-16T03:45:00,18344.95,0.825
A004,A044,TRANSFERRED_TO,2026-08-17T14:46:00,6878.9,0.888
A011,A013,TRANSFERRED_TO,2026-08-18T01:47:00,43028.04,0.824
A018,A032,TRANSFERRED_TO,2026-08-19T12:48:00,36968.05,0.911
A025,A001,TRANSFERRED_TO,2026-08-20T23:49:00,2739.21,0.964
A032,A020,TRANSFERRED_TO,2026-08-21T10:50:00,20669.59,0.9
A039,A041,TRANSFERRED_TO,2026-08-22T21:51:00,39104.97,0.941
A046,A008,TRANSFERRED_TO,2026-08-23T08:52:00,13368.75,0.831
A003,A027,TRANSFERRED_TO,2026-08-24T19:53:00,44903.69,0.954
A010,A046,TRANSFERRED_TO,2026-08-25T06:54:00,5530.2,0.896
A017,A015,TRANSFERRED_TO,2026-08-26T17:55:00,32301.86,0.846
A024,A034,TRANSFERRED_TO,2026-08-27T04:56:00,33053.08,0.817
A031,A003,TRANSFERRED_TO,2026-08-28T15:57:00,22839.78,0.945
A038,A022,TRANSFERRED_TO,2026-08-29T02:58:00,4168.1,0.888
A045,A041,TRANSFERRED_TO,2026-08-30T13:59:00,9757.06,0.847
A002,A010,TRANSFERRED_TO,2026-08-01T00:00:00,3553.03,0.974
A009,A029,TRANSFERRED_TO,2026-08-02T11:01:00,368728.22,0.968
A016,A048,TRANSFERRED_TO,2026-08-03T22:02:00,28945.0,0.827
A023,A017,TRANSFERRED_TO,2026-08-04T09:03:00,5246.16,0.85
A030,A036,TRANSFERRED_TO,2026-08-05T20:04:00,26538.21,0.975
A037,A005,TRANSFERRED_TO,2026-08-06T07:05:00,17177.72,0.825
A044,A024,TRANSFERRED_TO,2026-08-07T18:06:00,20590.25,0.931
A001,A043,TRANSFERRED_TO,2026-08-08T05:07:00,23881.26,0.855
A008,A012,TRANSFERRED_TO,2026-08-09T16:08:00,16752.26,0.949
A015,A031,TRANSFERRED_TO,2026-08-10T03:09:00,19562.91,0.972
A022,A050,TRANSFERRED_TO,2026-08-11T14:10:00,24209.4,0.972
A029,A019,TRANSFERRED_TO,2026-08-12T01:11:00,31818.89,0.94
A036,A038,TRANSFERRED_TO,2026-08-13T12:12:00,16882.43,0.98
A043,A007,TRANSFERRED_TO,2026-08-14T23:13:00,3534.07,0.802
A050,A026,TRANSFERRED_TO,2026-08-15T10:14:00,44328.47,0.95
A007,A045,TRANSFERRED_TO,2026-08-16T21:15:00,23817.61,0.81
A014,A016,TRANSFERRED_TO,2026-08-17T08:16:00,26291.13,0.933
A021,A033,TRANSFERRED_TO,2026-08-18T19:17:00,23699.15,0.976
A028,A002,TRANSFERRED_TO,2026-08-19T06:18:00,25372.66,0.967
A035,A021,TRANSFERRED_TO,2026-08-20T17:19:00,14549.92,0.863
A042,A040,TRANSFERRED_TO,2026-08-21T04:20:00,43477.1,0.933
A049,A009,TRANSFERRED_TO,2026-08-22T15:21:00,24330.5,0.82
A006,A028,TRANSFERRED_TO,2026-08-23T02:22:00,30533.86,0.836
A013,A047,TRANSFERRED_TO,2026-08-24T13:23:00,23532.38,0.875
A020,A016,TRANSFERRED_TO,2026-08-25T00:24:00,3962.02,0.865
A027,A035,TRANSFERRED_TO,2026-08-26T11:25:00,27824.36,0.919
A034,A004,TRANSFERRED_TO,2026-08-27T22:26:00,29605.19,0.943
A041,A023,TRANSFERRED_TO,2026-08-28T09:27:00,41909.02,0.816
A048,A042,TRANSFERRED_TO,2026-08-29T20:28:00,4526.51,0.979
A005,A011,TRANSFERRED_TO,2026-08-30T07:29:00,31980.07,0.904
A012,A030,TRANSFERRED_TO,2026-08-01T18:30:00,377902.49,0.81
A019,A049,TRANSFERRED_TO,2026-08-02T05:31:00,38204.01,0.824
A026,A018,TRANSFERRED_TO,2026-08-03T16:32:00,35726.8,0.882
A033,A037,TRANSFERRED_TO,2026-08-04T03:33:00,30324.83,0.942
A040,A006,TRANSFERRED_TO,2026-08-05T14:34:00,37026.24,0.963
A047,A025,TRANSFERRED_TO,2026-08-06T01:35:00,5314.48,0.987
A004,A044,TRANSFERRED_TO,2026-08-07T12:36:00,8910.7,0.948
A011,A013,TRANSFERRED_TO,2026-08-08T23:37:00,21127.15,0.944
A018,A032,TRANSFERRED_TO,2026-08-09T10:38:00,8723.37,0.81
A025,A001,TRANSFERRED_TO,2026-08-10T21:39:00,5818.4,0.813
A032,A020,TRANSFERRED_TO,2026-08-11T08:40:00,32246.91,0.971
A039,A041,TRANSFERRED_TO,2026-08-12T19:41:00,10977.09,0.88
A046,A008,TRANSFERRED_TO,2026-08-13T06:42:00,12862.16,0.904
A003,A027,TRANSFERRED_TO,2026-08-14T17:43:00,4616.89,0.819
A010,A046,TRANSFERRED_TO,2026-08-15T04:44:00,22391.06,0.972
A017,A015,TRANSFERRED_TO,2026-08-16T15:45:00,31528.97,0.912
A024,A034,TRANSFERRED_TO,2026-08-17T02:46:00,41477.77,0.83
A031,A003,TRANSFERRED_TO,2026-08-18T13:47:00,13789.64,0.867
A038,A022,TRANSFERRED_TO,2026-08-19T00:48:00,12159.02,0.925
A045,A041,TRANSFERRED_TO,2026-08-20T11:49:00,25680.19,0.859
A002,A010,TRANSFERRED_TO,2026-08-21T22:50:00,7516.16,0.871
A009,A029,TRANSFERRED_TO,2026-08-22T09:51:00,24971.47,0.931
A016,A048,TRANSFERRED_TO,2026-08-23T20:52:00,35708.65,0.9
A023,A017,TRANSFERRED_TO,2026-08-24T07:53:00,21147.63,0.931
A030,A036,TRANSFERRED_TO,2026-08-25T18:54:00,14153.74,0.928
A037,A005,TRANSFERRED_TO,2026-08-26T05:55:00,27274.65,0.883
A044,A024,TRANSFERRED_TO,2026-08-27T16:56:00,43770.55,0.916
A001,A043,TRANSFERRED_TO,2026-08-28T03:57:00,12523.23,0.817
A008,A012,TRANSFERRED_TO,2026-08-29T14:58:00,32902.15,0.841
A015,A031,TRANSFERRED_TO,2026-08-30T01:59:00,299704.61,0.877
A022,A050,TRANSFERRED_TO,2026-08-01T12:00:00,12836.58,0.938
A029,A019,TRANSFERRED_TO,2026-08-02T23:01:00,14990.11,0.892
A036,A038,TRANSFERRED_TO,2026-08-03T10:02:00,6746.74,0.959
A043,A007,TRANSFERRED_TO,2026-08-04T21:03:00,44995.46,0.845
A050,A026,TRANSFERRED_TO,2026-08-05T08:04:00,34774.93,0.873
A007,A045,TRANSFERRED_TO,2026-08-06T19:05:00,10943.69,0.865
A014,A016,TRANSFERRED_TO,2026-08-07T06:06:00,11938.74,0.808
A021,A033,TRANSFERRED_TO,2026-08-08T17:07:00,5689.57,0.825
A028,A002,TRANSFERRED_TO,2026-08-09T04:08:00,8011.48,0.905
A035,A021,TRANSFERRED_TO,2026-08-10T15:09:00,36233.87,0.856
A042,A040,TRANSFERRED_TO,2026-08-11T02:10:00,9626.82,0.959
A049,A009,TRANSFERRED_TO,2026-08-12T13:11:00,15323.27,0.848
A006,A028,TRANSFERRED_TO,2026-08-13T00:12:00,5981.03,0.958
A013,A047,TRANSFERRED_TO,2026-08-14T11:13:00,17238.94,0.823
A020,A016,TRANSFERRED_TO,2026-08-15T22:14:00,10847.91,0.892
A027,A035,TRANSFERRED_TO,2026-08-16T09:15:00,8293.71,0.803
A034,A004,TRANSFERRED_TO,2026-08-17T20:16:00,17581.28,0.831
A041,A023,TRANSFERRED_TO,2026-08-18T07:17:00,10151.39,0.858
A048,A042,TRANSFERRED_TO,2026-08-19T18:18:00,28132.33,0.82
A005,A011,TRANSFERRED_TO,2026-08-20T05:19:00,35156.49,0.988
A012,A030,TRANSFERRED_TO,2026-08-21T16:20:00,20585.28,0.927
A019,A049,TRANSFERRED_TO,2026-08-22T03:21:00,37408.27,0.888
A026,A018,TRANSFERRED_TO,2026-08-23T14:22:00,21393.93,0.894
A033,A037,TRANSFERRED_TO,2026-08-24T01:23:00,38139.94,0.94
A040,A006,TRANSFERRED_TO,2026-08-25T12:24:00,28129.64,0.839
A047,A025,TRANSFERRED_TO,2026-08-26T23:25:00,34776.6,0.857
A004,A044,TRANSFERRED_TO,2026-08-27T10:26:00,16730.22,0.917
A011,A013,TRANSFERRED_TO,2026-08-28T21:27:00,19403.53,0.9
A018,A032,TRANSFERRED_TO,2026-08-29T08:28:00,260179.65,0.811
A025,A001,TRANSFERRED_TO,2026-08-30T19:29:00,20380.7,0.906
A032,A020,TRANSFERRED_TO,2026-08-01T06:30:00,28694.47,0.884
A039,A041,TRANSFERRED_TO,2026-08-02T17:31:00,22657.83,0.885
A046,A008,TRANSFERRED_TO,2026-08-03T04:32:00,30407.3,0.874
A003,A027,TRANSFERRED_TO,2026-08-04T15:33:00,41659.37,0.935
A010,A046,TRANSFERRED_TO,2026-08-05T02:34:00,40440.36,0.859
A017,A015,TRANSFERRED_TO,2026-08-06T13:35:00,16110.29,0.967
A024,A034,TRANSFERRED_TO,2026-08-07T00:36:00,31700.74,0.851
A031,A003,TRANSFERRED_TO,2026-08-08T11:37:00,41131.18,0.894
A038,A022,TRANSFERRED_TO,2026-08-09T22:38:00,4669.48,0.96
A045,A041,TRANSFERRED_TO,2026-08-10T09:39:00,2592.77,0.97
A002,A010,TRANSFERRED_TO,2026-08-11T20:40:00,4444.0,0.831
A009,A029,TRANSFERRED_TO,2026-08-12T07:41:00,10992.67,0.857
A016,A048,TRANSFERRED_TO,2026-08-13T18:42:00,20099.01,0.903
A023,A017,TRANSFERRED_TO,2026-08-14T05:43:00,16061.21,0.862
A030,A036,TRANSFERRED_TO,2026-08-15T16:44:00,13208.84,0.82
A037,A005,TRANSFERRED_TO,2026-08-16T03:45:00,31712.78,0.967
A044,A024,TRANSFERRED_TO,2026-08-17T14:46:00,43646.49,0.907
A001,A043,TRANSFERRED_TO,2026-08-18T01:47:00,34076.89,0.824
A008,A012,TRANSFERRED_TO,2026-08-19T12:48:00,13018.44,0.8
A015,A031,TRANSFERRED_TO,2026-08-20T23:49:00,7331.2,0.92
A022,A050,TRANSFERRED_TO,2026-08-21T10:50:00,7510.3,0.839
A029,A019,TRANSFERRED_TO,2026-08-22T21:51:00,11755.08,0.886
A036,A038,TRANSFERRED_TO,2026-08-23T08:52:00,20635.22,0.857
A043,A007,TRANSFERRED_TO,2026-08-24T19:53:00,39886.72,0.848
A050,A026,TRANSFERRED_TO,2026-08-25T06:54:00,28195.18,0.988
A007,A045,TRANSFERRED_TO,2026-08-26T17:55:00,12376.19,0.84
A014,A016,TRANSFERRED_TO,2026-08-27T04:56:00,11730.25,0.825
A021,A033,TRANSFERRED_TO,2026-08-28T15:57:00,340632.29,0.861
A028,A002,TRANSFERRED_TO,2026-08-29T02:58:00,22946.85,0.961
A035,A021,TRANSFERRED_TO,2026-08-30T13:59:00,44558.7,0.875
A042,A040,TRANSFERRED_TO,2026-08-01T00:00:00,19171.85,0.975
A049,A009,TRANSFERRED_TO,2026-08-02T11:01:00,12822.98,0.91
A006,A028,TRANSFERRED_TO,2026-08-03T22:02:00,21126.34,0.976
A013,A047,TRANSFERRED_TO,2026-08-04T09:03:00,34063.88,0.921
A020,A016,TRANSFERRED_TO,2026-08-05T20:04:00,44788.34,0.974
A027,A035,TRANSFERRED_TO,2026-08-06T07:05:00,6774.41,0.951
A034,A004,TRANSFERRED_TO,2026-08-07T18:06:00,37777.89,0.972
A041,A023,TRANSFERRED_TO,2026-08-08T05:07:00,35410.08,0.925
A048,A042,TRANSFERRED_TO,2026-08-09T16:08:00,39992.91,0.811
A005,A011,TRANSFERRED_TO,2026-08-10T03:09:00,21962.04,0.809
A012,A030,TRANSFERRED_TO,2026-08-11T14:10:00,7172.88,0.903
A019,A049,TRANSFERRED_TO,2026-08-12T01:11:00,40039.44,0.864
A026,A018,TRANSFERRED_TO,2026-08-13T12:12:00,20511.99,0.82
A033,A037,TRANSFERRED_TO,2026-08-14T23:13:00,16249.86,0.933
A040,A006,TRANSFERRED_TO,2026-08-15T10:14:00,2953.01,0.829
A047,A025,TRANSFERRED_TO,2026-08-16T21:15:00,35761.49,0.834
A004,A044,TRANSFERRED_TO,2026-08-17T08:16:00,30164.59,0.894
A011,A013,TRANSFERRED_TO,2026-08-18T19:17:00,39250.21,0.9
A018,A032,TRANSFERRED_TO,2026-08-19T06:18:00,6883.77,0.955
A025,A001,TRANSFERRED_TO,2026-08-20T17:19:00,29518.76,0.901
A032,A020,TRANSFERRED_TO,2026-08-21T04:20:00,34147.03,0.892
A039,A041,TRANSFERRED_TO,2026-08-22T15:21:00,35442.66,0.93
A046,A008,TRANSFERRED_TO,2026-08-23T02:22:00,36762.85,0.942
A003,A027,TRANSFERRED_TO,2026-08-24T13:23:00,18047.22,0.822
A010,A046,TRANSFERRED_TO,2026-08-25T00:24:00,30142.48,0.93
A017,A015,TRANSFERRED_TO,2026-08-26T11:25:00,5879.88,0.87
A024,A034,TRANSFERRED_TO,2026-08-27T22:26:00,180207.78,0.864
A031,A003,TRANSFERRED_TO,2026-08-28T09:27:00,32178.07,0.874
A038,A022,TRANSFERRED_TO,2026-08-29T20:28:00,38975.14,0.933
A045,A041,TRANSFERRED_TO,2026-08-30T07:29:00,5218.77,0.813
A002,A010,TRANSFERRED_TO,2026-08-01T18:30:00,10964.95,0.828
A009,A029,TRANSFERRED_TO,2026-08-02T05:31:00,18212.62,0.839
A016,A048,TRANSFERRED_TO,2026-08-03T16:32:00,39172.02,0.8
A023,A017,TRANSFERRED_TO,2026-08-04T03:33:00,4523.79,0.894
A030,A036,TRANSFERRED_TO,2026-08-05T14:34:00,33405.09,0.875
A037,A005,TRANSFERRED_TO,2026-08-06T01:35:00,41274.03,0.812
A044,A024,TRANSFERRED_TO,2026-08-07T12:36:00,2796.63,0.926
A001,A043,TRANSFERRED_TO,2026-08-08T23:37:00,16228.43,0.888
A008,A012,TRANSFERRED_TO,2026-08-09T10:38:00,12742.93,0.946
A015,A031,TRANSFERRED_TO,2026-08-10T21:39:00,11316.79,0.863
A022,A050,TRANSFERRED_TO,2026-08-11T08:40:00,15592.69,0.913
A029,A019,TRANSFERRED_TO,2026-08-12T19:41:00,8987.73,0.954
A036,A038,TRANSFERRED_TO,2026-08-13T06:42:00,18525.31,0.965
A043,A007,TRANSFERRED_TO,2026-08-14T17:43:00,34674.11,0.868
A050,A026,TRANSFERRED_TO,2026-08-15T04:44:00,4314.95,0.946
A007,A045,TRANSFERRED_TO,2026-08-16T15:45:00,19423.93,0.811
A014,A016,TRANSFERRED_TO,2026-08-17T02:46:00,40658.39,0.854
A021,A033,TRANSFERRED_TO,2026-08-18T13:47:00,19564.66,0.833
A028,A002,TRANSFERRED_TO,2026-08-19T00:48:00,25684.03,0.881
A035,A021,TRANSFERRED_TO,2026-08-20T11:49:00,39136.36,0.818
A042,A040,TRANSFERRED_TO,2026-08-21T22:50:00,16148.75,0.886
A049,A009,TRANSFERRED_TO,2026-08-22T09:51:00,11463.47,0.967
A006,A028,TRANSFERRED_TO,2026-08-23T20:52:00,23179.37,0.92
A013,A047,TRANSFERRED_TO,2026-08-24T07:53:00,23283.64,0.819
A020,A016,TRANSFERRED_TO,2026-08-25T18:54:00,21014.75,0.947
A027,A035,TRANSFERRED_TO,2026-08-26T05:55:00,326147.72,0.911
A034,A004,TRANSFERRED_TO,2026-08-27T16:56:00,11898.64,0.957
A041,A023,TRANSFERRED_TO,2026-08-28T03:57:00,14136.31,0.809
A048,A042,TRANSFERRED_TO,2026-08-29T14:58:00,23868.13,0.916
A005,A011,TRANSFERRED_TO,2026-08-30T01:59:00,17621.09,0.947
A012,A030,TRANSFERRED_TO,2026-08-01T12:00:00,14417.0,0.936
A019,A049,TRANSFERRED_TO,2026-08-02T23:01:00,33936.31,0.931
A026,A018,TRANSFERRED_TO,2026-08-03T10:02:00,8955.69,0.931
A033,A037,TRANSFERRED_TO,2026-08-04T21:03:00,32808.15,0.887
A040,A006,TRANSFERRED_TO,2026-08-05T08:04:00,29087.74,0.92
A047,A025,TRANSFERRED_TO,2026-08-06T19:05:00,19602.9,0.883
A004,A044,TRANSFERRED_TO,2026-08-07T06:06:00,32013.97,0.926
A011,A013,TRANSFERRED_TO,2026-08-08T17:07:00,12606.71,0.908
A018,A032,TRANSFERRED_TO,2026-08-09T04:08:00,43046.68,0.837
A025,A001,TRANSFERRED_TO,2026-08-10T15:09:00,6834.68,0.928
A032,A020,TRANSFERRED_TO,2026-08-11T02:10:00,40793.82,0.935
A039,A041,TRANSFERRED_TO,2026-08-12T13:11:00,28330.08,0.989
A046,A008,TRANSFERRED_TO,2026-08-13T00:12:00,41007.29,0.923
A003,A027,TRANSFERRED_TO,2026-08-14T11:13:00,14527.03,0.92
A010,A046,TRANSFERRED_TO,2026-08-15T22:14:00,8998.85,0.919
A017,A015,TRANSFERRED_TO,2026-08-16T09:15:00,19541.54,0.876
A024,A034,TRANSFERRED_TO,2026-08-17T20:16:00,11505.79,0.834
A031,A003,TRANSFERRED_TO,2026-08-18T07:17:00,43506.09,0.859
A038,A022,TRANSFERRED_TO,2026-08-19T18:18:00,37500.92,0.885
A045,A041,TRANSFERRED_TO,2026-08-20T05:19:00,7131.89,0.836
A002,A010,TRANSFERRED_TO,2026-08-21T16:20:00,34665.69,0.859
A009,A029,TRANSFERRED_TO,2026-08-22T03:21:00,8458.71,0.906
A016,A048,TRANSFERRED_TO,2026-08-23T14:22:00,3232.14,0.979
A023,A017,TRANSFERRED_TO,2026-08-24T01:23:00,43811.05,0.977
A030,A036,TRANSFERRED_TO,2026-08-25T12:24:00,267781.23,0.933
A037,A005,TRANSFERRED_TO,2026-08-26T23:25:00,9675.89,0.902
A044,A024,TRANSFERRED_TO,2026-08-27T10:26:00,39294.88,0.9
A001,A043,TRANSFERRED_TO,2026-08-28T21:27:00,12817.4,0.895
A008,A012,TRANSFERRED_TO,2026-08-29T08:28:00,27014.72,0.808
A015,A031,TRANSFERRED_TO,2026-08-30T19:29:00,7927.9,0.902
A022,A050,TRANSFERRED_TO,2026-08-01T06:30:00,20445.41,0.859
A029,A019,TRANSFERRED_TO,2026-08-02T17:31:00,15117.77,0.859
A036,A038,TRANSFERRED_TO,2026-08-03T04:32:00,16656.32,0.824
A043,A007,TRANSFERRED_TO,2026-08-04T15:33:00,14630.97,0.837
A050,A026,TRANSFERRED_TO,2026-08-05T02:34:00,23979.14,0.805
A007,A045,TRANSFERRED_TO,2026-08-06T13:35:00,36804.39,0.83
A014,A016,TRANSFERRED_TO,2026-08-07T00:36:00,13268.33,0.905
A021,A033,TRANSFERRED_TO,2026-08-08T11:37:00,3918.81,0.951
A028,A002,TRANSFERRED_TO,2026-08-09T22:38:00,11428.28,0.98
A035,A021,TRANSFERRED_TO,2026-08-10T09:39:00,17762.31,0.953
A042,A040,TRANSFERRED_TO,2026-08-11T20:40:00,44647.87,0.953
A049,A009,TRANSFERRED_TO,2026-08-12T07:41:00,24925.22,0.845
A006,A028,TRANSFERRED_TO,2026-08-13T18:42:00,41036.55,0.809
A013,A047,TRANSFERRED_TO,2026-08-14T05:43:00,29498.48,0.859
A020,A016,TRANSFERRED_TO,2026-08-15T16:44:00,8564.0,0.964
A027,A035,TRANSFERRED_TO,2026-08-16T03:45:00,38324.76,0.835
A034,A004,TRANSFERRED_TO,2026-08-17T14:46:00,33382.76,0.851
A041,A023,TRANSFERRED_TO,2026-08-18T01:47:00,5530.44,0.813
A048,A042,TRANSFERRED_TO,2026-08-19T12:48:00,8120.32,0.897
A005,A011,TRANSFERRED_TO,2026-08-20T23:49:00,14776.1,0.839
A012,A030,TRANSFERRED_TO,2026-08-21T10:50:00,39898.81,0.812
A019,A049,TRANSFERRED_TO,2026-08-22T21:51:00,33922.62,0.953
A026,A018,TRANSFERRED_TO,2026-08-23T08:52:00,33956.78,0.93
A033,A037,TRANSFERRED_TO,2026-08-24T19:53:00,266420.65,0.819
A040,A006,TRANSFERRED_TO,2026-08-25T06:54:00,29626.13,0.963
A047,A025,TRANSFERRED_TO,2026-08-26T17:55:00,24353.28,0.805
A004,A044,TRANSFERRED_TO,2026-08-27T04:56:00,31866.39,0.872
A011,A013,TRANSFERRED_TO,2026-08-28T15:57:00,36726.35,0.897
A018,A032,TRANSFERRED_TO,2026-08-29T02:58:00,3860.98,0.973
A025,A001,TRANSFERRED_TO,2026-08-30T13:59:00,8003.67,0.876
A032,A020,TRANSFERRED_TO,2026-08-01T00:00:00,43343.86,0.914
A039,A041,TRANSFERRED_TO,2026-08-02T11:01:00,20431.97,0.813
A046,A008,TRANSFERRED_TO,2026-08-03T22:02:00,42968.72,0.813
A003,A027,TRANSFERRED_TO,2026-08-04T09:03:00,7527.79,0.925
A010,A046,TRANSFERRED_TO,2026-08-05T20:04:00,38889.59,0.977
A017,A015,TRANSFERRED_TO,2026-08-06T07:05:00,28990.27,0.818
A024,A034,TRANSFERRED_TO,2026-08-07T18:06:00,38671.54,0.986
A031,A003,TRANSFERRED_TO,2026-08-08T05:07:00,41340.18,0.946
A038,A022,TRANSFERRED_TO,2026-08-09T16:08:00,35723.74,0.936
A045,A041,TRANSFERRED_TO,2026-08-10T03:09:00,16085.04,0.865
A002,A010,TRANSFERRED_TO,2026-08-11T14:10:00,22097.15,0.856
A009,A029,TRANSFERRED_TO,2026-08-12T01:11:00,36866.52,0.873
A016,A048,TRANSFERRED_TO,2026-08-13T12:12:00,24223.02,0.975
A023,A017,TRANSFERRED_TO,2026-08-14T23:13:00,35611.32,0.914
A030,A036,TRANSFERRED_TO,2026-08-15T10:14:00,5699.48,0.856
A037,A005,TRANSFERRED_TO,2026-08-16T21:15:00,18177.66,0.864
A044,A024,TRANSFERRED_TO,2026-08-17T08:16:00,43483.71,0.952
A001,A043,TRANSFERRED_TO,2026-08-18T19:17:00,29500.08,0.9
A008,A012,TRANSFERRED_TO,2026-08-19T06:18:00,34088.39,0.986
A015,A031,TRANSFERRED_TO,2026-08-20T17:19:00,8192.55,0.839
A022,A050,TRANSFERRED_TO,2026-08-21T04:20:00,26516.86,0.802
A029,A019,TRANSFERRED_TO,2026-08-22T15:21:00,3927.06,0.985
A036,A038,TRANSFERRED_TO,2026-08-23T02:22:00,287394.48,0.934
A043,A007,TRANSFERRED_TO,2026-08-24T13:23:00,27873.79,0.89
A050,A026,TRANSFERRED_TO,2026-08-25T00:24:00,28600.45,0.923
A007,A045,TRANSFERRED_TO,2026-08-26T11:25:00,16764.8,0.891
A014,A016,TRANSFERRED_TO,2026-08-27T22:26:00,4133.28,0.989
A021,A033,TRANSFERRED_TO,2026-08-28T09:27:00,8705.78,0.989
A028,A002,TRANSFERRED_TO,2026-08-29T20:28:00,5553.18,0.802
A035,A021,TRANSFERRED_TO,2026-08-30T07:29:00,32155.1,0.907
A042,A040,TRANSFERRED_TO,2026-08-01T18:30:00,36896.83,0.973
A049,A009,TRANSFERRED_TO,2026-08-02T05:31:00,23496.59,0.81
A006,A028,TRANSFERRED_TO,2026-08-03T16:32:00,10244.07,0.946
A013,A047,TRANSFERRED_TO,2026-08-04T03:33:00,43360.94,0.826
A020,A016,TRANSFERRED_TO,2026-08-05T14:34:00,37687.33,0.903
A027,A035,TRANSFERRED_TO,2026-08-06T01:35:00,29764.61,0.856
A034,A004,TRANSFERRED_TO,2026-08-07T12:36:00,39916.44,0.964
A041,A023,TRANSFERRED_TO,2026-08-08T23:37:00,17387.21,0.892
A048,A042,TRANSFERRED_TO,2026-08-09T10:38:00,23850.36,0.953
A005,A011,TRANSFERRED_TO,2026-08-10T21:39:00,36300.33,0.928
A012,A030,TRANSFERRED_TO,2026-08-11T08:40:00,15219.25,0.82
A019,A049,TRANSFERRED_TO,2026-08-12T19:41:00,41162.26,0.835
A026,A018,TRANSFERRED_TO,2026-08-13T06:42:00,8154.0,0.846
A033,A037,TRANSFERRED_TO,2026-08-14T17:43:00,20606.51,0.886
A040,A006,TRANSFERRED_TO,2026-08-15T04:44:00,13036.55,0.896
A047,A025,TRANSFERRED_TO,2026-08-16T15:45:00,44042.99,0.871
A004,A044,TRANSFERRED_TO,2026-08-17T02:46:00,44011.38,0.929
A011,A013,TRANSFERRED_TO,2026-08-18T13:47:00,27395.94,0.804
A018,A032,TRANSFERRED_TO,2026-08-19T00:48:00,6449.5,0.9
A025,A001,TRANSFERRED_TO,2026-08-20T11:49:00,41940.04,0.837
A032,A020,TRANSFERRED_TO,2026-08-21T22:50:00,33950.96,0.894
A039,A041,TRANSFERRED_TO,2026-08-22T09:51:00,158088.84,0.981
A046,A008,TRANSFERRED_TO,2026-08-23T20:52:00,43609.6,0.932
A003,A027,TRANSFERRED_TO,2026-08-24T07:53:00,35088.4,0.913
A010,A046,TRANSFERRED_TO,2026-08-25T18:54:00,8738.15,0.813
A017,A015,TRANSFERRED_TO,2026-08-26T05:55:00,37969.17,0.855
A024,A034,TRANSFERRED_TO,2026-08-27T16:56:00,35778.98,0.875
A031,A003,TRANSFERRED_TO,2026-08-28T03:57:00,6379.33,0.979
A038,A022,TRANSFERRED_TO,2026-08-29T14:58:00,29334.62,0.984
A045,A041,TRANSFERRED_TO,2026-08-30T01:59:00,15888.6,0.969
A002,A010,TRANSFERRED_TO,2026-08-01T12:00:00,23326.65,0.879
A009,A029,TRANSFERRED_TO,2026-08-02T23:01:00,19442.5,0.81
A016,A048,TRANSFERRED_TO,2026-08-03T10:02:00,12813.62,0.891
A023,A017,TRANSFERRED_TO,2026-08-04T21:03:00,5587.31,0.847
A030,A036,TRANSFERRED_TO,2026-08-05T08:04:00,27399.48,0.96
A037,A005,TRANSFERRED_TO,2026-08-06T19:05:00,42679.24,0.972
A044,A024,TRANSFERRED_TO,2026-08-07T06:06:00,22855.62,0.981
A001,A043,TRANSFERRED_TO,2026-08-08T17:07:00,21782.75,0.809
A008,A012,TRANSFERRED_TO,2026-08-09T04:08:00,12674.87,0.964
A015,A031,TRANSFERRED_TO,2026-08-10T15:09:00,33799.46,0.881
A022,A050,TRANSFERRED_TO,2026-08-11T02:10:00,29392.89,0.984
A029,A019,TRANSFERRED_TO,2026-08-12T13:11:00,30846.76,0.943
A036,A038,TRANSFERRED_TO,2026-08-13T00:12:00,24983.63,0.914
A043,A007,TRANSFERRED_TO,2026-08-14T11:13:00,39267.9,0.816
A050,A026,TRANSFERRED_TO,2026-08-15T22:14:00,33705.97,0.858
A007,A045,TRANSFERRED_TO,2026-08-16T09:15:00,12843.17,0.888
A014,A016,TRANSFERRED_TO,2026-08-17T20:16:00,4898.64,0.869
A021,A033,TRANSFERRED_TO,2026-08-18T07:17:00,24656.44,0.966
A028,A002,TRANSFERRED_TO,2026-08-19T18:18:00,31273.35,0.844
A035,A021,TRANSFERRED_TO,2026-08-20T05:19:00,19125.46,0.971
A042,A040,TRANSFERRED_TO,2026-08-21T16:20:00,198972.26,0.854
A049,A009,TRANSFERRED_TO,2026-08-22T03:21:00,4543.49,0.956
A006,A028,TRANSFERRED_TO,2026-08-23T14:22:00,16994.16,0.803
A013,A047,TRANSFERRED_TO,2026-08-24T01:23:00,12830.91,0.907
A020,A016,TRANSFERRED_TO,2026-08-25T12:24:00,3541.8,0.848
A027,A035,TRANSFERRED_TO,2026-08-26T23:25:00,7727.05,0.831
A034,A004,TRANSFERRED_TO,2026-08-27T10:26:00,41759.35,0.805
A041,A023,TRANSFERRED_TO,2026-08-28T21:27:00,3416.93,0.958
A048,A042,TRANSFERRED_TO,2026-08-29T08:28:00,41388.14,0.954
A005,A011,TRANSFERRED_TO,2026-08-30T19:29:00,15537.7,0.909
A012,A030,TRANSFERRED_TO,2026-08-01T06:30:00,19704.31,0.927
A019,A049,TRANSFERRED_TO,2026-08-02T17:31:00,18526.34,0.809
A026,A018,TRANSFERRED_TO,2026-08-03T04:32:00,5431.06,0.847
A033,A037,TRANSFERRED_TO,2026-08-04T15:33:00,30707.84,0.937
A040,A006,TRANSFERRED_TO,2026-08-05T02:34:00,10141.58,0.969
A047,A025,TRANSFERRED_TO,2026-08-06T13:35:00,44223.83,0.806
A004,A044,TRANSFERRED_TO,2026-08-07T00:36:00,11090.65,0.951
A011,A013,TRANSFERRED_TO,2026-08-08T11:37:00,35292.03,0.922
A018,A032,TRANSFERRED_TO,2026-08-09T22:38:00,33619.89,0.894
A025,A001,TRANSFERRED_TO,2026-08-10T09:39:00,5042.95,0.986
A032,A020,TRANSFERRED_TO,2026-08-11T20:40:00,16814.69,0.87
A039,A041,TRANSFERRED_TO,2026-08-12T07:41:00,7822.0,0.97
A046,A008,TRANSFERRED_TO,2026-08-13T18:42:00,27100.18,0.948
A003,A027,TRANSFERRED_TO,2026-08-14T05:43:00,35611.51,0.942
A010,A046,TRANSFERRED_TO,2026-08-15T16:44:00,20652.24,0.888
A017,A015,TRANSFERRED_TO,2026-08-16T03:45:00,24038.08,0.82
A024,A034,TRANSFERRED_TO,2026-08-17T14:46:00,10113.19,0.955
A031,A003,TRANSFERRED_TO,2026-08-18T01:47:00,37051.04,0.959
A038,A022,TRANSFERRED_TO,2026-08-19T12:48:00,23338.27,0.941
A045,A041,TRANSFERRED_TO,2026-08-20T23:49:00,351195.8,0.806
A002,A010,TRANSFERRED_TO,2026-08-21T10:50:00,17728.95,0.904
A009,A029,TRANSFERRED_TO,2026-08-22T21:51:00,14165.9,0.943
A016,A048,TRANSFERRED_TO,2026-08-23T08:52:00,20237.03,0.837
A023,A017,TRANSFERRED_TO,2026-08-24T19:53:00,37182.46,0.856
A030,A036,TRANSFERRED_TO,2026-08-25T06:54:00,39498.69,0.841
A037,A005,TRANSFERRED_TO,2026-08-26T17:55:00,21936.29,0.846
A044,A024,TRANSFERRED_TO,2026-08-27T04:56:00,13310.08,0.805
A001,A043,TRANSFERRED_TO,2026-08-28T15:57:00,23625.81,0.833
A008,A012,TRANSFERRED_TO,2026-08-29T02:58:00,8982.55,0.957
A015,A031,TRANSFERRED_TO,2026-08-30T13:59:00,11012.88,0.965
A022,A050,TRANSFERRED_TO,2026-08-01T00:00:00,41614.26,0.85
A029,A019,TRANSFERRED_TO,2026-08-02T11:01:00,5088.32,0.803
A036,A038,TRANSFERRED_TO,2026-08-03T22:02:00,19318.1,0.814
A043,A007,TRANSFERRED_TO,2026-08-04T09:03:00,39678.48,0.926
A050,A026,TRANSFERRED_TO,2026-08-05T20:04:00,12571.41,0.808
A007,A045,TRANSFERRED_TO,2026-08-06T07:05:00,31164.78,0.812
A014,A016,TRANSFERRED_TO,2026-08-07T18:06:00,34807.13,0.87
A021,A033,TRANSFERRED_TO,2026-08-08T05:07:00,24321.83,0.811
A028,A002,TRANSFERRED_TO,2026-08-09T16:08:00,33239.26,0.837
A035,A021,TRANSFERRED_TO,2026-08-10T03:09:00,25943.1,0.809
A042,A040,TRANSFERRED_TO,2026-08-11T14:10:00,10940.57,0.976
A049,A009,TRANSFERRED_TO,2026-08-12T01:11:00,25473.03,0.838
A006,A028,TRANSFERRED_TO,2026-08-13T12:12:00,17507.87,0.853
A013,A047,TRANSFERRED_TO,2026-08-14T23:13:00,41413.94,0.898
A020,A016,TRANSFERRED_TO,2026-08-15T10:14:00,33215.44,0.834
A027,A035,TRANSFERRED_TO,2026-08-16T21:15:00,27260.17,0.885
A034,A004,TRANSFERRED_TO,2026-08-17T08:16:00,25091.96,0.952
A041,A023,TRANSFERRED_TO,2026-08-18T19:17:00,37884.06,0.887
A048,A042,TRANSFERRED_TO,2026-08-19T06:18:00,255557.15,0.857
A005,A011,TRANSFERRED_TO,2026-08-20T17:19:00,25156.86,0.822
A012,A030,TRANSFERRED_TO,2026-08-21T04:20:00,39031.62,0.803
A019,A049,TRANSFERRED_TO,2026-08-22T15:21:00,20690.8,0.939
A026,A018,TRANSFERRED_TO,2026-08-23T02:22:00,22321.11,0.904
A033,A037,TRANSFERRED_TO,2026-08-24T13:23:00,24921.6,0.917
A040,A006,TRANSFERRED_TO,2026-08-25T00:24:00,7269.12,0.912
A047,A025,TRANSFERRED_TO,2026-08-26T11:25:00,25019.08,0.872
A004,A044,TRANSFERRED_TO,2026-08-27T22:26:00,16240.32,0.901
A011,A013,TRANSFERRED_TO,2026-08-28T09:27:00,30511.31,0.832
A018,A032,TRANSFERRED_TO,2026-08-29T20:28:00,13646.96,0.866
A025,A001,TRANSFERRED_TO,2026-08-30T07:29:00,31908.75,0.85
A032,A020,TRANSFERRED_TO,2026-08-01T18:30:00,22592.78,0.883
A039,A041,TRANSFERRED_TO,2026-08-02T05:31:00,5007.4,0.809
A046,A008,TRANSFERRED_TO,2026-08-03T16:32:00,42734.19,0.929
A003,A027,TRANSFERRED_TO,2026-08-04T03:33:00,44143.44,0.96
A010,A046,TRANSFERRED_TO,2026-08-05T14:34:00,25605.88,0.898
A017,A015,TRANSFERRED_TO,2026-08-06T01:35:00,29073.71,0.805
A024,A034,TRANSFERRED_TO,2026-08-07T12:36:00,34593.15,0.919
A031,A003,TRANSFERRED_TO,2026-08-08T23:37:00,14947.43,0.855
A038,A022,TRANSFERRED_TO,2026-08-09T10:38:00,36972.73,0.925
A045,A041,TRANSFERRED_TO,2026-08-10T21:39:00,12365.4,0.847
A002,A010,TRANSFERRED_TO,2026-08-11T08:40:00,17441.71,0.884
A009,A029,TRANSFERRED_TO,2026-08-12T19:41:00,27302.87,0.971
A016,A048,TRANSFERRED_TO,2026-08-13T06:42:00,10682.22,0.925
A023,A017,TRANSFERRED_TO,2026-08-14T17:43:00,42434.32,0.843
A030,A036,TRANSFERRED_TO,2026-08-15T04:44:00,16782.57,0.91
A037,A005,TRANSFERRED_TO,2026-08-16T15:45:00,21806.4,0.868
A044,A024,TRANSFERRED_TO,2026-08-17T02:46:00,5573.28,0.881
A001,A043,TRANSFERRED_TO,2026-08-18T13:47:00,412589.43,0.921
A008,A012,TRANSFERRED_TO,2026-08-19T00:48:00,31121.24,0.961
A015,A031,TRANSFERRED_TO,2026-08-20T11:49:00,14495.05,0.922
A022,A050,TRANSFERRED_TO,2026-08-21T22:50:00,38766.12,0.885
A029,A019,TRANSFERRED_TO,2026-08-22T09:51:00,13629.86,0.985
A036,A038,TRANSFERRED_TO,2026-08-23T20:52:00,21478.19,0.916
A043,A007,TRANSFERRED_TO,2026-08-24T07:53:00,3252.22,0.982
A050,A026,TRANSFERRED_TO,2026-08-25T18:54:00,38143.84,0.818
A007,A045,TRANSFERRED_TO,2026-08-26T05:55:00,17778.91,0.881
A014,A016,TRANSFERRED_TO,2026-08-27T16:56:00,37418.7,0.828
A021,A033,TRANSFERRED_TO,2026-08-28T03:57:00,26615.09,0.913
A028,A002,TRANSFERRED_TO,2026-08-29T14:58:00,35090.83,0.819
A035,A021,TRANSFERRED_TO,2026-08-30T01:59:00,38316.36,0.841
A042,A040,TRANSFERRED_TO,2026-08-01T12:00:00,13466.58,0.882
A049,A009,TRANSFERRED_TO,2026-08-02T23:01:00,35629.26,0.857
A006,A028,TRANSFERRED_TO,2026-08-03T10:02:00,15217.98,0.912
A013,A047,TRANSFERRED_TO,2026-08-04T21:03:00,18828.18,0.918
A020,A016,TRANSFERRED_TO,2026-08-05T08:04:00,37064.87,0.971
A027,A035,TRANSFERRED_TO,2026-08-06T19:05:00,5029.46,0.802
A034,A004,TRANSFERRED_TO,2026-08-07T06:06:00,27312.64,0.837
A041,A023,TRANSFERRED_TO,2026-08-08T17:07:00,22790.82,0.95
A048,A042,TRANSFERRED_TO,2026-08-09T04:08:00,18118.3,0.932
A005,A011,TRANSFERRED_TO,2026-08-10T15:09:00,13425.33,0.953
A012,A030,TRANSFERRED_TO,2026-08-11T02:10:00,37338.13,0.805
A019,A049,TRANSFERRED_TO,2026-08-12T13:11:00,8675.37,0.85
A026,A018,TRANSFERRED_TO,2026-08-13T00:12:00,11462.06,0.804
A033,A037,TRANSFERRED_TO,2026-08-14T11:13:00,17895.98,0.923
A040,A006,TRANSFERRED_TO,2026-08-15T22:14:00,8474.06,0.955
A047,A025,TRANSFERRED_TO,2026-08-16T09:15:00,43204.72,0.825
A004,A044,TRANSFERRED_TO,2026-08-17T20:16:00,296456.99,0.838
A011,A013,TRANSFERRED_TO,2026-08-18T07:17:00,22534.67,0.906
A018,A032,TRANSFERRED_TO,2026-08-19T18:18:00,39969.55,0.845
A025,A001,TRANSFERRED_TO,2026-08-20T05:19:00,31000.13,0.862
A032,A020,TRANSFERRED_TO,2026-08-21T16:20:00,20014.0,0.887
A039,A041,TRANSFERRED_TO,2026-08-22T03:21:00,35916.43,0.873
A046,A008,TRANSFERRED_TO,2026-08-23T14:22:00,44162.84,0.87
A003,A027,TRANSFERRED_TO,2026-08-24T01:23:00,42276.48,0.946
A010,A046,TRANSFERRED_TO,2026-08-25T12:24:00,12755.94,0.929
A017,A015,TRANSFERRED_TO,2026-08-26T23:25:00,20174.75,0.94
A024,A034,TRANSFERRED_TO,2026-08-27T10:26:00,7785.36,0.913
A031,A003,TRANSFERRED_TO,2026-08-28T21:27:00,24542.21,0.802
A038,A022,TRANSFERRED_TO,2026-08-29T08:28:00,31068.89,0.91
A045,A041,TRANSFERRED_TO,2026-08-30T19:29:00,40135.45,0.97
A002,A010,TRANSFERRED_TO,2026-08-01T06:30:00,40135.19,0.816
A009,A029,TRANSFERRED_TO,2026-08-02T17:31:00,31210.54,0.839
A016,A048,TRANSFERRED_TO,2026-08-03T04:32:00,42767.27,0.918
A023,A017,TRANSFERRED_TO,2026-08-04T15:33:00,6034.83,0.98
A030,A036,TRANSFERRED_TO,2026-08-05T02:34:00,26373.53,0.914
A037,A005,TRANSFERRED_TO,2026-08-06T13:35:00,3728.22,0.859
A044,A024,TRANSFERRED_TO,2026-08-07T00:36:00,6377.68,0.871
A001,A043,TRANSFERRED_TO,2026-08-08T11:37:00,38519.61,0.918
A008,A012,TRANSFERRED_TO,2026-08-09T22:38:00,27016.62,0.877
A015,A031,TRANSFERRED_TO,2026-08-10T09:39:00,37351.95,0.846
A022,A050,TRANSFERRED_TO,2026-08-11T20:40:00,40791.5,0.966
A029,A019,TRANSFERRED_TO,2026-08-12T07:41:00,32289.03,0.932
A036,A038,TRANSFERRED_TO,2026-08-13T18:42:00,43241.9,0.863
A043,A007,TRANSFERRED_TO,2026-08-14T05:43:00,26366.78,0.844
A050,A026,TRANSFERRED_TO,2026-08-15T16:44:00,40385.96,0.88
A007,A045,TRANSFERRED_TO,2026-08-16T03:45:00,395948.1,0.81
A014,A016,TRANSFERRED_TO,2026-08-17T14:46:00,25155.09,0.95
A021,A033,TRANSFERRED_TO,2026-08-18T01:47:00,9788.08,0.856
A028,A002,TRANSFERRED_TO,2026-08-19T12:48:00,15079.73,0.973
A035,A021,TRANSFERRED_TO,2026-08-20T23:49:00,38441.82,0.971
A042,A040,TRANSFERRED_TO,2026-08-21T10:50:00,14653.24,0.929
A049,A009,TRANSFERRED_TO,2026-08-22T21:51:00,8150.56,0.811
A006,A028,TRANSFERRED_TO,2026-08-23T08:52:00,11792.38,0.901
A013,A047,TRANSFERRED_TO,2026-08-24T19:53:00,31723.09,0.895
A020,A016,TRANSFERRED_TO,2026-08-25T06:54:00,38163.37,0.838
A027,A035,TRANSFERRED_TO,2026-08-26T17:55:00,10666.26,0.836
A034,A004,TRANSFERRED_TO,2026-08-27T04:56:00,28164.65,0.847
A041,A023,TRANSFERRED_TO,2026-08-28T15:57:00,26421.83,0.874
A048,A042,TRANSFERRED_TO,2026-08-29T02:58:00,9184.8,0.908
A005,A011,TRANSFERRED_TO,2026-08-30T13:59:00,6036.43,0.846
A012,A030,TRANSFERRED_TO,2026-08-01T00:00:00,31916.52,0.821
A019,A049,TRANSFERRED_TO,2026-08-02T11:01:00,28675.15,0.91
A026,A018,TRANSFERRED_TO,2026-08-03T22:02:00,14312.06,0.803
A033,A037,TRANSFERRED_TO,2026-08-04T09:03:00,10883.22,0.977
A040,A006,TRANSFERRED_TO,2026-08-05T20:04:00,11902.47,0.923
A047,A025,TRANSFERRED_TO,2026-08-06T07:05:00,8060.11,0.97
A004,A044,TRANSFERRED_TO,2026-08-07T18:06:00,39891.93,0.912
A011,A013,TRANSFERRED_TO,2026-08-08T05:07:00,11762.35,0.824
A018,A032,TRANSFERRED_TO,2026-08-09T16:08:00,22100.88,0.9
A025,A001,TRANSFERRED_TO,2026-08-10T03:09:00,38329.93,0.847
A032,A020,TRANSFERRED_TO,2026-08-11T14:10:00,4693.37,0.814
A039,A041,TRANSFERRED_TO,2026-08-12T01:11:00,34623.18,0.929
A046,A008,TRANSFERRED_TO,2026-08-13T12:12:00,42295.16,0.969
A003,A027,TRANSFERRED_TO,2026-08-14T23:13:00,24865.13,0.911
A010,A046,TRANSFERRED_TO,2026-08-15T10:14:00,249552.1,0.975
A017,A015,TRANSFERRED_TO,2026-08-16T21:15:00,22841.69,0.9
A024,A034,TRANSFERRED_TO,2026-08-17T08:16:00,7280.94,0.881
A031,A003,TRANSFERRED_TO,2026-08-18T19:17:00,30018.34,0.892
A038,A022,TRANSFERRED_TO,2026-08-19T06:18:00,10874.4,0.924
A045,A041,TRANSFERRED_TO,2026-08-20T17:19:00,3196.18,0.878
A002,A010,TRANSFERRED_TO,2026-08-21T04:20:00,25245.82,0.964
A009,A029,TRANSFERRED_TO,2026-08-22T15:21:00,23544.19,0.918
A016,A048,TRANSFERRED_TO,2026-08-23T02:22:00,30492.99,0.966
A023,A017,TRANSFERRED_TO,2026-08-24T13:23:00,9729.95,0.942
A030,A036,TRANSFERRED_TO,2026-08-25T00:24:00,5458.17,0.841
A037,A005,TRANSFERRED_TO,2026-08-26T11:25:00,13771.35,0.973
A044,A024,TRANSFERRED_TO,2026-08-27T22:26:00,24948.41,0.87
A001,A043,TRANSFERRED_TO,2026-08-28T09:27:00,27120.4,0.979
A008,A012,TRANSFERRED_TO,2026-08-29T20:28:00,40002.3,0.895
A015,A031,TRANSFERRED_TO,2026-08-30T07:29:00,15904.12,0.974
A022,A050,TRANSFERRED_TO,2026-08-01T18:30:00,6716.31,0.935
A029,A019,TRANSFERRED_TO,2026-08-02T05:31:00,27114.45,0.822
A036,A038,TRANSFERRED_TO,2026-08-03T16:32:00,7007.78,0.951
A043,A007,TRANSFERRED_TO,2026-08-04T03:33:00,13235.65,0.974
A050,A026,TRANSFERRED_TO,2026-08-05T14:34:00,9578.43,0.888
A007,A045,TRANSFERRED_TO,2026-08-06T01:35:00,16226.38,0.887
A014,A016,TRANSFERRED_TO,2026-08-07T12:36:00,14239.99,0.841
A021,A033,TRANSFERRED_TO,2026-08-08T23:37:00,6879.16,0.859
A028,A002,TRANSFERRED_TO,2026-08-09T10:38:00,23660.93,0.845
A035,A021,TRANSFERRED_TO,2026-08-10T21:39:00,36820.89,0.881
A042,A040,TRANSFERRED_TO,2026-08-11T08:40:00,16738.48,0.916
A049,A009,TRANSFERRED_TO,2026-08-12T19:41:00,21626.07,0.897
A006,A028,TRANSFERRED_TO,2026-08-13T06:42:00,35265.72,0.878
A013,A047,TRANSFERRED_TO,2026-08-14T17:43:00,228869.98,0.884
A020,A016,TRANSFERRED_TO,2026-08-15T04:44:00,37299.42,0.924
A027,A035,TRANSFERRED_TO,2026-08-16T15:45:00,12677.93,0.833
A034,A004,TRANSFERRED_TO,2026-08-17T02:46:00,30352.69,0.87
A041,A023,TRANSFERRED_TO,2026-08-18T13:47:00,39227.96,0.908
A048,A042,TRANSFERRED_TO,2026-08-19T00:48:00,29353.17,0.923
A005,A011,TRANSFERRED_TO,2026-08-20T11:49:00,19339.55,0.924
A012,A030,TRANSFERRED_TO,2026-08-21T22:50:00,7216.67,0.834
A019,A049,TRANSFERRED_TO,2026-08-22T09:51:00,20741.55,0.882
A026,A018,TRANSFERRED_TO,2026-08-23T20:52:00,36377.28,0.948
A033,A037,TRANSFERRED_TO,2026-08-24T07:53:00,13612.11,0.844
A040,A006,TRANSFERRED_TO,2026-08-25T18:54:00,33293.4,0.819
A047,A025,TRANSFERRED_TO,2026-08-26T05:55:00,27374.42,0.885
A004,A044,TRANSFERRED_TO,2026-08-27T16:56:00,7876.71,0.861
A011,A013,TRANSFERRED_TO,2026-08-28T03:57:00,19951.02,0.959
A018,A032,TRANSFERRED_TO,2026-08-29T14:58:00,17514.03,0.918
A025,A001,TRANSFERRED_TO,2026-08-30T01:59:00,14761.09,0.979
A032,A020,TRANSFERRED_TO,2026-08-01T12:00:00,13860.42,0.954
A039,A041,TRANSFERRED_TO,2026-08-02T23:01:00,42648.64,0.98
A046,A008,TRANSFERRED_TO,2026-08-03T10:02:00,25120.03,0.862
A003,A027,TRANSFERRED_TO,2026-08-04T21:03:00,32690.94,0.883
A010,A046,TRANSFERRED_TO,2026-08-05T08:04:00,17487.06,0.82
A017,A015,TRANSFERRED_TO,2026-08-06T19:05:00,18516.25,0.883
A024,A034,TRANSFERRED_TO,2026-08-07T06:06:00,6133.57,0.922
A031,A003,TRANSFERRED_TO,2026-08-08T17:07:00,37094.25,0.926
A038,A022,TRANSFERRED_TO,2026-08-09T04:08:00,44387.37,0.807
A045,A041,TRANSFERRED_TO,2026-08-10T15:09:00,36084.25,0.931
A002,A010,TRANSFERRED_TO,2026-08-11T02:10:00,6600.12,0.905
A009,A029,TRANSFERRED_TO,2026-08-12T13:11:00,4260.45,0.829
A016,A048,TRANSFERRED_TO,2026-08-13T00:12:00,215348.04,0.957
A023,A017,TRANSFERRED_TO,2026-08-14T11:13:00,16909.13,0.946
A030,A036,TRANSFERRED_TO,2026-08-15T22:14:00,35794.55,0.946
A037,A005,TRANSFERRED_TO,2026-08-16T09:15:00,8608.18,0.879
A044,A024,TRANSFERRED_TO,2026-08-17T20:16:00,17415.33,0.851
A001,A043,TRANSFERRED_TO,2026-08-18T07:17:00,32958.85,0.884
A008,A012,TRANSFERRED_TO,2026-08-19T18:18:00,30387.22,0.951
A015,A031,TRANSFERRED_TO,2026-08-20T05:19:00,29150.78,0.811
A022,A050,TRANSFERRED_TO,2026-08-21T16:20:00,15640.78,0.819
A029,A019,TRANSFERRED_TO,2026-08-22T03:21:00,34959.67,0.978
A036,A038,TRANSFERRED_TO,2026-08-23T14:22:00,8922.67,0.978
A043,A007,TRANSFERRED_TO,2026-08-24T01:23:00,14742.96,0.813
A050,A026,TRANSFERRED_TO,2026-08-25T12:24:00,10743.8,0.978
A007,A045,TRANSFERRED_TO,2026-08-26T23:25:00,5105.43,0.98
A014,A016,TRANSFERRED_TO,2026-08-27T10:26:00,24371.2,0.971
A021,A033,TRANSFERRED_TO,2026-08-28T21:27:00,3254.58,0.936
A028,A002,TRANSFERRED_TO,2026-08-29T08:28:00,18041.77,0.875
A035,A021,TRANSFERRED_TO,2026-08-30T19:29:00,36057.48,0.82
A042,A040,TRANSFERRED_TO,2026-08-01T06:30:00,9340.84,0.896
A049,A009,TRANSFERRED_TO,2026-08-02T17:31:00,40402.76,0.889
A006,A028,TRANSFERRED_TO,2026-08-03T04:32:00,40699.58,0.816
A013,A047,TRANSFERRED_TO,2026-08-04T15:33:00,2568.02,0.96
A020,A016,TRANSFERRED_TO,2026-08-05T02:34:00,23562.23,0.9
A027,A035,TRANSFERRED_TO,2026-08-06T13:35:00,2840.83,0.873
A034,A004,TRANSFERRED_TO,2026-08-07T00:36:00,38210.12,0.91
A041,A023,TRANSFERRED_TO,2026-08-08T11:37:00,34101.3,0.906
A048,A042,TRANSFERRED_TO,2026-08-09T22:38:00,36503.99,0.976
A005,A011,TRANSFERRED_TO,2026-08-10T09:39:00,43947.32,0.935
A012,A030,TRANSFERRED_TO,2026-08-11T20:40:00,2563.18,0.906
A019,A049,TRANSFERRED_TO,2026-08-12T07:41:00,340503.71,0.936
A026,A018,TRANSFERRED_TO,2026-08-13T18:42:00,37895.19,0.955
A033,A037,TRANSFERRED_TO,2026-08-14T05:43:00,27810.53,0.952
A040,A006,TRANSFERRED_TO,2026-08-15T16:44:00,35606.51,0.934
A047,A025,TRANSFERRED_TO,2026-08-16T03:45:00,28689.21,0.908
A004,A044,TRANSFERRED_TO,2026-08-17T14:46:00,44232.96,0.961
A011,A013,TRANSFERRED_TO,2026-08-18T01:47:00,23059.34,0.829
A018,A032,TRANSFERRED_TO,2026-08-19T12:48:00,32129.45,0.882
A025,A001,TRANSFERRED_TO,2026-08-20T23:49:00,32479.14,0.81
A032,A020,TRANSFERRED_TO,2026-08-21T10:50:00,16664.13,0.891
A039,A041,TRANSFERRED_TO,2026-08-22T21:51:00,34877.39,0.89
A046,A008,TRANSFERRED_TO,2026-08-23T08:52:00,9433.17,0.852
A003,A027,TRANSFERRED_TO,2026-08-24T19:53:00,42100.43,0.985
A010,A046,TRANSFERRED_TO,2026-08-25T06:54:00,16241.15,0.882
A017,A015,TRANSFERRED_TO,2026-08-26T17:55:00,34268.71,0.881
A024,A034,TRANSFERRED_TO,2026-08-27T04:56:00,20362.6,0.85
A031,A003,TRANSFERRED_TO,2026-08-28T15:57:00,14036.74,0.813
A038,A022,TRANSFERRED_TO,2026-08-29T02:58:00,22172.5,0.918
A045,A041,TRANSFERRED_TO,2026-08-30T13:59:00,4865.18,0.859
A002,A010,TRANSFERRED_TO,2026-08-01T00:00:00,30889.6,0.93
A009,A029,TRANSFERRED_TO,2026-08-02T11:01:00,4642.95,0.847
A016,A048,TRANSFERRED_TO,2026-08-03T22:02:00,38443.33,0.852
A023,A017,TRANSFERRED_TO,2026-08-04T09:03:00,12266.45,0.903
A030,A036,TRANSFERRED_TO,2026-08-05T20:04:00,29265.27,0.91
A037,A005,TRANSFERRED_TO,2026-08-06T07:05:00,32695.35,0.942
A044,A024,TRANSFERRED_TO,2026-08-07T18:06:00,20602.41,0.963
A001,A043,TRANSFERRED_TO,2026-08-08T05:07:00,27220.86,0.867
A008,A012,TRANSFERRED_TO,2026-08-09T16:08:00,32961.17,0.957
A015,A031,TRANSFERRED_TO,2026-08-10T03:09:00,37499.61,0.917
A022,A050,TRANSFERRED_TO,2026-08-11T14:10:00,271134.54,0.87
A029,A019,TRANSFERRED_TO,2026-08-12T01:11:00,28848.6,0.846
A036,A038,TRANSFERRED_TO,2026-08-13T12:12:00,39393.8,0.834
A043,A007,TRANSFERRED_TO,2026-08-14T23:13:00,19593.97,0.835
A050,A026,TRANSFERRED_TO,2026-08-15T10:14:00,43302.3,0.877
A007,A045,TRANSFERRED_TO,2026-08-16T21:15:00,25734.68,0.82
A014,A016,TRANSFERRED_TO,2026-08-17T08:16:00,18610.3,0.985
A021,A033,TRANSFERRED_TO,2026-08-18T19:17:00,25846.82,0.97
A028,A002,TRANSFERRED_TO,2026-08-19T06:18:00,14428.21,0.84
A035,A021,TRANSFERRED_TO,2026-08-20T17:19:00,20354.63,0.829
A042,A040,TRANSFERRED_TO,2026-08-21T04:20:00,11527.91,0.902
A049,A009,TRANSFERRED_TO,2026-08-22T15:21:00,3430.24,0.836
A006,A028,TRANSFERRED_TO,2026-08-23T02:22:00,27305.72,0.972
A013,A047,TRANSFERRED_TO,2026-08-24T13:23:00,39220.69,0.827
A020,A016,TRANSFERRED_TO,2026-08-25T00:24:00,20326.44,0.851
A027,A035,TRANSFERRED_TO,2026-08-26T11:25:00,39573.39,0.883
A034,A004,TRANSFERRED_TO,2026-08-27T22:26:00,8158.97,0.903
A041,A023,TRANSFERRED_TO,2026-08-28T09:27:00,27882.17,0.813
A048,A042,TRANSFERRED_TO,2026-08-29T20:28:00,33322.75,0.936
A005,A011,TRANSFERRED_TO,2026-08-30T07:29:00,26788.29,0.888
A012,A030,TRANSFERRED_TO,2026-08-01T18:30:00,43669.78,0.932
A019,A049,TRANSFERRED_TO,2026-08-02T05:31:00,26430.42,0.947
A026,A018,TRANSFERRED_TO,2026-08-03T16:32:00,13425.52,0.857
A033,A037,TRANSFERRED_TO,2026-08-04T03:33:00,8632.09,0.949
A040,A006,TRANSFERRED_TO,2026-08-05T14:34:00,14038.16,0.915
A047,A025,TRANSFERRED_TO,2026-08-06T01:35:00,15880.27,0.927
A004,A044,TRANSFERRED_TO,2026-08-07T12:36:00,5693.83,0.853
A011,A013,TRANSFERRED_TO,2026-08-08T23:37:00,5347.68,0.899
A018,A032,TRANSFERRED_TO,2026-08-09T10:38:00,21165.75,0.814
A025,A001,TRANSFERRED_TO,2026-08-10T21:39:00,353725.54,0.969
A032,A020,TRANSFERRED_TO,2026-08-11T08:40:00,22595.76,0.926
A039,A041,TRANSFERRED_TO,2026-08-12T19:41:00,13657.59,0.911
A046,A008,TRANSFERRED_TO,2026-08-13T06:42:00,32632.6,0.83
A003,A027,TRANSFERRED_TO,2026-08-14T17:43:00,4161.64,0.806
A010,A046,TRANSFERRED_TO,2026-08-15T04:44:00,26267.69,0.861
A017,A015,TRANSFERRED_TO,2026-08-16T15:45:00,23622.31,0.814
A024,A034,TRANSFERRED_TO,2026-08-17T02:46:00,9141.12,0.925
A031,A003,TRANSFERRED_TO,2026-08-18T13:47:00,28553.18,0.945
A038,A022,TRANSFERRED_TO,2026-08-19T00:48:00,29353.27,0.911
A045,A041,TRANSFERRED_TO,2026-08-20T11:49:00,21587.27,0.827
A002,A010,TRANSFERRED_TO,2026-08-21T22:50:00,22561.08,0.903
A009,A029,TRANSFERRED_TO,2026-08-22T09:51:00,36000.23,0.949
A016,A048,TRANSFERRED_TO,2026-08-23T20:52:00,41302.01,0.836
A023,A017,TRANSFERRED_TO,2026-08-24T07:53:00,24968.21,0.967
A030,A036,TRANSFERRED_TO,2026-08-25T18:54:00,7462.58,0.926
A037,A005,TRANSFERRED_TO,2026-08-26T05:55:00,27328.47,0.921
A044,A024,TRANSFERRED_TO,2026-08-27T16:56:00,11552.49,0.884
A001,A043,TRANSFERRED_TO,2026-08-28T03:57:00,29338.93,0.952
A008,A012,TRANSFERRED_TO,2026-08-29T14:58:00,15292.73,0.854
A015,A031,TRANSFERRED_TO,2026-08-30T01:59:00,25221.25,0.939
A022,A050,TRANSFERRED_TO,2026-08-01T12:00:00,10875.85,0.895
A029,A019,TRANSFERRED_TO,2026-08-02T23:01:00,18149.47,0.932
A036,A038,TRANSFERRED_TO,2026-08-03T10:02:00,12632.57,0.851
A043,A007,TRANSFERRED_TO,2026-08-04T21:03:00,15081.52,0.833
A050,A026,TRANSFERRED_TO,2026-08-05T08:04:00,3304.03,0.839
A007,A045,TRANSFERRED_TO,2026-08-06T19:05:00,15469.41,0.925
A014,A016,TRANSFERRED_TO,2026-08-07T06:06:00,40653.25,0.918
A021,A033,TRANSFERRED_TO,2026-08-08T17:07:00,33437.08,0.901
A028,A002,TRANSFERRED_TO,2026-08-09T04:08:00,354620.88,0.821
A035,A021,TRANSFERRED_TO,2026-08-10T15:09:00,7214.28,0.947
A042,A040,TRANSFERRED_TO,2026-08-11T02:10:00,16218.83,0.909
A049,A009,TRANSFERRED_TO,2026-08-12T13:11:00,14073.99,0.95
A006,A028,TRANSFERRED_TO,2026-08-13T00:12:00,12689.41,0.898
A013,A047,TRANSFERRED_TO,2026-08-14T11:13:00,43063.51,0.936
A020,A016,TRANSFERRED_TO,2026-08-15T22:14:00,3744.43,0.844
A027,A035,TRANSFERRED_TO,2026-08-16T09:15:00,38417.92,0.881
A034,A004,TRANSFERRED_TO,2026-08-17T20:16:00,36655.96,0.912
A041,A023,TRANSFERRED_TO,2026-08-18T07:17:00,18433.7,0.954
A048,A042,TRANSFERRED_TO,2026-08-19T18:18:00,44724.21,0.927
A005,A011,TRANSFERRED_TO,2026-08-20T05:19:00,25433.38,0.885
A012,A030,TRANSFERRED_TO,2026-08-21T16:20:00,37364.36,0.878
A019,A049,TRANSFERRED_TO,2026-08-22T03:21:00,16967.7,0.859
A026,A018,TRANSFERRED_TO,2026-08-23T14:22:00,30677.7,0.813
A033,A037,TRANSFERRED_TO,2026-08-24T01:23:00,28165.86,0.869
A040,A006,TRANSFERRED_TO,2026-08-25T12:24:00,4048.2,0.868
A047,A025,TRANSFERRED_TO,2026-08-26T23:25:00,42264.41,0.87
A004,A044,TRANSFERRED_TO,2026-08-27T10:26:00,39552.22,0.858
A011,A013,TRANSFERRED_TO,2026-08-28T21:27:00,28518.14,0.816
A018,A032,TRANSFERRED_TO,2026-08-29T08:28:00,43272.48,0.886
A025,A001,TRANSFERRED_TO,2026-08-30T19:29:00,27623.65,0.962
A032,A020,TRANSFERRED_TO,2026-08-01T06:30:00,35629.19,0.874
A039,A041,TRANSFERRED_TO,2026-08-02T17:31:00,13730.44,0.826
A046,A008,TRANSFERRED_TO,2026-08-03T04:32:00,26930.65,0.981
A003,A027,TRANSFERRED_TO,2026-08-04T15:33:00,32275.8,0.847
A010,A046,TRANSFERRED_TO,2026-08-05T02:34:00,42030.5,0.818
A017,A015,TRANSFERRED_TO,2026-08-06T13:35:00,27096.78,0.835
A024,A034,TRANSFERRED_TO,2026-08-07T00:36:00,24186.4,0.875
A031,A003,TRANSFERRED_TO,2026-08-08T11:37:00,412956.62,0.859
A038,A022,TRANSFERRED_TO,2026-08-09T22:38:00,16163.84,0.895
A045,A041,TRANSFERRED_TO,2026-08-10T09:39:00,24749.7,0.959
A002,A010,TRANSFERRED_TO,2026-08-11T20:40:00,14329.67,0.829
A009,A029,TRANSFERRED_TO,2026-08-12T07:41:00,44592.17,0.846
A016,A048,TRANSFERRED_TO,2026-08-13T18:42:00,13562.19,0.901
A023,A017,TRANSFERRED_TO,2026-08-14T05:43:00,15135.5,0.89
A030,A036,TRANSFERRED_TO,2026-08-15T16:44:00,30447.77,0.83
A037,A005,TRANSFERRED_TO,2026-08-16T03:45:00,34717.75,0.937
A044,A024,TRANSFERRED_TO,2026-08-17T14:46:00,21296.78,0.936
A001,A043,TRANSFERRED_TO,2026-08-18T01:47:00,21846.55,0.824
A008,A012,TRANSFERRED_TO,2026-08-19T12:48:00,28942.45,0.907
A015,A031,TRANSFERRED_TO,2026-08-20T23:49:00,8170.3,0.921
A022,A050,TRANSFERRED_TO,2026-08-21T10:50:00,40223.2,0.875
A029,A019,TRANSFERRED_TO,2026-08-22T21:51:00,29606.45,0.941
A036,A038,TRANSFERRED_TO,2026-08-23T08:52:00,39658.67,0.937
A043,A007,TRANSFERRED_TO,2026-08-24T19:53:00,44896.43,0.823
A050,A026,TRANSFERRED_TO,2026-08-25T06:54:00,3256.84,0.858
A007,A045,TRANSFERRED_TO,2026-08-26T17:55:00,37095.27,0.876
A014,A016,TRANSFERRED_TO,2026-08-27T04:56:00,31905.42,0.904
A021,A033,TRANSFERRED_TO,2026-08-28T15:57:00,9876.54,0.905
A028,A002,TRANSFERRED_TO,2026-08-29T02:58:00,17945.37,0.813
A035,A021,TRANSFERRED_TO,2026-08-30T13:59:00,14926.99,0.949
A042,A040,TRANSFERRED_TO,2026-08-01T00:00:00,37400.26,0.981
A049,A009,TRANSFERRED_TO,2026-08-02T11:01:00,14455.49,0.932
A006,A028,TRANSFERRED_TO,2026-08-03T22:02:00,3584.32,0.914
A013,A047,TRANSFERRED_TO,2026-08-04T09:03:00,14932.96,0.97
A020,A016,TRANSFERRED_TO,2026-08-05T20:04:00,2777.01,0.958
A027,A035,TRANSFERRED_TO,2026-08-06T07:05:00,17198.66,0.883
A034,A004,TRANSFERRED_TO,2026-08-07T18:06:00,298121.82,0.958
A041,A023,TRANSFERRED_TO,2026-08-08T05:07:00,25298.77,0.989
A048,A042,TRANSFERRED_TO,2026-08-09T16:08:00,31538.93,0.941
A005,A011,TRANSFERRED_TO,2026-08-10T03:09:00,17619.2,0.888
A012,A030,TRANSFERRED_TO,2026-08-11T14:10:00,35859.38,0.962
A019,A049,TRANSFERRED_TO,2026-08-12T01:11:00,37539.23,0.867
A026,A018,TRANSFERRED_TO,2026-08-13T12:12:00,8348.81,0.935
A033,A037,TRANSFERRED_TO,2026-08-14T23:13:00,9576.97,0.859
A040,A006,TRANSFERRED_TO,2026-08-15T10:14:00,16099.42,0.848
A047,A025,TRANSFERRED_TO,2026-08-16T21:15:00,35563.19,0.81
A004,A044,TRANSFERRED_TO,2026-08-17T08:16:00,34767.25,0.965
A011,A013,TRANSFERRED_TO,2026-08-18T19:17:00,6819.01,0.876
A018,A032,TRANSFERRED_TO,2026-08-19T06:18:00,2894.36,0.809
A025,A001,TRANSFERRED_TO,2026-08-20T17:19:00,36166.81,0.953
A032,A020,TRANSFERRED_TO,2026-08-21T04:20:00,4074.46,0.84
A039,A041,TRANSFERRED_TO,2026-08-22T15:21:00,29033.49,0.937
A046,A008,TRANSFERRED_TO,2026-08-23T02:22:00,31646.51,0.878
A003,A027,TRANSFERRED_TO,2026-08-24T13:23:00,6297.3,0.903
A010,A046,TRANSFERRED_TO,2026-08-25T00:24:00,23798.56,0.918
A017,A015,TRANSFERRED_TO,2026-08-26T11:25:00,44596.35,0.923
A024,A034,TRANSFERRED_TO,2026-08-27T22:26:00,42758.26,0.848
A031,A003,TRANSFERRED_TO,2026-08-28T09:27:00,11508.67,0.892
A038,A022,TRANSFERRED_TO,2026-08-29T20:28:00,29663.89,0.895
A045,A041,TRANSFERRED_TO,2026-08-30T07:29:00,3477.13,0.982
A002,A010,TRANSFERRED_TO,2026-08-01T18:30:00,41025.89,0.811
A009,A029,TRANSFERRED_TO,2026-08-02T05:31:00,35968.72,0.849
A016,A048,TRANSFERRED_TO,2026-08-03T16:32:00,10299.92,0.94
A023,A017,TRANSFERRED_TO,2026-08-04T03:33:00,21439.26,0.828
A030,A036,TRANSFERRED_TO,2026-08-05T14:34:00,20838.15,0.852
A037,A005,TRANSFERRED_TO,2026-08-06T01:35:00,236323.61,0.961
A044,A024,TRANSFERRED_TO,2026-08-07T12:36:00,18526.1,0.808
A001,A043,TRANSFERRED_TO,2026-08-08T23:37:00,12128.53,0.94
A008,A012,TRANSFERRED_TO,2026-08-09T10:38:00,16907.8,0.904
A015,A031,TRANSFERRED_TO,2026-08-10T21:39:00,10223.96,0.828
A022,A050,TRANSFERRED_TO,2026-08-11T08:40:00,32737.84,0.969
A029,A019,TRANSFERRED_TO,2026-08-12T19:41:00,6975.27,0.976
A036,A038,TRANSFERRED_TO,2026-08-13T06:42:00,22823.14,0.899
A043,A007,TRANSFERRED_TO,2026-08-14T17:43:00,12149.63,0.967
A050,A026,TRANSFERRED_TO,2026-08-15T04:44:00,20144.88,0.983
A007,A045,TRANSFERRED_TO,2026-08-16T15:45:00,36512.55,0.827
A014,A016,TRANSFERRED_TO,2026-08-17T02:46:00,16483.78,0.969
A021,A033,TRANSFERRED_TO,2026-08-18T13:47:00,40387.39,0.98
A028,A002,TRANSFERRED_TO,2026-08-19T00:48:00,4385.71,0.912
A035,A021,TRANSFERRED_TO,2026-08-20T11:49:00,43652.85,0.919
A042,A040,TRANSFERRED_TO,2026-08-21T22:50:00,21389.41,0.986
A049,A009,TRANSFERRED_TO,2026-08-22T09:51:00,3254.04,0.809
A006,A028,TRANSFERRED_TO,2026-08-23T20:52:00,37708.04,0.964
A013,A047,TRANSFERRED_TO,2026-08-24T07:53:00,9212.4,0.917
A020,A016,TRANSFERRED_TO,2026-08-25T18:54:00,42171.4,0.98
A027,A035,TRANSFERRED_TO,2026-08-26T05:55:00,4925.41,0.897
A034,A004,TRANSFERRED_TO,2026-08-27T16:56:00,38873.96,0.893
A041,A023,TRANSFERRED_TO,2026-08-28T03:57:00,13632.37,0.89
A048,A042,TRANSFERRED_TO,2026-08-29T14:58:00,6668.71,0.962
A005,A011,TRANSFERRED_TO,2026-08-30T01:59:00,18476.46,0.907
A012,A030,TRANSFERRED_TO,2026-08-01T12:00:00,17535.15,0.974
A019,A049,TRANSFERRED_TO,2026-08-02T23:01:00,6542.12,0.857
A026,A018,TRANSFERRED_TO,2026-08-03T10:02:00,15164.61,0.963
A033,A037,TRANSFERRED_TO,2026-08-04T21:03:00,14514.84,0.895
A040,A006,TRANSFERRED_TO,2026-08-05T08:04:00,182034.84,0.872
A047,A025,TRANSFERRED_TO,2026-08-06T19:05:00,41949.04,0.96
A004,A044,TRANSFERRED_TO,2026-08-07T06:06:00,27975.5,0.975
A011,A013,TRANSFERRED_TO,2026-08-08T17:07:00,12165.38,0.939
A018,A032,TRANSFERRED_TO,2026-08-09T04:08:00,12075.59,0.975
A025,A001,TRANSFERRED_TO,2026-08-10T15:09:00,14581.1,0.817
A032,A020,TRANSFERRED_TO,2026-08-11T02:10:00,10449.47,0.972
A039,A041,TRANSFERRED_TO,2026-08-12T13:11:00,41040.19,0.897
A046,A008,TRANSFERRED_TO,2026-08-13T00:12:00,18785.08,0.944
A003,A027,TRANSFERRED_TO,2026-08-14T11:13:00,26321.5,0.938
A010,A046,TRANSFERRED_TO,2026-08-15T22:14:00,30585.17,0.854
A017,A015,TRANSFERRED_TO,2026-08-16T09:15:00,26359.5,0.98
A024,A034,TRANSFERRED_TO,2026-08-17T20:16:00,14331.77,0.917
A031,A003,TRANSFERRED_TO,2026-08-18T07:17:00,4572.28,0.898
A038,A022,TRANSFERRED_TO,2026-08-19T18:18:00,30726.9,0.909
A045,A041,TRANSFERRED_TO,2026-08-20T05:19:00,7410.52,0.945
A002,A010,TRANSFERRED_TO,2026-08-21T16:20:00,39408.89,0.855
A009,A029,TRANSFERRED_TO,2026-08-22T03:21:00,43698.8,0.972
A016,A048,TRANSFERRED_TO,2026-08-23T14:22:00,44943.94,0.836
A023,A017,TRANSFERRED_TO,2026-08-24T01:23:00,11127.8,0.801
A030,A036,TRANSFERRED_TO,2026-08-25T12:24:00,5565.49,0.918
A037,A005,TRANSFERRED_TO,2026-08-26T23:25:00,18487.04,0.98
A044,A024,TRANSFERRED_TO,2026-08-27T10:26:00,14455.16,0.98
A001,A043,TRANSFERRED_TO,2026-08-28T21:27:00,30559.81,0.838
A008,A012,TRANSFERRED_TO,2026-08-29T08:28:00,9049.5,0.948
A015,A031,TRANSFERRED_TO,2026-08-30T19:29:00,41144.2,0.937
A022,A050,TRANSFERRED_TO,2026-08-01T06:30:00,40140.8,0.916
A029,A019,TRANSFERRED_TO,2026-08-02T17:31:00,8866.44,0.969
A036,A038,TRANSFERRED_TO,2026-08-03T04:32:00,29929.14,0.823
A043,A007,TRANSFERRED_TO,2026-08-04T15:33:00,249445.57,0.832
A050,A026,TRANSFERRED_TO,2026-08-05T02:34:00,40107.99,0.937
A007,A045,TRANSFERRED_TO,2026-08-06T13:35:00,36515.4,0.857
A014,A016,TRANSFERRED_TO,2026-08-07T00:36:00,6014.19,0.86
A021,A033,TRANSFERRED_TO,2026-08-08T11:37:00,19182.05,0.97
A028,A002,TRANSFERRED_TO,2026-08-09T22:38:00,32150.9,0.852
A035,A021,TRANSFERRED_TO,2026-08-10T09:39:00,12235.02,0.954
A042,A040,TRANSFERRED_TO,2026-08-11T20:40:00,37773.32,0.812
A049,A009,TRANSFERRED_TO,2026-08-12T07:41:00,40874.91,0.825
A006,A028,TRANSFERRED_TO,2026-08-13T18:42:00,35062.34,0.952
A013,A047,TRANSFERRED_TO,2026-08-14T05:43:00,25047.07,0.95
A020,A016,TRANSFERRED_TO,2026-08-15T16:44:00,34537.85,0.815
A027,A035,TRANSFERRED_TO,2026-08-16T03:45:00,14964.79,0.857
A034,A004,TRANSFERRED_TO,2026-08-17T14:46:00,2718.5,0.831
A041,A023,TRANSFERRED_TO,2026-08-18T01:47:00,11328.85,0.839
A048,A042,TRANSFERRED_TO,2026-08-19T12:48:00,35805.16,0.805
A005,A011,TRANSFERRED_TO,2026-08-20T23:49:00,11131.62,0.831
A012,A030,TRANSFERRED_TO,2026-08-21T10:50:00,40063.93,0.825
A019,A049,TRANSFERRED_TO,2026-08-22T21:51:00,28888.63,0.831
A026,A018,TRANSFERRED_TO,2026-08-23T08:52:00,23982.97,0.876
A033,A037,TRANSFERRED_TO,2026-08-24T19:53:00,32597.88,0.83
A040,A006,TRANSFERRED_TO,2026-08-25T06:54:00,8219.51,0.931
A047,A025,TRANSFERRED_TO,2026-08-26T17:55:00,6377.23,0.852
A004,A044,TRANSFERRED_TO,2026-08-27T04:56:00,17884.28,0.882
A011,A013,TRANSFERRED_TO,2026-08-28T15:57:00,43564.45,0.898
A018,A032,TRANSFERRED_TO,2026-08-29T02:58:00,33659.25,0.832
A025,A001,TRANSFERRED_TO,2026-08-30T13:59:00,16094.42,0.803
A032,A020,TRANSFERRED_TO,2026-08-01T00:00:00,15826.99,0.914
A039,A041,TRANSFERRED_TO,2026-08-02T11:01:00,40337.75,0.927
A046,A008,TRANSFERRED_TO,2026-08-03T22:02:00,380484.58,0.985
A003,A027,TRANSFERRED_TO,2026-08-04T09:03:00,41101.92,0.815
A010,A046,TRANSFERRED_TO,2026-08-05T20:04:00,30026.53,0.924
A017,A015,TRANSFERRED_TO,2026-08-06T07:05:00,37532.34,0.926
A024,A034,TRANSFERRED_TO,2026-08-07T18:06:00,17531.33,0.813
A031,A003,TRANSFERRED_TO,2026-08-08T05:07:00,35130.0,0.942
A038,A022,TRANSFERRED_TO,2026-08-09T16:08:00,28853.36,0.856
A045,A041,TRANSFERRED_TO,2026-08-10T03:09:00,35235.31,0.903
A002,A010,TRANSFERRED_TO,2026-08-11T14:10:00,3759.43,0.983
A009,A029,TRANSFERRED_TO,2026-08-12T01:11:00,34721.78,0.806
A016,A048,TRANSFERRED_TO,2026-08-13T12:12:00,14715.98,0.819
A023,A017,TRANSFERRED_TO,2026-08-14T23:13:00,23224.47,0.874
A030,A036,TRANSFERRED_TO,2026-08-15T10:14:00,15021.01,0.84
A037,A005,TRANSFERRED_TO,2026-08-16T21:15:00,6312.97,0.879
A044,A024,TRANSFERRED_TO,2026-08-17T08:16:00,23713.8,0.951
A001,A043,TRANSFERRED_TO,2026-08-18T19:17:00,9937.98,0.941
A008,A012,TRANSFERRED_TO,2026-08-19T06:18:00,6965.85,0.848
A015,A031,TRANSFERRED_TO,2026-08-20T17:19:00,13064.81,0.979
A022,A050,TRANSFERRED_TO,2026-08-21T04:20:00,10630.92,0.959
A029,A019,TRANSFERRED_TO,2026-08-22T15:21:00,4168.68,0.833
A036,A038,TRANSFERRED_TO,2026-08-23T02:22:00,15083.95,0.952
A043,A007,TRANSFERRED_TO,2026-08-24T13:23:00,25691.3,0.896
A050,A026,TRANSFERRED_TO,2026-08-25T00:24:00,9776.35,0.826
A007,A045,TRANSFERRED_TO,2026-08-26T11:25:00,5115.57,0.853
A014,A016,TRANSFERRED_TO,2026-08-27T22:26:00,21474.47,0.88
A021,A033,TRANSFERRED_TO,2026-08-28T09:27:00,22741.18,0.937
A028,A002,TRANSFERRED_TO,2026-08-29T20:28:00,18885.24,0.905
A035,A021,TRANSFERRED_TO,2026-08-30T07:29:00,38488.0,0.884
A042,A040,TRANSFERRED_TO,2026-08-01T18:30:00,24290.74,0.969
A049,A009,TRANSFERRED_TO,2026-08-02T05:31:00,265629.22,0.983
A006,A028,TRANSFERRED_TO,2026-08-03T16:32:00,41847.0,0.844
A013,A047,TRANSFERRED_TO,2026-08-04T03:33:00,8332.08,0.971
A020,A016,TRANSFERRED_TO,2026-08-05T14:34:00,34946.66,0.899
A027,A035,TRANSFERRED_TO,2026-08-06T01:35:00,28495.37,0.876
A034,A004,TRANSFERRED_TO,2026-08-07T12:36:00,44594.12,0.95
A041,A023,TRANSFERRED_TO,2026-08-08T23:37:00,33611.05,0.974
A048,A042,TRANSFERRED_TO,2026-08-09T10:38:00,31533.6,0.858
A005,A011,TRANSFERRED_TO,2026-08-10T21:39:00,9793.97,0.924
A012,A030,TRANSFERRED_TO,2026-08-11T08:40:00,21817.49,0.828
A019,A049,TRANSFERRED_TO,2026-08-12T19:41:00,28162.92,0.929
A026,A018,TRANSFERRED_TO,2026-08-13T06:42:00,23461.45,0.911
A033,A037,TRANSFERRED_TO,2026-08-14T17:43:00,27029.3,0.933
A040,A006,TRANSFERRED_TO,2026-08-15T04:44:00,37218.02,0.967
A047,A025,TRANSFERRED_TO,2026-08-16T15:45:00,29723.14,0.959
A004,A044,TRANSFERRED_TO,2026-08-17T02:46:00,18251.31,0.846
A011,A013,TRANSFERRED_TO,2026-08-18T13:47:00,41126.44,0.831
A018,A032,TRANSFERRED_TO,2026-08-19T00:48:00,7447.51,0.937
A025,A001,TRANSFERRED_TO,2026-08-20T11:49:00,24816.92,0.845
A032,A020,TRANSFERRED_TO,2026-08-21T22:50:00,39609.18,0.974
A039,A041,TRANSFERRED_TO,2026-08-22T09:51:00,7665.41,0.88
A046,A008,TRANSFERRED_TO,2026-08-23T20:52:00,13290.93,0.855
A003,A027,TRANSFERRED_TO,2026-08-24T07:53:00,32372.57,0.881
A010,A046,TRANSFERRED_TO,2026-08-25T18:54:00,3079.0,0.824
A017,A015,TRANSFERRED_TO,2026-08-26T05:55:00,20219.34,0.941
A024,A034,TRANSFERRED_TO,2026-08-27T16:56:00,40371.11,0.902
A031,A003,TRANSFERRED_TO,2026-08-28T03:57:00,37253.03,0.966
A038,A022,TRANSFERRED_TO,2026-08-29T14:58:00,24012.39,0.942
A045,A041,TRANSFERRED_TO,2026-08-30T01:59:00,16806.74,0.823
A002,A010,TRANSFERRED_TO,2026-08-01T12:00:00,162425.12,0.968
A009,A029,TRANSFERRED_TO,2026-08-02T23:01:00,10232.15,0.902
A016,A048,TRANSFERRED_TO,2026-08-03T10:02:00,2953.35,0.856
A023,A017,TRANSFERRED_TO,2026-08-04T21:03:00,14501.04,0.98
A030,A036,TRANSFERRED_TO,2026-08-05T08:04:00,6511.32,0.914
A037,A005,TRANSFERRED_TO,2026-08-06T19:05:00,16398.98,0.952
A044,A024,TRANSFERRED_TO,2026-08-07T06:06:00,2575.03,0.852
A001,A043,TRANSFERRED_TO,2026-08-08T17:07:00,43127.67,0.931
A008,A012,TRANSFERRED_TO,2026-08-09T04:08:00,36890.76,0.906
A015,A031,TRANSFERRED_TO,2026-08-10T15:09:00,41812.72,0.923
A022,A050,TRANSFERRED_TO,2026-08-11T02:10:00,28041.19,0.885
A029,A019,TRANSFERRED_TO,2026-08-12T13:11:00,22454.89,0.862
A036,A038,TRANSFERRED_TO,2026-08-13T00:12:00,22119.5,0.942
A043,A007,TRANSFERRED_TO,2026-08-14T11:13:00,43268.33,0.86
A050,A026,TRANSFERRED_TO,2026-08-15T22:14:00,28295.89,0.897
A007,A045,TRANSFERRED_TO,2026-08-16T09:15:00,29597.24,0.922
A014,A016,TRANSFERRED_TO,2026-08-17T20:16:00,34142.19,0.815
A021,A033,TRANSFERRED_TO,2026-08-18T07:17:00,15868.47,0.955
A028,A002,TRANSFERRED_TO,2026-08-19T18:18:00,26999.93,0.935
A035,A021,TRANSFERRED_TO,2026-08-20T05:19:00,29399.0,0.946
A042,A040,TRANSFERRED_TO,2026-08-21T16:20:00,17536.37,0.927
A049,A009,TRANSFERRED_TO,2026-08-22T03:21:00,37050.16,0.836
A006,A028,TRANSFERRED_TO,2026-08-23T14:22:00,40861.54,0.989
A013,A047,TRANSFERRED_TO,2026-08-24T01:23:00,43162.47,0.935
A020,A016,TRANSFERRED_TO,2026-08-25T12:24:00,40021.68,0.86
A027,A035,TRANSFERRED_TO,2026-08-26T23:25:00,32432.54,0.984
A034,A004,TRANSFERRED_TO,2026-08-27T10:26:00,22530.94,0.844
A041,A023,TRANSFERRED_TO,2026-08-28T21:27:00,33843.74,0.921
A048,A042,TRANSFERRED_TO,2026-08-29T08:28:00,26958.68,0.842
A005,A011,TRANSFERRED_TO,2026-08-30T19:29:00,308043.84,0.972
A012,A030,TRANSFERRED_TO,2026-08-01T06:30:00,30833.47,0.849
A019,A049,TRANSFERRED_TO,2026-08-02T17:31:00,3966.56,0.932
A026,A018,TRANSFERRED_TO,2026-08-03T04:32:00,29462.59,0.945
A033,A037,TRANSFERRED_TO,2026-08-04T15:33:00,5044.52,0.858
A040,A006,TRANSFERRED_TO,2026-08-05T02:34:00,40790.62,0.931
A047,A025,TRANSFERRED_TO,2026-08-06T13:35:00,32801.15,0.856
A004,A044,TRANSFERRED_TO,2026-08-07T00:36:00,29782.57,0.89
A011,A013,TRANSFERRED_TO,2026-08-08T11:37:00,39728.08,0.916
A018,A032,TRANSFERRED_TO,2026-08-09T22:38:00,42808.99,0.884
A025,A001,TRANSFERRED_TO,2026-08-10T09:39:00,30068.61,0.904
A032,A020,TRANSFERRED_TO,2026-08-11T20:40:00,23602.71,0.938
A039,A041,TRANSFERRED_TO,2026-08-12T07:41:00,2869.23,0.803
A046,A008,TRANSFERRED_TO,2026-08-13T18:42:00,18897.88,0.851
A003,A027,TRANSFERRED_TO,2026-08-14T05:43:00,8540.64,0.856
A010,A046,TRANSFERRED_TO,2026-08-15T16:44:00,19721.42,0.861
A017,A015,TRANSFERRED_TO,2026-08-16T03:45:00,28516.2,0.894
A024,A034,TRANSFERRED_TO,2026-08-17T14:46:00,43719.44,0.879
A031,A003,TRANSFERRED_TO,2026-08-18T01:47:00,39014.69,0.883
A038,A022,TRANSFERRED_TO,2026-08-19T12:48:00,16400.43,0.914
A045,A041,TRANSFERRED_TO,2026-08-20T23:49:00,33920.74,0.92
A002,A010,TRANSFERRED_TO,2026-08-21T10:50:00,12074.38,0.947
A009,A029,TRANSFERRED_TO,2026-08-22T21:51:00,42394.91,0.948
A016,A048,TRANSFERRED_TO,2026-08-23T08:52:00,7782.83,0.953
A023,A017,TRANSFERRED_TO,2026-08-24T19:53:00,17248.51,0.848
A030,A036,TRANSFERRED_TO,2026-08-25T06:54:00,36660.6,0.948
A037,A005,TRANSFERRED_TO,2026-08-26T17:55:00,13967.27,0.803
A044,A024,TRANSFERRED_TO,2026-08-27T04:56:00,18534.61,0.818
A001,A043,TRANSFERRED_TO,2026-08-28T15:57:00,23035.45,0.894
A008,A012,TRANSFERRED_TO,2026-08-29T02:58:00,444138.64,0.891
A015,A031,TRANSFERRED_TO,2026-08-30T13:59:00,26115.71,0.814
A022,A050,TRANSFERRED_TO,2026-08-01T00:00:00,35277.76,0.922
A029,A019,TRANSFERRED_TO,2026-08-02T11:01:00,28427.82,0.914
A036,A038,TRANSFERRED_TO,2026-08-03T22:02:00,23919.07,0.857
A043,A007,TRANSFERRED_TO,2026-08-04T09:03:00,27138.02,0.803
A050,A026,TRANSFERRED_TO,2026-08-05T20:04:00,34489.79,0.83
A007,A045,TRANSFERRED_TO,2026-08-06T07:05:00,36354.26,0.81
A014,A016,TRANSFERRED_TO,2026-08-07T18:06:00,25156.46,0.972
A021,A033,TRANSFERRED_TO,2026-08-08T05:07:00,6859.64,0.982
A028,A002,TRANSFERRED_TO,2026-08-09T16:08:00,43928.21,0.842
A035,A021,TRANSFERRED_TO,2026-08-10T03:09:00,35191.17,0.809
A042,A040,TRANSFERRED_TO,2026-08-11T14:10:00,3680.2,0.936
A049,A009,TRANSFERRED_TO,2026-08-12T01:11:00,4598.32,0.878
A006,A028,TRANSFERRED_TO,2026-08-13T12:12:00,3513.05,0.834
A013,A047,TRANSFERRED_TO,2026-08-14T23:13:00,4576.29,0.846
A020,A016,TRANSFERRED_TO,2026-08-15T10:14:00,13292.36,0.931
A027,A035,TRANSFERRED_TO,2026-08-16T21:15:00,41793.37,0.968
A034,A004,TRANSFERRED_TO,2026-08-17T08:16:00,4924.6,0.852
A041,A023,TRANSFERRED_TO,2026-08-18T19:17:00,21522.19,0.887
A048,A042,TRANSFERRED_TO,2026-08-19T06:18:00,17037.8,0.895
A005,A011,TRANSFERRED_TO,2026-08-20T17:19:00,14862.03,0.912
A012,A030,TRANSFERRED_TO,2026-08-21T04:20:00,44809.18,0.88
A019,A049,TRANSFERRED_TO,2026-08-22T15:21:00,24839.66,0.984
A026,A018,TRANSFERRED_TO,2026-08-23T02:22:00,34395.32,0.82
A033,A037,TRANSFERRED_TO,2026-08-24T13:23:00,8033.64,0.874
A040,A006,TRANSFERRED_TO,2026-08-25T00:24:00,41502.05,0.86
A047,A025,TRANSFERRED_TO,2026-08-26T11:25:00,11333.74,0.95
A004,A044,TRANSFERRED_TO,2026-08-27T22:26:00,19778.49,0.924
A011,A013,TRANSFERRED_TO,2026-08-28T09:27:00,204443.77,0.939
A018,A032,TRANSFERRED_TO,2026-08-29T20:28:00,23554.75,0.956
A025,A001,TRANSFERRED_TO,2026-08-30T07:29:00,13312.29,0.874
A032,A020,TRANSFERRED_TO,2026-08-01T18:30:00,34949.58,0.896
A039,A041,TRANSFERRED_TO,2026-08-02T05:31:00,4189.34,0.898
A046,A008,TRANSFERRED_TO,2026-08-03T16:32:00,34262.72,0.924
A003,A027,TRANSFERRED_TO,2026-08-04T03:33:00,37519.86,0.863
A010,A046,TRANSFERRED_TO,2026-08-05T14:34:00,5341.68,0.851
A017,A015,TRANSFERRED_TO,2026-08-06T01:35:00,25478.51,0.817
A024,A034,TRANSFERRED_TO,2026-08-07T12:36:00,43265.9,0.81
A031,A003,TRANSFERRED_TO,2026-08-08T23:37:00,18888.8,0.921
A038,A022,TRANSFERRED_TO,2026-08-09T10:38:00,9882.06,0.884
A045,A041,TRANSFERRED_TO,2026-08-10T21:39:00,13922.88,0.81
A002,A010,TRANSFERRED_TO,2026-08-11T08:40:00,6084.72,0.823
A009,A029,TRANSFERRED_TO,2026-08-12T19:41:00,9277.14,0.869
A016,A048,TRANSFERRED_TO,2026-08-13T06:42:00,32358.04,0.901
A023,A017,TRANSFERRED_TO,2026-08-14T17:43:00,10687.8,0.939
A030,A036,TRANSFERRED_TO,2026-08-15T04:44:00,6232.34,0.952
A037,A005,TRANSFERRED_TO,2026-08-16T15:45:00,18260.56,0.867
A044,A024,TRANSFERRED_TO,2026-08-17T02:46:00,21879.79,0.861
A001,A043,TRANSFERRED_TO,2026-08-18T13:47:00,7620.31,0.845
A008,A012,TRANSFERRED_TO,2026-08-19T00:48:00,24526.21,0.909
A015,A031,TRANSFERRED_TO,2026-08-20T11:49:00,25590.83,0.83
A022,A050,TRANSFERRED_TO,2026-08-21T22:50:00,42109.89,0.919
A029,A019,TRANSFERRED_TO,2026-08-22T09:51:00,22459.04,0.959
A036,A038,TRANSFERRED_TO,2026-08-23T20:52:00,9008.37,0.97
A043,A007,TRANSFERRED_TO,2026-08-24T07:53:00,34492.34,0.894
A050,A026,TRANSFERRED_TO,2026-08-25T18:54:00,41989.44,0.837
A007,A045,TRANSFERRED_TO,2026-08-26T05:55:00,5961.24,0.861
A014,A016,TRANSFERRED_TO,2026-08-27T16:56:00,263782.1,0.89
A021,A033,TRANSFERRED_TO,2026-08-28T03:57:00,41900.76,0.925
A028,A002,TRANSFERRED_TO,2026-08-29T14:58:00,38106.89,0.903
A035,A021,TRANSFERRED_TO,2026-08-30T01:59:00,39581.8,0.821
A042,A040,TRANSFERRED_TO,2026-08-01T12:00:00,36735.36,0.988
A049,A009,TRANSFERRED_TO,2026-08-02T23:01:00,26394.05,0.847
A006,A028,TRANSFERRED_TO,2026-08-03T10:02:00,3554.26,0.85
A013,A047,TRANSFERRED_TO,2026-08-04T21:03:00,9380.6,0.856
A020,A016,TRANSFERRED_TO,2026-08-05T08:04:00,8738.69,0.93
A027,A035,TRANSFERRED_TO,2026-08-06T19:05:00,4286.67,0.919
A034,A004,TRANSFERRED_TO,2026-08-07T06:06:00,39299.93,0.969
A041,A023,TRANSFERRED_TO,2026-08-08T17:07:00,31540.84,0.959
A048,A042,TRANSFERRED_TO,2026-08-09T04:08:00,5939.06,0.831
A005,A011,TRANSFERRED_TO,2026-08-10T15:09:00,37050.03,0.918
A012,A030,TRANSFERRED_TO,2026-08-11T02:10:00,8779.31,0.872
A019,A049,TRANSFERRED_TO,2026-08-12T13:11:00,13173.36,0.902
A026,A018,TRANSFERRED_TO,2026-08-13T00:12:00,14793.92,0.813
A033,A037,TRANSFERRED_TO,2026-08-14T11:13:00,38780.35,0.814
A040,A006,TRANSFERRED_TO,2026-08-15T22:14:00,6002.26,0.916
A047,A025,TRANSFERRED_TO,2026-08-16T09:15:00,11574.09,0.989
A004,A044,TRANSFERRED_TO,2026-08-17T20:16:00,9782.14,0.968
A011,A013,TRANSFERRED_TO,2026-08-18T07:17:00,20426.23,0.894
A018,A032,TRANSFERRED_TO,2026-08-19T18:18:00,20815.48,0.898
A025,A001,TRANSFERRED_TO,2026-08-20T05:19:00,24020.49,0.966
A032,A020,TRANSFERRED_TO,2026-08-21T16:20:00,44660.52,0.96
A039,A041,TRANSFERRED_TO,2026-08-22T03:21:00,12325.39,0.846
A046,A008,TRANSFERRED_TO,2026-08-23T14:22:00,28672.11,0.972
A003,A027,TRANSFERRED_TO,2026-08-24T01:23:00,19420.5,0.936
A010,A046,TRANSFERRED_TO,2026-08-25T12:24:00,32954.29,0.933
A017,A015,TRANSFERRED_TO,2026-08-26T23:25:00,185571.51,0.903
A024,A034,TRANSFERRED_TO,2026-08-27T10:26:00,35439.72,0.845
A031,A003,TRANSFERRED_TO,2026-08-28T21:27:00,43596.72,0.932
A038,A022,TRANSFERRED_TO,2026-08-29T08:28:00,41067.99,0.97
A045,A041,TRANSFERRED_TO,2026-08-30T19:29:00,34051.87,0.953
A002,A010,TRANSFERRED_TO,2026-08-01T06:30:00,28501.58,0.954
A009,A029,TRANSFERRED_TO,2026-08-02T17:31:00,16998.93,0.878
A016,A048,TRANSFERRED_TO,2026-08-03T04:32:00,29728.07,0.902
A023,A017,TRANSFERRED_TO,2026-08-04T15:33:00,19986.17,0.959
A030,A036,TRANSFERRED_TO,2026-08-05T02:34:00,18808.79,0.888
A037,A005,TRANSFERRED_TO,2026-08-06T13:35:00,37974.21,0.921
A044,A024,TRANSFERRED_TO,2026-08-07T00:36:00,43909.79,0.967
A001,A043,TRANSFERRED_TO,2026-08-08T11:37:00,9109.22,0.877
A008,A012,TRANSFERRED_TO,2026-08-09T22:38:00,37270.78,0.95
A015,A031,TRANSFERRED_TO,2026-08-10T09:39:00,29316.36,0.976
A022,A050,TRANSFERRED_TO,2026-08-11T20:40:00,31561.91,0.837
A029,A019,TRANSFERRED_TO,2026-08-12T07:41:00,16796.4,0.927
A036,A038,TRANSFERRED_TO,2026-08-13T18:42:00,10641.7,0.843
A043,A007,TRANSFERRED_TO,2026-08-14T05:43:00,21229.82,0.823
A050,A026,TRANSFERRED_TO,2026-08-15T16:44:00,5787.52,0.888
A007,A045,TRANSFERRED_TO,2026-08-16T03:45:00,31683.07,0.935
A014,A016,TRANSFERRED_TO,2026-08-17T14:46:00,31154.6,0.913
A021,A033,TRANSFERRED_TO,2026-08-18T01:47:00,5507.45,0.847
A028,A002,TRANSFERRED_TO,2026-08-19T12:48:00,6272.92,0.835
A035,A021,TRANSFERRED_TO,2026-08-20T23:49:00,34698.53,0.941
A042,A040,TRANSFERRED_TO,2026-08-21T10:50:00,33330.25,0.965
A049,A009,TRANSFERRED_TO,2026-08-22T21:51:00,3571.88,0.971
A006,A028,TRANSFERRED_TO,2026-08-23T08:52:00,29507.62,0.827
A013,A047,TRANSFERRED_TO,2026-08-24T19:53:00,42436.44,0.968
A020,A016,TRANSFERRED_TO,2026-08-25T06:54:00,393149.92,0.817
A027,A035,TRANSFERRED_TO,2026-08-26T17:55:00,37423.68,0.919
A034,A004,TRANSFERRED_TO,2026-08-27T04:56:00,44989.24,0.864
A041,A023,TRANSFERRED_TO,2026-08-28T15:57:00,38241.63,0.898
A048,A042,TRANSFERRED_TO,2026-08-29T02:58:00,15557.65,0.806
A005,A011,TRANSFERRED_TO,2026-08-30T13:59:00,22633.03,0.93
A012,A030,TRANSFERRED_TO,2026-08-01T00:00:00,20842.37,0.86
A019,A049,TRANSFERRED_TO,2026-08-02T11:01:00,42346.2,0.911
A026,A018,TRANSFERRED_TO,2026-08-03T22:02:00,12955.0,0.844
A033,A037,TRANSFERRED_TO,2026-08-04T09:03:00,24173.6,0.879
A040,A006,TRANSFERRED_TO,2026-08-05T20:04:00,6308.94,0.929
A047,A025,TRANSFERRED_TO,2026-08-06T07:05:00,33640.0,0.877
A004,A044,TRANSFERRED_TO,2026-08-07T18:06:00,18455.02,0.932
A011,A013,TRANSFERRED_TO,2026-08-08T05:07:00,11470.93,0.972
A018,A032,TRANSFERRED_TO,2026-08-09T16:08:00,16086.17,0.866
A025,A001,TRANSFERRED_TO,2026-08-10T03:09:00,44598.21,0.83
A032,A020,TRANSFERRED_TO,2026-08-11T14:10:00,35627.18,0.848
A039,A041,TRANSFERRED_TO,2026-08-12T01:11:00,6359.5,0.943
A046,A008,TRANSFERRED_TO,2026-08-13T12:12:00,10755.63,0.988
A003,A027,TRANSFERRED_TO,2026-08-14T23:13:00,28732.2,0.807
A010,A046,TRANSFERRED_TO,2026-08-15T10:14:00,36349.23,0.801
A017,A015,TRANSFERRED_TO,2026-08-16T21:15:00,27472.86,0.929
A024,A034,TRANSFERRED_TO,2026-08-17T08:16:00,12850.93,0.917
A031,A003,TRANSFERRED_TO,2026-08-18T19:17:00,15162.62,0.867
A038,A022,TRANSFERRED_TO,2026-08-19T06:18:00,35973.34,0.892
A045,A041,TRANSFERRED_TO,2026-08-20T17:19:00,18070.64,0.901
A002,A010,TRANSFERRED_TO,2026-08-21T04:20:00,34972.95,0.911
A009,A029,TRANSFERRED_TO,2026-08-22T15:21:00,13421.68,0.83
A016,A048,TRANSFERRED_TO,2026-08-23T02:22:00,5148.81,0.916
A023,A017,TRANSFERRED_TO,2026-08-24T13:23:00,254892.24,0.989
A030,A036,TRANSFERRED_TO,2026-08-25T00:24:00,34613.73,0.889
A037,A005,TRANSFERRED_TO,2026-08-26T11:25:00,32790.33,0.874
A044,A024,TRANSFERRED_TO,2026-08-27T22:26:00,43059.86,0.858
A001,A043,TRANSFERRED_TO,2026-08-28T09:27:00,7899.17,0.962
A008,A012,TRANSFERRED_TO,2026-08-29T20:28:00,24389.39,0.964
A015,A031,TRANSFERRED_TO,2026-08-30T07:29:00,26365.68,0.841
A022,A050,TRANSFERRED_TO,2026-08-01T18:30:00,43488.75,0.99
A029,A019,TRANSFERRED_TO,2026-08-02T05:31:00,6483.65,0.884
A036,A038,TRANSFERRED_TO,2026-08-03T16:32:00,21200.11,0.906
A043,A007,TRANSFERRED_TO,2026-08-04T03:33:00,25977.88,0.834
A050,A026,TRANSFERRED_TO,2026-08-05T14:34:00,39837.4,0.979
A007,A045,TRANSFERRED_TO,2026-08-06T01:35:00,20349.09,0.819
A014,A016,TRANSFERRED_TO,2026-08-07T12:36:00,18369.55,0.893
A021,A033,TRANSFERRED_TO,2026-08-08T23:37:00,44556.97,0.828
A028,A002,TRANSFERRED_TO,2026-08-09T10:38:00,28689.76,0.972
A035,A021,TRANSFERRED_TO,2026-08-10T21:39:00,28291.52,0.903
A042,A040,TRANSFERRED_TO,2026-08-11T08:40:00,38378.93,0.896
A049,A009,TRANSFERRED_TO,2026-08-12T19:41:00,9420.81,0.95
A006,A028,TRANSFERRED_TO,2026-08-13T06:42:00,16421.45,0.914
A013,A047,TRANSFERRED_TO,2026-08-14T17:43:00,9276.15,0.902
A020,A016,TRANSFERRED_TO,2026-08-15T04:44:00,44916.1,0.834
A027,A035,TRANSFERRED_TO,2026-08-16T15:45:00,16685.08,0.959
A034,A004,TRANSFERRED_TO,2026-08-17T02:46:00,19011.27,0.903
A041,A023,TRANSFERRED_TO,2026-08-18T13:47:00,4240.29,0.832
A048,A042,TRANSFERRED_TO,2026-08-19T00:48:00,22911.37,0.851
A005,A011,TRANSFERRED_TO,2026-08-20T11:49:00,39478.85,0.924
A012,A030,TRANSFERRED_TO,2026-08-21T22:50:00,14848.56,0.835
A019,A049,TRANSFERRED_TO,2026-08-22T09:51:00,34076.32,0.884
A026,A018,TRANSFERRED_TO,2026-08-23T20:52:00,410804.0,0.883
A033,A037,TRANSFERRED_TO,2026-08-24T07:53:00,22669.21,0.931
A040,A006,TRANSFERRED_TO,2026-08-25T18:54:00,25944.53,0.811
A047,A025,TRANSFERRED_TO,2026-08-26T05:55:00,42709.47,0.958
A004,A044,TRANSFERRED_TO,2026-08-27T16:56:00,31419.16,0.985
A011,A013,TRANSFERRED_TO,2026-08-28T03:57:00,32708.08,0.907
A018,A032,TRANSFERRED_TO,2026-08-29T14:58:00,44560.72,0.979
A025,A001,TRANSFERRED_TO,2026-08-30T01:59:00,3583.76,0.897
A032,A020,TRANSFERRED_TO,2026-08-01T12:00:00,32106.28,0.973
A039,A041,TRANSFERRED_TO,2026-08-02T23:01:00,31252.56,0.804
A046,A008,TRANSFERRED_TO,2026-08-03T10:02:00,14883.74,0.925
A003,A027,TRANSFERRED_TO,2026-08-04T21:03:00,6623.73,0.849
A010,A046,TRANSFERRED_TO,2026-08-05T08:04:00,25691.49,0.963
A017,A015,TRANSFERRED_TO,2026-08-06T19:05:00,44296.23,0.937
A024,A034,TRANSFERRED_TO,2026-08-07T06:06:00,11888.98,0.939
A031,A003,TRANSFERRED_TO,2026-08-08T17:07:00,6887.59,0.855
A038,A022,TRANSFERRED_TO,2026-08-09T04:08:00,39037.28,0.941
A045,A041,TRANSFERRED_TO,2026-08-10T15:09:00,30546.83,0.895
A002,A010,TRANSFERRED_TO,2026-08-11T02:10:00,41737.82,0.807
A009,A029,TRANSFERRED_TO,2026-08-12T13:11:00,12926.35,0.882
A016,A048,TRANSFERRED_TO,2026-08-13T00:12:00,43044.39,0.894
A023,A017,TRANSFERRED_TO,2026-08-14T11:13:00,4820.02,0.864
A030,A036,TRANSFERRED_TO,2026-08-15T22:14:00,4628.15,0.884
A037,A005,TRANSFERRED_TO,2026-08-16T09:15:00,40913.36,0.988
A044,A024,TRANSFERRED_TO,2026-08-17T20:16:00,35541.29,0.989
A001,A043,TRANSFERRED_TO,2026-08-18T07:17:00,32502.88,0.92
A008,A012,TRANSFERRED_TO,2026-08-19T18:18:00,28145.72,0.913
A015,A031,TRANSFERRED_TO,2026-08-20T05:19:00,23209.56,0.929
A022,A050,TRANSFERRED_TO,2026-08-21T16:20:00,25145.92,0.983
A029,A019,TRANSFERRED_TO,2026-08-22T03:21:00,157186.64,0.986
A036,A038,TRANSFERRED_TO,2026-08-23T14:22:00,6041.22,0.883
A043,A007,TRANSFERRED_TO,2026-08-24T01:23:00,29685.97,0.927
A050,A026,TRANSFERRED_TO,2026-08-25T12:24:00,22553.91,0.918
A007,A045,TRANSFERRED_TO,2026-08-26T23:25:00,17412.58,0.942
A014,A016,TRANSFERRED_TO,2026-08-27T10:26:00,36699.82,0.943
A021,A033,TRANSFERRED_TO,2026-08-28T21:27:00,9534.82,0.957
A028,A002,TRANSFERRED_TO,2026-08-29T08:28:00,9864.29,0.921
A035,A021,TRANSFERRED_TO,2026-08-30T19:29:00,31700.63,0.968
A042,A040,TRANSFERRED_TO,2026-08-01T06:30:00,19784.4,0.879
A049,A009,TRANSFERRED_TO,2026-08-02T17:31:00,42412.3,0.806
A006,A028,TRANSFERRED_TO,2026-08-03T04:32:00,16798.14,0.879
A013,A047,TRANSFERRED_TO,2026-08-04T15:33:00,11997.74,0.893
A020,A016,TRANSFERRED_TO,2026-08-05T02:34:00,17251.68,0.89
A027,A035,TRANSFERRED_TO,2026-08-06T13:35:00,3895.39,0.879
A034,A004,TRANSFERRED_TO,2026-08-07T00:36:00,3931.7,0.85
A041,A023,TRANSFERRED_TO,2026-08-08T11:37:00,27838.28,0.976
A048,A042,TRANSFERRED_TO,2026-08-09T22:38:00,13680.14,0.945
A005,A011,TRANSFERRED_TO,2026-08-10T09:39:00,21594.8,0.954
A012,A030,TRANSFERRED_TO,2026-08-11T20:40:00,14250.98,0.913
A019,A049,TRANSFERRED_TO,2026-08-12T07:41:00,25711.22,0.867
A026,A018,TRANSFERRED_TO,2026-08-13T18:42:00,10303.13,0.839
A033,A037,TRANSFERRED_TO,2026-08-14T05:43:00,24201.62,0.933
A040,A006,TRANSFERRED_TO,2026-08-15T16:44:00,42209.09,0.83
A047,A025,TRANSFERRED_TO,2026-08-16T03:45:00,16403.57,0.96
A004,A044,TRANSFERRED_TO,2026-08-17T14:46:00,12482.46,0.972
A011,A013,TRANSFERRED_TO,2026-08-18T01:47:00,42110.56,0.839
A018,A032,TRANSFERRED_TO,2026-08-19T12:48:00,19706.82,0.866
A025,A001,TRANSFERRED_TO,2026-08-20T23:49:00,15028.9,0.939
A032,A020,TRANSFERRED_TO,2026-08-21T10:50:00,295302.21,0.825
A039,A041,TRANSFERRED_TO,2026-08-22T21:51:00,42002.19,0.941
A046,A008,TRANSFERRED_TO,2026-08-23T08:52:00,21298.12,0.812
A003,A027,TRANSFERRED_TO,2026-08-24T19:53:00,24340.09,0.878
A010,A046,TRANSFERRED_TO,2026-08-25T06:54:00,16306.11,0.941
A017,A015,TRANSFERRED_TO,2026-08-26T17:55:00,15810.63,0.853
A024,A034,TRANSFERRED_TO,2026-08-27T04:56:00,5192.07,0.867
A031,A003,TRANSFERRED_TO,2026-08-28T15:57:00,14147.59,0.845
A038,A022,TRANSFERRED_TO,2026-08-29T02:58:00,26781.81,0.805
A045,A041,TRANSFERRED_TO,2026-08-30T13:59:00,14645.25,0.94
A002,A010,TRANSFERRED_TO,2026-08-01T00:00:00,22270.95,0.924
A009,A029,TRANSFERRED_TO,2026-08-02T11:01:00,30161.67,0.851
A016,A048,TRANSFERRED_TO,2026-08-03T22:02:00,18014.91,0.834
A023,A017,TRANSFERRED_TO,2026-08-04T09:03:00,28983.32,0.918
A030,A036,TRANSFERRED_TO,2026-08-05T20:04:00,37091.89,0.958
A037,A005,TRANSFERRED_TO,2026-08-06T07:05:00,9173.31,0.96
A044,A024,TRANSFERRED_TO,2026-08-07T18:06:00,41940.53,0.861
A001,A043,TRANSFERRED_TO,2026-08-08T05:07:00,40672.63,0.979
A008,A012,TRANSFERRED_TO,2026-08-09T16:08:00,30925.49,0.903
A015,A031,TRANSFERRED_TO,2026-08-10T03:09:00,27443.04,0.974
A022,A050,TRANSFERRED_TO,2026-08-11T14:10:00,17571.84,0.854
A029,A019,TRANSFERRED_TO,2026-08-12T01:11:00,37755.32,0.941
A036,A038,TRANSFERRED_TO,2026-08-13T12:12:00,44848.21,0.808
A043,A007,TRANSFERRED_TO,2026-08-14T23:13:00,36065.79,0.959
A050,A026,TRANSFERRED_TO,2026-08-15T10:14:00,31170.16,0.835
A007,A045,TRANSFERRED_TO,2026-08-16T21:15:00,3531.19,0.866
A014,A016,TRANSFERRED_TO,2026-08-17T08:16:00,38202.56,0.835
A021,A033,TRANSFERRED_TO,2026-08-18T19:17:00,36941.22,0.96
A028,A002,TRANSFERRED_TO,2026-08-19T06:18:00,6122.08,0.87
A035,A021,TRANSFERRED_TO,2026-08-20T17:19:00,293570.81,0.984
A042,A040,TRANSFERRED_TO,2026-08-21T04:20:00,31397.78,0.927
A049,A009,TRANSFERRED_TO,2026-08-22T15:21:00,34787.14,0.855
A006,A028,TRANSFERRED_TO,2026-08-23T02:22:00,18847.8,0.878
A013,A047,TRANSFERRED_TO,2026-08-24T13:23:00,41549.5,0.925
A020,A016,TRANSFERRED_TO,2026-08-25T00:24:00,3997.55,0.835
A027,A035,TRANSFERRED_TO,2026-08-26T11:25:00,36100.46,0.838
A034,A004,TRANSFERRED_TO,2026-08-27T22:26:00,16069.71,0.83
A041,A023,TRANSFERRED_TO,2026-08-28T09:27:00,40709.06,0.83
A048,A042,TRANSFERRED_TO,2026-08-29T20:28:00,4802.56,0.8
A005,A011,TRANSFERRED_TO,2026-08-30T07:29:00,19571.11,0.838
A012,A030,TRANSFERRED_TO,2026-08-01T18:30:00,15056.84,0.86
A019,A049,TRANSFERRED_TO,2026-08-02T05:31:00,38129.71,0.903
A026,A018,TRANSFERRED_TO,2026-08-03T16:32:00,42577.28,0.938
A033,A037,TRANSFERRED_TO,2026-08-04T03:33:00,41914.1,0.87
A040,A006,TRANSFERRED_TO,2026-08-05T14:34:00,7662.91,0.864
A047,A025,TRANSFERRED_TO,2026-08-06T01:35:00,15014.54,0.975
A004,A044,TRANSFERRED_TO,2026-08-07T12:36:00,6776.38,0.922
A011,A013,TRANSFERRED_TO,2026-08-08T23:37:00,14670.41,0.808
A018,A032,TRANSFERRED_TO,2026-08-09T10:38:00,42114.24,0.898
A025,A001,TRANSFERRED_TO,2026-08-10T21:39:00,29700.01,0.828
A032,A020,TRANSFERRED_TO,2026-08-11T08:40:00,27447.44,0.809
A039,A041,TRANSFERRED_TO,2026-08-12T19:41:00,24698.11,0.868
A046,A008,TRANSFERRED_TO,2026-08-13T06:42:00,20095.83,0.807
A003,A027,TRANSFERRED_TO,2026-08-14T17:43:00,12991.13,0.926
A010,A046,TRANSFERRED_TO,2026-08-15T04:44:00,17760.15,0.971
A017,A015,TRANSFERRED_TO,2026-08-16T15:45:00,44155.28,0.844
A024,A034,TRANSFERRED_TO,2026-08-17T02:46:00,33811.05,0.964
A031,A003,TRANSFERRED_TO,2026-08-18T13:47:00,32736.54,0.897
A038,A022,TRANSFERRED_TO,2026-08-19T00:48:00,258345.01,0.898
A045,A041,TRANSFERRED_TO,2026-08-20T11:49:00,7955.35,0.98
A002,A010,TRANSFERRED_TO,2026-08-21T22:50:00,33317.57,0.886
A009,A029,TRANSFERRED_TO,2026-08-22T09:51:00,41838.94,0.957
A016,A048,TRANSFERRED_TO,2026-08-23T20:52:00,19432.71,0.832
A023,A017,TRANSFERRED_TO,2026-08-24T07:53:00,42422.34,0.97
A030,A036,TRANSFERRED_TO,2026-08-25T18:54:00,29165.24,0.951
A037,A005,TRANSFERRED_TO,2026-08-26T05:55:00,22768.19,0.875
A044,A024,TRANSFERRED_TO,2026-08-27T16:56:00,26180.31,0.828
A001,A043,TRANSFERRED_TO,2026-08-28T03:57:00,28831.99,0.859
A008,A012,TRANSFERRED_TO,2026-08-29T14:58:00,13150.62,0.887
A015,A031,TRANSFERRED_TO,2026-08-30T01:59:00,41438.48,0.978
A022,A050,TRANSFERRED_TO,2026-08-01T12:00:00,20591.02,0.963
A029,A019,TRANSFERRED_TO,2026-08-02T23:01:00,2968.22,0.959
A036,A038,TRANSFERRED_TO,2026-08-03T10:02:00,24754.37,0.816
A043,A007,TRANSFERRED_TO,2026-08-04T21:03:00,5172.67,0.894
A050,A026,TRANSFERRED_TO,2026-08-05T08:04:00,16734.03,0.893
A007,A045,TRANSFERRED_TO,2026-08-06T19:05:00,3393.74,0.823
A014,A016,TRANSFERRED_TO,2026-08-07T06:06:00,40773.93,0.841
A021,A033,TRANSFERRED_TO,2026-08-08T17:07:00,44869.24,0.88
A028,A002,TRANSFERRED_TO,2026-08-09T04:08:00,28375.5,0.907
A035,A021,TRANSFERRED_TO,2026-08-10T15:09:00,34666.55,0.89
A042,A040,TRANSFERRED_TO,2026-08-11T02:10:00,15017.44,0.884
A049,A009,TRANSFERRED_TO,2026-08-12T13:11:00,2944.2,0.895
A006,A028,TRANSFERRED_TO,2026-08-13T00:12:00,4589.14,0.824
A013,A047,TRANSFERRED_TO,2026-08-14T11:13:00,6213.0,0.886
A020,A016,TRANSFERRED_TO,2026-08-15T22:14:00,20905.44,0.933
A027,A035,TRANSFERRED_TO,2026-08-16T09:15:00,33240.68,0.93
A034,A004,TRANSFERRED_TO,2026-08-17T20:16:00,34867.57,0.833
A041,A023,TRANSFERRED_TO,2026-08-18T07:17:00,281557.38,0.927
A048,A042,TRANSFERRED_TO,2026-08-19T18:18:00,3988.56,0.962
A005,A011,TRANSFERRED_TO,2026-08-20T05:19:00,3987.87,0.881
A012,A030,TRANSFERRED_TO,2026-08-21T16:20:00,28909.96,0.898
A019,A049,TRANSFERRED_TO,2026-08-22T03:21:00,5806.96,0.877
A026,A018,TRANSFERRED_TO,2026-08-23T14:22:00,3914.81,0.886
A033,A037,TRANSFERRED_TO,2026-08-24T01:23:00,40958.28,0.883
A040,A006,TRANSFERRED_TO,2026-08-25T12:24:00,4221.2,0.816
A047,A025,TRANSFERRED_TO,2026-08-26T23:25:00,20086.06,0.855
A004,A044,TRANSFERRED_TO,2026-08-27T10:26:00,15778.89,0.914
A011,A013,TRANSFERRED_TO,2026-08-28T21:27:00,35368.33,0.89
A018,A032,TRANSFERRED_TO,2026-08-29T08:28:00,42745.54,0.837
A025,A001,TRANSFERRED_TO,2026-08-30T19:29:00,14000.97,0.912
A032,A020,TRANSFERRED_TO,2026-08-01T06:30:00,9703.21,0.838
A039,A041,TRANSFERRED_TO,2026-08-02T17:31:00,42798.65,0.934
A046,A008,TRANSFERRED_TO,2026-08-03T04:32:00,8938.52,0.899
A003,A027,TRANSFERRED_TO,2026-08-04T15:33:00,11753.01,0.85
A010,A046,TRANSFERRED_TO,2026-08-05T02:34:00,17801.07,0.921
A017,A015,TRANSFERRED_TO,2026-08-06T13:35:00,24637.61,0.851
A024,A034,TRANSFERRED_TO,2026-08-07T00:36:00,19688.17,0.97
A031,A003,TRANSFERRED_TO,2026-08-08T11:37:00,26925.66,0.987
A038,A022,TRANSFERRED_TO,2026-08-09T22:38:00,2520.57,0.986
A045,A041,TRANSFERRED_TO,2026-08-10T09:39:00,11362.03,0.958
A002,A010,TRANSFERRED_TO,2026-08-11T20:40:00,27130.77,0.803
A009,A029,TRANSFERRED_TO,2026-08-12T07:41:00,8751.32,0.835
A016,A048,TRANSFERRED_TO,2026-08-13T18:42:00,29619.65,0.865
A023,A017,TRANSFERRED_TO,2026-08-14T05:43:00,25716.45,0.934
A030,A036,TRANSFERRED_TO,2026-08-15T16:44:00,4256.31,0.888
A037,A005,TRANSFERRED_TO,2026-08-16T03:45:00,31895.17,0.87
A044,A024,TRANSFERRED_TO,2026-08-17T14:46:00,425676.14,0.87
A001,A043,TRANSFERRED_TO,2026-08-18T01:47:00,39565.37,0.897
A008,A012,TRANSFERRED_TO,2026-08-19T12:48:00,8333.57,0.851
A015,A031,TRANSFERRED_TO,2026-08-20T23:49:00,42263.45,0.829
A022,A050,TRANSFERRED_TO,2026-08-21T10:50:00,16720.07,0.833
A029,A019,TRANSFERRED_TO,2026-08-22T21:51:00,36323.78,0.827
A036,A038,TRANSFERRED_TO,2026-08-23T08:52:00,28077.35,0.985
A043,A007,TRANSFERRED_TO,2026-08-24T19:53:00,11728.25,0.892
A050,A026,TRANSFERRED_TO,2026-08-25T06:54:00,8218.24,0.833
A007,A045,TRANSFERRED_TO,2026-08-26T17:55:00,43578.52,0.912
A014,A016,TRANSFERRED_TO,2026-08-27T04:56:00,9662.99,0.899
A021,A033,TRANSFERRED_TO,2026-08-28T15:57:00,26209.2,0.939
A028,A002,TRANSFERRED_TO,2026-08-29T02:58:00,24882.18,0.826
A035,A021,TRANSFERRED_TO,2026-08-30T13:59:00,35180.02,0.847
A042,A040,TRANSFERRED_TO,2026-08-01T00:00:00,14513.52,0.988
A049,A009,TRANSFERRED_TO,2026-08-02T11:01:00,9009.91,0.977
A006,A028,TRANSFERRED_TO,2026-08-03T22:02:00,27854.44,0.815
A013,A047,TRANSFERRED_TO,2026-08-04T09:03:00,6014.29,0.846
A020,A016,TRANSFERRED_TO,2026-08-05T20:04:00,5668.36,0.918
A027,A035,TRANSFERRED_TO,2026-08-06T07:05:00,17719.0,0.926
A034,A004,TRANSFERRED_TO,2026-08-07T18:06:00,8823.27,0.873
A041,A023,TRANSFERRED_TO,2026-08-08T05:07:00,32759.47,0.972
A048,A042,TRANSFERRED_TO,2026-08-09T16:08:00,23038.94,0.873
A005,A011,TRANSFERRED_TO,2026-08-10T03:09:00,22525.15,0.932
A012,A030,TRANSFERRED_TO,2026-08-11T14:10:00,34817.01,0.923
A019,A049,TRANSFERRED_TO,2026-08-12T01:11:00,26816.71,0.916
A026,A018,TRANSFERRED_TO,2026-08-13T12:12:00,40394.01,0.835
A033,A037,TRANSFERRED_TO,2026-08-14T23:13:00,16199.72,0.951
A040,A006,TRANSFERRED_TO,2026-08-15T10:14:00,39994.56,0.956
A047,A025,TRANSFERRED_TO,2026-08-16T21:15:00,312376.26,0.871
A004,A044,TRANSFERRED_TO,2026-08-17T08:16:00,4646.91,0.967
A011,A013,TRANSFERRED_TO,2026-08-18T19:17:00,43347.57,0.948
A018,A032,TRANSFERRED_TO,2026-08-19T06:18:00,40544.0,0.812
A025,A001,TRANSFERRED_TO,2026-08-20T17:19:00,3534.65,0.907
A032,A020,TRANSFERRED_TO,2026-08-21T04:20:00,41870.82,0.921
A039,A041,TRANSFERRED_TO,2026-08-22T15:21:00,37736.78,0.82
A046,A008,TRANSFERRED_TO,2026-08-23T02:22:00,22393.22,0.819
A003,A027,TRANSFERRED_TO,2026-08-24T13:23:00,19021.32,0.96
A010,A046,TRANSFERRED_TO,2026-08-25T00:24:00,25018.48,0.974
A017,A015,TRANSFERRED_TO,2026-08-26T11:25:00,33064.94,0.941
A024,A034,TRANSFERRED_TO,2026-08-27T22:26:00,12020.14,0.803
A031,A003,TRANSFERRED_TO,2026-08-28T09:27:00,9518.76,0.889
A038,A022,TRANSFERRED_TO,2026-08-29T20:28:00,33150.62,0.843
A045,A041,TRANSFERRED_TO,2026-08-30T07:29:00,38744.75,0.93
A002,A010,TRANSFERRED_TO,2026-08-01T18:30:00,18104.94,0.906
A009,A029,TRANSFERRED_TO,2026-08-02T05:31:00,11098.38,0.862
A016,A048,TRANSFERRED_TO,2026-08-03T16:32:00,20664.75,0.959
A023,A017,TRANSFERRED_TO,2026-08-04T03:33:00,42810.8,0.91
A030,A036,TRANSFERRED_TO,2026-08-05T14:34:00,12481.57,0.855
A037,A005,TRANSFERRED_TO,2026-08-06T01:35:00,40069.72,0.858
A044,A024,TRANSFERRED_TO,2026-08-07T12:36:00,35432.54,0.829
A001,A043,TRANSFERRED_TO,2026-08-08T23:37:00,33493.02,0.987
A008,A012,TRANSFERRED_TO,2026-08-09T10:38:00,39677.88,0.835
A015,A031,TRANSFERRED_TO,2026-08-10T21:39:00,3691.92,0.903
A022,A050,TRANSFERRED_TO,2026-08-11T08:40:00,17470.78,0.956
A029,A019,TRANSFERRED_TO,2026-08-12T19:41:00,11511.37,0.987
A036,A038,TRANSFERRED_TO,2026-08-13T06:42:00,17768.54,0.833
A043,A007,TRANSFERRED_TO,2026-08-14T17:43:00,36625.83,0.989
A050,A026,TRANSFERRED_TO,2026-08-15T04:44:00,282219.75,0.849
A007,A045,TRANSFERRED_TO,2026-08-16T15:45:00,23840.99,0.941
A014,A016,TRANSFERRED_TO,2026-08-17T02:46:00,37049.73,0.973
A021,A033,TRANSFERRED_TO,2026-08-18T13:47:00,43124.78,0.925
A028,A002,TRANSFERRED_TO,2026-08-19T00:48:00,27973.11,0.81
A035,A021,TRANSFERRED_TO,2026-08-20T11:49:00,31973.35,0.89
A042,A040,TRANSFERRED_TO,2026-08-21T22:50:00,8081.65,0.938
A049,A009,TRANSFERRED_TO,2026-08-22T09:51:00,19509.95,0.95
A006,A028,TRANSFERRED_TO,2026-08-23T20:52:00,39425.39,0.844
A013,A047,TRANSFERRED_TO,2026-08-24T07:53:00,2855.31,0.9
A020,A016,TRANSFERRED_TO,2026-08-25T18:54:00,3933.77,0.929
A027,A035,TRANSFERRED_TO,2026-08-26T05:55:00,37618.86,0.916
A034,A004,TRANSFERRED_TO,2026-08-27T16:56:00,24507.22,0.932
A041,A023,TRANSFERRED_TO,2026-08-28T03:57:00,32756.69,0.899
A048,A042,TRANSFERRED_TO,2026-08-29T14:58:00,42441.05,0.925
A005,A011,TRANSFERRED_TO,2026-08-30T01:59:00,24077.2,0.906
A012,A030,TRANSFERRED_TO,2026-08-01T12:00:00,6680.6,0.949
A019,A049,TRANSFERRED_TO,2026-08-02T23:01:00,40090.07,0.81
A026,A018,TRANSFERRED_TO,2026-08-03T10:02:00,37194.98,0.936
A033,A037,TRANSFERRED_TO,2026-08-04T21:03:00,34251.33,0.908
A040,A006,TRANSFERRED_TO,2026-08-05T08:04:00,35401.23,0.937
A047,A025,TRANSFERRED_TO,2026-08-06T19:05:00,4431.5,0.956
A004,A044,TRANSFERRED_TO,2026-08-07T06:06:00,24964.76,0.981
A011,A013,TRANSFERRED_TO,2026-08-08T17:07:00,27607.84,0.943
A018,A032,TRANSFERRED_TO,2026-08-09T04:08:00,42947.91,0.896
A025,A001,TRANSFERRED_TO,2026-08-10T15:09:00,27712.24,0.822
A032,A020,TRANSFERRED_TO,2026-08-11T02:10:00,33883.89,0.933
A039,A041,TRANSFERRED_TO,2026-08-12T13:11:00,6274.38,0.906
A046,A008,TRANSFERRED_TO,2026-08-13T00:12:00,8219.19,0.961
A003,A027,TRANSFERRED_TO,2026-08-14T11:13:00,255177.67,0.953
A010,A046,TRANSFERRED_TO,2026-08-15T22:14:00,18430.64,0.807
A017,A015,TRANSFERRED_TO,2026-08-16T09:15:00,7372.94,0.847
A024,A034,TRANSFERRED_TO,2026-08-17T20:16:00,30527.78,0.857
A031,A003,TRANSFERRED_TO,2026-08-18T07:17:00,30816.23,0.83
A038,A022,TRANSFERRED_TO,2026-08-19T18:18:00,8116.65,0.938
A045,A041,TRANSFERRED_TO,2026-08-20T05:19:00,44816.49,0.845
A002,A010,TRANSFERRED_TO,2026-08-21T16:20:00,10348.14,0.899
A009,A029,TRANSFERRED_TO,2026-08-22T03:21:00,29229.42,0.818
A016,A048,TRANSFERRED_TO,2026-08-23T14:22:00,5817.17,0.934
A023,A017,TRANSFERRED_TO,2026-08-24T01:23:00,33370.06,0.916
A030,A036,TRANSFERRED_TO,2026-08-25T12:24:00,10228.32,0.801
A037,A005,TRANSFERRED_TO,2026-08-26T23:25:00,5205.53,0.962
A044,A024,TRANSFERRED_TO,2026-08-27T10:26:00,28459.42,0.918
A001,A043,TRANSFERRED_TO,2026-08-28T21:27:00,31073.3,0.88
A008,A012,TRANSFERRED_TO,2026-08-29T08:28:00,20929.07,0.86
A015,A031,TRANSFERRED_TO,2026-08-30T19:29:00,14337.29,0.963
A022,A050,TRANSFERRED_TO,2026-08-01T06:30:00,15810.55,0.833
A029,A019,TRANSFERRED_TO,2026-08-02T17:31:00,35183.52,0.829
A036,A038,TRANSFERRED_TO,2026-08-03T04:32:00,40074.35,0.821
A043,A007,TRANSFERRED_TO,2026-08-04T15:33:00,9215.06,0.874
A050,A026,TRANSFERRED_TO,2026-08-05T02:34:00,2556.26,0.806
A007,A045,TRANSFERRED_TO,2026-08-06T13:35:00,34298.1,0.887
A014,A016,TRANSFERRED_TO,2026-08-07T00:36:00,2782.7,0.962
A021,A033,TRANSFERRED_TO,2026-08-08T11:37:00,41113.5,0.979
A028,A002,TRANSFERRED_TO,2026-08-09T22:38:00,16719.85,0.977
A035,A021,TRANSFERRED_TO,2026-08-10T09:39:00,9728.82,0.928
A042,A040,TRANSFERRED_TO,2026-08-11T20:40:00,8202.51,0.921
A049,A009,TRANSFERRED_TO,2026-08-12T07:41:00,24352.48,0.911
A006,A028,TRANSFERRED_TO,2026-08-13T18:42:00,375498.11,0.919
A013,A047,TRANSFERRED_TO,2026-08-14T05:43:00,39577.72,0.828
A020,A016,TRANSFERRED_TO,2026-08-15T16:44:00,13821.55,0.891
A027,A035,TRANSFERRED_TO,2026-08-16T03:45:00,10814.25,0.943
A034,A004,TRANSFERRED_TO,2026-08-17T14:46:00,20910.59,0.82
A041,A023,TRANSFERRED_TO,2026-08-18T01:47:00,31432.77,0.868
A048,A042,TRANSFERRED_TO,2026-08-19T12:48:00,34387.67,0.888
A005,A011,TRANSFERRED_TO,2026-08-20T23:49:00,8075.2,0.983
A012,A030,TRANSFERRED_TO,2026-08-21T10:50:00,39684.57,0.856
A019,A049,TRANSFERRED_TO,2026-08-22T21:51:00,43358.21,0.959
A026,A018,TRANSFERRED_TO,2026-08-23T08:52:00,42958.47,0.978
A033,A037,TRANSFERRED_TO,2026-08-24T19:53:00,21650.88,0.945
A040,A006,TRANSFERRED_TO,2026-08-25T06:54:00,25265.31,0.966
A047,A025,TRANSFERRED_TO,2026-08-26T17:55:00,22676.54,0.931
A004,A044,TRANSFERRED_TO,2026-08-27T04:56:00,20432.15,0.97
A011,A013,TRANSFERRED_TO,2026-08-28T15:57:00,2727.12,0.944
A018,A032,TRANSFERRED_TO,2026-08-29T02:58:00,37116.38,0.85
A025,A001,TRANSFERRED_TO,2026-08-30T13:59:00,27885.84,0.851
A032,A020,TRANSFERRED_TO,2026-08-01T00:00:00,33679.49,0.92
A039,A041,TRANSFERRED_TO,2026-08-02T11:01:00,19885.18,0.885
A046,A008,TRANSFERRED_TO,2026-08-03T22:02:00,13564.18,0.958
A003,A027,TRANSFERRED_TO,2026-08-04T09:03:00,8630.55,0.952
A010,A046,TRANSFERRED_TO,2026-08-05T20:04:00,12322.98,0.804
A017,A015,TRANSFERRED_TO,2026-08-06T07:05:00,25353.53,0.862
A024,A034,TRANSFERRED_TO,2026-08-07T18:06:00,33489.99,0.873
A031,A003,TRANSFERRED_TO,2026-08-08T05:07:00,41007.38,0.81
A038,A022,TRANSFERRED_TO,2026-08-09T16:08:00,27231.73,0.855
A045,A041,TRANSFERRED_TO,2026-08-10T03:09:00,38163.5,0.87
A002,A010,TRANSFERRED_TO,2026-08-11T14:10:00,12413.8,0.964
A009,A029,TRANSFERRED_TO,2026-08-12T01:11:00,305003.3,0.89
A016,A048,TRANSFERRED_TO,2026-08-13T12:12:00,30713.71,0.858
A023,A017,TRANSFERRED_TO,2026-08-14T23:13:00,40953.57,0.966
A030,A036,TRANSFERRED_TO,2026-08-15T10:14:00,31155.21,0.821
A037,A005,TRANSFERRED_TO,2026-08-16T21:15:00,17852.94,0.984
A044,A024,TRANSFERRED_TO,2026-08-17T08:16:00,5532.13,0.958
A001,A043,TRANSFERRED_TO,2026-08-18T19:17:00,44181.98,0.935
A008,A012,TRANSFERRED_TO,2026-08-19T06:18:00,43322.32,0.854
A015,A031,TRANSFERRED_TO,2026-08-20T17:19:00,36012.68,0.979
A022,A050,TRANSFERRED_TO,2026-08-21T04:20:00,38056.61,0.937
A029,A019,TRANSFERRED_TO,2026-08-22T15:21:00,3102.03,0.978
A036,A038,TRANSFERRED_TO,2026-08-23T02:22:00,6366.51,0.911
A043,A007,TRANSFERRED_TO,2026-08-24T13:23:00,3558.99,0.977
A050,A026,TRANSFERRED_TO,2026-08-25T00:24:00,40782.14,0.879
A007,A045,TRANSFERRED_TO,2026-08-26T11:25:00,17974.02,0.844
A014,A016,TRANSFERRED_TO,2026-08-27T22:26:00,11153.47,0.961
A021,A033,TRANSFERRED_TO,2026-08-28T09:27:00,9455.76,0.853
A028,A002,TRANSFERRED_TO,2026-08-29T20:28:00,33750.81,0.93
A035,A021,TRANSFERRED_TO,2026-08-30T07:29:00,13969.36,0.948
A042,A040,TRANSFERRED_TO,2026-08-01T18:30:00,21718.35,0.828
A049,A009,TRANSFERRED_TO,2026-08-02T05:31:00,34802.66,0.81
A006,A028,TRANSFERRED_TO,2026-08-03T16:32:00,3895.08,0.989
A013,A047,TRANSFERRED_TO,2026-08-04T03:33:00,27982.4,0.876
A020,A016,TRANSFERRED_TO,2026-08-05T14:34:00,43987.68,0.922
A027,A035,TRANSFERRED_TO,2026-08-06T01:35:00,20175.42,0.903
A034,A004,TRANSFERRED_TO,2026-08-07T12:36:00,10136.45,0.972
A041,A023,TRANSFERRED_TO,2026-08-08T23:37:00,14660.83,0.813
A048,A042,TRANSFERRED_TO,2026-08-09T10:38:00,29142.22,0.947
A005,A011,TRANSFERRED_TO,2026-08-10T21:39:00,34547.96,0.874
A012,A030,TRANSFERRED_TO,2026-08-11T08:40:00,435261.56,0.93
A019,A049,TRANSFERRED_TO,2026-08-12T19:41:00,15994.06,0.855
A026,A018,TRANSFERRED_TO,2026-08-13T06:42:00,23408.39,0.85
A033,A037,TRANSFERRED_TO,2026-08-14T17:43:00,38885.88,0.831
A040,A006,TRANSFERRED_TO,2026-08-15T04:44:00,15685.93,0.84
A047,A025,TRANSFERRED_TO,2026-08-16T15:45:00,31998.71,0.806
A004,A044,TRANSFERRED_TO,2026-08-17T02:46:00,23598.43,0.809
A011,A013,TRANSFERRED_TO,2026-08-18T13:47:00,14763.6,0.885
A018,A032,TRANSFERRED_TO,2026-08-19T00:48:00,38266.6,0.899
A025,A001,TRANSFERRED_TO,2026-08-20T11:49:00,32940.29,0.962
A032,A020,TRANSFERRED_TO,2026-08-21T22:50:00,35883.32,0.927
A039,A041,TRANSFERRED_TO,2026-08-22T09:51:00,2973.36,0.929
A046,A008,TRANSFERRED_TO,2026-08-23T20:52:00,6268.75,0.898
A003,A027,TRANSFERRED_TO,2026-08-24T07:53:00,23664.39,0.892
A010,A046,TRANSFERRED_TO,2026-08-25T18:54:00,11222.14,0.843
A017,A015,TRANSFERRED_TO,2026-08-26T05:55:00,26236.71,0.911
A024,A034,TRANSFERRED_TO,2026-08-27T16:56:00,4906.37,0.849
A031,A003,TRANSFERRED_TO,2026-08-28T03:57:00,32058.29,0.891
A038,A022,TRANSFERRED_TO,2026-08-29T14:58:00,39299.71,0.972
A045,A041,TRANSFERRED_TO,2026-08-30T01:59:00,36590.9,0.808
A002,A010,TRANSFERRED_TO,2026-08-01T12:00:00,41006.3,0.939
A009,A029,TRANSFERRED_TO,2026-08-02T23:01:00,5770.84,0.984
A016,A048,TRANSFERRED_TO,2026-08-03T10:02:00,26606.01,0.923
A023,A017,TRANSFERRED_TO,2026-08-04T21:03:00,32035.53,0.898
A030,A036,TRANSFERRED_TO,2026-08-05T08:04:00,38412.79,0.859
A037,A005,TRANSFERRED_TO,2026-08-06T19:05:00,26135.88,0.868
A044,A024,TRANSFERRED_TO,2026-08-07T06:06:00,9394.0,0.893
A001,A043,TRANSFERRED_TO,2026-08-08T17:07:00,24060.68,0.921
A008,A012,TRANSFERRED_TO,2026-08-09T04:08:00,18873.55,0.935
A015,A031,TRANSFERRED_TO,2026-08-10T15:09:00,332339.75,0.889
A022,A050,TRANSFERRED_TO,2026-08-11T02:10:00,3332.47,0.928
A029,A019,TRANSFERRED_TO,2026-08-12T13:11:00,30912.3,0.901
A036,A038,TRANSFERRED_TO,2026-08-13T00:12:00,4018.86,0.897
A043,A007,TRANSFERRED_TO,2026-08-14T11:13:00,7502.4,0.932
A050,A026,TRANSFERRED_TO,2026-08-15T22:14:00,13935.93,0.921
A007,A045,TRANSFERRED_TO,2026-08-16T09:15:00,30379.0,0.838
A014,A016,TRANSFERRED_TO,2026-08-17T20:16:00,24837.18,0.942
A021,A033,TRANSFERRED_TO,2026-08-18T07:17:00,14827.31,0.838
A028,A002,TRANSFERRED_TO,2026-08-19T18:18:00,16078.8,0.964
A035,A021,TRANSFERRED_TO,2026-08-20T05:19:00,4826.03,0.822
A042,A040,TRANSFERRED_TO,2026-08-21T16:20:00,18340.04,0.875
A049,A009,TRANSFERRED_TO,2026-08-22T03:21:00,12088.26,0.886
A006,A028,TRANSFERRED_TO,2026-08-23T14:22:00,32802.09,0.885
A013,A047,TRANSFERRED_TO,2026-08-24T01:23:00,38515.77,0.834
A020,A016,TRANSFERRED_TO,2026-08-25T12:24:00,34576.85,0.844
A027,A035,TRANSFERRED_TO,2026-08-26T23:25:00,18614.59,0.841
A034,A004,TRANSFERRED_TO,2026-08-27T10:26:00,17383.22,0.838
A041,A023,TRANSFERRED_TO,2026-08-28T21:27:00,10606.65,0.904
A048,A042,TRANSFERRED_TO,2026-08-29T08:28:00,7721.98,0.903
A005,A011,TRANSFERRED_TO,2026-08-30T19:29:00,18601.42,0.818
A012,A030,TRANSFERRED_TO,2026-08-01T06:30:00,40880.48,0.856
A019,A049,TRANSFERRED_TO,2026-08-02T17:31:00,37972.52,0.89
A026,A018,TRANSFERRED_TO,2026-08-03T04:32:00,44375.43,0.863
A033,A037,TRANSFERRED_TO,2026-08-04T15:33:00,37482.79,0.874
A040,A006,TRANSFERRED_TO,2026-08-05T02:34:00,36942.44,0.813
A047,A025,TRANSFERRED_TO,2026-08-06T13:35:00,34605.77,0.803
A004,A044,TRANSFERRED_TO,2026-08-07T00:36:00,8608.92,0.911
A011,A013,TRANSFERRED_TO,2026-08-08T11:37:00,32331.03,0.949
A018,A032,TRANSFERRED_TO,2026-08-09T22:38:00,340918.04,0.906
A025,A001,TRANSFERRED_TO,2026-08-10T09:39:00,9631.44,0.849
A032,A020,TRANSFERRED_TO,2026-08-11T20:40:00,22217.89,0.935
A039,A041,TRANSFERRED_TO,2026-08-12T07:41:00,31535.73,0.86
A046,A008,TRANSFERRED_TO,2026-08-13T18:42:00,32246.46,0.962
A003,A027,TRANSFERRED_TO,2026-08-14T05:43:00,25382.16,0.84
A010,A046,TRANSFERRED_TO,2026-08-15T16:44:00,44272.66,0.86
A017,A015,TRANSFERRED_TO,2026-08-16T03:45:00,13015.91,0.901
A024,A034,TRANSFERRED_TO,2026-08-17T14:46:00,11261.12,0.855
A031,A003,TRANSFERRED_TO,2026-08-18T01:47:00,35377.08,0.962
A038,A022,TRANSFERRED_TO,2026-08-19T12:48:00,38338.23,0.927
A045,A041,TRANSFERRED_TO,2026-08-20T23:49:00,44816.28,0.924
A002,A010,TRANSFERRED_TO,2026-08-21T10:50:00,26050.42,0.826
A009,A029,TRANSFERRED_TO,2026-08-22T21:51:00,29897.42,0.985
A016,A048,TRANSFERRED_TO,2026-08-23T08:52:00,38822.89,0.979
A023,A017,TRANSFERRED_TO,2026-08-24T19:53:00,21289.93,0.865
A030,A036,TRANSFERRED_TO,2026-08-25T06:54:00,11564.25,0.829
A037,A005,TRANSFERRED_TO,2026-08-26T17:55:00,25668.74,0.813
A044,A024,TRANSFERRED_TO,2026-08-27T04:56:00,27056.43,0.909
A001,A043,TRANSFERRED_TO,2026-08-28T15:57:00,24444.38,0.891
A008,A012,TRANSFERRED_TO,2026-08-29T02:58:00,18750.61,0.974
A015,A031,TRANSFERRED_TO,2026-08-30T13:59:00,9910.33,0.962
A022,A050,TRANSFERRED_TO,2026-08-01T00:00:00,33719.84,0.828
A029,A019,TRANSFERRED_TO,2026-08-02T11:01:00,25457.64,0.856
A036,A038,TRANSFERRED_TO,2026-08-03T22:02:00,5012.85,0.966
A043,A007,TRANSFERRED_TO,2026-08-04T09:03:00,39714.4,0.856
A050,A026,TRANSFERRED_TO,2026-08-05T20:04:00,23842.73,0.891
A007,A045,TRANSFERRED_TO,2026-08-06T07:05:00,41335.52,0.836
A014,A016,TRANSFERRED_TO,2026-08-07T18:06:00,30196.59,0.833
A021,A033,TRANSFERRED_TO,2026-08-08T05:07:00,289351.71,0.81
A028,A002,TRANSFERRED_TO,2026-08-09T16:08:00,42210.84,0.844
A035,A021,TRANSFERRED_TO,2026-08-10T03:09:00,19299.46,0.954
A042,A040,TRANSFERRED_TO,2026-08-11T14:10:00,33514.28,0.876
A049,A009,TRANSFERRED_TO,2026-08-12T01:11:00,41235.72,0.874
A006,A028,TRANSFERRED_TO,2026-08-13T12:12:00,13061.44,0.926
A013,A047,TRANSFERRED_TO,2026-08-14T23:13:00,34645.58,0.931
A020,A016,TRANSFERRED_TO,2026-08-15T10:14:00,32713.15,0.965
A027,A035,TRANSFERRED_TO,2026-08-16T21:15:00,13562.79,0.977
A034,A004,TRANSFERRED_TO,2026-08-17T08:16:00,9435.52,0.931
A041,A023,TRANSFERRED_TO,2026-08-18T19:17:00,10304.33,0.876
A048,A042,TRANSFERRED_TO,2026-08-19T06:18:00,37588.5,0.899
A005,A011,TRANSFERRED_TO,2026-08-20T17:19:00,36356.47,0.936
A012,A030,TRANSFERRED_TO,2026-08-21T04:20:00,17270.07,0.894
A019,A049,TRANSFERRED_TO,2026-08-22T15:21:00,38793.92,0.803
A026,A018,TRANSFERRED_TO,2026-08-23T02:22:00,10606.06,0.903
A033,A037,TRANSFERRED_TO,2026-08-24T13:23:00,44881.47,0.859
A040,A006,TRANSFERRED_TO,2026-08-25T00:24:00,18469.21,0.872
A047,A025,TRANSFERRED_TO,2026-08-26T11:25:00,5549.6,0.887
A004,A044,TRANSFERRED_TO,2026-08-27T22:26:00,28839.15,0.834
A011,A013,TRANSFERRED_TO,2026-08-28T09:27:00,41728.78,0.85
A018,A032,TRANSFERRED_TO,2026-08-29T20:28:00,39977.01,0.956
A025,A001,TRANSFERRED_TO,2026-08-30T07:29:00,22477.88,0.978
A032,A020,TRANSFERRED_TO,2026-08-01T18:30:00,4362.96,0.933
A039,A041,TRANSFERRED_TO,2026-08-02T05:31:00,26582.74,0.905
A046,A008,TRANSFERRED_TO,2026-08-03T16:32:00,39864.14,0.877
A003,A027,TRANSFERRED_TO,2026-08-04T03:33:00,22389.38,0.969
A010,A046,TRANSFERRED_TO,2026-08-05T14:34:00,32186.05,0.909
A017,A015,TRANSFERRED_TO,2026-08-06T01:35:00,3886.36,0.814
A024,A034,TRANSFERRED_TO,2026-08-07T12:36:00,364854.51,0.936
A031,A003,TRANSFERRED_TO,2026-08-08T23:37:00,36775.71,0.903
A038,A022,TRANSFERRED_TO,2026-08-09T10:38:00,21296.88,0.958
A045,A041,TRANSFERRED_TO,2026-08-10T21:39:00,37736.62,0.901
A002,A010,TRANSFERRED_TO,2026-08-11T08:40:00,14916.34,0.855
A009,A029,TRANSFERRED_TO,2026-08-12T19:41:00,7596.42,0.889
A016,A048,TRANSFERRED_TO,2026-08-13T06:42:00,23258.59,0.928
A023,A017,TRANSFERRED_TO,2026-08-14T17:43:00,28046.86,0.931
A030,A036,TRANSFERRED_TO,2026-08-15T04:44:00,6900.04,0.893
A037,A005,TRANSFERRED_TO,2026-08-16T15:45:00,3700.78,0.85
A044,A024,TRANSFERRED_TO,2026-08-17T02:46:00,6122.44,0.901
A001,A043,TRANSFERRED_TO,2026-08-18T13:47:00,21492.9,0.896
A008,A012,TRANSFERRED_TO,2026-08-19T00:48:00,12290.44,0.909
A015,A031,TRANSFERRED_TO,2026-08-20T11:49:00,9734.55,0.987
A022,A050,TRANSFERRED_TO,2026-08-21T22:50:00,6449.55,0.987
A029,A019,TRANSFERRED_TO,2026-08-22T09:51:00,7482.55,0.96
A036,A038,TRANSFERRED_TO,2026-08-23T20:52:00,31540.4,0.978
A043,A007,TRANSFERRED_TO,2026-08-24T07:53:00,24321.0,0.903
A050,A026,TRANSFERRED_TO,2026-08-25T18:54:00,3955.12,0.87
A007,A045,TRANSFERRED_TO,2026-08-26T05:55:00,13290.27,0.927
A014,A016,TRANSFERRED_TO,2026-08-27T16:56:00,11738.85,0.943
A021,A033,TRANSFERRED_TO,2026-08-28T03:57:00,41287.21,0.912
A028,A002,TRANSFERRED_TO,2026-08-29T14:58:00,42954.39,0.801
A035,A021,TRANSFERRED_TO,2026-08-30T01:59:00,31877.35,0.957
A042,A040,TRANSFERRED_TO,2026-08-01T12:00:00,23164.23,0.875
A049,A009,TRANSFERRED_TO,2026-08-02T23:01:00,41143.07,0.891
A006,A028,TRANSFERRED_TO,2026-08-03T10:02:00,10968.5,0.817
A013,A047,TRANSFERRED_TO,2026-08-04T21:03:00,40930.29,0.921
A020,A016,TRANSFERRED_TO,2026-08-05T08:04:00,11259.61,0.923
A027,A035,TRANSFERRED_TO,2026-08-06T19:05:00,351855.49,0.855
A034,A004,TRANSFERRED_TO,2026-08-07T06:06:00,37862.65,0.844
A041,A023,TRANSFERRED_TO,2026-08-08T17:07:00,13007.64,0.834
A048,A042,TRANSFERRED_TO,2026-08-09T04:08:00,9657.87,0.92
A005,A011,TRANSFERRED_TO,2026-08-10T15:09:00,12255.36,0.959
A012,A030,TRANSFERRED_TO,2026-08-11T02:10:00,11979.72,0.932
A019,A049,TRANSFERRED_TO,2026-08-12T13:11:00,31924.54,0.978
A026,A018,TRANSFERRED_TO,2026-08-13T00:12:00,33789.89,0.986
A033,A037,TRANSFERRED_TO,2026-08-14T11:13:00,21589.94,0.862
A040,A006,TRANSFERRED_TO,2026-08-15T22:14:00,34135.5,0.81
A047,A025,TRANSFERRED_TO,2026-08-16T09:15:00,35970.57,0.918
A004,A044,TRANSFERRED_TO,2026-08-17T20:16:00,30526.26,0.837
A011,A013,TRANSFERRED_TO,2026-08-18T07:17:00,36428.95,0.95
A018,A032,TRANSFERRED_TO,2026-08-19T18:18:00,36086.33,0.898
A025,A001,TRANSFERRED_TO,2026-08-20T05:19:00,12782.33,0.917
A032,A020,TRANSFERRED_TO,2026-08-21T16:20:00,18858.19,0.83
A039,A041,TRANSFERRED_TO,2026-08-22T03:21:00,43138.34,0.833
A046,A008,TRANSFERRED_TO,2026-08-23T14:22:00,28857.41,0.907
A003,A027,TRANSFERRED_TO,2026-08-24T01:23:00,16594.11,0.948
A010,A046,TRANSFERRED_TO,2026-08-25T12:24:00,6049.06,0.815
A017,A015,TRANSFERRED_TO,2026-08-26T23:25:00,9501.72,0.896
A024,A034,TRANSFERRED_TO,2026-08-27T10:26:00,11125.51,0.955
A031,A003,TRANSFERRED_TO,2026-08-28T21:27:00,17719.79,0.967
A038,A022,TRANSFERRED_TO,2026-08-29T08:28:00,12936.6,0.908
A045,A041,TRANSFERRED_TO,2026-08-30T19:29:00,24591.76,0.901
A002,A010,TRANSFERRED_TO,2026-08-01T06:30:00,43052.7,0.874
A009,A029,TRANSFERRED_TO,2026-08-02T17:31:00,11772.44,0.895
A016,A048,TRANSFERRED_TO,2026-08-03T04:32:00,7075.31,0.922
A023,A017,TRANSFERRED_TO,2026-08-04T15:33:00,22843.56,0.92
A030,A036,TRANSFERRED_TO,2026-08-05T02:34:00,323996.55,0.866
A037,A005,TRANSFERRED_TO,2026-08-06T13:35:00,15748.76,0.929
A044,A024,TRANSFERRED_TO,2026-08-07T00:36:00,9872.57,0.864
A001,A043,TRANSFERRED_TO,2026-08-08T11:37:00,5693.64,0.927
A008,A012,TRANSFERRED_TO,2026-08-09T22:38:00,25361.6,0.916
A015,A031,TRANSFERRED_TO,2026-08-10T09:39:00,31848.46,0.881
A022,A050,TRANSFERRED_TO,2026-08-11T20:40:00,7414.05,0.862
A029,A019,TRANSFERRED_TO,2026-08-12T07:41:00,18344.2,0.938
A036,A038,TRANSFERRED_TO,2026-08-13T18:42:00,16994.77,0.877
A043,A007,TRANSFERRED_TO,2026-08-14T05:43:00,18846.84,0.966
A050,A026,TRANSFERRED_TO,2026-08-15T16:44:00,5781.04,0.947
A007,A045,TRANSFERRED_TO,2026-08-16T03:45:00,43090.86,0.843
A014,A016,TRANSFERRED_TO,2026-08-17T14:46:00,16378.88,0.902
A021,A033,TRANSFERRED_TO,2026-08-18T01:47:00,5194.8,0.922
A028,A002,TRANSFERRED_TO,2026-08-19T12:48:00,33620.28,0.803
A035,A021,TRANSFERRED_TO,2026-08-20T23:49:00,3520.24,0.958
A042,A040,TRANSFERRED_TO,2026-08-21T10:50:00,33316.71,0.839
A049,A009,TRANSFERRED_TO,2026-08-22T21:51:00,28086.88,0.904
A006,A028,TRANSFERRED_TO,2026-08-23T08:52:00,9639.62,0.848
A013,A047,TRANSFERRED_TO,2026-08-24T19:53:00,33007.88,0.97
A020,A016,TRANSFERRED_TO,2026-08-25T06:54:00,31563.17,0.969
A027,A035,TRANSFERRED_TO,2026-08-26T17:55:00,29979.46,0.952
A034,A004,TRANSFERRED_TO,2026-08-27T04:56:00,5250.79,0.945
A041,A023,TRANSFERRED_TO,2026-08-28T15:57:00,14786.76,0.896
A048,A042,TRANSFERRED_TO,2026-08-29T02:58:00,25023.24,0.874
A005,A011,TRANSFERRED_TO,2026-08-30T13:59:00,30215.3,0.956
A012,A030,TRANSFERRED_TO,2026-08-01T00:00:00,37675.65,0.841
A019,A049,TRANSFERRED_TO,2026-08-02T11:01:00,38178.16,0.882
A026,A018,TRANSFERRED_TO,2026-08-03T22:02:00,13819.33,0.873
A033,A037,TRANSFERRED_TO,2026-08-04T09:03:00,238620.25,0.857
A040,A006,TRANSFERRED_TO,2026-08-05T20:04:00,34562.1,0.944
A047,A025,TRANSFERRED_TO,2026-08-06T07:05:00,24864.86,0.97
A004,A044,TRANSFERRED_TO,2026-08-07T18:06:00,36902.86,0.925
A011,A013,TRANSFERRED_TO,2026-08-08T05:07:00,18910.77,0.933
A018,A032,TRANSFERRED_TO,2026-08-09T16:08:00,26226.54,0.873
A025,A001,TRANSFERRED_TO,2026-08-10T03:09:00,31477.61,0.808
A032,A020,TRANSFERRED_TO,2026-08-11T14:10:00,3620.71,0.989
A039,A041,TRANSFERRED_TO,2026-08-12T01:11:00,21668.92,0.862
A046,A008,TRANSFERRED_TO,2026-08-13T12:12:00,10087.62,0.924
A003,A027,TRANSFERRED_TO,2026-08-14T23:13:00,12798.95,0.972
A010,A046,TRANSFERRED_TO,2026-08-15T10:14:00,27600.58,0.912
A017,A015,TRANSFERRED_TO,2026-08-16T21:15:00,18924.88,0.87
A024,A034,TRANSFERRED_TO,2026-08-17T08:16:00,30829.89,0.809
A031,A003,TRANSFERRED_TO,2026-08-18T19:17:00,43125.14,0.941
A038,A022,TRANSFERRED_TO,2026-08-19T06:18:00,24446.92,0.859
A045,A041,TRANSFERRED_TO,2026-08-20T17:19:00,10130.44,0.982
A002,A010,TRANSFERRED_TO,2026-08-21T04:20:00,34660.13,0.87
A009,A029,TRANSFERRED_TO,2026-08-22T15:21:00,32532.55,0.848
A016,A048,TRANSFERRED_TO,2026-08-23T02:22:00,17607.65,0.988
A023,A017,TRANSFERRED_TO,2026-08-24T13:23:00,36801.06,0.954
A030,A036,TRANSFERRED_TO,2026-08-25T00:24:00,30797.06,0.955
A037,A005,TRANSFERRED_TO,2026-08-26T11:25:00,28507.4,0.966
A044,A024,TRANSFERRED_TO,2026-08-27T22:26:00,27846.04,0.965
A001,A043,TRANSFERRED_TO,2026-08-28T09:27:00,19782.15,0.957
A008,A012,TRANSFERRED_TO,2026-08-29T20:28:00,22761.9,0.834
A015,A031,TRANSFERRED_TO,2026-08-30T07:29:00,41043.49,0.92
A022,A050,TRANSFERRED_TO,2026-08-01T18:30:00,26446.48,0.815
A029,A019,TRANSFERRED_TO,2026-08-02T05:31:00,34831.43,0.901
A036,A038,TRANSFERRED_TO,2026-08-03T16:32:00,279613.12,0.86
A043,A007,TRANSFERRED_TO,2026-08-04T03:33:00,21404.97,0.81
A050,A026,TRANSFERRED_TO,2026-08-05T14:34:00,17844.61,0.903
A007,A045,TRANSFERRED_TO,2026-08-06T01:35:00,2777.6,0.884
A014,A016,TRANSFERRED_TO,2026-08-07T12:36:00,18024.91,0.99
A021,A033,TRANSFERRED_TO,2026-08-08T23:37:00,42299.71,0.901
A028,A002,TRANSFERRED_TO,2026-08-09T10:38:00,8198.19,0.882
A035,A021,TRANSFERRED_TO,2026-08-10T21:39:00,43285.84,0.837
A042,A040,TRANSFERRED_TO,2026-08-11T08:40:00,18692.8,0.952
A049,A009,TRANSFERRED_TO,2026-08-12T19:41:00,11024.0,0.9
A006,A028,TRANSFERRED_TO,2026-08-13T06:42:00,33836.73,0.807
A013,A047,TRANSFERRED_TO,2026-08-14T17:43:00,44746.06,0.864
A020,A016,TRANSFERRED_TO,2026-08-15T04:44:00,20406.71,0.803
A027,A035,TRANSFERRED_TO,2026-08-16T15:45:00,7246.42,0.844
A034,A004,TRANSFERRED_TO,2026-08-17T02:46:00,43160.86,0.803
A041,A023,TRANSFERRED_TO,2026-08-18T13:47:00,26016.69,0.88
A048,A042,TRANSFERRED_TO,2026-08-19T00:48:00,9740.58,0.81
A005,A011,TRANSFERRED_TO,2026-08-20T11:49:00,36358.64,0.804
A012,A030,TRANSFERRED_TO,2026-08-21T22:50:00,4259.69,0.873
A019,A049,TRANSFERRED_TO,2026-08-22T09:51:00,35459.08,0.946
A026,A018,TRANSFERRED_TO,2026-08-23T20:52:00,36115.61,0.896
A033,A037,TRANSFERRED_TO,2026-08-24T07:53:00,23727.64,0.96
A040,A006,TRANSFERRED_TO,2026-08-25T18:54:00,25882.46,0.817
A047,A025,TRANSFERRED_TO,2026-08-26T05:55:00,40892.99,0.803
A004,A044,TRANSFERRED_TO,2026-08-27T16:56:00,40491.02,0.965
A011,A013,TRANSFERRED_TO,2026-08-28T03:57:00,3023.49,0.9
A018,A032,TRANSFERRED_TO,2026-08-29T14:58:00,31807.87,0.975
A025,A001,TRANSFERRED_TO,2026-08-30T01:59:00,4399.18,0.963
A032,A020,TRANSFERRED_TO,2026-08-01T12:00:00,20359.63,0.943
A039,A041,TRANSFERRED_TO,2026-08-02T23:01:00,238141.12,0.96
A046,A008,TRANSFERRED_TO,2026-08-03T10:02:00,43793.81,0.971
A003,A027,TRANSFERRED_TO,2026-08-04T21:03:00,39679.32,0.903
A010,A046,TRANSFERRED_TO,2026-08-05T08:04:00,31462.95,0.919
A017,A015,TRANSFERRED_TO,2026-08-06T19:05:00,23012.29,0.963
A024,A034,TRANSFERRED_TO,2026-08-07T06:06:00,13098.78,0.989
A031,A003,TRANSFERRED_TO,2026-08-08T17:07:00,36436.09,0.906
A038,A022,TRANSFERRED_TO,2026-08-09T04:08:00,16745.82,0.897
A045,A041,TRANSFERRED_TO,2026-08-10T15:09:00,7541.87,0.826
A002,A010,TRANSFERRED_TO,2026-08-11T02:10:00,33760.65,0.977
A009,A029,TRANSFERRED_TO,2026-08-12T13:11:00,6030.07,0.848
A016,A048,TRANSFERRED_TO,2026-08-13T00:12:00,14548.31,0.896
A023,A017,TRANSFERRED_TO,2026-08-14T11:13:00,14302.65,0.957
A030,A036,TRANSFERRED_TO,2026-08-15T22:14:00,3247.78,0.871
A037,A005,TRANSFERRED_TO,2026-08-16T09:15:00,6314.05,0.973
A044,A024,TRANSFERRED_TO,2026-08-17T20:16:00,19135.03,0.956
A001,A043,TRANSFERRED_TO,2026-08-18T07:17:00,19393.19,0.803
A008,A012,TRANSFERRED_TO,2026-08-19T18:18:00,10405.21,0.828
A015,A031,TRANSFERRED_TO,2026-08-20T05:19:00,37204.14,0.876
A022,A050,TRANSFERRED_TO,2026-08-21T16:20:00,19240.26,0.805
A029,A019,TRANSFERRED_TO,2026-08-22T03:21:00,18323.55,0.821
A036,A038,TRANSFERRED_TO,2026-08-23T14:22:00,42770.4,0.841
A043,A007,TRANSFERRED_TO,2026-08-24T01:23:00,44971.77,0.953
A050,A026,TRANSFERRED_TO,2026-08-25T12:24:00,23973.66,0.823
A007,A045,TRANSFERRED_TO,2026-08-26T23:25:00,31531.75,0.854
A014,A016,TRANSFERRED_TO,2026-08-27T10:26:00,28119.25,0.882
A021,A033,TRANSFERRED_TO,2026-08-28T21:27:00,22849.65,0.807
A028,A002,TRANSFERRED_TO,2026-08-29T08:28:00,3443.68,0.898
A035,A021,TRANSFERRED_TO,2026-08-30T19:29:00,12092.28,0.914
A042,A040,TRANSFERRED_TO,2026-08-01T06:30:00,237110.88,0.909
A049,A009,TRANSFERRED_TO,2026-08-02T17:31:00,31601.86,0.905
A006,A028,TRANSFERRED_TO,2026-08-03T04:32:00,13230.65,0.87
A013,A047,TRANSFERRED_TO,2026-08-04T15:33:00,3515.76,0.83
A020,A016,TRANSFERRED_TO,2026-08-05T02:34:00,22401.94,0.985
A027,A035,TRANSFERRED_TO,2026-08-06T13:35:00,20612.22,0.835
A034,A004,TRANSFERRED_TO,2026-08-07T00:36:00,15093.78,0.977
A041,A023,TRANSFERRED_TO,2026-08-08T11:37:00,5375.08,0.938
A048,A042,TRANSFERRED_TO,2026-08-09T22:38:00,13110.76,0.986
A005,A011,TRANSFERRED_TO,2026-08-10T09:39:00,4555.97,0.814
A012,A030,TRANSFERRED_TO,2026-08-11T20:40:00,6747.44,0.924
A019,A049,TRANSFERRED_TO,2026-08-12T07:41:00,9022.81,0.901
A026,A018,TRANSFERRED_TO,2026-08-13T18:42:00,26565.09,0.878
A033,A037,TRANSFERRED_TO,2026-08-14T05:43:00,14793.13,0.864
A040,A006,TRANSFERRED_TO,2026-08-15T16:44:00,9388.2,0.824
A047,A025,TRANSFERRED_TO,2026-08-16T03:45:00,23857.9,0.901
A004,A044,TRANSFERRED_TO,2026-08-17T14:46:00,17959.02,0.924
A011,A013,TRANSFERRED_TO,2026-08-18T01:47:00,26090.98,0.973
A018,A032,TRANSFERRED_TO,2026-08-19T12:48:00,9172.09,0.971
A025,A001,TRANSFERRED_TO,2026-08-20T23:49:00,13958.61,0.82
A032,A020,TRANSFERRED_TO,2026-08-21T10:50:00,42894.75,0.876
A039,A041,TRANSFERRED_TO,2026-08-22T21:51:00,24242.0,0.91
A046,A008,TRANSFERRED_TO,2026-08-23T08:52:00,24892.85,0.934
A003,A027,TRANSFERRED_TO,2026-08-24T19:53:00,18089.79,0.851
A010,A046,TRANSFERRED_TO,2026-08-25T06:54:00,8150.59,0.936
A017,A015,TRANSFERRED_TO,2026-08-26T17:55:00,28802.71,0.968
A024,A034,TRANSFERRED_TO,2026-08-27T04:56:00,33122.95,0.808
A031,A003,TRANSFERRED_TO,2026-08-28T15:57:00,16116.0,0.947
A038,A022,TRANSFERRED_TO,2026-08-29T02:58:00,32609.03,0.841
A045,A041,TRANSFERRED_TO,2026-08-30T13:59:00,375388.21,0.864
A002,A010,TRANSFERRED_TO,2026-08-01T00:00:00,42330.92,0.935
A009,A029,TRANSFERRED_TO,2026-08-02T11:01:00,29745.93,0.965
A016,A048,TRANSFERRED_TO,2026-08-03T22:02:00,28518.67,0.982
A023,A017,TRANSFERRED_TO,2026-08-04T09:03:00,37568.86,0.896
A030,A036,TRANSFERRED_TO,2026-08-05T20:04:00,22100.91,0.876
A037,A005,TRANSFERRED_TO,2026-08-06T07:05:00,7087.52,0.921
A044,A024,TRANSFERRED_TO,2026-08-07T18:06:00,4653.6,0.877
A001,A043,TRANSFERRED_TO,2026-08-08T05:07:00,41668.85,0.839
A008,A012,TRANSFERRED_TO,2026-08-09T16:08:00,15129.88,0.906
A015,A031,TRANSFERRED_TO,2026-08-10T03:09:00,43808.82,0.88
A022,A050,TRANSFERRED_TO,2026-08-11T14:10:00,24427.44,0.857
A029,A019,TRANSFERRED_TO,2026-08-12T01:11:00,34762.12,0.93
A036,A038,TRANSFERRED_TO,2026-08-13T12:12:00,11730.0,0.958
A043,A007,TRANSFERRED_TO,2026-08-14T23:13:00,29011.49,0.949
A050,A026,TRANSFERRED_TO,2026-08-15T10:14:00,19362.38,0.913
A007,A045,TRANSFERRED_TO,2026-08-16T21:15:00,28150.39,0.974
A014,A016,TRANSFERRED_TO,2026-08-17T08:16:00,16221.5,0.959
A021,A033,TRANSFERRED_TO,2026-08-18T19:17:00,14834.83,0.806
A028,A002,TRANSFERRED_TO,2026-08-19T06:18:00,12382.66,0.935
A035,A021,TRANSFERRED_TO,2026-08-20T17:19:00,21675.15,0.89
A042,A040,TRANSFERRED_TO,2026-08-21T04:20:00,18633.05,0.879
A049,A009,TRANSFERRED_TO,2026-08-22T15:21:00,8303.27,0.874
A006,A028,TRANSFERRED_TO,2026-08-23T02:22:00,5787.05,0.956
A013,A047,TRANSFERRED_TO,2026-08-24T13:23:00,11849.71,0.888
A020,A016,TRANSFERRED_TO,2026-08-25T00:24:00,44861.33,0.842
A027,A035,TRANSFERRED_TO,2026-08-26T11:25:00,7973.09,0.984
A034,A004,TRANSFERRED_TO,2026-08-27T22:26:00,21399.63,0.947
A041,A023,TRANSFERRED_TO,2026-08-28T09:27:00,21483.85,0.877
A048,A042,TRANSFERRED_TO,2026-08-29T20:28:00,416978.55,0.939
A005,A011,TRANSFERRED_TO,2026-08-30T07:29:00,39332.12,0.814
A012,A030,TRANSFERRED_TO,2026-08-01T18:30:00,37475.75,0.938
A019,A049,TRANSFERRED_TO,2026-08-02T05:31:00,30227.02,0.841
A026,A018,TRANSFERRED_TO,2026-08-03T16:32:00,17350.32,0.974
A033,A037,TRANSFERRED_TO,2026-08-04T03:33:00,37966.58,0.891
A040,A006,TRANSFERRED_TO,2026-08-05T14:34:00,4229.7,0.951
A047,A025,TRANSFERRED_TO,2026-08-06T01:35:00,26421.64,0.828
A004,A044,TRANSFERRED_TO,2026-08-07T12:36:00,23953.81,0.826
A011,A013,TRANSFERRED_TO,2026-08-08T23:37:00,9423.58,0.821
A018,A032,TRANSFERRED_TO,2026-08-09T10:38:00,39235.42,0.872
A025,A001,TRANSFERRED_TO,2026-08-10T21:39:00,7559.0,0.977
A032,A020,TRANSFERRED_TO,2026-08-11T08:40:00,16875.95,0.844
A039,A041,TRANSFERRED_TO,2026-08-12T19:41:00,15977.4,0.902
A046,A008,TRANSFERRED_TO,2026-08-13T06:42:00,9214.06,0.902
A003,A027,TRANSFERRED_TO,2026-08-14T17:43:00,29068.75,0.933
A010,A046,TRANSFERRED_TO,2026-08-15T04:44:00,29655.92,0.885
A017,A015,TRANSFERRED_TO,2026-08-16T15:45:00,35506.16,0.971
A024,A034,TRANSFERRED_TO,2026-08-17T02:46:00,7732.52,0.945
A031,A003,TRANSFERRED_TO,2026-08-18T13:47:00,44285.14,0.81
A038,A022,TRANSFERRED_TO,2026-08-19T00:48:00,19165.14,0.94
A045,A041,TRANSFERRED_TO,2026-08-20T11:49:00,38871.79,0.806
A002,A010,TRANSFERRED_TO,2026-08-21T22:50:00,17903.74,0.96
A009,A029,TRANSFERRED_TO,2026-08-22T09:51:00,8670.49,0.926
A016,A048,TRANSFERRED_TO,2026-08-23T20:52:00,37919.72,0.872
A023,A017,TRANSFERRED_TO,2026-08-24T07:53:00,3068.82,0.862
A030,A036,TRANSFERRED_TO,2026-08-25T18:54:00,37842.75,0.865
A037,A005,TRANSFERRED_TO,2026-08-26T05:55:00,17631.76,0.929
A044,A024,TRANSFERRED_TO,2026-08-27T16:56:00,38761.4,0.933
A001,A043,TRANSFERRED_TO,2026-08-28T03:57:00,426217.98,0.843
A008,A012,TRANSFERRED_TO,2026-08-29T14:58:00,11627.37,0.829
A015,A031,TRANSFERRED_TO,2026-08-30T01:59:00,40954.32,0.803
A022,A050,TRANSFERRED_TO,2026-08-01T12:00:00,11860.91,0.933
A029,A019,TRANSFERRED_TO,2026-08-02T23:01:00,30959.94,0.885
A036,A038,TRANSFERRED_TO,2026-08-03T10:02:00,21978.34,0.849
A043,A007,TRANSFERRED_TO,2026-08-04T21:03:00,33012.78,0.892
A050,A026,TRANSFERRED_TO,2026-08-05T08:04:00,26396.1,0.815
A007,A045,TRANSFERRED_TO,2026-08-06T19:05:00,11693.3,0.901
A014,A016,TRANSFERRED_TO,2026-08-07T06:06:00,7320.12,0.825
A021,A033,TRANSFERRED_TO,2026-08-08T17:07:00,21348.39,0.895
A028,A002,TRANSFERRED_TO,2026-08-09T04:08:00,4559.83,0.868
A035,A021,TRANSFERRED_TO,2026-08-10T15:09:00,33028.97,0.907
A042,A040,TRANSFERRED_TO,2026-08-11T02:10:00,36964.31,0.914
A049,A009,TRANSFERRED_TO,2026-08-12T13:11:00,13189.52,0.842
A006,A028,TRANSFERRED_TO,2026-08-13T00:12:00,25478.68,0.807
A013,A047,TRANSFERRED_TO,2026-08-14T11:13:00,30335.25,0.848
A020,A016,TRANSFERRED_TO,2026-08-15T22:14:00,34297.23,0.969
A027,A035,TRANSFERRED_TO,2026-08-16T09:15:00,39153.94,0.84
A034,A004,TRANSFERRED_TO,2026-08-17T20:16:00,24422.39,0.911
A041,A023,TRANSFERRED_TO,2026-08-18T07:17:00,11408.61,0.95
A048,A042,TRANSFERRED_TO,2026-08-19T18:18:00,15212.14,0.812
A005,A011,TRANSFERRED_TO,2026-08-20T05:19:00,10617.89,0.87
A012,A030,TRANSFERRED_TO,2026-08-21T16:20:00,44215.75,0.833
A019,A049,TRANSFERRED_TO,2026-08-22T03:21:00,15865.12,0.864
A026,A018,TRANSFERRED_TO,2026-08-23T14:22:00,33605.49,0.949
A033,A037,TRANSFERRED_TO,2026-08-24T01:23:00,42353.66,0.946
A040,A006,TRANSFERRED_TO,2026-08-25T12:24:00,9685.99,0.877
A047,A025,TRANSFERRED_TO,2026-08-26T23:25:00,35611.05,0.896
A004,A044,TRANSFERRED_TO,2026-08-27T10:26:00,434261.69,0.907
A011,A013,TRANSFERRED_TO,2026-08-28T21:27:00,6995.96,0.886
A018,A032,TRANSFERRED_TO,2026-08-29T08:28:00,24107.71,0.9
A025,A001,TRANSFERRED_TO,2026-08-30T19:29:00,40505.86,0.835
A032,A020,TRANSFERRED_TO,2026-08-01T06:30:00,17969.11,0.982
A039,A041,TRANSFERRED_TO,2026-08-02T17:31:00,21258.16,0.801
A046,A008,TRANSFERRED_TO,2026-08-03T04:32:00,16251.89,0.972
A003,A027,TRANSFERRED_TO,2026-08-04T15:33:00,30513.75,0.809
A010,A046,TRANSFERRED_TO,2026-08-05T02:34:00,25110.35,0.989
A017,A015,TRANSFERRED_TO,2026-08-06T13:35:00,27487.54,0.93
A024,A034,TRANSFERRED_TO,2026-08-07T00:36:00,20757.77,0.876
A031,A003,TRANSFERRED_TO,2026-08-08T11:37:00,36398.13,0.919
A038,A022,TRANSFERRED_TO,2026-08-09T22:38:00,37160.41,0.986
A045,A041,TRANSFERRED_TO,2026-08-10T09:39:00,16885.97,0.826
A002,A010,TRANSFERRED_TO,2026-08-11T20:40:00,42425.73,0.881
A009,A029,TRANSFERRED_TO,2026-08-12T07:41:00,35602.52,0.815
A016,A048,TRANSFERRED_TO,2026-08-13T18:42:00,9558.08,0.836
A023,A017,TRANSFERRED_TO,2026-08-14T05:43:00,32324.59,0.913
A030,A036,TRANSFERRED_TO,2026-08-15T16:44:00,10883.06,0.87
A037,A005,TRANSFERRED_TO,2026-08-16T03:45:00,34081.32,0.811
A044,A024,TRANSFERRED_TO,2026-08-17T14:46:00,24492.75,0.831
A001,A043,TRANSFERRED_TO,2026-08-18T01:47:00,26981.44,0.901
A008,A012,TRANSFERRED_TO,2026-08-19T12:48:00,12125.42,0.828
A015,A031,TRANSFERRED_TO,2026-08-20T23:49:00,37158.07,0.932
A022,A050,TRANSFERRED_TO,2026-08-21T10:50:00,26731.57,0.989
A029,A019,TRANSFERRED_TO,2026-08-22T21:51:00,6047.98,0.816
A036,A038,TRANSFERRED_TO,2026-08-23T08:52:00,11455.39,0.899
A043,A007,TRANSFERRED_TO,2026-08-24T19:53:00,34215.54,0.897
A050,A026,TRANSFERRED_TO,2026-08-25T06:54:00,21094.06,0.82
A007,A045,TRANSFERRED_TO,2026-08-26T17:55:00,355887.28,0.985
A014,A016,TRANSFERRED_TO,2026-08-27T04:56:00,6557.34,0.968
A021,A033,TRANSFERRED_TO,2026-08-28T15:57:00,42665.7,0.913
A028,A002,TRANSFERRED_TO,2026-08-29T02:58:00,4136.03,0.99
A035,A021,TRANSFERRED_TO,2026-08-30T13:59:00,39207.18,0.89
A042,A040,TRANSFERRED_TO,2026-08-01T00:00:00,12559.42,0.922
A049,A009,TRANSFERRED_TO,2026-08-02T11:01:00,26525.95,0.949
A006,A028,TRANSFERRED_TO,2026-08-03T22:02:00,40890.94,0.847
A013,A047,TRANSFERRED_TO,2026-08-04T09:03:00,40816.24,0.911
A020,A016,TRANSFERRED_TO,2026-08-05T20:04:00,10343.16,0.974
A027,A035,TRANSFERRED_TO,2026-08-06T07:05:00,43965.23,0.969
A034,A004,TRANSFERRED_TO,2026-08-07T18:06:00,15806.64,0.958
A041,A023,TRANSFERRED_TO,2026-08-08T05:07:00,23171.61,0.817
A048,A042,TRANSFERRED_TO,2026-08-09T16:08:00,31215.38,0.946
A005,A011,TRANSFERRED_TO,2026-08-10T03:09:00,29513.66,0.887
A012,A030,TRANSFERRED_TO,2026-08-11T14:10:00,6549.74,0.835
A019,A049,TRANSFERRED_TO,2026-08-12T01:11:00,14988.26,0.825
A026,A018,TRANSFERRED_TO,2026-08-13T12:12:00,38061.3,0.864
A033,A037,TRANSFERRED_TO,2026-08-14T23:13:00,26014.54,0.822
A040,A006,TRANSFERRED_TO,2026-08-15T10:14:00,3951.81,0.828
A047,A025,TRANSFERRED_TO,2026-08-16T21:15:00,8194.01,0.804
A004,A044,TRANSFERRED_TO,2026-08-17T08:16:00,3169.42,0.98
A011,A013,TRANSFERRED_TO,2026-08-18T19:17:00,12879.4,0.922
A018,A032,TRANSFERRED_TO,2026-08-19T06:18:00,31149.15,0.87
A025,A001,TRANSFERRED_TO,2026-08-20T17:19:00,44753.98,0.829
A032,A020,TRANSFERRED_TO,2026-08-21T04:20:00,2865.51,0.807
A039,A041,TRANSFERRED_TO,2026-08-22T15:21:00,29148.72,0.81
A046,A008,TRANSFERRED_TO,2026-08-23T02:22:00,24789.48,0.939
A003,A027,TRANSFERRED_TO,2026-08-24T13:23:00,41665.97,0.823
A010,A046,TRANSFERRED_TO,2026-08-25T00:24:00,447392.17,0.915
A017,A015,TRANSFERRED_TO,2026-08-26T11:25:00,42635.58,0.942
A024,A034,TRANSFERRED_TO,2026-08-27T22:26:00,9248.93,0.805
A031,A003,TRANSFERRED_TO,2026-08-28T09:27:00,39447.83,0.958
A038,A022,TRANSFERRED_TO,2026-08-29T20:28:00,19886.17,0.895
A045,A041,TRANSFERRED_TO,2026-08-30T07:29:00,29705.62,0.842
A002,A010,TRANSFERRED_TO,2026-08-01T18:30:00,31539.97,0.849
A009,A029,TRANSFERRED_TO,2026-08-02T05:31:00,9634.14,0.915
A016,A048,TRANSFERRED_TO,2026-08-03T16:32:00,7300.42,0.842
A023,A017,TRANSFERRED_TO,2026-08-04T03:33:00,7720.55,0.936
A030,A036,TRANSFERRED_TO,2026-08-05T14:34:00,19960.09,0.879
A037,A005,TRANSFERRED_TO,2026-08-06T01:35:00,7435.33,0.963
A044,A024,TRANSFERRED_TO,2026-08-07T12:36:00,35778.11,0.921
A001,A043,TRANSFERRED_TO,2026-08-08T23:37:00,39141.41,0.936
A008,A012,TRANSFERRED_TO,2026-08-09T10:38:00,20875.44,0.965
A015,A031,TRANSFERRED_TO,2026-08-10T21:39:00,32942.88,0.871
A022,A050,TRANSFERRED_TO,2026-08-11T08:40:00,24037.38,0.977
A029,A019,TRANSFERRED_TO,2026-08-12T19:41:00,39449.2,0.884
A036,A038,TRANSFERRED_TO,2026-08-13T06:42:00,43815.65,0.98
A043,A007,TRANSFERRED_TO,2026-08-14T17:43:00,25329.42,0.989
A050,A026,TRANSFERRED_TO,2026-08-15T04:44:00,12469.32,0.869
A007,A045,TRANSFERRED_TO,2026-08-16T15:45:00,4148.5,0.908
A014,A016,TRANSFERRED_TO,2026-08-17T02:46:00,14260.62,0.881
A021,A033,TRANSFERRED_TO,2026-08-18T13:47:00,15388.83,0.81
A028,A002,TRANSFERRED_TO,2026-08-19T00:48:00,16781.27,0.877
A035,A021,TRANSFERRED_TO,2026-08-20T11:49:00,42120.82,0.87
A042,A040,TRANSFERRED_TO,2026-08-21T22:50:00,6534.2,0.968
A049,A009,TRANSFERRED_TO,2026-08-22T09:51:00,34204.31,0.972
A006,A028,TRANSFERRED_TO,2026-08-23T20:52:00,29190.33,0.978
A013,A047,TRANSFERRED_TO,2026-08-24T07:53:00,332908.63,0.827
A020,A016,TRANSFERRED_TO,2026-08-25T18:54:00,11229.76,0.84
A027,A035,TRANSFERRED_TO,2026-08-26T05:55:00,37217.36,0.85
A034,A004,TRANSFERRED_TO,2026-08-27T16:56:00,17285.13,0.91
A041,A023,TRANSFERRED_TO,2026-08-28T03:57:00,23438.02,0.808
A048,A042,TRANSFERRED_TO,2026-08-29T14:58:00,29225.58,0.956
A005,A011,TRANSFERRED_TO,2026-08-30T01:59:00,13961.66,0.904
A012,A030,TRANSFERRED_TO,2026-08-01T12:00:00,17819.13,0.891
A019,A049,TRANSFERRED_TO,2026-08-02T23:01:00,31638.1,0.895
A026,A018,TRANSFERRED_TO,2026-08-03T10:02:00,33879.22,0.947
A033,A037,TRANSFERRED_TO,2026-08-04T21:03:00,31397.52,0.914
A040,A006,TRANSFERRED_TO,2026-08-05T08:04:00,24617.02,0.971
A047,A025,TRANSFERRED_TO,2026-08-06T19:05:00,2684.2,0.897
A004,A044,TRANSFERRED_TO,2026-08-07T06:06:00,31225.91,0.889
A011,A013,TRANSFERRED_TO,2026-08-08T17:07:00,35247.79,0.883
A018,A032,TRANSFERRED_TO,2026-08-09T04:08:00,34253.03,0.99
A025,A001,TRANSFERRED_TO,2026-08-10T15:09:00,18226.69,0.978
A032,A020,TRANSFERRED_TO,2026-08-11T02:10:00,44528.54,0.887
A039,A041,TRANSFERRED_TO,2026-08-12T13:11:00,19171.28,0.909
A046,A008,TRANSFERRED_TO,2026-08-13T00:12:00,15393.17,0.856
A003,A027,TRANSFERRED_TO,2026-08-14T11:13:00,34736.38,0.853
A010,A046,TRANSFERRED_TO,2026-08-15T22:14:00,19513.29,0.978
A017,A015,TRANSFERRED_TO,2026-08-16T09:15:00,19535.57,0.959
A024,A034,TRANSFERRED_TO,2026-08-17T20:16:00,16135.88,0.87
A031,A003,TRANSFERRED_TO,2026-08-18T07:17:00,6162.9,0.883
A038,A022,TRANSFERRED_TO,2026-08-19T18:18:00,11032.13,0.806
A045,A041,TRANSFERRED_TO,2026-08-20T05:19:00,34886.56,0.865
A002,A010,TRANSFERRED_TO,2026-08-21T16:20:00,22899.27,0.916
A009,A029,TRANSFERRED_TO,2026-08-22T03:21:00,25216.19,0.82
A016,A048,TRANSFERRED_TO,2026-08-23T14:22:00,380917.16,0.919
A023,A017,TRANSFERRED_TO,2026-08-24T01:23:00,33294.58,0.925
A030,A036,TRANSFERRED_TO,2026-08-25T12:24:00,24490.04,0.825
A037,A005,TRANSFERRED_TO,2026-08-26T23:25:00,36774.74,0.868
A044,A024,TRANSFERRED_TO,2026-08-27T10:26:00,10095.6,0.945
A001,A043,TRANSFERRED_TO,2026-08-28T21:27:00,2754.74,0.932
A008,A012,TRANSFERRED_TO,2026-08-29T08:28:00,29203.17,0.844
A015,A031,TRANSFERRED_TO,2026-08-30T19:29:00,22768.24,0.817
A022,A050,TRANSFERRED_TO,2026-08-01T06:30:00,28744.59,0.94
A029,A019,TRANSFERRED_TO,2026-08-02T17:31:00,32565.5,0.949
A036,A038,TRANSFERRED_TO,2026-08-03T04:32:00,23328.08,0.867
A043,A007,TRANSFERRED_TO,2026-08-04T15:33:00,43595.65,0.915
A050,A026,TRANSFERRED_TO,2026-08-05T02:34:00,35035.87,0.959
A007,A045,TRANSFERRED_TO,2026-08-06T13:35:00,7275.67,0.976
A014,A016,TRANSFERRED_TO,2026-08-07T00:36:00,22007.82,0.969
A021,A033,TRANSFERRED_TO,2026-08-08T11:37:00,4177.04,0.988
A028,A002,TRANSFERRED_TO,2026-08-09T22:38:00,31711.13,0.922
A035,A021,TRANSFERRED_TO,2026-08-10T09:39:00,17493.92,0.955
A042,A040,TRANSFERRED_TO,2026-08-11T20:40:00,4437.7,0.872
A049,A009,TRANSFERRED_TO,2026-08-12T07:41:00,11417.72,0.849
A006,A028,TRANSFERRED_TO,2026-08-13T18:42:00,27957.52,0.905
A013,A047,TRANSFERRED_TO,2026-08-14T05:43:00,39769.58,0.857
A020,A016,TRANSFERRED_TO,2026-08-15T16:44:00,9763.08,0.85
A027,A035,TRANSFERRED_TO,2026-08-16T03:45:00,42334.4,0.954
A034,A004,TRANSFERRED_TO,2026-08-17T14:46:00,41535.62,0.94
A041,A023,TRANSFERRED_TO,2026-08-18T01:47:00,40416.56,0.935
A048,A042,TRANSFERRED_TO,2026-08-19T12:48:00,6640.96,0.908
A005,A011,TRANSFERRED_TO,2026-08-20T23:49:00,10102.64,0.876
A012,A030,TRANSFERRED_TO,2026-08-21T10:50:00,38813.0,0.854
A019,A049,TRANSFERRED_TO,2026-08-22T21:51:00,433422.98,0.982
A026,A018,TRANSFERRED_TO,2026-08-23T08:52:00,33505.3,0.943
A033,A037,TRANSFERRED_TO,2026-08-24T19:53:00,9761.66,0.966
A040,A006,TRANSFERRED_TO,2026-08-25T06:54:00,8522.39,0.982
A047,A025,TRANSFERRED_TO,2026-08-26T17:55:00,38511.4,0.977
A004,A044,TRANSFERRED_TO,2026-08-27T04:56:00,15074.56,0.843
A011,A013,TRANSFERRED_TO,2026-08-28T15:57:00,16789.15,0.98
A018,A032,TRANSFERRED_TO,2026-08-29T02:58:00,41488.78,0.986
A025,A001,TRANSFERRED_TO,2026-08-30T13:59:00,37676.44,0.968
A032,A020,TRANSFERRED_TO,2026-08-01T00:00:00,41813.14,0.96
A039,A041,TRANSFERRED_TO,2026-08-02T11:01:00,4582.18,0.839
A046,A008,TRANSFERRED_TO,2026-08-03T22:02:00,18220.89,0.869
A003,A027,TRANSFERRED_TO,2026-08-04T09:03:00,31286.53,0.988
A010,A046,TRANSFERRED_TO,2026-08-05T20:04:00,23723.61,0.837
A017,A015,TRANSFERRED_TO,2026-08-06T07:05:00,14502.8,0.989
A024,A034,TRANSFERRED_TO,2026-08-07T18:06:00,10499.17,0.882
A031,A003,TRANSFERRED_TO,2026-08-08T05:07:00,35632.65,0.905
A038,A022,TRANSFERRED_TO,2026-08-09T16:08:00,37655.01,0.964
A045,A041,TRANSFERRED_TO,2026-08-10T03:09:00,22720.55,0.916
A002,A010,TRANSFERRED_TO,2026-08-11T14:10:00,43595.59,0.95
A009,A029,TRANSFERRED_TO,2026-08-12T01:11:00,4280.01,0.893
A016,A048,TRANSFERRED_TO,2026-08-13T12:12:00,19705.85,0.954
A023,A017,TRANSFERRED_TO,2026-08-14T23:13:00,38859.43,0.818
A030,A036,TRANSFERRED_TO,2026-08-15T10:14:00,10698.04,0.984
A037,A005,TRANSFERRED_TO,2026-08-16T21:15:00,21192.64,0.869
A044,A024,TRANSFERRED_TO,2026-08-17T08:16:00,43309.34,0.902
A001,A043,TRANSFERRED_TO,2026-08-18T19:17:00,7424.23,0.945
A008,A012,TRANSFERRED_TO,2026-08-19T06:18:00,23914.51,0.801
A015,A031,TRANSFERRED_TO,2026-08-20T17:19:00,24469.13,0.891
A022,A050,TRANSFERRED_TO,2026-08-21T04:20:00,406646.9,0.804
A029,A019,TRANSFERRED_TO,2026-08-22T15:21:00,11437.84,0.878
A036,A038,TRANSFERRED_TO,2026-08-23T02:22:00,17615.42,0.815
A043,A007,TRANSFERRED_TO,2026-08-24T13:23:00,21026.53,0.851
A050,A026,TRANSFERRED_TO,2026-08-25T00:24:00,9351.38,0.953
A007,A045,TRANSFERRED_TO,2026-08-26T11:25:00,39008.29,0.843
A014,A016,TRANSFERRED_TO,2026-08-27T22:26:00,6416.23,0.906
A021,A033,TRANSFERRED_TO,2026-08-28T09:27:00,11441.33,0.957
A028,A002,TRANSFERRED_TO,2026-08-29T20:28:00,29495.45,0.925
A035,A021,TRANSFERRED_TO,2026-08-30T07:29:00,41108.47,0.912
A042,A040,TRANSFERRED_TO,2026-08-01T18:30:00,18555.87,0.823
A049,A009,TRANSFERRED_TO,2026-08-02T05:31:00,16281.52,0.869
A006,A028,TRANSFERRED_TO,2026-08-03T16:32:00,26635.91,0.954
A013,A047,TRANSFERRED_TO,2026-08-04T03:33:00,25319.21,0.89
A020,A016,TRANSFERRED_TO,2026-08-05T14:34:00,39364.44,0.915
A027,A035,TRANSFERRED_TO,2026-08-06T01:35:00,16964.88,0.897
A034,A004,TRANSFERRED_TO,2026-08-07T12:36:00,2736.08,0.976
A041,A023,TRANSFERRED_TO,2026-08-08T23:37:00,28879.92,0.837
A048,A042,TRANSFERRED_TO,2026-08-09T10:38:00,4413.15,0.855
A005,A011,TRANSFERRED_TO,2026-08-10T21:39:00,23337.56,0.886
A012,A030,TRANSFERRED_TO,2026-08-11T08:40:00,2581.61,0.9
A019,A049,TRANSFERRED_TO,2026-08-12T19:41:00,24847.72,0.941
A026,A018,TRANSFERRED_TO,2026-08-13T06:42:00,13801.87,0.897
A033,A037,TRANSFERRED_TO,2026-08-14T17:43:00,3942.35,0.957
A040,A006,TRANSFERRED_TO,2026-08-15T04:44:00,37282.63,0.949
A047,A025,TRANSFERRED_TO,2026-08-16T15:45:00,13506.97,0.885
A004,A044,TRANSFERRED_TO,2026-08-17T02:46:00,6556.42,0.899
A011,A013,TRANSFERRED_TO,2026-08-18T13:47:00,30336.13,0.948
A018,A032,TRANSFERRED_TO,2026-08-19T00:48:00,40264.98,0.844
A025,A001,TRANSFERRED_TO,2026-08-20T11:49:00,243977.28,0.883
A032,A020,TRANSFERRED_TO,2026-08-21T22:50:00,7886.75,0.849
A039,A041,TRANSFERRED_TO,2026-08-22T09:51:00,28059.57,0.938
A046,A008,TRANSFERRED_TO,2026-08-23T20:52:00,16710.73,0.833
A003,A027,TRANSFERRED_TO,2026-08-24T07:53:00,13587.95,0.837
A010,A046,TRANSFERRED_TO,2026-08-25T18:54:00,22821.4,0.945
A017,A015,TRANSFERRED_TO,2026-08-26T05:55:00,28550.39,0.936
A024,A034,TRANSFERRED_TO,2026-08-27T16:56:00,38868.85,0.81
A031,A003,TRANSFERRED_TO,2026-08-28T03:57:00,5378.34,0.805
A038,A022,TRANSFERRED_TO,2026-08-29T14:58:00,23540.02,0.879
A045,A041,TRANSFERRED_TO,2026-08-30T01:59:00,2680.07,0.841
A002,A010,TRANSFERRED_TO,2026-08-01T12:00:00,42830.11,0.856
A009,A029,TRANSFERRED_TO,2026-08-02T23:01:00,20258.98,0.901
A016,A048,TRANSFERRED_TO,2026-08-03T10:02:00,11844.25,0.844
A023,A017,TRANSFERRED_TO,2026-08-04T21:03:00,32543.42,0.888
A030,A036,TRANSFERRED_TO,2026-08-05T08:04:00,12865.37,0.828
A037,A005,TRANSFERRED_TO,2026-08-06T19:05:00,20484.28,0.824
A044,A024,TRANSFERRED_TO,2026-08-07T06:06:00,10616.13,0.925
A001,A043,TRANSFERRED_TO,2026-08-08T17:07:00,24010.4,0.955
A008,A012,TRANSFERRED_TO,2026-08-09T04:08:00,28964.57,0.824
A015,A031,TRANSFERRED_TO,2026-08-10T15:09:00,30198.62,0.821
A022,A050,TRANSFERRED_TO,2026-08-11T02:10:00,7940.61,0.847
A029,A019,TRANSFERRED_TO,2026-08-12T13:11:00,43219.63,0.946
A036,A038,TRANSFERRED_TO,2026-08-13T00:12:00,31024.86,0.979
A043,A007,TRANSFERRED_TO,2026-08-14T11:13:00,35732.49,0.815
A050,A026,TRANSFERRED_TO,2026-08-15T22:14:00,42345.97,0.888
A007,A045,TRANSFERRED_TO,2026-08-16T09:15:00,35582.38,0.877
A014,A016,TRANSFERRED_TO,2026-08-17T20:16:00,31066.3,0.935
A021,A033,TRANSFERRED_TO,2026-08-18T07:17:00,39492.87,0.875
A028,A002,TRANSFERRED_TO,2026-08-19T18:18:00,190156.57,0.854
A035,A021,TRANSFERRED_TO,2026-08-20T05:19:00,2606.57,0.968
A042,A040,TRANSFERRED_TO,2026-08-21T16:20:00,39131.45,0.942
A049,A009,TRANSFERRED_TO,2026-08-22T03:21:00,23748.41,0.956
A006,A028,TRANSFERRED_TO,2026-08-23T14:22:00,27220.43,0.83
A013,A047,TRANSFERRED_TO,2026-08-24T01:23:00,8821.19,0.933
A020,A016,TRANSFERRED_TO,2026-08-25T12:24:00,21277.74,0.984
A027,A035,TRANSFERRED_TO,2026-08-26T23:25:00,37005.34,0.804
A034,A004,TRANSFERRED_TO,2026-08-27T10:26:00,14232.9,0.948
A041,A023,TRANSFERRED_TO,2026-08-28T21:27:00,37955.27,0.985
A048,A042,TRANSFERRED_TO,2026-08-29T08:28:00,19251.63,0.888
A005,A011,TRANSFERRED_TO,2026-08-30T19:29:00,17565.48,0.9
A012,A030,TRANSFERRED_TO,2026-08-01T06:30:00,9891.12,0.962
A019,A049,TRANSFERRED_TO,2026-08-02T17:31:00,31956.3,0.89
A026,A018,TRANSFERRED_TO,2026-08-03T04:32:00,20147.39,0.93
A033,A037,TRANSFERRED_TO,2026-08-04T15:33:00,38869.64,0.844
A040,A006,TRANSFERRED_TO,2026-08-05T02:34:00,28276.32,0.921
A047,A025,TRANSFERRED_TO,2026-08-06T13:35:00,43474.78,0.896
A004,A044,TRANSFERRED_TO,2026-08-07T00:36:00,12811.63,0.902
A011,A013,TRANSFERRED_TO,2026-08-08T11:37:00,35719.7,0.949
A018,A032,TRANSFERRED_TO,2026-08-09T22:38:00,16937.53,0.945
A025,A001,TRANSFERRED_TO,2026-08-10T09:39:00,27200.25,0.83
A032,A020,TRANSFERRED_TO,2026-08-11T20:40:00,3004.26,0.833
A039,A041,TRANSFERRED_TO,2026-08-12T07:41:00,13137.56,0.834
A046,A008,TRANSFERRED_TO,2026-08-13T18:42:00,37059.03,0.923
A003,A027,TRANSFERRED_TO,2026-08-14T05:43:00,8282.02,0.934
A010,A046,TRANSFERRED_TO,2026-08-15T16:44:00,25473.61,0.916
A017,A015,TRANSFERRED_TO,2026-08-16T03:45:00,9852.08,0.896
A024,A034,TRANSFERRED_TO,2026-08-17T14:46:00,44093.56,0.98
A031,A003,TRANSFERRED_TO,2026-08-18T01:47:00,274663.84,0.969
A038,A022,TRANSFERRED_TO,2026-08-19T12:48:00,36249.98,0.932
A045,A041,TRANSFERRED_TO,2026-08-20T23:49:00,9013.68,0.903
A002,A010,TRANSFERRED_TO,2026-08-21T10:50:00,4054.11,0.945
A009,A029,TRANSFERRED_TO,2026-08-22T21:51:00,43216.61,0.93
A016,A048,TRANSFERRED_TO,2026-08-23T08:52:00,31904.99,0.894
A023,A017,TRANSFERRED_TO,2026-08-24T19:53:00,5870.99,0.826
A030,A036,TRANSFERRED_TO,2026-08-25T06:54:00,5856.52,0.979
A037,A005,TRANSFERRED_TO,2026-08-26T17:55:00,12257.54,0.848
A044,A024,TRANSFERRED_TO,2026-08-27T04:56:00,19105.22,0.919
A001,A043,TRANSFERRED_TO,2026-08-28T15:57:00,29165.99,0.825
A008,A012,TRANSFERRED_TO,2026-08-29T02:58:00,40269.86,0.947
A015,A031,TRANSFERRED_TO,2026-08-30T13:59:00,25278.58,0.857
A022,A050,TRANSFERRED_TO,2026-08-01T00:00:00,39595.35,0.893
A029,A019,TRANSFERRED_TO,2026-08-02T11:01:00,6259.3,0.975
A036,A038,TRANSFERRED_TO,2026-08-03T22:02:00,35001.94,0.812
A043,A007,TRANSFERRED_TO,2026-08-04T09:03:00,38797.86,0.966
A050,A026,TRANSFERRED_TO,2026-08-05T20:04:00,2923.67,0.804
A007,A045,TRANSFERRED_TO,2026-08-06T07:05:00,16270.78,0.835
A014,A016,TRANSFERRED_TO,2026-08-07T18:06:00,40495.06,0.855
A021,A033,TRANSFERRED_TO,2026-08-08T05:07:00,19653.79,0.959
A028,A002,TRANSFERRED_TO,2026-08-09T16:08:00,36316.91,0.958
A035,A021,TRANSFERRED_TO,2026-08-10T03:09:00,38590.3,0.92
A042,A040,TRANSFERRED_TO,2026-08-11T14:10:00,42624.42,0.883
A049,A009,TRANSFERRED_TO,2026-08-12T01:11:00,42975.68,0.88
A006,A028,TRANSFERRED_TO,2026-08-13T12:12:00,25534.03,0.823
A013,A047,TRANSFERRED_TO,2026-08-14T23:13:00,18180.11,0.981
A020,A016,TRANSFERRED_TO,2026-08-15T10:14:00,31486.18,0.812
A027,A035,TRANSFERRED_TO,2026-08-16T21:15:00,29292.59,0.868
A034,A004,TRANSFERRED_TO,2026-08-17T08:16:00,148706.71,0.95
A041,A023,TRANSFERRED_TO,2026-08-18T19:17:00,32410.81,0.902
A048,A042,TRANSFERRED_TO,2026-08-19T06:18:00,32530.12,0.931
A005,A011,TRANSFERRED_TO,2026-08-20T17:19:00,28961.84,0.833
A012,A030,TRANSFERRED_TO,2026-08-21T04:20:00,4284.27,0.86
A019,A049,TRANSFERRED_TO,2026-08-22T15:21:00,3284.87,0.903
A026,A018,TRANSFERRED_TO,2026-08-23T02:22:00,17450.82,0.95
A033,A037,TRANSFERRED_TO,2026-08-24T13:23:00,34184.52,0.963
A040,A006,TRANSFERRED_TO,2026-08-25T00:24:00,19553.61,0.885
A047,A025,TRANSFERRED_TO,2026-08-26T11:25:00,34259.38,0.961
A004,A044,TRANSFERRED_TO,2026-08-27T22:26:00,41590.69,0.818
A011,A013,TRANSFERRED_TO,2026-08-28T09:27:00,16189.42,0.948
A018,A032,TRANSFERRED_TO,2026-08-29T20:28:00,29318.4,0.955
A025,A001,TRANSFERRED_TO,2026-08-30T07:29:00,36004.02,0.918
A032,A020,TRANSFERRED_TO,2026-08-01T18:30:00,38976.11,0.905
A039,A041,TRANSFERRED_TO,2026-08-02T05:31:00,18750.6,0.82
A046,A008,TRANSFERRED_TO,2026-08-03T16:32:00,42147.21,0.804
A003,A027,TRANSFERRED_TO,2026-08-04T03:33:00,20524.04,0.936
A010,A046,TRANSFERRED_TO,2026-08-05T14:34:00,8928.93,0.918
A017,A015,TRANSFERRED_TO,2026-08-06T01:35:00,12958.58,0.906
A024,A034,TRANSFERRED_TO,2026-08-07T12:36:00,12491.71,0.917
A031,A003,TRANSFERRED_TO,2026-08-08T23:37:00,32729.69,0.983
A038,A022,TRANSFERRED_TO,2026-08-09T10:38:00,26864.34,0.954
A045,A041,TRANSFERRED_TO,2026-08-10T21:39:00,28666.99,0.853
