source,target,relation,timestamp,duration_seconds,confidence
P004,P012,CALLED,2026-08-01T00:00:00,253,0.836
P021,P043,CALLED,2026-08-02T07:01:00,1804,0.813
P038,P074,CALLED,2026-08-03T14:02:00,1660,0.771
P055,P025,CALLED,2026-08-04T21:03:00,240,0.86
P072,P056,CALLED,2026-08-05T04:04:00,50,0.989
P009,P007,CALLED,2026-08-06T11:05:00,819,0.941
P026,P038,CALLED,2026-08-07T18:06:00,1230,0.961
P043,P069,CALLED,2026-08-08T01:07:00,1414,0.862
P060,P020,CALLED,2026-08-09T08:08:00,603,0.882
P077,P051,CALLED,2026-08-10T15:09:00,85,0.901
P014,P002,CALLED,2026-08-11T22:10:00,1413,0.856
P031,P033,CALLED,2026-08-12T05:11:00,2125,0.947
P048,P064,CALLED,2026-08-13T12:12:00,2191,0.82
P065,P015,CALLED,2026-08-14T19:13:00,760,0.842
P002,P046,CALLED,2026-08-15T02:14:00,141,0.898
P019,P077,CALLED,2026-08-16T09:15:00,674,0.953
P036,P028,CALLED,2026-08-17T16:16:00,1120,0.919
P053,P059,CALLED,2026-08-18T23:17:00,1015,0.898
P070,P010,CALLED,2026-08-19T06:18:00,1968,0.849
P007,P041,CALLED,2026-08-20T13:19:00,2370,0.813
P024,P072,CALLED,2026-08-21T20:20:00,1165,0.979
P041,P023,CALLED,2026-08-22T03:21:00,1482,0.907
P058,P054,CALLED,2026-08-23T10:22:00,940,0.947
P075,P005,CALLED,2026-08-24T17:23:00,1507,0.919
P012,P036,CALLED,2026-08-25T00:24:00,663,0.964
P029,P067,CALLED,2026-08-26T07:25:00,2323,0.768
P046,P018,CALLED,2026-08-27T14:26:00,1917,0.932
P063,P049,CALLED,2026-08-28T21:27:00,1341,0.953
P080,P002,CALLED,2026-08-29T04:28:00,1963,0.929
P017,P031,CALLED,2026-08-30T11:29:00,132,0.801
P034,P062,CALLED,2026-08-01T18:30:00,1110,0.894
P051,P013,CALLED,2026-08-02T01:31:00,2083,0.841
P068,P044,CALLED,2026-08-03T08:32:00,2338,0.796
P005,P075,CALLED,2026-08-04T15:33:00,1413,0.755
P022,P026,CALLED,2026-08-05T22:34:00,1887,0.984
P039,P057,CALLED,2026-08-06T05:35:00,312,0.817
P056,P008,CALLED,2026-08-07T12:36:00,1739,0.846
P073,P039,CALLED,2026-08-08T19:37:00,328,0.873
P010,P070,CALLED,2026-08-09T02:38:00,1679,0.797
P027,P021,CALLED,2026-08-10T09:39:00,288,0.929
P044,P052,CALLED,2026-08-11T16:40:00,299,0.968
P061,P003,CALLED,2026-08-12T23:41:00,1010,0.9
P078,P034,CALLED,2026-08-13T06:42:00,1961,0.976
P015,P065,CALLED,2026-08-14T13:43:00,1551,0.888
P032,P016,CALLED,2026-08-15T20:44:00,1830,0.866
P049,P047,CALLED,2026-08-16T03:45:00,917,0.851
P066,P078,CALLED,2026-08-17T10:46:00,365,0.788
P003,P029,CALLED,2026-08-18T17:47:00,2218,0.79
P020,P060,CALLED,2026-08-19T00:48:00,1355,0.965
P037,P011,CALLED,2026-08-20T07:49:00,1695,0.882
P054,P042,CALLED,2026-08-21T14:50:00,1343,0.78
P071,P073,CALLED,2026-08-22T21:51:00,52,0.774
P008,P024,CALLED,2026-08-23T04:52:00,1063,0.892
P025,P055,CALLED,2026-08-24T11:53:00,1254,0.95
P042,P006,CALLED,2026-08-25T18:54:00,2286,0.988
P059,P037,CALLED,2026-08-26T01:55:00,269,0.852
P076,P068,CALLED,2026-08-27T08:56:00,2088,0.815
P013,P019,CALLED,2026-08-28T15:57:00,1043,0.824
P030,P050,CALLED,2026-08-29T22:58:00,565,0.906
P047,P001,CALLED,2026-08-30T05:59:00,455,0.913
P064,P032,CALLED,2026-08-01T12:00:00,1565,0.841
P001,P063,CALLED,2026-08-02T19:01:00,722,0.873
P018,P014,CALLED,2026-08-03T02:02:00,2312,0.933
P035,P045,CALLED,2026-08-04T09:03:00,230,0.809
P052,P076,CALLED,2026-08-05T16:04:00,546,0.908
P069,P027,CALLED,2026-08-06T23:05:00,68,0.848
P006,P058,CALLED,2026-08-07T06:06:00,1519,0.939
P023,P009,CALLED,2026-08-08T13:07:00,800,0.781
P040,P042,CALLED,2026-08-09T20:08:00,91,0.866
P057,P071,CALLED,2026-08-10T03:09:00,632,0.856
P074,P022,CALLED,2026-08-11T10:10:00,1298,0.869
P011,P053,CALLED,2026-08-12T17:11:00,1068,0.753
P028,P004,CALLED,2026-08-13T00:12:00,1155,0.904
P045,P035,CALLED,2026-08-14T07:13:00,1074,0.862
P062,P066,CALLED,2026-08-15T14:14:00,43,0.955
P079,P017,CALLED,2026-08-16T21:15:00,790,0.912
P016,P048,CALLED,2026-08-17T04:16:00,1772,0.942
P033,P079,CALLED,2026-08-18T11:17:00,1954,0.859
P050,P030,CALLED,2026-08-19T18:18:00,162,0.792
P067,P061,CALLED,2026-08-20T01:19:00,1299,0.982
P004,P012,CALLED,2026-08-21T08:20:00,1268,0.962
P021,P043,CALLED,2026-08-22T15:21:00,1296,0.798
P038,P074,CALLED,2026-08-23T22:22:00,1472,0.805
P055,P025,CALLED,2026-08-24T05:23:00,234,0.763
P072,P056,CALLED,2026-08-25T12:24:00,1819,0.78
P009,P007,CALLED,2026-08-26T19:25:00,46,0.808
P026,P038,CALLED,2026-08-27T02:26:00,914,0.954
P043,P069,CALLED,2026-08-28T09:27:00,1220,0.956
P060,P020,CALLED,2026-08-29T16:28:00,2108,0.759
P077,P051,CALLED,2026-08-30T23:29:00,1498,0.905
P014,P002,CALLED,2026-08-01T06:30:00,1412,0.757
P031,P033,CALLED,2026-08-02T13:31:00,2284,0.913
P048,P064,CALLED,2026-08-03T20:32:00,1496,0.861
P065,P015,CALLED,2026-08-04T03:33:00,2010,0.803
P002,P046,CALLED,2026-08-05T10:34:00,411,0.851
P019,P077,CALLED,2026-08-06T17:35:00,1062,0.809
P036,P028,CALLED,2026-08-07T00:36:00,1448,0.829
P053,P059,CALLED,2026-08-08T07:37:00,26,0.945
P070,P010,CALLED,2026-08-09T14:38:00,1708,0.965
P007,P041,CALLED,2026-08-10T21:39:00,1487,0.883
P024,P072,CALLED,2026-08-11T04:40:00,181,0.803
P041,P023,CALLED,2026-08-12T11:41:00,2156,0.871
P058,P054,CALLED,2026-08-13T18:42:00,12,0.873
P075,P005,CALLED,2026-08-14T01:43:00,1860,0.838
P012,P036,CALLED,2026-08-15T08:44:00,112,0.809
P029,P067,CALLED,2026-08-16T15:45:00,545,0.824
P046,P018,CALLED,2026-08-17T22:46:00,2172,0.792
P063,P049,CALLED,2026-08-18T05:47:00,1139,0.852
P080,P002,CALLED,2026-08-19T12:48:00,1291,0.834
P017,P031,CALLED,2026-08-20T19:49:00,500,0.805
P034,P062,CALLED,2026-08-21T02:50:00,194,0.79
P051,P013,CALLED,2026-08-22T09:51:00,1318,0.813
P068,P044,CALLED,2026-08-23T16:52:00,1287,0.8
P005,P075,CALLED,2026-08-24T23:53:00,919,0.916
P022,P026,CALLED,2026-08-25T06:54:00,885,0.877
P039,P057,CALLED,2026-08-26T13:55:00,2198,0.959
P056,P008,CALLED,2026-08-27T20:56:00,549,0.832
P073,P039,CALLED,2026-08-28T03:57:00,1668,0.757
P010,P070,CALLED,2026-08-29T10:58:00,2341,0.778
P027,P021,CALLED,2026-08-30T17:59:00,2277,0.785
P044,P052,CALLED,2026-08-01T00:00:00,1843,0.837
P061,P003,CALLED,2026-08-02T07:01:00,2001,0.759
P078,P034,CALLED,2026-08-03T14:02:00,1105,0.886
P015,P065,CALLED,2026-08-04T21:03:00,866,0.821
P032,P016,CALLED,2026-08-05T04:04:00,997,0.812
P049,P047,CALLED,2026-08-06T11:05:00,1601,0.983
P066,P078,CALLED,2026-08-07T18:06:00,926,0.798
P003,P029,CALLED,2026-08-08T01:07:00,1572,0.817
P020,P060,CALLED,2026-08-09T08:08:00,1991,0.775
P037,P011,CALLED,2026-08-10T15:09:00,536,0.889
P054,P042,CALLED,2026-08-11T22:10:00,1279,0.826
P071,P073,CALLED,2026-08-12T05:11:00,81,0.928
P008,P024,CALLED,2026-08-13T12:12:00,1595,0.897
P025,P055,CALLED,2026-08-14T19:13:00,974,0.786
P042,P006,CALLED,2026-08-15T02:14:00,1243,0.964
P059,P037,CALLED,2026-08-16T09:15:00,1378,0.902
P076,P068,CALLED,2026-08-17T16:16:00,866,0.802
P013,P019,CALLED,2026-08-18T23:17:00,2145,0.929
P030,P050,CALLED,2026-08-19T06:18:00,997,0.812
P047,P001,CALLED,2026-08-20T13:19:00,665,0.98
P064,P032,CALLED,2026-08-21T20:20:00,221,0.857
P001,P063,CALLED,2026-08-22T03:21:00,1106,0.847
P018,P014,CALLED,2026-08-23T10:22:00,2316,0.881
P035,P045,CALLED,2026-08-24T17:23:00,2175,0.863
P052,P076,CALLED,2026-08-25T00:24:00,1013,0.938
P069,P027,CALLED,2026-08-26T07:25:00,2228,0.951
P006,P058,CALLED,2026-08-27T14:26:00,1885,0.77
P023,P009,CALLED,2026-08-28T21:27:00,1863,0.976
P040,P042,CALLED,2026-08-29T04:28:00,926,0.823
P057,P071,CALLED,2026-08-30T11:29:00,108,0.846
P074,P022,CALLED,2026-08-01T18:30:00,2209,0.861
P011,P053,CALLED,2026-08-02T01:31:00,1943,0.818
P028,P004,CALLED,2026-08-03T08:32:00,2239,0.984
P045,P035,CALLED,2026-08-04T15:33:00,2004,0.772
P062,P066,CALLED,2026-08-05T22:34:00,558,0.755
P079,P017,CALLED,2026-08-06T05:35:00,399,0.826
P016,P048,CALLED,2026-08-07T12:36:00,779,0.986
P033,P079,CALLED,2026-08-08T19:37:00,837,0.957
P050,P030,CALLED,2026-08-09T02:38:00,1147,0.825
P067,P061,CALLED,2026-08-10T09:39:00,873,0.93
P004,P012,CALLED,2026-08-11T16:40:00,262,0.753
P021,P043,CALLED,2026-08-12T23:41:00,547,0.9
P038,P074,CALLED,2026-08-13T06:42:00,144,0.987
P055,P025,CALLED,2026-08-14T13:43:00,924,0.879
P072,P056,CALLED,2026-08-15T20:44:00,443,0.95
P009,P007,CALLED,2026-08-16T03:45:00,1817,0.837
P026,P038,CALLED,2026-08-17T10:46:00,2024,0.828
P043,P069,CALLED,2026-08-18T17:47:00,200,0.921
P060,P020,CALLED,2026-08-19T00:48:00,1679,0.861
P077,P051,CALLED,2026-08-20T07:49:00,947,0.89
P014,P002,CALLED,2026-08-21T14:50:00,1829,0.807
P031,P033,CALLED,2026-08-22T21:51:00,111,0.789
P048,P064,CALLED,2026-08-23T04:52:00,1603,0.837
P065,P015,CALLED,2026-08-24T11:53:00,281,0.768
P002,P046,CALLED,2026-08-25T18:54:00,26,0.952
P019,P077,CALLED,2026-08-26T01:55:00,1250,0.784
P036,P028,CALLED,2026-08-27T08:56:00,1929,0.801
P053,P059,CALLED,2026-08-28T15:57:00,1753,0.963
P070,P010,CALLED,2026-08-29T22:58:00,1712,0.976
P007,P041,CALLED,2026-08-30T05:59:00,656,0.863
P024,P072,CALLED,2026-08-01T12:00:00,1565,0.909
P041,P023,CALLED,2026-08-02T19:01:00,574,0.984
P058,P054,CALLED,2026-08-03T02:02:00,188,0.805
P075,P005,CALLED,2026-08-04T09:03:00,1232,0.983
P012,P036,CALLED,2026-08-05T16:04:00,954,0.96
P029,P067,CALLED,2026-08-06T23:05:00,1536,0.966
P046,P018,CALLED,2026-08-07T06:06:00,1097,0.752
P063,P049,CALLED,2026-08-08T13:07:00,1971,0.963
P080,P002,CALLED,2026-08-09T20:08:00,286,0.803
P017,P031,CALLED,2026-08-10T03:09:00,2042,0.968
P034,P062,CALLED,2026-08-11T10:10:00,2180,0.861
P051,P013,CALLED,2026-08-12T17:11:00,89,0.965
P068,P044,CALLED,2026-08-13T00:12:00,101,0.821
P005,P075,CALLED,2026-08-14T07:13:00,647,0.753
P022,P026,CALLED,2026-08-15T14:14:00,712,0.955
P039,P057,CALLED,2026-08-16T21:15:00,1567,0.871
P056,P008,CALLED,2026-08-17T04:16:00,516,0.797
P073,P039,CALLED,2026-08-18T11:17:00,641,0.847
P010,P070,CALLED,2026-08-19T18:18:00,574,0.905
P027,P021,CALLED,2026-08-20T01:19:00,449,0.769
P044,P052,CALLED,2026-08-21T08:20:00,801,0.783
P061,P003,CALLED,2026-08-22T15:21:00,1766,0.841
P078,P034,CALLED,2026-08-23T22:22:00,1007,0.804
P015,P065,CALLED,2026-08-24T05:23:00,1427,0.806
P032,P016,CALLED,2026-08-25T12:24:00,1466,0.797
P049,P047,CALLED,2026-08-26T19:25:00,2082,0.9
P066,P078,CALLED,2026-08-27T02:26:00,895,0.821
P003,P029,CALLED,2026-08-28T09:27:00,457,0.781
P020,P060,CALLED,2026-08-29T16:28:00,2105,0.804
P037,P011,CALLED,2026-08-30T23:29:00,262,0.866
P054,P042,CALLED,2026-08-01T06:30:00,1488,0.944
P071,P073,CALLED,2026-08-02T13:31:00,1873,0.847
P008,P024,CALLED,2026-08-03T20:32:00,99,0.908
P025,P055,CALLED,2026-08-04T03:33:00,85,0.875
P042,P006,CALLED,2026-08-05T10:34:00,807,0.852
P059,P037,CALLED,2026-08-06T17:35:00,1440,0.978
P076,P068,CALLED,2026-08-07T00:36:00,1034,0.976
P013,P019,CALLED,2026-08-08T07:37:00,311,0.783
P030,P050,CALLED,2026-08-09T14:38:00,119,0.877
P047,P001,CALLED,2026-08-10T21:39:00,430,0.845
P064,P032,CALLED,2026-08-11T04:40:00,35,0.827
P001,P063,CALLED,2026-08-12T11:41:00,755,0.983
P018,P014,CALLED,2026-08-13T18:42:00,1055,0.765
P035,P045,CALLED,2026-08-14T01:43:00,1227,0.906
P052,P076,CALLED,2026-08-15T08:44:00,2085,0.869
P069,P027,CALLED,2026-08-16T15:45:00,1934,0.983
P006,P058,CALLED,2026-08-17T22:46:00,1690,0.904
P023,P009,CALLED,2026-08-18T05:47:00,2336,0.912
P040,P042,CALLED,2026-08-19T12:48:00,1920,0.884
P057,P071,CALLED,2026-08-20T19:49:00,800,0.871
P074,P022,CALLED,2026-08-21T02:50:00,167,0.789
P011,P053,CALLED,2026-08-22T09:51:00,62,0.832
P028,P004,CALLED,2026-08-23T16:52:00,57,0.896
P045,P035,CALLED,2026-08-24T23:53:00,2330,0.959
P062,P066,CALLED,2026-08-25T06:54:00,1772,0.805
P079,P017,CALLED,2026-08-26T13:55:00,466,0.865
P016,P048,CALLED,2026-08-27T20:56:00,745,0.945
P033,P079,CALLED,2026-08-28T03:57:00,1524,0.886
P050,P030,CALLED,2026-08-29T10:58:00,1208,0.977
P067,P061,CALLED,2026-08-30T17:59:00,1847,0.861
P004,P012,CALLED,2026-08-01T00:00:00,1201,0.944
P021,P043,CALLED,2026-08-02T07:01:00,1339,0.89
P038,P074,CALLED,2026-08-03T14:02:00,1505,0.958
P055,P025,CALLED,2026-08-04T21:03:00,737,0.923
P072,P056,CALLED,2026-08-05T04:04:00,1294,0.815
P009,P007,CALLED,2026-08-06T11:05:00,1508,0.84
P026,P038,CALLED,2026-08-07T18:06:00,2008,0.901
P043,P069,CALLED,2026-08-08T01:07:00,1980,0.869
P060,P020,CALLED,2026-08-09T08:08:00,575,0.89
P077,P051,CALLED,2026-08-10T15:09:00,38,0.934
P014,P002,CALLED,2026-08-11T22:10:00,892,0.918
P031,P033,CALLED,2026-08-12T05:11:00,153,0.889
P048,P064,CALLED,2026-08-13T12:12:00,1344,0.779
P065,P015,CALLED,2026-08-14T19:13:00,389,0.875
P002,P046,CALLED,2026-08-15T02:14:00,2272,0.774
P019,P077,CALLED,2026-08-16T09:15:00,2138,0.784
P036,P028,CALLED,2026-08-17T16:16:00,2190,0.805
P053,P059,CALLED,2026-08-18T23:17:00,986,0.887
P070,P010,CALLED,2026-08-19T06:18:00,210,0.802
P007,P041,CALLED,2026-08-20T13:19:00,1463,0.98
P024,P072,CALLED,2026-08-21T20:20:00,1246,0.883
P041,P023,CALLED,2026-08-22T03:21:00,1028,0.861
P058,P054,CALLED,2026-08-23T10:22:00,731,0.835
P075,P005,CALLED,2026-08-24T17:23:00,1777,0.76
P012,P036,CALLED,2026-08-25T00:24:00,1456,0.96
P029,P067,CALLED,2026-08-26T07:25:00,163,0.901
P046,P018,CALLED,2026-08-27T14:26:00,930,0.92
P063,P049,CALLED,2026-08-28T21:27:00,2137,0.815
P080,P002,CALLED,2026-08-29T04:28:00,161,0.888
P017,P031,CALLED,2026-08-30T11:29:00,2179,0.83
P034,P062,CALLED,2026-08-01T18:30:00,2025,0.99
P051,P013,CALLED,2026-08-02T01:31:00,1759,0.908
P068,P044,CALLED,2026-08-03T08:32:00,2029,0.916
P005,P075,CALLED,2026-08-04T15:33:00,1543,0.972
P022,P026,CALLED,2026-08-05T22:34:00,1982,0.833
P039,P057,CALLED,2026-08-06T05:35:00,2354,0.957
P056,P008,CALLED,2026-08-07T12:36:00,1821,0.799
P073,P039,CALLED,2026-08-08T19:37:00,1186,0.913
P010,P070,CALLED,2026-08-09T02:38:00,2274,0.962
P027,P021,CALLED,2026-08-10T09:39:00,442,0.875
P044,P052,CALLED,2026-08-11T16:40:00,1771,0.764
P061,P003,CALLED,2026-08-12T23:41:00,510,0.83
P078,P034,CALLED,2026-08-13T06:42:00,169,0.788
P015,P065,CALLED,2026-08-14T13:43:00,66,0.847
P032,P016,CALLED,2026-08-15T20:44:00,398,0.973
P049,P047,CALLED,2026-08-16T03:45:00,1729,0.768
P066,P078,CALLED,2026-08-17T10:46:00,317,0.963
P003,P029,CALLED,2026-08-18T17:47:00,266,0.916
P020,P060,CALLED,2026-08-19T00:48:00,1170,0.886
P037,P011,CALLED,2026-08-20T07:49:00,1792,0.97
P054,P042,CALLED,2026-08-21T14:50:00,1568,0.79
P071,P073,CALLED,2026-08-22T21:51:00,1007,0.754
P008,P024,CALLED,2026-08-23T04:52:00,363,0.763
P025,P055,CALLED,2026-08-24T11:53:00,187,0.918
P042,P006,CALLED,2026-08-25T18:54:00,102,0.87
P059,P037,CALLED,2026-08-26T01:55:00,786,0.974
P076,P068,CALLED,2026-08-27T08:56:00,150,0.936
P013,P019,CALLED,2026-08-28T15:57:00,1745,0.831
P030,P050,CALLED,2026-08-29T22:58:00,956,0.934
P047,P001,CALLED,2026-08-30T05:59:00,1141,0.837
P064,P032,CALLED,2026-08-01T12:00:00,1758,0.907
P001,P063,CALLED,2026-08-02T19:01:00,2052,0.962
P018,P014,CALLED,2026-08-03T02:02:00,289,0.773
P035,P045,CALLED,2026-08-04T09:03:00,1884,0.778
P052,P076,CALLED,2026-08-05T16:04:00,593,0.924
P069,P027,CALLED,2026-08-06T23:05:00,1681,0.976
P006,P058,CALLED,2026-08-07T06:06:00,1716,0.806
P023,P009,CALLED,2026-08-08T13:07:00,775,0.938
P040,P042,CALLED,2026-08-09T20:08:00,2144,0.831
P057,P071,CALLED,2026-08-10T03:09:00,1809,0.924
P074,P022,CALLED,2026-08-11T10:10:00,2302,0.8
P011,P053,CALLED,2026-08-12T17:11:00,196,0.895
P028,P004,CALLED,2026-08-13T00:12:00,2082,0.854
P045,P035,CALLED,2026-08-14T07:13:00,1408,0.888
P062,P066,CALLED,2026-08-15T14:14:00,2184,0.759
P079,P017,CALLED,2026-08-16T21:15:00,918,0.849
P016,P048,CALLED,2026-08-17T04:16:00,1623,0.756
P033,P079,CALLED,2026-08-18T11:17:00,1466,0.827
P050,P030,CALLED,2026-08-19T18:18:00,1356,0.883
P067,P061,CALLED,2026-08-20T01:19:00,1742,0.891
P004,P012,CALLED,2026-08-21T08:20:00,1241,0.974
P021,P043,CALLED,2026-08-22T15:21:00,1218,0.874
P038,P074,CALLED,2026-08-23T22:22:00,1214,0.941
P055,P025,CALLED,2026-08-24T05:23:00,1481,0.929
P072,P056,CALLED,2026-08-25T12:24:00,441,0.792
P009,P007,CALLED,2026-08-26T19:25:00,637,0.934
P026,P038,CALLED,2026-08-27T02:26:00,1146,0.905
P043,P069,CALLED,2026-08-28T09:27:00,868,0.894
P060,P020,CALLED,2026-08-29T16:28:00,1604,0.798
P077,P051,CALLED,2026-08-30T23:29:00,1877,0.954
P014,P002,CALLED,2026-08-01T06:30:00,1032,0.832
P031,P033,CALLED,2026-08-02T13:31:00,2204,0.844
P048,P064,CALLED,2026-08-03T20:32:00,739,0.912
P065,P015,CALLED,2026-08-04T03:33:00,1354,0.97
P002,P046,CALLED,2026-08-05T10:34:00,2307,0.886
P019,P077,CALLED,2026-08-06T17:35:00,1005,0.828
P036,P028,CALLED,2026-08-07T00:36:00,319,0.956
P053,P059,CALLED,2026-08-08T07:37:00,1831,0.929
P070,P010,CALLED,2026-08-09T14:38:00,630,0.826
P007,P041,CALLED,2026-08-10T21:39:00,163,0.811
P024,P072,CALLED,2026-08-11T04:40:00,1651,0.856
P041,P023,CALLED,2026-08-12T11:41:00,1070,0.971
P058,P054,CALLED,2026-08-13T18:42:00,2093,0.966
P075,P005,CALLED,2026-08-14T01:43:00,605,0.79
P012,P036,CALLED,2026-08-15T08:44:00,1566,0.94
P029,P067,CALLED,2026-08-16T15:45:00,1564,0.797
P046,P018,CALLED,2026-08-17T22:46:00,860,0.816
P063,P049,CALLED,2026-08-18T05:47:00,396,0.805
P080,P002,CALLED,2026-08-19T12:48:00,1011,0.979
P017,P031,CALLED,2026-08-20T19:49:00,403,0.936
P034,P062,CALLED,2026-08-21T02:50:00,1961,0.798
P051,P013,CALLED,2026-08-22T09:51:00,1640,0.804
P068,P044,CALLED,2026-08-23T16:52:00,1719,0.777
P005,P075,CALLED,2026-08-24T23:53:00,560,0.832
P022,P026,CALLED,2026-08-25T06:54:00,2154,0.937
P039,P057,CALLED,2026-08-26T13:55:00,2098,0.842
P056,P008,CALLED,2026-08-27T20:56:00,495,0.79
P073,P039,CALLED,2026-08-28T03:57:00,1565,0.838
P010,P070,CALLED,2026-08-29T10:58:00,388,0.759
P027,P021,CALLED,2026-08-30T17:59:00,2141,0.775
P044,P052,CALLED,2026-08-01T00:00:00,468,0.754
P061,P003,CALLED,2026-08-02T07:01:00,586,0.947
P078,P034,CALLED,2026-08-03T14:02:00,824,0.754
P015,P065,CALLED,2026-08-04T21:03:00,809,0.917
P032,P016,CALLED,2026-08-05T04:04:00,1841,0.966
P049,P047,CALLED,2026-08-06T11:05:00,2391,0.75
P066,P078,CALLED,2026-08-07T18:06:00,916,0.842
P003,P029,CALLED,2026-08-08T01:07:00,964,0.987
P020,P060,CALLED,2026-08-09T08:08:00,1613,0.909
P037,P011,CALLED,2026-08-10T15:09:00,1937,0.885
P054,P042,CALLED,2026-08-11T22:10:00,2056,0.924
P071,P073,CALLED,2026-08-12T05:11:00,264,0.87
P008,P024,CALLED,2026-08-13T12:12:00,992,0.925
P025,P055,CALLED,2026-08-14T19:13:00,2033,0.946
P042,P006,CALLED,2026-08-15T02:14:00,1262,0.919
P059,P037,CALLED,2026-08-16T09:15:00,659,0.784
P076,P068,CALLED,2026-08-17T16:16:00,902,0.777
P013,P019,CALLED,2026-08-18T23:17:00,2052,0.86
P030,P050,CALLED,2026-08-19T06:18:00,2319,0.87
P047,P001,CALLED,2026-08-20T13:19:00,945,0.798
P064,P032,CALLED,2026-08-21T20:20:00,2016,0.99
P001,P063,CALLED,2026-08-22T03:21:00,1443,0.839
P018,P014,CALLED,2026-08-23T10:22:00,1792,0.791
P035,P045,CALLED,2026-08-24T17:23:00,263,0.901
P052,P076,CALLED,2026-08-25T00:24:00,247,0.761
P069,P027,CALLED,2026-08-26T07:25:00,1412,0.902
P006,P058,CALLED,2026-08-27T14:26:00,515,0.825
P023,P009,CALLED,2026-08-28T21:27:00,758,0.892
P040,P042,CALLED,2026-08-29T04:28:00,2237,0.808
P057,P071,CALLED,2026-08-30T11:29:00,1791,0.896
P074,P022,CALLED,2026-08-01T18:30:00,504,0.838
P011,P053,CALLED,2026-08-02T01:31:00,1384,0.899
P028,P004,CALLED,2026-08-03T08:32:00,925,0.903
P045,P035,CALLED,2026-08-04T15:33:00,1280,0.955
P062,P066,CALLED,2026-08-05T22:34:00,653,0.96
P079,P017,CALLED,2026-08-06T05:35:00,1467,0.856
P016,P048,CALLED,2026-08-07T12:36:00,1500,0.886
P033,P079,CALLED,2026-08-08T19:37:00,790,0.949
P050,P030,CALLED,2026-08-09T02:38:00,1985,0.982
P067,P061,CALLED,2026-08-10T09:39:00,717,0.824
P004,P012,CALLED,2026-08-11T16:40:00,2134,0.856
P021,P043,CALLED,2026-08-12T23:41:00,807,0.833
P038,P074,CALLED,2026-08-13T06:42:00,555,0.916
P055,P025,CALLED,2026-08-14T13:43:00,550,0.836
P072,P056,CALLED,2026-08-15T20:44:00,305,0.948
P009,P007,CALLED,2026-08-16T03:45:00,294,0.923
P026,P038,CALLED,2026-08-17T10:46:00,2248,0.972
P043,P069,CALLED,2026-08-18T17:47:00,1077,0.859
P060,P020,CALLED,2026-08-19T00:48:00,1466,0.848
P077,P051,CALLED,2026-08-20T07:49:00,564,0.975
P014,P002,CALLED,2026-08-21T14:50:00,1873,0.841
P031,P033,CALLED,2026-08-22T21:51:00,2380,0.974
P048,P064,CALLED,2026-08-23T04:52:00,171,0.797
P065,P015,CALLED,2026-08-24T11:53:00,477,0.755
P002,P046,CALLED,2026-08-25T18:54:00,1236,0.862
P019,P077,CALLED,2026-08-26T01:55:00,1194,0.96
P036,P028,CALLED,2026-08-27T08:56:00,2326,0.798
P053,P059,CALLED,2026-08-28T15:57:00,707,0.796
P070,P010,CALLED,2026-08-29T22:58:00,2168,0.8
P007,P041,CALLED,2026-08-30T05:59:00,1672,0.77
P024,P072,CALLED,2026-08-01T12:00:00,1101,0.865
P041,P023,CALLED,2026-08-02T19:01:00,1117,0.92
P058,P054,CALLED,2026-08-03T02:02:00,2143,0.917
P075,P005,CALLED,2026-08-04T09:03:00,364,0.984
P012,P036,CALLED,2026-08-05T16:04:00,1056,0.943
P029,P067,CALLED,2026-08-06T23:05:00,1570,0.817
P046,P018,CALLED,2026-08-07T06:06:00,650,0.768
P063,P049,CALLED,2026-08-08T13:07:00,528,0.811
P080,P002,CALLED,2026-08-09T20:08:00,1050,0.755
P017,P031,CALLED,2026-08-10T03:09:00,1053,0.813
P034,P062,CALLED,2026-08-11T10:10:00,2316,0.827
P051,P013,CALLED,2026-08-12T17:11:00,1723,0.836
P068,P044,CALLED,2026-08-13T00:12:00,2115,0.8
P005,P075,CALLED,2026-08-14T07:13:00,1604,0.755
P022,P026,CALLED,2026-08-15T14:14:00,2060,0.842
P039,P057,CALLED,2026-08-16T21:15:00,1008,0.884
P056,P008,CALLED,2026-08-17T04:16:00,911,0.831
P073,P039,CALLED,2026-08-18T11:17:00,1711,0.987
P010,P070,CALLED,2026-08-19T18:18:00,975,0.881
P027,P021,CALLED,2026-08-20T01:19:00,115,0.932
P044,P052,CALLED,2026-08-21T08:20:00,1633,0.92
P061,P003,CALLED,2026-08-22T15:21:00,196,0.826
P078,P034,CALLED,2026-08-23T22:22:00,344,0.871
P015,P065,CALLED,2026-08-24T05:23:00,1915,0.936
P032,P016,CALLED,2026-08-25T12:24:00,156,0.861
P049,P047,CALLED,2026-08-26T19:25:00,1430,0.841
P066,P078,CALLED,2026-08-27T02:26:00,2380,0.903
P003,P029,CALLED,2026-08-28T09:27:00,1246,0.754
P020,P060,CALLED,2026-08-29T16:28:00,1145,0.822
P037,P011,CALLED,2026-08-30T23:29:00,729,0.978
P054,P042,CALLED,2026-08-01T06:30:00,2155,0.789
P071,P073,CALLED,2026-08-02T13:31:00,1254,0.851
P008,P024,CALLED,2026-08-03T20:32:00,583,0.796
P025,P055,CALLED,2026-08-04T03:33:00,1117,0.852
P042,P006,CALLED,2026-08-05T10:34:00,1302,0.896
P059,P037,CALLED,2026-08-06T17:35:00,1533,0.955
P076,P068,CALLED,2026-08-07T00:36:00,345,0.899
P013,P019,CALLED,2026-08-08T07:37:00,1157,0.828
P030,P050,CALLED,2026-08-09T14:38:00,2065,0.773
P047,P001,CALLED,2026-08-10T21:39:00,2018,0.862
P064,P032,CALLED,2026-08-11T04:40:00,1943,0.973
P001,P063,CALLED,2026-08-12T11:41:00,1576,0.83
P018,P014,CALLED,2026-08-13T18:42:00,1071,0.959
P035,P045,CALLED,2026-08-14T01:43:00,1256,0.866
P052,P076,CALLED,2026-08-15T08:44:00,582,0.931
P069,P027,CALLED,2026-08-16T15:45:00,1289,0.82
P006,P058,CALLED,2026-08-17T22:46:00,1348,0.856
P023,P009,CALLED,2026-08-18T05:47:00,1171,0.916
P040,P042,CALLED,2026-08-19T12:48:00,1377,0.939
P057,P071,CALLED,2026-08-20T19:49:00,1649,0.962
P074,P022,CALLED,2026-08-21T02:50:00,916,0.926
P011,P053,CALLED,2026-08-22T09:51:00,2244,0.861
P028,P004,CALLED,2026-08-23T16:52:00,1678,0.897
P045,P035,CALLED,2026-08-24T23:53:00,2371,0.818
P062,P066,CALLED,2026-08-25T06:54:00,683,0.958
P079,P017,CALLED,2026-08-26T13:55:00,1743,0.895
P016,P048,CALLED,2026-08-27T20:56:00,495,0.821
P033,P079,CALLED,2026-08-28T03:57:00,2395,0.841
P050,P030,CALLED,2026-08-29T10:58:00,1974,0.907
P067,P061,CALLED,2026-08-30T17:59:00,1414,0.969
P004,P012,CALLED,2026-08-01T00:00:00,2208,0.981
P021,P043,CALLED,2026-08-02T07:01:00,1306,0.752
P038,P074,CALLED,2026-08-03T14:02:00,2051,0.76
P055,P025,CALLED,2026-08-04T21:03:00,2319,0.792
P072,P056,CALLED,2026-08-05T04:04:00,1729,0.986
P009,P007,CALLED,2026-08-06T11:05:00,860,0.958
P026,P038,CALLED,2026-08-07T18:06:00,1721,0.953
P043,P069,CALLED,2026-08-08T01:07:00,456,0.93
P060,P020,CALLED,2026-08-09T08:08:00,757,0.962
P077,P051,CALLED,2026-08-10T15:09:00,1471,0.975
P014,P002,CALLED,2026-08-11T22:10:00,1395,0.822
P031,P033,CALLED,2026-08-12T05:11:00,91,0.954
P048,P064,CALLED,2026-08-13T12:12:00,1270,0.8
P065,P015,CALLED,2026-08-14T19:13:00,1537,0.853
P002,P046,CALLED,2026-08-15T02:14:00,468,0.823
P019,P077,CALLED,2026-08-16T09:15:00,185,0.773
P036,P028,CALLED,2026-08-17T16:16:00,10,0.865
P053,P059,CALLED,2026-08-18T23:17:00,1184,0.811
P070,P010,CALLED,2026-08-19T06:18:00,446,0.891
P007,P041,CALLED,2026-08-20T13:19:00,888,0.854
P024,P072,CALLED,2026-08-21T20:20:00,2121,0.984
P041,P023,CALLED,2026-08-22T03:21:00,712,0.85
P058,P054,CALLED,2026-08-23T10:22:00,1139,0.879
P075,P005,CALLED,2026-08-24T17:23:00,1783,0.773
P012,P036,CALLED,2026-08-25T00:24:00,53,0.916
P029,P067,CALLED,2026-08-26T07:25:00,159,0.831
P046,P018,CALLED,2026-08-27T14:26:00,94,0.786
P063,P049,CALLED,2026-08-28T21:27:00,176,0.894
P080,P002,CALLED,2026-08-29T04:28:00,2213,0.989
P017,P031,CALLED,2026-08-30T11:29:00,289,0.86
P034,P062,CALLED,2026-08-01T18:30:00,549,0.951
P051,P013,CALLED,2026-08-02T01:31:00,203,0.955
P068,P044,CALLED,2026-08-03T08:32:00,1051,0.79
P005,P075,CALLED,2026-08-04T15:33:00,1197,0.896
P022,P026,CALLED,2026-08-05T22:34:00,2315,0.784
P039,P057,CALLED,2026-08-06T05:35:00,2065,0.887
P056,P008,CALLED,2026-08-07T12:36:00,2162,0.928
P073,P039,CALLED,2026-08-08T19:37:00,1394,0.907
P010,P070,CALLED,2026-08-09T02:38:00,1660,0.968
P027,P021,CALLED,2026-08-10T09:39:00,339,0.956
P044,P052,CALLED,2026-08-11T16:40:00,290,0.767
P061,P003,CALLED,2026-08-12T23:41:00,884,0.972
P078,P034,CALLED,2026-08-13T06:42:00,1840,0.752
P015,P065,CALLED,2026-08-14T13:43:00,1807,0.813
P032,P016,CALLED,2026-08-15T20:44:00,1297,0.75
P049,P047,CALLED,2026-08-16T03:45:00,2169,0.813
P066,P078,CALLED,2026-08-17T10:46:00,2225,0.766
P003,P029,CALLED,2026-08-18T17:47:00,929,0.844
P020,P060,CALLED,2026-08-19T00:48:00,369,0.783
P037,P011,CALLED,2026-08-20T07:49:00,850,0.926
P054,P042,CALLED,2026-08-21T14:50:00,1464,0.97
P071,P073,CALLED,2026-08-22T21:51:00,673,0.759
P008,P024,CALLED,2026-08-23T04:52:00,1231,0.924
P025,P055,CALLED,2026-08-24T11:53:00,2377,0.91
P042,P006,CALLED,2026-08-25T18:54:00,307,0.869
P059,P037,CALLED,2026-08-26T01:55:00,373,0.861
P076,P068,CALLED,2026-08-27T08:56:00,2120,0.969
P013,P019,CALLED,2026-08-28T15:57:00,2121,0.786
P030,P050,CALLED,2026-08-29T22:58:00,1175,0.954
P047,P001,CALLED,2026-08-30T05:59:00,1689,0.835
P064,P032,CALLED,2026-08-01T12:00:00,647,0.913
P001,P063,CALLED,2026-08-02T19:01:00,1233,0.877
P018,P014,CALLED,2026-08-03T02:02:00,1607,0.899
P035,P045,CALLED,2026-08-04T09:03:00,1184,0.927
P052,P076,CALLED,2026-08-05T16:04:00,1074,0.959
P069,P027,CALLED,2026-08-06T23:05:00,748,0.812
P006,P058,CALLED,2026-08-07T06:06:00,1656,0.985
P023,P009,CALLED,2026-08-08T13:07:00,1316,0.806
P040,P042,CALLED,2026-08-09T20:08:00,422,0.841
P057,P071,CALLED,2026-08-10T03:09:00,194,0.987
P074,P022,CALLED,2026-08-11T10:10:00,588,0.908
P011,P053,CALLED,2026-08-12T17:11:00,561,0.943
P028,P004,CALLED,2026-08-13T00:12:00,17,0.774
P045,P035,CALLED,2026-08-14T07:13:00,1899,0.818
P062,P066,CALLED,2026-08-15T14:14:00,1592,0.819
P079,P017,CALLED,2026-08-16T21:15:00,160,0.939
P016,P048,CALLED,2026-08-17T04:16:00,670,0.924
P033,P079,CALLED,2026-08-18T11:17:00,1883,0.916
P050,P030,CALLED,2026-08-19T18:18:00,1642,0.898
P067,P061,CALLED,2026-08-20T01:19:00,165,0.869
P004,P012,CALLED,2026-08-21T08:20:00,1599,0.783
P021,P043,CALLED,2026-08-22T15:21:00,108,0.963
P038,P074,CALLED,2026-08-23T22:22:00,110,0.879
P055,P025,CALLED,2026-08-24T05:23:00,407,0.889
P072,P056,CALLED,2026-08-25T12:24:00,1014,0.927
P009,P007,CALLED,2026-08-26T19:25:00,1039,0.914
P026,P038,CALLED,2026-08-27T02:26:00,862,0.842
P043,P069,CALLED,2026-08-28T09:27:00,2021,0.823
P060,P020,CALLED,2026-08-29T16:28:00,1456,0.772
P077,P051,CALLED,2026-08-30T23:29:00,1303,0.899
P014,P002,CALLED,2026-08-01T06:30:00,1786,0.954
P031,P033,CALLED,2026-08-02T13:31:00,554,0.921
P048,P064,CALLED,2026-08-03T20:32:00,1579,0.926
P065,P015,CALLED,2026-08-04T03:33:00,1660,0.928
P002,P046,CALLED,2026-08-05T10:34:00,570,0.933
P019,P077,CALLED,2026-08-06T17:35:00,899,0.945
P036,P028,CALLED,2026-08-07T00:36:00,330,0.896
P053,P059,CALLED,2026-08-08T07:37:00,2222,0.855
P070,P010,CALLED,2026-08-09T14:38:00,1712,0.779
P007,P041,CALLED,2026-08-10T21:39:00,1920,0.828
P024,P072,CALLED,2026-08-11T04:40:00,1358,0.944
P041,P023,CALLED,2026-08-12T11:41:00,1223,0.836
P058,P054,CALLED,2026-08-13T18:42:00,822,0.911
P075,P005,CALLED,2026-08-14T01:43:00,459,0.989
P012,P036,CALLED,2026-08-15T08:44:00,648,0.769
P029,P067,CALLED,2026-08-16T15:45:00,1890,0.969
P046,P018,CALLED,2026-08-17T22:46:00,2000,0.848
P063,P049,CALLED,2026-08-18T05:47:00,1446,0.982
P080,P002,CALLED,2026-08-19T12:48:00,1775,0.932
P017,P031,CALLED,2026-08-20T19:49:00,1608,0.955
P034,P062,CALLED,2026-08-21T02:50:00,2072,0.921
P051,P013,CALLED,2026-08-22T09:51:00,716,0.933
P068,P044,CALLED,2026-08-23T16:52:00,2096,0.85
P005,P075,CALLED,2026-08-24T23:53:00,301,0.812
P022,P026,CALLED,2026-08-25T06:54:00,841,0.823
P039,P057,CALLED,2026-08-26T13:55:00,197,0.847
P056,P008,CALLED,2026-08-27T20:56:00,784,0.834
P073,P039,CALLED,2026-08-28T03:57:00,1957,0.983
P010,P070,CALLED,2026-08-29T10:58:00,384,0.771
P027,P021,CALLED,2026-08-30T17:59:00,1481,0.928
P044,P052,CALLED,2026-08-01T00:00:00,2094,0.829
P061,P003,CALLED,2026-08-02T07:01:00,1513,0.955
P078,P034,CALLED,2026-08-03T14:02:00,2347,0.883
P015,P065,CALLED,2026-08-04T21:03:00,657,0.917
P032,P016,CALLED,2026-08-05T04:04:00,176,0.953
P049,P047,CALLED,2026-08-06T11:05:00,384,0.794
P066,P078,CALLED,2026-08-07T18:06:00,2218,0.855
P003,P029,CALLED,2026-08-08T01:07:00,1042,0.849
P020,P060,CALLED,2026-08-09T08:08:00,2035,0.761
P037,P011,CALLED,2026-08-10T15:09:00,2130,0.78
P054,P042,CALLED,2026-08-11T22:10:00,1516,0.982
P071,P073,CALLED,2026-08-12T05:11:00,2066,0.871
P008,P024,CALLED,2026-08-13T12:12:00,861,0.922
P025,P055,CALLED,2026-08-14T19:13:00,313,0.813
P042,P006,CALLED,2026-08-15T02:14:00,1804,0.935
P059,P037,CALLED,2026-08-16T09:15:00,912,0.959
P076,P068,CALLED,2026-08-17T16:16:00,1172,0.879
P013,P019,CALLED,2026-08-18T23:17:00,590,0.906
P030,P050,CALLED,2026-08-19T06:18:00,594,0.963
P047,P001,CALLED,2026-08-20T13:19:00,461,0.904
P064,P032,CALLED,2026-08-21T20:20:00,1991,0.977
P001,P063,CALLED,2026-08-22T03:21:00,50,0.831
P018,P014,CALLED,2026-08-23T10:22:00,2014,0.954
P035,P045,CALLED,2026-08-24T17:23:00,1717,0.837
P052,P076,CALLED,2026-08-25T00:24:00,1933,0.933
P069,P027,CALLED,2026-08-26T07:25:00,822,0.956
P006,P058,CALLED,2026-08-27T14:26:00,252,0.886
P023,P009,CALLED,2026-08-28T21:27:00,1627,0.979
P040,P042,CALLED,2026-08-29T04:28:00,1693,0.785
P057,P071,CALLED,2026-08-30T11:29:00,141,0.768
P074,P022,CALLED,2026-08-01T18:30:00,761,0.761
P011,P053,CALLED,2026-08-02T01:31:00,661,0.864
P028,P004,CALLED,2026-08-03T08:32:00,365,0.895
P045,P035,CALLED,2026-08-04T15:33:00,1869,0.824
P062,P066,CALLED,2026-08-05T22:34:00,766,0.865
P079,P017,CALLED,2026-08-06T05:35:00,1711,0.874
P016,P048,CALLED,2026-08-07T12:36:00,1088,0.964
P033,P079,CALLED,2026-08-08T19:37:00,559,0.781
P050,P030,CALLED,2026-08-09T02:38:00,1469,0.882
P067,P061,CALLED,2026-08-10T09:39:00,2310,0.914
P004,P012,CALLED,2026-08-11T16:40:00,1398,0.757
P021,P043,CALLED,2026-08-12T23:41:00,1923,0.952
P038,P074,CALLED,2026-08-13T06:42:00,1846,0.831
P055,P025,CALLED,2026-08-14T13:43:00,78,0.989
P072,P056,CALLED,2026-08-15T20:44:00,1638,0.943
P009,P007,CALLED,2026-08-16T03:45:00,1328,0.856
P026,P038,CALLED,2026-08-17T10:46:00,1088,0.78
P043,P069,CALLED,2026-08-18T17:47:00,679,0.807
P060,P020,CALLED,2026-08-19T00:48:00,488,0.775
P077,P051,CALLED,2026-08-20T07:49:00,630,0.842
P014,P002,CALLED,2026-08-21T14:50:00,1860,0.796
P031,P033,CALLED,2026-08-22T21:51:00,2169,0.775
P048,P064,CALLED,2026-08-23T04:52:00,527,0.903
P065,P015,CALLED,2026-08-24T11:53:00,924,0.763
P002,P046,CALLED,2026-08-25T18:54:00,359,0.916
P019,P077,CALLED,2026-08-26T01:55:00,1468,0.823
P036,P028,CALLED,2026-08-27T08:56:00,1642,0.86
P053,P059,CALLED,2026-08-28T15:57:00,590,0.951
P070,P010,CALLED,2026-08-29T22:58:00,1836,0.824
P007,P041,CALLED,2026-08-30T05:59:00,2272,0.81
P024,P072,CALLED,2026-08-01T12:00:00,2021,0.834
P041,P023,CALLED,2026-08-02T19:01:00,2167,0.838
P058,P054,CALLED,2026-08-03T02:02:00,1348,0.831
P075,P005,CALLED,2026-08-04T09:03:00,788,0.798
P012,P036,CALLED,2026-08-05T16:04:00,187,0.928
P029,P067,CALLED,2026-08-06T23:05:00,1550,0.751
P046,P018,CALLED,2026-08-07T06:06:00,2175,0.878
P063,P049,CALLED,2026-08-08T13:07:00,403,0.98
P080,P002,CALLED,2026-08-09T20:08:00,1200,0.786
P017,P031,CALLED,2026-08-10T03:09:00,662,0.865
P034,P062,CALLED,2026-08-11T10:10:00,1026,0.762
P051,P013,CALLED,2026-08-12T17:11:00,714,0.965
P068,P044,CALLED,2026-08-13T00:12:00,2353,0.96
P005,P075,CALLED,2026-08-14T07:13:00,226,0.853
P022,P026,CALLED,2026-08-15T14:14:00,350,0.883
P039,P057,CALLED,2026-08-16T21:15:00,1072,0.825
P056,P008,CALLED,2026-08-17T04:16:00,1940,0.932
P073,P039,CALLED,2026-08-18T11:17:00,380,0.835
P010,P070,CALLED,2026-08-19T18:18:00,1552,0.89
P027,P021,CALLED,2026-08-20T01:19:00,1254,0.941
P044,P052,CALLED,2026-08-21T08:20:00,1737,0.949
P061,P003,CALLED,2026-08-22T15:21:00,2254,0.985
P078,P034,CALLED,2026-08-23T22:22:00,547,0.83
P015,P065,CALLED,2026-08-24T05:23:00,74,0.947
P032,P016,CALLED,2026-08-25T12:24:00,1061,0.806
P049,P047,CALLED,2026-08-26T19:25:00,163,0.906
P066,P078,CALLED,2026-08-27T02:26:00,579,0.884
P003,P029,CALLED,2026-08-28T09:27:00,1925,0.983
P020,P060,CALLED,2026-08-29T16:28:00,2307,0.815
P037,P011,CALLED,2026-08-30T23:29:00,658,0.987
P054,P042,CALLED,2026-08-01T06:30:00,1655,0.89
P071,P073,CALLED,2026-08-02T13:31:00,378,0.925
P008,P024,CALLED,2026-08-03T20:32:00,1526,0.868
P025,P055,CALLED,2026-08-04T03:33:00,1464,0.78
P042,P006,CALLED,2026-08-05T10:34:00,1753,0.801
P059,P037,CALLED,2026-08-06T17:35:00,1381,0.848
P076,P068,CALLED,2026-08-07T00:36:00,783,0.88
P013,P019,CALLED,2026-08-08T07:37:00,730,0.861
P030,P050,CALLED,2026-08-09T14:38:00,631,0.824
P047,P001,CALLED,2026-08-10T21:39:00,495,0.905
P064,P032,CALLED,2026-08-11T04:40:00,463,0.864
P001,P063,CALLED,2026-08-12T11:41:00,1229,0.896
P018,P014,CALLED,2026-08-13T18:42:00,1447,0.926
P035,P045,CALLED,2026-08-14T01:43:00,1213,0.977
P052,P076,CALLED,2026-08-15T08:44:00,1300,0.766
P069,P027,CALLED,2026-08-16T15:45:00,1044,0.765
P006,P058,CALLED,2026-08-17T22:46:00,299,0.754
P023,P009,CALLED,2026-08-18T05:47:00,713,0.984
P040,P042,CALLED,2026-08-19T12:48:00,484,0.803
P057,P071,CALLED,2026-08-20T19:49:00,1030,0.841
P074,P022,CALLED,2026-08-21T02:50:00,159,0.834
P011,P053,CALLED,2026-08-22T09:51:00,837,0.937
P028,P004,CALLED,2026-08-23T16:52:00,1035,0.919
P045,P035,CALLED,2026-08-24T23:53:00,1483,0.851
P062,P066,CALLED,2026-08-25T06:54:00,708,0.777
P079,P017,CALLED,2026-08-26T13:55:00,2112,0.766
P016,P048,CALLED,2026-08-27T20:56:00,127,0.845
P033,P079,CALLED,2026-08-28T03:57:00,2161,0.942
P050,P030,CALLED,2026-08-29T10:58:00,220,0.751
P067,P061,CALLED,2026-08-30T17:59:00,1440,0.829
P004,P012,CALLED,2026-08-01T00:00:00,263,0.754
P021,P043,CALLED,2026-08-02T07:01:00,387,0.846
P038,P074,CALLED,2026-08-03T14:02:00,221,0.963
P055,P025,CALLED,2026-08-04T21:03:00,61,0.939
P072,P056,CALLED,2026-08-05T04:04:00,1014,0.789
P009,P007,CALLED,2026-08-06T11:05:00,268,0.825
P026,P038,CALLED,2026-08-07T18:06:00,1493,0.913
P043,P069,CALLED,2026-08-08T01:07:00,403,0.988
P060,P020,CALLED,2026-08-09T08:08:00,1363,0.788
P077,P051,CALLED,2026-08-10T15:09:00,956,0.777
P014,P002,CALLED,2026-08-11T22:10:00,1244,0.805
P031,P033,CALLED,2026-08-12T05:11:00,763,0.946
P048,P064,CALLED,2026-08-13T12:12:00,2376,0.948
P065,P015,CALLED,2026-08-14T19:13:00,704,0.817
P002,P046,CALLED,2026-08-15T02:14:00,1194,0.965
P019,P077,CALLED,2026-08-16T09:15:00,1825,0.784
P036,P028,CALLED,2026-08-17T16:16:00,2343,0.797
P053,P059,CALLED,2026-08-18T23:17:00,865,0.853
P070,P010,CALLED,2026-08-19T06:18:00,1837,0.904
P007,P041,CALLED,2026-08-20T13:19:00,2008,0.777
P024,P072,CALLED,2026-08-21T20:20:00,2164,0.79
P041,P023,CALLED,2026-08-22T03:21:00,824,0.778
P058,P054,CALLED,2026-08-23T10:22:00,770,0.8
P075,P005,CALLED,2026-08-24T17:23:00,427,0.777
P012,P036,CALLED,2026-08-25T00:24:00,71,0.815
P029,P067,CALLED,2026-08-26T07:25:00,531,0.919
P046,P018,CALLED,2026-08-27T14:26:00,2388,0.828
P063,P049,CALLED,2026-08-28T21:27:00,1822,0.942
P080,P002,CALLED,2026-08-29T04:28:00,440,0.765
P017,P031,CALLED,2026-08-30T11:29:00,152,0.802
P034,P062,CALLED,2026-08-01T18:30:00,610,0.821
P051,P013,CALLED,2026-08-02T01:31:00,1447,0.941
P068,P044,CALLED,2026-08-03T08:32:00,2107,0.975
P005,P075,CALLED,2026-08-04T15:33:00,1870,0.898
P022,P026,CALLED,2026-08-05T22:34:00,1516,0.812
P039,P057,CALLED,2026-08-06T05:35:00,1645,0.821
P056,P008,CALLED,2026-08-07T12:36:00,1597,0.753
P073,P039,CALLED,2026-08-08T19:37:00,1211,0.896
P010,P070,CALLED,2026-08-09T02:38:00,821,0.876
P027,P021,CALLED,2026-08-10T09:39:00,187,0.769
P044,P052,CALLED,2026-08-11T16:40:00,722,0.899
P061,P003,CALLED,2026-08-12T23:41:00,134,0.8
P078,P034,CALLED,2026-08-13T06:42:00,1767,0.887
P015,P065,CALLED,2026-08-14T13:43:00,2073,0.954
P032,P016,CALLED,2026-08-15T20:44:00,153,0.817
P049,P047,CALLED,2026-08-16T03:45:00,2174,0.983
P066,P078,CALLED,2026-08-17T10:46:00,2035,0.781
P003,P029,CALLED,2026-08-18T17:47:00,26,0.751
P020,P060,CALLED,2026-08-19T00:48:00,2038,0.975
P037,P011,CALLED,2026-08-20T07:49:00,1100,0.81
P054,P042,CALLED,2026-08-21T14:50:00,2091,0.76
P071,P073,CALLED,2026-08-22T21:51:00,1317,0.908
P008,P024,CALLED,2026-08-23T04:52:00,670,0.893
P025,P055,CALLED,2026-08-24T11:53:00,2039,0.931
P042,P006,CALLED,2026-08-25T18:54:00,786,0.955
P059,P037,CALLED,2026-08-26T01:55:00,1865,0.809
P076,P068,CALLED,2026-08-27T08:56:00,655,0.83
P013,P019,CALLED,2026-08-28T15:57:00,1077,0.793
P030,P050,CALLED,2026-08-29T22:58:00,1009,0.788
P047,P001,CALLED,2026-08-30T05:59:00,1224,0.94
P064,P032,CALLED,2026-08-01T12:00:00,895,0.807
P001,P063,CALLED,2026-08-02T19:01:00,619,0.826
P018,P014,CALLED,2026-08-03T02:02:00,66,0.866
P035,P045,CALLED,2026-08-04T09:03:00,2144,0.872
P052,P076,CALLED,2026-08-05T16:04:00,2021,0.934
P069,P027,CALLED,2026-08-06T23:05:00,688,0.888
P006,P058,CALLED,2026-08-07T06:06:00,1410,0.863
P023,P009,CALLED,2026-08-08T13:07:00,39,0.872
P040,P042,CALLED,2026-08-09T20:08:00,1081,0.811
P057,P071,CALLED,2026-08-10T03:09:00,2183,0.921
P074,P022,CALLED,2026-08-11T10:10:00,2153,0.943
P011,P053,CALLED,2026-08-12T17:11:00,256,0.805
P028,P004,CALLED,2026-08-13T00:12:00,530,0.967
P045,P035,CALLED,2026-08-14T07:13:00,1180,0.858
P062,P066,CALLED,2026-08-15T14:14:00,2006,0.894
P079,P017,CALLED,2026-08-16T21:15:00,2174,0.839
P016,P048,CALLED,2026-08-17T04:16:00,668,0.946
P033,P079,CALLED,2026-08-18T11:17:00,504,0.988
P050,P030,CALLED,2026-08-19T18:18:00,483,0.853
P067,P061,CALLED,2026-08-20T01:19:00,973,0.795
P004,P012,CALLED,2026-08-21T08:20:00,1700,0.774
P021,P043,CALLED,2026-08-22T15:21:00,826,0.887
P038,P074,CALLED,2026-08-23T22:22:00,236,0.97
P055,P025,CALLED,2026-08-24T05:23:00,2006,0.909
P072,P056,CALLED,2026-08-25T12:24:00,409,0.868
P009,P007,CALLED,2026-08-26T19:25:00,958,0.895
P026,P038,CALLED,2026-08-27T02:26:00,783,0.806
P043,P069,CALLED,2026-08-28T09:27:00,638,0.828
P060,P020,CALLED,2026-08-29T16:28:00,999,0.892
P077,P051,CALLED,2026-08-30T23:29:00,1361,0.838
P014,P002,CALLED,2026-08-01T06:30:00,890,0.96
P031,P033,CALLED,2026-08-02T13:31:00,429,0.775
P048,P064,CALLED,2026-08-03T20:32:00,644,0.783
P065,P015,CALLED,2026-08-04T03:33:00,1134,0.771
P002,P046,CALLED,2026-08-05T10:34:00,1871,0.826
P019,P077,CALLED,2026-08-06T17:35:00,1981,0.768
P036,P028,CALLED,2026-08-07T00:36:00,147,0.919
P053,P059,CALLED,2026-08-08T07:37:00,1714,0.948
P070,P010,CALLED,2026-08-09T14:38:00,615,0.794
P007,P041,CALLED,2026-08-10T21:39:00,753,0.977
P024,P072,CALLED,2026-08-11T04:40:00,143,0.852
P041,P023,CALLED,2026-08-12T11:41:00,158,0.805
P058,P054,CALLED,2026-08-13T18:42:00,2132,0.792
P075,P005,CALLED,2026-08-14T01:43:00,2134,0.926
P012,P036,CALLED,2026-08-15T08:44:00,1563,0.979
P029,P067,CALLED,2026-08-16T15:45:00,2322,0.922
P046,P018,CALLED,2026-08-17T22:46:00,1720,0.953
P063,P049,CALLED,2026-08-18T05:47:00,1016,0.941
P080,P002,CALLED,2026-08-19T12:48:00,712,0.751
P017,P031,CALLED,2026-08-20T19:49:00,2102,0.899
P034,P062,CALLED,2026-08-21T02:50:00,1510,0.974
P051,P013,CALLED,2026-08-22T09:51:00,88,0.906
P068,P044,CALLED,2026-08-23T16:52:00,1497,0.897
P005,P075,CALLED,2026-08-24T23:53:00,1876,0.868
P022,P026,CALLED,2026-08-25T06:54:00,1674,0.842
P039,P057,CALLED,2026-08-26T13:55:00,628,0.777
P056,P008,CALLED,2026-08-27T20:56:00,1765,0.805
P073,P039,CALLED,2026-08-28T03:57:00,1754,0.96
P010,P070,CALLED,2026-08-29T10:58:00,1770,0.757
P027,P021,CALLED,2026-08-30T17:59:00,523,0.904
P044,P052,CALLED,2026-08-01T00:00:00,1348,0.984
P061,P003,CALLED,2026-08-02T07:01:00,1469,0.974
P078,P034,CALLED,2026-08-03T14:02:00,971,0.974
P015,P065,CALLED,2026-08-04T21:03:00,836,0.879
P032,P016,CALLED,2026-08-05T04:04:00,1400,0.932
P049,P047,CALLED,2026-08-06T11:05:00,174,0.897
P066,P078,CALLED,2026-08-07T18:06:00,2314,0.797
P003,P029,CALLED,2026-08-08T01:07:00,326,0.87
P020,P060,CALLED,2026-08-09T08:08:00,467,0.972
P037,P011,CALLED,2026-08-10T15:09:00,1887,0.936
P054,P042,CALLED,2026-08-11T22:10:00,1925,0.77
P071,P073,CALLED,2026-08-12T05:11:00,1382,0.932
P008,P024,CALLED,2026-08-13T12:12:00,1792,0.93
P025,P055,CALLED,2026-08-14T19:13:00,134,0.799
P042,P006,CALLED,2026-08-15T02:14:00,1767,0.899
P059,P037,CALLED,2026-08-16T09:15:00,1550,0.789
P076,P068,CALLED,2026-08-17T16:16:00,506,0.984
P013,P019,CALLED,2026-08-18T23:17:00,1573,0.779
P030,P050,CALLED,2026-08-19T06:18:00,1590,0.757
P047,P001,CALLED,2026-08-20T13:19:00,1730,0.936
P064,P032,CALLED,2026-08-21T20:20:00,469,0.786
P001,P063,CALLED,2026-08-22T03:21:00,2288,0.79
P018,P014,CALLED,2026-08-23T10:22:00,359,0.921
P035,P045,CALLED,2026-08-24T17:23:00,1070,0.947
P052,P076,CALLED,2026-08-25T00:24:00,201,0.973
P069,P027,CALLED,2026-08-26T07:25:00,532,0.762
P006,P058,CALLED,2026-08-27T14:26:00,1847,0.909
P023,P009,CALLED,2026-08-28T21:27:00,766,0.814
P040,P042,CALLED,2026-08-29T04:28:00,2077,0.764
P057,P071,CALLED,2026-08-30T11:29:00,1353,0.829
P074,P022,CALLED,2026-08-01T18:30:00,199,0.934
P011,P053,CALLED,2026-08-02T01:31:00,1007,0.87
P028,P004,CALLED,2026-08-03T08:32:00,1574,0.965
P045,P035,CALLED,2026-08-04T15:33:00,1963,0.949
P062,P066,CALLED,2026-08-05T22:34:00,233,0.898
P079,P017,CALLED,2026-08-06T05:35:00,1367,0.863
P016,P048,CALLED,2026-08-07T12:36:00,692,0.798
P033,P079,CALLED,2026-08-08T19:37:00,2333,0.82
P050,P030,CALLED,2026-08-09T02:38:00,1440,0.853
P067,P061,CALLED,2026-08-10T09:39:00,282,0.931
P004,P012,CALLED,2026-08-11T16:40:00,1605,0.945
P021,P043,CALLED,2026-08-12T23:41:00,559,0.894
P038,P074,CALLED,2026-08-13T06:42:00,1220,0.859
P055,P025,CALLED,2026-08-14T13:43:00,1475,0.823
P072,P056,CALLED,2026-08-15T20:44:00,949,0.825
P009,P007,CALLED,2026-08-16T03:45:00,173,0.862
P026,P038,CALLED,2026-08-17T10:46:00,1077,0.953
P043,P069,CALLED,2026-08-18T17:47:00,440,0.797
P060,P020,CALLED,2026-08-19T00:48:00,75,0.966
P077,P051,CALLED,2026-08-20T07:49:00,730,0.87
P014,P002,CALLED,2026-08-21T14:50:00,375,0.987
P031,P033,CALLED,2026-08-22T21:51:00,110,0.906
P048,P064,CALLED,2026-08-23T04:52:00,174,0.803
P065,P015,CALLED,2026-08-24T11:53:00,1400,0.797
P002,P046,CALLED,2026-08-25T18:54:00,1533,0.905
P019,P077,CALLED,2026-08-26T01:55:00,1084,0.929
P036,P028,CALLED,2026-08-27T08:56:00,1245,0.774
P053,P059,CALLED,2026-08-28T15:57:00,240,0.844
P070,P010,CALLED,2026-08-29T22:58:00,540,0.945
P007,P041,CALLED,2026-08-30T05:59:00,11,0.866
P024,P072,CALLED,2026-08-01T12:00:00,1349,0.86
P041,P023,CALLED,2026-08-02T19:01:00,1429,0.847
P058,P054,CALLED,2026-08-03T02:02:00,100,0.958
P075,P005,CALLED,2026-08-04T09:03:00,1384,0.812
P012,P036,CALLED,2026-08-05T16:04:00,1092,0.796
P029,P067,CALLED,2026-08-06T23:05:00,1425,0.782
P046,P018,CALLED,2026-08-07T06:06:00,1750,0.953
P063,P049,CALLED,2026-08-08T13:07:00,1288,0.896
P080,P002,CALLED,2026-08-09T20:08:00,117,0.875
P017,P031,CALLED,2026-08-10T03:09:00,1321,0.91
P034,P062,CALLED,2026-08-11T10:10:00,2066,0.952
P051,P013,CALLED,2026-08-12T17:11:00,723,0.852
P068,P044,CALLED,2026-08-13T00:12:00,535,0.898
P005,P075,CALLED,2026-08-14T07:13:00,1427,0.886
P022,P026,CALLED,2026-08-15T14:14:00,1772,0.887
P039,P057,CALLED,2026-08-16T21:15:00,1108,0.827
P056,P008,CALLED,2026-08-17T04:16:00,1854,0.983
P073,P039,CALLED,2026-08-18T11:17:00,1687,0.958
P010,P070,CALLED,2026-08-19T18:18:00,1839,0.83
P027,P021,CALLED,2026-08-20T01:19:00,501,0.801
P044,P052,CALLED,2026-08-21T08:20:00,1556,0.982
P061,P003,CALLED,2026-08-22T15:21:00,824,0.833
P078,P034,CALLED,2026-08-23T22:22:00,1689,0.915
P015,P065,CALLED,2026-08-24T05:23:00,2059,0.803
P032,P016,CALLED,2026-08-25T12:24:00,1902,0.925
P049,P047,CALLED,2026-08-26T19:25:00,850,0.964
P066,P078,CALLED,2026-08-27T02:26:00,2233,0.878
P003,P029,CALLED,2026-08-28T09:27:00,1623,0.801
P020,P060,CALLED,2026-08-29T16:28:00,476,0.756
P037,P011,CALLED,2026-08-30T23:29:00,2308,0.974
P054,P042,CALLED,2026-08-01T06:30:00,458,0.886
P071,P073,CALLED,2026-08-02T13:31:00,938,0.774
P008,P024,CALLED,2026-08-03T20:32:00,743,0.983
P025,P055,CALLED,2026-08-04T03:33:00,1905,0.846
P042,P006,CALLED,2026-08-05T10:34:00,1789,0.911
P059,P037,CALLED,2026-08-06T17:35:00,924,0.841
P076,P068,CALLED,2026-08-07T00:36:00,1211,0.889
P013,P019,CALLED,2026-08-08T07:37:00,1580,0.823
P030,P050,CALLED,2026-08-09T14:38:00,1577,0.785
P047,P001,CALLED,2026-08-10T21:39:00,1658,0.816
P064,P032,CALLED,2026-08-11T04:40:00,457,0.956
P001,P063,CALLED,2026-08-12T11:41:00,1496,0.927
P018,P014,CALLED,2026-08-13T18:42:00,937,0.807
P035,P045,CALLED,2026-08-14T01:43:00,598,0.795
P052,P076,CALLED,2026-08-15T08:44:00,1432,0.766
P069,P027,CALLED,2026-08-16T15:45:00,28,0.839
P006,P058,CALLED,2026-08-17T22:46:00,1571,0.77
P023,P009,CALLED,2026-08-18T05:47:00,2386,0.975
P040,P042,CALLED,2026-08-19T12:48:00,1746,0.837
P057,P071,CALLED,2026-08-20T19:49:00,2367,0.85
P074,P022,CALLED,2026-08-21T02:50:00,2090,0.915
P011,P053,CALLED,2026-08-22T09:51:00,1155,0.834
P028,P004,CALLED,2026-08-23T16:52:00,1275,0.868
P045,P035,CALLED,2026-08-24T23:53:00,1849,0.802
P062,P066,CALLED,2026-08-25T06:54:00,1145,0.936
P079,P017,CALLED,2026-08-26T13:55:00,1935,0.874
P016,P048,CALLED,2026-08-27T20:56:00,1280,0.78
P033,P079,CALLED,2026-08-28T03:57:00,1372,0.935
P050,P030,CALLED,2026-08-29T10:58:00,781,0.832
P067,P061,CALLED,2026-08-30T17:59:00,2103,0.827
P004,P012,CALLED,2026-08-01T00:00:00,897,0.791
P021,P043,CALLED,2026-08-02T07:01:00,2020,0.946
P038,P074,CALLED,2026-08-03T14:02:00,1768,0.834
P055,P025,CALLED,2026-08-04T21:03:00,1765,0.812
P072,P056,CALLED,2026-08-05T04:04:00,506,0.981
P009,P007,CALLED,2026-08-06T11:05:00,399,0.768
P026,P038,CALLED,2026-08-07T18:06:00,2134,0.917
P043,P069,CALLED,2026-08-08T01:07:00,1366,0.875
P060,P020,CALLED,2026-08-09T08:08:00,778,0.78
P077,P051,CALLED,2026-08-10T15:09:00,852,0.808
P014,P002,CALLED,2026-08-11T22:10:00,283,0.91
P031,P033,CALLED,2026-08-12T05:11:00,1080,0.912
P048,P064,CALLED,2026-08-13T12:12:00,1915,0.855
P065,P015,CALLED,2026-08-14T19:13:00,429,0.904
P002,P046,CALLED,2026-08-15T02:14:00,590,0.925
P019,P077,CALLED,2026-08-16T09:15:00,2114,0.875
P036,P028,CALLED,2026-08-17T16:16:00,995,0.81
P053,P059,CALLED,2026-08-18T23:17:00,1272,0.804
P070,P010,CALLED,2026-08-19T06:18:00,80,0.981
P007,P041,CALLED,2026-08-20T13:19:00,322,0.934
P024,P072,CALLED,2026-08-21T20:20:00,967,0.786
P041,P023,CALLED,2026-08-22T03:21:00,1202,0.821
P058,P054,CALLED,2026-08-23T10:22:00,694,0.975
P075,P005,CALLED,2026-08-24T17:23:00,709,0.979
P012,P036,CALLED,2026-08-25T00:24:00,1568,0.836
P029,P067,CALLED,2026-08-26T07:25:00,1691,0.8
P046,P018,CALLED,2026-08-27T14:26:00,2007,0.945
P063,P049,CALLED,2026-08-28T21:27:00,425,0.983
P080,P002,CALLED,2026-08-29T04:28:00,1908,0.974
P017,P031,CALLED,2026-08-30T11:29:00,1510,0.759
P034,P062,CALLED,2026-08-01T18:30:00,2026,0.8
P051,P013,CALLED,2026-08-02T01:31:00,1179,0.778
P068,P044,CALLED,2026-08-03T08:32:00,1513,0.982
P005,P075,CALLED,2026-08-04T15:33:00,1602,0.85
P022,P026,CALLED,2026-08-05T22:34:00,333,0.912
P039,P057,CALLED,2026-08-06T05:35:00,505,0.768
P056,P008,CALLED,2026-08-07T12:36:00,1903,0.785
P073,P039,CALLED,2026-08-08T19:37:00,1960,0.83
P010,P070,CALLED,2026-08-09T02:38:00,1705,0.978
P027,P021,CALLED,2026-08-10T09:39:00,1720,0.965
P044,P052,CALLED,2026-08-11T16:40:00,14,0.755
P061,P003,CALLED,2026-08-12T23:41:00,218,0.945
P078,P034,CALLED,2026-08-13T06:42:00,814,0.924
P015,P065,CALLED,2026-08-14T13:43:00,172,0.974
P032,P016,CALLED,2026-08-15T20:44:00,1068,0.905
P049,P047,CALLED,2026-08-16T03:45:00,227,0.814
P066,P078,CALLED,2026-08-17T10:46:00,396,0.904
P003,P029,CALLED,2026-08-18T17:47:00,330,0.919
P020,P060,CALLED,2026-08-19T00:48:00,186,0.923
P037,P011,CALLED,2026-08-20T07:49:00,992,0.788
P054,P042,CALLED,2026-08-21T14:50:00,1261,0.935
P071,P073,CALLED,2026-08-22T21:51:00,1304,0.893
P008,P024,CALLED,2026-08-23T04:52:00,836,0.892
P025,P055,CALLED,2026-08-24T11:53:00,356,0.944
P042,P006,CALLED,2026-08-25T18:54:00,1857,0.967
P059,P037,CALLED,2026-08-26T01:55:00,1657,0.816
P076,P068,CALLED,2026-08-27T08:56:00,1159,0.89
P013,P019,CALLED,2026-08-28T15:57:00,1236,0.827
P030,P050,CALLED,2026-08-29T22:58:00,1326,0.766
P047,P001,CALLED,2026-08-30T05:59:00,565,0.99
P064,P032,CALLED,2026-08-01T12:00:00,1159,0.784
P001,P063,CALLED,2026-08-02T19:01:00,541,0.88
P018,P014,CALLED,2026-08-03T02:02:00,1167,0.847
P035,P045,CALLED,2026-08-04T09:03:00,536,0.815
P052,P076,CALLED,2026-08-05T16:04:00,1184,0.776
P069,P027,CALLED,2026-08-06T23:05:00,109,0.93
P006,P058,CALLED,2026-08-07T06:06:00,51,0.842
P023,P009,CALLED,2026-08-08T13:07:00,714,0.81
P040,P042,CALLED,2026-08-09T20:08:00,283,0.971
P057,P071,CALLED,2026-08-10T03:09:00,96,0.923
P074,P022,CALLED,2026-08-11T10:10:00,1845,0.96
P011,P053,CALLED,2026-08-12T17:11:00,2303,0.886
P028,P004,CALLED,2026-08-13T00:12:00,1312,0.928
P045,P035,CALLED,2026-08-14T07:13:00,1840,0.815
P062,P066,CALLED,2026-08-15T14:14:00,1773,0.819
P079,P017,CALLED,2026-08-16T21:15:00,2054,0.927
P016,P048,CALLED,2026-08-17T04:16:00,1129,0.849
P033,P079,CALLED,2026-08-18T11:17:00,1167,0.753
P050,P030,CALLED,2026-08-19T18:18:00,1258,0.813
P067,P061,CALLED,2026-08-20T01:19:00,2399,0.921
P004,P012,CALLED,2026-08-21T08:20:00,606,0.97
P021,P043,CALLED,2026-08-22T15:21:00,458,0.9
P038,P074,CALLED,2026-08-23T22:22:00,199,0.808
P055,P025,CALLED,2026-08-24T05:23:00,898,0.844
P072,P056,CALLED,2026-08-25T12:24:00,1129,0.854
P009,P007,CALLED,2026-08-26T19:25:00,560,0.8
P026,P038,CALLED,2026-08-27T02:26:00,691,0.751
P043,P069,CALLED,2026-08-28T09:27:00,1274,0.806
P060,P020,CALLED,2026-08-29T16:28:00,1111,0.908
P077,P051,CALLED,2026-08-30T23:29:00,2183,0.846
P014,P002,CALLED,2026-08-01T06:30:00,426,0.797
P031,P033,CALLED,2026-08-02T13:31:00,1422,0.955
P048,P064,CALLED,2026-08-03T20:32:00,525,0.924
P065,P015,CALLED,2026-08-04T03:33:00,580,0.827
P002,P046,CALLED,2026-08-05T10:34:00,1181,0.793
P019,P077,CALLED,2026-08-06T17:35:00,1810,0.969
P036,P028,CALLED,2026-08-07T00:36:00,1006,0.813
P053,P059,CALLED,2026-08-08T07:37:00,175,0.885
P070,P010,CALLED,2026-08-09T14:38:00,132,0.948
P007,P041,CALLED,2026-08-10T21:39:00,135,0.96
P024,P072,CALLED,2026-08-11T04:40:00,1395,0.804
P041,P023,CALLED,2026-08-12T11:41:00,2188,0.859
P058,P054,CALLED,2026-08-13T18:42:00,2063,0.906
P075,P005,CALLED,2026-08-14T01:43:00,1137,0.799
P012,P036,CALLED,2026-08-15T08:44:00,2169,0.811
P029,P067,CALLED,2026-08-16T15:45:00,1581,0.796
P046,P018,CALLED,2026-08-17T22:46:00,1717,0.786
P063,P049,CALLED,2026-08-18T05:47:00,638,0.873
P080,P002,CALLED,2026-08-19T12:48:00,174,0.971
P017,P031,CALLED,2026-08-20T19:49:00,1832,0.963
P034,P062,CALLED,2026-08-21T02:50:00,1045,0.782
P051,P013,CALLED,2026-08-22T09:51:00,1759,0.886
P068,P044,CALLED,2026-08-23T16:52:00,1102,0.776
P005,P075,CALLED,2026-08-24T23:53:00,860,0.869
P022,P026,CALLED,2026-08-25T06:54:00,2077,0.965
P039,P057,CALLED,2026-08-26T13:55:00,1296,0.959
P056,P008,CALLED,2026-08-27T20:56:00,1868,0.952
P073,P039,CALLED,2026-08-28T03:57:00,1409,0.848
P010,P070,CALLED,2026-08-29T10:58:00,30,0.832
P027,P021,CALLED,2026-08-30T17:59:00,2192,0.943
P044,P052,CALLED,2026-08-01T00:00:00,909,0.788
P061,P003,CALLED,2026-08-02T07:01:00,451,0.819
P078,P034,CALLED,2026-08-03T14:02:00,21,0.948
P015,P065,CALLED,2026-08-04T21:03:00,1233,0.837
P032,P016,CALLED,2026-08-05T04:04:00,31,0.799
P049,P047,CALLED,2026-08-06T11:05:00,89,0.909
P066,P078,CALLED,2026-08-07T18:06:00,560,0.854
P003,P029,CALLED,2026-08-08T01:07:00,1295,0.973
P020,P060,CALLED,2026-08-09T08:08:00,1664,0.926
P037,P011,CALLED,2026-08-10T15:09:00,225,0.962
P054,P042,CALLED,2026-08-11T22:10:00,1174,0.961
P071,P073,CALLED,2026-08-12T05:11:00,2115,0.799
P008,P024,CALLED,2026-08-13T12:12:00,1319,0.82
P025,P055,CALLED,2026-08-14T19:13:00,719,0.971
P042,P006,CALLED,2026-08-15T02:14:00,1754,0.765
P059,P037,CALLED,2026-08-16T09:15:00,1167,0.895
P076,P068,CALLED,2026-08-17T16:16:00,2242,0.933
P013,P019,CALLED,2026-08-18T23:17:00,358,0.96
P030,P050,CALLED,2026-08-19T06:18:00,1835,0.778
P047,P001,CALLED,2026-08-20T13:19:00,375,0.821
P064,P032,CALLED,2026-08-21T20:20:00,679,0.794
P001,P063,CALLED,2026-08-22T03:21:00,362,0.971
P018,P014,CALLED,2026-08-23T10:22:00,1313,0.884
P035,P045,CALLED,2026-08-24T17:23:00,2309,0.755
P052,P076,CALLED,2026-08-25T00:24:00,1403,0.968
P069,P027,CALLED,2026-08-26T07:25:00,975,0.878
P006,P058,CALLED,2026-08-27T14:26:00,913,0.918
P023,P009,CALLED,2026-08-28T21:27:00,414,0.76
P040,P042,CALLED,2026-08-29T04:28:00,1488,0.866
P057,P071,CALLED,2026-08-30T11:29:00,1351,0.784
P074,P022,CALLED,2026-08-01T18:30:00,1362,0.986
P011,P053,CALLED,2026-08-02T01:31:00,586,0.818
P028,P004,CALLED,2026-08-03T08:32:00,2338,0.761
P045,P035,CALLED,2026-08-04T15:33:00,1351,0.867
P062,P066,CALLED,2026-08-05T22:34:00,1758,0.81
P079,P017,CALLED,2026-08-06T05:35:00,419,0.93
P016,P048,CALLED,2026-08-07T12:36:00,1979,0.981
P033,P079,CALLED,2026-08-08T19:37:00,1094,0.852
P050,P030,CALLED,2026-08-09T02:38:00,2336,0.797
P067,P061,CALLED,2026-08-10T09:39:00,2329,0.763
P004,P012,CALLED,2026-08-11T16:40:00,1925,0.841
P021,P043,CALLED,2026-08-12T23:41:00,1891,0.926
P038,P074,CALLED,2026-08-13T06:42:00,605,0.751
P055,P025,CALLED,2026-08-14T13:43:00,2295,0.881
P072,P056,CALLED,2026-08-15T20:44:00,1122,0.89
P009,P007,CALLED,2026-08-16T03:45:00,57,0.761
P026,P038,CALLED,2026-08-17T10:46:00,1203,0.798
P043,P069,CALLED,2026-08-18T17:47:00,1440,0.854
P060,P020,CALLED,2026-08-19T00:48:00,1442,0.78
P077,P051,CALLED,2026-08-20T07:49:00,502,0.955
P014,P002,CALLED,2026-08-21T14:50:00,964,0.789
P031,P033,CALLED,2026-08-22T21:51:00,311,0.77
P048,P064,CALLED,2026-08-23T04:52:00,510,0.761
P065,P015,CALLED,2026-08-24T11:53:00,297,0.893
P002,P046,CALLED,2026-08-25T18:54:00,1544,0.822
P019,P077,CALLED,2026-08-26T01:55:00,126,0.813
P036,P028,CALLED,2026-08-27T08:56:00,1290,0.823
P053,P059,CALLED,2026-08-28T15:57:00,2024,0.88
P070,P010,CALLED,2026-08-29T22:58:00,1689,0.753
P007,P041,CALLED,2026-08-30T05:59:00,1919,0.972
P024,P072,CALLED,2026-08-01T12:00:00,2113,0.963
P041,P023,CALLED,2026-08-02T19:01:00,1088,0.826
P058,P054,CALLED,2026-08-03T02:02:00,2134,0.843
P075,P005,CALLED,2026-08-04T09:03:00,865,0.787
P012,P036,CALLED,2026-08-05T16:04:00,49,0.791
P029,P067,CALLED,2026-08-06T23:05:00,1005,0.851
P046,P018,CALLED,2026-08-07T06:06:00,881,0.982
P063,P049,CALLED,2026-08-08T13:07:00,30,0.968
P080,P002,CALLED,2026-08-09T20:08:00,1474,0.779
P017,P031,CALLED,2026-08-10T03:09:00,825,0.776
P034,P062,CALLED,2026-08-11T10:10:00,144,0.81
P051,P013,CALLED,2026-08-12T17:11:00,1875,0.832
P068,P044,CALLED,2026-08-13T00:12:00,2392,0.905
P005,P075,CALLED,2026-08-14T07:13:00,1138,0.964
P022,P026,CALLED,2026-08-15T14:14:00,1069,0.96
P039,P057,CALLED,2026-08-16T21:15:00,938,0.808
P056,P008,CALLED,2026-08-17T04:16:00,1449,0.791
P073,P039,CALLED,2026-08-18T11:17:00,633,0.884
P010,P070,CALLED,2026-08-19T18:18:00,1624,0.779
P027,P021,CALLED,2026-08-20T01:19:00,1371,0.829
P044,P052,CALLED,2026-08-21T08:20:00,1169,0.938
P061,P003,CALLED,2026-08-22T15:21:00,152,0.975
P078,P034,CALLED,2026-08-23T22:22:00,1795,0.83
P015,P065,CALLED,2026-08-24T05:23:00,1442,0.888
P032,P016,CALLED,2026-08-25T12:24:00,866,0.768
P049,P047,CALLED,2026-08-26T19:25:00,1709,0.94
P066,P078,CALLED,2026-08-27T02:26:00,2299,0.874
P003,P029,CALLED,2026-08-28T09:27:00,580,0.908
P020,P060,CALLED,2026-08-29T16:28:00,1400,0.803
P037,P011,CALLED,2026-08-30T23:29:00,1579,0.808
P054,P042,CALLED,2026-08-01T06:30:00,1253,0.915
P071,P073,CALLED,2026-08-02T13:31:00,2188,0.938
P008,P024,CALLED,2026-08-03T20:32:00,170,0.805
P025,P055,CALLED,2026-08-04T03:33:00,2397,0.803
P042,P006,CALLED,2026-08-05T10:34:00,2162,0.762
P059,P037,CALLED,2026-08-06T17:35:00,1695,0.867
P076,P068,CALLED,2026-08-07T00:36:00,353,0.914
P013,P019,CALLED,2026-08-08T07:37:00,1603,0.769
P030,P050,CALLED,2026-08-09T14:38:00,1490,0.812
P047,P001,CALLED,2026-08-10T21:39:00,1500,0.833
P064,P032,CALLED,2026-08-11T04:40:00,1131,0.758
P001,P063,CALLED,2026-08-12T11:41:00,1828,0.985
P018,P014,CALLED,2026-08-13T18:42:00,1986,0.98
P035,P045,CALLED,2026-08-14T01:43:00,1619,0.96
P052,P076,CALLED,2026-08-15T08:44:00,475,0.912
P069,P027,CALLED,2026-08-16T15:45:00,1462,0.966
P006,P058,CALLED,2026-08-17T22:46:00,1839,0.775
P023,P009,CALLED,2026-08-18T05:47:00,1862,0.902
P040,P042,CALLED,2026-08-19T12:48:00,142,0.8
P057,P071,CALLED,2026-08-20T19:49:00,2004,0.97
P074,P022,CALLED,2026-08-21T02:50:00,760,0.867
P011,P053,CALLED,2026-08-22T09:51:00,244,0.832
P028,P004,CALLED,2026-08-23T16:52:00,784,0.95
P045,P035,CALLED,2026-08-24T23:53:00,324,0.932
P062,P066,CALLED,2026-08-25T06:54:00,1683,0.972
P079,P017,CALLED,2026-08-26T13:55:00,18,0.763
P016,P048,CALLED,2026-08-27T20:56:00,618,0.971
P033,P079,CALLED,2026-08-28T03:57:00,1809,0.949
P050,P030,CALLED,2026-08-29T10:58:00,2239,0.955
P067,P061,CALLED,2026-08-30T17:59:00,1458,0.824
P004,P012,CALLED,2026-08-01T00:00:00,1538,0.897
P021,P043,CALLED,2026-08-02T07:01:00,2110,0.81
P038,P074,CALLED,2026-08-03T14:02:00,803,0.86
P055,P025,CALLED,2026-08-04T21:03:00,1545,0.878
P072,P056,CALLED,2026-08-05T04:04:00,1005,0.786
P009,P007,CALLED,2026-08-06T11:05:00,1894,0.779
P026,P038,CALLED,2026-08-07T18:06:00,1191,0.773
P043,P069,CALLED,2026-08-08T01:07:00,1197,0.799
P060,P020,CALLED,2026-08-09T08:08:00,350,0.987
P077,P051,CALLED,2026-08-10T15:09:00,528,0.825
P014,P002,CALLED,2026-08-11T22:10:00,1319,0.918
P031,P033,CALLED,2026-08-12T05:11:00,1908,0.977
P048,P064,CALLED,2026-08-13T12:12:00,759,0.757
P065,P015,CALLED,2026-08-14T19:13:00,575,0.787
P002,P046,CALLED,2026-08-15T02:14:00,1024,0.827
P019,P077,CALLED,2026-08-16T09:15:00,25,0.849
P036,P028,CALLED,2026-08-17T16:16:00,1967,0.888
P053,P059,CALLED,2026-08-18T23:17:00,432,0.912
P070,P010,CALLED,2026-08-19T06:18:00,2119,0.788
P007,P041,CALLED,2026-08-20T13:19:00,883,0.785
P024,P072,CALLED,2026-08-21T20:20:00,1814,0.908
P041,P023,CALLED,2026-08-22T03:21:00,658,0.925
P058,P054,CALLED,2026-08-23T10:22:00,476,0.986
P075,P005,CALLED,2026-08-24T17:23:00,1706,0.93
P012,P036,CALLED,2026-08-25T00:24:00,1096,0.814
P029,P067,CALLED,2026-08-26T07:25:00,210,0.965
P046,P018,CALLED,2026-08-27T14:26:00,1923,0.885
P063,P049,CALLED,2026-08-28T21:27:00,1371,0.898
P080,P002,CALLED,2026-08-29T04:28:00,1407,0.87
P017,P031,CALLED,2026-08-30T11:29:00,987,0.77
P034,P062,CALLED,2026-08-01T18:30:00,508,0.954
P051,P013,CALLED,2026-08-02T01:31:00,147,0.786
P068,P044,CALLED,2026-08-03T08:32:00,1762,0.758
P005,P075,CALLED,2026-08-04T15:33:00,99,0.857
P022,P026,CALLED,2026-08-05T22:34:00,1086,0.899
P039,P057,CALLED,2026-08-06T05:35:00,2245,0.857
P056,P008,CALLED,2026-08-07T12:36:00,569,0.88
P073,P039,CALLED,2026-08-08T19:37:00,1825,0.775
P010,P070,CALLED,2026-08-09T02:38:00,2093,0.803
P027,P021,CALLED,2026-08-10T09:39:00,1623,0.912
P044,P052,CALLED,2026-08-11T16:40:00,1521,0.91
P061,P003,CALLED,2026-08-12T23:41:00,1611,0.816
P078,P034,CALLED,2026-08-13T06:42:00,228,0.852
P015,P065,CALLED,2026-08-14T13:43:00,339,0.832
P032,P016,CALLED,2026-08-15T20:44:00,2205,0.962
P049,P047,CALLED,2026-08-16T03:45:00,1974,0.821
P066,P078,CALLED,2026-08-17T10:46:00,1044,0.921
P003,P029,CALLED,2026-08-18T17:47:00,917,0.834
P020,P060,CALLED,2026-08-19T00:48:00,802,0.78
P037,P011,CALLED,2026-08-20T07:49:00,2191,0.788
P054,P042,CALLED,2026-08-21T14:50:00,554,0.863
P071,P073,CALLED,2026-08-22T21:51:00,2257,0.972
P008,P024,CALLED,2026-08-23T04:52:00,971,0.817
P025,P055,CALLED,2026-08-24T11:53:00,2377,0.893
P042,P006,CALLED,2026-08-25T18:54:00,684,0.908
P059,P037,CALLED,2026-08-26T01:55:00,1890,0.946
P076,P068,CALLED,2026-08-27T08:56:00,1594,0.876
P013,P019,CALLED,2026-08-28T15:57:00,973,0.982
P030,P050,CALLED,2026-08-29T22:58:00,1640,0.915
P047,P001,CALLED,2026-08-30T05:59:00,1594,0.889
P064,P032,CALLED,2026-08-01T12:00:00,1481,0.899
P001,P063,CALLED,2026-08-02T19:01:00,1312,0.829
P018,P014,CALLED,2026-08-03T02:02:00,1803,0.925
P035,P045,CALLED,2026-08-04T09:03:00,532,0.891
P052,P076,CALLED,2026-08-05T16:04:00,2336,0.769
P069,P027,CALLED,2026-08-06T23:05:00,2261,0.983
P006,P058,CALLED,2026-08-07T06:06:00,326,0.967
P023,P009,CALLED,2026-08-08T13:07:00,1006,0.828
P040,P042,CALLED,2026-08-09T20:08:00,393,0.796
P057,P071,CALLED,2026-08-10T03:09:00,164,0.784
P074,P022,CALLED,2026-08-11T10:10:00,225,0.948
P011,P053,CALLED,2026-08-12T17:11:00,547,0.87
P028,P004,CALLED,2026-08-13T00:12:00,346,0.764
P045,P035,CALLED,2026-08-14T07:13:00,986,0.84
P062,P066,CALLED,2026-08-15T14:14:00,1202,0.841
P079,P017,CALLED,2026-08-16T21:15:00,1641,0.913
P016,P048,CALLED,2026-08-17T04:16:00,176,0.822
P033,P079,CALLED,2026-08-18T11:17:00,135,0.954
P050,P030,CALLED,2026-08-19T18:18:00,1497,0.839
P067,P061,CALLED,2026-08-20T01:19:00,344,0.978
P004,P012,CALLED,2026-08-21T08:20:00,827,0.946
P021,P043,CALLED,2026-08-22T15:21:00,2111,0.796
P038,P074,CALLED,2026-08-23T22:22:00,1781,0.867
P055,P025,CALLED,2026-08-24T05:23:00,1692,0.876
P072,P056,CALLED,2026-08-25T12:24:00,357,0.887
P009,P007,CALLED,2026-08-26T19:25:00,1455,0.895
P026,P038,CALLED,2026-08-27T02:26:00,1700,0.822
P043,P069,CALLED,2026-08-28T09:27:00,224,0.956
P060,P020,CALLED,2026-08-29T16:28:00,1597,0.901
P077,P051,CALLED,2026-08-30T23:29:00,925,0.891
P014,P002,CALLED,2026-08-01T06:30:00,1728,0.78
P031,P033,CALLED,2026-08-02T13:31:00,1541,0.911
P048,P064,CALLED,2026-08-03T20:32:00,1181,0.929
P065,P015,CALLED,2026-08-04T03:33:00,1921,0.776
P002,P046,CALLED,2026-08-05T10:34:00,575,0.85
P019,P077,CALLED,2026-08-06T17:35:00,2061,0.891
P036,P028,CALLED,2026-08-07T00:36:00,1116,0.843
P053,P059,CALLED,2026-08-08T07:37:00,1883,0.839
P070,P010,CALLED,2026-08-09T14:38:00,2199,0.911
P007,P041,CALLED,2026-08-10T21:39:00,690,0.914
P024,P072,CALLED,2026-08-11T04:40:00,2396,0.79
P041,P023,CALLED,2026-08-12T11:41:00,474,0.986
P058,P054,CALLED,2026-08-13T18:42:00,2071,0.881
P075,P005,CALLED,2026-08-14T01:43:00,1304,0.855
P012,P036,CALLED,2026-08-15T08:44:00,10,0.783
P029,P067,CALLED,2026-08-16T15:45:00,1665,0.925
P046,P018,CALLED,2026-08-17T22:46:00,1500,0.945
P063,P049,CALLED,2026-08-18T05:47:00,1582,0.763
P080,P002,CALLED,2026-08-19T12:48:00,1016,0.913
P017,P031,CALLED,2026-08-20T19:49:00,253,0.759
P034,P062,CALLED,2026-08-21T02:50:00,935,0.908
P051,P013,CALLED,2026-08-22T09:51:00,782,0.813
P068,P044,CALLED,2026-08-23T16:52:00,784,0.841
P005,P075,CALLED,2026-08-24T23:53:00,1677,0.765
P022,P026,CALLED,2026-08-25T06:54:00,110,0.931
P039,P057,CALLED,2026-08-26T13:55:00,705,0.804
P056,P008,CALLED,2026-08-27T20:56:00,1248,0.864
P073,P039,CALLED,2026-08-28T03:57:00,849,0.898
P010,P070,CALLED,2026-08-29T10:58:00,376,0.812
P027,P021,CALLED,2026-08-30T17:59:00,618,0.764
P044,P052,CALLED,2026-08-01T00:00:00,2335,0.946
P061,P003,CALLED,2026-08-02T07:01:00,1931,0.903
P078,P034,CALLED,2026-08-03T14:02:00,28,0.946
P015,P065,CALLED,2026-08-04T21:03:00,436,0.985
P032,P016,CALLED,2026-08-05T04:04:00,731,0.788
P049,P047,CALLED,2026-08-06T11:05:00,172,0.794
P066,P078,CALLED,2026-08-07T18:06:00,1708,0.99
P003,P029,CALLED,2026-08-08T01:07:00,1403,0.792
P020,P060,CALLED,2026-08-09T08:08:00,376,0.981
P037,P011,CALLED,2026-08-10T15:09:00,943,0.888
P054,P042,CALLED,2026-08-11T22:10:00,1213,0.95
P071,P073,CALLED,2026-08-12T05:11:00,2223,0.923
P008,P024,CALLED,2026-08-13T12:12:00,1878,0.821
P025,P055,CALLED,2026-08-14T19:13:00,1687,0.819
P042,P006,CALLED,2026-08-15T02:14:00,2215,0.867
P059,P037,CALLED,2026-08-16T09:15:00,1752,0.824
P076,P068,CALLED,2026-08-17T16:16:00,623,0.772
P013,P019,CALLED,2026-08-18T23:17:00,664,0.975
P030,P050,CALLED,2026-08-19T06:18:00,2235,0.805
P047,P001,CALLED,2026-08-20T13:19:00,545,0.97
P064,P032,CALLED,2026-08-21T20:20:00,1793,0.814
P001,P063,CALLED,2026-08-22T03:21:00,2203,0.872
P018,P014,CALLED,2026-08-23T10:22:00,620,0.779
P035,P045,CALLED,2026-08-24T17:23:00,2051,0.908
P052,P076,CALLED,2026-08-25T00:24:00,1514,0.801
P069,P027,CALLED,2026-08-26T07:25:00,1832,0.982
P006,P058,CALLED,2026-08-27T14:26:00,1031,0.963
P023,P009,CALLED,2026-08-28T21:27:00,217,0.754
P040,P042,CALLED,2026-08-29T04:28:00,1390,0.851
P057,P071,CALLED,2026-08-30T11:29:00,172,0.895
P074,P022,CALLED,2026-08-01T18:30:00,22,0.769
P011,P053,CALLED,2026-08-02T01:31:00,1176,0.841
P028,P004,CALLED,2026-08-03T08:32:00,1129,0.751
P045,P035,CALLED,2026-08-04T15:33:00,969,0.935
P062,P066,CALLED,2026-08-05T22:34:00,386,0.843
P079,P017,CALLED,2026-08-06T05:35:00,1728,0.86
P016,P048,CALLED,2026-08-07T12:36:00,448,0.933
P033,P079,CALLED,2026-08-08T19:37:00,1045,0.885
P050,P030,CALLED,2026-08-09T02:38:00,2244,0.791
P067,P061,CALLED,2026-08-10T09:39:00,1276,0.905
P004,P012,CALLED,2026-08-11T16:40:00,1005,0.945
P021,P043,CALLED,2026-08-12T23:41:00,434,0.988
P038,P074,CALLED,2026-08-13T06:42:00,1018,0.806
P055,P025,CALLED,2026-08-14T13:43:00,464,0.911
P072,P056,CALLED,2026-08-15T20:44:00,1396,0.759
P009,P007,CALLED,2026-08-16T03:45:00,336,0.916
P026,P038,CALLED,2026-08-17T10:46:00,385,0.917
P043,P069,CALLED,2026-08-18T17:47:00,811,0.792
P060,P020,CALLED,2026-08-19T00:48:00,403,0.795
P077,P051,CALLED,2026-08-20T07:49:00,2057,0.922
P014,P002,CALLED,2026-08-21T14:50:00,1523,0.95
P031,P033,CALLED,2026-08-22T21:51:00,570,0.834
P048,P064,CALLED,2026-08-23T04:52:00,752,0.778
P065,P015,CALLED,2026-08-24T11:53:00,1007,0.769
P002,P046,CALLED,2026-08-25T18:54:00,2019,0.974
P019,P077,CALLED,2026-08-26T01:55:00,1264,0.963
P036,P028,CALLED,2026-08-27T08:56:00,408,0.835
P053,P059,CALLED,2026-08-28T15:57:00,1037,0.848
P070,P010,CALLED,2026-08-29T22:58:00,708,0.869
P007,P041,CALLED,2026-08-30T05:59:00,872,0.762
P024,P072,CALLED,2026-08-01T12:00:00,2321,0.921
P041,P023,CALLED,2026-08-02T19:01:00,1643,0.853
P058,P054,CALLED,2026-08-03T02:02:00,1431,0.783
P075,P005,CALLED,2026-08-04T09:03:00,2151,0.933
P012,P036,CALLED,2026-08-05T16:04:00,1579,0.974
P029,P067,CALLED,2026-08-06T23:05:00,707,0.798
P046,P018,CALLED,2026-08-07T06:06:00,998,0.986
P063,P049,CALLED,2026-08-08T13:07:00,1347,0.917
P080,P002,CALLED,2026-08-09T20:08:00,891,0.858
P017,P031,CALLED,2026-08-10T03:09:00,2049,0.795
P034,P062,CALLED,2026-08-11T10:10:00,189,0.789
P051,P013,CALLED,2026-08-12T17:11:00,2226,0.955
P068,P044,CALLED,2026-08-13T00:12:00,1627,0.964
P005,P075,CALLED,2026-08-14T07:13:00,2089,0.951
P022,P026,CALLED,2026-08-15T14:14:00,1215,0.845
P039,P057,CALLED,2026-08-16T21:15:00,224,0.931
P056,P008,CALLED,2026-08-17T04:16:00,530,0.949
P073,P039,CALLED,2026-08-18T11:17:00,402,0.877
P010,P070,CALLED,2026-08-19T18:18:00,2106,0.937
P027,P021,CALLED,2026-08-20T01:19:00,1935,0.839
P044,P052,CALLED,2026-08-21T08:20:00,2032,0.882
P061,P003,CALLED,2026-08-22T15:21:00,1431,0.847
P078,P034,CALLED,2026-08-23T22:22:00,271,0.906
P015,P065,CALLED,2026-08-24T05:23:00,1260,0.875
P032,P016,CALLED,2026-08-25T12:24:00,1553,0.932
P049,P047,CALLED,2026-08-26T19:25:00,1930,0.909
P066,P078,CALLED,2026-08-27T02:26:00,706,0.978
P003,P029,CALLED,2026-08-28T09:27:00,361,0.757
P020,P060,CALLED,2026-08-29T16:28:00,1371,0.913
P037,P011,CALLED,2026-08-30T23:29:00,458,0.942
P054,P042,CALLED,2026-08-01T06:30:00,683,0.845
P071,P073,CALLED,2026-08-02T13:31:00,2164,0.894
P008,P024,CALLED,2026-08-03T20:32:00,165,0.829
P025,P055,CALLED,2026-08-04T03:33:00,1251,0.943
P042,P006,CALLED,2026-08-05T10:34:00,1350,0.798
P059,P037,CALLED,2026-08-06T17:35:00,1187,0.871
P076,P068,CALLED,2026-08-07T00:36:00,2354,0.89
P013,P019,CALLED,2026-08-08T07:37:00,1697,0.931
P030,P050,CALLED,2026-08-09T14:38:00,1775,0.931
P047,P001,CALLED,2026-08-10T21:39:00,2025,0.968
P064,P032,CALLED,2026-08-11T04:40:00,2334,0.892
P001,P063,CALLED,2026-08-12T11:41:00,420,0.979
P018,P014,CALLED,2026-08-13T18:42:00,878,0.944
P035,P045,CALLED,2026-08-14T01:43:00,1177,0.856
P052,P076,CALLED,2026-08-15T08:44:00,1636,0.912
P069,P027,CALLED,2026-08-16T15:45:00,2375,0.977
P006,P058,CALLED,2026-08-17T22:46:00,590,0.769
P023,P009,CALLED,2026-08-18T05:47:00,858,0.755
P040,P042,CALLED,2026-08-19T12:48:00,1454,0.776
P057,P071,CALLED,2026-08-20T19:49:00,1007,0.785
P074,P022,CALLED,2026-08-21T02:50:00,2008,0.927
P011,P053,CALLED,2026-08-22T09:51:00,671,0.98
P028,P004,CALLED,2026-08-23T16:52:00,1297,0.804
P045,P035,CALLED,2026-08-24T23:53:00,1626,0.879
P062,P066,CALLED,2026-08-25T06:54:00,1772,0.892
P079,P017,CALLED,2026-08-26T13:55:00,1457,0.945
P016,P048,CALLED,2026-08-27T20:56:00,1114,0.925
P033,P079,CALLED,2026-08-28T03:57:00,434,0.869
P050,P030,CALLED,2026-08-29T10:58:00,231,0.907
P067,P061,CALLED,2026-08-30T17:59:00,2157,0.806
P004,P012,CALLED,2026-08-01T00:00:00,1151,0.893
P021,P043,CALLED,2026-08-02T07:01:00,2298,0.984
P038,P074,CALLED,2026-08-03T14:02:00,2053,0.928
P055,P025,CALLED,2026-08-04T21:03:00,216,0.893
P072,P056,CALLED,2026-08-05T04:04:00,272,0.955
P009,P007,CALLED,2026-08-06T11:05:00,548,0.849
P026,P038,CALLED,2026-08-07T18:06:00,485,0.93
P043,P069,CALLED,2026-08-08T01:07:00,346,0.886
P060,P020,CALLED,2026-08-09T08:08:00,1489,0.919
P077,P051,CALLED,2026-08-10T15:09:00,2248,0.91
P014,P002,CALLED,2026-08-11T22:10:00,2200,0.924
P031,P033,CALLED,2026-08-12T05:11:00,1166,0.846
P048,P064,CALLED,2026-08-13T12:12:00,676,0.941
P065,P015,CALLED,2026-08-14T19:13:00,180,0.76
P002,P046,CALLED,2026-08-15T02:14:00,1435,0.892
P019,P077,CALLED,2026-08-16T09:15:00,613,0.805
P036,P028,CALLED,2026-08-17T16:16:00,2294,0.76
P053,P059,CALLED,2026-08-18T23:17:00,1786,0.958
P070,P010,CALLED,2026-08-19T06:18:00,1928,0.847
P007,P041,CALLED,2026-08-20T13:19:00,1011,0.915
P024,P072,CALLED,2026-08-21T20:20:00,646,0.94
P041,P023,CALLED,2026-08-22T03:21:00,1957,0.837
P058,P054,CALLED,2026-08-23T10:22:00,281,0.91
P075,P005,CALLED,2026-08-24T17:23:00,983,0.911
P012,P036,CALLED,2026-08-25T00:24:00,1500,0.889
P029,P067,CALLED,2026-08-26T07:25:00,990,0.775
P046,P018,CALLED,2026-08-27T14:26:00,723,0.844
P063,P049,CALLED,2026-08-28T21:27:00,52,0.953
P080,P002,CALLED,2026-08-29T04:28:00,1420,0.979
P017,P031,CALLED,2026-08-30T11:29:00,55,0.914
P034,P062,CALLED,2026-08-01T18:30:00,498,0.899
P051,P013,CALLED,2026-08-02T01:31:00,478,0.83
P068,P044,CALLED,2026-08-03T08:32:00,1024,0.814
P005,P075,CALLED,2026-08-04T15:33:00,217,0.937
P022,P026,CALLED,2026-08-05T22:34:00,773,0.906
P039,P057,CALLED,2026-08-06T05:35:00,2097,0.909
P056,P008,CALLED,2026-08-07T12:36:00,681,0.97
P073,P039,CALLED,2026-08-08T19:37:00,2179,0.798
P010,P070,CALLED,2026-08-09T02:38:00,1414,0.846
P027,P021,CALLED,2026-08-10T09:39:00,862,0.758
P044,P052,CALLED,2026-08-11T16:40:00,778,0.784
P061,P003,CALLED,2026-08-12T23:41:00,2002,0.942
P078,P034,CALLED,2026-08-13T06:42:00,451,0.94
P015,P065,CALLED,2026-08-14T13:43:00,1237,0.844
P032,P016,CALLED,2026-08-15T20:44:00,1793,0.868
P049,P047,CALLED,2026-08-16T03:45:00,1405,0.913
P066,P078,CALLED,2026-08-17T10:46:00,1030,0.901
P003,P029,CALLED,2026-08-18T17:47:00,1366,0.959
P020,P060,CALLED,2026-08-19T00:48:00,1262,0.823
P037,P011,CALLED,2026-08-20T07:49:00,41,0.951
P054,P042,CALLED,2026-08-21T14:50:00,1676,0.776
P071,P073,CALLED,2026-08-22T21:51:00,420,0.973
P008,P024,CALLED,2026-08-23T04:52:00,1908,0.901
P025,P055,CALLED,2026-08-24T11:53:00,386,0.833
P042,P006,CALLED,2026-08-25T18:54:00,2197,0.774
P059,P037,CALLED,2026-08-26T01:55:00,153,0.917
P076,P068,CALLED,2026-08-27T08:56:00,700,0.86
P013,P019,CALLED,2026-08-28T15:57:00,1553,0.842
P030,P050,CALLED,2026-08-29T22:58:00,1827,0.77
P047,P001,CALLED,2026-08-30T05:59:00,966,0.937
P064,P032,CALLED,2026-08-01T12:00:00,1836,0.873
P001,P063,CALLED,2026-08-02T19:01:00,2275,0.964
P018,P014,CALLED,2026-08-03T02:02:00,2266,0.869
P035,P045,CALLED,2026-08-04T09:03:00,321,0.821
P052,P076,CALLED,2026-08-05T16:04:00,1893,0.869
P069,P027,CALLED,2026-08-06T23:05:00,1630,0.883
P006,P058,CALLED,2026-08-07T06:06:00,1962,0.765
P023,P009,CALLED,2026-08-08T13:07:00,2353,0.971
P040,P042,CALLED,2026-08-09T20:08:00,1615,0.82
P057,P071,CALLED,2026-08-10T03:09:00,1335,0.989
P074,P022,CALLED,2026-08-11T10:10:00,1418,0.944
P011,P053,CALLED,2026-08-12T17:11:00,926,0.872
P028,P004,CALLED,2026-08-13T00:12:00,35,0.787
P045,P035,CALLED,2026-08-14T07:13:00,1561,0.804
P062,P066,CALLED,2026-08-15T14:14:00,449,0.864
P079,P017,CALLED,2026-08-16T21:15:00,1380,0.817
P016,P048,CALLED,2026-08-17T04:16:00,20,0.759
P033,P079,CALLED,2026-08-18T11:17:00,2013,0.954
P050,P030,CALLED,2026-08-19T18:18:00,256,0.921
P067,P061,CALLED,2026-08-20T01:19:00,1199,0.967
P004,P012,CALLED,2026-08-21T08:20:00,289,0.865
P021,P043,CALLED,2026-08-22T15:21:00,695,0.887
P038,P074,CALLED,2026-08-23T22:22:00,1835,0.767
P055,P025,CALLED,2026-08-24T05:23:00,2334,0.874
P072,P056,CALLED,2026-08-25T12:24:00,426,0.923
P009,P007,CALLED,2026-08-26T19:25:00,732,0.854
P026,P038,CALLED,2026-08-27T02:26:00,135,0.981
P043,P069,CALLED,2026-08-28T09:27:00,1918,0.932
P060,P020,CALLED,2026-08-29T16:28:00,1086,0.971
P077,P051,CALLED,2026-08-30T23:29:00,32,0.795
P014,P002,CALLED,2026-08-01T06:30:00,2091,0.871
P031,P033,CALLED,2026-08-02T13:31:00,670,0.861
P048,P064,CALLED,2026-08-03T20:32:00,245,0.762
P065,P015,CALLED,2026-08-04T03:33:00,1801,0.816
P002,P046,CALLED,2026-08-05T10:34:00,1852,0.914
P019,P077,CALLED,2026-08-06T17:35:00,2161,0.752
P036,P028,CALLED,2026-08-07T00:36:00,45,0.759
P053,P059,CALLED,2026-08-08T07:37:00,1521,0.968
P070,P010,CALLED,2026-08-09T14:38:00,1614,0.767
P007,P041,CALLED,2026-08-10T21:39:00,2219,0.782
P024,P072,CALLED,2026-08-11T04:40:00,2055,0.822
P041,P023,CALLED,2026-08-12T11:41:00,2076,0.985
P058,P054,CALLED,2026-08-13T18:42:00,1218,0.974
P075,P005,CALLED,2026-08-14T01:43:00,672,0.928
P012,P036,CALLED,2026-08-15T08:44:00,476,0.8
P029,P067,CALLED,2026-08-16T15:45:00,1587,0.94
P046,P018,CALLED,2026-08-17T22:46:00,1673,0.931
P063,P049,CALLED,2026-08-18T05:47:00,735,0.777
P080,P002,CALLED,2026-08-19T12:48:00,1728,0.942
P017,P031,CALLED,2026-08-20T19:49:00,404,0.841
P034,P062,CALLED,2026-08-21T02:50:00,165,0.854
P051,P013,CALLED,2026-08-22T09:51:00,836,0.907
P068,P044,CALLED,2026-08-23T16:52:00,1258,0.821
P005,P075,CALLED,2026-08-24T23:53:00,490,0.887
P022,P026,CALLED,2026-08-25T06:54:00,877,0.891
P039,P057,CALLED,2026-08-26T13:55:00,236,0.842
P056,P008,CALLED,2026-08-27T20:56:00,227,0.826
P073,P039,CALLED,2026-08-28T03:57:00,1877,0.771
P010,P070,CALLED,2026-08-29T10:58:00,1107,0.911
P027,P021,CALLED,2026-08-30T17:59:00,2315,0.91
P044,P052,CALLED,2026-08-01T00:00:00,359,0.841
P061,P003,CALLED,2026-08-02T07:01:00,253,0.985
P078,P034,CALLED,2026-08-03T14:02:00,1809,0.948
P015,P065,CALLED,2026-08-04T21:03:00,861,0.805
P032,P016,CALLED,2026-08-05T04:04:00,1387,0.981
P049,P047,CALLED,2026-08-06T11:05:00,1337,0.899
P066,P078,CALLED,2026-08-07T18:06:00,92,0.811
P003,P029,CALLED,2026-08-08T01:07:00,333,0.929
P020,P060,CALLED,2026-08-09T08:08:00,248,0.981
P037,P011,CALLED,2026-08-10T15:09:00,868,0.853
P054,P042,CALLED,2026-08-11T22:10:00,94,0.953
P071,P073,CALLED,2026-08-12T05:11:00,1152,0.908
P008,P024,CALLED,2026-08-13T12:12:00,849,0.975
P025,P055,CALLED,2026-08-14T19:13:00,457,0.803
P042,P006,CALLED,2026-08-15T02:14:00,377,0.921
P059,P037,CALLED,2026-08-16T09:15:00,2139,0.888
P076,P068,CALLED,2026-08-17T16:16:00,2395,0.902
P013,P019,CALLED,2026-08-18T23:17:00,965,0.751
P030,P050,CALLED,2026-08-19T06:18:00,564,0.821
P047,P001,CALLED,2026-08-20T13:19:00,1683,0.978
P064,P032,CALLED,2026-08-21T20:20:00,1076,0.79
P001,P063,CALLED,2026-08-22T03:21:00,823,0.88
P018,P014,CALLED,2026-08-23T10:22:00,577,0.911
P035,P045,CALLED,2026-08-24T17:23:00,11,0.82
P052,P076,CALLED,2026-08-25T00:24:00,1398,0.854
P069,P027,CALLED,2026-08-26T07:25:00,13,0.818
P006,P058,CALLED,2026-08-27T14:26:00,1139,0.952
P023,P009,CALLED,2026-08-28T21:27:00,1189,0.961
P040,P042,CALLED,2026-08-29T04:28:00,1197,0.978
P057,P071,CALLED,2026-08-30T11:29:00,2390,0.891
P074,P022,CALLED,2026-08-01T18:30:00,1493,0.769
P011,P053,CALLED,2026-08-02T01:31:00,682,0.893
P028,P004,CALLED,2026-08-03T08:32:00,135,0.97
P045,P035,CALLED,2026-08-04T15:33:00,1235,0.933
P062,P066,CALLED,2026-08-05T22:34:00,736,0.876
P079,P017,CALLED,2026-08-06T05:35:00,955,0.875
P016,P048,CALLED,2026-08-07T12:36:00,1670,0.764
P033,P079,CALLED,2026-08-08T19:37:00,1966,0.868
P050,P030,CALLED,2026-08-09T02:38:00,1558,0.833
P067,P061,CALLED,2026-08-10T09:39:00,1589,0.823
P004,P012,CALLED,2026-08-11T16:40:00,1690,0.801
P021,P043,CALLED,2026-08-12T23:41:00,443,0.776
P038,P074,CALLED,2026-08-13T06:42:00,1835,0.966
P055,P025,CALLED,2026-08-14T13:43:00,1367,0.977
P072,P056,CALLED,2026-08-15T20:44:00,1884,0.921
P009,P007,CALLED,2026-08-16T03:45:00,31,0.988
P026,P038,CALLED,2026-08-17T10:46:00,553,0.933
P043,P069,CALLED,2026-08-18T17:47:00,2162,0.794
P060,P020,CALLED,2026-08-19T00:48:00,587,0.886
P077,P051,CALLED,2026-08-20T07:49:00,1774,0.863
P014,P002,CALLED,2026-08-21T14:50:00,491,0.918
P031,P033,CALLED,2026-08-22T21:51:00,1333,0.977
P048,P064,CALLED,2026-08-23T04:52:00,1373,0.794
P065,P015,CALLED,2026-08-24T11:53:00,368,0.903
P002,P046,CALLED,2026-08-25T18:54:00,943,0.971
P019,P077,CALLED,2026-08-26T01:55:00,1058,0.924
P036,P028,CALLED,2026-08-27T08:56:00,147,0.849
P053,P059,CALLED,2026-08-28T15:57:00,1414,0.813
P070,P010,CALLED,2026-08-29T22:58:00,1132,0.756
P007,P041,CALLED,2026-08-30T05:59:00,242,0.853
P024,P072,CALLED,2026-08-01T12:00:00,539,0.778
P041,P023,CALLED,2026-08-02T19:01:00,1247,0.925
P058,P054,CALLED,2026-08-03T02:02:00,1971,0.774
P075,P005,CALLED,2026-08-04T09:03:00,1442,0.907
P012,P036,CALLED,2026-08-05T16:04:00,2170,0.92
P029,P067,CALLED,2026-08-06T23:05:00,1738,0.973
P046,P018,CALLED,2026-08-07T06:06:00,1085,0.913
P063,P049,CALLED,2026-08-08T13:07:00,2192,0.867
P080,P002,CALLED,2026-08-09T20:08:00,2027,0.809
P017,P031,CALLED,2026-08-10T03:09:00,819,0.972
P034,P062,CALLED,2026-08-11T10:10:00,1687,0.753
P051,P013,CALLED,2026-08-12T17:11:00,1864,0.816
P068,P044,CALLED,2026-08-13T00:12:00,2285,0.98
P005,P075,CALLED,2026-08-14T07:13:00,1757,0.809
P022,P026,CALLED,2026-08-15T14:14:00,1175,0.855
P039,P057,CALLED,2026-08-16T21:15:00,1471,0.819
P056,P008,CALLED,2026-08-17T04:16:00,1049,0.952
P073,P039,CALLED,2026-08-18T11:17:00,1525,0.841
P010,P070,CALLED,2026-08-19T18:18:00,1006,0.896
P027,P021,CALLED,2026-08-20T01:19:00,1047,0.882
P044,P052,CALLED,2026-08-21T08:20:00,1362,0.963
P061,P003,CALLED,2026-08-22T15:21:00,694,0.93
P078,P034,CALLED,2026-08-23T22:22:00,1235,0.839
P015,P065,CALLED,2026-08-24T05:23:00,2290,0.783
P032,P016,CALLED,2026-08-25T12:24:00,1281,0.944
P049,P047,CALLED,2026-08-26T19:25:00,1721,0.918
P066,P078,CALLED,2026-08-27T02:26:00,1587,0.91
P003,P029,CALLED,2026-08-28T09:27:00,2153,0.868
P020,P060,CALLED,2026-08-29T16:28:00,1671,0.936
P037,P011,CALLED,2026-08-30T23:29:00,1423,0.857
P054,P042,CALLED,2026-08-01T06:30:00,1791,0.792
P071,P073,CALLED,2026-08-02T13:31:00,1352,0.817
P008,P024,CALLED,2026-08-03T20:32:00,768,0.955
P025,P055,CALLED,2026-08-04T03:33:00,49,0.891
P042,P006,CALLED,2026-08-05T10:34:00,2076,0.882
P059,P037,CALLED,2026-08-06T17:35:00,771,0.938
P076,P068,CALLED,2026-08-07T00:36:00,1953,0.87
P013,P019,CALLED,2026-08-08T07:37:00,1513,0.934
P030,P050,CALLED,2026-08-09T14:38:00,897,0.912
P047,P001,CALLED,2026-08-10T21:39:00,194,0.866
P064,P032,CALLED,2026-08-11T04:40:00,2342,0.755
P001,P063,CALLED,2026-08-12T11:41:00,557,0.948
P018,P014,CALLED,2026-08-13T18:42:00,2188,0.832
P035,P045,CALLED,2026-08-14T01:43:00,359,0.912
P052,P076,CALLED,2026-08-15T08:44:00,1595,0.972
P069,P027,CALLED,2026-08-16T15:45:00,1187,0.972
P006,P058,CALLED,2026-08-17T22:46:00,1580,0.893
P023,P009,CALLED,2026-08-18T05:47:00,1028,0.971
P040,P042,CALLED,2026-08-19T12:48:00,243,0.911
P057,P071,CALLED,2026-08-20T19:49:00,308,0.902
P074,P022,CALLED,2026-08-21T02:50:00,2254,0.807
P011,P053,CALLED,2026-08-22T09:51:00,872,0.758
P028,P004,CALLED,2026-08-23T16:52:00,904,0.95
P045,P035,CALLED,2026-08-24T23:53:00,295,0.856
P062,P066,CALLED,2026-08-25T06:54:00,391,0.856
P079,P017,CALLED,2026-08-26T13:55:00,1832,0.788
P016,P048,CALLED,2026-08-27T20:56:00,948,0.857
P033,P079,CALLED,2026-08-28T03:57:00,735,0.985
P050,P030,CALLED,2026-08-29T10:58:00,609,0.935
P067,P061,CALLED,2026-08-30T17:59:00,730,0.978
P004,P012,CALLED,2026-08-01T00:00:00,758,0.961
P021,P043,CALLED,2026-08-02T07:01:00,1139,0.947
P038,P074,CALLED,2026-08-03T14:02:00,817,0.773
P055,P025,CALLED,2026-08-04T21:03:00,1308,0.906
P072,P056,CALLED,2026-08-05T04:04:00,1929,0.818
P009,P007,CALLED,2026-08-06T11:05:00,1282,0.785
P026,P038,CALLED,2026-08-07T18:06:00,325,0.968
P043,P069,CALLED,2026-08-08T01:07:00,1300,0.944
P060,P020,CALLED,2026-08-09T08:08:00,342,0.968
P077,P051,CALLED,2026-08-10T15:09:00,2397,0.857
P014,P002,CALLED,2026-08-11T22:10:00,757,0.96
P031,P033,CALLED,2026-08-12T05:11:00,1196,0.972
P048,P064,CALLED,2026-08-13T12:12:00,1960,0.967
P065,P015,CALLED,2026-08-14T19:13:00,2206,0.827
P002,P046,CALLED,2026-08-15T02:14:00,307,0.808
P019,P077,CALLED,2026-08-16T09:15:00,189,0.754
P036,P028,CALLED,2026-08-17T16:16:00,1006,0.896
P053,P059,CALLED,2026-08-18T23:17:00,583,0.773
P070,P010,CALLED,2026-08-19T06:18:00,306,0.901
P007,P041,CALLED,2026-08-20T13:19:00,565,0.802
P024,P072,CALLED,2026-08-21T20:20:00,1444,0.853
P041,P023,CALLED,2026-08-22T03:21:00,1428,0.948
P058,P054,CALLED,2026-08-23T10:22:00,1148,0.941
P075,P005,CALLED,2026-08-24T17:23:00,975,0.806
P012,P036,CALLED,2026-08-25T00:24:00,69,0.792
P029,P067,CALLED,2026-08-26T07:25:00,402,0.75
P046,P018,CALLED,2026-08-27T14:26:00,804,0.821
P063,P049,CALLED,2026-08-28T21:27:00,1021,0.855
P080,P002,CALLED,2026-08-29T04:28:00,2102,0.767
P017,P031,CALLED,2026-08-30T11:29:00,738,0.814
P034,P062,CALLED,2026-08-01T18:30:00,1514,0.942
P051,P013,CALLED,2026-08-02T01:31:00,340,0.862
P068,P044,CALLED,2026-08-03T08:32:00,1269,0.964
P005,P075,CALLED,2026-08-04T15:33:00,2183,0.887
P022,P026,CALLED,2026-08-05T22:34:00,1977,0.971
P039,P057,CALLED,2026-08-06T05:35:00,2096,0.959
P056,P008,CALLED,2026-08-07T12:36:00,1903,0.886
P073,P039,CALLED,2026-08-08T19:37:00,1153,0.827
P010,P070,CALLED,2026-08-09T02:38:00,2033,0.974
P027,P021,CALLED,2026-08-10T09:39:00,186,0.763
P044,P052,CALLED,2026-08-11T16:40:00,341,0.932
P061,P003,CALLED,2026-08-12T23:41:00,13,0.84
P078,P034,CALLED,2026-08-13T06:42:00,837,0.863
P015,P065,CALLED,2026-08-14T13:43:00,1657,0.899
P032,P016,CALLED,2026-08-15T20:44:00,1695,0.77
P049,P047,CALLED,2026-08-16T03:45:00,947,0.874
P066,P078,CALLED,2026-08-17T10:46:00,1494,0.785
P003,P029,CALLED,2026-08-18T17:47:00,2009,0.863
P020,P060,CALLED,2026-08-19T00:48:00,127,0.873
P037,P011,CALLED,2026-08-20T07:49:00,989,0.871
P054,P042,CALLED,2026-08-21T14:50:00,921,0.99
P071,P073,CALLED,2026-08-22T21:51:00,241,0.765
P008,P024,CALLED,2026-08-23T04:52:00,1455,0.806
P025,P055,CALLED,2026-08-24T11:53:00,492,0.974
P042,P006,CALLED,2026-08-25T18:54:00,736,0.957
P059,P037,CALLED,2026-08-26T01:55:00,951,0.863
P076,P068,CALLED,2026-08-27T08:56:00,1279,0.967
P013,P019,CALLED,2026-08-28T15:57:00,2286,0.753
P030,P050,CALLED,2026-08-29T22:58:00,1742,0.835
P047,P001,CALLED,2026-08-30T05:59:00,1102,0.864
P064,P032,CALLED,2026-08-01T12:00:00,1394,0.758
P001,P063,CALLED,2026-08-02T19:01:00,1395,0.833
P018,P014,CALLED,2026-08-03T02:02:00,2263,0.787
P035,P045,CALLED,2026-08-04T09:03:00,629,0.8
P052,P076,CALLED,2026-08-05T16:04:00,1497,0.76
P069,P027,CALLED,2026-08-06T23:05:00,2330,0.97
P006,P058,CALLED,2026-08-07T06:06:00,410,0.873
P023,P009,CALLED,2026-08-08T13:07:00,664,0.881
P040,P042,CALLED,2026-08-09T20:08:00,1358,0.782
P057,P071,CALLED,2026-08-10T03:09:00,1901,0.93
P074,P022,CALLED,2026-08-11T10:10:00,1098,0.756
P011,P053,CALLED,2026-08-12T17:11:00,1356,0.869
P028,P004,CALLED,2026-08-13T00:12:00,2014,0.973
P045,P035,CALLED,2026-08-14T07:13:00,729,0.837
P062,P066,CALLED,2026-08-15T14:14:00,1065,0.798
P079,P017,CALLED,2026-08-16T21:15:00,1189,0.849
P016,P048,CALLED,2026-08-17T04:16:00,1877,0.812
P033,P079,CALLED,2026-08-18T11:17:00,463,0.973
P050,P030,CALLED,2026-08-19T18:18:00,1686,0.795
P067,P061,CALLED,2026-08-20T01:19:00,1966,0.948
P004,P012,CALLED,2026-08-21T08:20:00,1691,0.941
P021,P043,CALLED,2026-08-22T15:21:00,225,0.842
P038,P074,CALLED,2026-08-23T22:22:00,641,0.945
P055,P025,CALLED,2026-08-24T05:23:00,1043,0.973
P072,P056,CALLED,2026-08-25T12:24:00,403,0.858
P009,P007,CALLED,2026-08-26T19:25:00,1957,0.852
P026,P038,CALLED,2026-08-27T02:26:00,1100,0.803
P043,P069,CALLED,2026-08-28T09:27:00,1203,0.849
P060,P020,CALLED,2026-08-29T16:28:00,1212,0.951
P077,P051,CALLED,2026-08-30T23:29:00,1296,0.81
P014,P002,CALLED,2026-08-01T06:30:00,1539,0.928
P031,P033,CALLED,2026-08-02T13:31:00,2182,0.823
P048,P064,CALLED,2026-08-03T20:32:00,743,0.768
P065,P015,CALLED,2026-08-04T03:33:00,2372,0.913
P002,P046,CALLED,2026-08-05T10:34:00,1943,0.756
P019,P077,CALLED,2026-08-06T17:35:00,359,0.774
P036,P028,CALLED,2026-08-07T00:36:00,844,0.819
P053,P059,CALLED,2026-08-08T07:37:00,2241,0.944
P070,P010,CALLED,2026-08-09T14:38:00,2318,0.835
P007,P041,CALLED,2026-08-10T21:39:00,363,0.753
P024,P072,CALLED,2026-08-11T04:40:00,1598,0.85
P041,P023,CALLED,2026-08-12T11:41:00,1508,0.793
P058,P054,CALLED,2026-08-13T18:42:00,2333,0.967
P075,P005,CALLED,2026-08-14T01:43:00,1959,0.932
P012,P036,CALLED,2026-08-15T08:44:00,1249,0.95
P029,P067,CALLED,2026-08-16T15:45:00,1438,0.968
P046,P018,CALLED,2026-08-17T22:46:00,1655,0.787
P063,P049,CALLED,2026-08-18T05:47:00,2008,0.775
P080,P002,CALLED,2026-08-19T12:48:00,1485,0.786
P017,P031,CALLED,2026-08-20T19:49:00,1173,0.901
P034,P062,CALLED,2026-08-21T02:50:00,229,0.898
P051,P013,CALLED,2026-08-22T09:51:00,1978,0.868
P068,P044,CALLED,2026-08-23T16:52:00,583,0.984
P005,P075,CALLED,2026-08-24T23:53:00,1290,0.774
P022,P026,CALLED,2026-08-25T06:54:00,1486,0.775
P039,P057,CALLED,2026-08-26T13:55:00,118,0.768
P056,P008,CALLED,2026-08-27T20:56:00,2103,0.872
P073,P039,CALLED,2026-08-28T03:57:00,1082,0.785
P010,P070,CALLED,2026-08-29T10:58:00,122,0.817
P027,P021,CALLED,2026-08-30T17:59:00,1660,0.854
P044,P052,CALLED,2026-08-01T00:00:00,1620,0.866
P061,P003,CALLED,2026-08-02T07:01:00,1535,0.893
P078,P034,CALLED,2026-08-03T14:02:00,2196,0.933
P015,P065,CALLED,2026-08-04T21:03:00,202,0.765
P032,P016,CALLED,2026-08-05T04:04:00,704,0.889
P049,P047,CALLED,2026-08-06T11:05:00,1275,0.759
P066,P078,CALLED,2026-08-07T18:06:00,1273,0.856
P003,P029,CALLED,2026-08-08T01:07:00,1992,0.989
P020,P060,CALLED,2026-08-09T08:08:00,1258,0.853
P037,P011,CALLED,2026-08-10T15:09:00,115,0.813
P054,P042,CALLED,2026-08-11T22:10:00,2169,0.974
P071,P073,CALLED,2026-08-12T05:11:00,1575,0.883
P008,P024,CALLED,2026-08-13T12:12:00,482,0.781
P025,P055,CALLED,2026-08-14T19:13:00,1049,0.868
P042,P006,CALLED,2026-08-15T02:14:00,993,0.807
P059,P037,CALLED,2026-08-16T09:15:00,1530,0.769
P076,P068,CALLED,2026-08-17T16:16:00,1278,0.907
P013,P019,CALLED,2026-08-18T23:17:00,663,0.959
P030,P050,CALLED,2026-08-19T06:18:00,1999,0.872
P047,P001,CALLED,2026-08-20T13:19:00,1336,0.962
P064,P032,CALLED,2026-08-21T20:20:00,289,0.784
P001,P063,CALLED,2026-08-22T03:21:00,825,0.877
P018,P014,CALLED,2026-08-23T10:22:00,1300,0.938
P035,P045,CALLED,2026-08-24T17:23:00,1661,0.804
P052,P076,CALLED,2026-08-25T00:24:00,1609,0.895
P069,P027,CALLED,2026-08-26T07:25:00,1734,0.874
P006,P058,CALLED,2026-08-27T14:26:00,581,0.933
P023,P009,CALLED,2026-08-28T21:27:00,1955,0.982
P040,P042,CALLED,2026-08-29T04:28:00,313,0.96
P057,P071,CALLED,2026-08-30T11:29:00,1155,0.843
P074,P022,CALLED,2026-08-01T18:30:00,247,0.887
P011,P053,CALLED,2026-08-02T01:31:00,159,0.97
P028,P004,CALLED,2026-08-03T08:32:00,717,0.981
P045,P035,CALLED,2026-08-04T15:33:00,2303,0.986
P062,P066,CALLED,2026-08-05T22:34:00,2088,0.963
P079,P017,CALLED,2026-08-06T05:35:00,440,0.82
P016,P048,CALLED,2026-08-07T12:36:00,956,0.939
P033,P079,CALLED,2026-08-08T19:37:00,2191,0.788
P050,P030,CALLED,2026-08-09T02:38:00,500,0.948
P067,P061,CALLED,2026-08-10T09:39:00,393,0.859
P004,P012,CALLED,2026-08-11T16:40:00,1175,0.871
P021,P043,CALLED,2026-08-12T23:41:00,771,0.816
P038,P074,CALLED,2026-08-13T06:42:00,1318,0.843
P055,P025,CALLED,2026-08-14T13:43:00,1783,0.853
P072,P056,CALLED,2026-08-15T20:44:00,2111,0.802
P009,P007,CALLED,2026-08-16T03:45:00,411,0.955
P026,P038,CALLED,2026-08-17T10:46:00,1842,0.911
P043,P069,CALLED,2026-08-18T17:47:00,710,0.968
P060,P020,CALLED,2026-08-19T00:48:00,2300,0.791
P077,P051,CALLED,2026-08-20T07:49:00,679,0.782
P014,P002,CALLED,2026-08-21T14:50:00,1615,0.8
P031,P033,CALLED,2026-08-22T21:51:00,1106,0.857
P048,P064,CALLED,2026-08-23T04:52:00,2081,0.838
P065,P015,CALLED,2026-08-24T11:53:00,309,0.84
P002,P046,CALLED,2026-08-25T18:54:00,83,0.829
P019,P077,CALLED,2026-08-26T01:55:00,895,0.899
P036,P028,CALLED,2026-08-27T08:56:00,2048,0.76
P053,P059,CALLED,2026-08-28T15:57:00,126,0.85
P070,P010,CALLED,2026-08-29T22:58:00,2355,0.868
P007,P041,CALLED,2026-08-30T05:59:00,1538,0.823
P024,P072,CALLED,2026-08-01T12:00:00,271,0.984
P041,P023,CALLED,2026-08-02T19:01:00,1187,0.917
P058,P054,CALLED,2026-08-03T02:02:00,2052,0.782
P075,P005,CALLED,2026-08-04T09:03:00,731,0.92
P012,P036,CALLED,2026-08-05T16:04:00,1757,0.869
P029,P067,CALLED,2026-08-06T23:05:00,2040,0.762
P046,P018,CALLED,2026-08-07T06:06:00,1485,0.94
P063,P049,CALLED,2026-08-08T13:07:00,410,0.801
P080,P002,CALLED,2026-08-09T20:08:00,1095,0.808
P017,P031,CALLED,2026-08-10T03:09:00,1817,0.913
P034,P062,CALLED,2026-08-11T10:10:00,1922,0.793
P051,P013,CALLED,2026-08-12T17:11:00,1550,0.838
P068,P044,CALLED,2026-08-13T00:12:00,1199,0.857
P005,P075,CALLED,2026-08-14T07:13:00,1108,0.867
P022,P026,CALLED,2026-08-15T14:14:00,174,0.877
P039,P057,CALLED,2026-08-16T21:15:00,1453,0.787
P056,P008,CALLED,2026-08-17T04:16:00,1814,0.762
P073,P039,CALLED,2026-08-18T11:17:00,2100,0.925
P010,P070,CALLED,2026-08-19T18:18:00,45,0.989
P027,P021,CALLED,2026-08-20T01:19:00,2341,0.845
P044,P052,CALLED,2026-08-21T08:20:00,801,0.759
P061,P003,CALLED,2026-08-22T15:21:00,1022,0.78
P078,P034,CALLED,2026-08-23T22:22:00,2239,0.815
P015,P065,CALLED,2026-08-24T05:23:00,702,0.851
P032,P016,CALLED,2026-08-25T12:24:00,1374,0.796
P049,P047,CALLED,2026-08-26T19:25:00,868,0.979
P066,P078,CALLED,2026-08-27T02:26:00,942,0.765
P003,P029,CALLED,2026-08-28T09:27:00,904,0.91
P020,P060,CALLED,2026-08-29T16:28:00,1347,0.764
P037,P011,CALLED,2026-08-30T23:29:00,1582,0.842
P054,P042,CALLED,2026-08-01T06:30:00,1441,0.953
P071,P073,CALLED,2026-08-02T13:31:00,682,0.949
P008,P024,CALLED,2026-08-03T20:32:00,213,0.913
P025,P055,CALLED,2026-08-04T03:33:00,2001,0.79
P042,P006,CALLED,2026-08-05T10:34:00,1939,0.856
P059,P037,CALLED,2026-08-06T17:35:00,1751,0.954
P076,P068,CALLED,2026-08-07T00:36:00,1870,0.781
P013,P019,CALLED,2026-08-08T07:37:00,181,0.774
P030,P050,CALLED,2026-08-09T14:38:00,512,0.879
P047,P001,CALLED,2026-08-10T21:39:00,1860,0.765
P064,P032,CALLED,2026-08-11T04:40:00,1938,0.872
P001,P063,CALLED,2026-08-12T11:41:00,638,0.873
P018,P014,CALLED,2026-08-13T18:42:00,60,0.847
P035,P045,CALLED,2026-08-14T01:43:00,1744,0.92
P052,P076,CALLED,2026-08-15T08:44:00,1491,0.97
P069,P027,CALLED,2026-08-16T15:45:00,1347,0.976
P006,P058,CALLED,2026-08-17T22:46:00,173,0.847
P023,P009,CALLED,2026-08-18T05:47:00,1804,0.787
P040,P042,CALLED,2026-08-19T12:48:00,1223,0.916
P057,P071,CALLED,2026-08-20T19:49:00,438,0.751
P074,P022,CALLED,2026-08-21T02:50:00,1733,0.897
P011,P053,CALLED,2026-08-22T09:51:00,1789,0.858
P028,P004,CALLED,2026-08-23T16:52:00,761,0.766
P045,P035,CALLED,2026-08-24T23:53:00,1103,0.983
P062,P066,CALLED,2026-08-25T06:54:00,2205,0.973
P079,P017,CALLED,2026-08-26T13:55:00,649,0.844
P016,P048,CALLED,2026-08-27T20:56:00,2216,0.859
P033,P079,CALLED,2026-08-28T03:57:00,562,0.79
P050,P030,CALLED,2026-08-29T10:58:00,604,0.847
P067,P061,CALLED,2026-08-30T17:59:00,677,0.931
P004,P012,CALLED,2026-08-01T00:00:00,1797,0.915
P021,P043,CALLED,2026-08-02T07:01:00,2142,0.953
P038,P074,CALLED,2026-08-03T14:02:00,2368,0.953
P055,P025,CALLED,2026-08-04T21:03:00,283,0.983
P072,P056,CALLED,2026-08-05T04:04:00,2117,0.778
P009,P007,CALLED,2026-08-06T11:05:00,2221,0.876
P026,P038,CALLED,2026-08-07T18:06:00,94,0.891
P043,P069,CALLED,2026-08-08T01:07:00,907,0.761
P060,P020,CALLED,2026-08-09T08:08:00,542,0.811
P077,P051,CALLED,2026-08-10T15:09:00,482,0.789
P014,P002,CALLED,2026-08-11T22:10:00,1667,0.778
P031,P033,CALLED,2026-08-12T05:11:00,437,0.754
P048,P064,CALLED,2026-08-13T12:12:00,716,0.901
P065,P015,CALLED,2026-08-14T19:13:00,480,0.753
P002,P046,CALLED,2026-08-15T02:14:00,48,0.985
P019,P077,CALLED,2026-08-16T09:15:00,1662,0.908
P036,P028,CALLED,2026-08-17T16:16:00,146,0.938
P053,P059,CALLED,2026-08-18T23:17:00,723,0.916
P070,P010,CALLED,2026-08-19T06:18:00,16,0.952
P007,P041,CALLED,2026-08-20T13:19:00,1244,0.788
P024,P072,CALLED,2026-08-21T20:20:00,1982,0.882
P041,P023,CALLED,2026-08-22T03:21:00,418,0.884
P058,P054,CALLED,2026-08-23T10:22:00,865,0.866
P075,P005,CALLED,2026-08-24T17:23:00,107,0.984
P012,P036,CALLED,2026-08-25T00:24:00,2100,0.873
P029,P067,CALLED,2026-08-26T07:25:00,475,0.904
P046,P018,CALLED,2026-08-27T14:26:00,929,0.806
P063,P049,CALLED,2026-08-28T21:27:00,1463,0.905
P080,P002,CALLED,2026-08-29T04:28:00,138,0.916
P017,P031,CALLED,2026-08-30T11:29:00,411,0.764
P034,P062,CALLED,2026-08-01T18:30:00,1847,0.763
P051,P013,CALLED,2026-08-02T01:31:00,1744,0.864
P068,P044,CALLED,2026-08-03T08:32:00,1279,0.875
P005,P075,CALLED,2026-08-04T15:33:00,1745,0.871
P022,P026,CALLED,2026-08-05T22:34:00,31,0.92
P039,P057,CALLED,2026-08-06T05:35:00,87,0.783
P056,P008,CALLED,2026-08-07T12:36:00,2183,0.989
P073,P039,CALLED,2026-08-08T19:37:00,1379,0.758
P010,P070,CALLED,2026-08-09T02:38:00,1059,0.953
P027,P021,CALLED,2026-08-10T09:39:00,2157,0.891
P044,P052,CALLED,2026-08-11T16:40:00,1347,0.816
P061,P003,CALLED,2026-08-12T23:41:00,2183,0.821
P078,P034,CALLED,2026-08-13T06:42:00,1822,0.83
P015,P065,CALLED,2026-08-14T13:43:00,1025,0.915
P032,P016,CALLED,2026-08-15T20:44:00,1749,0.9
P049,P047,CALLED,2026-08-16T03:45:00,263,0.826
P066,P078,CALLED,2026-08-17T10:46:00,1940,0.752
P003,P029,CALLED,2026-08-18T17:47:00,409,0.793
P020,P060,CALLED,2026-08-19T00:48:00,888,0.888
P037,P011,CALLED,2026-08-20T07:49:00,1682,0.925
P054,P042,CALLED,2026-08-21T14:50:00,1679,0.959
P071,P073,CALLED,2026-08-22T21:51:00,472,0.758
P008,P024,CALLED,2026-08-23T04:52:00,1435,0.946
P025,P055,CALLED,2026-08-24T11:53:00,2290,0.936
P042,P006,CALLED,2026-08-25T18:54:00,528,0.879
P059,P037,CALLED,2026-08-26T01:55:00,1974,0.854
P076,P068,CALLED,2026-08-27T08:56:00,76,0.911
P013,P019,CALLED,2026-08-28T15:57:00,407,0.834
P030,P050,CALLED,2026-08-29T22:58:00,1984,0.798
P047,P001,CALLED,2026-08-30T05:59:00,2347,0.829
P064,P032,CALLED,2026-08-01T12:00:00,386,0.825
P001,P063,CALLED,2026-08-02T19:01:00,2336,0.77
P018,P014,CALLED,2026-08-03T02:02:00,99,0.916
P035,P045,CALLED,2026-08-04T09:03:00,437,0.91
P052,P076,CALLED,2026-08-05T16:04:00,2219,0.972
P069,P027,CALLED,2026-08-06T23:05:00,748,0.89
P006,P058,CALLED,2026-08-07T06:06:00,2221,0.844
P023,P009,CALLED,2026-08-08T13:07:00,996,0.799
P040,P042,CALLED,2026-08-09T20:08:00,113,0.899
P057,P071,CALLED,2026-08-10T03:09:00,944,0.754
P074,P022,CALLED,2026-08-11T10:10:00,205,0.882
P011,P053,CALLED,2026-08-12T17:11:00,1223,0.968
P028,P004,CALLED,2026-08-13T00:12:00,1724,0.806
P045,P035,CALLED,2026-08-14T07:13:00,900,0.917
P062,P066,CALLED,2026-08-15T14:14:00,729,0.875
P079,P017,CALLED,2026-08-16T21:15:00,315,0.948
P016,P048,CALLED,2026-08-17T04:16:00,352,0.918
P033,P079,CALLED,2026-08-18T11:17:00,615,0.952
P050,P030,CALLED,2026-08-19T18:18:00,1776,0.791
P067,P061,CALLED,2026-08-20T01:19:00,529,0.934
P004,P012,CALLED,2026-08-21T08:20:00,710,0.88
P021,P043,CALLED,2026-08-22T15:21:00,1701,0.766
P038,P074,CALLED,2026-08-23T22:22:00,1264,0.954
P055,P025,CALLED,2026-08-24T05:23:00,561,0.846
P072,P056,CALLED,2026-08-25T12:24:00,818,0.937
P009,P007,CALLED,2026-08-26T19:25:00,1186,0.97
P026,P038,CALLED,2026-08-27T02:26:00,2355,0.986
P043,P069,CALLED,2026-08-28T09:27:00,1940,0.808
P060,P020,CALLED,2026-08-29T16:28:00,250,0.844
P077,P051,CALLED,2026-08-30T23:29:00,1033,0.944
P014,P002,CALLED,2026-08-01T06:30:00,1081,0.935
P031,P033,CALLED,2026-08-02T13:31:00,2390,0.988
P048,P064,CALLED,2026-08-03T20:32:00,846,0.882
P065,P015,CALLED,2026-08-04T03:33:00,313,0.851
P002,P046,CALLED,2026-08-05T10:34:00,443,0.924
P019,P077,CALLED,2026-08-06T17:35:00,1419,0.825
P036,P028,CALLED,2026-08-07T00:36:00,1116,0.961
P053,P059,CALLED,2026-08-08T07:37:00,602,0.918
P070,P010,CALLED,2026-08-09T14:38:00,1588,0.901
P007,P041,CALLED,2026-08-10T21:39:00,1738,0.865
P024,P072,CALLED,2026-08-11T04:40:00,1759,0.868
P041,P023,CALLED,2026-08-12T11:41:00,84,0.759
P058,P054,CALLED,2026-08-13T18:42:00,1215,0.908
P075,P005,CALLED,2026-08-14T01:43:00,2074,0.818
P012,P036,CALLED,2026-08-15T08:44:00,2350,0.961
P029,P067,CALLED,2026-08-16T15:45:00,1188,0.873
P046,P018,CALLED,2026-08-17T22:46:00,635,0.824
P063,P049,CALLED,2026-08-18T05:47:00,488,0.914
P080,P002,CALLED,2026-08-19T12:48:00,1917,0.984
P017,P031,CALLED,2026-08-20T19:49:00,1938,0.777
P034,P062,CALLED,2026-08-21T02:50:00,2227,0.957
P051,P013,CALLED,2026-08-22T09:51:00,845,0.982
P068,P044,CALLED,2026-08-23T16:52:00,680,0.778
P005,P075,CALLED,2026-08-24T23:53:00,961,0.953
P022,P026,CALLED,2026-08-25T06:54:00,1148,0.923
P039,P057,CALLED,2026-08-26T13:55:00,2041,0.835
P056,P008,CALLED,2026-08-27T20:56:00,210,0.766
P073,P039,CALLED,2026-08-28T03:57:00,766,0.871
P010,P070,CALLED,2026-08-29T10:58:00,2020,0.943
P027,P021,CALLED,2026-08-30T17:59:00,898,0.923
P044,P052,CALLED,2026-08-01T00:00:00,348,0.842
P061,P003,CALLED,2026-08-02T07:01:00,1656,0.814
P078,P034,CALLED,2026-08-03T14:02:00,2330,0.757
P015,P065,CALLED,2026-08-04T21:03:00,1078,0.832
P032,P016,CALLED,2026-08-05T04:04:00,940,0.96
P049,P047,CALLED,2026-08-06T11:05:00,26,0.816
P066,P078,CALLED,2026-08-07T18:06:00,1119,0.817
P003,P029,CALLED,2026-08-08T01:07:00,376,0.982
P020,P060,CALLED,2026-08-09T08:08:00,2003,0.872
P037,P011,CALLED,2026-08-10T15:09:00,2112,0.792
P054,P042,CALLED,2026-08-11T22:10:00,2111,0.801
P071,P073,CALLED,2026-08-12T05:11:00,1718,0.923
P008,P024,CALLED,2026-08-13T12:12:00,636,0.849
P025,P055,CALLED,2026-08-14T19:13:00,481,0.888
P042,P006,CALLED,2026-08-15T02:14:00,1103,0.799
P059,P037,CALLED,2026-08-16T09:15:00,1641,0.754
P076,P068,CALLED,2026-08-17T16:16:00,987,0.765
P013,P019,CALLED,2026-08-18T23:17:00,2022,0.882
P030,P050,CALLED,2026-08-19T06:18:00,2017,0.798
P047,P001,CALLED,2026-08-20T13:19:00,1594,0.851
P064,P032,CALLED,2026-08-21T20:20:00,147,0.761
P001,P063,CALLED,2026-08-22T03:21:00,1429,0.864
P018,P014,CALLED,2026-08-23T10:22:00,1373,0.951
P035,P045,CALLED,2026-08-24T17:23:00,2284,0.834
P052,P076,CALLED,2026-08-25T00:24:00,125,0.834
P069,P027,CALLED,2026-08-26T07:25:00,1630,0.961
P006,P058,CALLED,2026-08-27T14:26:00,2069,0.946
P023,P009,CALLED,2026-08-28T21:27:00,1643,0.782
P040,P042,CALLED,2026-08-29T04:28:00,1052,0.988
P057,P071,CALLED,2026-08-30T11:29:00,1709,0.87
P074,P022,CALLED,2026-08-01T18:30:00,1059,0.893
P011,P053,CALLED,2026-08-02T01:31:00,1374,0.886
P028,P004,CALLED,2026-08-03T08:32:00,500,0.975
P045,P035,CALLED,2026-08-04T15:33:00,199,0.94
P062,P066,CALLED,2026-08-05T22:34:00,1335,0.853
P079,P017,CALLED,2026-08-06T05:35:00,1980,0.801
P016,P048,CALLED,2026-08-07T12:36:00,1737,0.936
P033,P079,CALLED,2026-08-08T19:37:00,2110,0.962
P050,P030,CALLED,2026-08-09T02:38:00,972,0.803
P067,P061,CALLED,2026-08-10T09:39:00,1323,0.764
P004,P012,CALLED,2026-08-11T16:40:00,1833,0.934
P021,P043,CALLED,2026-08-12T23:41:00,554,0.762
P038,P074,CALLED,2026-08-13T06:42:00,2047,0.876
P055,P025,CALLED,2026-08-14T13:43:00,1797,0.765
P072,P056,CALLED,2026-08-15T20:44:00,1359,0.807
P009,P007,CALLED,2026-08-16T03:45:00,575,0.891
P026,P038,CALLED,2026-08-17T10:46:00,1237,0.768
P043,P069,CALLED,2026-08-18T17:47:00,2397,0.883
P060,P020,CALLED,2026-08-19T00:48:00,273,0.801
P077,P051,CALLED,2026-08-20T07:49:00,624,0.851
P014,P002,CALLED,2026-08-21T14:50:00,2078,0.756
P031,P033,CALLED,2026-08-22T21:51:00,396,0.888
P048,P064,CALLED,2026-08-23T04:52:00,856,0.949
P065,P015,CALLED,2026-08-24T11:53:00,227,0.981
P002,P046,CALLED,2026-08-25T18:54:00,2014,0.784
P019,P077,CALLED,2026-08-26T01:55:00,922,0.823
P036,P028,CALLED,2026-08-27T08:56:00,921,0.781
P053,P059,CALLED,2026-08-28T15:57:00,1343,0.917
P070,P010,CALLED,2026-08-29T22:58:00,176,0.767
P007,P041,CALLED,2026-08-30T05:59:00,1742,0.895
P024,P072,CALLED,2026-08-01T12:00:00,1431,0.769
P041,P023,CALLED,2026-08-02T19:01:00,1182,0.907
P058,P054,CALLED,2026-08-03T02:02:00,1011,0.969
P075,P005,CALLED,2026-08-04T09:03:00,2023,0.792
P012,P036,CALLED,2026-08-05T16:04:00,247,0.861
P029,P067,CALLED,2026-08-06T23:05:00,1052,0.941
P046,P018,CALLED,2026-08-07T06:06:00,112,0.854
P063,P049,CALLED,2026-08-08T13:07:00,1687,0.982
P080,P002,CALLED,2026-08-09T20:08:00,947,0.827
P017,P031,CALLED,2026-08-10T03:09:00,1144,0.857
P034,P062,CALLED,2026-08-11T10:10:00,488,0.789
P051,P013,CALLED,2026-08-12T17:11:00,1090,0.79
P068,P044,CALLED,2026-08-13T00:12:00,1416,0.952
P005,P075,CALLED,2026-08-14T07:13:00,73,0.892
P022,P026,CALLED,2026-08-15T14:14:00,405,0.765
P039,P057,CALLED,2026-08-16T21:15:00,154,0.904
P056,P008,CALLED,2026-08-17T04:16:00,1918,0.845
P073,P039,CALLED,2026-08-18T11:17:00,484,0.839
P010,P070,CALLED,2026-08-19T18:18:00,889,0.918
P027,P021,CALLED,2026-08-20T01:19:00,2168,0.761
P044,P052,CALLED,2026-08-21T08:20:00,1824,0.918
P061,P003,CALLED,2026-08-22T15:21:00,536,0.763
P078,P034,CALLED,2026-08-23T22:22:00,1767,0.808
P015,P065,CALLED,2026-08-24T05:23:00,1718,0.901
P032,P016,CALLED,2026-08-25T12:24:00,2179,0.918
P049,P047,CALLED,2026-08-26T19:25:00,1102,0.919
P066,P078,CALLED,2026-08-27T02:26:00,462,0.783
P003,P029,CALLED,2026-08-28T09:27:00,1802,0.818
P020,P060,CALLED,2026-08-29T16:28:00,1938,0.966
P037,P011,CALLED,2026-08-30T23:29:00,40,0.98
P054,P042,CALLED,2026-08-01T06:30:00,301,0.812
P071,P073,CALLED,2026-08-02T13:31:00,424,0.785
P008,P024,CALLED,2026-08-03T20:32:00,298,0.878
P025,P055,CALLED,2026-08-04T03:33:00,568,0.978
P042,P006,CALLED,2026-08-05T10:34:00,939,0.974
P059,P037,CALLED,2026-08-06T17:35:00,1096,0.948
P076,P068,CALLED,2026-08-07T00:36:00,1404,0.982
P013,P019,CALLED,2026-08-08T07:37:00,418,0.761
P030,P050,CALLED,2026-08-09T14:38:00,1412,0.961
P047,P001,CALLED,2026-08-10T21:39:00,571,0.87
P064,P032,CALLED,2026-08-11T04:40:00,322,0.944
P001,P063,CALLED,2026-08-12T11:41:00,1620,0.782
P018,P014,CALLED,2026-08-13T18:42:00,1405,0.971
P035,P045,CALLED,2026-08-14T01:43:00,522,0.827
P052,P076,CALLED,2026-08-15T08:44:00,2283,0.896
P069,P027,CALLED,2026-08-16T15:45:00,980,0.913
P006,P058,CALLED,2026-08-17T22:46:00,921,0.969
P023,P009,CALLED,2026-08-18T05:47:00,447,0.854
P040,P042,CALLED,2026-08-19T12:48:00,1913,0.858
P057,P071,CALLED,2026-08-20T19:49:00,2118,0.865
P074,P022,CALLED,2026-08-21T02:50:00,447,0.861
P011,P053,CALLED,2026-08-22T09:51:00,708,0.793
P028,P004,CALLED,2026-08-23T16:52:00,961,0.99
P045,P035,CALLED,2026-08-24T23:53:00,1173,0.846
P062,P066,CALLED,2026-08-25T06:54:00,692,0.757
P079,P017,CALLED,2026-08-26T13:55:00,1076,0.853
P016,P048,CALLED,2026-08-27T20:56:00,642,0.943
P033,P079,CALLED,2026-08-28T03:57:00,1201,0.917
P050,P030,CALLED,2026-08-29T10:58:00,202,0.783
P067,P061,CALLED,2026-08-30T17:59:00,58,0.965
P004,P012,CALLED,2026-08-01T00:00:00,411,0.763
P021,P043,CALLED,2026-08-02T07:01:00,1261,0.962
P038,P074,CALLED,2026-08-03T14:02:00,2177,0.862
P055,P025,CALLED,2026-08-04T21:03:00,2309,0.811
P072,P056,CALLED,2026-08-05T04:04:00,1492,0.972
P009,P007,CALLED,2026-08-06T11:05:00,262,0.845
P026,P038,CALLED,2026-08-07T18:06:00,1680,0.939
P043,P069,CALLED,2026-08-08T01:07:00,1509,0.797
P060,P020,CALLED,2026-08-09T08:08:00,1753,0.921
P077,P051,CALLED,2026-08-10T15:09:00,1754,0.821
P014,P002,CALLED,2026-08-11T22:10:00,2144,0.754
P031,P033,CALLED,2026-08-12T05:11:00,1515,0.785
P048,P064,CALLED,2026-08-13T12:12:00,49,0.783
P065,P015,CALLED,2026-08-14T19:13:00,413,0.864
P002,P046,CALLED,2026-08-15T02:14:00,2256,0.798
P019,P077,CALLED,2026-08-16T09:15:00,2312,0.814
P036,P028,CALLED,2026-08-17T16:16:00,727,0.881
P053,P059,CALLED,2026-08-18T23:17:00,850,0.789
P070,P010,CALLED,2026-08-19T06:18:00,102,0.973
P007,P041,CALLED,2026-08-20T13:19:00,963,0.873
P024,P072,CALLED,2026-08-21T20:20:00,1509,0.937
P041,P023,CALLED,2026-08-22T03:21:00,1807,0.765
P058,P054,CALLED,2026-08-23T10:22:00,556,0.906
P075,P005,CALLED,2026-08-24T17:23:00,1491,0.984
P012,P036,CALLED,2026-08-25T00:24:00,651,0.782
P029,P067,CALLED,2026-08-26T07:25:00,1324,0.817
P046,P018,CALLED,2026-08-27T14:26:00,1218,0.846
P063,P049,CALLED,2026-08-28T21:27:00,613,0.853
P080,P002,CALLED,2026-08-29T04:28:00,1191,0.828
P017,P031,CALLED,2026-08-30T11:29:00,119,0.974
P034,P062,CALLED,2026-08-01T18:30:00,1020,0.854
P051,P013,CALLED,2026-08-02T01:31:00,1891,0.797
P068,P044,CALLED,2026-08-03T08:32:00,1832,0.798
P005,P075,CALLED,2026-08-04T15:33:00,1181,0.8
P022,P026,CALLED,2026-08-05T22:34:00,46,0.969
P039,P057,CALLED,2026-08-06T05:35:00,754,0.794
P056,P008,CALLED,2026-08-07T12:36:00,734,0.765
P073,P039,CALLED,2026-08-08T19:37:00,1813,0.863
P010,P070,CALLED,2026-08-09T02:38:00,1213,0.921
P027,P021,CALLED,2026-08-10T09:39:00,23,0.758
P044,P052,CALLED,2026-08-11T16:40:00,1216,0.942
P061,P003,CALLED,2026-08-12T23:41:00,2164,0.892
P078,P034,CALLED,2026-08-13T06:42:00,1132,0.761
P015,P065,CALLED,2026-08-14T13:43:00,417,0.963
P032,P016,CALLED,2026-08-15T20:44:00,2147,0.83
P049,P047,CALLED,2026-08-16T03:45:00,1392,0.783
P066,P078,CALLED,2026-08-17T10:46:00,380,0.771
P003,P029,CALLED,2026-08-18T17:47:00,1867,0.839
P020,P060,CALLED,2026-08-19T00:48:00,659,0.975
P037,P011,CALLED,2026-08-20T07:49:00,1144,0.977
P054,P042,CALLED,2026-08-21T14:50:00,247,0.851
P071,P073,CALLED,2026-08-22T21:51:00,2354,0.813
P008,P024,CALLED,2026-08-23T04:52:00,1491,0.939
P025,P055,CALLED,2026-08-24T11:53:00,1372,0.872
P042,P006,CALLED,2026-08-25T18:54:00,1269,0.88
P059,P037,CALLED,2026-08-26T01:55:00,1036,0.863
P076,P068,CALLED,2026-08-27T08:56:00,916,0.954
P013,P019,CALLED,2026-08-28T15:57:00,2255,0.757
P030,P050,CALLED,2026-08-29T22:58:00,1440,0.778
P047,P001,CALLED,2026-08-30T05:59:00,1306,0.98
P064,P032,CALLED,2026-08-01T12:00:00,2271,0.936
P001,P063,CALLED,2026-08-02T19:01:00,2028,0.922
P018,P014,CALLED,2026-08-03T02:02:00,1936,0.941
P035,P045,CALLED,2026-08-04T09:03:00,1891,0.986
P052,P076,CALLED,2026-08-05T16:04:00,295,0.84
P069,P027,CALLED,2026-08-06T23:05:00,2012,0.962
P006,P058,CALLED,2026-08-07T06:06:00,1497,0.773
P023,P009,CALLED,2026-08-08T13:07:00,627,0.892
P040,P042,CALLED,2026-08-09T20:08:00,855,0.946
P057,P071,CALLED,2026-08-10T03:09:00,1474,0.874
P074,P022,CALLED,2026-08-11T10:10:00,2097,0.82
P011,P053,CALLED,2026-08-12T17:11:00,131,0.779
P028,P004,CALLED,2026-08-13T00:12:00,1841,0.951
P045,P035,CALLED,2026-08-14T07:13:00,243,0.914
P062,P066,CALLED,2026-08-15T14:14:00,147,0.755
P079,P017,CALLED,2026-08-16T21:15:00,1786,0.977
P016,P048,CALLED,2026-08-17T04:16:00,774,0.793
P033,P079,CALLED,2026-08-18T11:17:00,2396,0.965
P050,P030,CALLED,2026-08-19T18:18:00,1936,0.886
P067,P061,CALLED,2026-08-20T01:19:00,2006,0.955
P004,P012,CALLED,2026-08-21T08:20:00,1361,0.84
P021,P043,CALLED,2026-08-22T15:21:00,1859,0.844
P038,P074,CALLED,2026-08-23T22:22:00,2362,0.895
P055,P025,CALLED,2026-08-24T05:23:00,1137,0.815
P072,P056,CALLED,2026-08-25T12:24:00,691,0.781
P009,P007,CALLED,2026-08-26T19:25:00,758,0.981
P026,P038,CALLED,2026-08-27T02:26:00,2381,0.893
P043,P069,CALLED,2026-08-28T09:27:00,1240,0.869
P060,P020,CALLED,2026-08-29T16:28:00,2120,0.878
P077,P051,CALLED,2026-08-30T23:29:00,1217,0.897
P014,P002,CALLED,2026-08-01T06:30:00,2224,0.78
P031,P033,CALLED,2026-08-02T13:31:00,466,0.917
P048,P064,CALLED,2026-08-03T20:32:00,1118,0.776
P065,P015,CALLED,2026-08-04T03:33:00,1656,0.891
P002,P046,CALLED,2026-08-05T10:34:00,1578,0.806
P019,P077,CALLED,2026-08-06T17:35:00,1000,0.842
P036,P028,CALLED,2026-08-07T00:36:00,1823,0.765
P053,P059,CALLED,2026-08-08T07:37:00,1335,0.819
P070,P010,CALLED,2026-08-09T14:38:00,1341,0.932
P007,P041,CALLED,2026-08-10T21:39:00,1943,0.814
P024,P072,CALLED,2026-08-11T04:40:00,522,0.988
P041,P023,CALLED,2026-08-12T11:41:00,942,0.972
P058,P054,CALLED,2026-08-13T18:42:00,630,0.94
P075,P005,CALLED,2026-08-14T01:43:00,300,0.8
P012,P036,CALLED,2026-08-15T08:44:00,303,0.831
P029,P067,CALLED,2026-08-16T15:45:00,1274,0.986
P046,P018,CALLED,2026-08-17T22:46:00,1664,0.767
P063,P049,CALLED,2026-08-18T05:47:00,982,0.852
P080,P002,CALLED,2026-08-19T12:48:00,948,0.854
P017,P031,CALLED,2026-08-20T19:49:00,129,0.904
P034,P062,CALLED,2026-08-21T02:50:00,209,0.88
P051,P013,CALLED,2026-08-22T09:51:00,2095,0.751
P068,P044,CALLED,2026-08-23T16:52:00,684,0.815
P005,P075,CALLED,2026-08-24T23:53:00,111,0.971
P022,P026,CALLED,2026-08-25T06:54:00,1566,0.783
P039,P057,CALLED,2026-08-26T13:55:00,786,0.957
P056,P008,CALLED,2026-08-27T20:56:00,1164,0.865
P073,P039,CALLED,2026-08-28T03:57:00,1217,0.939
P010,P070,CALLED,2026-08-29T10:58:00,170,0.768
P027,P021,CALLED,2026-08-30T17:59:00,178,0.866
P044,P052,CALLED,2026-08-01T00:00:00,2307,0.786
P061,P003,CALLED,2026-08-02T07:01:00,1175,0.773
P078,P034,CALLED,2026-08-03T14:02:00,2049,0.948
P015,P065,CALLED,2026-08-04T21:03:00,1615,0.807
P032,P016,CALLED,2026-08-05T04:04:00,1249,0.806
P049,P047,CALLED,2026-08-06T11:05:00,2071,0.977
P066,P078,CALLED,2026-08-07T18:06:00,505,0.898
P003,P029,CALLED,2026-08-08T01:07:00,1489,0.847
P020,P060,CALLED,2026-08-09T08:08:00,458,0.93
P037,P011,CALLED,2026-08-10T15:09:00,1139,0.891
P054,P042,CALLED,2026-08-11T22:10:00,992,0.794
P071,P073,CALLED,2026-08-12T05:11:00,1654,0.889
P008,P024,CALLED,2026-08-13T12:12:00,203,0.92
P025,P055,CALLED,2026-08-14T19:13:00,607,0.823
P042,P006,CALLED,2026-08-15T02:14:00,79,0.772
P059,P037,CALLED,2026-08-16T09:15:00,2372,0.871
P076,P068,CALLED,2026-08-17T16:16:00,2138,0.857
P013,P019,CALLED,2026-08-18T23:17:00,1949,0.922
P030,P050,CALLED,2026-08-19T06:18:00,2295,0.955
P047,P001,CALLED,2026-08-20T13:19:00,1647,0.84
P064,P032,CALLED,2026-08-21T20:20:00,1991,0.849
P001,P063,CALLED,2026-08-22T03:21:00,2275,0.923
P018,P014,CALLED,2026-08-23T10:22:00,2087,0.871
P035,P045,CALLED,2026-08-24T17:23:00,2028,0.893
P052,P076,CALLED,2026-08-25T00:24:00,1092,0.855
P069,P027,CALLED,2026-08-26T07:25:00,1047,0.792
P006,P058,CALLED,2026-08-27T14:26:00,228,0.782
P023,P009,CALLED,2026-08-28T21:27:00,788,0.831
P040,P042,CALLED,2026-08-29T04:28:00,1193,0.963
P057,P071,CALLED,2026-08-30T11:29:00,937,0.871
P074,P022,CALLED,2026-08-01T18:30:00,1106,0.817
P011,P053,CALLED,2026-08-02T01:31:00,1100,0.891
P028,P004,CALLED,2026-08-03T08:32:00,406,0.905
P045,P035,CALLED,2026-08-04T15:33:00,402,0.905
P062,P066,CALLED,2026-08-05T22:34:00,1199,0.773
P079,P017,CALLED,2026-08-06T05:35:00,1463,0.989
P016,P048,CALLED,2026-08-07T12:36:00,2202,0.783
P033,P079,CALLED,2026-08-08T19:37:00,1161,0.939
P050,P030,CALLED,2026-08-09T02:38:00,135,0.866
P067,P061,CALLED,2026-08-10T09:39:00,1685,0.763
P004,P012,CALLED,2026-08-11T16:40:00,443,0.983
P021,P043,CALLED,2026-08-12T23:41:00,1025,0.972
P038,P074,CALLED,2026-08-13T06:42:00,381,0.85
P055,P025,CALLED,2026-08-14T13:43:00,289,0.804
P072,P056,CALLED,2026-08-15T20:44:00,571,0.984
P009,P007,CALLED,2026-08-16T03:45:00,356,0.825
P026,P038,CALLED,2026-08-17T10:46:00,1599,0.915
P043,P069,CALLED,2026-08-18T17:47:00,406,0.765
P060,P020,CALLED,2026-08-19T00:48:00,1146,0.974
P077,P051,CALLED,2026-08-20T07:49:00,2033,0.986
P014,P002,CALLED,2026-08-21T14:50:00,798,0.796
P031,P033,CALLED,2026-08-22T21:51:00,1210,0.972
P048,P064,CALLED,2026-08-23T04:52:00,1240,0.894
P065,P015,CALLED,2026-08-24T11:53:00,2227,0.981
P002,P046,CALLED,2026-08-25T18:54:00,846,0.817
P019,P077,CALLED,2026-08-26T01:55:00,360,0.975
P036,P028,CALLED,2026-08-27T08:56:00,1022,0.93
P053,P059,CALLED,2026-08-28T15:57:00,2116,0.938
P070,P010,CALLED,2026-08-29T22:58:00,529,0.839
P007,P041,CALLED,2026-08-30T05:59:00,2077,0.85
P024,P072,CALLED,2026-08-01T12:00:00,2112,0.796
P041,P023,CALLED,2026-08-02T19:01:00,778,0.928
P058,P054,CALLED,2026-08-03T02:02:00,1739,0.96
P075,P005,CALLED,2026-08-04T09:03:00,887,0.78
P012,P036,CALLED,2026-08-05T16:04:00,683,0.828
P029,P067,CALLED,2026-08-06T23:05:00,2059,0.903
P046,P018,CALLED,2026-08-07T06:06:00,1889,0.794
P063,P049,CALLED,2026-08-08T13:07:00,1582,0.796
P080,P002,CALLED,2026-08-09T20:08:00,1635,0.785
P017,P031,CALLED,2026-08-10T03:09:00,1985,0.964
P034,P062,CALLED,2026-08-11T10:10:00,2398,0.869
P051,P013,CALLED,2026-08-12T17:11:00,1740,0.784
P068,P044,CALLED,2026-08-13T00:12:00,25,0.887
P005,P075,CALLED,2026-08-14T07:13:00,557,0.907
P022,P026,CALLED,2026-08-15T14:14:00,283,0.869
P039,P057,CALLED,2026-08-16T21:15:00,1412,0.825
P056,P008,CALLED,2026-08-17T04:16:00,468,0.759
P073,P039,CALLED,2026-08-18T11:17:00,1778,0.963
P010,P070,CALLED,2026-08-19T18:18:00,1427,0.954
P027,P021,CALLED,2026-08-20T01:19:00,341,0.801
P044,P052,CALLED,2026-08-21T08:20:00,1744,0.785
P061,P003,CALLED,2026-08-22T15:21:00,965,0.923
P078,P034,CALLED,2026-08-23T22:22:00,1853,0.821
P015,P065,CALLED,2026-08-24T05:23:00,642,0.972
P032,P016,CALLED,2026-08-25T12:24:00,2306,0.939
P049,P047,CALLED,2026-08-26T19:25:00,1823,0.849
P066,P078,CALLED,2026-08-27T02:26:00,2200,0.812
P003,P029,CALLED,2026-08-28T09:27:00,2027,0.952
P020,P060,CALLED,2026-08-29T16:28:00,533,0.816
P037,P011,CALLED,2026-08-30T23:29:00,53,0.978
P054,P042,CALLED,2026-08-01T06:30:00,1006,0.8
P071,P073,CALLED,2026-08-02T13:31:00,2262,0.937
P008,P024,CALLED,2026-08-03T20:32:00,1015,0.939
P025,P055,CALLED,2026-08-04T03:33:00,523,0.956
P042,P006,CALLED,2026-08-05T10:34:00,1353,0.797
P059,P037,CALLED,2026-08-06T17:35:00,271,0.835
P076,P068,CALLED,2026-08-07T00:36:00,1789,0.905
P013,P019,CALLED,2026-08-08T07:37:00,2137,0.876
P030,P050,CALLED,2026-08-09T14:38:00,781,0.986
P047,P001,CALLED,2026-08-10T21:39:00,1973,0.923
P064,P032,CALLED,2026-08-11T04:40:00,1091,0.769
P001,P063,CALLED,2026-08-12T11:41:00,1220,0.824
P018,P014,CALLED,2026-08-13T18:42:00,511,0.9
P035,P045,CALLED,2026-08-14T01:43:00,168,0.771
P052,P076,CALLED,2026-08-15T08:44:00,1455,0.863
P069,P027,CALLED,2026-08-16T15:45:00,1164,0.94
P006,P058,CALLED,2026-08-17T22:46:00,959,0.987
P023,P009,CALLED,2026-08-18T05:47:00,339,0.793
P040,P042,CALLED,2026-08-19T12:48:00,639,0.803
P057,P071,CALLED,2026-08-20T19:49:00,219,0.866
P074,P022,CALLED,2026-08-21T02:50:00,473,0.847
P011,P053,CALLED,2026-08-22T09:51:00,218,0.871
P028,P004,CALLED,2026-08-23T16:52:00,166,0.824
P045,P035,CALLED,2026-08-24T23:53:00,1924,0.763
P062,P066,CALLED,2026-08-25T06:54:00,451,0.974
P079,P017,CALLED,2026-08-26T13:55:00,1980,0.98
P016,P048,CALLED,2026-08-27T20:56:00,1421,0.758
P033,P079,CALLED,2026-08-28T03:57:00,2325,0.99
P050,P030,CALLED,2026-08-29T10:58:00,2254,0.78
P067,P061,CALLED,2026-08-30T17:59:00,50,0.976
P004,P012,CALLED,2026-08-01T00:00:00,468,0.984
P021,P043,CALLED,2026-08-02T07:01:00,1728,0.954
P038,P074,CALLED,2026-08-03T14:02:00,2306,0.959
P055,P025,CALLED,2026-08-04T21:03:00,209,0.902
P072,P056,CALLED,2026-08-05T04:04:00,2105,0.872
P009,P007,CALLED,2026-08-06T11:05:00,1393,0.856
P026,P038,CALLED,2026-08-07T18:06:00,105,0.91
P043,P069,CALLED,2026-08-08T01:07:00,479,0.893
P060,P020,CALLED,2026-08-09T08:08:00,770,0.838
P077,P051,CALLED,2026-08-10T15:09:00,2259,0.979
P014,P002,CALLED,2026-08-11T22:10:00,300,0.973
P031,P033,CALLED,2026-08-12T05:11:00,914,0.94
P048,P064,CALLED,2026-08-13T12:12:00,1867,0.78
P065,P015,CALLED,2026-08-14T19:13:00,218,0.892
P002,P046,CALLED,2026-08-15T02:14:00,53,0.956
P019,P077,CALLED,2026-08-16T09:15:00,1047,0.785
P036,P028,CALLED,2026-08-17T16:16:00,2191,0.881
P053,P059,CALLED,2026-08-18T23:17:00,586,0.896
P070,P010,CALLED,2026-08-19T06:18:00,1665,0.846
P007,P041,CALLED,2026-08-20T13:19:00,442,0.966
P024,P072,CALLED,2026-08-21T20:20:00,431,0.881
P041,P023,CALLED,2026-08-22T03:21:00,1971,0.886
P058,P054,CALLED,2026-08-23T10:22:00,2171,0.985
P075,P005,CALLED,2026-08-24T17:23:00,1956,0.844
P012,P036,CALLED,2026-08-25T00:24:00,621,0.856
P029,P067,CALLED,2026-08-26T07:25:00,734,0.777
P046,P018,CALLED,2026-08-27T14:26:00,113,0.833
P063,P049,CALLED,2026-08-28T21:27:00,1770,0.96
P080,P002,CALLED,2026-08-29T04:28:00,1539,0.808
P017,P031,CALLED,2026-08-30T11:29:00,587,0.789
P034,P062,CALLED,2026-08-01T18:30:00,351,0.751
P051,P013,CALLED,2026-08-02T01:31:00,1973,0.784
P068,P044,CALLED,2026-08-03T08:32:00,944,0.766
P005,P075,CALLED,2026-08-04T15:33:00,1135,0.896
P022,P026,CALLED,2026-08-05T22:34:00,1724,0.933
P039,P057,CALLED,2026-08-06T05:35:00,900,0.848
P056,P008,CALLED,2026-08-07T12:36:00,1329,0.887
P073,P039,CALLED,2026-08-08T19:37:00,1321,0.981
P010,P070,CALLED,2026-08-09T02:38:00,286,0.763
P027,P021,CALLED,2026-08-10T09:39:00,1676,0.953
P044,P052,CALLED,2026-08-11T16:40:00,1480,0.759
P061,P003,CALLED,2026-08-12T23:41:00,1875,0.847
P078,P034,CALLED,2026-08-13T06:42:00,2345,0.865
P015,P065,CALLED,2026-08-14T13:43:00,2149,0.872
P032,P016,CALLED,2026-08-15T20:44:00,504,0.94
P049,P047,CALLED,2026-08-16T03:45:00,1008,0.97
P066,P078,CALLED,2026-08-17T10:46:00,1479,0.766
P003,P029,CALLED,2026-08-18T17:47:00,882,0.916
P020,P060,CALLED,2026-08-19T00:48:00,770,0.79
P037,P011,CALLED,2026-08-20T07:49:00,118,0.965
P054,P042,CALLED,2026-08-21T14:50:00,744,0.796
P071,P073,CALLED,2026-08-22T21:51:00,1426,0.985
P008,P024,CALLED,2026-08-23T04:52:00,947,0.967
P025,P055,CALLED,2026-08-24T11:53:00,1039,0.971
P042,P006,CALLED,2026-08-25T18:54:00,392,0.946
P059,P037,CALLED,2026-08-26T01:55:00,1425,0.831
P076,P068,CALLED,2026-08-27T08:56:00,1160,0.982
P013,P019,CALLED,2026-08-28T15:57:00,2391,0.838
P030,P050,CALLED,2026-08-29T22:58:00,2105,0.806
P047,P001,CALLED,2026-08-30T05:59:00,2205,0.921
P064,P032,CALLED,2026-08-01T12:00:00,1552,0.798
P001,P063,CALLED,2026-08-02T19:01:00,1304,0.814
P018,P014,CALLED,2026-08-03T02:02:00,1058,0.876
P035,P045,CALLED,2026-08-04T09:03:00,1824,0.853
P052,P076,CALLED,2026-08-05T16:04:00,1665,0.893
P069,P027,CALLED,2026-08-06T23:05:00,614,0.755
P006,P058,CALLED,2026-08-07T06:06:00,2227,0.934
P023,P009,CALLED,2026-08-08T13:07:00,237,0.978
P040,P042,CALLED,2026-08-09T20:08:00,1497,0.847
P057,P071,CALLED,2026-08-10T03:09:00,1994,0.902
P074,P022,CALLED,2026-08-11T10:10:00,1589,0.819
P011,P053,CALLED,2026-08-12T17:11:00,524,0.828
P028,P004,CALLED,2026-08-13T00:12:00,2071,0.933
P045,P035,CALLED,2026-08-14T07:13:00,126,0.916
P062,P066,CALLED,2026-08-15T14:14:00,184,0.972
P079,P017,CALLED,2026-08-16T21:15:00,2315,0.837
P016,P048,CALLED,2026-08-17T04:16:00,24,0.767
P033,P079,CALLED,2026-08-18T11:17:00,1596,0.857
P050,P030,CALLED,2026-08-19T18:18:00,627,0.936
P067,P061,CALLED,2026-08-20T01:19:00,724,0.835
P004,P012,CALLED,2026-08-21T08:20:00,278,0.958
P021,P043,CALLED,2026-08-22T15:21:00,1143,0.896
P038,P074,CALLED,2026-08-23T22:22:00,1080,0.763
P055,P025,CALLED,2026-08-24T05:23:00,2326,0.814
P072,P056,CALLED,2026-08-25T12:24:00,1654,0.988
P009,P007,CALLED,2026-08-26T19:25:00,721,0.823
P026,P038,CALLED,2026-08-27T02:26:00,878,0.972
P043,P069,CALLED,2026-08-28T09:27:00,591,0.97
P060,P020,CALLED,2026-08-29T16:28:00,1109,0.91
P077,P051,CALLED,2026-08-30T23:29:00,2274,0.75
P014,P002,CALLED,2026-08-01T06:30:00,528,0.763
P031,P033,CALLED,2026-08-02T13:31:00,1496,0.924
P048,P064,CALLED,2026-08-03T20:32:00,1331,0.97
P065,P015,CALLED,2026-08-04T03:33:00,530,0.81
P002,P046,CALLED,2026-08-05T10:34:00,1284,0.85
P019,P077,CALLED,2026-08-06T17:35:00,393,0.784
P036,P028,CALLED,2026-08-07T00:36:00,1307,0.808
P053,P059,CALLED,2026-08-08T07:37:00,790,0.907
P070,P010,CALLED,2026-08-09T14:38:00,1578,0.871
P007,P041,CALLED,2026-08-10T21:39:00,768,0.815
P024,P072,CALLED,2026-08-11T04:40:00,1719,0.854
P041,P023,CALLED,2026-08-12T11:41:00,2122,0.969
P058,P054,CALLED,2026-08-13T18:42:00,608,0.939
P075,P005,CALLED,2026-08-14T01:43:00,463,0.791
P012,P036,CALLED,2026-08-15T08:44:00,1423,0.887
P029,P067,CALLED,2026-08-16T15:45:00,937,0.814
P046,P018,CALLED,2026-08-17T22:46:00,1813,0.83
P063,P049,CALLED,2026-08-18T05:47:00,1887,0.951
P080,P002,CALLED,2026-08-19T12:48:00,2032,0.783
P017,P031,CALLED,2026-08-20T19:49:00,2246,0.77
P034,P062,CALLED,2026-08-21T02:50:00,739,0.806
P051,P013,CALLED,2026-08-22T09:51:00,886,0.753
P068,P044,CALLED,2026-08-23T16:52:00,1700,0.866
P005,P075,CALLED,2026-08-24T23:53:00,2286,0.855
P022,P026,CALLED,2026-08-25T06:54:00,1525,0.968
P039,P057,CALLED,2026-08-26T13:55:00,715,0.831
P056,P008,CALLED,2026-08-27T20:56:00,1723,0.874
P073,P039,CALLED,2026-08-28T03:57:00,805,0.766
P010,P070,CALLED,2026-08-29T10:58:00,1002,0.982
P027,P021,CALLED,2026-08-30T17:59:00,124,0.878
P044,P052,CALLED,2026-08-01T00:00:00,1303,0.754
P061,P003,CALLED,2026-08-02T07:01:00,2069,0.855
P078,P034,CALLED,2026-08-03T14:02:00,2169,0.94
P015,P065,CALLED,2026-08-04T21:03:00,1576,0.787
P032,P016,CALLED,2026-08-05T04:04:00,1563,0.972
P049,P047,CALLED,2026-08-06T11:05:00,2036,0.932
P066,P078,CALLED,2026-08-07T18:06:00,1212,0.859
P003,P029,CALLED,2026-08-08T01:07:00,1826,0.9
P020,P060,CALLED,2026-08-09T08:08:00,716,0.86
P037,P011,CALLED,2026-08-10T15:09:00,1246,0.751
P054,P042,CALLED,2026-08-11T22:10:00,1975,0.876
P071,P073,CALLED,2026-08-12T05:11:00,951,0.871
P008,P024,CALLED,2026-08-13T12:12:00,2382,0.885
P025,P055,CALLED,2026-08-14T19:13:00,663,0.981
P042,P006,CALLED,2026-08-15T02:14:00,1880,0.978
P059,P037,CALLED,2026-08-16T09:15:00,963,0.798
P076,P068,CALLED,2026-08-17T16:16:00,572,0.816
P013,P019,CALLED,2026-08-18T23:17:00,787,0.865
P030,P050,CALLED,2026-08-19T06:18:00,72,0.913
P047,P001,CALLED,2026-08-20T13:19:00,1656,0.978
P064,P032,CALLED,2026-08-21T20:20:00,836,0.981
P001,P063,CALLED,2026-08-22T03:21:00,1103,0.817
P018,P014,CALLED,2026-08-23T10:22:00,1604,0.829
P035,P045,CALLED,2026-08-24T17:23:00,1589,0.984
P052,P076,CALLED,2026-08-25T00:24:00,174,0.907
P069,P027,CALLED,2026-08-26T07:25:00,1327,0.932
P006,P058,CALLED,2026-08-27T14:26:00,1461,0.92
P023,P009,CALLED,2026-08-28T21:27:00,2180,0.865
P040,P042,CALLED,2026-08-29T04:28:00,2396,0.803
P057,P071,CALLED,2026-08-30T11:29:00,606,0.941
P074,P022,CALLED,2026-08-01T18:30:00,97,0.878
P011,P053,CALLED,2026-08-02T01:31:00,14,0.957
P028,P004,CALLED,2026-08-03T08:32:00,1538,0.812
P045,P035,CALLED,2026-08-04T15:33:00,1867,0.768
P062,P066,CALLED,2026-08-05T22:34:00,69,0.959
P079,P017,CALLED,2026-08-06T05:35:00,329,0.938
P016,P048,CALLED,2026-08-07T12:36:00,1488,0.854
P033,P079,CALLED,2026-08-08T19:37:00,57,0.883
P050,P030,CALLED,2026-08-09T02:38:00,1921,0.943
P067,P061,CALLED,2026-08-10T09:39:00,1211,0.862
P004,P012,CALLED,2026-08-11T16:40:00,124,0.917
P021,P043,CALLED,2026-08-12T23:41:00,865,0.93
P038,P074,CALLED,2026-08-13T06:42:00,628,0.95
P055,P025,CALLED,2026-08-14T13:43:00,714,0.907
P072,P056,CALLED,2026-08-15T20:44:00,44,0.773
P009,P007,CALLED,2026-08-16T03:45:00,953,0.893
P026,P038,CALLED,2026-08-17T10:46:00,2072,0.813
P043,P069,CALLED,2026-08-18T17:47:00,705,0.836
P060,P020,CALLED,2026-08-19T00:48:00,1870,0.956
P077,P051,CALLED,2026-08-20T07:49:00,663,0.829
P014,P002,CALLED,2026-08-21T14:50:00,1321,0.895
P031,P033,CALLED,2026-08-22T21:51:00,1628,0.871
P048,P064,CALLED,2026-08-23T04:52:00,1429,0.979
P065,P015,CALLED,2026-08-24T11:53:00,591,0.974
P002,P046,CALLED,2026-08-25T18:54:00,2187,0.973
P019,P077,CALLED,2026-08-26T01:55:00,1597,0.909
P036,P028,CALLED,2026-08-27T08:56:00,883,0.921
P053,P059,CALLED,2026-08-28T15:57:00,1917,0.912
P070,P010,CALLED,2026-08-29T22:58:00,1554,0.792
P007,P041,CALLED,2026-08-30T05:59:00,1358,0.836
P024,P072,CALLED,2026-08-01T12:00:00,691,0.861
P041,P023,CALLED,2026-08-02T19:01:00,2273,0.892
P058,P054,CALLED,2026-08-03T02:02:00,689,0.797
P075,P005,CALLED,2026-08-04T09:03:00,1510,0.848
P012,P036,CALLED,2026-08-05T16:04:00,736,0.935
P029,P067,CALLED,2026-08-06T23:05:00,377,0.828
P046,P018,CALLED,2026-08-07T06:06:00,1771,0.943
P063,P049,CALLED,2026-08-08T13:07:00,1488,0.854
P080,P002,CALLED,2026-08-09T20:08:00,1938,0.82
P017,P031,CALLED,2026-08-10T03:09:00,911,0.966
P034,P062,CALLED,2026-08-11T10:10:00,653,0.928
P051,P013,CALLED,2026-08-12T17:11:00,1671,0.905
P068,P044,CALLED,2026-08-13T00:12:00,1898,0.839
P005,P075,CALLED,2026-08-14T07:13:00,1729,0.935
P022,P026,CALLED,2026-08-15T14:14:00,431,0.808
P039,P057,CALLED,2026-08-16T21:15:00,946,0.792
P056,P008,CALLED,2026-08-17T04:16:00,829,0.839
P073,P039,CALLED,2026-08-18T11:17:00,1440,0.821
P010,P070,CALLED,2026-08-19T18:18:00,761,0.82
P027,P021,CALLED,2026-08-20T01:19:00,938,0.984
P044,P052,CALLED,2026-08-21T08:20:00,307,0.885
P061,P003,CALLED,2026-08-22T15:21:00,1401,0.959
P078,P034,CALLED,2026-08-23T22:22:00,175,0.841
P015,P065,CALLED,2026-08-24T05:23:00,1324,0.895
P032,P016,CALLED,2026-08-25T12:24:00,529,0.93
P049,P047,CALLED,2026-08-26T19:25:00,2085,0.765
P066,P078,CALLED,2026-08-27T02:26:00,1737,0.913
P003,P029,CALLED,2026-08-28T09:27:00,523,0.778
P020,P060,CALLED,2026-08-29T16:28:00,1636,0.848
P037,P011,CALLED,2026-08-30T23:29:00,140,0.933
P054,P042,CALLED,2026-08-01T06:30:00,736,0.756
P071,P073,CALLED,2026-08-02T13:31:00,1886,0.929
P008,P024,CALLED,2026-08-03T20:32:00,678,0.848
P025,P055,CALLED,2026-08-04T03:33:00,587,0.955
P042,P006,CALLED,2026-08-05T10:34:00,1209,0.889
P059,P037,CALLED,2026-08-06T17:35:00,921,0.772
P076,P068,CALLED,2026-08-07T00:36:00,1100,0.926
P013,P019,CALLED,2026-08-08T07:37:00,2138,0.92
P030,P050,CALLED,2026-08-09T14:38:00,1443,0.922
P047,P001,CALLED,2026-08-10T21:39:00,288,0.932
P064,P032,CALLED,2026-08-11T04:40:00,2287,0.851
P001,P063,CALLED,2026-08-12T11:41:00,1231,0.947
P018,P014,CALLED,2026-08-13T18:42:00,227,0.971
P035,P045,CALLED,2026-08-14T01:43:00,1423,0.91
P052,P076,CALLED,2026-08-15T08:44:00,351,0.864
P069,P027,CALLED,2026-08-16T15:45:00,765,0.795
P006,P058,CALLED,2026-08-17T22:46:00,111,0.791
P023,P009,CALLED,2026-08-18T05:47:00,1502,0.758
P040,P042,CALLED,2026-08-19T12:48:00,742,0.781
P057,P071,CALLED,2026-08-20T19:49:00,1832,0.938
P074,P022,CALLED,2026-08-21T02:50:00,182,0.91
P011,P053,CALLED,2026-08-22T09:51:00,1836,0.901
P028,P004,CALLED,2026-08-23T16:52:00,1816,0.858
P045,P035,CALLED,2026-08-24T23:53:00,227,0.896
P062,P066,CALLED,2026-08-25T06:54:00,1319,0.968
P079,P017,CALLED,2026-08-26T13:55:00,931,0.987
P016,P048,CALLED,2026-08-27T20:56:00,454,0.986
P033,P079,CALLED,2026-08-28T03:57:00,2239,0.753
P050,P030,CALLED,2026-08-29T10:58:00,2144,0.768
P067,P061,CALLED,2026-08-30T17:59:00,1936,0.901
P004,P012,CALLED,2026-08-01T00:00:00,1440,0.957
P021,P043,CALLED,2026-08-02T07:01:00,1745,0.855
P038,P074,CALLED,2026-08-03T14:02:00,595,0.757
P055,P025,CALLED,2026-08-04T21:03:00,1986,0.984
P072,P056,CALLED,2026-08-05T04:04:00,1077,0.971
P009,P007,CALLED,2026-08-06T11:05:00,2045,0.866
P026,P038,CALLED,2026-08-07T18:06:00,73,0.841
P043,P069,CALLED,2026-08-08T01:07:00,460,0.868
P060,P020,CALLED,2026-08-09T08:08:00,2154,0.783
P077,P051,CALLED,2026-08-10T15:09:00,415,0.97
P014,P002,CALLED,2026-08-11T22:10:00,1604,0.785
P031,P033,CALLED,2026-08-12T05:11:00,1353,0.903
P048,P064,CALLED,2026-08-13T12:12:00,1534,0.929
P065,P015,CALLED,2026-08-14T19:13:00,697,0.939
P002,P046,CALLED,2026-08-15T02:14:00,23,0.867
P019,P077,CALLED,2026-08-16T09:15:00,835,0.897
P036,P028,CALLED,2026-08-17T16:16:00,493,0.889
P053,P059,CALLED,2026-08-18T23:17:00,930,0.795
P070,P010,CALLED,2026-08-19T06:18:00,1853,0.823
P007,P041,CALLED,2026-08-20T13:19:00,208,0.77
P024,P072,CALLED,2026-08-21T20:20:00,59,0.825
P041,P023,CALLED,2026-08-22T03:21:00,1380,0.978
P058,P054,CALLED,2026-08-23T10:22:00,1384,0.989
P075,P005,CALLED,2026-08-24T17:23:00,1056,0.956
P012,P036,CALLED,2026-08-25T00:24:00,1625,0.89
P029,P067,CALLED,2026-08-26T07:25:00,1495,0.814
P046,P018,CALLED,2026-08-27T14:26:00,2045,0.808
P063,P049,CALLED,2026-08-28T21:27:00,2330,0.864
P080,P002,CALLED,2026-08-29T04:28:00,719,0.795
P017,P031,CALLED,2026-08-30T11:29:00,1987,0.931
P034,P062,CALLED,2026-08-01T18:30:00,2207,0.856
P051,P013,CALLED,2026-08-02T01:31:00,1275,0.922
P068,P044,CALLED,2026-08-03T08:32:00,421,0.918
P005,P075,CALLED,2026-08-04T15:33:00,33,0.831
P022,P026,CALLED,2026-08-05T22:34:00,1190,0.88
P039,P057,CALLED,2026-08-06T05:35:00,518,0.922
P056,P008,CALLED,2026-08-07T12:36:00,854,0.756
P073,P039,CALLED,2026-08-08T19:37:00,1639,0.921
P010,P070,CALLED,2026-08-09T02:38:00,1572,0.805
P027,P021,CALLED,2026-08-10T09:39:00,2208,0.79
P044,P052,CALLED,2026-08-11T16:40:00,1965,0.781
P061,P003,CALLED,2026-08-12T23:41:00,1096,0.891
P078,P034,CALLED,2026-08-13T06:42:00,191,0.764
P015,P065,CALLED,2026-08-14T13:43:00,1144,0.87
P032,P016,CALLED,2026-08-15T20:44:00,65,0.836
P049,P047,CALLED,2026-08-16T03:45:00,2187,0.887
P066,P078,CALLED,2026-08-17T10:46:00,722,0.988
P003,P029,CALLED,2026-08-18T17:47:00,2055,0.941
P020,P060,CALLED,2026-08-19T00:48:00,2085,0.913
P037,P011,CALLED,2026-08-20T07:49:00,1120,0.763
P054,P042,CALLED,2026-08-21T14:50:00,453,0.792
P071,P073,CALLED,2026-08-22T21:51:00,1540,0.876
P008,P024,CALLED,2026-08-23T04:52:00,1927,0.951
P025,P055,CALLED,2026-08-24T11:53:00,1333,0.961
P042,P006,CALLED,2026-08-25T18:54:00,548,0.879
P059,P037,CALLED,2026-08-26T01:55:00,272,0.792
P076,P068,CALLED,2026-08-27T08:56:00,517,0.984
P013,P019,CALLED,2026-08-28T15:57:00,529,0.979
P030,P050,CALLED,2026-08-29T22:58:00,2399,0.884
P047,P001,CALLED,2026-08-30T05:59:00,2254,0.951
P064,P032,CALLED,2026-08-01T12:00:00,2276,0.974
P001,P063,CALLED,2026-08-02T19:01:00,384,0.766
P018,P014,CALLED,2026-08-03T02:02:00,1994,0.914
P035,P045,CALLED,2026-08-04T09:03:00,2139,0.766
P052,P076,CALLED,2026-08-05T16:04:00,2254,0.96
P069,P027,CALLED,2026-08-06T23:05:00,1384,0.763
P006,P058,CALLED,2026-08-07T06:06:00,1087,0.973
P023,P009,CALLED,2026-08-08T13:07:00,1107,0.823
P040,P042,CALLED,2026-08-09T20:08:00,446,0.841
P057,P071,CALLED,2026-08-10T03:09:00,141,0.914
P074,P022,CALLED,2026-08-11T10:10:00,2048,0.903
P011,P053,CALLED,2026-08-12T17:11:00,1010,0.892
P028,P004,CALLED,2026-08-13T00:12:00,417,0.864
P045,P035,CALLED,2026-08-14T07:13:00,2248,0.852
P062,P066,CALLED,2026-08-15T14:14:00,194,0.943
P079,P017,CALLED,2026-08-16T21:15:00,1029,0.861
P016,P048,CALLED,2026-08-17T04:16:00,678,0.965
P033,P079,CALLED,2026-08-18T11:17:00,2178,0.855
P050,P030,CALLED,2026-08-19T18:18:00,1625,0.885
P067,P061,CALLED,2026-08-20T01:19:00,2080,0.844
P004,P012,CALLED,2026-08-21T08:20:00,1271,0.765
P021,P043,CALLED,2026-08-22T15:21:00,1719,0.924
P038,P074,CALLED,2026-08-23T22:22:00,1026,0.814
P055,P025,CALLED,2026-08-24T05:23:00,1961,0.763
P072,P056,CALLED,2026-08-25T12:24:00,1439,0.958
P009,P007,CALLED,2026-08-26T19:25:00,1526,0.842
P026,P038,CALLED,2026-08-27T02:26:00,1611,0.898
P043,P069,CALLED,2026-08-28T09:27:00,1010,0.761
P060,P020,CALLED,2026-08-29T16:28:00,1085,0.938
P077,P051,CALLED,2026-08-30T23:29:00,1776,0.955
P014,P002,CALLED,2026-08-01T06:30:00,1387,0.831
P031,P033,CALLED,2026-08-02T13:31:00,1838,0.93
P048,P064,CALLED,2026-08-03T20:32:00,736,0.82
P065,P015,CALLED,2026-08-04T03:33:00,941,0.945
P002,P046,CALLED,2026-08-05T10:34:00,603,0.921
P019,P077,CALLED,2026-08-06T17:35:00,757,0.958
P036,P028,CALLED,2026-08-07T00:36:00,1195,0.809
P053,P059,CALLED,2026-08-08T07:37:00,491,0.805
P070,P010,CALLED,2026-08-09T14:38:00,27,0.853
P007,P041,CALLED,2026-08-10T21:39:00,518,0.836
P024,P072,CALLED,2026-08-11T04:40:00,2178,0.814
P041,P023,CALLED,2026-08-12T11:41:00,780,0.949
P058,P054,CALLED,2026-08-13T18:42:00,2312,0.829
P075,P005,CALLED,2026-08-14T01:43:00,1869,0.886
P012,P036,CALLED,2026-08-15T08:44:00,987,0.878
P029,P067,CALLED,2026-08-16T15:45:00,76,0.879
P046,P018,CALLED,2026-08-17T22:46:00,1138,0.784
P063,P049,CALLED,2026-08-18T05:47:00,1161,0.799
P080,P002,CALLED,2026-08-19T12:48:00,495,0.898
P017,P031,CALLED,2026-08-20T19:49:00,759,0.928
P034,P062,CALLED,2026-08-21T02:50:00,1736,0.847
P051,P013,CALLED,2026-08-22T09:51:00,2162,0.782
P068,P044,CALLED,2026-08-23T16:52:00,948,0.757
P005,P075,CALLED,2026-08-24T23:53:00,1017,0.804
P022,P026,CALLED,2026-08-25T06:54:00,68,0.969
P039,P057,CALLED,2026-08-26T13:55:00,2330,0.904
P056,P008,CALLED,2026-08-27T20:56:00,698,0.869
P073,P039,CALLED,2026-08-28T03:57:00,1428,0.763
P010,P070,CALLED,2026-08-29T10:58:00,413,0.893
P027,P021,CALLED,2026-08-30T17:59:00,678,0.801
P044,P052,CALLED,2026-08-01T00:00:00,495,0.75
P061,P003,CALLED,2026-08-02T07:01:00,999,0.75
P078,P034,CALLED,2026-08-03T14:02:00,1728,0.904
P015,P065,CALLED,2026-08-04T21:03:00,1928,0.799
P032,P016,CALLED,2026-08-05T04:04:00,1439,0.972
P049,P047,CALLED,2026-08-06T11:05:00,1752,0.904
P066,P078,CALLED,2026-08-07T18:06:00,706,0.864
P003,P029,CALLED,2026-08-08T01:07:00,2336,0.916
P020,P060,CALLED,2026-08-09T08:08:00,2235,0.951
P037,P011,CALLED,2026-08-10T15:09:00,106,0.845
P054,P042,CALLED,2026-08-11T22:10:00,345,0.988
P071,P073,CALLED,2026-08-12T05:11:00,769,0.858
P008,P024,CALLED,2026-08-13T12:12:00,1226,0.78
P025,P055,CALLED,2026-08-14T19:13:00,1008,0.814
P042,P006,CALLED,2026-08-15T02:14:00,73,0.771
P059,P037,CALLED,2026-08-16T09:15:00,957,0.785
P076,P068,CALLED,2026-08-17T16:16:00,238,0.977
P013,P019,CALLED,2026-08-18T23:17:00,1324,0.921
P030,P050,CALLED,2026-08-19T06:18:00,1924,0.851
P047,P001,CALLED,2026-08-20T13:19:00,76,0.856
P064,P032,CALLED,2026-08-21T20:20:00,655,0.835
P001,P063,CALLED,2026-08-22T03:21:00,483,0.757
P018,P014,CALLED,2026-08-23T10:22:00,1508,0.886
P035,P045,CALLED,2026-08-24T17:23:00,1340,0.925
P052,P076,CALLED,2026-08-25T00:24:00,2387,0.773
P069,P027,CALLED,2026-08-26T07:25:00,879,0.916
P006,P058,CALLED,2026-08-27T14:26:00,865,0.971
P023,P009,CALLED,2026-08-28T21:27:00,2147,0.797
P040,P042,CALLED,2026-08-29T04:28:00,1384,0.781
P057,P071,CALLED,2026-08-30T11:29:00,571,0.915
P074,P022,CALLED,2026-08-01T18:30:00,1243,0.958
P011,P053,CALLED,2026-08-02T01:31:00,1872,0.811
P028,P004,CALLED,2026-08-03T08:32:00,1019,0.955
P045,P035,CALLED,2026-08-04T15:33:00,852,0.921
P062,P066,CALLED,2026-08-05T22:34:00,2209,0.815
P079,P017,CALLED,2026-08-06T05:35:00,2394,0.987
P016,P048,CALLED,2026-08-07T12:36:00,1768,0.982
P033,P079,CALLED,2026-08-08T19:37:00,1792,0.956
P050,P030,CALLED,2026-08-09T02:38:00,1367,0.806
P067,P061,CALLED,2026-08-10T09:39:00,1145,0.822
P004,P012,CALLED,2026-08-11T16:40:00,338,0.921
P021,P043,CALLED,2026-08-12T23:41:00,274,0.895
P038,P074,CALLED,2026-08-13T06:42:00,1323,0.88
P055,P025,CALLED,2026-08-14T13:43:00,2247,0.769
P072,P056,CALLED,2026-08-15T20:44:00,1776,0.879
P009,P007,CALLED,2026-08-16T03:45:00,1069,0.775
P026,P038,CALLED,2026-08-17T10:46:00,1021,0.797
P043,P069,CALLED,2026-08-18T17:47:00,2241,0.859
P060,P020,CALLED,2026-08-19T00:48:00,1640,0.87
P077,P051,CALLED,2026-08-20T07:49:00,396,0.845
P014,P002,CALLED,2026-08-21T14:50:00,1378,0.904
P031,P033,CALLED,2026-08-22T21:51:00,2178,0.845
P048,P064,CALLED,2026-08-23T04:52:00,591,0.789
P065,P015,CALLED,2026-08-24T11:53:00,980,0.919
P002,P046,CALLED,2026-08-25T18:54:00,814,0.838
P019,P077,CALLED,2026-08-26T01:55:00,1324,0.958
P036,P028,CALLED,2026-08-27T08:56:00,1416,0.768
P053,P059,CALLED,2026-08-28T15:57:00,2359,0.905
P070,P010,CALLED,2026-08-29T22:58:00,2302,0.762
P007,P041,CALLED,2026-08-30T05:59:00,1575,0.94
P024,P072,CALLED,2026-08-01T12:00:00,2287,0.813
P041,P023,CALLED,2026-08-02T19:01:00,1383,0.79
P058,P054,CALLED,2026-08-03T02:02:00,1682,0.833
P075,P005,CALLED,2026-08-04T09:03:00,2146,0.979
P012,P036,CALLED,2026-08-05T16:04:00,1504,0.834
P029,P067,CALLED,2026-08-06T23:05:00,2306,0.939
P046,P018,CALLED,2026-08-07T06:06:00,1095,0.762
P063,P049,CALLED,2026-08-08T13:07:00,2028,0.834
P080,P002,CALLED,2026-08-09T20:08:00,510,0.862
P017,P031,CALLED,2026-08-10T03:09:00,108,0.825
P034,P062,CALLED,2026-08-11T10:10:00,673,0.864
P051,P013,CALLED,2026-08-12T17:11:00,1862,0.962
P068,P044,CALLED,2026-08-13T00:12:00,358,0.772
P005,P075,CALLED,2026-08-14T07:13:00,1427,0.815
P022,P026,CALLED,2026-08-15T14:14:00,1272,0.836
P039,P057,CALLED,2026-08-16T21:15:00,2315,0.979
P056,P008,CALLED,2026-08-17T04:16:00,2300,0.98
P073,P039,CALLED,2026-08-18T11:17:00,70,0.771
P010,P070,CALLED,2026-08-19T18:18:00,109,0.988
P027,P021,CALLED,2026-08-20T01:19:00,1540,0.778
P044,P052,CALLED,2026-08-21T08:20:00,1000,0.856
P061,P003,CALLED,2026-08-22T15:21:00,2056,0.941
P078,P034,CALLED,2026-08-23T22:22:00,705,0.828
P015,P065,CALLED,2026-08-24T05:23:00,1829,0.978
P032,P016,CALLED,2026-08-25T12:24:00,1888,0.931
P049,P047,CALLED,2026-08-26T19:25:00,1486,0.83
P066,P078,CALLED,2026-08-27T02:26:00,811,0.828
P003,P029,CALLED,2026-08-28T09:27:00,142,0.927
P020,P060,CALLED,2026-08-29T16:28:00,158,0.84
P037,P011,CALLED,2026-08-30T23:29:00,619,0.804
P054,P042,CALLED,2026-08-01T06:30:00,1545,0.923
P071,P073,CALLED,2026-08-02T13:31:00,978,0.779
P008,P024,CALLED,2026-08-03T20:32:00,1993,0.975
P025,P055,CALLED,2026-08-04T03:33:00,224,0.751
P042,P006,CALLED,2026-08-05T10:34:00,1716,0.943
P059,P037,CALLED,2026-08-06T17:35:00,1459,0.757
P076,P068,CALLED,2026-08-07T00:36:00,1877,0.976
P013,P019,CALLED,2026-08-08T07:37:00,123,0.877
P030,P050,CALLED,2026-08-09T14:38:00,470,0.797
P047,P001,CALLED,2026-08-10T21:39:00,2362,0.861
P064,P032,CALLED,2026-08-11T04:40:00,2195,0.807
P001,P063,CALLED,2026-08-12T11:41:00,1970,0.97
P018,P014,CALLED,2026-08-13T18:42:00,2066,0.847
P035,P045,CALLED,2026-08-14T01:43:00,1099,0.982
P052,P076,CALLED,2026-08-15T08:44:00,1739,0.785
P069,P027,CALLED,2026-08-16T15:45:00,729,0.834
P006,P058,CALLED,2026-08-17T22:46:00,51,0.97
P023,P009,CALLED,2026-08-18T05:47:00,2248,0.818
P040,P042,CALLED,2026-08-19T12:48:00,2257,0.862
P057,P071,CALLED,2026-08-20T19:49:00,1177,0.838
P074,P022,CALLED,2026-08-21T02:50:00,1288,0.96
P011,P053,CALLED,2026-08-22T09:51:00,2042,0.892
P028,P004,CALLED,2026-08-23T16:52:00,209,0.951
P045,P035,CALLED,2026-08-24T23:53:00,2375,0.903
P062,P066,CALLED,2026-08-25T06:54:00,1116,0.976
P079,P017,CALLED,2026-08-26T13:55:00,953,0.892
P016,P048,CALLED,2026-08-27T20:56:00,903,0.972
P033,P079,CALLED,2026-08-28T03:57:00,1416,0.813
P050,P030,CALLED,2026-08-29T10:58:00,1235,0.865
P067,P061,CALLED,2026-08-30T17:59:00,516,0.951
P004,P012,CALLED,2026-08-01T00:00:00,2173,0.758
P021,P043,CALLED,2026-08-02T07:01:00,2119,0.792
P038,P074,CALLED,2026-08-03T14:02:00,2102,0.792
P055,P025,CALLED,2026-08-04T21:03:00,2358,0.936
P072,P056,CALLED,2026-08-05T04:04:00,2348,0.842
P009,P007,CALLED,2026-08-06T11:05:00,474,0.971
P026,P038,CALLED,2026-08-07T18:06:00,2150,0.819
P043,P069,CALLED,2026-08-08T01:07:00,2306,0.971
P060,P020,CALLED,2026-08-09T08:08:00,1783,0.858
P077,P051,CALLED,2026-08-10T15:09:00,1056,0.936
P014,P002,CALLED,2026-08-11T22:10:00,1527,0.754
P031,P033,CALLED,2026-08-12T05:11:00,464,0.869
P048,P064,CALLED,2026-08-13T12:12:00,1324,0.87
P065,P015,CALLED,2026-08-14T19:13:00,1323,0.972
P002,P046,CALLED,2026-08-15T02:14:00,1679,0.778
P019,P077,CALLED,2026-08-16T09:15:00,2083,0.924
P036,P028,CALLED,2026-08-17T16:16:00,980,0.877
P053,P059,CALLED,2026-08-18T23:17:00,2064,0.774
P070,P010,CALLED,2026-08-19T06:18:00,571,0.958
P007,P041,CALLED,2026-08-20T13:19:00,1759,0.961
P024,P072,CALLED,2026-08-21T20:20:00,82,0.863
P041,P023,CALLED,2026-08-22T03:21:00,1572,0.98
P058,P054,CALLED,2026-08-23T10:22:00,2147,0.788
P075,P005,CALLED,2026-08-24T17:23:00,1928,0.786
P012,P036,CALLED,2026-08-25T00:24:00,1847,0.895
P029,P067,CALLED,2026-08-26T07:25:00,961,0.761
P046,P018,CALLED,2026-08-27T14:26:00,884,0.988
P063,P049,CALLED,2026-08-28T21:27:00,1129,0.949
P080,P002,CALLED,2026-08-29T04:28:00,845,0.916
P017,P031,CALLED,2026-08-30T11:29:00,1714,0.972
P034,P062,CALLED,2026-08-01T18:30:00,1506,0.866
P051,P013,CALLED,2026-08-02T01:31:00,2004,0.871
P068,P044,CALLED,2026-08-03T08:32:00,1138,0.899
P005,P075,CALLED,2026-08-04T15:33:00,937,0.842
P022,P026,CALLED,2026-08-05T22:34:00,409,0.85
P039,P057,CALLED,2026-08-06T05:35:00,1462,0.866
P056,P008,CALLED,2026-08-07T12:36:00,302,0.868
P073,P039,CALLED,2026-08-08T19:37:00,2287,0.892
P010,P070,CALLED,2026-08-09T02:38:00,2220,0.752
P027,P021,CALLED,2026-08-10T09:39:00,2134,0.756
P044,P052,CALLED,2026-08-11T16:40:00,1367,0.805
P061,P003,CALLED,2026-08-12T23:41:00,705,0.891
P078,P034,CALLED,2026-08-13T06:42:00,803,0.912
P015,P065,CALLED,2026-08-14T13:43:00,2114,0.758
P032,P016,CALLED,2026-08-15T20:44:00,693,0.827
P049,P047,CALLED,2026-08-16T03:45:00,899,0.883
P066,P078,CALLED,2026-08-17T10:46:00,2018,0.754
P003,P029,CALLED,2026-08-18T17:47:00,1674,0.822
P020,P060,CALLED,2026-08-19T00:48:00,573,0.904
P037,P011,CALLED,2026-08-20T07:49:00,2062,0.873
P054,P042,CALLED,2026-08-21T14:50:00,308,0.853
P071,P073,CALLED,2026-08-22T21:51:00,2231,0.989
P008,P024,CALLED,2026-08-23T04:52:00,1931,0.85
P025,P055,CALLED,2026-08-24T11:53:00,1398,0.853
P042,P006,CALLED,2026-08-25T18:54:00,1902,0.984
P059,P037,CALLED,2026-08-26T01:55:00,1667,0.763
P076,P068,CALLED,2026-08-27T08:56:00,569,0.878
P013,P019,CALLED,2026-08-28T15:57:00,886,0.956
P030,P050,CALLED,2026-08-29T22:58:00,2059,0.832
P047,P001,CALLED,2026-08-30T05:59:00,644,0.826
P064,P032,CALLED,2026-08-01T12:00:00,244,0.978
P001,P063,CALLED,2026-08-02T19:01:00,1986,0.889
P018,P014,CALLED,2026-08-03T02:02:00,515,0.906
P035,P045,CALLED,2026-08-04T09:03:00,306,0.979
P052,P076,CALLED,2026-08-05T16:04:00,1393,0.873
P069,P027,CALLED,2026-08-06T23:05:00,2007,0.865
P006,P058,CALLED,2026-08-07T06:06:00,1913,0.759
P023,P009,CALLED,2026-08-08T13:07:00,1045,0.755
P040,P042,CALLED,2026-08-09T20:08:00,2054,0.924
P057,P071,CALLED,2026-08-10T03:09:00,1047,0.83
P074,P022,CALLED,2026-08-11T10:10:00,518,0.857
P011,P053,CALLED,2026-08-12T17:11:00,1859,0.865
P028,P004,CALLED,2026-08-13T00:12:00,1882,0.805
P045,P035,CALLED,2026-08-14T07:13:00,958,0.966
P062,P066,CALLED,2026-08-15T14:14:00,2194,0.752
P079,P017,CALLED,2026-08-16T21:15:00,1244,0.845
P016,P048,CALLED,2026-08-17T04:16:00,977,0.889
P033,P079,CALLED,2026-08-18T11:17:00,1050,0.839
P050,P030,CALLED,2026-08-19T18:18:00,2014,0.916
P067,P061,CALLED,2026-08-20T01:19:00,1935,0.857
P004,P012,CALLED,2026-08-21T08:20:00,1257,0.978
P021,P043,CALLED,2026-08-22T15:21:00,431,0.766
P038,P074,CALLED,2026-08-23T22:22:00,2335,0.888
P055,P025,CALLED,2026-08-24T05:23:00,1635,0.987
P072,P056,CALLED,2026-08-25T12:24:00,2095,0.788
P009,P007,CALLED,2026-08-26T19:25:00,1897,0.915
P026,P038,CALLED,2026-08-27T02:26:00,2195,0.852
P043,P069,CALLED,2026-08-28T09:27:00,396,0.811
P060,P020,CALLED,2026-08-29T16:28:00,1805,0.904
P077,P051,CALLED,2026-08-30T23:29:00,1570,0.827
P014,P002,CALLED,2026-08-01T06:30:00,1390,0.787
P031,P033,CALLED,2026-08-02T13:31:00,2309,0.83
P048,P064,CALLED,2026-08-03T20:32:00,711,0.862
P065,P015,CALLED,2026-08-04T03:33:00,725,0.834
P002,P046,CALLED,2026-08-05T10:34:00,1902,0.86
P019,P077,CALLED,2026-08-06T17:35:00,2221,0.962
P036,P028,CALLED,2026-08-07T00:36:00,899,0.856
P053,P059,CALLED,2026-08-08T07:37:00,143,0.785
P070,P010,CALLED,2026-08-09T14:38:00,1858,0.816
P007,P041,CALLED,2026-08-10T21:39:00,2200,0.927
P024,P072,CALLED,2026-08-11T04:40:00,1485,0.873
P041,P023,CALLED,2026-08-12T11:41:00,1834,0.764
P058,P054,CALLED,2026-08-13T18:42:00,2099,0.924
P075,P005,CALLED,2026-08-14T01:43:00,1801,0.848
P012,P036,CALLED,2026-08-15T08:44:00,1752,0.86
P029,P067,CALLED,2026-08-16T15:45:00,1011,0.927
P046,P018,CALLED,2026-08-17T22:46:00,2173,0.832
P063,P049,CALLED,2026-08-18T05:47:00,238,0.931
P080,P002,CALLED,2026-08-19T12:48:00,1996,0.939
P017,P031,CALLED,2026-08-20T19:49:00,1365,0.958
P034,P062,CALLED,2026-08-21T02:50:00,2017,0.769
P051,P013,CALLED,2026-08-22T09:51:00,1452,0.868
P068,P044,CALLED,2026-08-23T16:52:00,207,0.916
P005,P075,CALLED,2026-08-24T23:53:00,178,0.762
P022,P026,CALLED,2026-08-25T06:54:00,218,0.916
P039,P057,CALLED,2026-08-26T13:55:00,947,0.867
P056,P008,CALLED,2026-08-27T20:56:00,12,0.976
P073,P039,CALLED,2026-08-28T03:57:00,2038,0.854
P010,P070,CALLED,2026-08-29T10:58:00,1106,0.866
P027,P021,CALLED,2026-08-30T17:59:00,490,0.882
P044,P052,CALLED,2026-08-01T00:00:00,796,0.853
P061,P003,CALLED,2026-08-02T07:01:00,1188,0.793
P078,P034,CALLED,2026-08-03T14:02:00,2363,0.819
P015,P065,CALLED,2026-08-04T21:03:00,677,0.971
P032,P016,CALLED,2026-08-05T04:04:00,519,0.792
P049,P047,CALLED,2026-08-06T11:05:00,1082,0.867
P066,P078,CALLED,2026-08-07T18:06:00,56,0.824
P003,P029,CALLED,2026-08-08T01:07:00,1621,0.8
P020,P060,CALLED,2026-08-09T08:08:00,1507,0.835
P037,P011,CALLED,2026-08-10T15:09:00,2052,0.908
P054,P042,CALLED,2026-08-11T22:10:00,1212,0.878
P071,P073,CALLED,2026-08-12T05:11:00,2372,0.981
P008,P024,CALLED,2026-08-13T12:12:00,1716,0.771
P025,P055,CALLED,2026-08-14T19:13:00,1435,0.885
P042,P006,CALLED,2026-08-15T02:14:00,1814,0.933
P059,P037,CALLED,2026-08-16T09:15:00,1733,0.903
P076,P068,CALLED,2026-08-17T16:16:00,1404,0.977
P013,P019,CALLED,2026-08-18T23:17:00,197,0.879
P030,P050,CALLED,2026-08-19T06:18:00,2248,0.941
P047,P001,CALLED,2026-08-20T13:19:00,912,0.774
P064,P032,CALLED,2026-08-21T20:20:00,1382,0.801
P001,P063,CALLED,2026-08-22T03:21:00,735,0.945
P018,P014,CALLED,2026-08-23T10:22:00,352,0.965
P035,P045,CALLED,2026-08-24T17:23:00,391,0.926
P052,P076,CALLED,2026-08-25T00:24:00,228,0.768
P069,P027,CALLED,2026-08-26T07:25:00,2145,0.912
P006,P058,CALLED,2026-08-27T14:26:00,386,0.881
P023,P009,CALLED,2026-08-28T21:27:00,1941,0.911
P040,P042,CALLED,2026-08-29T04:28:00,1967,0.932
P057,P071,CALLED,2026-08-30T11:29:00,916,0.829
P074,P022,CALLED,2026-08-01T18:30:00,283,0.959
P011,P053,CALLED,2026-08-02T01:31:00,1065,0.755
P028,P004,CALLED,2026-08-03T08:32:00,432,0.81
P045,P035,CALLED,2026-08-04T15:33:00,769,0.764
P062,P066,CALLED,2026-08-05T22:34:00,1410,0.898
P079,P017,CALLED,2026-08-06T05:35:00,661,0.835
P016,P048,CALLED,2026-08-07T12:36:00,2284,0.985
P033,P079,CALLED,2026-08-08T19:37:00,177,0.915
P050,P030,CALLED,2026-08-09T02:38:00,1843,0.938
P067,P061,CALLED,2026-08-10T09:39:00,1826,0.768
P004,P012,CALLED,2026-08-11T16:40:00,200,0.785
P021,P043,CALLED,2026-08-12T23:41:00,2143,0.987
P038,P074,CALLED,2026-08-13T06:42:00,871,0.926
P055,P025,CALLED,2026-08-14T13:43:00,2364,0.768
P072,P056,CALLED,2026-08-15T20:44:00,1371,0.919
P009,P007,CALLED,2026-08-16T03:45:00,566,0.837
P026,P038,CALLED,2026-08-17T10:46:00,1945,0.803
P043,P069,CALLED,2026-08-18T17:47:00,1730,0.981
P060,P020,CALLED,2026-08-19T00:48:00,897,0.922
P077,P051,CALLED,2026-08-20T07:49:00,2340,0.824
P014,P002,CALLED,2026-08-21T14:50:00,995,0.814
P031,P033,CALLED,2026-08-22T21:51:00,1266,0.975
P048,P064,CALLED,2026-08-23T04:52:00,1556,0.953
P065,P015,CALLED,2026-08-24T11:53:00,2318,0.98
P002,P046,CALLED,2026-08-25T18:54:00,460,0.866
P019,P077,CALLED,2026-08-26T01:55:00,1972,0.954
P036,P028,CALLED,2026-08-27T08:56:00,1518,0.766
P053,P059,CALLED,2026-08-28T15:57:00,764,0.818
P070,P010,CALLED,2026-08-29T22:58:00,159,0.756
P007,P041,CALLED,2026-08-30T05:59:00,1894,0.781
P024,P072,CALLED,2026-08-01T12:00:00,1955,0.989
P041,P023,CALLED,2026-08-02T19:01:00,2289,0.765
P058,P054,CALLED,2026-08-03T02:02:00,164,0.776
P075,P005,CALLED,2026-08-04T09:03:00,2183,0.821
P012,P036,CALLED,2026-08-05T16:04:00,513,0.846
P029,P067,CALLED,2026-08-06T23:05:00,1392,0.889
P046,P018,CALLED,2026-08-07T06:06:00,386,0.963
P063,P049,CALLED,2026-08-08T13:07:00,392,0.877
P080,P002,CALLED,2026-08-09T20:08:00,1345,0.778
P017,P031,CALLED,2026-08-10T03:09:00,1358,0.756
P034,P062,CALLED,2026-08-11T10:10:00,1876,0.943
P051,P013,CALLED,2026-08-12T17:11:00,163,0.785
P068,P044,CALLED,2026-08-13T00:12:00,1067,0.755
P005,P075,CALLED,2026-08-14T07:13:00,1690,0.835
P022,P026,CALLED,2026-08-15T14:14:00,1204,0.984
P039,P057,CALLED,2026-08-16T21:15:00,1526,0.832
P056,P008,CALLED,2026-08-17T04:16:00,888,0.939
P073,P039,CALLED,2026-08-18T11:17:00,521,0.972
P010,P070,CALLED,2026-08-19T18:18:00,326,0.979
P027,P021,CALLED,2026-08-20T01:19:00,805,0.895
P044,P052,CALLED,2026-08-21T08:20:00,1203,0.764
P061,P003,CALLED,2026-08-22T15:21:00,1830,0.824
P078,P034,CALLED,2026-08-23T22:22:00,1585,0.863
P015,P065,CALLED,2026-08-24T05:23:00,1794,0.812
P032,P016,CALLED,2026-08-25T12:24:00,336,0.84
P049,P047,CALLED,2026-08-26T19:25:00,1914,0.816
P066,P078,CALLED,2026-08-27T02:26:00,491,0.873
P003,P029,CALLED,2026-08-28T09:27:00,101,0.859
P020,P060,CALLED,2026-08-29T16:28:00,2222,0.882
P037,P011,CALLED,2026-08-30T23:29:00,2157,0.765
P054,P042,CALLED,2026-08-01T06:30:00,2176,0.966
P071,P073,CALLED,2026-08-02T13:31:00,1259,0.989
P008,P024,CALLED,2026-08-03T20:32:00,1866,0.862
P025,P055,CALLED,2026-08-04T03:33:00,80,0.917
P042,P006,CALLED,2026-08-05T10:34:00,2148,0.843
P059,P037,CALLED,2026-08-06T17:35:00,489,0.776
P076,P068,CALLED,2026-08-07T00:36:00,972,0.817
P013,P019,CALLED,2026-08-08T07:37:00,1050,0.906
P030,P050,CALLED,2026-08-09T14:38:00,362,0.851
P047,P001,CALLED,2026-08-10T21:39:00,1588,0.845
P064,P032,CALLED,2026-08-11T04:40:00,627,0.899
P001,P063,CALLED,2026-08-12T11:41:00,341,0.975
P018,P014,CALLED,2026-08-13T18:42:00,1868,0.9
P035,P045,CALLED,2026-08-14T01:43:00,375,0.901
P052,P076,CALLED,2026-08-15T08:44:00,1874,0.886
P069,P027,CALLED,2026-08-16T15:45:00,1150,0.88
P006,P058,CALLED,2026-08-17T22:46:00,67,0.787
P023,P009,CALLED,2026-08-18T05:47:00,1392,0.834
P040,P042,CALLED,2026-08-19T12:48:00,645,0.816
P057,P071,CALLED,2026-08-20T19:49:00,494,0.883
P074,P022,CALLED,2026-08-21T02:50:00,249,0.797
P011,P053,CALLED,2026-08-22T09:51:00,2098,0.949
P028,P004,CALLED,2026-08-23T16:52:00,577,0.912
P045,P035,CALLED,2026-08-24T23:53:00,1763,0.875
P062,P066,CALLED,2026-08-25T06:54:00,2297,0.815
P079,P017,CALLED,2026-08-26T13:55:00,1671,0.989
P016,P048,CALLED,2026-08-27T20:56:00,1079,0.77
P033,P079,CALLED,2026-08-28T03:57:00,253,0.77
P050,P030,CALLED,2026-08-29T10:58:00,1870,0.949
P067,P061,CALLED,2026-08-30T17:59:00,1292,0.759
P004,P012,CALLED,2026-08-01T00:00:00,1648,0.932
P021,P043,CALLED,2026-08-02T07:01:00,2299,0.785
P038,P074,CALLED,2026-08-03T14:02:00,2198,0.902
P055,P025,CALLED,2026-08-04T21:03:00,2177,0.962
P072,P056,CALLED,2026-08-05T04:04:00,731,0.941
P009,P007,CALLED,2026-08-06T11:05:00,1640,0.871
P026,P038,CALLED,2026-08-07T18:06:00,1588,0.811
P043,P069,CALLED,2026-08-08T01:07:00,912,0.857
P060,P020,CALLED,2026-08-09T08:08:00,2086,0.877
P077,P051,CALLED,2026-08-10T15:09:00,573,0.969
P014,P002,CALLED,2026-08-11T22:10:00,1921,0.913
P031,P033,CALLED,2026-08-12T05:11:00,909,0.904
P048,P064,CALLED,2026-08-13T12:12:00,601,0.94
P065,P015,CALLED,2026-08-14T19:13:00,1292,0.951
P002,P046,CALLED,2026-08-15T02:14:00,1377,0.852
P019,P077,CALLED,2026-08-16T09:15:00,2346,0.962
P036,P028,CALLED,2026-08-17T16:16:00,354,0.878
P053,P059,CALLED,2026-08-18T23:17:00,1595,0.964
P070,P010,CALLED,2026-08-19T06:18:00,1317,0.847
P007,P041,CALLED,2026-08-20T13:19:00,1623,0.985
P024,P072,CALLED,2026-08-21T20:20:00,966,0.984
P041,P023,CALLED,2026-08-22T03:21:00,2180,0.872
P058,P054,CALLED,2026-08-23T10:22:00,1632,0.888
P075,P005,CALLED,2026-08-24T17:23:00,2366,0.923
P012,P036,CALLED,2026-08-25T00:24:00,1188,0.963
P029,P067,CALLED,2026-08-26T07:25:00,186,0.93
P046,P018,CALLED,2026-08-27T14:26:00,1258,0.862
P063,P049,CALLED,2026-08-28T21:27:00,1020,0.904
P080,P002,CALLED,2026-08-29T04:28:00,314,0.82
P017,P031,CALLED,2026-08-30T11:29:00,843,0.911
P034,P062,CALLED,2026-08-01T18:30:00,1420,0.903
P051,P013,CALLED,2026-08-02T01:31:00,1672,0.799
P068,P044,CALLED,2026-08-03T08:32:00,690,0.772
P005,P075,CALLED,2026-08-04T15:33:00,873,0.854
P022,P026,CALLED,2026-08-05T22:34:00,964,0.783
P039,P057,CALLED,2026-08-06T05:35:00,1539,0.827
P056,P008,CALLED,2026-08-07T12:36:00,1472,0.763
P073,P039,CALLED,2026-08-08T19:37:00,2332,0.862
P010,P070,CALLED,2026-08-09T02:38:00,782,0.796
P027,P021,CALLED,2026-08-10T09:39:00,1383,0.953
P044,P052,CALLED,2026-08-11T16:40:00,906,0.959
P061,P003,CALLED,2026-08-12T23:41:00,1103,0.869
P078,P034,CALLED,2026-08-13T06:42:00,654,0.858
P015,P065,CALLED,2026-08-14T13:43:00,1216,0.978
P032,P016,CALLED,2026-08-15T20:44:00,1425,0.836
P049,P047,CALLED,2026-08-16T03:45:00,1838,0.758
P066,P078,CALLED,2026-08-17T10:46:00,1651,0.796
P003,P029,CALLED,2026-08-18T17:47:00,318,0.881
P020,P060,CALLED,2026-08-19T00:48:00,714,0.963
P037,P011,CALLED,2026-08-20T07:49:00,1350,0.762
P054,P042,CALLED,2026-08-21T14:50:00,2091,0.766
P071,P073,CALLED,2026-08-22T21:51:00,1634,0.967
P008,P024,CALLED,2026-08-23T04:52:00,1582,0.847
P025,P055,CALLED,2026-08-24T11:53:00,1948,0.899
P042,P006,CALLED,2026-08-25T18:54:00,1258,0.915
P059,P037,CALLED,2026-08-26T01:55:00,859,0.76
P076,P068,CALLED,2026-08-27T08:56:00,1033,0.786
P013,P019,CALLED,2026-08-28T15:57:00,331,0.823
P030,P050,CALLED,2026-08-29T22:58:00,942,0.937
P047,P001,CALLED,2026-08-30T05:59:00,238,0.923
P064,P032,CALLED,2026-08-01T12:00:00,567,0.753
P001,P063,CALLED,2026-08-02T19:01:00,2350,0.821
P018,P014,CALLED,2026-08-03T02:02:00,84,0.983
P035,P045,CALLED,2026-08-04T09:03:00,2065,0.847
P052,P076,CALLED,2026-08-05T16:04:00,528,0.892
P069,P027,CALLED,2026-08-06T23:05:00,909,0.797
P006,P058,CALLED,2026-08-07T06:06:00,31,0.967
P023,P009,CALLED,2026-08-08T13:07:00,126,0.895
P040,P042,CALLED,2026-08-09T20:08:00,403,0.83
P057,P071,CALLED,2026-08-10T03:09:00,1412,0.952
P074,P022,CALLED,2026-08-11T10:10:00,1313,0.817
P011,P053,CALLED,2026-08-12T17:11:00,720,0.819
P028,P004,CALLED,2026-08-13T00:12:00,1448,0.907
P045,P035,CALLED,2026-08-14T07:13:00,1328,0.975
P062,P066,CALLED,2026-08-15T14:14:00,558,0.964
P079,P017,CALLED,2026-08-16T21:15:00,1212,0.767
P016,P048,CALLED,2026-08-17T04:16:00,373,0.872
P033,P079,CALLED,2026-08-18T11:17:00,590,0.83
P050,P030,CALLED,2026-08-19T18:18:00,1922,0.891
P067,P061,CALLED,2026-08-20T01:19:00,59,0.754
P004,P012,CALLED,2026-08-21T08:20:00,80,0.805
P021,P043,CALLED,2026-08-22T15:21:00,857,0.932
P038,P074,CALLED,2026-08-23T22:22:00,504,0.878
P055,P025,CALLED,2026-08-24T05:23:00,536,0.851
P072,P056,CALLED,2026-08-25T12:24:00,156,0.95
P009,P007,CALLED,2026-08-26T19:25:00,1709,0.972
P026,P038,CALLED,2026-08-27T02:26:00,1116,0.968
P043,P069,CALLED,2026-08-28T09:27:00,840,0.881
P060,P020,CALLED,2026-08-29T16:28:00,1719,0.891
P077,P051,CALLED,2026-08-30T23:29:00,583,0.932
P014,P002,CALLED,2026-08-01T06:30:00,722,0.829
P031,P033,CALLED,2026-08-02T13:31:00,2095,0.948
P048,P064,CALLED,2026-08-03T20:32:00,1791,0.826
P065,P015,CALLED,2026-08-04T03:33:00,935,0.811
P002,P046,CALLED,2026-08-05T10:34:00,2249,0.812
P019,P077,CALLED,2026-08-06T17:35:00,726,0.97
P036,P028,CALLED,2026-08-07T00:36:00,1327,0.869
P053,P059,CALLED,2026-08-08T07:37:00,965,0.847
P070,P010,CALLED,2026-08-09T14:38:00,2105,0.924
P007,P041,CALLED,2026-08-10T21:39:00,1021,0.858
P024,P072,CALLED,2026-08-11T04:40:00,1277,0.882
P041,P023,CALLED,2026-08-12T11:41:00,1472,0.812
P058,P054,CALLED,2026-08-13T18:42:00,1917,0.9
P075,P005,CALLED,2026-08-14T01:43:00,1124,0.786
P012,P036,CALLED,2026-08-15T08:44:00,1716,0.876
P029,P067,CALLED,2026-08-16T15:45:00,361,0.95
P046,P018,CALLED,2026-08-17T22:46:00,1310,0.912
P063,P049,CALLED,2026-08-18T05:47:00,1784,0.946
P080,P002,CALLED,2026-08-19T12:48:00,2002,0.902
P017,P031,CALLED,2026-08-20T19:49:00,1180,0.816
P034,P062,CALLED,2026-08-21T02:50:00,2320,0.986
P051,P013,CALLED,2026-08-22T09:51:00,636,0.75
P068,P044,CALLED,2026-08-23T16:52:00,44,0.909
P005,P075,CALLED,2026-08-24T23:53:00,22,0.796
P022,P026,CALLED,2026-08-25T06:54:00,683,0.817
P039,P057,CALLED,2026-08-26T13:55:00,1394,0.925
P056,P008,CALLED,2026-08-27T20:56:00,1010,0.98
P073,P039,CALLED,2026-08-28T03:57:00,79,0.778
P010,P070,CALLED,2026-08-29T10:58:00,661,0.86
P027,P021,CALLED,2026-08-30T17:59:00,1314,0.961
P044,P052,CALLED,2026-08-01T00:00:00,248,0.782
P061,P003,CALLED,2026-08-02T07:01:00,483,0.973
P078,P034,CALLED,2026-08-03T14:02:00,720,0.841
P015,P065,CALLED,2026-08-04T21:03:00,88,0.917
P032,P016,CALLED,2026-08-05T04:04:00,1828,0.932
P049,P047,CALLED,2026-08-06T11:05:00,1792,0.921
P066,P078,CALLED,2026-08-07T18:06:00,2095,0.978
P003,P029,CALLED,2026-08-08T01:07:00,633,0.941
P020,P060,CALLED,2026-08-09T08:08:00,1246,0.918
P037,P011,CALLED,2026-08-10T15:09:00,458,0.761
P054,P042,CALLED,2026-08-11T22:10:00,132,0.778
P071,P073,CALLED,2026-08-12T05:11:00,321,0.933
P008,P024,CALLED,2026-08-13T12:12:00,1792,0.922
P025,P055,CALLED,2026-08-14T19:13:00,221,0.819
P042,P006,CALLED,2026-08-15T02:14:00,216,0.81
P059,P037,CALLED,2026-08-16T09:15:00,1102,0.891
P076,P068,CALLED,2026-08-17T16:16:00,1719,0.816
P013,P019,CALLED,2026-08-18T23:17:00,447,0.851
P030,P050,CALLED,2026-08-19T06:18:00,2373,0.779
P047,P001,CALLED,2026-08-20T13:19:00,229,0.938
P064,P032,CALLED,2026-08-21T20:20:00,1043,0.937
P001,P063,CALLED,2026-08-22T03:21:00,1797,0.972
P018,P014,CALLED,2026-08-23T10:22:00,2400,0.951
P035,P045,CALLED,2026-08-24T17:23:00,1765,0.884
P052,P076,CALLED,2026-08-25T00:24:00,1996,0.842
P069,P027,CALLED,2026-08-26T07:25:00,337,0.909
P006,P058,CALLED,2026-08-27T14:26:00,112,0.951
P023,P009,CALLED,2026-08-28T21:27:00,1538,0.977
P040,P042,CALLED,2026-08-29T04:28:00,846,0.877
P057,P071,CALLED,2026-08-30T11:29:00,454,0.98
P074,P022,CALLED,2026-08-01T18:30:00,1542,0.777
P011,P053,CALLED,2026-08-02T01:31:00,1788,0.885
P028,P004,CALLED,2026-08-03T08:32:00,1711,0.821
P045,P035,CALLED,2026-08-04T15:33:00,13,0.906
P062,P066,CALLED,2026-08-05T22:34:00,2288,0.77
P079,P017,CALLED,2026-08-06T05:35:00,1370,0.782
P016,P048,CALLED,2026-08-07T12:36:00,980,0.937
P033,P079,CALLED,2026-08-08T19:37:00,307,0.87
P050,P030,CALLED,2026-08-09T02:38:00,585,0.924
P067,P061,CALLED,2026-08-10T09:39:00,493,0.771
P004,P012,CALLED,2026-08-11T16:40:00,1794,0.961
P021,P043,CALLED,2026-08-12T23:41:00,887,0.864
P038,P074,CALLED,2026-08-13T06:42:00,1168,0.936
P055,P025,CALLED,2026-08-14T13:43:00,971,0.911
P072,P056,CALLED,2026-08-15T20:44:00,2294,0.858
P009,P007,CALLED,2026-08-16T03:45:00,1797,0.831
P026,P038,CALLED,2026-08-17T10:46:00,720,0.922
P043,P069,CALLED,2026-08-18T17:47:00,2294,0.979
P060,P020,CALLED,2026-08-19T00:48:00,1129,0.959
P077,P051,CALLED,2026-08-20T07:49:00,1545,0.788
P014,P002,CALLED,2026-08-21T14:50:00,1741,0.788
P031,P033,CALLED,2026-08-22T21:51:00,771,0.884
P048,P064,CALLED,2026-08-23T04:52:00,1512,0.771
P065,P015,CALLED,2026-08-24T11:53:00,1550,0.979
P002,P046,CALLED,2026-08-25T18:54:00,1401,0.984
P019,P077,CALLED,2026-08-26T01:55:00,841,0.787
P036,P028,CALLED,2026-08-27T08:56:00,802,0.848
P053,P059,CALLED,2026-08-28T15:57:00,1106,0.869
P070,P010,CALLED,2026-08-29T22:58:00,1278,0.803
P007,P041,CALLED,2026-08-30T05:59:00,2326,0.783
P024,P072,CALLED,2026-08-01T12:00:00,1525,0.791
P041,P023,CALLED,2026-08-02T19:01:00,665,0.824
P058,P054,CALLED,2026-08-03T02:02:00,683,0.982
P075,P005,CALLED,2026-08-04T09:03:00,2087,0.929
P012,P036,CALLED,2026-08-05T16:04:00,1738,0.805
P029,P067,CALLED,2026-08-06T23:05:00,887,0.822
P046,P018,CALLED,2026-08-07T06:06:00,1602,0.957
P063,P049,CALLED,2026-08-08T13:07:00,602,0.985
P080,P002,CALLED,2026-08-09T20:08:00,1998,0.923
P017,P031,CALLED,2026-08-10T03:09:00,688,0.753
P034,P062,CALLED,2026-08-11T10:10:00,1828,0.938
P051,P013,CALLED,2026-08-12T17:11:00,2134,0.842
P068,P044,CALLED,2026-08-13T00:12:00,794,0.893
P005,P075,CALLED,2026-08-14T07:13:00,1512,0.822
P022,P026,CALLED,2026-08-15T14:14:00,1165,0.77
P039,P057,CALLED,2026-08-16T21:15:00,743,0.809
P056,P008,CALLED,2026-08-17T04:16:00,1658,0.987
P073,P039,CALLED,2026-08-18T11:17:00,1013,0.974
P010,P070,CALLED,2026-08-19T18:18:00,1675,0.95
P027,P021,CALLED,2026-08-20T01:19:00,1778,0.871
P044,P052,CALLED,2026-08-21T08:20:00,31,0.851
P061,P003,CALLED,2026-08-22T15:21:00,1460,0.96
P078,P034,CALLED,2026-08-23T22:22:00,1923,0.879
P015,P065,CALLED,2026-08-24T05:23:00,291,0.872
P032,P016,CALLED,2026-08-25T12:24:00,1013,0.883
P049,P047,CALLED,2026-08-26T19:25:00,291,0.772
P066,P078,CALLED,2026-08-27T02:26:00,1961,0.948
P003,P029,CALLED,2026-08-28T09:27:00,1914,0.97
P020,P060,CALLED,2026-08-29T16:28:00,588,0.802
P037,P011,CALLED,2026-08-30T23:29:00,52,0.977
P054,P042,CALLED,2026-08-01T06:30:00,987,0.89
P071,P073,CALLED,2026-08-02T13:31:00,533,0.751
P008,P024,CALLED,2026-08-03T20:32:00,2070,0.892
P025,P055,CALLED,2026-08-04T03:33:00,1326,0.896
P042,P006,CALLED,2026-08-05T10:34:00,2381,0.923
P059,P037,CALLED,2026-08-06T17:35:00,904,0.957
P076,P068,CALLED,2026-08-07T00:36:00,730,0.771
P013,P019,CALLED,2026-08-08T07:37:00,716,0.856
P030,P050,CALLED,2026-08-09T14:38:00,1779,0.875
P047,P001,CALLED,2026-08-10T21:39:00,1513,0.756
P064,P032,CALLED,2026-08-11T04:40:00,1892,0.948
P001,P063,CALLED,2026-08-12T11:41:00,1002,0.794
P018,P014,CALLED,2026-08-13T18:42:00,1939,0.807
P035,P045,CALLED,2026-08-14T01:43:00,1924,0.855
P052,P076,CALLED,2026-08-15T08:44:00,1197,0.951
P069,P027,CALLED,2026-08-16T15:45:00,679,0.886
P006,P058,CALLED,2026-08-17T22:46:00,303,0.825
P023,P009,CALLED,2026-08-18T05:47:00,739,0.928
P040,P042,CALLED,2026-08-19T12:48:00,1330,0.901
P057,P071,CALLED,2026-08-20T19:49:00,1651,0.946
P074,P022,CALLED,2026-08-21T02:50:00,1468,0.795
P011,P053,CALLED,2026-08-22T09:51:00,1605,0.98
P028,P004,CALLED,2026-08-23T16:52:00,663,0.882
P045,P035,CALLED,2026-08-24T23:53:00,2030,0.781
P062,P066,CALLED,2026-08-25T06:54:00,1140,0.783
P079,P017,CALLED,2026-08-26T13:55:00,1727,0.841
P016,P048,CALLED,2026-08-27T20:56:00,983,0.776
P033,P079,CALLED,2026-08-28T03:57:00,339,0.979
P050,P030,CALLED,2026-08-29T10:58:00,2218,0.912
P067,P061,CALLED,2026-08-30T17:59:00,1941,0.809
P004,P012,CALLED,2026-08-01T00:00:00,2255,0.796
P021,P043,CALLED,2026-08-02T07:01:00,2049,0.97
P038,P074,CALLED,2026-08-03T14:02:00,891,0.94
P055,P025,CALLED,2026-08-04T21:03:00,1899,0.986
P072,P056,CALLED,2026-08-05T04:04:00,48,0.819
P009,P007,CALLED,2026-08-06T11:05:00,528,0.893
P026,P038,CALLED,2026-08-07T18:06:00,461,0.77
P043,P069,CALLED,2026-08-08T01:07:00,1334,0.825
P060,P020,CALLED,2026-08-09T08:08:00,2021,0.938
P077,P051,CALLED,2026-08-10T15:09:00,1793,0.777
P014,P002,CALLED,2026-08-11T22:10:00,1818,0.857
P031,P033,CALLED,2026-08-12T05:11:00,1952,0.862
P048,P064,CALLED,2026-08-13T12:12:00,1438,0.776
P065,P015,CALLED,2026-08-14T19:13:00,1294,0.912
P002,P046,CALLED,2026-08-15T02:14:00,1466,0.761
P019,P077,CALLED,2026-08-16T09:15:00,243,0.929
P036,P028,CALLED,2026-08-17T16:16:00,1323,0.768
P053,P059,CALLED,2026-08-18T23:17:00,1157,0.79
P070,P010,CALLED,2026-08-19T06:18:00,139,0.932
P007,P041,CALLED,2026-08-20T13:19:00,77,0.862
P024,P072,CALLED,2026-08-21T20:20:00,893,0.862
P041,P023,CALLED,2026-08-22T03:21:00,150,0.845
P058,P054,CALLED,2026-08-23T10:22:00,2160,0.846
P075,P005,CALLED,2026-08-24T17:23:00,895,0.966
P012,P036,CALLED,2026-08-25T00:24:00,838,0.798
P029,P067,CALLED,2026-08-26T07:25:00,1277,0.805
P046,P018,CALLED,2026-08-27T14:26:00,388,0.801
P063,P049,CALLED,2026-08-28T21:27:00,801,0.956
P080,P002,CALLED,2026-08-29T04:28:00,1881,0.848
P017,P031,CALLED,2026-08-30T11:29:00,1112,0.849
P034,P062,CALLED,2026-08-01T18:30:00,990,0.753
P051,P013,CALLED,2026-08-02T01:31:00,619,0.965
P068,P044,CALLED,2026-08-03T08:32:00,677,0.758
P005,P075,CALLED,2026-08-04T15:33:00,1620,0.891
P022,P026,CALLED,2026-08-05T22:34:00,819,0.944
P039,P057,CALLED,2026-08-06T05:35:00,1128,0.791
P056,P008,CALLED,2026-08-07T12:36:00,1737,0.86
P073,P039,CALLED,2026-08-08T19:37:00,1787,0.924
P010,P070,CALLED,2026-08-09T02:38:00,1470,0.942
P027,P021,CALLED,2026-08-10T09:39:00,2264,0.842
P044,P052,CALLED,2026-08-11T16:40:00,1096,0.965
P061,P003,CALLED,2026-08-12T23:41:00,682,0.957
P078,P034,CALLED,2026-08-13T06:42:00,2106,0.927
P015,P065,CALLED,2026-08-14T13:43:00,476,0.89
P032,P016,CALLED,2026-08-15T20:44:00,2248,0.88
P049,P047,CALLED,2026-08-16T03:45:00,46,0.933
P066,P078,CALLED,2026-08-17T10:46:00,1243,0.755
P003,P029,CALLED,2026-08-18T17:47:00,1226,0.858
P020,P060,CALLED,2026-08-19T00:48:00,951,0.773
P037,P011,CALLED,2026-08-20T07:49:00,1259,0.931
P054,P042,CALLED,2026-08-21T14:50:00,1683,0.868
P071,P073,CALLED,2026-08-22T21:51:00,2286,0.981
P008,P024,CALLED,2026-08-23T04:52:00,876,0.947
P025,P055,CALLED,2026-08-24T11:53:00,641,0.788
P042,P006,CALLED,2026-08-25T18:54:00,807,0.759
P059,P037,CALLED,2026-08-26T01:55:00,264,0.976
P076,P068,CALLED,2026-08-27T08:56:00,1113,0.985
P013,P019,CALLED,2026-08-28T15:57:00,1382,0.868
P030,P050,CALLED,2026-08-29T22:58:00,1492,0.872
P047,P001,CALLED,2026-08-30T05:59:00,2252,0.965
P064,P032,CALLED,2026-08-01T12:00:00,450,0.844
P001,P063,CALLED,2026-08-02T19:01:00,247,0.94
P018,P014,CALLED,2026-08-03T02:02:00,1526,0.908
P035,P045,CALLED,2026-08-04T09:03:00,2346,0.978
P052,P076,CALLED,2026-08-05T16:04:00,1921,0.97
P069,P027,CALLED,2026-08-06T23:05:00,907,0.979
P006,P058,CALLED,2026-08-07T06:06:00,2396,0.878
P023,P009,CALLED,2026-08-08T13:07:00,1962,0.95
P040,P042,CALLED,2026-08-09T20:08:00,671,0.969
P057,P071,CALLED,2026-08-10T03:09:00,60,0.904
P074,P022,CALLED,2026-08-11T10:10:00,547,0.808
P011,P053,CALLED,2026-08-12T17:11:00,2187,0.8
P028,P004,CALLED,2026-08-13T00:12:00,210,0.908
P045,P035,CALLED,2026-08-14T07:13:00,2058,0.866
P062,P066,CALLED,2026-08-15T14:14:00,1279,0.77
P079,P017,CALLED,2026-08-16T21:15:00,2217,0.76
P016,P048,CALLED,2026-08-17T04:16:00,1896,0.771
P033,P079,CALLED,2026-08-18T11:17:00,93,0.973
P050,P030,CALLED,2026-08-19T18:18:00,213,0.806
P067,P061,CALLED,2026-08-20T01:19:00,2051,0.892
P004,P012,CALLED,2026-08-21T08:20:00,1341,0.894
P021,P043,CALLED,2026-08-22T15:21:00,1376,0.823
P038,P074,CALLED,2026-08-23T22:22:00,2304,0.764
P055,P025,CALLED,2026-08-24T05:23:00,2032,0.966
P072,P056,CALLED,2026-08-25T12:24:00,837,0.753
P009,P007,CALLED,2026-08-26T19:25:00,2037,0.907
P026,P038,CALLED,2026-08-27T02:26:00,1102,0.967
P043,P069,CALLED,2026-08-28T09:27:00,1096,0.828
P060,P020,CALLED,2026-08-29T16:28:00,769,0.754
P077,P051,CALLED,2026-08-30T23:29:00,1121,0.974
P014,P002,CALLED,2026-08-01T06:30:00,1906,0.927
P031,P033,CALLED,2026-08-02T13:31:00,81,0.924
P048,P064,CALLED,2026-08-03T20:32:00,454,0.75
P065,P015,CALLED,2026-08-04T03:33:00,758,0.845
P002,P046,CALLED,2026-08-05T10:34:00,2216,0.974
P019,P077,CALLED,2026-08-06T17:35:00,1484,0.878
P036,P028,CALLED,2026-08-07T00:36:00,1951,0.787
P053,P059,CALLED,2026-08-08T07:37:00,1229,0.833
P070,P010,CALLED,2026-08-09T14:38:00,2333,0.895
P007,P041,CALLED,2026-08-10T21:39:00,420,0.93
P024,P072,CALLED,2026-08-11T04:40:00,682,0.764
P041,P023,CALLED,2026-08-12T11:41:00,288,0.764
P058,P054,CALLED,2026-08-13T18:42:00,1347,0.799
P075,P005,CALLED,2026-08-14T01:43:00,1580,0.951
P012,P036,CALLED,2026-08-15T08:44:00,1686,0.855
P029,P067,CALLED,2026-08-16T15:45:00,1992,0.945
P046,P018,CALLED,2026-08-17T22:46:00,338,0.798
P063,P049,CALLED,2026-08-18T05:47:00,135,0.843
P080,P002,CALLED,2026-08-19T12:48:00,1116,0.764
P017,P031,CALLED,2026-08-20T19:49:00,16,0.915
P034,P062,CALLED,2026-08-21T02:50:00,360,0.815
P051,P013,CALLED,2026-08-22T09:51:00,71,0.796
P068,P044,CALLED,2026-08-23T16:52:00,1117,0.899
P005,P075,CALLED,2026-08-24T23:53:00,76,0.947
P022,P026,CALLED,2026-08-25T06:54:00,2070,0.857
P039,P057,CALLED,2026-08-26T13:55:00,1122,0.839
P056,P008,CALLED,2026-08-27T20:56:00,224,0.953
P073,P039,CALLED,2026-08-28T03:57:00,1256,0.903
P010,P070,CALLED,2026-08-29T10:58:00,1047,0.767
P027,P021,CALLED,2026-08-30T17:59:00,581,0.759
P044,P052,CALLED,2026-08-01T00:00:00,1261,0.911
P061,P003,CALLED,2026-08-02T07:01:00,191,0.86
P078,P034,CALLED,2026-08-03T14:02:00,1671,0.802
P015,P065,CALLED,2026-08-04T21:03:00,1469,0.892
P032,P016,CALLED,2026-08-05T04:04:00,2077,0.927
P049,P047,CALLED,2026-08-06T11:05:00,1026,0.79
P066,P078,CALLED,2026-08-07T18:06:00,1069,0.786
P003,P029,CALLED,2026-08-08T01:07:00,1412,0.833
P020,P060,CALLED,2026-08-09T08:08:00,1495,0.949
P037,P011,CALLED,2026-08-10T15:09:00,294,0.788
P054,P042,CALLED,2026-08-11T22:10:00,2189,0.989
P071,P073,CALLED,2026-08-12T05:11:00,606,0.832
P008,P024,CALLED,2026-08-13T12:12:00,378,0.929
P025,P055,CALLED,2026-08-14T19:13:00,728,0.776
P042,P006,CALLED,2026-08-15T02:14:00,563,0.813
P059,P037,CALLED,2026-08-16T09:15:00,1736,0.988
P076,P068,CALLED,2026-08-17T16:16:00,240,0.974
P013,P019,CALLED,2026-08-18T23:17:00,933,0.794
P030,P050,CALLED,2026-08-19T06:18:00,1422,0.945
P047,P001,CALLED,2026-08-20T13:19:00,2258,0.978
P064,P032,CALLED,2026-08-21T20:20:00,1480,0.789
P001,P063,CALLED,2026-08-22T03:21:00,1895,0.986
P018,P014,CALLED,2026-08-23T10:22:00,1156,0.893
P035,P045,CALLED,2026-08-24T17:23:00,1005,0.884
P052,P076,CALLED,2026-08-25T00:24:00,643,0.989
P069,P027,CALLED,2026-08-26T07:25:00,1687,0.846
P006,P058,CALLED,2026-08-27T14:26:00,2278,0.982
P023,P009,CALLED,2026-08-28T21:27:00,1870,0.852
P040,P042,CALLED,2026-08-29T04:28:00,2144,0.883
P057,P071,CALLED,2026-08-30T11:29:00,349,0.943
P074,P022,CALLED,2026-08-01T18:30:00,1414,0.841
P011,P053,CALLED,2026-08-02T01:31:00,828,0.807
P028,P004,CALLED,2026-08-03T08:32:00,1281,0.938
P045,P035,CALLED,2026-08-04T15:33:00,2049,0.917
P062,P066,CALLED,2026-08-05T22:34:00,1570,0.813
P079,P017,CALLED,2026-08-06T05:35:00,2316,0.784
P016,P048,CALLED,2026-08-07T12:36:00,2313,0.928
P033,P079,CALLED,2026-08-08T19:37:00,154,0.855
P050,P030,CALLED,2026-08-09T02:38:00,1169,0.9
P067,P061,CALLED,2026-08-10T09:39:00,413,0.835
P004,P012,CALLED,2026-08-11T16:40:00,2089,0.969
P021,P043,CALLED,2026-08-12T23:41:00,1137,0.903
P038,P074,CALLED,2026-08-13T06:42:00,582,0.971
P055,P025,CALLED,2026-08-14T13:43:00,472,0.921
P072,P056,CALLED,2026-08-15T20:44:00,657,0.86
P009,P007,CALLED,2026-08-16T03:45:00,1702,0.92
P026,P038,CALLED,2026-08-17T10:46:00,1739,0.983
P043,P069,CALLED,2026-08-18T17:47:00,526,0.829
P060,P020,CALLED,2026-08-19T00:48:00,724,0.822
P077,P051,CALLED,2026-08-20T07:49:00,246,0.81
P014,P002,CALLED,2026-08-21T14:50:00,1862,0.811
P031,P033,CALLED,2026-08-22T21:51:00,2123,0.971
P048,P064,CALLED,2026-08-23T04:52:00,1882,0.891
P065,P015,CALLED,2026-08-24T11:53:00,807,0.945
P002,P046,CALLED,2026-08-25T18:54:00,46,0.864
P019,P077,CALLED,2026-08-26T01:55:00,277,0.896
P036,P028,CALLED,2026-08-27T08:56:00,637,0.911
P053,P059,CALLED,2026-08-28T15:57:00,1913,0.898
P070,P010,CALLED,2026-08-29T22:58:00,1630,0.905
P007,P041,CALLED,2026-08-30T05:59:00,220,0.758
P024,P072,CALLED,2026-08-01T12:00:00,786,0.961
P041,P023,CALLED,2026-08-02T19:01:00,2074,0.865
P058,P054,CALLED,2026-08-03T02:02:00,1760,0.916
P075,P005,CALLED,2026-08-04T09:03:00,1842,0.898
P012,P036,CALLED,2026-08-05T16:04:00,1680,0.978
P029,P067,CALLED,2026-08-06T23:05:00,1525,0.882
P046,P018,CALLED,2026-08-07T06:06:00,330,0.823
P063,P049,CALLED,2026-08-08T13:07:00,1735,0.843
P080,P002,CALLED,2026-08-09T20:08:00,1686,0.933
P017,P031,CALLED,2026-08-10T03:09:00,857,0.979
P034,P062,CALLED,2026-08-11T10:10:00,53,0.762
P051,P013,CALLED,2026-08-12T17:11:00,2057,0.827
P068,P044,CALLED,2026-08-13T00:12:00,1011,0.833
P005,P075,CALLED,2026-08-14T07:13:00,1861,0.912
P022,P026,CALLED,2026-08-15T14:14:00,512,0.893
P039,P057,CALLED,2026-08-16T21:15:00,946,0.976
P056,P008,CALLED,2026-08-17T04:16:00,2235,0.926
P073,P039,CALLED,2026-08-18T11:17:00,598,0.848
P010,P070,CALLED,2026-08-19T18:18:00,1167,0.767
P027,P021,CALLED,2026-08-20T01:19:00,1381,0.955
P044,P052,CALLED,2026-08-21T08:20:00,1620,0.798
P061,P003,CALLED,2026-08-22T15:21:00,1070,0.854
P078,P034,CALLED,2026-08-23T22:22:00,2153,0.755
P015,P065,CALLED,2026-08-24T05:23:00,2318,0.906
P032,P016,CALLED,2026-08-25T12:24:00,129,0.93
P049,P047,CALLED,2026-08-26T19:25:00,2326,0.756
P066,P078,CALLED,2026-08-27T02:26:00,154,0.914
P003,P029,CALLED,2026-08-28T09:27:00,788,0.943
P020,P060,CALLED,2026-08-29T16:28:00,1463,0.92
P037,P011,CALLED,2026-08-30T23:29:00,981,0.929
P054,P042,CALLED,2026-08-01T06:30:00,1163,0.858
P071,P073,CALLED,2026-08-02T13:31:00,1056,0.819
P008,P024,CALLED,2026-08-03T20:32:00,2346,0.767
P025,P055,CALLED,2026-08-04T03:33:00,638,0.954
P042,P006,CALLED,2026-08-05T10:34:00,1354,0.972
P059,P037,CALLED,2026-08-06T17:35:00,1578,0.909
P076,P068,CALLED,2026-08-07T00:36:00,935,0.879
P013,P019,CALLED,2026-08-08T07:37:00,905,0.977
P030,P050,CALLED,2026-08-09T14:38:00,474,0.839
P047,P001,CALLED,2026-08-10T21:39:00,2172,0.983
P064,P032,CALLED,2026-08-11T04:40:00,881,0.774
P001,P063,CALLED,2026-08-12T11:41:00,466,0.965
P018,P014,CALLED,2026-08-13T18:42:00,712,0.833
P035,P045,CALLED,2026-08-14T01:43:00,1442,0.863
P052,P076,CALLED,2026-08-15T08:44:00,1651,0.789
P069,P027,CALLED,2026-08-16T15:45:00,1607,0.967
P006,P058,CALLED,2026-08-17T22:46:00,1796,0.964
P023,P009,CALLED,2026-08-18T05:47:00,1177,0.975
P040,P042,CALLED,2026-08-19T12:48:00,301,0.8
P057,P071,CALLED,2026-08-20T19:49:00,413,0.798
P074,P022,CALLED,2026-08-21T02:50:00,215,0.772
P011,P053,CALLED,2026-08-22T09:51:00,583,0.822
P028,P004,CALLED,2026-08-23T16:52:00,748,0.851
P045,P035,CALLED,2026-08-24T23:53:00,1043,0.966
P062,P066,CALLED,2026-08-25T06:54:00,1066,0.986
P079,P017,CALLED,2026-08-26T13:55:00,1754,0.783
P016,P048,CALLED,2026-08-27T20:56:00,1507,0.754
P033,P079,CALLED,2026-08-28T03:57:00,790,0.965
P050,P030,CALLED,2026-08-29T10:58:00,156,0.933
P067,P061,CALLED,2026-08-30T17:59:00,1266,0.84
P004,P012,CALLED,2026-08-01T00:00:00,1439,0.938
P021,P043,CALLED,2026-08-02T07:01:00,1620,0.867
P038,P074,CALLED,2026-08-03T14:02:00,2237,0.845
P055,P025,CALLED,2026-08-04T21:03:00,1391,0.896
P072,P056,CALLED,2026-08-05T04:04:00,539,0.837
P009,P007,CALLED,2026-08-06T11:05:00,10,0.888
P026,P038,CALLED,2026-08-07T18:06:00,501,0.789
P043,P069,CALLED,2026-08-08T01:07:00,2265,0.902
P060,P020,CALLED,2026-08-09T08:08:00,323,0.758
P077,P051,CALLED,2026-08-10T15:09:00,730,0.843
P014,P002,CALLED,2026-08-11T22:10:00,2163,0.845
P031,P033,CALLED,2026-08-12T05:11:00,1006,0.928
P048,P064,CALLED,2026-08-13T12:12:00,147,0.823
P065,P015,CALLED,2026-08-14T19:13:00,1030,0.882
P002,P046,CALLED,2026-08-15T02:14:00,972,0.825
P019,P077,CALLED,2026-08-16T09:15:00,1903,0.907
P036,P028,CALLED,2026-08-17T16:16:00,298,0.8
P053,P059,CALLED,2026-08-18T23:17:00,177,0.953
P070,P010,CALLED,2026-08-19T06:18:00,1705,0.761
P007,P041,CALLED,2026-08-20T13:19:00,2143,0.793
P024,P072,CALLED,2026-08-21T20:20:00,1244,0.872
P041,P023,CALLED,2026-08-22T03:21:00,1299,0.928
P058,P054,CALLED,2026-08-23T10:22:00,2334,0.824
P075,P005,CALLED,2026-08-24T17:23:00,564,0.855
P012,P036,CALLED,2026-08-25T00:24:00,2074,0.826
P029,P067,CALLED,2026-08-26T07:25:00,824,0.768
P046,P018,CALLED,2026-08-27T14:26:00,1145,0.933
P063,P049,CALLED,2026-08-28T21:27:00,53,0.785
P080,P002,CALLED,2026-08-29T04:28:00,1763,0.836
P017,P031,CALLED,2026-08-30T11:29:00,377,0.864
P034,P062,CALLED,2026-08-01T18:30:00,181,0.799
P051,P013,CALLED,2026-08-02T01:31:00,1660,0.844
P068,P044,CALLED,2026-08-03T08:32:00,1434,0.929
P005,P075,CALLED,2026-08-04T15:33:00,1448,0.873
P022,P026,CALLED,2026-08-05T22:34:00,737,0.87
P039,P057,CALLED,2026-08-06T05:35:00,606,0.763
P056,P008,CALLED,2026-08-07T12:36:00,789,0.828
P073,P039,CALLED,2026-08-08T19:37:00,2178,0.894
P010,P070,CALLED,2026-08-09T02:38:00,1028,0.858
P027,P021,CALLED,2026-08-10T09:39:00,2211,0.899
P044,P052,CALLED,2026-08-11T16:40:00,120,0.9
P061,P003,CALLED,2026-08-12T23:41:00,748,0.9
P078,P034,CALLED,2026-08-13T06:42:00,199,0.811
P015,P065,CALLED,2026-08-14T13:43:00,2310,0.962
P032,P016,CALLED,2026-08-15T20:44:00,2180,0.834
P049,P047,CALLED,2026-08-16T03:45:00,97,0.962
P066,P078,CALLED,2026-08-17T10:46:00,2357,0.886
P003,P029,CALLED,2026-08-18T17:47:00,1295,0.926
P020,P060,CALLED,2026-08-19T00:48:00,1732,0.949
P037,P011,CALLED,2026-08-20T07:49:00,82,0.783
P054,P042,CALLED,2026-08-21T14:50:00,848,0.813
P071,P073,CALLED,2026-08-22T21:51:00,800,0.963
P008,P024,CALLED,2026-08-23T04:52:00,421,0.923
P025,P055,CALLED,2026-08-24T11:53:00,1983,0.988
P042,P006,CALLED,2026-08-25T18:54:00,1821,0.942
P059,P037,CALLED,2026-08-26T01:55:00,394,0.929
P076,P068,CALLED,2026-08-27T08:56:00,172,0.968
P013,P019,CALLED,2026-08-28T15:57:00,1103,0.93
P030,P050,CALLED,2026-08-29T22:58:00,161,0.942
P047,P001,CALLED,2026-08-30T05:59:00,1894,0.953
P064,P032,CALLED,2026-08-01T12:00:00,1305,0.974
P001,P063,CALLED,2026-08-02T19:01:00,659,0.863
P018,P014,CALLED,2026-08-03T02:02:00,1723,0.895
P035,P045,CALLED,2026-08-04T09:03:00,269,0.933
P052,P076,CALLED,2026-08-05T16:04:00,205,0.864
P069,P027,CALLED,2026-08-06T23:05:00,942,0.883
P006,P058,CALLED,2026-08-07T06:06:00,1377,0.853
P023,P009,CALLED,2026-08-08T13:07:00,907,0.902
P040,P042,CALLED,2026-08-09T20:08:00,1520,0.805
P057,P071,CALLED,2026-08-10T03:09:00,832,0.793
P074,P022,CALLED,2026-08-11T10:10:00,221,0.934
P011,P053,CALLED,2026-08-12T17:11:00,259,0.905
P028,P004,CALLED,2026-08-13T00:12:00,643,0.875
P045,P035,CALLED,2026-08-14T07:13:00,921,0.961
P062,P066,CALLED,2026-08-15T14:14:00,1706,0.986
P079,P017,CALLED,2026-08-16T21:15:00,1615,0.955
P016,P048,CALLED,2026-08-17T04:16:00,2385,0.92
P033,P079,CALLED,2026-08-18T11:17:00,454,0.81
P050,P030,CALLED,2026-08-19T18:18:00,1935,0.977
P067,P061,CALLED,2026-08-20T01:19:00,1704,0.839
P004,P012,CALLED,2026-08-21T08:20:00,1917,0.827
P021,P043,CALLED,2026-08-22T15:21:00,781,0.988
P038,P074,CALLED,2026-08-23T22:22:00,896,0.773
P055,P025,CALLED,2026-08-24T05:23:00,2126,0.927
P072,P056,CALLED,2026-08-25T12:24:00,1978,0.809
P009,P007,CALLED,2026-08-26T19:25:00,784,0.755
P026,P038,CALLED,2026-08-27T02:26:00,420,0.903
P043,P069,CALLED,2026-08-28T09:27:00,1765,0.756
P060,P020,CALLED,2026-08-29T16:28:00,1182,0.951
P077,P051,CALLED,2026-08-30T23:29:00,668,0.871
P014,P002,CALLED,2026-08-01T06:30:00,928,0.917
P031,P033,CALLED,2026-08-02T13:31:00,2281,0.763
P048,P064,CALLED,2026-08-03T20:32:00,920,0.982
P065,P015,CALLED,2026-08-04T03:33:00,1657,0.928
P002,P046,CALLED,2026-08-05T10:34:00,551,0.953
P019,P077,CALLED,2026-08-06T17:35:00,345,0.81
P036,P028,CALLED,2026-08-07T00:36:00,307,0.885
P053,P059,CALLED,2026-08-08T07:37:00,1151,0.943
P070,P010,CALLED,2026-08-09T14:38:00,1318,0.939
P007,P041,CALLED,2026-08-10T21:39:00,2026,0.966
P024,P072,CALLED,2026-08-11T04:40:00,907,0.98
P041,P023,CALLED,2026-08-12T11:41:00,753,0.974
P058,P054,CALLED,2026-08-13T18:42:00,1418,0.801
P075,P005,CALLED,2026-08-14T01:43:00,1413,0.78
P012,P036,CALLED,2026-08-15T08:44:00,1065,0.93
P029,P067,CALLED,2026-08-16T15:45:00,475,0.833
P046,P018,CALLED,2026-08-17T22:46:00,2025,0.944
P063,P049,CALLED,2026-08-18T05:47:00,354,0.76
P080,P002,CALLED,2026-08-19T12:48:00,527,0.915
P017,P031,CALLED,2026-08-20T19:49:00,631,0.798
P034,P062,CALLED,2026-08-21T02:50:00,1088,0.773
P051,P013,CALLED,2026-08-22T09:51:00,1400,0.889
P068,P044,CALLED,2026-08-23T16:52:00,1942,0.868
P005,P075,CALLED,2026-08-24T23:53:00,2245,0.912
P022,P026,CALLED,2026-08-25T06:54:00,1762,0.774
P039,P057,CALLED,2026-08-26T13:55:00,262,0.782
P056,P008,CALLED,2026-08-27T20:56:00,697,0.88
P073,P039,CALLED,2026-08-28T03:57:00,1740,0.967
P010,P070,CALLED,2026-08-29T10:58:00,280,0.964
P027,P021,CALLED,2026-08-30T17:59:00,1174,0.759
P044,P052,CALLED,2026-08-01T00:00:00,2294,0.948
P061,P003,CALLED,2026-08-02T07:01:00,1499,0.755
P078,P034,CALLED,2026-08-03T14:02:00,1085,0.893
P015,P065,CALLED,2026-08-04T21:03:00,2179,0.971
P032,P016,CALLED,2026-08-05T04:04:00,2126,0.822
P049,P047,CALLED,2026-08-06T11:05:00,199,0.764
P066,P078,CALLED,2026-08-07T18:06:00,1360,0.982
P003,P029,CALLED,2026-08-08T01:07:00,896,0.808
P020,P060,CALLED,2026-08-09T08:08:00,2183,0.931
P037,P011,CALLED,2026-08-10T15:09:00,1176,0.814
P054,P042,CALLED,2026-08-11T22:10:00,1532,0.76
P071,P073,CALLED,2026-08-12T05:11:00,1419,0.796
P008,P024,CALLED,2026-08-13T12:12:00,565,0.927
P025,P055,CALLED,2026-08-14T19:13:00,948,0.827
P042,P006,CALLED,2026-08-15T02:14:00,167,0.873
P059,P037,CALLED,2026-08-16T09:15:00,1823,0.777
P076,P068,CALLED,2026-08-17T16:16:00,1182,0.831
P013,P019,CALLED,2026-08-18T23:17:00,349,0.926
P030,P050,CALLED,2026-08-19T06:18:00,597,0.754
P047,P001,CALLED,2026-08-20T13:19:00,79,0.856
P064,P032,CALLED,2026-08-21T20:20:00,1959,0.911
P001,P063,CALLED,2026-08-22T03:21:00,1498,0.892
P018,P014,CALLED,2026-08-23T10:22:00,2247,0.946
P035,P045,CALLED,2026-08-24T17:23:00,1265,0.971
P052,P076,CALLED,2026-08-25T00:24:00,863,0.82
P069,P027,CALLED,2026-08-26T07:25:00,1486,0.869
P006,P058,CALLED,2026-08-27T14:26:00,1601,0.899
P023,P009,CALLED,2026-08-28T21:27:00,1247,0.977
P040,P042,CALLED,2026-08-29T04:28:00,2143,0.868
P057,P071,CALLED,2026-08-30T11:29:00,504,0.816
P074,P022,CALLED,2026-08-01T18:30:00,1408,0.916
P011,P053,CALLED,2026-08-02T01:31:00,370,0.946
P028,P004,CALLED,2026-08-03T08:32:00,620,0.779
P045,P035,CALLED,2026-08-04T15:33:00,107,0.854
P062,P066,CALLED,2026-08-05T22:34:00,1095,0.785
P079,P017,CALLED,2026-08-06T05:35:00,1857,0.764
P016,P048,CALLED,2026-08-07T12:36:00,923,0.805
P033,P079,CALLED,2026-08-08T19:37:00,261,0.94
P050,P030,CALLED,2026-08-09T02:38:00,1092,0.959
P067,P061,CALLED,2026-08-10T09:39:00,150,0.882
P004,P012,CALLED,2026-08-11T16:40:00,1241,0.873
P021,P043,CALLED,2026-08-12T23:41:00,2071,0.856
P038,P074,CALLED,2026-08-13T06:42:00,1655,0.76
P055,P025,CALLED,2026-08-14T13:43:00,924,0.816
P072,P056,CALLED,2026-08-15T20:44:00,541,0.847
P009,P007,CALLED,2026-08-16T03:45:00,165,0.97
P026,P038,CALLED,2026-08-17T10:46:00,1006,0.795
P043,P069,CALLED,2026-08-18T17:47:00,682,0.987
P060,P020,CALLED,2026-08-19T00:48:00,1712,0.958
P077,P051,CALLED,2026-08-20T07:49:00,136,0.829
P014,P002,CALLED,2026-08-21T14:50:00,1117,0.753
P031,P033,CALLED,2026-08-22T21:51:00,598,0.923
P048,P064,CALLED,2026-08-23T04:52:00,1604,0.842
P065,P015,CALLED,2026-08-24T11:53:00,2148,0.944
P002,P046,CALLED,2026-08-25T18:54:00,294,0.787
P019,P077,CALLED,2026-08-26T01:55:00,727,0.931
P036,P028,CALLED,2026-08-27T08:56:00,790,0.94
P053,P059,CALLED,2026-08-28T15:57:00,1314,0.768
P070,P010,CALLED,2026-08-29T22:58:00,1711,0.828
P007,P041,CALLED,2026-08-30T05:59:00,1816,0.889
P024,P072,CALLED,2026-08-01T12:00:00,1219,0.847
P041,P023,CALLED,2026-08-02T19:01:00,394,0.921
P058,P054,CALLED,2026-08-03T02:02:00,1628,0.837
P075,P005,CALLED,2026-08-04T09:03:00,1691,0.795
P012,P036,CALLED,2026-08-05T16:04:00,1133,0.97
P029,P067,CALLED,2026-08-06T23:05:00,1766,0.908
P046,P018,CALLED,2026-08-07T06:06:00,918,0.878
P063,P049,CALLED,2026-08-08T13:07:00,1610,0.76
P080,P002,CALLED,2026-08-09T20:08:00,1686,0.931
P017,P031,CALLED,2026-08-10T03:09:00,1492,0.893
P034,P062,CALLED,2026-08-11T10:10:00,430,0.834
P051,P013,CALLED,2026-08-12T17:11:00,357,0.954
P068,P044,CALLED,2026-08-13T00:12:00,2207,0.793
P005,P075,CALLED,2026-08-14T07:13:00,1467,0.95
P022,P026,CALLED,2026-08-15T14:14:00,243,0.835
P039,P057,CALLED,2026-08-16T21:15:00,1195,0.943
P056,P008,CALLED,2026-08-17T04:16:00,1326,0.863
P073,P039,CALLED,2026-08-18T11:17:00,1926,0.786
P010,P070,CALLED,2026-08-19T18:18:00,165,0.952
P027,P021,CALLED,2026-08-20T01:19:00,1124,0.811
P044,P052,CALLED,2026-08-21T08:20:00,2383,0.895
P061,P003,CALLED,2026-08-22T15:21:00,1586,0.799
P078,P034,CALLED,2026-08-23T22:22:00,91,0.862
P015,P065,CALLED,2026-08-24T05:23:00,988,0.978
P032,P016,CALLED,2026-08-25T12:24:00,858,0.784
P049,P047,CALLED,2026-08-26T19:25:00,111,0.873
P066,P078,CALLED,2026-08-27T02:26:00,839,0.854
P003,P029,CALLED,2026-08-28T09:27:00,872,0.916
P020,P060,CALLED,2026-08-29T16:28:00,972,0.793
P037,P011,CALLED,2026-08-30T23:29:00,1743,0.829
P054,P042,CALLED,2026-08-01T06:30:00,284,0.894
P071,P073,CALLED,2026-08-02T13:31:00,170,0.827
P008,P024,CALLED,2026-08-03T20:32:00,1176,0.914
P025,P055,CALLED,2026-08-04T03:33:00,382,0.962
P042,P006,CALLED,2026-08-05T10:34:00,1471,0.872
P059,P037,CALLED,2026-08-06T17:35:00,17,0.81
P076,P068,CALLED,2026-08-07T00:36:00,1672,0.765
P013,P019,CALLED,2026-08-08T07:37:00,2373,0.908
P030,P050,CALLED,2026-08-09T14:38:00,1172,0.785
P047,P001,CALLED,2026-08-10T21:39:00,1241,0.924
P064,P032,CALLED,2026-08-11T04:40:00,1814,0.893
P001,P063,CALLED,2026-08-12T11:41:00,1542,0.881
P018,P014,CALLED,2026-08-13T18:42:00,1822,0.889
P035,P045,CALLED,2026-08-14T01:43:00,970,0.754
P052,P076,CALLED,2026-08-15T08:44:00,2123,0.75
P069,P027,CALLED,2026-08-16T15:45:00,1368,0.92
P006,P058,CALLED,2026-08-17T22:46:00,2194,0.87
P023,P009,CALLED,2026-08-18T05:47:00,827,0.826
P040,P042,CALLED,2026-08-19T12:48:00,393,0.837
P057,P071,CALLED,2026-08-20T19:49:00,105,0.874
P074,P022,CALLED,2026-08-21T02:50:00,1097,0.855
P011,P053,CALLED,2026-08-22T09:51:00,1565,0.884
P028,P004,CALLED,2026-08-23T16:52:00,1197,0.826
P045,P035,CALLED,2026-08-24T23:53:00,210,0.921
P062,P066,CALLED,2026-08-25T06:54:00,1852,0.94
P079,P017,CALLED,2026-08-26T13:55:00,1172,0.763
P016,P048,CALLED,2026-08-27T20:56:00,609,0.866
P033,P079,CALLED,2026-08-28T03:57:00,1697,0.939
P050,P030,CALLED,2026-08-29T10:58:00,1642,0.956
P067,P061,CALLED,2026-08-30T17:59:00,1745,0.8
P004,P012,CALLED,2026-08-01T00:00:00,1682,0.865
P021,P043,CALLED,2026-08-02T07:01:00,2209,0.936
P038,P074,CALLED,2026-08-03T14:02:00,1249,0.801
P055,P025,CALLED,2026-08-04T21:03:00,463,0.903
P072,P056,CALLED,2026-08-05T04:04:00,1338,0.86
P009,P007,CALLED,2026-08-06T11:05:00,1734,0.908
P026,P038,CALLED,2026-08-07T18:06:00,1307,0.927
P043,P069,CALLED,2026-08-08T01:07:00,225,0.796
P060,P020,CALLED,2026-08-09T08:08:00,1890,0.966
P077,P051,CALLED,2026-08-10T15:09:00,2201,0.968
P014,P002,CALLED,2026-08-11T22:10:00,1324,0.948
P031,P033,CALLED,2026-08-12T05:11:00,1509,0.85
P048,P064,CALLED,2026-08-13T12:12:00,1148,0.78
P065,P015,CALLED,2026-08-14T19:13:00,505,0.962
P002,P046,CALLED,2026-08-15T02:14:00,1234,0.804
P019,P077,CALLED,2026-08-16T09:15:00,384,0.906
P036,P028,CALLED,2026-08-17T16:16:00,551,0.931
P053,P059,CALLED,2026-08-18T23:17:00,1890,0.849
P070,P010,CALLED,2026-08-19T06:18:00,70,0.79
P007,P041,CALLED,2026-08-20T13:19:00,2274,0.864
P024,P072,CALLED,2026-08-21T20:20:00,2303,0.833
P041,P023,CALLED,2026-08-22T03:21:00,1072,0.857
P058,P054,CALLED,2026-08-23T10:22:00,1831,0.794
P075,P005,CALLED,2026-08-24T17:23:00,998,0.808
P012,P036,CALLED,2026-08-25T00:24:00,1344,0.865
P029,P067,CALLED,2026-08-26T07:25:00,2092,0.797
P046,P018,CALLED,2026-08-27T14:26:00,313,0.878
P063,P049,CALLED,2026-08-28T21:27:00,40,0.965
P080,P002,CALLED,2026-08-29T04:28:00,999,0.828
P017,P031,CALLED,2026-08-30T11:29:00,1119,0.97
P034,P062,CALLED,2026-08-01T18:30:00,1208,0.937
P051,P013,CALLED,2026-08-02T01:31:00,1537,0.941
P068,P044,CALLED,2026-08-03T08:32:00,1706,0.795
P005,P075,CALLED,2026-08-04T15:33:00,948,0.816
P022,P026,CALLED,2026-08-05T22:34:00,966,0.767
P039,P057,CALLED,2026-08-06T05:35:00,1537,0.951
P056,P008,CALLED,2026-08-07T12:36:00,357,0.838
P073,P039,CALLED,2026-08-08T19:37:00,1878,0.935
P010,P070,CALLED,2026-08-09T02:38:00,1342,0.898
P027,P021,CALLED,2026-08-10T09:39:00,1153,0.769
P044,P052,CALLED,2026-08-11T16:40:00,1219,0.806
P061,P003,CALLED,2026-08-12T23:41:00,2107,0.794
P078,P034,CALLED,2026-08-13T06:42:00,2068,0.816
P015,P065,CALLED,2026-08-14T13:43:00,1145,0.755
P032,P016,CALLED,2026-08-15T20:44:00,1571,0.89
P049,P047,CALLED,2026-08-16T03:45:00,913,0.781
P066,P078,CALLED,2026-08-17T10:46:00,550,0.779
P003,P029,CALLED,2026-08-18T17:47:00,1785,0.982
P020,P060,CALLED,2026-08-19T00:48:00,897,0.861
P037,P011,CALLED,2026-08-20T07:49:00,1777,0.875
P054,P042,CALLED,2026-08-21T14:50:00,630,0.778
P071,P073,CALLED,2026-08-22T21:51:00,913,0.908
P008,P024,CALLED,2026-08-23T04:52:00,1325,0.844
P025,P055,CALLED,2026-08-24T11:53:00,945,0.765
P042,P006,CALLED,2026-08-25T18:54:00,2017,0.803
P059,P037,CALLED,2026-08-26T01:55:00,2271,0.845
P076,P068,CALLED,2026-08-27T08:56:00,213,0.774
P013,P019,CALLED,2026-08-28T15:57:00,1219,0.784
P030,P050,CALLED,2026-08-29T22:58:00,1723,0.951
P047,P001,CALLED,2026-08-30T05:59:00,150,0.973
P064,P032,CALLED,2026-08-01T12:00:00,2293,0.866
P001,P063,CALLED,2026-08-02T19:01:00,1671,0.816
P018,P014,CALLED,2026-08-03T02:02:00,1977,0.828
P035,P045,CALLED,2026-08-04T09:03:00,1280,0.969
P052,P076,CALLED,2026-08-05T16:04:00,258,0.921
P069,P027,CALLED,2026-08-06T23:05:00,227,0.797
P006,P058,CALLED,2026-08-07T06:06:00,283,0.89
P023,P009,CALLED,2026-08-08T13:07:00,1353,0.849
P040,P042,CALLED,2026-08-09T20:08:00,1539,0.889
P057,P071,CALLED,2026-08-10T03:09:00,779,0.808
P074,P022,CALLED,2026-08-11T10:10:00,2040,0.945
P011,P053,CALLED,2026-08-12T17:11:00,1401,0.933
P028,P004,CALLED,2026-08-13T00:12:00,1259,0.799
P045,P035,CALLED,2026-08-14T07:13:00,909,0.964
P062,P066,CALLED,2026-08-15T14:14:00,1832,0.798
P079,P017,CALLED,2026-08-16T21:15:00,2300,0.879
P016,P048,CALLED,2026-08-17T04:16:00,2049,0.775
P033,P079,CALLED,2026-08-18T11:17:00,2349,0.787
P050,P030,CALLED,2026-08-19T18:18:00,1217,0.797
P067,P061,CALLED,2026-08-20T01:19:00,2375,0.863
P004,P012,CALLED,2026-08-21T08:20:00,2307,0.908
P021,P043,CALLED,2026-08-22T15:21:00,1785,0.858
P038,P074,CALLED,2026-08-23T22:22:00,1782,0.966
P055,P025,CALLED,2026-08-24T05:23:00,1386,0.811
P072,P056,CALLED,2026-08-25T12:24:00,1510,0.905
P009,P007,CALLED,2026-08-26T19:25:00,1229,0.817
P026,P038,CALLED,2026-08-27T02:26:00,1583,0.776
P043,P069,CALLED,2026-08-28T09:27:00,2273,0.77
P060,P020,CALLED,2026-08-29T16:28:00,1107,0.807
P077,P051,CALLED,2026-08-30T23:29:00,2077,0.81
P014,P002,CALLED,2026-08-01T06:30:00,111,0.97
P031,P033,CALLED,2026-08-02T13:31:00,1492,0.865
P048,P064,CALLED,2026-08-03T20:32:00,2298,0.897
P065,P015,CALLED,2026-08-04T03:33:00,1216,0.794
P002,P046,CALLED,2026-08-05T10:34:00,2098,0.946
P019,P077,CALLED,2026-08-06T17:35:00,978,0.945
P036,P028,CALLED,2026-08-07T00:36:00,2220,0.751
P053,P059,CALLED,2026-08-08T07:37:00,474,0.815
P070,P010,CALLED,2026-08-09T14:38:00,861,0.908
P007,P041,CALLED,2026-08-10T21:39:00,2198,0.895
P024,P072,CALLED,2026-08-11T04:40:00,63,0.939
P041,P023,CALLED,2026-08-12T11:41:00,1652,0.948
P058,P054,CALLED,2026-08-13T18:42:00,2349,0.942
P075,P005,CALLED,2026-08-14T01:43:00,2157,0.967
P012,P036,CALLED,2026-08-15T08:44:00,1167,0.795
P029,P067,CALLED,2026-08-16T15:45:00,509,0.838
P046,P018,CALLED,2026-08-17T22:46:00,79,0.969
P063,P049,CALLED,2026-08-18T05:47:00,1013,0.923
P080,P002,CALLED,2026-08-19T12:48:00,439,0.925
P017,P031,CALLED,2026-08-20T19:49:00,770,0.907
P034,P062,CALLED,2026-08-21T02:50:00,1350,0.81
P051,P013,CALLED,2026-08-22T09:51:00,301,0.756
P068,P044,CALLED,2026-08-23T16:52:00,2209,0.93
P005,P075,CALLED,2026-08-24T23:53:00,1195,0.853
P022,P026,CALLED,2026-08-25T06:54:00,2191,0.915
P039,P057,CALLED,2026-08-26T13:55:00,73,0.806
P056,P008,CALLED,2026-08-27T20:56:00,390,0.889
P073,P039,CALLED,2026-08-28T03:57:00,1261,0.864
P010,P070,CALLED,2026-08-29T10:58:00,452,0.838
P027,P021,CALLED,2026-08-30T17:59:00,1981,0.936
P044,P052,CALLED,2026-08-01T00:00:00,312,0.894
P061,P003,CALLED,2026-08-02T07:01:00,553,0.838
P078,P034,CALLED,2026-08-03T14:02:00,600,0.817
P015,P065,CALLED,2026-08-04T21:03:00,1521,0.957
P032,P016,CALLED,2026-08-05T04:04:00,828,0.972
P049,P047,CALLED,2026-08-06T11:05:00,1297,0.799
P066,P078,CALLED,2026-08-07T18:06:00,578,0.771
P003,P029,CALLED,2026-08-08T01:07:00,1001,0.768
P020,P060,CALLED,2026-08-09T08:08:00,414,0.787
P037,P011,CALLED,2026-08-10T15:09:00,1112,0.963
P054,P042,CALLED,2026-08-11T22:10:00,2030,0.779
P071,P073,CALLED,2026-08-12T05:11:00,787,0.764
P008,P024,CALLED,2026-08-13T12:12:00,1473,0.847
P025,P055,CALLED,2026-08-14T19:13:00,56,0.939
P042,P006,CALLED,2026-08-15T02:14:00,395,0.954
P059,P037,CALLED,2026-08-16T09:15:00,342,0.952
P076,P068,CALLED,2026-08-17T16:16:00,1710,0.839
P013,P019,CALLED,2026-08-18T23:17:00,1227,0.886
P030,P050,CALLED,2026-08-19T06:18:00,2392,0.777
P047,P001,CALLED,2026-08-20T13:19:00,737,0.944
P064,P032,CALLED,2026-08-21T20:20:00,2135,0.951
P001,P063,CALLED,2026-08-22T03:21:00,1828,0.921
P018,P014,CALLED,2026-08-23T10:22:00,436,0.838
P035,P045,CALLED,2026-08-24T17:23:00,829,0.75
P052,P076,CALLED,2026-08-25T00:24:00,1831,0.823
P069,P027,CALLED,2026-08-26T07:25:00,1584,0.93
P006,P058,CALLED,2026-08-27T14:26:00,1426,0.941
P023,P009,CALLED,2026-08-28T21:27:00,888,0.875
P040,P042,CALLED,2026-08-29T04:28:00,1950,0.924
P057,P071,CALLED,2026-08-30T11:29:00,732,0.753
P074,P022,CALLED,2026-08-01T18:30:00,1646,0.881
P011,P053,CALLED,2026-08-02T01:31:00,290,0.942
P028,P004,CALLED,2026-08-03T08:32:00,2147,0.764
P045,P035,CALLED,2026-08-04T15:33:00,844,0.844
P062,P066,CALLED,2026-08-05T22:34:00,2345,0.769
P079,P017,CALLED,2026-08-06T05:35:00,147,0.791
P016,P048,CALLED,2026-08-07T12:36:00,320,0.841
P033,P079,CALLED,2026-08-08T19:37:00,82,0.757
P050,P030,CALLED,2026-08-09T02:38:00,1879,0.983
P067,P061,CALLED,2026-08-10T09:39:00,1657,0.921
P004,P012,CALLED,2026-08-11T16:40:00,858,0.815
P021,P043,CALLED,2026-08-12T23:41:00,1007,0.903
P038,P074,CALLED,2026-08-13T06:42:00,2277,0.929
P055,P025,CALLED,2026-08-14T13:43:00,852,0.927
P072,P056,CALLED,2026-08-15T20:44:00,2098,0.766
P009,P007,CALLED,2026-08-16T03:45:00,231,0.892
P026,P038,CALLED,2026-08-17T10:46:00,774,0.924
P043,P069,CALLED,2026-08-18T17:47:00,1593,0.903
P060,P020,CALLED,2026-08-19T00:48:00,2177,0.907
P077,P051,CALLED,2026-08-20T07:49:00,426,0.821
P014,P002,CALLED,2026-08-21T14:50:00,907,0.851
P031,P033,CALLED,2026-08-22T21:51:00,1150,0.926
P048,P064,CALLED,2026-08-23T04:52:00,1343,0.909
P065,P015,CALLED,2026-08-24T11:53:00,658,0.817
P002,P046,CALLED,2026-08-25T18:54:00,2205,0.815
P019,P077,CALLED,2026-08-26T01:55:00,173,0.889
P036,P028,CALLED,2026-08-27T08:56:00,365,0.981
P053,P059,CALLED,2026-08-28T15:57:00,2318,0.847
P070,P010,CALLED,2026-08-29T22:58:00,553,0.869
P007,P041,CALLED,2026-08-30T05:59:00,2289,0.95
P024,P072,CALLED,2026-08-01T12:00:00,1904,0.804
P041,P023,CALLED,2026-08-02T19:01:00,1546,0.843
P058,P054,CALLED,2026-08-03T02:02:00,1303,0.835
P075,P005,CALLED,2026-08-04T09:03:00,700,0.887
P012,P036,CALLED,2026-08-05T16:04:00,2345,0.911
P029,P067,CALLED,2026-08-06T23:05:00,1082,0.831
P046,P018,CALLED,2026-08-07T06:06:00,1749,0.958
P063,P049,CALLED,2026-08-08T13:07:00,1565,0.969
P080,P002,CALLED,2026-08-09T20:08:00,1258,0.825
P017,P031,CALLED,2026-08-10T03:09:00,1709,0.879
P034,P062,CALLED,2026-08-11T10:10:00,2397,0.942
P051,P013,CALLED,2026-08-12T17:11:00,328,0.845
P068,P044,CALLED,2026-08-13T00:12:00,945,0.93
P005,P075,CALLED,2026-08-14T07:13:00,1604,0.822
P022,P026,CALLED,2026-08-15T14:14:00,1038,0.907
P039,P057,CALLED,2026-08-16T21:15:00,84,0.839
P056,P008,CALLED,2026-08-17T04:16:00,887,0.961
P073,P039,CALLED,2026-08-18T11:17:00,1217,0.973
P010,P070,CALLED,2026-08-19T18:18:00,1991,0.818
P027,P021,CALLED,2026-08-20T01:19:00,834,0.759
P044,P052,CALLED,2026-08-21T08:20:00,642,0.825
P061,P003,CALLED,2026-08-22T15:21:00,2072,0.845
P078,P034,CALLED,2026-08-23T22:22:00,786,0.847
P015,P065,CALLED,2026-08-24T05:23:00,1557,0.935
P032,P016,CALLED,2026-08-25T12:24:00,1567,0.757
P049,P047,CALLED,2026-08-26T19:25:00,109,0.789
P066,P078,CALLED,2026-08-27T02:26:00,426,0.85
P003,P029,CALLED,2026-08-28T09:27:00,1169,0.808
P020,P060,CALLED,2026-08-29T16:28:00,1160,0.918
P037,P011,CALLED,2026-08-30T23:29:00,1425,0.777
P054,P042,CALLED,2026-08-01T06:30:00,2287,0.938
P071,P073,CALLED,2026-08-02T13:31:00,1892,0.919
P008,P024,CALLED,2026-08-03T20:32:00,1828,0.775
P025,P055,CALLED,2026-08-04T03:33:00,899,0.759
P042,P006,CALLED,2026-08-05T10:34:00,486,0.892
P059,P037,CALLED,2026-08-06T17:35:00,1918,0.827
P076,P068,CALLED,2026-08-07T00:36:00,1483,0.825
P013,P019,CALLED,2026-08-08T07:37:00,386,0.82
P030,P050,CALLED,2026-08-09T14:38:00,1584,0.772
P047,P001,CALLED,2026-08-10T21:39:00,1422,0.827
P064,P032,CALLED,2026-08-11T04:40:00,1647,0.949
P001,P063,CALLED,2026-08-12T11:41:00,477,0.764
P018,P014,CALLED,2026-08-13T18:42:00,322,0.927
P035,P045,CALLED,2026-08-14T01:43:00,1769,0.99
P052,P076,CALLED,2026-08-15T08:44:00,99,0.758
P069,P027,CALLED,2026-08-16T15:45:00,1531,0.892
P006,P058,CALLED,2026-08-17T22:46:00,843,0.808
P023,P009,CALLED,2026-08-18T05:47:00,326,0.966
P040,P042,CALLED,2026-08-19T12:48:00,742,0.973
P057,P071,CALLED,2026-08-20T19:49:00,224,0.764
P074,P022,CALLED,2026-08-21T02:50:00,993,0.815
P011,P053,CALLED,2026-08-22T09:51:00,1367,0.807
P028,P004,CALLED,2026-08-23T16:52:00,816,0.959
P045,P035,CALLED,2026-08-24T23:53:00,274,0.898
P062,P066,CALLED,2026-08-25T06:54:00,1392,0.821
P079,P017,CALLED,2026-08-26T13:55:00,877,0.922
P016,P048,CALLED,2026-08-27T20:56:00,2360,0.755
P033,P079,CALLED,2026-08-28T03:57:00,958,0.953
P050,P030,CALLED,2026-08-29T10:58:00,399,0.845
P067,P061,CALLED,2026-08-30T17:59:00,860,0.775
P004,P012,CALLED,2026-08-01T00:00:00,1627,0.91
P021,P043,CALLED,2026-08-02T07:01:00,1730,0.924
P038,P074,CALLED,2026-08-03T14:02:00,2369,0.967
P055,P025,CALLED,2026-08-04T21:03:00,655,0.914
P072,P056,CALLED,2026-08-05T04:04:00,1294,0.813
P009,P007,CALLED,2026-08-06T11:05:00,2353,0.776
P026,P038,CALLED,2026-08-07T18:06:00,102,0.985
P043,P069,CALLED,2026-08-08T01:07:00,35,0.945
P060,P020,CALLED,2026-08-09T08:08:00,785,0.955
P077,P051,CALLED,2026-08-10T15:09:00,669,0.814
P014,P002,CALLED,2026-08-11T22:10:00,1398,0.791
P031,P033,CALLED,2026-08-12T05:11:00,1835,0.804
P048,P064,CALLED,2026-08-13T12:12:00,1161,0.977
P065,P015,CALLED,2026-08-14T19:13:00,538,0.827
P002,P046,CALLED,2026-08-15T02:14:00,1092,0.799
P019,P077,CALLED,2026-08-16T09:15:00,1921,0.784
P036,P028,CALLED,2026-08-17T16:16:00,2349,0.942
P053,P059,CALLED,2026-08-18T23:17:00,697,0.989
P070,P010,CALLED,2026-08-19T06:18:00,1159,0.915
P007,P041,CALLED,2026-08-20T13:19:00,1494,0.919
P024,P072,CALLED,2026-08-21T20:20:00,50,0.855
P041,P023,CALLED,2026-08-22T03:21:00,2103,0.78
P058,P054,CALLED,2026-08-23T10:22:00,1705,0.779
P075,P005,CALLED,2026-08-24T17:23:00,1018,0.777
P012,P036,CALLED,2026-08-25T00:24:00,147,0.832
P029,P067,CALLED,2026-08-26T07:25:00,1860,0.947
P046,P018,CALLED,2026-08-27T14:26:00,692,0.757
P063,P049,CALLED,2026-08-28T21:27:00,224,0.951
P080,P002,CALLED,2026-08-29T04:28:00,2169,0.875
P017,P031,CALLED,2026-08-30T11:29:00,63,0.954
P034,P062,CALLED,2026-08-01T18:30:00,1817,0.848
P051,P013,CALLED,2026-08-02T01:31:00,171,0.927
P068,P044,CALLED,2026-08-03T08:32:00,2374,0.924
P005,P075,CALLED,2026-08-04T15:33:00,698,0.927
P022,P026,CALLED,2026-08-05T22:34:00,345,0.961
P039,P057,CALLED,2026-08-06T05:35:00,58,0.898
P056,P008,CALLED,2026-08-07T12:36:00,1379,0.97
P073,P039,CALLED,2026-08-08T19:37:00,1262,0.904
P010,P070,CALLED,2026-08-09T02:38:00,2060,0.77
P027,P021,CALLED,2026-08-10T09:39:00,690,0.852
P044,P052,CALLED,2026-08-11T16:40:00,2008,0.851
P061,P003,CALLED,2026-08-12T23:41:00,1183,0.913
P078,P034,CALLED,2026-08-13T06:42:00,805,0.944
P015,P065,CALLED,2026-08-14T13:43:00,1000,0.842
P032,P016,CALLED,2026-08-15T20:44:00,1296,0.764
P049,P047,CALLED,2026-08-16T03:45:00,1394,0.767
P066,P078,CALLED,2026-08-17T10:46:00,1868,0.949
P003,P029,CALLED,2026-08-18T17:47:00,782,0.902
P020,P060,CALLED,2026-08-19T00:48:00,1851,0.909
P037,P011,CALLED,2026-08-20T07:49:00,2371,0.972
P054,P042,CALLED,2026-08-21T14:50:00,789,0.791
P071,P073,CALLED,2026-08-22T21:51:00,2121,0.941
P008,P024,CALLED,2026-08-23T04:52:00,2278,0.978
P025,P055,CALLED,2026-08-24T11:53:00,36,0.765
P042,P006,CALLED,2026-08-25T18:54:00,370,0.872
P059,P037,CALLED,2026-08-26T01:55:00,757,0.928
P076,P068,CALLED,2026-08-27T08:56:00,732,0.875
P013,P019,CALLED,2026-08-28T15:57:00,1191,0.935
P030,P050,CALLED,2026-08-29T22:58:00,1631,0.969
P047,P001,CALLED,2026-08-30T05:59:00,661,0.825
P064,P032,CALLED,2026-08-01T12:00:00,977,0.797
P001,P063,CALLED,2026-08-02T19:01:00,1249,0.959
P018,P014,CALLED,2026-08-03T02:02:00,333,0.841
P035,P045,CALLED,2026-08-04T09:03:00,1177,0.871
P052,P076,CALLED,2026-08-05T16:04:00,1823,0.77
P069,P027,CALLED,2026-08-06T23:05:00,879,0.775
P006,P058,CALLED,2026-08-07T06:06:00,1314,0.814
P023,P009,CALLED,2026-08-08T13:07:00,988,0.891
P040,P042,CALLED,2026-08-09T20:08:00,764,0.915
P057,P071,CALLED,2026-08-10T03:09:00,2293,0.982
P074,P022,CALLED,2026-08-11T10:10:00,607,0.814
P011,P053,CALLED,2026-08-12T17:11:00,698,0.899
P028,P004,CALLED,2026-08-13T00:12:00,531,0.921
P045,P035,CALLED,2026-08-14T07:13:00,1557,0.836
P062,P066,CALLED,2026-08-15T14:14:00,13,0.947
P079,P017,CALLED,2026-08-16T21:15:00,2213,0.967
P016,P048,CALLED,2026-08-17T04:16:00,2365,0.869
P033,P079,CALLED,2026-08-18T11:17:00,1034,0.884
P050,P030,CALLED,2026-08-19T18:18:00,1706,0.86
P067,P061,CALLED,2026-08-20T01:19:00,1212,0.988
P004,P012,CALLED,2026-08-21T08:20:00,312,0.867
P021,P043,CALLED,2026-08-22T15:21:00,1105,0.752
P038,P074,CALLED,2026-08-23T22:22:00,667,0.946
P055,P025,CALLED,2026-08-24T05:23:00,2255,0.817
P072,P056,CALLED,2026-08-25T12:24:00,1718,0.813
P009,P007,CALLED,2026-08-26T19:25:00,2000,0.965
P026,P038,CALLED,2026-08-27T02:26:00,1929,0.864
P043,P069,CALLED,2026-08-28T09:27:00,220,0.89
P060,P020,CALLED,2026-08-29T16:28:00,2185,0.913
P077,P051,CALLED,2026-08-30T23:29:00,362,0.8
P014,P002,CALLED,2026-08-01T06:30:00,1350,0.799
P031,P033,CALLED,2026-08-02T13:31:00,1989,0.81
P048,P064,CALLED,2026-08-03T20:32:00,292,0.764
P065,P015,CALLED,2026-08-04T03:33:00,1382,0.752
P002,P046,CALLED,2026-08-05T10:34:00,1151,0.915
P019,P077,CALLED,2026-08-06T17:35:00,1879,0.761
P036,P028,CALLED,2026-08-07T00:36:00,2393,0.859
P053,P059,CALLED,2026-08-08T07:37:00,604,0.767
P070,P010,CALLED,2026-08-09T14:38:00,665,0.935
P007,P041,CALLED,2026-08-10T21:39:00,2349,0.811
P024,P072,CALLED,2026-08-11T04:40:00,413,0.905
P041,P023,CALLED,2026-08-12T11:41:00,1117,0.958
P058,P054,CALLED,2026-08-13T18:42:00,1120,0.803
P075,P005,CALLED,2026-08-14T01:43:00,1499,0.984
P012,P036,CALLED,2026-08-15T08:44:00,1254,0.931
P029,P067,CALLED,2026-08-16T15:45:00,508,0.757
P046,P018,CALLED,2026-08-17T22:46:00,796,0.924
P063,P049,CALLED,2026-08-18T05:47:00,188,0.751
P080,P002,CALLED,2026-08-19T12:48:00,377,0.798
P017,P031,CALLED,2026-08-20T19:49:00,1133,0.96
P034,P062,CALLED,2026-08-21T02:50:00,1571,0.916
P051,P013,CALLED,2026-08-22T09:51:00,2229,0.863
P068,P044,CALLED,2026-08-23T16:52:00,1802,0.84
P005,P075,CALLED,2026-08-24T23:53:00,543,0.963
P022,P026,CALLED,2026-08-25T06:54:00,141,0.849
P039,P057,CALLED,2026-08-26T13:55:00,2092,0.75
P056,P008,CALLED,2026-08-27T20:56:00,482,0.97
P073,P039,CALLED,2026-08-28T03:57:00,2140,0.79
P010,P070,CALLED,2026-08-29T10:58:00,1406,0.88
P027,P021,CALLED,2026-08-30T17:59:00,1265,0.824
P044,P052,CALLED,2026-08-01T00:00:00,177,0.795
P061,P003,CALLED,2026-08-02T07:01:00,2215,0.979
P078,P034,CALLED,2026-08-03T14:02:00,1654,0.803
P015,P065,CALLED,2026-08-04T21:03:00,1607,0.901
P032,P016,CALLED,2026-08-05T04:04:00,480,0.986
P049,P047,CALLED,2026-08-06T11:05:00,786,0.978
P066,P078,CALLED,2026-08-07T18:06:00,1927,0.798
P003,P029,CALLED,2026-08-08T01:07:00,1018,0.839
P020,P060,CALLED,2026-08-09T08:08:00,1433,0.837
P037,P011,CALLED,2026-08-10T15:09:00,1780,0.824
P054,P042,CALLED,2026-08-11T22:10:00,1903,0.905
P071,P073,CALLED,2026-08-12T05:11:00,466,0.978
P008,P024,CALLED,2026-08-13T12:12:00,1014,0.777
P025,P055,CALLED,2026-08-14T19:13:00,1116,0.976
P042,P006,CALLED,2026-08-15T02:14:00,2282,0.786
P059,P037,CALLED,2026-08-16T09:15:00,393,0.911
P076,P068,CALLED,2026-08-17T16:16:00,327,0.771
P013,P019,CALLED,2026-08-18T23:17:00,1087,0.847
P030,P050,CALLED,2026-08-19T06:18:00,552,0.826
P047,P001,CALLED,2026-08-20T13:19:00,830,0.924
P064,P032,CALLED,2026-08-21T20:20:00,120,0.86
P001,P063,CALLED,2026-08-22T03:21:00,1052,0.877
P018,P014,CALLED,2026-08-23T10:22:00,2363,0.936
P035,P045,CALLED,2026-08-24T17:23:00,531,0.783
P052,P076,CALLED,2026-08-25T00:24:00,1943,0.966
P069,P027,CALLED,2026-08-26T07:25:00,1354,0.946
P006,P058,CALLED,2026-08-27T14:26:00,2108,0.774
P023,P009,CALLED,2026-08-28T21:27:00,1076,0.944
P040,P042,CALLED,2026-08-29T04:28:00,970,0.798
P057,P071,CALLED,2026-08-30T11:29:00,1145,0.88
P074,P022,CALLED,2026-08-01T18:30:00,825,0.949
P011,P053,CALLED,2026-08-02T01:31:00,1337,0.877
P028,P004,CALLED,2026-08-03T08:32:00,730,0.986
P045,P035,CALLED,2026-08-04T15:33:00,1271,0.847
P062,P066,CALLED,2026-08-05T22:34:00,994,0.857
P079,P017,CALLED,2026-08-06T05:35:00,2066,0.869
P016,P048,CALLED,2026-08-07T12:36:00,1861,0.752
P033,P079,CALLED,2026-08-08T19:37:00,90,0.901
P050,P030,CALLED,2026-08-09T02:38:00,1147,0.871
P067,P061,CALLED,2026-08-10T09:39:00,1402,0.763
P004,P012,CALLED,2026-08-11T16:40:00,1491,0.852
P021,P043,CALLED,2026-08-12T23:41:00,1349,0.986
P038,P074,CALLED,2026-08-13T06:42:00,1624,0.882
P055,P025,CALLED,2026-08-14T13:43:00,1040,0.898
P072,P056,CALLED,2026-08-15T20:44:00,193,0.866
P009,P007,CALLED,2026-08-16T03:45:00,618,0.965
P026,P038,CALLED,2026-08-17T10:46:00,445,0.763
P043,P069,CALLED,2026-08-18T17:47:00,1845,0.827
P060,P020,CALLED,2026-08-19T00:48:00,1122,0.899
P077,P051,CALLED,2026-08-20T07:49:00,1790,0.885
P014,P002,CALLED,2026-08-21T14:50:00,1067,0.792
P031,P033,CALLED,2026-08-22T21:51:00,781,0.873
P048,P064,CALLED,2026-08-23T04:52:00,1256,0.883
P065,P015,CALLED,2026-08-24T11:53:00,888,0.965
P002,P046,CALLED,2026-08-25T18:54:00,529,0.769
P019,P077,CALLED,2026-08-26T01:55:00,1376,0.845
P036,P028,CALLED,2026-08-27T08:56:00,57,0.964
P053,P059,CALLED,2026-08-28T15:57:00,572,0.791
P070,P010,CALLED,2026-08-29T22:58:00,594,0.767
P007,P041,CALLED,2026-08-30T05:59:00,1830,0.862
P024,P072,CALLED,2026-08-01T12:00:00,416,0.888
P041,P023,CALLED,2026-08-02T19:01:00,1192,0.925
P058,P054,CALLED,2026-08-03T02:02:00,683,0.936
P075,P005,CALLED,2026-08-04T09:03:00,1518,0.914
P012,P036,CALLED,2026-08-05T16:04:00,2372,0.914
P029,P067,CALLED,2026-08-06T23:05:00,618,0.963
P046,P018,CALLED,2026-08-07T06:06:00,175,0.8
P063,P049,CALLED,2026-08-08T13:07:00,2035,0.917
P080,P002,CALLED,2026-08-09T20:08:00,1702,0.846
P017,P031,CALLED,2026-08-10T03:09:00,2369,0.958
P034,P062,CALLED,2026-08-11T10:10:00,1200,0.977
P051,P013,CALLED,2026-08-12T17:11:00,414,0.913
P068,P044,CALLED,2026-08-13T00:12:00,1436,0.797
P005,P075,CALLED,2026-08-14T07:13:00,262,0.988
P022,P026,CALLED,2026-08-15T14:14:00,90,0.924
P039,P057,CALLED,2026-08-16T21:15:00,1681,0.923
P056,P008,CALLED,2026-08-17T04:16:00,2068,0.975
P073,P039,CALLED,2026-08-18T11:17:00,361,0.885
P010,P070,CALLED,2026-08-19T18:18:00,2248,0.976
P027,P021,CALLED,2026-08-20T01:19:00,278,0.762
P044,P052,CALLED,2026-08-21T08:20:00,2262,0.932
P061,P003,CALLED,2026-08-22T15:21:00,1226,0.889
P078,P034,CALLED,2026-08-23T22:22:00,593,0.869
P015,P065,CALLED,2026-08-24T05:23:00,1820,0.868
P032,P016,CALLED,2026-08-25T12:24:00,235,0.837
P049,P047,CALLED,2026-08-26T19:25:00,2187,0.783
P066,P078,CALLED,2026-08-27T02:26:00,2255,0.925
P003,P029,CALLED,2026-08-28T09:27:00,2312,0.791
P020,P060,CALLED,2026-08-29T16:28:00,377,0.776
P037,P011,CALLED,2026-08-30T23:29:00,60,0.939
P054,P042,CALLED,2026-08-01T06:30:00,1759,0.827
P071,P073,CALLED,2026-08-02T13:31:00,246,0.856
P008,P024,CALLED,2026-08-03T20:32:00,1552,0.984
P025,P055,CALLED,2026-08-04T03:33:00,955,0.894
P042,P006,CALLED,2026-08-05T10:34:00,138,0.846
P059,P037,CALLED,2026-08-06T17:35:00,273,0.785
P076,P068,CALLED,2026-08-07T00:36:00,1661,0.946
P013,P019,CALLED,2026-08-08T07:37:00,2130,0.806
P030,P050,CALLED,2026-08-09T14:38:00,135,0.949
P047,P001,CALLED,2026-08-10T21:39:00,372,0.811
P064,P032,CALLED,2026-08-11T04:40:00,1940,0.776
P001,P063,CALLED,2026-08-12T11:41:00,1342,0.883
P018,P014,CALLED,2026-08-13T18:42:00,597,0.794
P035,P045,CALLED,2026-08-14T01:43:00,68,0.869
P052,P076,CALLED,2026-08-15T08:44:00,118,0.888
P069,P027,CALLED,2026-08-16T15:45:00,278,0.824
P006,P058,CALLED,2026-08-17T22:46:00,1810,0.978
P023,P009,CALLED,2026-08-18T05:47:00,957,0.928
P040,P042,CALLED,2026-08-19T12:48:00,2232,0.92
P057,P071,CALLED,2026-08-20T19:49:00,357,0.944
P074,P022,CALLED,2026-08-21T02:50:00,648,0.91
P011,P053,CALLED,2026-08-22T09:51:00,872,0.963
P028,P004,CALLED,2026-08-23T16:52:00,197,0.961
P045,P035,CALLED,2026-08-24T23:53:00,1902,0.947
P062,P066,CALLED,2026-08-25T06:54:00,1919,0.989
P079,P017,CALLED,2026-08-26T13:55:00,1580,0.812
P016,P048,CALLED,2026-08-27T20:56:00,1617,0.976
P033,P079,CALLED,2026-08-28T03:57:00,1473,0.757
P050,P030,CALLED,2026-08-29T10:58:00,1914,0.868
P067,P061,CALLED,2026-08-30T17:59:00,1641,0.768
P004,P012,CALLED,2026-08-01T00:00:00,201,0.778
P021,P043,CALLED,2026-08-02T07:01:00,1020,0.966
P038,P074,CALLED,2026-08-03T14:02:00,1131,0.877
P055,P025,CALLED,2026-08-04T21:03:00,619,0.79
P072,P056,CALLED,2026-08-05T04:04:00,732,0.819
P009,P007,CALLED,2026-08-06T11:05:00,2211,0.926
P026,P038,CALLED,2026-08-07T18:06:00,1262,0.783
P043,P069,CALLED,2026-08-08T01:07:00,1763,0.911
P060,P020,CALLED,2026-08-09T08:08:00,494,0.865
P077,P051,CALLED,2026-08-10T15:09:00,1915,0.815
P014,P002,CALLED,2026-08-11T22:10:00,419,0.822
P031,P033,CALLED,2026-08-12T05:11:00,697,0.838
P048,P064,CALLED,2026-08-13T12:12:00,1519,0.956
P065,P015,CALLED,2026-08-14T19:13:00,2078,0.759
P002,P046,CALLED,2026-08-15T02:14:00,1827,0.801
P019,P077,CALLED,2026-08-16T09:15:00,626,0.758
P036,P028,CALLED,2026-08-17T16:16:00,988,0.775
P053,P059,CALLED,2026-08-18T23:17:00,1418,0.828
P070,P010,CALLED,2026-08-19T06:18:00,249,0.772
P007,P041,CALLED,2026-08-20T13:19:00,150,0.798
P024,P072,CALLED,2026-08-21T20:20:00,874,0.85
P041,P023,CALLED,2026-08-22T03:21:00,2134,0.968
P058,P054,CALLED,2026-08-23T10:22:00,392,0.989
P075,P005,CALLED,2026-08-24T17:23:00,637,0.788
P012,P036,CALLED,2026-08-25T00:24:00,1854,0.846
P029,P067,CALLED,2026-08-26T07:25:00,288,0.764
P046,P018,CALLED,2026-08-27T14:26:00,1117,0.843
P063,P049,CALLED,2026-08-28T21:27:00,2398,0.89
P080,P002,CALLED,2026-08-29T04:28:00,192,0.822
P017,P031,CALLED,2026-08-30T11:29:00,74,0.882
P034,P062,CALLED,2026-08-01T18:30:00,2261,0.841
P051,P013,CALLED,2026-08-02T01:31:00,236,0.903
P068,P044,CALLED,2026-08-03T08:32:00,242,0.823
P005,P075,CALLED,2026-08-04T15:33:00,2198,0.975
P022,P026,CALLED,2026-08-05T22:34:00,2200,0.849
P039,P057,CALLED,2026-08-06T05:35:00,1536,0.825
P056,P008,CALLED,2026-08-07T12:36:00,1698,0.913
P073,P039,CALLED,2026-08-08T19:37:00,621,0.931
P010,P070,CALLED,2026-08-09T02:38:00,1930,0.96
P027,P021,CALLED,2026-08-10T09:39:00,1662,0.869
P044,P052,CALLED,2026-08-11T16:40:00,1456,0.859
P061,P003,CALLED,2026-08-12T23:41:00,419,0.887
P078,P034,CALLED,2026-08-13T06:42:00,376,0.758
P015,P065,CALLED,2026-08-14T13:43:00,95,0.786
P032,P016,CALLED,2026-08-15T20:44:00,791,0.944
P049,P047,CALLED,2026-08-16T03:45:00,1787,0.818
P066,P078,CALLED,2026-08-17T10:46:00,22,0.985
P003,P029,CALLED,2026-08-18T17:47:00,775,0.903
P020,P060,CALLED,2026-08-19T00:48:00,1676,0.884
P037,P011,CALLED,2026-08-20T07:49:00,2277,0.913
P054,P042,CALLED,2026-08-21T14:50:00,1249,0.755
P071,P073,CALLED,2026-08-22T21:51:00,853,0.795
P008,P024,CALLED,2026-08-23T04:52:00,1766,0.917
P025,P055,CALLED,2026-08-24T11:53:00,1765,0.83
P042,P006,CALLED,2026-08-25T18:54:00,633,0.954
P059,P037,CALLED,2026-08-26T01:55:00,622,0.875
P076,P068,CALLED,2026-08-27T08:56:00,172,0.918
P013,P019,CALLED,2026-08-28T15:57:00,2029,0.814
P030,P050,CALLED,2026-08-29T22:58:00,1026,0.883
P047,P001,CALLED,2026-08-30T05:59:00,672,0.979
P064,P032,CALLED,2026-08-01T12:00:00,1949,0.772
P001,P063,CALLED,2026-08-02T19:01:00,154,0.914
P018,P014,CALLED,2026-08-03T02:02:00,1234,0.872
P035,P045,CALLED,2026-08-04T09:03:00,894,0.838
P052,P076,CALLED,2026-08-05T16:04:00,1502,0.975
P069,P027,CALLED,2026-08-06T23:05:00,1285,0.947
P006,P058,CALLED,2026-08-07T06:06:00,1816,0.833
P023,P009,CALLED,2026-08-08T13:07:00,2099,0.756
P040,P042,CALLED,2026-08-09T20:08:00,1379,0.838
P057,P071,CALLED,2026-08-10T03:09:00,755,0.898
P074,P022,CALLED,2026-08-11T10:10:00,975,0.794
P011,P053,CALLED,2026-08-12T17:11:00,1384,0.924
P028,P004,CALLED,2026-08-13T00:12:00,851,0.772
P045,P035,CALLED,2026-08-14T07:13:00,1316,0.971
P062,P066,CALLED,2026-08-15T14:14:00,475,0.934
P079,P017,CALLED,2026-08-16T21:15:00,1708,0.754
P016,P048,CALLED,2026-08-17T04:16:00,534,0.833
P033,P079,CALLED,2026-08-18T11:17:00,2257,0.772
P050,P030,CALLED,2026-08-19T18:18:00,48,0.842
P067,P061,CALLED,2026-08-20T01:19:00,390,0.79
P004,P012,CALLED,2026-08-21T08:20:00,192,0.868
P021,P043,CALLED,2026-08-22T15:21:00,96,0.908
P038,P074,CALLED,2026-08-23T22:22:00,1076,0.936
P055,P025,CALLED,2026-08-24T05:23:00,976,0.763
P072,P056,CALLED,2026-08-25T12:24:00,1132,0.919
P009,P007,CALLED,2026-08-26T19:25:00,1812,0.906
P026,P038,CALLED,2026-08-27T02:26:00,485,0.97
P043,P069,CALLED,2026-08-28T09:27:00,1237,0.899
P060,P020,CALLED,2026-08-29T16:28:00,1266,0.938
P077,P051,CALLED,2026-08-30T23:29:00,300,0.951
P014,P002,CALLED,2026-08-01T06:30:00,920,0.855
P031,P033,CALLED,2026-08-02T13:31:00,885,0.958
P048,P064,CALLED,2026-08-03T20:32:00,713,0.943
P065,P015,CALLED,2026-08-04T03:33:00,2154,0.98
P002,P046,CALLED,2026-08-05T10:34:00,1422,0.89
P019,P077,CALLED,2026-08-06T17:35:00,724,0.91
P036,P028,CALLED,2026-08-07T00:36:00,1932,0.973
P053,P059,CALLED,2026-08-08T07:37:00,1005,0.905
P070,P010,CALLED,2026-08-09T14:38:00,432,0.766
P007,P041,CALLED,2026-08-10T21:39:00,1038,0.948
P024,P072,CALLED,2026-08-11T04:40:00,211,0.941
P041,P023,CALLED,2026-08-12T11:41:00,1208,0.86
P058,P054,CALLED,2026-08-13T18:42:00,2331,0.768
P075,P005,CALLED,2026-08-14T01:43:00,1818,0.761
P012,P036,CALLED,2026-08-15T08:44:00,1526,0.968
P029,P067,CALLED,2026-08-16T15:45:00,1732,0.907
P046,P018,CALLED,2026-08-17T22:46:00,1213,0.775
P063,P049,CALLED,2026-08-18T05:47:00,40,0.786
P080,P002,CALLED,2026-08-19T12:48:00,2005,0.793
P017,P031,CALLED,2026-08-20T19:49:00,1195,0.939
P034,P062,CALLED,2026-08-21T02:50:00,1270,0.89
P051,P013,CALLED,2026-08-22T09:51:00,2173,0.892
P068,P044,CALLED,2026-08-23T16:52:00,1044,0.835
P005,P075,CALLED,2026-08-24T23:53:00,1809,0.939
P022,P026,CALLED,2026-08-25T06:54:00,2377,0.958
P039,P057,CALLED,2026-08-26T13:55:00,805,0.902
P056,P008,CALLED,2026-08-27T20:56:00,132,0.981
P073,P039,CALLED,2026-08-28T03:57:00,350,0.856
P010,P070,CALLED,2026-08-29T10:58:00,533,0.909
P027,P021,CALLED,2026-08-30T17:59:00,2318,0.971
P044,P052,CALLED,2026-08-01T00:00:00,1026,0.914
P061,P003,CALLED,2026-08-02T07:01:00,1441,0.88
P078,P034,CALLED,2026-08-03T14:02:00,459,0.826
P015,P065,CALLED,2026-08-04T21:03:00,51,0.834
P032,P016,CALLED,2026-08-05T04:04:00,1381,0.923
P049,P047,CALLED,2026-08-06T11:05:00,2372,0.785
P066,P078,CALLED,2026-08-07T18:06:00,1352,0.8
P003,P029,CALLED,2026-08-08T01:07:00,2313,0.946
P020,P060,CALLED,2026-08-09T08:08:00,2368,0.885
P037,P011,CALLED,2026-08-10T15:09:00,1491,0.868
P054,P042,CALLED,2026-08-11T22:10:00,1735,0.883
P071,P073,CALLED,2026-08-12T05:11:00,1732,0.919
P008,P024,CALLED,2026-08-13T12:12:00,1499,0.989
P025,P055,CALLED,2026-08-14T19:13:00,2147,0.768
P042,P006,CALLED,2026-08-15T02:14:00,1352,0.963
P059,P037,CALLED,2026-08-16T09:15:00,962,0.825
P076,P068,CALLED,2026-08-17T16:16:00,2225,0.774
P013,P019,CALLED,2026-08-18T23:17:00,1693,0.865
P030,P050,CALLED,2026-08-19T06:18:00,1387,0.966
P047,P001,CALLED,2026-08-20T13:19:00,1679,0.781
P064,P032,CALLED,2026-08-21T20:20:00,884,0.965
P001,P063,CALLED,2026-08-22T03:21:00,149,0.817
P018,P014,CALLED,2026-08-23T10:22:00,842,0.848
P035,P045,CALLED,2026-08-24T17:23:00,1638,0.829
P052,P076,CALLED,2026-08-25T00:24:00,1131,0.768
P069,P027,CALLED,2026-08-26T07:25:00,1322,0.862
P006,P058,CALLED,2026-08-27T14:26:00,1744,0.796
P023,P009,CALLED,2026-08-28T21:27:00,1466,0.975
P040,P042,CALLED,2026-08-29T04:28:00,1326,0.945
P057,P071,CALLED,2026-08-30T11:29:00,1343,0.988
P074,P022,CALLED,2026-08-01T18:30:00,446,0.906
P011,P053,CALLED,2026-08-02T01:31:00,2276,0.781
P028,P004,CALLED,2026-08-03T08:32:00,998,0.75
P045,P035,CALLED,2026-08-04T15:33:00,185,0.84
P062,P066,CALLED,2026-08-05T22:34:00,1292,0.826
P079,P017,CALLED,2026-08-06T05:35:00,137,0.752
P016,P048,CALLED,2026-08-07T12:36:00,1008,0.95
P033,P079,CALLED,2026-08-08T19:37:00,484,0.77
P050,P030,CALLED,2026-08-09T02:38:00,585,0.891
P067,P061,CALLED,2026-08-10T09:39:00,256,0.819
P004,P012,CALLED,2026-08-11T16:40:00,517,0.771
P021,P043,CALLED,2026-08-12T23:41:00,1760,0.826
P038,P074,CALLED,2026-08-13T06:42:00,570,0.859
P055,P025,CALLED,2026-08-14T13:43:00,1712,0.796
P072,P056,CALLED,2026-08-15T20:44:00,1185,0.811
P009,P007,CALLED,2026-08-16T03:45:00,2371,0.823
P026,P038,CALLED,2026-08-17T10:46:00,1602,0.826
P043,P069,CALLED,2026-08-18T17:47:00,1104,0.98
P060,P020,CALLED,2026-08-19T00:48:00,2295,0.87
P077,P051,CALLED,2026-08-20T07:49:00,461,0.791
P014,P002,CALLED,2026-08-21T14:50:00,798,0.964
P031,P033,CALLED,2026-08-22T21:51:00,1097,0.754
P048,P064,CALLED,2026-08-23T04:52:00,1054,0.831
P065,P015,CALLED,2026-08-24T11:53:00,1357,0.973
P002,P046,CALLED,2026-08-25T18:54:00,1663,0.784
P019,P077,CALLED,2026-08-26T01:55:00,376,0.791
P036,P028,CALLED,2026-08-27T08:56:00,1883,0.951
P053,P059,CALLED,2026-08-28T15:57:00,302,0.859
P070,P010,CALLED,2026-08-29T22:58:00,1055,0.755
P007,P041,CALLED,2026-08-30T05:59:00,742,0.819
P024,P072,CALLED,2026-08-01T12:00:00,2351,0.82
P041,P023,CALLED,2026-08-02T19:01:00,151,0.758
P058,P054,CALLED,2026-08-03T02:02:00,2045,0.871
P075,P005,CALLED,2026-08-04T09:03:00,854,0.846
P012,P036,CALLED,2026-08-05T16:04:00,2150,0.928
P029,P067,CALLED,2026-08-06T23:05:00,802,0.964
P046,P018,CALLED,2026-08-07T06:06:00,1403,0.962
P063,P049,CALLED,2026-08-08T13:07:00,489,0.874
P080,P002,CALLED,2026-08-09T20:08:00,779,0.981
P017,P031,CALLED,2026-08-10T03:09:00,483,0.78
P034,P062,CALLED,2026-08-11T10:10:00,1531,0.821
P051,P013,CALLED,2026-08-12T17:11:00,1260,0.9
P068,P044,CALLED,2026-08-13T00:12:00,2118,0.898
P005,P075,CALLED,2026-08-14T07:13:00,1071,0.84
P022,P026,CALLED,2026-08-15T14:14:00,956,0.972
P039,P057,CALLED,2026-08-16T21:15:00,1754,0.891
P056,P008,CALLED,2026-08-17T04:16:00,1737,0.777
P073,P039,CALLED,2026-08-18T11:17:00,1389,0.84
P010,P070,CALLED,2026-08-19T18:18:00,2229,0.805
P027,P021,CALLED,2026-08-20T01:19:00,943,0.966
P044,P052,CALLED,2026-08-21T08:20:00,1360,0.877
P061,P003,CALLED,2026-08-22T15:21:00,195,0.979
P078,P034,CALLED,2026-08-23T22:22:00,994,0.825
P015,P065,CALLED,2026-08-24T05:23:00,1562,0.899
P032,P016,CALLED,2026-08-25T12:24:00,1029,0.802
P049,P047,CALLED,2026-08-26T19:25:00,2088,0.77
P066,P078,CALLED,2026-08-27T02:26:00,637,0.947
P003,P029,CALLED,2026-08-28T09:27:00,1229,0.903
P020,P060,CALLED,2026-08-29T16:28:00,2174,0.92
P037,P011,CALLED,2026-08-30T23:29:00,1929,0.891
P054,P042,CALLED,2026-08-01T06:30:00,2128,0.84
P071,P073,CALLED,2026-08-02T13:31:00,785,0.916
P008,P024,CALLED,2026-08-03T20:32:00,722,0.751
P025,P055,CALLED,2026-08-04T03:33:00,2043,0.774
P042,P006,CALLED,2026-08-05T10:34:00,836,0.981
P059,P037,CALLED,2026-08-06T17:35:00,32,0.806
P076,P068,CALLED,2026-08-07T00:36:00,856,0.976
P013,P019,CALLED,2026-08-08T07:37:00,1370,0.774
P030,P050,CALLED,2026-08-09T14:38:00,2058,0.879
P047,P001,CALLED,2026-08-10T21:39:00,2284,0.907
P064,P032,CALLED,2026-08-11T04:40:00,2096,0.78
P001,P063,CALLED,2026-08-12T11:41:00,1409,0.947
P018,P014,CALLED,2026-08-13T18:42:00,949,0.976
P035,P045,CALLED,2026-08-14T01:43:00,1122,0.856
P052,P076,CALLED,2026-08-15T08:44:00,1270,0.909
P069,P027,CALLED,2026-08-16T15:45:00,1205,0.827
P006,P058,CALLED,2026-08-17T22:46:00,27,0.951
P023,P009,CALLED,2026-08-18T05:47:00,628,0.881
P040,P042,CALLED,2026-08-19T12:48:00,538,0.843
P057,P071,CALLED,2026-08-20T19:49:00,1297,0.977
P074,P022,CALLED,2026-08-21T02:50:00,1735,0.805
P011,P053,CALLED,2026-08-22T09:51:00,897,0.982
P028,P004,CALLED,2026-08-23T16:52:00,937,0.963
P045,P035,CALLED,2026-08-24T23:53:00,1025,0.851
P062,P066,CALLED,2026-08-25T06:54:00,283,0.77
P079,P017,CALLED,2026-08-26T13:55:00,1009,0.944
P016,P048,CALLED,2026-08-27T20:56:00,1227,0.797
P033,P079,CALLED,2026-08-28T03:57:00,452,0.794
P050,P030,CALLED,2026-08-29T10:58:00,2090,0.897
P067,P061,CALLED,2026-08-30T17:59:00,99,0.832
P004,P012,CALLED,2026-08-01T00:00:00,2317,0.894
P021,P043,CALLED,2026-08-02T07:01:00,2166,0.873
P038,P074,CALLED,2026-08-03T14:02:00,365,0.909
P055,P025,CALLED,2026-08-04T21:03:00,829,0.955
P072,P056,CALLED,2026-08-05T04:04:00,57,0.845
P009,P007,CALLED,2026-08-06T11:05:00,208,0.842
P026,P038,CALLED,2026-08-07T18:06:00,1446,0.899
P043,P069,CALLED,2026-08-08T01:07:00,253,0.751
P060,P020,CALLED,2026-08-09T08:08:00,1561,0.897
P077,P051,CALLED,2026-08-10T15:09:00,862,0.782
P014,P002,CALLED,2026-08-11T22:10:00,480,0.837
P031,P033,CALLED,2026-08-12T05:11:00,967,0.833
P048,P064,CALLED,2026-08-13T12:12:00,1174,0.901
P065,P015,CALLED,2026-08-14T19:13:00,1958,0.812
P002,P046,CALLED,2026-08-15T02:14:00,2207,0.931
P019,P077,CALLED,2026-08-16T09:15:00,1334,0.788
P036,P028,CALLED,2026-08-17T16:16:00,2251,0.828
P053,P059,CALLED,2026-08-18T23:17:00,2002,0.952
P070,P010,CALLED,2026-08-19T06:18:00,1473,0.917
P007,P041,CALLED,2026-08-20T13:19:00,2125,0.837
P024,P072,CALLED,2026-08-21T20:20:00,320,0.85
P041,P023,CALLED,2026-08-22T03:21:00,2352,0.837
P058,P054,CALLED,2026-08-23T10:22:00,496,0.931
P075,P005,CALLED,2026-08-24T17:23:00,575,0.905
P012,P036,CALLED,2026-08-25T00:24:00,1684,0.838
P029,P067,CALLED,2026-08-26T07:25:00,1595,0.946
P046,P018,CALLED,2026-08-27T14:26:00,548,0.794
P063,P049,CALLED,2026-08-28T21:27:00,1378,0.96
P080,P002,CALLED,2026-08-29T04:28:00,1987,0.958
P017,P031,CALLED,2026-08-30T11:29:00,1934,0.934
P034,P062,CALLED,2026-08-01T18:30:00,477,0.792
P051,P013,CALLED,2026-08-02T01:31:00,1363,0.84
P068,P044,CALLED,2026-08-03T08:32:00,1119,0.88
P005,P075,CALLED,2026-08-04T15:33:00,2212,0.763
P022,P026,CALLED,2026-08-05T22:34:00,246,0.79
P039,P057,CALLED,2026-08-06T05:35:00,2248,0.919
P056,P008,CALLED,2026-08-07T12:36:00,1626,0.847
P073,P039,CALLED,2026-08-08T19:37:00,33,0.884
P010,P070,CALLED,2026-08-09T02:38:00,1920,0.899
P027,P021,CALLED,2026-08-10T09:39:00,1675,0.955
P044,P052,CALLED,2026-08-11T16:40:00,2225,0.848
P061,P003,CALLED,2026-08-12T23:41:00,97,0.786
P078,P034,CALLED,2026-08-13T06:42:00,1461,0.841
P015,P065,CALLED,2026-08-14T13:43:00,2106,0.96
P032,P016,CALLED,2026-08-15T20:44:00,2135,0.792
P049,P047,CALLED,2026-08-16T03:45:00,18,0.894
P066,P078,CALLED,2026-08-17T10:46:00,1653,0.803
P003,P029,CALLED,2026-08-18T17:47:00,1692,0.898
P020,P060,CALLED,2026-08-19T00:48:00,1830,0.915
P037,P011,CALLED,2026-08-20T07:49:00,2015,0.848
P054,P042,CALLED,2026-08-21T14:50:00,324,0.857
P071,P073,CALLED,2026-08-22T21:51:00,1095,0.831
P008,P024,CALLED,2026-08-23T04:52:00,1798,0.95
P025,P055,CALLED,2026-08-24T11:53:00,2047,0.805
P042,P006,CALLED,2026-08-25T18:54:00,633,0.947
P059,P037,CALLED,2026-08-26T01:55:00,397,0.76
P076,P068,CALLED,2026-08-27T08:56:00,2346,0.76
P013,P019,CALLED,2026-08-28T15:57:00,2039,0.781
P030,P050,CALLED,2026-08-29T22:58:00,1845,0.961
P047,P001,CALLED,2026-08-30T05:59:00,897,0.964
P064,P032,CALLED,2026-08-01T12:00:00,1419,0.969
P001,P063,CALLED,2026-08-02T19:01:00,2285,0.763
P018,P014,CALLED,2026-08-03T02:02:00,890,0.97
P035,P045,CALLED,2026-08-04T09:03:00,777,0.844
P052,P076,CALLED,2026-08-05T16:04:00,1618,0.927
P069,P027,CALLED,2026-08-06T23:05:00,134,0.91
P006,P058,CALLED,2026-08-07T06:06:00,127,0.876
P023,P009,CALLED,2026-08-08T13:07:00,773,0.927
P040,P042,CALLED,2026-08-09T20:08:00,923,0.945
P057,P071,CALLED,2026-08-10T03:09:00,2262,0.751
P074,P022,CALLED,2026-08-11T10:10:00,403,0.901
P011,P053,CALLED,2026-08-12T17:11:00,1603,0.86
P028,P004,CALLED,2026-08-13T00:12:00,2114,0.987
P045,P035,CALLED,2026-08-14T07:13:00,2284,0.918
P062,P066,CALLED,2026-08-15T14:14:00,535,0.758
P079,P017,CALLED,2026-08-16T21:15:00,901,0.943
P016,P048,CALLED,2026-08-17T04:16:00,819,0.781
P033,P079,CALLED,2026-08-18T11:17:00,836,0.952
P050,P030,CALLED,2026-08-19T18:18:00,1609,0.774
P067,P061,CALLED,2026-08-20T01:19:00,1182,0.856
P004,P012,CALLED,2026-08-21T08:20:00,1540,0.957
P021,P043,CALLED,2026-08-22T15:21:00,1056,0.778
P038,P074,CALLED,2026-08-23T22:22:00,383,0.97
P055,P025,CALLED,2026-08-24T05:23:00,1036,0.825
P072,P056,CALLED,2026-08-25T12:24:00,1198,0.895
P009,P007,CALLED,2026-08-26T19:25:00,1446,0.767
P026,P038,CALLED,2026-08-27T02:26:00,538,0.922
P043,P069,CALLED,2026-08-28T09:27:00,2248,0.784
P060,P020,CALLED,2026-08-29T16:28:00,1752,0.875
P077,P051,CALLED,2026-08-30T23:29:00,1629,0.833
P014,P002,CALLED,2026-08-01T06:30:00,1704,0.966
P031,P033,CALLED,2026-08-02T13:31:00,1675,0.932
P048,P064,CALLED,2026-08-03T20:32:00,1137,0.783
P065,P015,CALLED,2026-08-04T03:33:00,573,0.845
P002,P046,CALLED,2026-08-05T10:34:00,167,0.795
P019,P077,CALLED,2026-08-06T17:35:00,328,0.868
P036,P028,CALLED,2026-08-07T00:36:00,139,0.751
P053,P059,CALLED,2026-08-08T07:37:00,679,0.805
P070,P010,CALLED,2026-08-09T14:38:00,1043,0.916
P007,P041,CALLED,2026-08-10T21:39:00,1826,0.867
P024,P072,CALLED,2026-08-11T04:40:00,1799,0.869
P041,P023,CALLED,2026-08-12T11:41:00,757,0.82
P058,P054,CALLED,2026-08-13T18:42:00,426,0.99
P075,P005,CALLED,2026-08-14T01:43:00,1247,0.786
P012,P036,CALLED,2026-08-15T08:44:00,785,0.9
P029,P067,CALLED,2026-08-16T15:45:00,1206,0.864
P046,P018,CALLED,2026-08-17T22:46:00,347,0.89
P063,P049,CALLED,2026-08-18T05:47:00,1858,0.927
P080,P002,CALLED,2026-08-19T12:48:00,1357,0.78
P017,P031,CALLED,2026-08-20T19:49:00,940,0.863
P034,P062,CALLED,2026-08-21T02:50:00,1089,0.974
P051,P013,CALLED,2026-08-22T09:51:00,975,0.945
P068,P044,CALLED,2026-08-23T16:52:00,766,0.881
P005,P075,CALLED,2026-08-24T23:53:00,221,0.945
P022,P026,CALLED,2026-08-25T06:54:00,684,0.762
P039,P057,CALLED,2026-08-26T13:55:00,1594,0.879
P056,P008,CALLED,2026-08-27T20:56:00,2155,0.784
P073,P039,CALLED,2026-08-28T03:57:00,2106,0.846
P010,P070,CALLED,2026-08-29T10:58:00,705,0.86
P027,P021,CALLED,2026-08-30T17:59:00,1131,0.939
P044,P052,CALLED,2026-08-01T00:00:00,989,0.987
P061,P003,CALLED,2026-08-02T07:01:00,1512,0.885
P078,P034,CALLED,2026-08-03T14:02:00,1887,0.822
P015,P065,CALLED,2026-08-04T21:03:00,2298,0.82
P032,P016,CALLED,2026-08-05T04:04:00,1357,0.978
P049,P047,CALLED,2026-08-06T11:05:00,2390,0.987
P066,P078,CALLED,2026-08-07T18:06:00,475,0.835
P003,P029,CALLED,2026-08-08T01:07:00,1447,0.88
P020,P060,CALLED,2026-08-09T08:08:00,735,0.768
P037,P011,CALLED,2026-08-10T15:09:00,1343,0.962
P054,P042,CALLED,2026-08-11T22:10:00,485,0.827
P071,P073,CALLED,2026-08-12T05:11:00,453,0.968
P008,P024,CALLED,2026-08-13T12:12:00,1856,0.963
P025,P055,CALLED,2026-08-14T19:13:00,1428,0.942
P042,P006,CALLED,2026-08-15T02:14:00,1973,0.921
P059,P037,CALLED,2026-08-16T09:15:00,1023,0.795
P076,P068,CALLED,2026-08-17T16:16:00,547,0.927
P013,P019,CALLED,2026-08-18T23:17:00,1668,0.859
P030,P050,CALLED,2026-08-19T06:18:00,39,0.915
P047,P001,CALLED,2026-08-20T13:19:00,132,0.853
P064,P032,CALLED,2026-08-21T20:20:00,1632,0.98
P001,P063,CALLED,2026-08-22T03:21:00,1455,0.962
P018,P014,CALLED,2026-08-23T10:22:00,694,0.846
P035,P045,CALLED,2026-08-24T17:23:00,342,0.835
P052,P076,CALLED,2026-08-25T00:24:00,2161,0.951
P069,P027,CALLED,2026-08-26T07:25:00,79,0.977
P006,P058,CALLED,2026-08-27T14:26:00,599,0.928
P023,P009,CALLED,2026-08-28T21:27:00,2121,0.915
P040,P042,CALLED,2026-08-29T04:28:00,656,0.786
P057,P071,CALLED,2026-08-30T11:29:00,1428,0.925
P074,P022,CALLED,2026-08-01T18:30:00,1714,0.981
P011,P053,CALLED,2026-08-02T01:31:00,941,0.946
P028,P004,CALLED,2026-08-03T08:32:00,1493,0.883
P045,P035,CALLED,2026-08-04T15:33:00,598,0.905
P062,P066,CALLED,2026-08-05T22:34:00,564,0.849
P079,P017,CALLED,2026-08-06T05:35:00,1743,0.756
P016,P048,CALLED,2026-08-07T12:36:00,2358,0.795
P033,P079,CALLED,2026-08-08T19:37:00,1569,0.794
P050,P030,CALLED,2026-08-09T02:38:00,1265,0.939
P067,P061,CALLED,2026-08-10T09:39:00,2266,0.781
P004,P012,CALLED,2026-08-11T16:40:00,1997,0.897
P021,P043,CALLED,2026-08-12T23:41:00,1650,0.916
P038,P074,CALLED,2026-08-13T06:42:00,502,0.808
P055,P025,CALLED,2026-08-14T13:43:00,681,0.962
P072,P056,CALLED,2026-08-15T20:44:00,671,0.909
P009,P007,CALLED,2026-08-16T03:45:00,1094,0.905
P026,P038,CALLED,2026-08-17T10:46:00,1671,0.863
P043,P069,CALLED,2026-08-18T17:47:00,1196,0.906
P060,P020,CALLED,2026-08-19T00:48:00,2196,0.804
P077,P051,CALLED,2026-08-20T07:49:00,2004,0.971
P014,P002,CALLED,2026-08-21T14:50:00,1020,0.875
P031,P033,CALLED,2026-08-22T21:51:00,2089,0.906
P048,P064,CALLED,2026-08-23T04:52:00,1766,0.766
P065,P015,CALLED,2026-08-24T11:53:00,78,0.757
P002,P046,CALLED,2026-08-25T18:54:00,1299,0.767
P019,P077,CALLED,2026-08-26T01:55:00,1378,0.765
P036,P028,CALLED,2026-08-27T08:56:00,1424,0.868
P053,P059,CALLED,2026-08-28T15:57:00,2043,0.984
P070,P010,CALLED,2026-08-29T22:58:00,2368,0.876
P007,P041,CALLED,2026-08-30T05:59:00,459,0.898
P024,P072,CALLED,2026-08-01T12:00:00,1333,0.85
P041,P023,CALLED,2026-08-02T19:01:00,2373,0.812
P058,P054,CALLED,2026-08-03T02:02:00,943,0.869
P075,P005,CALLED,2026-08-04T09:03:00,231,0.907
P012,P036,CALLED,2026-08-05T16:04:00,1762,0.94
P029,P067,CALLED,2026-08-06T23:05:00,1280,0.808
P046,P018,CALLED,2026-08-07T06:06:00,1197,0.927
P063,P049,CALLED,2026-08-08T13:07:00,2346,0.937
P080,P002,CALLED,2026-08-09T20:08:00,1111,0.785
P017,P031,CALLED,2026-08-10T03:09:00,649,0.986
P034,P062,CALLED,2026-08-11T10:10:00,2110,0.752
P051,P013,CALLED,2026-08-12T17:11:00,1572,0.845
P068,P044,CALLED,2026-08-13T00:12:00,1134,0.866
P005,P075,CALLED,2026-08-14T07:13:00,2329,0.919
P022,P026,CALLED,2026-08-15T14:14:00,660,0.932
P039,P057,CALLED,2026-08-16T21:15:00,1751,0.856
P056,P008,CALLED,2026-08-17T04:16:00,1981,0.931
P073,P039,CALLED,2026-08-18T11:17:00,1360,0.759
P010,P070,CALLED,2026-08-19T18:18:00,535,0.919
P027,P021,CALLED,2026-08-20T01:19:00,1989,0.797
P044,P052,CALLED,2026-08-21T08:20:00,2247,0.938
P061,P003,CALLED,2026-08-22T15:21:00,1103,0.951
P078,P034,CALLED,2026-08-23T22:22:00,462,0.904
P015,P065,CALLED,2026-08-24T05:23:00,2280,0.767
P032,P016,CALLED,2026-08-25T12:24:00,355,0.913
P049,P047,CALLED,2026-08-26T19:25:00,1264,0.866
P066,P078,CALLED,2026-08-27T02:26:00,759,0.89
P003,P029,CALLED,2026-08-28T09:27:00,1283,0.859
P020,P060,CALLED,2026-08-29T16:28:00,1782,0.816
P037,P011,CALLED,2026-08-30T23:29:00,1250,0.901
P054,P042,CALLED,2026-08-01T06:30:00,601,0.985
P071,P073,CALLED,2026-08-02T13:31:00,1206,0.933
P008,P024,CALLED,2026-08-03T20:32:00,929,0.964
P025,P055,CALLED,2026-08-04T03:33:00,1959,0.834
P042,P006,CALLED,2026-08-05T10:34:00,391,0.85
P059,P037,CALLED,2026-08-06T17:35:00,115,0.841
P076,P068,CALLED,2026-08-07T00:36:00,2044,0.815
P013,P019,CALLED,2026-08-08T07:37:00,610,0.76
P030,P050,CALLED,2026-08-09T14:38:00,1020,0.984
P047,P001,CALLED,2026-08-10T21:39:00,2104,0.834
P064,P032,CALLED,2026-08-11T04:40:00,1149,0.868
P001,P063,CALLED,2026-08-12T11:41:00,743,0.824
P018,P014,CALLED,2026-08-13T18:42:00,1108,0.978
P035,P045,CALLED,2026-08-14T01:43:00,1439,0.898
P052,P076,CALLED,2026-08-15T08:44:00,719,0.881
P069,P027,CALLED,2026-08-16T15:45:00,1556,0.935
P006,P058,CALLED,2026-08-17T22:46:00,849,0.975
P023,P009,CALLED,2026-08-18T05:47:00,1834,0.788
P040,P042,CALLED,2026-08-19T12:48:00,1504,0.973
P057,P071,CALLED,2026-08-20T19:49:00,2200,0.926
P074,P022,CALLED,2026-08-21T02:50:00,480,0.805
P011,P053,CALLED,2026-08-22T09:51:00,233,0.872
P028,P004,CALLED,2026-08-23T16:52:00,1280,0.945
P045,P035,CALLED,2026-08-24T23:53:00,406,0.908
P062,P066,CALLED,2026-08-25T06:54:00,195,0.989
P079,P017,CALLED,2026-08-26T13:55:00,99,0.965
P016,P048,CALLED,2026-08-27T20:56:00,904,0.799
P033,P079,CALLED,2026-08-28T03:57:00,579,0.844
P050,P030,CALLED,2026-08-29T10:58:00,300,0.829
P067,P061,CALLED,2026-08-30T17:59:00,656,0.927
P004,P012,CALLED,2026-08-01T00:00:00,71,0.866
P021,P043,CALLED,2026-08-02T07:01:00,2060,0.857
P038,P074,CALLED,2026-08-03T14:02:00,1570,0.894
P055,P025,CALLED,2026-08-04T21:03:00,1454,0.905
P072,P056,CALLED,2026-08-05T04:04:00,24,0.955
P009,P007,CALLED,2026-08-06T11:05:00,2164,0.763
P026,P038,CALLED,2026-08-07T18:06:00,566,0.901
P043,P069,CALLED,2026-08-08T01:07:00,181,0.837
P060,P020,CALLED,2026-08-09T08:08:00,2043,0.777
P077,P051,CALLED,2026-08-10T15:09:00,549,0.871
P014,P002,CALLED,2026-08-11T22:10:00,2362,0.762
P031,P033,CALLED,2026-08-12T05:11:00,2196,0.978
P048,P064,CALLED,2026-08-13T12:12:00,1821,0.902
P065,P015,CALLED,2026-08-14T19:13:00,1749,0.974
P002,P046,CALLED,2026-08-15T02:14:00,1243,0.862
P019,P077,CALLED,2026-08-16T09:15:00,2039,0.763
P036,P028,CALLED,2026-08-17T16:16:00,955,0.9
P053,P059,CALLED,2026-08-18T23:17:00,155,0.866
P070,P010,CALLED,2026-08-19T06:18:00,1758,0.763
P007,P041,CALLED,2026-08-20T13:19:00,517,0.844
P024,P072,CALLED,2026-08-21T20:20:00,574,0.939
P041,P023,CALLED,2026-08-22T03:21:00,1821,0.936
P058,P054,CALLED,2026-08-23T10:22:00,2082,0.776
P075,P005,CALLED,2026-08-24T17:23:00,1813,0.974
P012,P036,CALLED,2026-08-25T00:24:00,473,0.841
P029,P067,CALLED,2026-08-26T07:25:00,180,0.953
P046,P018,CALLED,2026-08-27T14:26:00,1481,0.877
P063,P049,CALLED,2026-08-28T21:27:00,1876,0.917
P080,P002,CALLED,2026-08-29T04:28:00,1228,0.872
P017,P031,CALLED,2026-08-30T11:29:00,2038,0.871
P034,P062,CALLED,2026-08-01T18:30:00,1878,0.912
P051,P013,CALLED,2026-08-02T01:31:00,1169,0.842
P068,P044,CALLED,2026-08-03T08:32:00,840,0.783
P005,P075,CALLED,2026-08-04T15:33:00,1819,0.924
P022,P026,CALLED,2026-08-05T22:34:00,1764,0.77
P039,P057,CALLED,2026-08-06T05:35:00,742,0.752
P056,P008,CALLED,2026-08-07T12:36:00,618,0.828
P073,P039,CALLED,2026-08-08T19:37:00,1824,0.943
P010,P070,CALLED,2026-08-09T02:38:00,399,0.811
P027,P021,CALLED,2026-08-10T09:39:00,362,0.984
P044,P052,CALLED,2026-08-11T16:40:00,83,0.904
P061,P003,CALLED,2026-08-12T23:41:00,1542,0.83
P078,P034,CALLED,2026-08-13T06:42:00,1820,0.822
P015,P065,CALLED,2026-08-14T13:43:00,1968,0.874
P032,P016,CALLED,2026-08-15T20:44:00,1176,0.778
P049,P047,CALLED,2026-08-16T03:45:00,670,0.86
P066,P078,CALLED,2026-08-17T10:46:00,212,0.98
P003,P029,CALLED,2026-08-18T17:47:00,1063,0.857
P020,P060,CALLED,2026-08-19T00:48:00,1481,0.984
P037,P011,CALLED,2026-08-20T07:49:00,1176,0.85
P054,P042,CALLED,2026-08-21T14:50:00,2219,0.933
P071,P073,CALLED,2026-08-22T21:51:00,885,0.962
P008,P024,CALLED,2026-08-23T04:52:00,2217,0.869
P025,P055,CALLED,2026-08-24T11:53:00,2253,0.939
P042,P006,CALLED,2026-08-25T18:54:00,245,0.935
P059,P037,CALLED,2026-08-26T01:55:00,1495,0.816
P076,P068,CALLED,2026-08-27T08:56:00,1227,0.767
P013,P019,CALLED,2026-08-28T15:57:00,1287,0.833
P030,P050,CALLED,2026-08-29T22:58:00,368,0.795
P047,P001,CALLED,2026-08-30T05:59:00,1389,0.889
P064,P032,CALLED,2026-08-01T12:00:00,1953,0.902
P001,P063,CALLED,2026-08-02T19:01:00,472,0.91
P018,P014,CALLED,2026-08-03T02:02:00,1907,0.971
P035,P045,CALLED,2026-08-04T09:03:00,1883,0.964
P052,P076,CALLED,2026-08-05T16:04:00,1970,0.97
P069,P027,CALLED,2026-08-06T23:05:00,323,0.886
P006,P058,CALLED,2026-08-07T06:06:00,1008,0.772
P023,P009,CALLED,2026-08-08T13:07:00,1684,0.891
P040,P042,CALLED,2026-08-09T20:08:00,971,0.966
P057,P071,CALLED,2026-08-10T03:09:00,1725,0.919
P074,P022,CALLED,2026-08-11T10:10:00,872,0.78
P011,P053,CALLED,2026-08-12T17:11:00,2199,0.887
P028,P004,CALLED,2026-08-13T00:12:00,1453,0.963
P045,P035,CALLED,2026-08-14T07:13:00,698,0.897
P062,P066,CALLED,2026-08-15T14:14:00,571,0.804
P079,P017,CALLED,2026-08-16T21:15:00,1321,0.768
P016,P048,CALLED,2026-08-17T04:16:00,230,0.855
P033,P079,CALLED,2026-08-18T11:17:00,1320,0.924
P050,P030,CALLED,2026-08-19T18:18:00,613,0.915
P067,P061,CALLED,2026-08-20T01:19:00,1287,0.979
P004,P012,CALLED,2026-08-21T08:20:00,1289,0.969
P021,P043,CALLED,2026-08-22T15:21:00,644,0.915
P038,P074,CALLED,2026-08-23T22:22:00,1830,0.892
P055,P025,CALLED,2026-08-24T05:23:00,98,0.93
P072,P056,CALLED,2026-08-25T12:24:00,1661,0.969
P009,P007,CALLED,2026-08-26T19:25:00,225,0.834
P026,P038,CALLED,2026-08-27T02:26:00,2358,0.803
P043,P069,CALLED,2026-08-28T09:27:00,547,0.979
P060,P020,CALLED,2026-08-29T16:28:00,1395,0.806
P077,P051,CALLED,2026-08-30T23:29:00,517,0.785
P014,P002,CALLED,2026-08-01T06:30:00,1169,0.916
P031,P033,CALLED,2026-08-02T13:31:00,2139,0.875
P048,P064,CALLED,2026-08-03T20:32:00,524,0.844
P065,P015,CALLED,2026-08-04T03:33:00,1862,0.863
P002,P046,CALLED,2026-08-05T10:34:00,1973,0.772
P019,P077,CALLED,2026-08-06T17:35:00,343,0.885
P036,P028,CALLED,2026-08-07T00:36:00,97,0.891
P053,P059,CALLED,2026-08-08T07:37:00,721,0.988
P070,P010,CALLED,2026-08-09T14:38:00,2365,0.851
P007,P041,CALLED,2026-08-10T21:39:00,1354,0.926
P024,P072,CALLED,2026-08-11T04:40:00,1050,0.768
P041,P023,CALLED,2026-08-12T11:41:00,236,0.901
P058,P054,CALLED,2026-08-13T18:42:00,2170,0.841
P075,P005,CALLED,2026-08-14T01:43:00,140,0.964
P012,P036,CALLED,2026-08-15T08:44:00,1106,0.916
P029,P067,CALLED,2026-08-16T15:45:00,644,0.935
P046,P018,CALLED,2026-08-17T22:46:00,573,0.766
P063,P049,CALLED,2026-08-18T05:47:00,931,0.981
P080,P002,CALLED,2026-08-19T12:48:00,1227,0.853
P017,P031,CALLED,2026-08-20T19:49:00,755,0.907
P034,P062,CALLED,2026-08-21T02:50:00,263,0.85
P051,P013,CALLED,2026-08-22T09:51:00,1909,0.924
P068,P044,CALLED,2026-08-23T16:52:00,2264,0.886
P005,P075,CALLED,2026-08-24T23:53:00,853,0.966
P022,P026,CALLED,2026-08-25T06:54:00,876,0.826
P039,P057,CALLED,2026-08-26T13:55:00,1104,0.786
P056,P008,CALLED,2026-08-27T20:56:00,155,0.951
P073,P039,CALLED,2026-08-28T03:57:00,1174,0.901
P010,P070,CALLED,2026-08-29T10:58:00,1588,0.831
P027,P021,CALLED,2026-08-30T17:59:00,187,0.806
P044,P052,CALLED,2026-08-01T00:00:00,275,0.964
P061,P003,CALLED,2026-08-02T07:01:00,1712,0.856
P078,P034,CALLED,2026-08-03T14:02:00,193,0.869
P015,P065,CALLED,2026-08-04T21:03:00,981,0.768
P032,P016,CALLED,2026-08-05T04:04:00,2218,0.792
P049,P047,CALLED,2026-08-06T11:05:00,1898,0.767
P066,P078,CALLED,2026-08-07T18:06:00,1859,0.805
P003,P029,CALLED,2026-08-08T01:07:00,888,0.859
P020,P060,CALLED,2026-08-09T08:08:00,2043,0.781
P037,P011,CALLED,2026-08-10T15:09:00,2336,0.756
P054,P042,CALLED,2026-08-11T22:10:00,2274,0.943
P071,P073,CALLED,2026-08-12T05:11:00,873,0.937
P008,P024,CALLED,2026-08-13T12:12:00,115,0.977
P025,P055,CALLED,2026-08-14T19:13:00,905,0.959
P042,P006,CALLED,2026-08-15T02:14:00,1469,0.756
P059,P037,CALLED,2026-08-16T09:15:00,140,0.813
P076,P068,CALLED,2026-08-17T16:16:00,69,0.877
P013,P019,CALLED,2026-08-18T23:17:00,1470,0.968
P030,P050,CALLED,2026-08-19T06:18:00,136,0.986
P047,P001,CALLED,2026-08-20T13:19:00,658,0.949
P064,P032,CALLED,2026-08-21T20:20:00,1815,0.915
P001,P063,CALLED,2026-08-22T03:21:00,1478,0.891
P018,P014,CALLED,2026-08-23T10:22:00,2268,0.833
P035,P045,CALLED,2026-08-24T17:23:00,1435,0.811
P052,P076,CALLED,2026-08-25T00:24:00,209,0.771
P069,P027,CALLED,2026-08-26T07:25:00,2335,0.842
P006,P058,CALLED,2026-08-27T14:26:00,535,0.815
P023,P009,CALLED,2026-08-28T21:27:00,1970,0.832
P040,P042,CALLED,2026-08-29T04:28:00,1056,0.794
P057,P071,CALLED,2026-08-30T11:29:00,819,0.803
P074,P022,CALLED,2026-08-01T18:30:00,629,0.909
P011,P053,CALLED,2026-08-02T01:31:00,255,0.863
P028,P004,CALLED,2026-08-03T08:32:00,1588,0.94
P045,P035,CALLED,2026-08-04T15:33:00,61,0.779
P062,P066,CALLED,2026-08-05T22:34:00,415,0.872
P079,P017,CALLED,2026-08-06T05:35:00,428,0.831
P016,P048,CALLED,2026-08-07T12:36:00,878,0.959
P033,P079,CALLED,2026-08-08T19:37:00,1826,0.87
P050,P030,CALLED,2026-08-09T02:38:00,570,0.913
P067,P061,CALLED,2026-08-10T09:39:00,490,0.98
P004,P012,CALLED,2026-08-11T16:40:00,16,0.888
P021,P043,CALLED,2026-08-12T23:41:00,1659,0.826
P038,P074,CALLED,2026-08-13T06:42:00,678,0.941
P055,P025,CALLED,2026-08-14T13:43:00,2028,0.779
P072,P056,CALLED,2026-08-15T20:44:00,2100,0.955
P009,P007,CALLED,2026-08-16T03:45:00,1721,0.986
P026,P038,CALLED,2026-08-17T10:46:00,674,0.832
P043,P069,CALLED,2026-08-18T17:47:00,1030,0.866
P060,P020,CALLED,2026-08-19T00:48:00,214,0.864
P077,P051,CALLED,2026-08-20T07:49:00,2133,0.916
P014,P002,CALLED,2026-08-21T14:50:00,1998,0.881
P031,P033,CALLED,2026-08-22T21:51:00,1349,0.975
P048,P064,CALLED,2026-08-23T04:52:00,1680,0.816
P065,P015,CALLED,2026-08-24T11:53:00,1885,0.961
P002,P046,CALLED,2026-08-25T18:54:00,875,0.813
P019,P077,CALLED,2026-08-26T01:55:00,42,0.835
P036,P028,CALLED,2026-08-27T08:56:00,445,0.907
P053,P059,CALLED,2026-08-28T15:57:00,568,0.935
P070,P010,CALLED,2026-08-29T22:58:00,805,0.846
P007,P041,CALLED,2026-08-30T05:59:00,729,0.941
P024,P072,CALLED,2026-08-01T12:00:00,1663,0.864
P041,P023,CALLED,2026-08-02T19:01:00,88,0.94
P058,P054,CALLED,2026-08-03T02:02:00,1718,0.963
P075,P005,CALLED,2026-08-04T09:03:00,1684,0.805
P012,P036,CALLED,2026-08-05T16:04:00,1737,0.887
P029,P067,CALLED,2026-08-06T23:05:00,1681,0.838
P046,P018,CALLED,2026-08-07T06:06:00,252,0.839
P063,P049,CALLED,2026-08-08T13:07:00,2288,0.987
P080,P002,CALLED,2026-08-09T20:08:00,1628,0.804
P017,P031,CALLED,2026-08-10T03:09:00,1285,0.981
P034,P062,CALLED,2026-08-11T10:10:00,935,0.872
P051,P013,CALLED,2026-08-12T17:11:00,2029,0.79
P068,P044,CALLED,2026-08-13T00:12:00,102,0.938
P005,P075,CALLED,2026-08-14T07:13:00,2330,0.891
P022,P026,CALLED,2026-08-15T14:14:00,1402,0.88
P039,P057,CALLED,2026-08-16T21:15:00,2210,0.758
P056,P008,CALLED,2026-08-17T04:16:00,2112,0.986
P073,P039,CALLED,2026-08-18T11:17:00,1512,0.888
P010,P070,CALLED,2026-08-19T18:18:00,1244,0.941
P027,P021,CALLED,2026-08-20T01:19:00,531,0.958
P044,P052,CALLED,2026-08-21T08:20:00,553,0.919
P061,P003,CALLED,2026-08-22T15:21:00,597,0.983
P078,P034,CALLED,2026-08-23T22:22:00,634,0.943
P015,P065,CALLED,2026-08-24T05:23:00,1237,0.963
P032,P016,CALLED,2026-08-25T12:24:00,64,0.795
P049,P047,CALLED,2026-08-26T19:25:00,2192,0.883
P066,P078,CALLED,2026-08-27T02:26:00,2228,0.78
P003,P029,CALLED,2026-08-28T09:27:00,1673,0.944
P020,P060,CALLED,2026-08-29T16:28:00,932,0.943
P037,P011,CALLED,2026-08-30T23:29:00,840,0.837
P054,P042,CALLED,2026-08-01T06:30:00,913,0.859
P071,P073,CALLED,2026-08-02T13:31:00,89,0.834
P008,P024,CALLED,2026-08-03T20:32:00,1077,0.832
P025,P055,CALLED,2026-08-04T03:33:00,2057,0.753
P042,P006,CALLED,2026-08-05T10:34:00,194,0.956
P059,P037,CALLED,2026-08-06T17:35:00,1876,0.939
P076,P068,CALLED,2026-08-07T00:36:00,1957,0.887
P013,P019,CALLED,2026-08-08T07:37:00,274,0.938
P030,P050,CALLED,2026-08-09T14:38:00,1441,0.783
P047,P001,CALLED,2026-08-10T21:39:00,1136,0.793
P064,P032,CALLED,2026-08-11T04:40:00,1869,0.918
P001,P063,CALLED,2026-08-12T11:41:00,2273,0.763
P018,P014,CALLED,2026-08-13T18:42:00,2188,0.979
P035,P045,CALLED,2026-08-14T01:43:00,1307,0.816
P052,P076,CALLED,2026-08-15T08:44:00,1012,0.966
P069,P027,CALLED,2026-08-16T15:45:00,559,0.956
P006,P058,CALLED,2026-08-17T22:46:00,2167,0.918
P023,P009,CALLED,2026-08-18T05:47:00,854,0.852
P040,P042,CALLED,2026-08-19T12:48:00,2227,0.836
P057,P071,CALLED,2026-08-20T19:49:00,1199,0.793
P074,P022,CALLED,2026-08-21T02:50:00,1314,0.939
P011,P053,CALLED,2026-08-22T09:51:00,1742,0.98
P028,P004,CALLED,2026-08-23T16:52:00,1788,0.928
P045,P035,CALLED,2026-08-24T23:53:00,2336,0.883
P062,P066,CALLED,2026-08-25T06:54:00,1394,0.933
P079,P017,CALLED,2026-08-26T13:55:00,1906,0.805
P016,P048,CALLED,2026-08-27T20:56:00,1582,0.775
P033,P079,CALLED,2026-08-28T03:57:00,310,0.828
P050,P030,CALLED,2026-08-29T10:58:00,507,0.78
P067,P061,CALLED,2026-08-30T17:59:00,2144,0.829
P004,P012,CALLED,2026-08-01T00:00:00,2123,0.762
P021,P043,CALLED,2026-08-02T07:01:00,1152,0.806
P038,P074,CALLED,2026-08-03T14:02:00,231,0.952
P055,P025,CALLED,2026-08-04T21:03:00,1447,0.783
P072,P056,CALLED,2026-08-05T04:04:00,1908,0.901
P009,P007,CALLED,2026-08-06T11:05:00,1105,0.935
P026,P038,CALLED,2026-08-07T18:06:00,2061,0.819
P043,P069,CALLED,2026-08-08T01:07:00,73,0.856
P060,P020,CALLED,2026-08-09T08:08:00,1133,0.835
P077,P051,CALLED,2026-08-10T15:09:00,335,0.88
P014,P002,CALLED,2026-08-11T22:10:00,2120,0.835
P031,P033,CALLED,2026-08-12T05:11:00,184,0.75
P048,P064,CALLED,2026-08-13T12:12:00,1507,0.986
P065,P015,CALLED,2026-08-14T19:13:00,1533,0.758
P002,P046,CALLED,2026-08-15T02:14:00,1262,0.816
P019,P077,CALLED,2026-08-16T09:15:00,519,0.892
P036,P028,CALLED,2026-08-17T16:16:00,976,0.81
P053,P059,CALLED,2026-08-18T23:17:00,305,0.911
P070,P010,CALLED,2026-08-19T06:18:00,489,0.871
P007,P041,CALLED,2026-08-20T13:19:00,1237,0.766
P024,P072,CALLED,2026-08-21T20:20:00,777,0.971
P041,P023,CALLED,2026-08-22T03:21:00,465,0.877
P058,P054,CALLED,2026-08-23T10:22:00,412,0.962
P075,P005,CALLED,2026-08-24T17:23:00,87,0.758
P012,P036,CALLED,2026-08-25T00:24:00,451,0.899
P029,P067,CALLED,2026-08-26T07:25:00,674,0.807
P046,P018,CALLED,2026-08-27T14:26:00,12,0.832
P063,P049,CALLED,2026-08-28T21:27:00,1191,0.794
P080,P002,CALLED,2026-08-29T04:28:00,1349,0.887
P017,P031,CALLED,2026-08-30T11:29:00,1211,0.987
P034,P062,CALLED,2026-08-01T18:30:00,48,0.787
P051,P013,CALLED,2026-08-02T01:31:00,94,0.879
P068,P044,CALLED,2026-08-03T08:32:00,959,0.751
P005,P075,CALLED,2026-08-04T15:33:00,2107,0.883
P022,P026,CALLED,2026-08-05T22:34:00,1577,0.907
P039,P057,CALLED,2026-08-06T05:35:00,582,0.959
P056,P008,CALLED,2026-08-07T12:36:00,1471,0.828
P073,P039,CALLED,2026-08-08T19:37:00,1248,0.942
P010,P070,CALLED,2026-08-09T02:38:00,2247,0.917
P027,P021,CALLED,2026-08-10T09:39:00,1116,0.775
P044,P052,CALLED,2026-08-11T16:40:00,374,0.878
P061,P003,CALLED,2026-08-12T23:41:00,1383,0.898
P078,P034,CALLED,2026-08-13T06:42:00,2088,0.978
P015,P065,CALLED,2026-08-14T13:43:00,274,0.79
P032,P016,CALLED,2026-08-15T20:44:00,304,0.84
P049,P047,CALLED,2026-08-16T03:45:00,1834,0.781
P066,P078,CALLED,2026-08-17T10:46:00,1078,0.959
P003,P029,CALLED,2026-08-18T17:47:00,2101,0.913
P020,P060,CALLED,2026-08-19T00:48:00,2304,0.86
P037,P011,CALLED,2026-08-20T07:49:00,2125,0.842
P054,P042,CALLED,2026-08-21T14:50:00,697,0.958
P071,P073,CALLED,2026-08-22T21:51:00,355,0.802
P008,P024,CALLED,2026-08-23T04:52:00,918,0.889
P025,P055,CALLED,2026-08-24T11:53:00,2148,0.967
P042,P006,CALLED,2026-08-25T18:54:00,646,0.966
P059,P037,CALLED,2026-08-26T01:55:00,735,0.794
P076,P068,CALLED,2026-08-27T08:56:00,1608,0.83
P013,P019,CALLED,2026-08-28T15:57:00,1244,0.922
P030,P050,CALLED,2026-08-29T22:58:00,330,0.894
P047,P001,CALLED,2026-08-30T05:59:00,2321,0.943
P064,P032,CALLED,2026-08-01T12:00:00,669,0.985
P001,P063,CALLED,2026-08-02T19:01:00,1728,0.77
P018,P014,CALLED,2026-08-03T02:02:00,1168,0.953
P035,P045,CALLED,2026-08-04T09:03:00,237,0.857
P052,P076,CALLED,2026-08-05T16:04:00,1545,0.959
P069,P027,CALLED,2026-08-06T23:05:00,734,0.837
P006,P058,CALLED,2026-08-07T06:06:00,1712,0.914
P023,P009,CALLED,2026-08-08T13:07:00,499,0.887
P040,P042,CALLED,2026-08-09T20:08:00,718,0.88
P057,P071,CALLED,2026-08-10T03:09:00,988,0.919
P074,P022,CALLED,2026-08-11T10:10:00,1335,0.768
P011,P053,CALLED,2026-08-12T17:11:00,736,0.876
P028,P004,CALLED,2026-08-13T00:12:00,1963,0.949
P045,P035,CALLED,2026-08-14T07:13:00,2278,0.791
P062,P066,CALLED,2026-08-15T14:14:00,1890,0.917
P079,P017,CALLED,2026-08-16T21:15:00,1211,0.882
P016,P048,CALLED,2026-08-17T04:16:00,2098,0.913
P033,P079,CALLED,2026-08-18T11:17:00,111,0.764
P050,P030,CALLED,2026-08-19T18:18:00,1959,0.907
P067,P061,CALLED,2026-08-20T01:19:00,1389,0.77
P004,P012,CALLED,2026-08-21T08:20:00,493,0.79
P021,P043,CALLED,2026-08-22T15:21:00,745,0.781
P038,P074,CALLED,2026-08-23T22:22:00,79,0.927
P055,P025,CALLED,2026-08-24T05:23:00,40,0.973
P072,P056,CALLED,2026-08-25T12:24:00,1750,0.822
P009,P007,CALLED,2026-08-26T19:25:00,376,0.893
P026,P038,CALLED,2026-08-27T02:26:00,538,0.895
P043,P069,CALLED,2026-08-28T09:27:00,2363,0.988
P060,P020,CALLED,2026-08-29T16:28:00,2211,0.938
P077,P051,CALLED,2026-08-30T23:29:00,2055,0.813
P014,P002,CALLED,2026-08-01T06:30:00,1402,0.884
P031,P033,CALLED,2026-08-02T13:31:00,1469,0.772
P048,P064,CALLED,2026-08-03T20:32:00,314,0.841
P065,P015,CALLED,2026-08-04T03:33:00,982,0.92
P002,P046,CALLED,2026-08-05T10:34:00,1698,0.872
P019,P077,CALLED,2026-08-06T17:35:00,187,0.96
P036,P028,CALLED,2026-08-07T00:36:00,10,0.934
P053,P059,CALLED,2026-08-08T07:37:00,1007,0.901
P070,P010,CALLED,2026-08-09T14:38:00,1801,0.763
P007,P041,CALLED,2026-08-10T21:39:00,86,0.963
P024,P072,CALLED,2026-08-11T04:40:00,1986,0.958
P041,P023,CALLED,2026-08-12T11:41:00,420,0.826
P058,P054,CALLED,2026-08-13T18:42:00,2222,0.868
P075,P005,CALLED,2026-08-14T01:43:00,1642,0.784
P012,P036,CALLED,2026-08-15T08:44:00,997,0.787
P029,P067,CALLED,2026-08-16T15:45:00,1900,0.871
P046,P018,CALLED,2026-08-17T22:46:00,822,0.915
P063,P049,CALLED,2026-08-18T05:47:00,1909,0.81
P080,P002,CALLED,2026-08-19T12:48:00,597,0.845
P017,P031,CALLED,2026-08-20T19:49:00,44,0.805
P034,P062,CALLED,2026-08-21T02:50:00,2024,0.972
P051,P013,CALLED,2026-08-22T09:51:00,1873,0.775
P068,P044,CALLED,2026-08-23T16:52:00,1628,0.903
P005,P075,CALLED,2026-08-24T23:53:00,2177,0.842
P022,P026,CALLED,2026-08-25T06:54:00,140,0.848
P039,P057,CALLED,2026-08-26T13:55:00,2305,0.824
P056,P008,CALLED,2026-08-27T20:56:00,31,0.809
P073,P039,CALLED,2026-08-28T03:57:00,1102,0.888
P010,P070,CALLED,2026-08-29T10:58:00,2345,0.816
P027,P021,CALLED,2026-08-30T17:59:00,1998,0.84
P044,P052,CALLED,2026-08-01T00:00:00,893,0.832
P061,P003,CALLED,2026-08-02T07:01:00,1719,0.784
P078,P034,CALLED,2026-08-03T14:02:00,1082,0.941
P015,P065,CALLED,2026-08-04T21:03:00,1860,0.933
P032,P016,CALLED,2026-08-05T04:04:00,1292,0.775
P049,P047,CALLED,2026-08-06T11:05:00,1934,0.792
P066,P078,CALLED,2026-08-07T18:06:00,1720,0.958
P003,P029,CALLED,2026-08-08T01:07:00,1541,0.798
P020,P060,CALLED,2026-08-09T08:08:00,398,0.751
P037,P011,CALLED,2026-08-10T15:09:00,1122,0.962
P054,P042,CALLED,2026-08-11T22:10:00,1348,0.937
P071,P073,CALLED,2026-08-12T05:11:00,2004,0.912
P008,P024,CALLED,2026-08-13T12:12:00,428,0.767
P025,P055,CALLED,2026-08-14T19:13:00,1888,0.824
P042,P006,CALLED,2026-08-15T02:14:00,558,0.97
P059,P037,CALLED,2026-08-16T09:15:00,1738,0.919
P076,P068,CALLED,2026-08-17T16:16:00,215,0.887
P013,P019,CALLED,2026-08-18T23:17:00,222,0.899
P030,P050,CALLED,2026-08-19T06:18:00,884,0.812
P047,P001,CALLED,2026-08-20T13:19:00,604,0.818
P064,P032,CALLED,2026-08-21T20:20:00,811,0.793
P001,P063,CALLED,2026-08-22T03:21:00,832,0.919
P018,P014,CALLED,2026-08-23T10:22:00,102,0.949
P035,P045,CALLED,2026-08-24T17:23:00,1911,0.791
P052,P076,CALLED,2026-08-25T00:24:00,1457,0.985
P069,P027,CALLED,2026-08-26T07:25:00,1958,0.779
P006,P058,CALLED,2026-08-27T14:26:00,2321,0.852
P023,P009,CALLED,2026-08-28T21:27:00,706,0.877
P040,P042,CALLED,2026-08-29T04:28:00,2173,0.801
P057,P071,CALLED,2026-08-30T11:29:00,320,0.979
P074,P022,CALLED,2026-08-01T18:30:00,1291,0.894
P011,P053,CALLED,2026-08-02T01:31:00,1562,0.773
P028,P004,CALLED,2026-08-03T08:32:00,949,0.751
P045,P035,CALLED,2026-08-04T15:33:00,1107,0.806
P062,P066,CALLED,2026-08-05T22:34:00,2110,0.88
P079,P017,CALLED,2026-08-06T05:35:00,985,0.899
P016,P048,CALLED,2026-08-07T12:36:00,1327,0.945
P033,P079,CALLED,2026-08-08T19:37:00,1190,0.979
P050,P030,CALLED,2026-08-09T02:38:00,740,0.947
P067,P061,CALLED,2026-08-10T09:39:00,488,0.857
P004,P012,CALLED,2026-08-11T16:40:00,909,0.894
P021,P043,CALLED,2026-08-12T23:41:00,1015,0.802
P038,P074,CALLED,2026-08-13T06:42:00,735,0.874
P055,P025,CALLED,2026-08-14T13:43:00,1283,0.92
P072,P056,CALLED,2026-08-15T20:44:00,1239,0.774
P009,P007,CALLED,2026-08-16T03:45:00,1124,0.827
P026,P038,CALLED,2026-08-17T10:46:00,1129,0.922
P043,P069,CALLED,2026-08-18T17:47:00,96,0.982
P060,P020,CALLED,2026-08-19T00:48:00,1338,0.827
P077,P051,CALLED,2026-08-20T07:49:00,2093,0.846
P014,P002,CALLED,2026-08-21T14:50:00,2348,0.769
P031,P033,CALLED,2026-08-22T21:51:00,2321,0.793
P048,P064,CALLED,2026-08-23T04:52:00,668,0.78
P065,P015,CALLED,2026-08-24T11:53:00,416,0.79
P002,P046,CALLED,2026-08-25T18:54:00,693,0.961
P019,P077,CALLED,2026-08-26T01:55:00,1602,0.816
P036,P028,CALLED,2026-08-27T08:56:00,877,0.848
P053,P059,CALLED,2026-08-28T15:57:00,83,0.77
P070,P010,CALLED,2026-08-29T22:58:00,1308,0.939
P007,P041,CALLED,2026-08-30T05:59:00,1379,0.805
P024,P072,CALLED,2026-08-01T12:00:00,1199,0.854
P041,P023,CALLED,2026-08-02T19:01:00,324,0.921
P058,P054,CALLED,2026-08-03T02:02:00,1759,0.773
P075,P005,CALLED,2026-08-04T09:03:00,138,0.913
P012,P036,CALLED,2026-08-05T16:04:00,963,0.9
P029,P067,CALLED,2026-08-06T23:05:00,2092,0.902
P046,P018,CALLED,2026-08-07T06:06:00,1646,0.956
P063,P049,CALLED,2026-08-08T13:07:00,1614,0.982
P080,P002,CALLED,2026-08-09T20:08:00,1695,0.904
P017,P031,CALLED,2026-08-10T03:09:00,2245,0.915
P034,P062,CALLED,2026-08-11T10:10:00,1786,0.951
P051,P013,CALLED,2026-08-12T17:11:00,2370,0.819
P068,P044,CALLED,2026-08-13T00:12:00,309,0.849
P005,P075,CALLED,2026-08-14T07:13:00,1777,0.884
P022,P026,CALLED,2026-08-15T14:14:00,2048,0.829
P039,P057,CALLED,2026-08-16T21:15:00,268,0.894
P056,P008,CALLED,2026-08-17T04:16:00,187,0.94
P073,P039,CALLED,2026-08-18T11:17:00,1034,0.858
P010,P070,CALLED,2026-08-19T18:18:00,1330,0.819
P027,P021,CALLED,2026-08-20T01:19:00,2299,0.956
P044,P052,CALLED,2026-08-21T08:20:00,2323,0.882
P061,P003,CALLED,2026-08-22T15:21:00,1768,0.912
P078,P034,CALLED,2026-08-23T22:22:00,820,0.893
P015,P065,CALLED,2026-08-24T05:23:00,1533,0.797
P032,P016,CALLED,2026-08-25T12:24:00,702,0.973
P049,P047,CALLED,2026-08-26T19:25:00,321,0.946
P066,P078,CALLED,2026-08-27T02:26:00,554,0.987
P003,P029,CALLED,2026-08-28T09:27:00,1496,0.931
P020,P060,CALLED,2026-08-29T16:28:00,2351,0.864
P037,P011,CALLED,2026-08-30T23:29:00,1955,0.941
P054,P042,CALLED,2026-08-01T06:30:00,2182,0.828
P071,P073,CALLED,2026-08-02T13:31:00,1786,0.883
P008,P024,CALLED,2026-08-03T20:32:00,1630,0.816
P025,P055,CALLED,2026-08-04T03:33:00,2374,0.832
P042,P006,CALLED,2026-08-05T10:34:00,782,0.78
P059,P037,CALLED,2026-08-06T17:35:00,515,0.87
P076,P068,CALLED,2026-08-07T00:36:00,2178,0.783
P013,P019,CALLED,2026-08-08T07:37:00,1481,0.987
P030,P050,CALLED,2026-08-09T14:38:00,1581,0.912
P047,P001,CALLED,2026-08-10T21:39:00,853,0.877
P064,P032,CALLED,2026-08-11T04:40:00,1517,0.781
P001,P063,CALLED,2026-08-12T11:41:00,240,0.957
P018,P014,CALLED,2026-08-13T18:42:00,72,0.969
P035,P045,CALLED,2026-08-14T01:43:00,263,0.956
P052,P076,CALLED,2026-08-15T08:44:00,286,0.95
P069,P027,CALLED,2026-08-16T15:45:00,2120,0.988
P006,P058,CALLED,2026-08-17T22:46:00,2146,0.979
P023,P009,CALLED,2026-08-18T05:47:00,153,0.896
P040,P042,CALLED,2026-08-19T12:48:00,29,0.756
P057,P071,CALLED,2026-08-20T19:49:00,425,0.794
P074,P022,CALLED,2026-08-21T02:50:00,183,0.802
P011,P053,CALLED,2026-08-22T09:51:00,1534,0.772
P028,P004,CALLED,2026-08-23T16:52:00,38,0.886
P045,P035,CALLED,2026-08-24T23:53:00,309,0.791
P062,P066,CALLED,2026-08-25T06:54:00,1360,0.974
P079,P017,CALLED,2026-08-26T13:55:00,931,0.958
P016,P048,CALLED,2026-08-27T20:56:00,888,0.988
P033,P079,CALLED,2026-08-28T03:57:00,759,0.926
P050,P030,CALLED,2026-08-29T10:58:00,1953,0.924
P067,P061,CALLED,2026-08-30T17:59:00,28,0.859
P004,P012,CALLED,2026-08-01T00:00:00,212,0.916
P021,P043,CALLED,2026-08-02T07:01:00,106,0.859
P038,P074,CALLED,2026-08-03T14:02:00,2051,0.965
P055,P025,CALLED,2026-08-04T21:03:00,86,0.841
P072,P056,CALLED,2026-08-05T04:04:00,426,0.94
P009,P007,CALLED,2026-08-06T11:05:00,302,0.774
P026,P038,CALLED,2026-08-07T18:06:00,1648,0.887
P043,P069,CALLED,2026-08-08T01:07:00,1179,0.986
P060,P020,CALLED,2026-08-09T08:08:00,2045,0.948
P077,P051,CALLED,2026-08-10T15:09:00,592,0.849
P014,P002,CALLED,2026-08-11T22:10:00,930,0.946
P031,P033,CALLED,2026-08-12T05:11:00,1884,0.75
P048,P064,CALLED,2026-08-13T12:12:00,2238,0.751
P065,P015,CALLED,2026-08-14T19:13:00,2015,0.842
P002,P046,CALLED,2026-08-15T02:14:00,2322,0.977
P019,P077,CALLED,2026-08-16T09:15:00,1016,0.779
P036,P028,CALLED,2026-08-17T16:16:00,1684,0.817
P053,P059,CALLED,2026-08-18T23:17:00,507,0.963
P070,P010,CALLED,2026-08-19T06:18:00,1196,0.818
P007,P041,CALLED,2026-08-20T13:19:00,1773,0.87
P024,P072,CALLED,2026-08-21T20:20:00,13,0.874
P041,P023,CALLED,2026-08-22T03:21:00,1171,0.851
P058,P054,CALLED,2026-08-23T10:22:00,914,0.948
P075,P005,CALLED,2026-08-24T17:23:00,1700,0.845
P012,P036,CALLED,2026-08-25T00:24:00,1790,0.872
P029,P067,CALLED,2026-08-26T07:25:00,67,0.938
P046,P018,CALLED,2026-08-27T14:26:00,983,0.803
P063,P049,CALLED,2026-08-28T21:27:00,2266,0.982
P080,P002,CALLED,2026-08-29T04:28:00,325,0.961
P017,P031,CALLED,2026-08-30T11:29:00,2131,0.786
P034,P062,CALLED,2026-08-01T18:30:00,2337,0.838
P051,P013,CALLED,2026-08-02T01:31:00,1201,0.942
P068,P044,CALLED,2026-08-03T08:32:00,1262,0.796
P005,P075,CALLED,2026-08-04T15:33:00,1409,0.904
P022,P026,CALLED,2026-08-05T22:34:00,332,0.825
P039,P057,CALLED,2026-08-06T05:35:00,592,0.877
P056,P008,CALLED,2026-08-07T12:36:00,1422,0.971
P073,P039,CALLED,2026-08-08T19:37:00,540,0.872
P010,P070,CALLED,2026-08-09T02:38:00,1257,0.864
P027,P021,CALLED,2026-08-10T09:39:00,106,0.894
P044,P052,CALLED,2026-08-11T16:40:00,1523,0.976
P061,P003,CALLED,2026-08-12T23:41:00,1767,0.984
P078,P034,CALLED,2026-08-13T06:42:00,759,0.766
P015,P065,CALLED,2026-08-14T13:43:00,157,0.839
P032,P016,CALLED,2026-08-15T20:44:00,1352,0.977
P049,P047,CALLED,2026-08-16T03:45:00,601,0.795
P066,P078,CALLED,2026-08-17T10:46:00,1502,0.751
P003,P029,CALLED,2026-08-18T17:47:00,1113,0.93
P020,P060,CALLED,2026-08-19T00:48:00,2359,0.899
P037,P011,CALLED,2026-08-20T07:49:00,817,0.812
P054,P042,CALLED,2026-08-21T14:50:00,1154,0.888
P071,P073,CALLED,2026-08-22T21:51:00,2388,0.768
P008,P024,CALLED,2026-08-23T04:52:00,910,0.758
P025,P055,CALLED,2026-08-24T11:53:00,862,0.938
P042,P006,CALLED,2026-08-25T18:54:00,181,0.852
P059,P037,CALLED,2026-08-26T01:55:00,203,0.842
P076,P068,CALLED,2026-08-27T08:56:00,947,0.88
P013,P019,CALLED,2026-08-28T15:57:00,88,0.814
P030,P050,CALLED,2026-08-29T22:58:00,1951,0.883
P047,P001,CALLED,2026-08-30T05:59:00,1353,0.805
P064,P032,CALLED,2026-08-01T12:00:00,1874,0.773
P001,P063,CALLED,2026-08-02T19:01:00,1975,0.971
P018,P014,CALLED,2026-08-03T02:02:00,1263,0.829
P035,P045,CALLED,2026-08-04T09:03:00,577,0.753
P052,P076,CALLED,2026-08-05T16:04:00,1340,0.911
P069,P027,CALLED,2026-08-06T23:05:00,655,0.94
P006,P058,CALLED,2026-08-07T06:06:00,469,0.781
P023,P009,CALLED,2026-08-08T13:07:00,534,0.949
P040,P042,CALLED,2026-08-09T20:08:00,690,0.82
P057,P071,CALLED,2026-08-10T03:09:00,1659,0.978
P074,P022,CALLED,2026-08-11T10:10:00,1660,0.981
P011,P053,CALLED,2026-08-12T17:11:00,2234,0.886
P028,P004,CALLED,2026-08-13T00:12:00,765,0.764
P045,P035,CALLED,2026-08-14T07:13:00,56,0.829
P062,P066,CALLED,2026-08-15T14:14:00,752,0.935
P079,P017,CALLED,2026-08-16T21:15:00,1404,0.803
P016,P048,CALLED,2026-08-17T04:16:00,1665,0.875
P033,P079,CALLED,2026-08-18T11:17:00,1763,0.793
P050,P030,CALLED,2026-08-19T18:18:00,1296,0.921
P067,P061,CALLED,2026-08-20T01:19:00,1743,0.947
P004,P012,CALLED,2026-08-21T08:20:00,1779,0.884
P021,P043,CALLED,2026-08-22T15:21:00,738,0.801
P038,P074,CALLED,2026-08-23T22:22:00,497,0.902
P055,P025,CALLED,2026-08-24T05:23:00,2250,0.889
P072,P056,CALLED,2026-08-25T12:24:00,342,0.807
P009,P007,CALLED,2026-08-26T19:25:00,201,0.887
P026,P038,CALLED,2026-08-27T02:26:00,256,0.956
P043,P069,CALLED,2026-08-28T09:27:00,286,0.907
P060,P020,CALLED,2026-08-29T16:28:00,765,0.881
P077,P051,CALLED,2026-08-30T23:29:00,832,0.784
P014,P002,CALLED,2026-08-01T06:30:00,503,0.918
P031,P033,CALLED,2026-08-02T13:31:00,1429,0.954
P048,P064,CALLED,2026-08-03T20:32:00,2138,0.832
P065,P015,CALLED,2026-08-04T03:33:00,2301,0.958
P002,P046,CALLED,2026-08-05T10:34:00,45,0.801
P019,P077,CALLED,2026-08-06T17:35:00,1303,0.947
P036,P028,CALLED,2026-08-07T00:36:00,1519,0.796
P053,P059,CALLED,2026-08-08T07:37:00,727,0.944
P070,P010,CALLED,2026-08-09T14:38:00,1165,0.938
P007,P041,CALLED,2026-08-10T21:39:00,664,0.8
P024,P072,CALLED,2026-08-11T04:40:00,206,0.948
P041,P023,CALLED,2026-08-12T11:41:00,637,0.764
P058,P054,CALLED,2026-08-13T18:42:00,1607,0.931
P075,P005,CALLED,2026-08-14T01:43:00,586,0.78
P012,P036,CALLED,2026-08-15T08:44:00,2323,0.891
P029,P067,CALLED,2026-08-16T15:45:00,103,0.848
P046,P018,CALLED,2026-08-17T22:46:00,1550,0.804
P063,P049,CALLED,2026-08-18T05:47:00,519,0.801
P080,P002,CALLED,2026-08-19T12:48:00,1660,0.907
P017,P031,CALLED,2026-08-20T19:49:00,225,0.961
P034,P062,CALLED,2026-08-21T02:50:00,1683,0.764
P051,P013,CALLED,2026-08-22T09:51:00,2164,0.806
P068,P044,CALLED,2026-08-23T16:52:00,914,0.795
P005,P075,CALLED,2026-08-24T23:53:00,852,0.767
P022,P026,CALLED,2026-08-25T06:54:00,948,0.899
P039,P057,CALLED,2026-08-26T13:55:00,350,0.916
P056,P008,CALLED,2026-08-27T20:56:00,63,0.934
P073,P039,CALLED,2026-08-28T03:57:00,517,0.786
P010,P070,CALLED,2026-08-29T10:58:00,255,0.82
P027,P021,CALLED,2026-08-30T17:59:00,835,0.952
P044,P052,CALLED,2026-08-01T00:00:00,2039,0.863
P061,P003,CALLED,2026-08-02T07:01:00,2105,0.865
P078,P034,CALLED,2026-08-03T14:02:00,357,0.895
P015,P065,CALLED,2026-08-04T21:03:00,858,0.766
P032,P016,CALLED,2026-08-05T04:04:00,1523,0.806
P049,P047,CALLED,2026-08-06T11:05:00,129,0.821
P066,P078,CALLED,2026-08-07T18:06:00,648,0.977
P003,P029,CALLED,2026-08-08T01:07:00,2299,0.908
P020,P060,CALLED,2026-08-09T08:08:00,140,0.773
P037,P011,CALLED,2026-08-10T15:09:00,108,0.902
P054,P042,CALLED,2026-08-11T22:10:00,1657,0.827
P071,P073,CALLED,2026-08-12T05:11:00,1036,0.769
P008,P024,CALLED,2026-08-13T12:12:00,1338,0.871
P025,P055,CALLED,2026-08-14T19:13:00,601,0.967
P042,P006,CALLED,2026-08-15T02:14:00,1475,0.921
P059,P037,CALLED,2026-08-16T09:15:00,1205,0.757
P076,P068,CALLED,2026-08-17T16:16:00,304,0.976
P013,P019,CALLED,2026-08-18T23:17:00,2121,0.812
P030,P050,CALLED,2026-08-19T06:18:00,452,0.971
P047,P001,CALLED,2026-08-20T13:19:00,1746,0.805
P064,P032,CALLED,2026-08-21T20:20:00,985,0.849
P001,P063,CALLED,2026-08-22T03:21:00,1182,0.767
P018,P014,CALLED,2026-08-23T10:22:00,530,0.932
P035,P045,CALLED,2026-08-24T17:23:00,2165,0.957
P052,P076,CALLED,2026-08-25T00:24:00,2097,0.897
P069,P027,CALLED,2026-08-26T07:25:00,796,0.838
P006,P058,CALLED,2026-08-27T14:26:00,264,0.771
P023,P009,CALLED,2026-08-28T21:27:00,2070,0.942
P040,P042,CALLED,2026-08-29T04:28:00,708,0.905
P057,P071,CALLED,2026-08-30T11:29:00,874,0.971
P074,P022,CALLED,2026-08-01T18:30:00,376,0.938
P011,P053,CALLED,2026-08-02T01:31:00,1078,0.92
P028,P004,CALLED,2026-08-03T08:32:00,1863,0.954
P045,P035,CALLED,2026-08-04T15:33:00,675,0.962
P062,P066,CALLED,2026-08-05T22:34:00,757,0.876
P079,P017,CALLED,2026-08-06T05:35:00,1086,0.752
P016,P048,CALLED,2026-08-07T12:36:00,1617,0.976
P033,P079,CALLED,2026-08-08T19:37:00,1776,0.942
P050,P030,CALLED,2026-08-09T02:38:00,731,0.858
P067,P061,CALLED,2026-08-10T09:39:00,1980,0.897
P004,P012,CALLED,2026-08-11T16:40:00,1480,0.786
P021,P043,CALLED,2026-08-12T23:41:00,514,0.98
P038,P074,CALLED,2026-08-13T06:42:00,61,0.797
P055,P025,CALLED,2026-08-14T13:43:00,1995,0.839
P072,P056,CALLED,2026-08-15T20:44:00,1013,0.854
P009,P007,CALLED,2026-08-16T03:45:00,2386,0.989
P026,P038,CALLED,2026-08-17T10:46:00,289,0.808
P043,P069,CALLED,2026-08-18T17:47:00,2252,0.976
P060,P020,CALLED,2026-08-19T00:48:00,1569,0.79
P077,P051,CALLED,2026-08-20T07:49:00,1836,0.771
P014,P002,CALLED,2026-08-21T14:50:00,1046,0.938
P031,P033,CALLED,2026-08-22T21:51:00,402,0.77
P048,P064,CALLED,2026-08-23T04:52:00,2214,0.804
P065,P015,CALLED,2026-08-24T11:53:00,394,0.795
P002,P046,CALLED,2026-08-25T18:54:00,1281,0.799
P019,P077,CALLED,2026-08-26T01:55:00,2116,0.821
P036,P028,CALLED,2026-08-27T08:56:00,2270,0.943
P053,P059,CALLED,2026-08-28T15:57:00,1759,0.961
P070,P010,CALLED,2026-08-29T22:58:00,1422,0.86
P007,P041,CALLED,2026-08-30T05:59:00,1845,0.943
P024,P072,CALLED,2026-08-01T12:00:00,985,0.92
P041,P023,CALLED,2026-08-02T19:01:00,1696,0.965
P058,P054,CALLED,2026-08-03T02:02:00,571,0.767
P075,P005,CALLED,2026-08-04T09:03:00,1597,0.88
P012,P036,CALLED,2026-08-05T16:04:00,2235,0.829
P029,P067,CALLED,2026-08-06T23:05:00,133,0.88
P046,P018,CALLED,2026-08-07T06:06:00,714,0.843
P063,P049,CALLED,2026-08-08T13:07:00,661,0.828
P080,P002,CALLED,2026-08-09T20:08:00,352,0.969
P017,P031,CALLED,2026-08-10T03:09:00,452,0.842
P034,P062,CALLED,2026-08-11T10:10:00,1255,0.81
P051,P013,CALLED,2026-08-12T17:11:00,341,0.843
P068,P044,CALLED,2026-08-13T00:12:00,1082,0.893
P005,P075,CALLED,2026-08-14T07:13:00,344,0.897
P022,P026,CALLED,2026-08-15T14:14:00,1528,0.857
P039,P057,CALLED,2026-08-16T21:15:00,1402,0.964
P056,P008,CALLED,2026-08-17T04:16:00,2117,0.924
P073,P039,CALLED,2026-08-18T11:17:00,436,0.971
P010,P070,CALLED,2026-08-19T18:18:00,1660,0.883
P027,P021,CALLED,2026-08-20T01:19:00,44,0.914
P044,P052,CALLED,2026-08-21T08:20:00,1261,0.936
P061,P003,CALLED,2026-08-22T15:21:00,1313,0.81
P078,P034,CALLED,2026-08-23T22:22:00,455,0.786
P015,P065,CALLED,2026-08-24T05:23:00,1506,0.908
P032,P016,CALLED,2026-08-25T12:24:00,149,0.958
P049,P047,CALLED,2026-08-26T19:25:00,664,0.87
P066,P078,CALLED,2026-08-27T02:26:00,1936,0.78
P003,P029,CALLED,2026-08-28T09:27:00,294,0.897
P020,P060,CALLED,2026-08-29T16:28:00,1357,0.957
P037,P011,CALLED,2026-08-30T23:29:00,1224,0.814
P054,P042,CALLED,2026-08-01T06:30:00,23,0.859
P071,P073,CALLED,2026-08-02T13:31:00,1453,0.872
P008,P024,CALLED,2026-08-03T20:32:00,97,0.82
P025,P055,CALLED,2026-08-04T03:33:00,1773,0.79
P042,P006,CALLED,2026-08-05T10:34:00,293,0.832
P059,P037,CALLED,2026-08-06T17:35:00,268,0.966
P076,P068,CALLED,2026-08-07T00:36:00,1648,0.774
P013,P019,CALLED,2026-08-08T07:37:00,677,0.916
P030,P050,CALLED,2026-08-09T14:38:00,2305,0.858
P047,P001,CALLED,2026-08-10T21:39:00,1677,0.952
P064,P032,CALLED,2026-08-11T04:40:00,1782,0.934
P001,P063,CALLED,2026-08-12T11:41:00,131,0.815
P018,P014,CALLED,2026-08-13T18:42:00,465,0.978
P035,P045,CALLED,2026-08-14T01:43:00,1018,0.762
P052,P076,CALLED,2026-08-15T08:44:00,1457,0.825
P069,P027,CALLED,2026-08-16T15:45:00,266,0.841
P006,P058,CALLED,2026-08-17T22:46:00,2284,0.897
P023,P009,CALLED,2026-08-18T05:47:00,833,0.826
P040,P042,CALLED,2026-08-19T12:48:00,801,0.863
P057,P071,CALLED,2026-08-20T19:49:00,2225,0.893
P074,P022,CALLED,2026-08-21T02:50:00,955,0.917
P011,P053,CALLED,2026-08-22T09:51:00,58,0.764
P028,P004,CALLED,2026-08-23T16:52:00,2396,0.939
P045,P035,CALLED,2026-08-24T23:53:00,1181,0.936
P062,P066,CALLED,2026-08-25T06:54:00,1752,0.76
P079,P017,CALLED,2026-08-26T13:55:00,1476,0.78
P016,P048,CALLED,2026-08-27T20:56:00,771,0.947
P033,P079,CALLED,2026-08-28T03:57:00,416,0.979
P050,P030,CALLED,2026-08-29T10:58:00,1788,0.827
P067,P061,CALLED,2026-08-30T17:59:00,639,0.836
P004,P012,CALLED,2026-08-01T00:00:00,657,0.836
P021,P043,CALLED,2026-08-02T07:01:00,2301,0.894
P038,P074,CALLED,2026-08-03T14:02:00,1730,0.883
P055,P025,CALLED,2026-08-04T21:03:00,2242,0.909
P072,P056,CALLED,2026-08-05T04:04:00,1307,0.774
P009,P007,CALLED,2026-08-06T11:05:00,871,0.821
P026,P038,CALLED,2026-08-07T18:06:00,2220,0.935
P043,P069,CALLED,2026-08-08T01:07:00,574,0.84
P060,P020,CALLED,2026-08-09T08:08:00,840,0.936
P077,P051,CALLED,2026-08-10T15:09:00,1223,0.84
P014,P002,CALLED,2026-08-11T22:10:00,1891,0.967
P031,P033,CALLED,2026-08-12T05:11:00,71,0.891
P048,P064,CALLED,2026-08-13T12:12:00,1271,0.944
P065,P015,CALLED,2026-08-14T19:13:00,1269,0.936
P002,P046,CALLED,2026-08-15T02:14:00,1974,0.931
P019,P077,CALLED,2026-08-16T09:15:00,1734,0.884
P036,P028,CALLED,2026-08-17T16:16:00,883,0.974
P053,P059,CALLED,2026-08-18T23:17:00,147,0.98
P070,P010,CALLED,2026-08-19T06:18:00,2331,0.791
P007,P041,CALLED,2026-08-20T13:19:00,1799,0.879
P024,P072,CALLED,2026-08-21T20:20:00,2177,0.834
P041,P023,CALLED,2026-08-22T03:21:00,47,0.82
P058,P054,CALLED,2026-08-23T10:22:00,1210,0.84
P075,P005,CALLED,2026-08-24T17:23:00,920,0.755
P012,P036,CALLED,2026-08-25T00:24:00,395,0.889
P029,P067,CALLED,2026-08-26T07:25:00,1859,0.779
P046,P018,CALLED,2026-08-27T14:26:00,186,0.835
P063,P049,CALLED,2026-08-28T21:27:00,185,0.838
P080,P002,CALLED,2026-08-29T04:28:00,1625,0.935
P017,P031,CALLED,2026-08-30T11:29:00,390,0.971
P034,P062,CALLED,2026-08-01T18:30:00,940,0.845
P051,P013,CALLED,2026-08-02T01:31:00,15,0.956
P068,P044,CALLED,2026-08-03T08:32:00,79,0.795
P005,P075,CALLED,2026-08-04T15:33:00,1952,0.811
P022,P026,CALLED,2026-08-05T22:34:00,1324,0.782
P039,P057,CALLED,2026-08-06T05:35:00,1825,0.935
P056,P008,CALLED,2026-08-07T12:36:00,1378,0.972
P073,P039,CALLED,2026-08-08T19:37:00,94,0.976
P010,P070,CALLED,2026-08-09T02:38:00,1020,0.905
P027,P021,CALLED,2026-08-10T09:39:00,467,0.87
P044,P052,CALLED,2026-08-11T16:40:00,1953,0.82
P061,P003,CALLED,2026-08-12T23:41:00,1983,0.953
P078,P034,CALLED,2026-08-13T06:42:00,1143,0.924
P015,P065,CALLED,2026-08-14T13:43:00,950,0.975
P032,P016,CALLED,2026-08-15T20:44:00,195,0.94
P049,P047,CALLED,2026-08-16T03:45:00,113,0.842
P066,P078,CALLED,2026-08-17T10:46:00,1894,0.878
P003,P029,CALLED,2026-08-18T17:47:00,1105,0.849
P020,P060,CALLED,2026-08-19T00:48:00,2197,0.939
P037,P011,CALLED,2026-08-20T07:49:00,812,0.859
P054,P042,CALLED,2026-08-21T14:50:00,168,0.982
P071,P073,CALLED,2026-08-22T21:51:00,1856,0.895
P008,P024,CALLED,2026-08-23T04:52:00,1795,0.866
P025,P055,CALLED,2026-08-24T11:53:00,1239,0.827
P042,P006,CALLED,2026-08-25T18:54:00,423,0.767
P059,P037,CALLED,2026-08-26T01:55:00,324,0.93
P076,P068,CALLED,2026-08-27T08:56:00,1680,0.939
P013,P019,CALLED,2026-08-28T15:57:00,1305,0.764
P030,P050,CALLED,2026-08-29T22:58:00,2223,0.93
P047,P001,CALLED,2026-08-30T05:59:00,2021,0.951
P064,P032,CALLED,2026-08-01T12:00:00,1430,0.912
P001,P063,CALLED,2026-08-02T19:01:00,1646,0.932
P018,P014,CALLED,2026-08-03T02:02:00,1255,0.952
P035,P045,CALLED,2026-08-04T09:03:00,2333,0.887
P052,P076,CALLED,2026-08-05T16:04:00,1823,0.755
P069,P027,CALLED,2026-08-06T23:05:00,470,0.802
P006,P058,CALLED,2026-08-07T06:06:00,1574,0.936
P023,P009,CALLED,2026-08-08T13:07:00,699,0.926
P040,P042,CALLED,2026-08-09T20:08:00,705,0.93
P057,P071,CALLED,2026-08-10T03:09:00,1553,0.858
P074,P022,CALLED,2026-08-11T10:10:00,1712,0.961
P011,P053,CALLED,2026-08-12T17:11:00,663,0.89
P028,P004,CALLED,2026-08-13T00:12:00,2387,0.792
P045,P035,CALLED,2026-08-14T07:13:00,1656,0.782
P062,P066,CALLED,2026-08-15T14:14:00,1998,0.906
P079,P017,CALLED,2026-08-16T21:15:00,1056,0.785
P016,P048,CALLED,2026-08-17T04:16:00,155,0.923
P033,P079,CALLED,2026-08-18T11:17:00,435,0.917
P050,P030,CALLED,2026-08-19T18:18:00,1479,0.824
P067,P061,CALLED,2026-08-20T01:19:00,821,0.93
P004,P012,CALLED,2026-08-21T08:20:00,1498,0.779
P021,P043,CALLED,2026-08-22T15:21:00,1781,0.985
P038,P074,CALLED,2026-08-23T22:22:00,919,0.901
P055,P025,CALLED,2026-08-24T05:23:00,191,0.914
P072,P056,CALLED,2026-08-25T12:24:00,688,0.8
P009,P007,CALLED,2026-08-26T19:25:00,453,0.893
P026,P038,CALLED,2026-08-27T02:26:00,773,0.931
P043,P069,CALLED,2026-08-28T09:27:00,764,0.803
P060,P020,CALLED,2026-08-29T16:28:00,2252,0.765
P077,P051,CALLED,2026-08-30T23:29:00,389,0.763
P014,P002,CALLED,2026-08-01T06:30:00,979,0.856
P031,P033,CALLED,2026-08-02T13:31:00,1778,0.776
P048,P064,CALLED,2026-08-03T20:32:00,84,0.9
P065,P015,CALLED,2026-08-04T03:33:00,1583,0.798
P002,P046,CALLED,2026-08-05T10:34:00,1447,0.826
P019,P077,CALLED,2026-08-06T17:35:00,1664,0.8
P036,P028,CALLED,2026-08-07T00:36:00,1485,0.825
P053,P059,CALLED,2026-08-08T07:37:00,1399,0.761
P070,P010,CALLED,2026-08-09T14:38:00,711,0.893
P007,P041,CALLED,2026-08-10T21:39:00,1237,0.954
P024,P072,CALLED,2026-08-11T04:40:00,2006,0.987
P041,P023,CALLED,2026-08-12T11:41:00,1509,0.981
P058,P054,CALLED,2026-08-13T18:42:00,1256,0.908
P075,P005,CALLED,2026-08-14T01:43:00,2144,0.908
P012,P036,CALLED,2026-08-15T08:44:00,1109,0.912
P029,P067,CALLED,2026-08-16T15:45:00,436,0.956
P046,P018,CALLED,2026-08-17T22:46:00,1185,0.963
P063,P049,CALLED,2026-08-18T05:47:00,720,0.905
P080,P002,CALLED,2026-08-19T12:48:00,2349,0.808
P017,P031,CALLED,2026-08-20T19:49:00,824,0.948
P034,P062,CALLED,2026-08-21T02:50:00,1988,0.82
P051,P013,CALLED,2026-08-22T09:51:00,1968,0.816
P068,P044,CALLED,2026-08-23T16:52:00,2133,0.975
P005,P075,CALLED,2026-08-24T23:53:00,2348,0.874
P022,P026,CALLED,2026-08-25T06:54:00,2190,0.838
P039,P057,CALLED,2026-08-26T13:55:00,259,0.917
P056,P008,CALLED,2026-08-27T20:56:00,1697,0.86
P073,P039,CALLED,2026-08-28T03:57:00,1747,0.8
P010,P070,CALLED,2026-08-29T10:58:00,738,0.83
P027,P021,CALLED,2026-08-30T17:59:00,1437,0.82
P044,P052,CALLED,2026-08-01T00:00:00,244,0.893
P061,P003,CALLED,2026-08-02T07:01:00,737,0.92
P078,P034,CALLED,2026-08-03T14:02:00,1910,0.933
P015,P065,CALLED,2026-08-04T21:03:00,248,0.774
P032,P016,CALLED,2026-08-05T04:04:00,436,0.769
P049,P047,CALLED,2026-08-06T11:05:00,925,0.867
P066,P078,CALLED,2026-08-07T18:06:00,1088,0.905
P003,P029,CALLED,2026-08-08T01:07:00,2377,0.924
P020,P060,CALLED,2026-08-09T08:08:00,2050,0.862
P037,P011,CALLED,2026-08-10T15:09:00,322,0.843
P054,P042,CALLED,2026-08-11T22:10:00,10,0.772
P071,P073,CALLED,2026-08-12T05:11:00,188,0.937
P008,P024,CALLED,2026-08-13T12:12:00,281,0.944
P025,P055,CALLED,2026-08-14T19:13:00,1310,0.855
P042,P006,CALLED,2026-08-15T02:14:00,1276,0.853
P059,P037,CALLED,2026-08-16T09:15:00,1500,0.9
P076,P068,CALLED,2026-08-17T16:16:00,2395,0.958
P013,P019,CALLED,2026-08-18T23:17:00,1744,0.869
P030,P050,CALLED,2026-08-19T06:18:00,292,0.816
P047,P001,CALLED,2026-08-20T13:19:00,2145,0.863
P064,P032,CALLED,2026-08-21T20:20:00,1163,0.75
P001,P063,CALLED,2026-08-22T03:21:00,485,0.87
P018,P014,CALLED,2026-08-23T10:22:00,480,0.935
P035,P045,CALLED,2026-08-24T17:23:00,490,0.799
P052,P076,CALLED,2026-08-25T00:24:00,1608,0.844
P069,P027,CALLED,2026-08-26T07:25:00,800,0.793
P006,P058,CALLED,2026-08-27T14:26:00,796,0.919
P023,P009,CALLED,2026-08-28T21:27:00,2009,0.751
P040,P042,CALLED,2026-08-29T04:28:00,191,0.853
P057,P071,CALLED,2026-08-30T11:29:00,1243,0.852
P074,P022,CALLED,2026-08-01T18:30:00,1452,0.789
P011,P053,CALLED,2026-08-02T01:31:00,1665,0.782
P028,P004,CALLED,2026-08-03T08:32:00,1006,0.974
P045,P035,CALLED,2026-08-04T15:33:00,257,0.844
P062,P066,CALLED,2026-08-05T22:34:00,1036,0.961
P079,P017,CALLED,2026-08-06T05:35:00,1012,0.914
P016,P048,CALLED,2026-08-07T12:36:00,1260,0.856
P033,P079,CALLED,2026-08-08T19:37:00,243,0.796
P050,P030,CALLED,2026-08-09T02:38:00,556,0.957
P067,P061,CALLED,2026-08-10T09:39:00,2349,0.927
P004,P012,CALLED,2026-08-11T16:40:00,51,0.911
P021,P043,CALLED,2026-08-12T23:41:00,2156,0.78
P038,P074,CALLED,2026-08-13T06:42:00,1225,0.877
P055,P025,CALLED,2026-08-14T13:43:00,1023,0.973
P072,P056,CALLED,2026-08-15T20:44:00,638,0.799
P009,P007,CALLED,2026-08-16T03:45:00,718,0.96
P026,P038,CALLED,2026-08-17T10:46:00,946,0.808
P043,P069,CALLED,2026-08-18T17:47:00,1962,0.918
P060,P020,CALLED,2026-08-19T00:48:00,913,0.969
P077,P051,CALLED,2026-08-20T07:49:00,1155,0.959
P014,P002,CALLED,2026-08-21T14:50:00,1467,0.966
P031,P033,CALLED,2026-08-22T21:51:00,1615,0.91
P048,P064,CALLED,2026-08-23T04:52:00,1277,0.803
P065,P015,CALLED,2026-08-24T11:53:00,40,0.963
P002,P046,CALLED,2026-08-25T18:54:00,1851,0.821
P019,P077,CALLED,2026-08-26T01:55:00,722,0.85
P036,P028,CALLED,2026-08-27T08:56:00,2313,0.921
P053,P059,CALLED,2026-08-28T15:57:00,2128,0.99
P070,P010,CALLED,2026-08-29T22:58:00,1300,0.792
P007,P041,CALLED,2026-08-30T05:59:00,973,0.872
P024,P072,CALLED,2026-08-01T12:00:00,77,0.803
P041,P023,CALLED,2026-08-02T19:01:00,1518,0.965
P058,P054,CALLED,2026-08-03T02:02:00,1496,0.87
P075,P005,CALLED,2026-08-04T09:03:00,1075,0.776
P012,P036,CALLED,2026-08-05T16:04:00,1721,0.914
P029,P067,CALLED,2026-08-06T23:05:00,643,0.958
P046,P018,CALLED,2026-08-07T06:06:00,1637,0.789
P063,P049,CALLED,2026-08-08T13:07:00,802,0.945
P080,P002,CALLED,2026-08-09T20:08:00,609,0.901
P017,P031,CALLED,2026-08-10T03:09:00,1666,0.907
P034,P062,CALLED,2026-08-11T10:10:00,485,0.925
P051,P013,CALLED,2026-08-12T17:11:00,832,0.845
P068,P044,CALLED,2026-08-13T00:12:00,2113,0.911
P005,P075,CALLED,2026-08-14T07:13:00,1710,0.776
P022,P026,CALLED,2026-08-15T14:14:00,834,0.829
P039,P057,CALLED,2026-08-16T21:15:00,1469,0.986
P056,P008,CALLED,2026-08-17T04:16:00,1705,0.884
P073,P039,CALLED,2026-08-18T11:17:00,2286,0.944
P010,P070,CALLED,2026-08-19T18:18:00,1619,0.924
P027,P021,CALLED,2026-08-20T01:19:00,716,0.965
P044,P052,CALLED,2026-08-21T08:20:00,1674,0.802
P061,P003,CALLED,2026-08-22T15:21:00,1015,0.803
P078,P034,CALLED,2026-08-23T22:22:00,1651,0.837
P015,P065,CALLED,2026-08-24T05:23:00,514,0.875
P032,P016,CALLED,2026-08-25T12:24:00,699,0.962
P049,P047,CALLED,2026-08-26T19:25:00,681,0.916
P066,P078,CALLED,2026-08-27T02:26:00,117,0.974
P003,P029,CALLED,2026-08-28T09:27:00,2174,0.948
P020,P060,CALLED,2026-08-29T16:28:00,558,0.872
P037,P011,CALLED,2026-08-30T23:29:00,286,0.881
P054,P042,CALLED,2026-08-01T06:30:00,1732,0.977
P071,P073,CALLED,2026-08-02T13:31:00,986,0.907
P008,P024,CALLED,2026-08-03T20:32:00,2164,0.828
P025,P055,CALLED,2026-08-04T03:33:00,1298,0.768
P042,P006,CALLED,2026-08-05T10:34:00,1223,0.984
P059,P037,CALLED,2026-08-06T17:35:00,877,0.987
P076,P068,CALLED,2026-08-07T00:36:00,1366,0.79
P013,P019,CALLED,2026-08-08T07:37:00,1639,0.82
P030,P050,CALLED,2026-08-09T14:38:00,1634,0.785
P047,P001,CALLED,2026-08-10T21:39:00,227,0.807
P064,P032,CALLED,2026-08-11T04:40:00,1067,0.921
P001,P063,CALLED,2026-08-12T11:41:00,262,0.751
P018,P014,CALLED,2026-08-13T18:42:00,295,0.84
P035,P045,CALLED,2026-08-14T01:43:00,524,0.891
P052,P076,CALLED,2026-08-15T08:44:00,1506,0.893
P069,P027,CALLED,2026-08-16T15:45:00,1491,0.908
P006,P058,CALLED,2026-08-17T22:46:00,1182,0.853
P023,P009,CALLED,2026-08-18T05:47:00,1658,0.869
P040,P042,CALLED,2026-08-19T12:48:00,1973,0.978
P057,P071,CALLED,2026-08-20T19:49:00,717,0.786
P074,P022,CALLED,2026-08-21T02:50:00,1159,0.926
P011,P053,CALLED,2026-08-22T09:51:00,1775,0.827
P028,P004,CALLED,2026-08-23T16:52:00,360,0.849
P045,P035,CALLED,2026-08-24T23:53:00,1038,0.976
P062,P066,CALLED,2026-08-25T06:54:00,131,0.798
P079,P017,CALLED,2026-08-26T13:55:00,2239,0.827
P016,P048,CALLED,2026-08-27T20:56:00,1308,0.943
P033,P079,CALLED,2026-08-28T03:57:00,149,0.85
P050,P030,CALLED,2026-08-29T10:58:00,2011,0.831
P067,P061,CALLED,2026-08-30T17:59:00,1936,0.968
P004,P012,CALLED,2026-08-01T00:00:00,1800,0.805
P021,P043,CALLED,2026-08-02T07:01:00,1759,0.779
P038,P074,CALLED,2026-08-03T14:02:00,599,0.804
P055,P025,CALLED,2026-08-04T21:03:00,1807,0.961
P072,P056,CALLED,2026-08-05T04:04:00,1371,0.784
P009,P007,CALLED,2026-08-06T11:05:00,115,0.829
P026,P038,CALLED,2026-08-07T18:06:00,305,0.856
P043,P069,CALLED,2026-08-08T01:07:00,1379,0.899
P060,P020,CALLED,2026-08-09T08:08:00,994,0.921
P077,P051,CALLED,2026-08-10T15:09:00,145,0.94
P014,P002,CALLED,2026-08-11T22:10:00,320,0.941
P031,P033,CALLED,2026-08-12T05:11:00,820,0.96
P048,P064,CALLED,2026-08-13T12:12:00,987,0.845
P065,P015,CALLED,2026-08-14T19:13:00,1926,0.762
P002,P046,CALLED,2026-08-15T02:14:00,1664,0.852
P019,P077,CALLED,2026-08-16T09:15:00,445,0.83
P036,P028,CALLED,2026-08-17T16:16:00,1515,0.964
P053,P059,CALLED,2026-08-18T23:17:00,1424,0.79
P070,P010,CALLED,2026-08-19T06:18:00,1970,0.903
P007,P041,CALLED,2026-08-20T13:19:00,461,0.853
P024,P072,CALLED,2026-08-21T20:20:00,20,0.832
P041,P023,CALLED,2026-08-22T03:21:00,549,0.821
P058,P054,CALLED,2026-08-23T10:22:00,712,0.784
P075,P005,CALLED,2026-08-24T17:23:00,572,0.763
P012,P036,CALLED,2026-08-25T00:24:00,1809,0.965
P029,P067,CALLED,2026-08-26T07:25:00,1355,0.848
P046,P018,CALLED,2026-08-27T14:26:00,1870,0.907
P063,P049,CALLED,2026-08-28T21:27:00,2153,0.768
P080,P002,CALLED,2026-08-29T04:28:00,1580,0.783
P017,P031,CALLED,2026-08-30T11:29:00,1339,0.808
P034,P062,CALLED,2026-08-01T18:30:00,547,0.819
P051,P013,CALLED,2026-08-02T01:31:00,1097,0.951
P068,P044,CALLED,2026-08-03T08:32:00,1244,0.939
P005,P075,CALLED,2026-08-04T15:33:00,522,0.793
P022,P026,CALLED,2026-08-05T22:34:00,163,0.788
P039,P057,CALLED,2026-08-06T05:35:00,87,0.934
P056,P008,CALLED,2026-08-07T12:36:00,1044,0.772
P073,P039,CALLED,2026-08-08T19:37:00,880,0.911
P010,P070,CALLED,2026-08-09T02:38:00,1834,0.792
P027,P021,CALLED,2026-08-10T09:39:00,1397,0.893
P044,P052,CALLED,2026-08-11T16:40:00,1280,0.928
P061,P003,CALLED,2026-08-12T23:41:00,517,0.874
P078,P034,CALLED,2026-08-13T06:42:00,470,0.781
P015,P065,CALLED,2026-08-14T13:43:00,481,0.917
P032,P016,CALLED,2026-08-15T20:44:00,2362,0.976
P049,P047,CALLED,2026-08-16T03:45:00,2070,0.948
P066,P078,CALLED,2026-08-17T10:46:00,1799,0.951
P003,P029,CALLED,2026-08-18T17:47:00,551,0.756
P020,P060,CALLED,2026-08-19T00:48:00,1221,0.87
P037,P011,CALLED,2026-08-20T07:49:00,1381,0.776
P054,P042,CALLED,2026-08-21T14:50:00,1958,0.959
P071,P073,CALLED,2026-08-22T21:51:00,1403,0.928
P008,P024,CALLED,2026-08-23T04:52:00,2042,0.816
P025,P055,CALLED,2026-08-24T11:53:00,2049,0.783
P042,P006,CALLED,2026-08-25T18:54:00,1746,0.951
P059,P037,CALLED,2026-08-26T01:55:00,2236,0.926
P076,P068,CALLED,2026-08-27T08:56:00,2124,0.913
P013,P019,CALLED,2026-08-28T15:57:00,1378,0.937
P030,P050,CALLED,2026-08-29T22:58:00,1578,0.975
P047,P001,CALLED,2026-08-30T05:59:00,1786,0.91
P064,P032,CALLED,2026-08-01T12:00:00,849,0.785
P001,P063,CALLED,2026-08-02T19:01:00,2293,0.959
P018,P014,CALLED,2026-08-03T02:02:00,1384,0.896
P035,P045,CALLED,2026-08-04T09:03:00,832,0.755
P052,P076,CALLED,2026-08-05T16:04:00,1866,0.861
P069,P027,CALLED,2026-08-06T23:05:00,1099,0.813
P006,P058,CALLED,2026-08-07T06:06:00,456,0.759
P023,P009,CALLED,2026-08-08T13:07:00,1853,0.93
P040,P042,CALLED,2026-08-09T20:08:00,1208,0.85
P057,P071,CALLED,2026-08-10T03:09:00,1686,0.782
P074,P022,CALLED,2026-08-11T10:10:00,1562,0.891
P011,P053,CALLED,2026-08-12T17:11:00,1899,0.916
P028,P004,CALLED,2026-08-13T00:12:00,1233,0.942
P045,P035,CALLED,2026-08-14T07:13:00,1422,0.973
P062,P066,CALLED,2026-08-15T14:14:00,1442,0.847
P079,P017,CALLED,2026-08-16T21:15:00,167,0.872
P016,P048,CALLED,2026-08-17T04:16:00,1278,0.892
P033,P079,CALLED,2026-08-18T11:17:00,168,0.884
P050,P030,CALLED,2026-08-19T18:18:00,828,0.963
P067,P061,CALLED,2026-08-20T01:19:00,540,0.888
P004,P012,CALLED,2026-08-21T08:20:00,141,0.912
P021,P043,CALLED,2026-08-22T15:21:00,202,0.946
P038,P074,CALLED,2026-08-23T22:22:00,1094,0.947
P055,P025,CALLED,2026-08-24T05:23:00,2146,0.855
P072,P056,CALLED,2026-08-25T12:24:00,619,0.96
P009,P007,CALLED,2026-08-26T19:25:00,2073,0.956
P026,P038,CALLED,2026-08-27T02:26:00,962,0.832
P043,P069,CALLED,2026-08-28T09:27:00,1829,0.943
P060,P020,CALLED,2026-08-29T16:28:00,1112,0.884
P077,P051,CALLED,2026-08-30T23:29:00,248,0.975
P014,P002,CALLED,2026-08-01T06:30:00,2282,0.876
P031,P033,CALLED,2026-08-02T13:31:00,2040,0.9
P048,P064,CALLED,2026-08-03T20:32:00,1784,0.768
P065,P015,CALLED,2026-08-04T03:33:00,2166,0.822
P002,P046,CALLED,2026-08-05T10:34:00,1186,0.901
P019,P077,CALLED,2026-08-06T17:35:00,586,0.818
P036,P028,CALLED,2026-08-07T00:36:00,45,0.963
P053,P059,CALLED,2026-08-08T07:37:00,787,0.885
P070,P010,CALLED,2026-08-09T14:38:00,332,0.904
P007,P041,CALLED,2026-08-10T21:39:00,1991,0.971
P024,P072,CALLED,2026-08-11T04:40:00,2158,0.94
P041,P023,CALLED,2026-08-12T11:41:00,2273,0.773
P058,P054,CALLED,2026-08-13T18:42:00,342,0.852
P075,P005,CALLED,2026-08-14T01:43:00,1100,0.976
P012,P036,CALLED,2026-08-15T08:44:00,440,0.923
P029,P067,CALLED,2026-08-16T15:45:00,2140,0.921
P046,P018,CALLED,2026-08-17T22:46:00,1469,0.951
P063,P049,CALLED,2026-08-18T05:47:00,1332,0.949
P080,P002,CALLED,2026-08-19T12:48:00,2059,0.893
P017,P031,CALLED,2026-08-20T19:49:00,150,0.805
P034,P062,CALLED,2026-08-21T02:50:00,105,0.85
P051,P013,CALLED,2026-08-22T09:51:00,1896,0.965
P068,P044,CALLED,2026-08-23T16:52:00,423,0.811
P005,P075,CALLED,2026-08-24T23:53:00,411,0.953
P022,P026,CALLED,2026-08-25T06:54:00,1092,0.863
P039,P057,CALLED,2026-08-26T13:55:00,2081,0.912
P056,P008,CALLED,2026-08-27T20:56:00,1460,0.785
P073,P039,CALLED,2026-08-28T03:57:00,685,0.89
P010,P070,CALLED,2026-08-29T10:58:00,2309,0.78
P027,P021,CALLED,2026-08-30T17:59:00,2216,0.874
P044,P052,CALLED,2026-08-01T00:00:00,2213,0.876
P061,P003,CALLED,2026-08-02T07:01:00,716,0.782
P078,P034,CALLED,2026-08-03T14:02:00,1517,0.869
P015,P065,CALLED,2026-08-04T21:03:00,1773,0.771
P032,P016,CALLED,2026-08-05T04:04:00,1077,0.754
P049,P047,CALLED,2026-08-06T11:05:00,2177,0.806
P066,P078,CALLED,2026-08-07T18:06:00,1935,0.846
P003,P029,CALLED,2026-08-08T01:07:00,2223,0.847
P020,P060,CALLED,2026-08-09T08:08:00,197,0.886
P037,P011,CALLED,2026-08-10T15:09:00,934,0.763
P054,P042,CALLED,2026-08-11T22:10:00,43,0.924
P071,P073,CALLED,2026-08-12T05:11:00,854,0.889
P008,P024,CALLED,2026-08-13T12:12:00,927,0.911
P025,P055,CALLED,2026-08-14T19:13:00,2112,0.779
P042,P006,CALLED,2026-08-15T02:14:00,321,0.851
P059,P037,CALLED,2026-08-16T09:15:00,521,0.989
P076,P068,CALLED,2026-08-17T16:16:00,1647,0.925
P013,P019,CALLED,2026-08-18T23:17:00,1132,0.847
P030,P050,CALLED,2026-08-19T06:18:00,1451,0.962
P047,P001,CALLED,2026-08-20T13:19:00,573,0.778
P064,P032,CALLED,2026-08-21T20:20:00,898,0.765
P001,P063,CALLED,2026-08-22T03:21:00,553,0.817
P018,P014,CALLED,2026-08-23T10:22:00,1702,0.968
P035,P045,CALLED,2026-08-24T17:23:00,501,0.961
P052,P076,CALLED,2026-08-25T00:24:00,2330,0.79
P069,P027,CALLED,2026-08-26T07:25:00,1048,0.969
P006,P058,CALLED,2026-08-27T14:26:00,1243,0.854
P023,P009,CALLED,2026-08-28T21:27:00,1271,0.812
P040,P042,CALLED,2026-08-29T04:28:00,431,0.928
P057,P071,CALLED,2026-08-30T11:29:00,784,0.856
P074,P022,CALLED,2026-08-01T18:30:00,1416,0.935
P011,P053,CALLED,2026-08-02T01:31:00,2074,0.858
P028,P004,CALLED,2026-08-03T08:32:00,1004,0.951
P045,P035,CALLED,2026-08-04T15:33:00,266,0.796
P062,P066,CALLED,2026-08-05T22:34:00,989,0.768
P079,P017,CALLED,2026-08-06T05:35:00,1679,0.934
P016,P048,CALLED,2026-08-07T12:36:00,676,0.89
P033,P079,CALLED,2026-08-08T19:37:00,951,0.906
P050,P030,CALLED,2026-08-09T02:38:00,1085,0.817
P067,P061,CALLED,2026-08-10T09:39:00,1152,0.894
P004,P012,CALLED,2026-08-11T16:40:00,1188,0.916
P021,P043,CALLED,2026-08-12T23:41:00,1241,0.784
P038,P074,CALLED,2026-08-13T06:42:00,355,0.785
P055,P025,CALLED,2026-08-14T13:43:00,131,0.847
P072,P056,CALLED,2026-08-15T20:44:00,832,0.859
P009,P007,CALLED,2026-08-16T03:45:00,1623,0.794
P026,P038,CALLED,2026-08-17T10:46:00,1495,0.8
P043,P069,CALLED,2026-08-18T17:47:00,487,0.9
P060,P020,CALLED,2026-08-19T00:48:00,1721,0.888
P077,P051,CALLED,2026-08-20T07:49:00,790,0.872
P014,P002,CALLED,2026-08-21T14:50:00,1245,0.831
P031,P033,CALLED,2026-08-22T21:51:00,1029,0.776
P048,P064,CALLED,2026-08-23T04:52:00,2236,0.783
P065,P015,CALLED,2026-08-24T11:53:00,442,0.955
P002,P046,CALLED,2026-08-25T18:54:00,714,0.961
P019,P077,CALLED,2026-08-26T01:55:00,2213,0.987
P036,P028,CALLED,2026-08-27T08:56:00,1110,0.809
P053,P059,CALLED,2026-08-28T15:57:00,1211,0.759
P070,P010,CALLED,2026-08-29T22:58:00,1984,0.788
P007,P041,CALLED,2026-08-30T05:59:00,150,0.865
P024,P072,CALLED,2026-08-01T12:00:00,2396,0.938
P041,P023,CALLED,2026-08-02T19:01:00,1823,0.899
P058,P054,CALLED,2026-08-03T02:02:00,2099,0.854
P075,P005,CALLED,2026-08-04T09:03:00,1801,0.951
P012,P036,CALLED,2026-08-05T16:04:00,535,0.93
P029,P067,CALLED,2026-08-06T23:05:00,503,0.849
P046,P018,CALLED,2026-08-07T06:06:00,2219,0.832
P063,P049,CALLED,2026-08-08T13:07:00,2081,0.916
P080,P002,CALLED,2026-08-09T20:08:00,1489,0.884
P017,P031,CALLED,2026-08-10T03:09:00,120,0.84
P034,P062,CALLED,2026-08-11T10:10:00,2256,0.801
P051,P013,CALLED,2026-08-12T17:11:00,807,0.927
P068,P044,CALLED,2026-08-13T00:12:00,935,0.771
P005,P075,CALLED,2026-08-14T07:13:00,1811,0.842
P022,P026,CALLED,2026-08-15T14:14:00,549,0.988
P039,P057,CALLED,2026-08-16T21:15:00,319,0.758
P056,P008,CALLED,2026-08-17T04:16:00,2082,0.861
P073,P039,CALLED,2026-08-18T11:17:00,1467,0.785
P010,P070,CALLED,2026-08-19T18:18:00,1909,0.778
P027,P021,CALLED,2026-08-20T01:19:00,2106,0.974
P044,P052,CALLED,2026-08-21T08:20:00,707,0.761
P061,P003,CALLED,2026-08-22T15:21:00,1463,0.863
P078,P034,CALLED,2026-08-23T22:22:00,1582,0.814
P015,P065,CALLED,2026-08-24T05:23:00,1933,0.895
P032,P016,CALLED,2026-08-25T12:24:00,508,0.916
P049,P047,CALLED,2026-08-26T19:25:00,1216,0.867
P066,P078,CALLED,2026-08-27T02:26:00,894,0.776
P003,P029,CALLED,2026-08-28T09:27:00,897,0.858
P020,P060,CALLED,2026-08-29T16:28:00,1462,0.927
P037,P011,CALLED,2026-08-30T23:29:00,1165,0.817
P054,P042,CALLED,2026-08-01T06:30:00,60,0.797
P071,P073,CALLED,2026-08-02T13:31:00,1110,0.877
P008,P024,CALLED,2026-08-03T20:32:00,1195,0.858
P025,P055,CALLED,2026-08-04T03:33:00,1273,0.953
P042,P006,CALLED,2026-08-05T10:34:00,2064,0.966
P059,P037,CALLED,2026-08-06T17:35:00,1398,0.863
P076,P068,CALLED,2026-08-07T00:36:00,314,0.907
P013,P019,CALLED,2026-08-08T07:37:00,104,0.857
P030,P050,CALLED,2026-08-09T14:38:00,1609,0.757
P047,P001,CALLED,2026-08-10T21:39:00,1138,0.912
P064,P032,CALLED,2026-08-11T04:40:00,1574,0.9
P001,P063,CALLED,2026-08-12T11:41:00,1621,0.892
P018,P014,CALLED,2026-08-13T18:42:00,724,0.779
P035,P045,CALLED,2026-08-14T01:43:00,936,0.788
P052,P076,CALLED,2026-08-15T08:44:00,457,0.874
P069,P027,CALLED,2026-08-16T15:45:00,1302,0.955
P006,P058,CALLED,2026-08-17T22:46:00,116,0.865
P023,P009,CALLED,2026-08-18T05:47:00,1110,0.831
P040,P042,CALLED,2026-08-19T12:48:00,1461,0.829
P057,P071,CALLED,2026-08-20T19:49:00,444,0.971
P074,P022,CALLED,2026-08-21T02:50:00,1483,0.829
P011,P053,CALLED,2026-08-22T09:51:00,1525,0.921
P028,P004,CALLED,2026-08-23T16:52:00,1153,0.969
P045,P035,CALLED,2026-08-24T23:53:00,1408,0.957
P062,P066,CALLED,2026-08-25T06:54:00,2345,0.869
P079,P017,CALLED,2026-08-26T13:55:00,2387,0.805
P016,P048,CALLED,2026-08-27T20:56:00,1616,0.86
P033,P079,CALLED,2026-08-28T03:57:00,969,0.78
P050,P030,CALLED,2026-08-29T10:58:00,1912,0.844
P067,P061,CALLED,2026-08-30T17:59:00,1806,0.938
P004,P012,CALLED,2026-08-01T00:00:00,1386,0.918
P021,P043,CALLED,2026-08-02T07:01:00,532,0.781
P038,P074,CALLED,2026-08-03T14:02:00,1871,0.977
P055,P025,CALLED,2026-08-04T21:03:00,1553,0.854
P072,P056,CALLED,2026-08-05T04:04:00,678,0.842
P009,P007,CALLED,2026-08-06T11:05:00,981,0.905
P026,P038,CALLED,2026-08-07T18:06:00,394,0.976
P043,P069,CALLED,2026-08-08T01:07:00,173,0.793
P060,P020,CALLED,2026-08-09T08:08:00,153,0.81
P077,P051,CALLED,2026-08-10T15:09:00,2359,0.957
P014,P002,CALLED,2026-08-11T22:10:00,1363,0.752
P031,P033,CALLED,2026-08-12T05:11:00,2119,0.847
P048,P064,CALLED,2026-08-13T12:12:00,131,0.78
P065,P015,CALLED,2026-08-14T19:13:00,2014,0.941
P002,P046,CALLED,2026-08-15T02:14:00,1041,0.818
P019,P077,CALLED,2026-08-16T09:15:00,1932,0.893
P036,P028,CALLED,2026-08-17T16:16:00,2117,0.873
P053,P059,CALLED,2026-08-18T23:17:00,1782,0.895
P070,P010,CALLED,2026-08-19T06:18:00,95,0.781
P007,P041,CALLED,2026-08-20T13:19:00,2387,0.843
P024,P072,CALLED,2026-08-21T20:20:00,1199,0.808
P041,P023,CALLED,2026-08-22T03:21:00,464,0.911
P058,P054,CALLED,2026-08-23T10:22:00,1061,0.761
P075,P005,CALLED,2026-08-24T17:23:00,1378,0.905
P012,P036,CALLED,2026-08-25T00:24:00,710,0.915
P029,P067,CALLED,2026-08-26T07:25:00,2174,0.774
P046,P018,CALLED,2026-08-27T14:26:00,1076,0.819
P063,P049,CALLED,2026-08-28T21:27:00,1680,0.894
P080,P002,CALLED,2026-08-29T04:28:00,267,0.896
P017,P031,CALLED,2026-08-30T11:29:00,2016,0.982
P034,P062,CALLED,2026-08-01T18:30:00,1429,0.98
P051,P013,CALLED,2026-08-02T01:31:00,188,0.837
P068,P044,CALLED,2026-08-03T08:32:00,1583,0.965
P005,P075,CALLED,2026-08-04T15:33:00,27,0.972
P022,P026,CALLED,2026-08-05T22:34:00,1915,0.899
P039,P057,CALLED,2026-08-06T05:35:00,720,0.887
P056,P008,CALLED,2026-08-07T12:36:00,753,0.96
P073,P039,CALLED,2026-08-08T19:37:00,1176,0.753
P010,P070,CALLED,2026-08-09T02:38:00,2313,0.812
P027,P021,CALLED,2026-08-10T09:39:00,516,0.944
P044,P052,CALLED,2026-08-11T16:40:00,51,0.925
P061,P003,CALLED,2026-08-12T23:41:00,2335,0.774
P078,P034,CALLED,2026-08-13T06:42:00,1456,0.942
P015,P065,CALLED,2026-08-14T13:43:00,118,0.891
P032,P016,CALLED,2026-08-15T20:44:00,1858,0.869
P049,P047,CALLED,2026-08-16T03:45:00,1281,0.888
P066,P078,CALLED,2026-08-17T10:46:00,216,0.949
P003,P029,CALLED,2026-08-18T17:47:00,1465,0.83
P020,P060,CALLED,2026-08-19T00:48:00,1602,0.828
P037,P011,CALLED,2026-08-20T07:49:00,355,0.758
P054,P042,CALLED,2026-08-21T14:50:00,2369,0.926
P071,P073,CALLED,2026-08-22T21:51:00,1750,0.787
P008,P024,CALLED,2026-08-23T04:52:00,1295,0.821
P025,P055,CALLED,2026-08-24T11:53:00,1883,0.971
P042,P006,CALLED,2026-08-25T18:54:00,263,0.937
P059,P037,CALLED,2026-08-26T01:55:00,291,0.947
P076,P068,CALLED,2026-08-27T08:56:00,1246,0.901
P013,P019,CALLED,2026-08-28T15:57:00,716,0.892
P030,P050,CALLED,2026-08-29T22:58:00,460,0.894
P047,P001,CALLED,2026-08-30T05:59:00,1612,0.809
P064,P032,CALLED,2026-08-01T12:00:00,302,0.785
P001,P063,CALLED,2026-08-02T19:01:00,1031,0.917
P018,P014,CALLED,2026-08-03T02:02:00,547,0.966
P035,P045,CALLED,2026-08-04T09:03:00,838,0.883
P052,P076,CALLED,2026-08-05T16:04:00,661,0.967
P069,P027,CALLED,2026-08-06T23:05:00,1179,0.768
P006,P058,CALLED,2026-08-07T06:06:00,1380,0.988
P023,P009,CALLED,2026-08-08T13:07:00,1881,0.91
P040,P042,CALLED,2026-08-09T20:08:00,2135,0.978
P057,P071,CALLED,2026-08-10T03:09:00,66,0.867
P074,P022,CALLED,2026-08-11T10:10:00,584,0.864
P011,P053,CALLED,2026-08-12T17:11:00,2004,0.794
P028,P004,CALLED,2026-08-13T00:12:00,1987,0.935
P045,P035,CALLED,2026-08-14T07:13:00,2226,0.782
P062,P066,CALLED,2026-08-15T14:14:00,676,0.76
P079,P017,CALLED,2026-08-16T21:15:00,1392,0.963
P016,P048,CALLED,2026-08-17T04:16:00,2323,0.927
P033,P079,CALLED,2026-08-18T11:17:00,205,0.889
P050,P030,CALLED,2026-08-19T18:18:00,61,0.831
P067,P061,CALLED,2026-08-20T01:19:00,1829,0.857
P004,P012,CALLED,2026-08-21T08:20:00,350,0.78
P021,P043,CALLED,2026-08-22T15:21:00,1445,0.878
P038,P074,CALLED,2026-08-23T22:22:00,245,0.804
P055,P025,CALLED,2026-08-24T05:23:00,1235,0.964
P072,P056,CALLED,2026-08-25T12:24:00,652,0.911
P009,P007,CALLED,2026-08-26T19:25:00,140,0.772
P026,P038,CALLED,2026-08-27T02:26:00,60,0.834
P043,P069,CALLED,2026-08-28T09:27:00,1731,0.985
P060,P020,CALLED,2026-08-29T16:28:00,1494,0.875
P077,P051,CALLED,2026-08-30T23:29:00,14,0.979
P014,P002,CALLED,2026-08-01T06:30:00,395,0.788
P031,P033,CALLED,2026-08-02T13:31:00,1243,0.864
P048,P064,CALLED,2026-08-03T20:32:00,2072,0.861
P065,P015,CALLED,2026-08-04T03:33:00,960,0.884
P002,P046,CALLED,2026-08-05T10:34:00,1742,0.788
P019,P077,CALLED,2026-08-06T17:35:00,1047,0.778
P036,P028,CALLED,2026-08-07T00:36:00,2283,0.942
P053,P059,CALLED,2026-08-08T07:37:00,235,0.9
P070,P010,CALLED,2026-08-09T14:38:00,841,0.881
P007,P041,CALLED,2026-08-10T21:39:00,1808,0.818
P024,P072,CALLED,2026-08-11T04:40:00,309,0.974
P041,P023,CALLED,2026-08-12T11:41:00,1955,0.895
P058,P054,CALLED,2026-08-13T18:42:00,1833,0.837
P075,P005,CALLED,2026-08-14T01:43:00,11,0.867
P012,P036,CALLED,2026-08-15T08:44:00,1251,0.771
P029,P067,CALLED,2026-08-16T15:45:00,2200,0.762
P046,P018,CALLED,2026-08-17T22:46:00,316,0.954
P063,P049,CALLED,2026-08-18T05:47:00,2303,0.948
P080,P002,CALLED,2026-08-19T12:48:00,1476,0.903
P017,P031,CALLED,2026-08-20T19:49:00,617,0.8
P034,P062,CALLED,2026-08-21T02:50:00,2332,0.925
P051,P013,CALLED,2026-08-22T09:51:00,2308,0.827
P068,P044,CALLED,2026-08-23T16:52:00,2043,0.87
P005,P075,CALLED,2026-08-24T23:53:00,1305,0.837
P022,P026,CALLED,2026-08-25T06:54:00,355,0.927
P039,P057,CALLED,2026-08-26T13:55:00,2323,0.958
P056,P008,CALLED,2026-08-27T20:56:00,2244,0.854
P073,P039,CALLED,2026-08-28T03:57:00,1568,0.838
P010,P070,CALLED,2026-08-29T10:58:00,1401,0.906
P027,P021,CALLED,2026-08-30T17:59:00,841,0.848
P044,P052,CALLED,2026-08-01T00:00:00,1382,0.897
P061,P003,CALLED,2026-08-02T07:01:00,722,0.915
P078,P034,CALLED,2026-08-03T14:02:00,1856,0.876
P015,P065,CALLED,2026-08-04T21:03:00,1918,0.902
P032,P016,CALLED,2026-08-05T04:04:00,110,0.844
P049,P047,CALLED,2026-08-06T11:05:00,1991,0.96
P066,P078,CALLED,2026-08-07T18:06:00,2398,0.828
P003,P029,CALLED,2026-08-08T01:07:00,2306,0.891
P020,P060,CALLED,2026-08-09T08:08:00,1166,0.844
P037,P011,CALLED,2026-08-10T15:09:00,1514,0.782
P054,P042,CALLED,2026-08-11T22:10:00,720,0.918
P071,P073,CALLED,2026-08-12T05:11:00,281,0.937
P008,P024,CALLED,2026-08-13T12:12:00,886,0.793
P025,P055,CALLED,2026-08-14T19:13:00,736,0.896
P042,P006,CALLED,2026-08-15T02:14:00,2125,0.871
P059,P037,CALLED,2026-08-16T09:15:00,1076,0.958
P076,P068,CALLED,2026-08-17T16:16:00,956,0.868
P013,P019,CALLED,2026-08-18T23:17:00,747,0.855
P030,P050,CALLED,2026-08-19T06:18:00,2265,0.893
P047,P001,CALLED,2026-08-20T13:19:00,1095,0.772
P064,P032,CALLED,2026-08-21T20:20:00,119,0.792
P001,P063,CALLED,2026-08-22T03:21:00,245,0.987
P018,P014,CALLED,2026-08-23T10:22:00,2200,0.86
P035,P045,CALLED,2026-08-24T17:23:00,734,0.763
P052,P076,CALLED,2026-08-25T00:24:00,869,0.851
P069,P027,CALLED,2026-08-26T07:25:00,236,0.93
P006,P058,CALLED,2026-08-27T14:26:00,1553,0.792
P023,P009,CALLED,2026-08-28T21:27:00,1012,0.884
P040,P042,CALLED,2026-08-29T04:28:00,472,0.939
P057,P071,CALLED,2026-08-30T11:29:00,651,0.846
P074,P022,CALLED,2026-08-01T18:30:00,1373,0.855
P011,P053,CALLED,2026-08-02T01:31:00,19,0.771
P028,P004,CALLED,2026-08-03T08:32:00,35,0.865
P045,P035,CALLED,2026-08-04T15:33:00,1964,0.979
P062,P066,CALLED,2026-08-05T22:34:00,1847,0.875
P079,P017,CALLED,2026-08-06T05:35:00,373,0.871
P016,P048,CALLED,2026-08-07T12:36:00,436,0.871
P033,P079,CALLED,2026-08-08T19:37:00,36,0.908
P050,P030,CALLED,2026-08-09T02:38:00,2354,0.755
P067,P061,CALLED,2026-08-10T09:39:00,869,0.888
P004,P012,CALLED,2026-08-11T16:40:00,1127,0.879
P021,P043,CALLED,2026-08-12T23:41:00,598,0.789
P038,P074,CALLED,2026-08-13T06:42:00,751,0.817
P055,P025,CALLED,2026-08-14T13:43:00,1392,0.753
P072,P056,CALLED,2026-08-15T20:44:00,2004,0.929
P009,P007,CALLED,2026-08-16T03:45:00,2208,0.907
P026,P038,CALLED,2026-08-17T10:46:00,983,0.904
P043,P069,CALLED,2026-08-18T17:47:00,2125,0.989
P060,P020,CALLED,2026-08-19T00:48:00,1339,0.899
P077,P051,CALLED,2026-08-20T07:49:00,218,0.961
P014,P002,CALLED,2026-08-21T14:50:00,2023,0.842
P031,P033,CALLED,2026-08-22T21:51:00,178,0.826
P048,P064,CALLED,2026-08-23T04:52:00,1538,0.938
P065,P015,CALLED,2026-08-24T11:53:00,2371,0.957
P002,P046,CALLED,2026-08-25T18:54:00,1530,0.76
P019,P077,CALLED,2026-08-26T01:55:00,324,0.784
P036,P028,CALLED,2026-08-27T08:56:00,1314,0.814
P053,P059,CALLED,2026-08-28T15:57:00,1928,0.979
P070,P010,CALLED,2026-08-29T22:58:00,258,0.804
P007,P041,CALLED,2026-08-30T05:59:00,523,0.935
P024,P072,CALLED,2026-08-01T12:00:00,78,0.954
P041,P023,CALLED,2026-08-02T19:01:00,666,0.916
P058,P054,CALLED,2026-08-03T02:02:00,347,0.949
P075,P005,CALLED,2026-08-04T09:03:00,114,0.822
P012,P036,CALLED,2026-08-05T16:04:00,1981,0.943
P029,P067,CALLED,2026-08-06T23:05:00,1286,0.861
P046,P018,CALLED,2026-08-07T06:06:00,673,0.926
P063,P049,CALLED,2026-08-08T13:07:00,82,0.857
P080,P002,CALLED,2026-08-09T20:08:00,2050,0.948
P017,P031,CALLED,2026-08-10T03:09:00,1739,0.864
P034,P062,CALLED,2026-08-11T10:10:00,1772,0.774
P051,P013,CALLED,2026-08-12T17:11:00,1457,0.871
P068,P044,CALLED,2026-08-13T00:12:00,958,0.917
P005,P075,CALLED,2026-08-14T07:13:00,293,0.838
P022,P026,CALLED,2026-08-15T14:14:00,2088,0.896
P039,P057,CALLED,2026-08-16T21:15:00,1697,0.932
P056,P008,CALLED,2026-08-17T04:16:00,22,0.792
P073,P039,CALLED,2026-08-18T11:17:00,1273,0.981
P010,P070,CALLED,2026-08-19T18:18:00,100,0.876
P027,P021,CALLED,2026-08-20T01:19:00,1033,0.955
P044,P052,CALLED,2026-08-21T08:20:00,517,0.801
P061,P003,CALLED,2026-08-22T15:21:00,35,0.837
P078,P034,CALLED,2026-08-23T22:22:00,955,0.935
P015,P065,CALLED,2026-08-24T05:23:00,315,0.946
P032,P016,CALLED,2026-08-25T12:24:00,328,0.756
P049,P047,CALLED,2026-08-26T19:25:00,850,0.847
P066,P078,CALLED,2026-08-27T02:26:00,1210,0.915
P003,P029,CALLED,2026-08-28T09:27:00,236,0.954
P020,P060,CALLED,2026-08-29T16:28:00,409,0.793
P037,P011,CALLED,2026-08-30T23:29:00,2086,0.817
P054,P042,CALLED,2026-08-01T06:30:00,2263,0.86
P071,P073,CALLED,2026-08-02T13:31:00,693,0.921
P008,P024,CALLED,2026-08-03T20:32:00,380,0.99
P025,P055,CALLED,2026-08-04T03:33:00,260,0.775
P042,P006,CALLED,2026-08-05T10:34:00,397,0.919
P059,P037,CALLED,2026-08-06T17:35:00,326,0.757
P076,P068,CALLED,2026-08-07T00:36:00,1570,0.88
P013,P019,CALLED,2026-08-08T07:37:00,1668,0.904
P030,P050,CALLED,2026-08-09T14:38:00,2182,0.94
P047,P001,CALLED,2026-08-10T21:39:00,739,0.751
P064,P032,CALLED,2026-08-11T04:40:00,886,0.842
P001,P063,CALLED,2026-08-12T11:41:00,1605,0.838
P018,P014,CALLED,2026-08-13T18:42:00,695,0.907
P035,P045,CALLED,2026-08-14T01:43:00,1688,0.916
P052,P076,CALLED,2026-08-15T08:44:00,556,0.779
P069,P027,CALLED,2026-08-16T15:45:00,1790,0.899
P006,P058,CALLED,2026-08-17T22:46:00,1293,0.785
P023,P009,CALLED,2026-08-18T05:47:00,1601,0.963
P040,P042,CALLED,2026-08-19T12:48:00,1062,0.928
P057,P071,CALLED,2026-08-20T19:49:00,945,0.858
P074,P022,CALLED,2026-08-21T02:50:00,1985,0.95
P011,P053,CALLED,2026-08-22T09:51:00,126,0.786
P028,P004,CALLED,2026-08-23T16:52:00,2230,0.924
P045,P035,CALLED,2026-08-24T23:53:00,956,0.774
P062,P066,CALLED,2026-08-25T06:54:00,1728,0.769
P079,P017,CALLED,2026-08-26T13:55:00,626,0.942
P016,P048,CALLED,2026-08-27T20:56:00,1614,0.959
P033,P079,CALLED,2026-08-28T03:57:00,590,0.861
P050,P030,CALLED,2026-08-29T10:58:00,1049,0.8
P067,P061,CALLED,2026-08-30T17:59:00,198,0.782
P004,P012,CALLED,2026-08-01T00:00:00,1302,0.786
P021,P043,CALLED,2026-08-02T07:01:00,1011,0.8
P038,P074,CALLED,2026-08-03T14:02:00,1785,0.955
P055,P025,CALLED,2026-08-04T21:03:00,1963,0.975
P072,P056,CALLED,2026-08-05T04:04:00,1555,0.901
P009,P007,CALLED,2026-08-06T11:05:00,1312,0.948
P026,P038,CALLED,2026-08-07T18:06:00,388,0.891
P043,P069,CALLED,2026-08-08T01:07:00,1616,0.979
P060,P020,CALLED,2026-08-09T08:08:00,1821,0.926
P077,P051,CALLED,2026-08-10T15:09:00,1524,0.873
P014,P002,CALLED,2026-08-11T22:10:00,826,0.926
P031,P033,CALLED,2026-08-12T05:11:00,1429,0.852
P048,P064,CALLED,2026-08-13T12:12:00,1272,0.834
P065,P015,CALLED,2026-08-14T19:13:00,1006,0.831
P002,P046,CALLED,2026-08-15T02:14:00,1419,0.81
P019,P077,CALLED,2026-08-16T09:15:00,1150,0.873
P036,P028,CALLED,2026-08-17T16:16:00,1150,0.93
P053,P059,CALLED,2026-08-18T23:17:00,293,0.965
P070,P010,CALLED,2026-08-19T06:18:00,402,0.811
P007,P041,CALLED,2026-08-20T13:19:00,1977,0.988
P024,P072,CALLED,2026-08-21T20:20:00,1262,0.899
P041,P023,CALLED,2026-08-22T03:21:00,1235,0.798
P058,P054,CALLED,2026-08-23T10:22:00,2230,0.868
P075,P005,CALLED,2026-08-24T17:23:00,2065,0.877
P012,P036,CALLED,2026-08-25T00:24:00,1181,0.905
P029,P067,CALLED,2026-08-26T07:25:00,1668,0.923
P046,P018,CALLED,2026-08-27T14:26:00,784,0.785
P063,P049,CALLED,2026-08-28T21:27:00,2380,0.989
P080,P002,CALLED,2026-08-29T04:28:00,164,0.897
P017,P031,CALLED,2026-08-30T11:29:00,710,0.846
P034,P062,CALLED,2026-08-01T18:30:00,233,0.849
P051,P013,CALLED,2026-08-02T01:31:00,216,0.943
P068,P044,CALLED,2026-08-03T08:32:00,401,0.791
P005,P075,CALLED,2026-08-04T15:33:00,278,0.796
P022,P026,CALLED,2026-08-05T22:34:00,992,0.938
P039,P057,CALLED,2026-08-06T05:35:00,1875,0.933
P056,P008,CALLED,2026-08-07T12:36:00,1687,0.809
P073,P039,CALLED,2026-08-08T19:37:00,2188,0.789
P010,P070,CALLED,2026-08-09T02:38:00,707,0.921
P027,P021,CALLED,2026-08-10T09:39:00,2080,0.909
P044,P052,CALLED,2026-08-11T16:40:00,184,0.761
P061,P003,CALLED,2026-08-12T23:41:00,1899,0.903
P078,P034,CALLED,2026-08-13T06:42:00,652,0.812
P015,P065,CALLED,2026-08-14T13:43:00,1097,0.763
P032,P016,CALLED,2026-08-15T20:44:00,1951,0.959
P049,P047,CALLED,2026-08-16T03:45:00,2165,0.968
P066,P078,CALLED,2026-08-17T10:46:00,485,0.79
P003,P029,CALLED,2026-08-18T17:47:00,72,0.836
P020,P060,CALLED,2026-08-19T00:48:00,1578,0.755
P037,P011,CALLED,2026-08-20T07:49:00,162,0.968
P054,P042,CALLED,2026-08-21T14:50:00,1745,0.771
P071,P073,CALLED,2026-08-22T21:51:00,544,0.837
P008,P024,CALLED,2026-08-23T04:52:00,653,0.917
P025,P055,CALLED,2026-08-24T11:53:00,93,0.799
P042,P006,CALLED,2026-08-25T18:54:00,753,0.947
P059,P037,CALLED,2026-08-26T01:55:00,35,0.971
P076,P068,CALLED,2026-08-27T08:56:00,1797,0.96
P013,P019,CALLED,2026-08-28T15:57:00,1447,0.845
P030,P050,CALLED,2026-08-29T22:58:00,348,0.767
P047,P001,CALLED,2026-08-30T05:59:00,1215,0.932
P064,P032,CALLED,2026-08-01T12:00:00,293,0.796
P001,P063,CALLED,2026-08-02T19:01:00,1883,0.915
P018,P014,CALLED,2026-08-03T02:02:00,408,0.837
P035,P045,CALLED,2026-08-04T09:03:00,1173,0.758
P052,P076,CALLED,2026-08-05T16:04:00,1760,0.765
P069,P027,CALLED,2026-08-06T23:05:00,1686,0.75
P006,P058,CALLED,2026-08-07T06:06:00,1325,0.787
P023,P009,CALLED,2026-08-08T13:07:00,1983,0.824
P040,P042,CALLED,2026-08-09T20:08:00,1554,0.758
P057,P071,CALLED,2026-08-10T03:09:00,167,0.763
P074,P022,CALLED,2026-08-11T10:10:00,395,0.909
P011,P053,CALLED,2026-08-12T17:11:00,133,0.936
P028,P004,CALLED,2026-08-13T00:12:00,1619,0.978
P045,P035,CALLED,2026-08-14T07:13:00,1603,0.832
P062,P066,CALLED,2026-08-15T14:14:00,523,0.976
P079,P017,CALLED,2026-08-16T21:15:00,1189,0.873
P016,P048,CALLED,2026-08-17T04:16:00,1944,0.938
P033,P079,CALLED,2026-08-18T11:17:00,925,0.883
P050,P030,CALLED,2026-08-19T18:18:00,1716,0.896
P067,P061,CALLED,2026-08-20T01:19:00,2358,0.786
P004,P012,CALLED,2026-08-21T08:20:00,2266,0.779
P021,P043,CALLED,2026-08-22T15:21:00,245,0.814
P038,P074,CALLED,2026-08-23T22:22:00,1790,0.958
P055,P025,CALLED,2026-08-24T05:23:00,1042,0.95
P072,P056,CALLED,2026-08-25T12:24:00,725,0.8
P009,P007,CALLED,2026-08-26T19:25:00,1611,0.806
P026,P038,CALLED,2026-08-27T02:26:00,182,0.879
P043,P069,CALLED,2026-08-28T09:27:00,877,0.963
P060,P020,CALLED,2026-08-29T16:28:00,1946,0.784
P077,P051,CALLED,2026-08-30T23:29:00,488,0.968
P014,P002,CALLED,2026-08-01T06:30:00,2370,0.776
P031,P033,CALLED,2026-08-02T13:31:00,894,0.963
P048,P064,CALLED,2026-08-03T20:32:00,2274,0.782
P065,P015,CALLED,2026-08-04T03:33:00,2137,0.854
P002,P046,CALLED,2026-08-05T10:34:00,596,0.883
P019,P077,CALLED,2026-08-06T17:35:00,1975,0.809
P036,P028,CALLED,2026-08-07T00:36:00,1717,0.758
P053,P059,CALLED,2026-08-08T07:37:00,1365,0.903
P070,P010,CALLED,2026-08-09T14:38:00,833,0.973
P007,P041,CALLED,2026-08-10T21:39:00,238,0.845
P024,P072,CALLED,2026-08-11T04:40:00,1778,0.931
P041,P023,CALLED,2026-08-12T11:41:00,1901,0.765
P058,P054,CALLED,2026-08-13T18:42:00,1168,0.938
P075,P005,CALLED,2026-08-14T01:43:00,851,0.756
P012,P036,CALLED,2026-08-15T08:44:00,976,0.935
P029,P067,CALLED,2026-08-16T15:45:00,1927,0.827
P046,P018,CALLED,2026-08-17T22:46:00,1467,0.9
P063,P049,CALLED,2026-08-18T05:47:00,2274,0.978
P080,P002,CALLED,2026-08-19T12:48:00,529,0.829
P017,P031,CALLED,2026-08-20T19:49:00,1280,0.894
P034,P062,CALLED,2026-08-21T02:50:00,1600,0.861
P051,P013,CALLED,2026-08-22T09:51:00,1792,0.878
P068,P044,CALLED,2026-08-23T16:52:00,1389,0.827
P005,P075,CALLED,2026-08-24T23:53:00,99,0.867
P022,P026,CALLED,2026-08-25T06:54:00,582,0.872
P039,P057,CALLED,2026-08-26T13:55:00,267,0.969
P056,P008,CALLED,2026-08-27T20:56:00,940,0.933
P073,P039,CALLED,2026-08-28T03:57:00,1384,0.873
P010,P070,CALLED,2026-08-29T10:58:00,954,0.868
P027,P021,CALLED,2026-08-30T17:59:00,766,0.815
P044,P052,CALLED,2026-08-01T00:00:00,2118,0.772
P061,P003,CALLED,2026-08-02T07:01:00,674,0.959
P078,P034,CALLED,2026-08-03T14:02:00,1222,0.962
P015,P065,CALLED,2026-08-04T21:03:00,1338,0.955
P032,P016,CALLED,2026-08-05T04:04:00,1368,0.968
P049,P047,CALLED,2026-08-06T11:05:00,1721,0.854
P066,P078,CALLED,2026-08-07T18:06:00,804,0.789
P003,P029,CALLED,2026-08-08T01:07:00,2392,0.875
P020,P060,CALLED,2026-08-09T08:08:00,81,0.776
P037,P011,CALLED,2026-08-10T15:09:00,406,0.828
P054,P042,CALLED,2026-08-11T22:10:00,1349,0.894
P071,P073,CALLED,2026-08-12T05:11:00,1049,0.985
P008,P024,CALLED,2026-08-13T12:12:00,1328,0.981
P025,P055,CALLED,2026-08-14T19:13:00,879,0.893
P042,P006,CALLED,2026-08-15T02:14:00,1689,0.767
P059,P037,CALLED,2026-08-16T09:15:00,609,0.884
P076,P068,CALLED,2026-08-17T16:16:00,1096,0.976
P013,P019,CALLED,2026-08-18T23:17:00,856,0.939
P030,P050,CALLED,2026-08-19T06:18:00,1900,0.816
P047,P001,CALLED,2026-08-20T13:19:00,383,0.954
P064,P032,CALLED,2026-08-21T20:20:00,1654,0.955
P001,P063,CALLED,2026-08-22T03:21:00,412,0.848
P018,P014,CALLED,2026-08-23T10:22:00,2163,0.825
P035,P045,CALLED,2026-08-24T17:23:00,65,0.761
P052,P076,CALLED,2026-08-25T00:24:00,774,0.963
P069,P027,CALLED,2026-08-26T07:25:00,314,0.969
P006,P058,CALLED,2026-08-27T14:26:00,1940,0.965
P023,P009,CALLED,2026-08-28T21:27:00,495,0.772
P040,P042,CALLED,2026-08-29T04:28:00,203,0.914
P057,P071,CALLED,2026-08-30T11:29:00,2246,0.93
P074,P022,CALLED,2026-08-01T18:30:00,766,0.882
P011,P053,CALLED,2026-08-02T01:31:00,966,0.805
P028,P004,CALLED,2026-08-03T08:32:00,1966,0.777
P045,P035,CALLED,2026-08-04T15:33:00,198,0.922
P062,P066,CALLED,2026-08-05T22:34:00,2230,0.836
P079,P017,CALLED,2026-08-06T05:35:00,1759,0.901
P016,P048,CALLED,2026-08-07T12:36:00,1592,0.917
P033,P079,CALLED,2026-08-08T19:37:00,483,0.978
P050,P030,CALLED,2026-08-09T02:38:00,1235,0.916
P067,P061,CALLED,2026-08-10T09:39:00,1598,0.897
P004,P012,CALLED,2026-08-11T16:40:00,1781,0.913
P021,P043,CALLED,2026-08-12T23:41:00,256,0.959
P038,P074,CALLED,2026-08-13T06:42:00,14,0.804
P055,P025,CALLED,2026-08-14T13:43:00,1139,0.788
P072,P056,CALLED,2026-08-15T20:44:00,757,0.796
P009,P007,CALLED,2026-08-16T03:45:00,930,0.889
P026,P038,CALLED,2026-08-17T10:46:00,204,0.902
P043,P069,CALLED,2026-08-18T17:47:00,150,0.816
P060,P020,CALLED,2026-08-19T00:48:00,823,0.895
P077,P051,CALLED,2026-08-20T07:49:00,1450,0.82
P014,P002,CALLED,2026-08-21T14:50:00,377,0.89
P031,P033,CALLED,2026-08-22T21:51:00,433,0.915
P048,P064,CALLED,2026-08-23T04:52:00,186,0.96
P065,P015,CALLED,2026-08-24T11:53:00,167,0.9
P002,P046,CALLED,2026-08-25T18:54:00,1132,0.899
P019,P077,CALLED,2026-08-26T01:55:00,1827,0.799
P036,P028,CALLED,2026-08-27T08:56:00,74,0.767
P053,P059,CALLED,2026-08-28T15:57:00,364,0.9
P070,P010,CALLED,2026-08-29T22:58:00,639,0.902
P007,P041,CALLED,2026-08-30T05:59:00,486,0.949
P024,P072,CALLED,2026-08-01T12:00:00,2301,0.788
P041,P023,CALLED,2026-08-02T19:01:00,1498,0.815
P058,P054,CALLED,2026-08-03T02:02:00,852,0.778
P075,P005,CALLED,2026-08-04T09:03:00,969,0.844
P012,P036,CALLED,2026-08-05T16:04:00,2107,0.849
P029,P067,CALLED,2026-08-06T23:05:00,875,0.845
P046,P018,CALLED,2026-08-07T06:06:00,1198,0.776
P063,P049,CALLED,2026-08-08T13:07:00,1796,0.903
P080,P002,CALLED,2026-08-09T20:08:00,1271,0.911
P017,P031,CALLED,2026-08-10T03:09:00,1820,0.932
P034,P062,CALLED,2026-08-11T10:10:00,357,0.935
P051,P013,CALLED,2026-08-12T17:11:00,975,0.869
P068,P044,CALLED,2026-08-13T00:12:00,410,0.919
P005,P075,CALLED,2026-08-14T07:13:00,1903,0.959
P022,P026,CALLED,2026-08-15T14:14:00,1576,0.95
P039,P057,CALLED,2026-08-16T21:15:00,1854,0.843
P056,P008,CALLED,2026-08-17T04:16:00,791,0.846
P073,P039,CALLED,2026-08-18T11:17:00,1599,0.781
P010,P070,CALLED,2026-08-19T18:18:00,1303,0.885
P027,P021,CALLED,2026-08-20T01:19:00,651,0.941
P044,P052,CALLED,2026-08-21T08:20:00,1116,0.777
P061,P003,CALLED,2026-08-22T15:21:00,992,0.841
P078,P034,CALLED,2026-08-23T22:22:00,72,0.967
P015,P065,CALLED,2026-08-24T05:23:00,1169,0.958
P032,P016,CALLED,2026-08-25T12:24:00,615,0.798
P049,P047,CALLED,2026-08-26T19:25:00,1179,0.876
P066,P078,CALLED,2026-08-27T02:26:00,1717,0.929
P003,P029,CALLED,2026-08-28T09:27:00,478,0.976
P020,P060,CALLED,2026-08-29T16:28:00,252,0.984
P037,P011,CALLED,2026-08-30T23:29:00,2149,0.923
P054,P042,CALLED,2026-08-01T06:30:00,1504,0.909
P071,P073,CALLED,2026-08-02T13:31:00,1481,0.917
P008,P024,CALLED,2026-08-03T20:32:00,1076,0.85
P025,P055,CALLED,2026-08-04T03:33:00,1125,0.799
P042,P006,CALLED,2026-08-05T10:34:00,279,0.81
P059,P037,CALLED,2026-08-06T17:35:00,2000,0.776
P076,P068,CALLED,2026-08-07T00:36:00,1917,0.79
P013,P019,CALLED,2026-08-08T07:37:00,1913,0.987
P030,P050,CALLED,2026-08-09T14:38:00,394,0.761
P047,P001,CALLED,2026-08-10T21:39:00,1737,0.934
P064,P032,CALLED,2026-08-11T04:40:00,1076,0.954
P001,P063,CALLED,2026-08-12T11:41:00,244,0.968
P018,P014,CALLED,2026-08-13T18:42:00,1922,0.854
P035,P045,CALLED,2026-08-14T01:43:00,2269,0.989
P052,P076,CALLED,2026-08-15T08:44:00,93,0.802
P069,P027,CALLED,2026-08-16T15:45:00,1942,0.949
P006,P058,CALLED,2026-08-17T22:46:00,1830,0.769
P023,P009,CALLED,2026-08-18T05:47:00,1520,0.764
P040,P042,CALLED,2026-08-19T12:48:00,134,0.989
P057,P071,CALLED,2026-08-20T19:49:00,1242,0.953
P074,P022,CALLED,2026-08-21T02:50:00,364,0.783
P011,P053,CALLED,2026-08-22T09:51:00,2267,0.782
P028,P004,CALLED,2026-08-23T16:52:00,670,0.781
P045,P035,CALLED,2026-08-24T23:53:00,1170,0.877
P062,P066,CALLED,2026-08-25T06:54:00,1132,0.783
P079,P017,CALLED,2026-08-26T13:55:00,156,0.957
P016,P048,CALLED,2026-08-27T20:56:00,1965,0.931
P033,P079,CALLED,2026-08-28T03:57:00,1786,0.913
P050,P030,CALLED,2026-08-29T10:58:00,877,0.761
P067,P061,CALLED,2026-08-30T17:59:00,2049,0.794
P004,P012,CALLED,2026-08-01T00:00:00,1379,0.77
P021,P043,CALLED,2026-08-02T07:01:00,162,0.801
P038,P074,CALLED,2026-08-03T14:02:00,1663,0.93
P055,P025,CALLED,2026-08-04T21:03:00,862,0.784
P072,P056,CALLED,2026-08-05T04:04:00,244,0.967
P009,P007,CALLED,2026-08-06T11:05:00,783,0.981
P026,P038,CALLED,2026-08-07T18:06:00,172,0.869
P043,P069,CALLED,2026-08-08T01:07:00,299,0.896
P060,P020,CALLED,2026-08-09T08:08:00,972,0.801
P077,P051,CALLED,2026-08-10T15:09:00,1280,0.948
P014,P002,CALLED,2026-08-11T22:10:00,1589,0.838
P031,P033,CALLED,2026-08-12T05:11:00,101,0.781
P048,P064,CALLED,2026-08-13T12:12:00,1981,0.782
P065,P015,CALLED,2026-08-14T19:13:00,1076,0.943
P002,P046,CALLED,2026-08-15T02:14:00,995,0.942
P019,P077,CALLED,2026-08-16T09:15:00,178,0.921
P036,P028,CALLED,2026-08-17T16:16:00,569,0.859
P053,P059,CALLED,2026-08-18T23:17:00,1400,0.872
P070,P010,CALLED,2026-08-19T06:18:00,1239,0.805
P007,P041,CALLED,2026-08-20T13:19:00,1308,0.758
P024,P072,CALLED,2026-08-21T20:20:00,812,0.9
P041,P023,CALLED,2026-08-22T03:21:00,2282,0.927
P058,P054,CALLED,2026-08-23T10:22:00,163,0.95
P075,P005,CALLED,2026-08-24T17:23:00,1791,0.943
P012,P036,CALLED,2026-08-25T00:24:00,1430,0.859
P029,P067,CALLED,2026-08-26T07:25:00,581,0.925
P046,P018,CALLED,2026-08-27T14:26:00,1219,0.856
P063,P049,CALLED,2026-08-28T21:27:00,2235,0.796
P080,P002,CALLED,2026-08-29T04:28:00,1189,0.974
P017,P031,CALLED,2026-08-30T11:29:00,977,0.815
P034,P062,CALLED,2026-08-01T18:30:00,1357,0.964
P051,P013,CALLED,2026-08-02T01:31:00,976,0.977
P068,P044,CALLED,2026-08-03T08:32:00,870,0.907
P005,P075,CALLED,2026-08-04T15:33:00,1551,0.773
P022,P026,CALLED,2026-08-05T22:34:00,387,0.874
P039,P057,CALLED,2026-08-06T05:35:00,1784,0.862
P056,P008,CALLED,2026-08-07T12:36:00,1068,0.817
P073,P039,CALLED,2026-08-08T19:37:00,1512,0.943
P010,P070,CALLED,2026-08-09T02:38:00,993,0.787
P027,P021,CALLED,2026-08-10T09:39:00,1921,0.823
P044,P052,CALLED,2026-08-11T16:40:00,1653,0.766
P061,P003,CALLED,2026-08-12T23:41:00,2054,0.905
P078,P034,CALLED,2026-08-13T06:42:00,484,0.782
P015,P065,CALLED,2026-08-14T13:43:00,2308,0.901
P032,P016,CALLED,2026-08-15T20:44:00,907,0.913
P049,P047,CALLED,2026-08-16T03:45:00,624,0.84
P066,P078,CALLED,2026-08-17T10:46:00,1184,0.919
P003,P029,CALLED,2026-08-18T17:47:00,1598,0.977
P020,P060,CALLED,2026-08-19T00:48:00,1824,0.972
P037,P011,CALLED,2026-08-20T07:49:00,903,0.955
P054,P042,CALLED,2026-08-21T14:50:00,996,0.813
P071,P073,CALLED,2026-08-22T21:51:00,2092,0.773
P008,P024,CALLED,2026-08-23T04:52:00,479,0.813
P025,P055,CALLED,2026-08-24T11:53:00,740,0.886
P042,P006,CALLED,2026-08-25T18:54:00,82,0.872
P059,P037,CALLED,2026-08-26T01:55:00,416,0.802
P076,P068,CALLED,2026-08-27T08:56:00,1814,0.853
P013,P019,CALLED,2026-08-28T15:57:00,545,0.812
P030,P050,CALLED,2026-08-29T22:58:00,371,0.955
P047,P001,CALLED,2026-08-30T05:59:00,664,0.875
P064,P032,CALLED,2026-08-01T12:00:00,1008,0.88
P001,P063,CALLED,2026-08-02T19:01:00,332,0.76
P018,P014,CALLED,2026-08-03T02:02:00,427,0.973
P035,P045,CALLED,2026-08-04T09:03:00,510,0.971
P052,P076,CALLED,2026-08-05T16:04:00,1319,0.77
P069,P027,CALLED,2026-08-06T23:05:00,2174,0.926
P006,P058,CALLED,2026-08-07T06:06:00,2126,0.829
P023,P009,CALLED,2026-08-08T13:07:00,1631,0.887
P040,P042,CALLED,2026-08-09T20:08:00,1841,0.929
P057,P071,CALLED,2026-08-10T03:09:00,2292,0.917
P074,P022,CALLED,2026-08-11T10:10:00,1762,0.841
P011,P053,CALLED,2026-08-12T17:11:00,2113,0.92
P028,P004,CALLED,2026-08-13T00:12:00,1126,0.937
P045,P035,CALLED,2026-08-14T07:13:00,931,0.919
P062,P066,CALLED,2026-08-15T14:14:00,1765,0.96
P079,P017,CALLED,2026-08-16T21:15:00,2145,0.824
P016,P048,CALLED,2026-08-17T04:16:00,1048,0.899
P033,P079,CALLED,2026-08-18T11:17:00,1987,0.91
P050,P030,CALLED,2026-08-19T18:18:00,2375,0.876
P067,P061,CALLED,2026-08-20T01:19:00,2109,0.796
P004,P012,CALLED,2026-08-21T08:20:00,1311,0.845
P021,P043,CALLED,2026-08-22T15:21:00,1413,0.978
P038,P074,CALLED,2026-08-23T22:22:00,421,0.758
P055,P025,CALLED,2026-08-24T05:23:00,1121,0.833
P072,P056,CALLED,2026-08-25T12:24:00,243,0.864
P009,P007,CALLED,2026-08-26T19:25:00,11,0.984
P026,P038,CALLED,2026-08-27T02:26:00,1902,0.937
P043,P069,CALLED,2026-08-28T09:27:00,1432,0.878
P060,P020,CALLED,2026-08-29T16:28:00,29,0.852
P077,P051,CALLED,2026-08-30T23:29:00,1961,0.94
P014,P002,CALLED,2026-08-01T06:30:00,178,0.76
P031,P033,CALLED,2026-08-02T13:31:00,2114,0.83
P048,P064,CALLED,2026-08-03T20:32:00,246,0.894
P065,P015,CALLED,2026-08-04T03:33:00,413,0.841
P002,P046,CALLED,2026-08-05T10:34:00,1493,0.87
P019,P077,CALLED,2026-08-06T17:35:00,594,0.782
P036,P028,CALLED,2026-08-07T00:36:00,920,0.774
P053,P059,CALLED,2026-08-08T07:37:00,1093,0.928
P070,P010,CALLED,2026-08-09T14:38:00,569,0.903
P007,P041,CALLED,2026-08-10T21:39:00,1554,0.971
P024,P072,CALLED,2026-08-11T04:40:00,1272,0.943
P041,P023,CALLED,2026-08-12T11:41:00,1935,0.757
P058,P054,CALLED,2026-08-13T18:42:00,402,0.755
P075,P005,CALLED,2026-08-14T01:43:00,2398,0.946
P012,P036,CALLED,2026-08-15T08:44:00,125,0.81
P029,P067,CALLED,2026-08-16T15:45:00,1882,0.91
P046,P018,CALLED,2026-08-17T22:46:00,1336,0.94
P063,P049,CALLED,2026-08-18T05:47:00,1059,0.784
P080,P002,CALLED,2026-08-19T12:48:00,1316,0.798
P017,P031,CALLED,2026-08-20T19:49:00,243,0.78
P034,P062,CALLED,2026-08-21T02:50:00,2179,0.963
P051,P013,CALLED,2026-08-22T09:51:00,1421,0.878
P068,P044,CALLED,2026-08-23T16:52:00,2349,0.796
P005,P075,CALLED,2026-08-24T23:53:00,1938,0.799
P022,P026,CALLED,2026-08-25T06:54:00,207,0.963
P039,P057,CALLED,2026-08-26T13:55:00,845,0.958
P056,P008,CALLED,2026-08-27T20:56:00,713,0.784
P073,P039,CALLED,2026-08-28T03:57:00,1274,0.774
P010,P070,CALLED,2026-08-29T10:58:00,1394,0.916
P027,P021,CALLED,2026-08-30T17:59:00,36,0.934
P044,P052,CALLED,2026-08-01T00:00:00,1391,0.903
P061,P003,CALLED,2026-08-02T07:01:00,1111,0.973
P078,P034,CALLED,2026-08-03T14:02:00,2174,0.944
P015,P065,CALLED,2026-08-04T21:03:00,1266,0.759
P032,P016,CALLED,2026-08-05T04:04:00,645,0.941
P049,P047,CALLED,2026-08-06T11:05:00,2167,0.84
P066,P078,CALLED,2026-08-07T18:06:00,452,0.956
P003,P029,CALLED,2026-08-08T01:07:00,1346,0.983
P020,P060,CALLED,2026-08-09T08:08:00,2109,0.955
P037,P011,CALLED,2026-08-10T15:09:00,499,0.881
P054,P042,CALLED,2026-08-11T22:10:00,1591,0.828
P071,P073,CALLED,2026-08-12T05:11:00,332,0.969
P008,P024,CALLED,2026-08-13T12:12:00,1905,0.771
P025,P055,CALLED,2026-08-14T19:13:00,1729,0.976
P042,P006,CALLED,2026-08-15T02:14:00,649,0.832
P059,P037,CALLED,2026-08-16T09:15:00,851,0.836
P076,P068,CALLED,2026-08-17T16:16:00,694,0.843
P013,P019,CALLED,2026-08-18T23:17:00,743,0.882
P030,P050,CALLED,2026-08-19T06:18:00,2006,0.939
P047,P001,CALLED,2026-08-20T13:19:00,2101,0.989
P064,P032,CALLED,2026-08-21T20:20:00,1379,0.846
P001,P063,CALLED,2026-08-22T03:21:00,2312,0.876
P018,P014,CALLED,2026-08-23T10:22:00,1694,0.82
P035,P045,CALLED,2026-08-24T17:23:00,2075,0.832
P052,P076,CALLED,2026-08-25T00:24:00,609,0.959
P069,P027,CALLED,2026-08-26T07:25:00,640,0.759
P006,P058,CALLED,2026-08-27T14:26:00,1614,0.847
P023,P009,CALLED,2026-08-28T21:27:00,1629,0.798
P040,P042,CALLED,2026-08-29T04:28:00,2207,0.982
P057,P071,CALLED,2026-08-30T11:29:00,2309,0.875
P074,P022,CALLED,2026-08-01T18:30:00,372,0.919
P011,P053,CALLED,2026-08-02T01:31:00,1307,0.751
P028,P004,CALLED,2026-08-03T08:32:00,123,0.831
P045,P035,CALLED,2026-08-04T15:33:00,889,0.76
P062,P066,CALLED,2026-08-05T22:34:00,2167,0.811
P079,P017,CALLED,2026-08-06T05:35:00,2096,0.885
P016,P048,CALLED,2026-08-07T12:36:00,763,0.937
P033,P079,CALLED,2026-08-08T19:37:00,767,0.755
P050,P030,CALLED,2026-08-09T02:38:00,1339,0.838
P067,P061,CALLED,2026-08-10T09:39:00,1709,0.867
P004,P012,CALLED,2026-08-11T16:40:00,799,0.905
P021,P043,CALLED,2026-08-12T23:41:00,340,0.804
P038,P074,CALLED,2026-08-13T06:42:00,788,0.778
P055,P025,CALLED,2026-08-14T13:43:00,1507,0.79
P072,P056,CALLED,2026-08-15T20:44:00,1577,0.82
P009,P007,CALLED,2026-08-16T03:45:00,295,0.909
P026,P038,CALLED,2026-08-17T10:46:00,1499,0.919
P043,P069,CALLED,2026-08-18T17:47:00,1830,0.812
P060,P020,CALLED,2026-08-19T00:48:00,820,0.789
P077,P051,CALLED,2026-08-20T07:49:00,1952,0.826
P014,P002,CALLED,2026-08-21T14:50:00,1254,0.975
P031,P033,CALLED,2026-08-22T21:51:00,1796,0.935
P048,P064,CALLED,2026-08-23T04:52:00,1433,0.847
P065,P015,CALLED,2026-08-24T11:53:00,1798,0.9
P002,P046,CALLED,2026-08-25T18:54:00,343,0.89
P019,P077,CALLED,2026-08-26T01:55:00,2053,0.955
P036,P028,CALLED,2026-08-27T08:56:00,1738,0.93
P053,P059,CALLED,2026-08-28T15:57:00,1699,0.917
P070,P010,CALLED,2026-08-29T22:58:00,233,0.947
P007,P041,CALLED,2026-08-30T05:59:00,1377,0.845
P024,P072,CALLED,2026-08-01T12:00:00,905,0.785
P041,P023,CALLED,2026-08-02T19:01:00,194,0.936
P058,P054,CALLED,2026-08-03T02:02:00,1623,0.876
P075,P005,CALLED,2026-08-04T09:03:00,54,0.891
P012,P036,CALLED,2026-08-05T16:04:00,1729,0.953
P029,P067,CALLED,2026-08-06T23:05:00,1992,0.912
P046,P018,CALLED,2026-08-07T06:06:00,315,0.963
P063,P049,CALLED,2026-08-08T13:07:00,2206,0.754
P080,P002,CALLED,2026-08-09T20:08:00,372,0.851
P017,P031,CALLED,2026-08-10T03:09:00,2301,0.975
P034,P062,CALLED,2026-08-11T10:10:00,1786,0.85
P051,P013,CALLED,2026-08-12T17:11:00,437,0.879
P068,P044,CALLED,2026-08-13T00:12:00,62,0.773
P005,P075,CALLED,2026-08-14T07:13:00,420,0.827
P022,P026,CALLED,2026-08-15T14:14:00,844,0.767
P039,P057,CALLED,2026-08-16T21:15:00,1141,0.799
P056,P008,CALLED,2026-08-17T04:16:00,566,0.897
P073,P039,CALLED,2026-08-18T11:17:00,276,0.853
P010,P070,CALLED,2026-08-19T18:18:00,2154,0.876
P027,P021,CALLED,2026-08-20T01:19:00,60,0.876
P044,P052,CALLED,2026-08-21T08:20:00,1913,0.877
P061,P003,CALLED,2026-08-22T15:21:00,984,0.916
P078,P034,CALLED,2026-08-23T22:22:00,2315,0.822
P015,P065,CALLED,2026-08-24T05:23:00,1206,0.89
P032,P016,CALLED,2026-08-25T12:24:00,380,0.938
P049,P047,CALLED,2026-08-26T19:25:00,1747,0.901
P066,P078,CALLED,2026-08-27T02:26:00,2296,0.932
P003,P029,CALLED,2026-08-28T09:27:00,1307,0.84
P020,P060,CALLED,2026-08-29T16:28:00,582,0.839
P037,P011,CALLED,2026-08-30T23:29:00,379,0.817
P054,P042,CALLED,2026-08-01T06:30:00,1866,0.829
P071,P073,CALLED,2026-08-02T13:31:00,1648,0.985
P008,P024,CALLED,2026-08-03T20:32:00,1512,0.945
P025,P055,CALLED,2026-08-04T03:33:00,1693,0.952
P042,P006,CALLED,2026-08-05T10:34:00,1509,0.782
P059,P037,CALLED,2026-08-06T17:35:00,2210,0.975
P076,P068,CALLED,2026-08-07T00:36:00,1332,0.792
P013,P019,CALLED,2026-08-08T07:37:00,404,0.818
P030,P050,CALLED,2026-08-09T14:38:00,2071,0.956
P047,P001,CALLED,2026-08-10T21:39:00,517,0.852
P064,P032,CALLED,2026-08-11T04:40:00,887,0.921
P001,P063,CALLED,2026-08-12T11:41:00,2263,0.839
P018,P014,CALLED,2026-08-13T18:42:00,2036,0.823
P035,P045,CALLED,2026-08-14T01:43:00,1811,0.908
P052,P076,CALLED,2026-08-15T08:44:00,737,0.98
P069,P027,CALLED,2026-08-16T15:45:00,1748,0.8
P006,P058,CALLED,2026-08-17T22:46:00,649,0.755
P023,P009,CALLED,2026-08-18T05:47:00,2351,0.824
P040,P042,CALLED,2026-08-19T12:48:00,2310,0.913
P057,P071,CALLED,2026-08-20T19:49:00,1159,0.768
P074,P022,CALLED,2026-08-21T02:50:00,181,0.855
P011,P053,CALLED,2026-08-22T09:51:00,511,0.902
P028,P004,CALLED,2026-08-23T16:52:00,976,0.835
P045,P035,CALLED,2026-08-24T23:53:00,676,0.831
P062,P066,CALLED,2026-08-25T06:54:00,175,0.829
P079,P017,CALLED,2026-08-26T13:55:00,1319,0.943
P016,P048,CALLED,2026-08-27T20:56:00,970,0.967
P033,P079,CALLED,2026-08-28T03:57:00,1534,0.965
P050,P030,CALLED,2026-08-29T10:58:00,2272,0.956
P067,P061,CALLED,2026-08-30T17:59:00,118,0.897
P004,P012,CALLED,2026-08-01T00:00:00,910,0.96
P021,P043,CALLED,2026-08-02T07:01:00,1282,0.777
P038,P074,CALLED,2026-08-03T14:02:00,1784,0.843
P055,P025,CALLED,2026-08-04T21:03:00,485,0.984
P072,P056,CALLED,2026-08-05T04:04:00,1509,0.958
P009,P007,CALLED,2026-08-06T11:05:00,170,0.777
P026,P038,CALLED,2026-08-07T18:06:00,437,0.803
P043,P069,CALLED,2026-08-08T01:07:00,1233,0.871
P060,P020,CALLED,2026-08-09T08:08:00,1403,0.808
P077,P051,CALLED,2026-08-10T15:09:00,2103,0.978
P014,P002,CALLED,2026-08-11T22:10:00,1758,0.882
P031,P033,CALLED,2026-08-12T05:11:00,1298,0.758
P048,P064,CALLED,2026-08-13T12:12:00,920,0.961
P065,P015,CALLED,2026-08-14T19:13:00,1391,0.8
P002,P046,CALLED,2026-08-15T02:14:00,990,0.942
P019,P077,CALLED,2026-08-16T09:15:00,1602,0.91
P036,P028,CALLED,2026-08-17T16:16:00,1938,0.806
P053,P059,CALLED,2026-08-18T23:17:00,963,0.967
P070,P010,CALLED,2026-08-19T06:18:00,329,0.794
P007,P041,CALLED,2026-08-20T13:19:00,222,0.79
P024,P072,CALLED,2026-08-21T20:20:00,1003,0.965
P041,P023,CALLED,2026-08-22T03:21:00,71,0.784
P058,P054,CALLED,2026-08-23T10:22:00,849,0.778
P075,P005,CALLED,2026-08-24T17:23:00,1736,0.765
P012,P036,CALLED,2026-08-25T00:24:00,2009,0.892
P029,P067,CALLED,2026-08-26T07:25:00,2117,0.949
P046,P018,CALLED,2026-08-27T14:26:00,1846,0.782
P063,P049,CALLED,2026-08-28T21:27:00,2304,0.961
P080,P002,CALLED,2026-08-29T04:28:00,49,0.921
P017,P031,CALLED,2026-08-30T11:29:00,1889,0.821
P034,P062,CALLED,2026-08-01T18:30:00,2008,0.863
P051,P013,CALLED,2026-08-02T01:31:00,2233,0.824
P068,P044,CALLED,2026-08-03T08:32:00,2313,0.883
P005,P075,CALLED,2026-08-04T15:33:00,811,0.8
P022,P026,CALLED,2026-08-05T22:34:00,596,0.784
P039,P057,CALLED,2026-08-06T05:35:00,1868,0.892
P056,P008,CALLED,2026-08-07T12:36:00,1573,0.849
P073,P039,CALLED,2026-08-08T19:37:00,965,0.792
P010,P070,CALLED,2026-08-09T02:38:00,609,0.831
P027,P021,CALLED,2026-08-10T09:39:00,537,0.878
P044,P052,CALLED,2026-08-11T16:40:00,715,0.79
P061,P003,CALLED,2026-08-12T23:41:00,2078,0.841
P078,P034,CALLED,2026-08-13T06:42:00,368,0.849
P015,P065,CALLED,2026-08-14T13:43:00,1491,0.97
P032,P016,CALLED,2026-08-15T20:44:00,343,0.898
P049,P047,CALLED,2026-08-16T03:45:00,2294,0.98
P066,P078,CALLED,2026-08-17T10:46:00,1453,0.921
P003,P029,CALLED,2026-08-18T17:47:00,1654,0.878
P020,P060,CALLED,2026-08-19T00:48:00,1879,0.909
P037,P011,CALLED,2026-08-20T07:49:00,2033,0.85
P054,P042,CALLED,2026-08-21T14:50:00,872,0.916
P071,P073,CALLED,2026-08-22T21:51:00,527,0.755
P008,P024,CALLED,2026-08-23T04:52:00,2056,0.779
P025,P055,CALLED,2026-08-24T11:53:00,2174,0.846
P042,P006,CALLED,2026-08-25T18:54:00,1967,0.766
P059,P037,CALLED,2026-08-26T01:55:00,1636,0.925
P076,P068,CALLED,2026-08-27T08:56:00,2349,0.865
P013,P019,CALLED,2026-08-28T15:57:00,339,0.858
P030,P050,CALLED,2026-08-29T22:58:00,633,0.791
P047,P001,CALLED,2026-08-30T05:59:00,1345,0.962
P064,P032,CALLED,2026-08-01T12:00:00,248,0.797
P001,P063,CALLED,2026-08-02T19:01:00,2268,0.906
P018,P014,CALLED,2026-08-03T02:02:00,1537,0.989
P035,P045,CALLED,2026-08-04T09:03:00,1514,0.957
P052,P076,CALLED,2026-08-05T16:04:00,1627,0.902
P069,P027,CALLED,2026-08-06T23:05:00,1429,0.873
P006,P058,CALLED,2026-08-07T06:06:00,77,0.897
P023,P009,CALLED,2026-08-08T13:07:00,1508,0.755
P040,P042,CALLED,2026-08-09T20:08:00,1686,0.926
P057,P071,CALLED,2026-08-10T03:09:00,1140,0.762
P074,P022,CALLED,2026-08-11T10:10:00,2116,0.884
P011,P053,CALLED,2026-08-12T17:11:00,380,0.831
P028,P004,CALLED,2026-08-13T00:12:00,2004,0.798
P045,P035,CALLED,2026-08-14T07:13:00,1814,0.86
P062,P066,CALLED,2026-08-15T14:14:00,2245,0.856
P079,P017,CALLED,2026-08-16T21:15:00,177,0.968
P016,P048,CALLED,2026-08-17T04:16:00,119,0.918
P033,P079,CALLED,2026-08-18T11:17:00,401,0.791
P050,P030,CALLED,2026-08-19T18:18:00,1374,0.778
P067,P061,CALLED,2026-08-20T01:19:00,834,0.77
P004,P012,CALLED,2026-08-21T08:20:00,1237,0.863
P021,P043,CALLED,2026-08-22T15:21:00,804,0.763
P038,P074,CALLED,2026-08-23T22:22:00,1873,0.763
P055,P025,CALLED,2026-08-24T05:23:00,1596,0.832
P072,P056,CALLED,2026-08-25T12:24:00,718,0.794
P009,P007,CALLED,2026-08-26T19:25:00,588,0.949
P026,P038,CALLED,2026-08-27T02:26:00,466,0.893
P043,P069,CALLED,2026-08-28T09:27:00,310,0.775
P060,P020,CALLED,2026-08-29T16:28:00,937,0.87
P077,P051,CALLED,2026-08-30T23:29:00,456,0.851
P014,P002,CALLED,2026-08-01T06:30:00,388,0.908
P031,P033,CALLED,2026-08-02T13:31:00,649,0.82
P048,P064,CALLED,2026-08-03T20:32:00,2143,0.834
P065,P015,CALLED,2026-08-04T03:33:00,2174,0.851
P002,P046,CALLED,2026-08-05T10:34:00,2379,0.867
P019,P077,CALLED,2026-08-06T17:35:00,1054,0.848
P036,P028,CALLED,2026-08-07T00:36:00,78,0.965
P053,P059,CALLED,2026-08-08T07:37:00,175,0.831
P070,P010,CALLED,2026-08-09T14:38:00,1386,0.794
P007,P041,CALLED,2026-08-10T21:39:00,686,0.979
P024,P072,CALLED,2026-08-11T04:40:00,1913,0.904
P041,P023,CALLED,2026-08-12T11:41:00,2127,0.833
P058,P054,CALLED,2026-08-13T18:42:00,550,0.976
P075,P005,CALLED,2026-08-14T01:43:00,760,0.926
P012,P036,CALLED,2026-08-15T08:44:00,494,0.964
P029,P067,CALLED,2026-08-16T15:45:00,653,0.966
P046,P018,CALLED,2026-08-17T22:46:00,806,0.848
P063,P049,CALLED,2026-08-18T05:47:00,132,0.77
P080,P002,CALLED,2026-08-19T12:48:00,1645,0.846
P017,P031,CALLED,2026-08-20T19:49:00,1564,0.941
P034,P062,CALLED,2026-08-21T02:50:00,1542,0.793
P051,P013,CALLED,2026-08-22T09:51:00,1034,0.944
P068,P044,CALLED,2026-08-23T16:52:00,2149,0.861
P005,P075,CALLED,2026-08-24T23:53:00,635,0.908
P022,P026,CALLED,2026-08-25T06:54:00,1006,0.868
P039,P057,CALLED,2026-08-26T13:55:00,929,0.857
P056,P008,CALLED,2026-08-27T20:56:00,865,0.877
P073,P039,CALLED,2026-08-28T03:57:00,1606,0.813
P010,P070,CALLED,2026-08-29T10:58:00,1245,0.86
P027,P021,CALLED,2026-08-30T17:59:00,655,0.919
P044,P052,CALLED,2026-08-01T00:00:00,1080,0.782
P061,P003,CALLED,2026-08-02T07:01:00,2181,0.802
P078,P034,CALLED,2026-08-03T14:02:00,912,0.802
P015,P065,CALLED,2026-08-04T21:03:00,226,0.823
P032,P016,CALLED,2026-08-05T04:04:00,2388,0.888
P049,P047,CALLED,2026-08-06T11:05:00,1229,0.79
P066,P078,CALLED,2026-08-07T18:06:00,2192,0.898
P003,P029,CALLED,2026-08-08T01:07:00,534,0.904
P020,P060,CALLED,2026-08-09T08:08:00,830,0.897
P037,P011,CALLED,2026-08-10T15:09:00,2338,0.912
P054,P042,CALLED,2026-08-11T22:10:00,808,0.889
P071,P073,CALLED,2026-08-12T05:11:00,751,0.886
P008,P024,CALLED,2026-08-13T12:12:00,1625,0.774
P025,P055,CALLED,2026-08-14T19:13:00,1354,0.789
P042,P006,CALLED,2026-08-15T02:14:00,711,0.984
P059,P037,CALLED,2026-08-16T09:15:00,801,0.891
P076,P068,CALLED,2026-08-17T16:16:00,1495,0.776
P013,P019,CALLED,2026-08-18T23:17:00,628,0.8
P030,P050,CALLED,2026-08-19T06:18:00,1763,0.878
P047,P001,CALLED,2026-08-20T13:19:00,951,0.949
P064,P032,CALLED,2026-08-21T20:20:00,1486,0.929
P001,P063,CALLED,2026-08-22T03:21:00,2314,0.91
P018,P014,CALLED,2026-08-23T10:22:00,1005,0.934
P035,P045,CALLED,2026-08-24T17:23:00,2050,0.89
P052,P076,CALLED,2026-08-25T00:24:00,372,0.848
P069,P027,CALLED,2026-08-26T07:25:00,1458,0.925
P006,P058,CALLED,2026-08-27T14:26:00,1774,0.885
P023,P009,CALLED,2026-08-28T21:27:00,1222,0.914
P040,P042,CALLED,2026-08-29T04:28:00,1895,0.967
P057,P071,CALLED,2026-08-30T11:29:00,782,0.936
P074,P022,CALLED,2026-08-01T18:30:00,1136,0.972
P011,P053,CALLED,2026-08-02T01:31:00,1427,0.826
P028,P004,CALLED,2026-08-03T08:32:00,1502,0.789
P045,P035,CALLED,2026-08-04T15:33:00,1760,0.869
P062,P066,CALLED,2026-08-05T22:34:00,1605,0.768
P079,P017,CALLED,2026-08-06T05:35:00,827,0.943
P016,P048,CALLED,2026-08-07T12:36:00,77,0.935
P033,P079,CALLED,2026-08-08T19:37:00,2344,0.97
P050,P030,CALLED,2026-08-09T02:38:00,1149,0.851
P067,P061,CALLED,2026-08-10T09:39:00,1780,0.921
P004,P012,CALLED,2026-08-11T16:40:00,1733,0.804
P021,P043,CALLED,2026-08-12T23:41:00,129,0.779
P038,P074,CALLED,2026-08-13T06:42:00,2391,0.969
P055,P025,CALLED,2026-08-14T13:43:00,1530,0.806
P072,P056,CALLED,2026-08-15T20:44:00,253,0.818
P009,P007,CALLED,2026-08-16T03:45:00,229,0.807
P026,P038,CALLED,2026-08-17T10:46:00,756,0.92
P043,P069,CALLED,2026-08-18T17:47:00,1143,0.912
P060,P020,CALLED,2026-08-19T00:48:00,191,0.902
P077,P051,CALLED,2026-08-20T07:49:00,176,0.876
P014,P002,CALLED,2026-08-21T14:50:00,2210,0.848
P031,P033,CALLED,2026-08-22T21:51:00,766,0.894
P048,P064,CALLED,2026-08-23T04:52:00,555,0.795
P065,P015,CALLED,2026-08-24T11:53:00,91,0.95
P002,P046,CALLED,2026-08-25T18:54:00,666,0.962
P019,P077,CALLED,2026-08-26T01:55:00,2279,0.888
P036,P028,CALLED,2026-08-27T08:56:00,1654,0.888
P053,P059,CALLED,2026-08-28T15:57:00,799,0.842
P070,P010,CALLED,2026-08-29T22:58:00,1556,0.75
P007,P041,CALLED,2026-08-30T05:59:00,394,0.78
P024,P072,CALLED,2026-08-01T12:00:00,1243,0.751
P041,P023,CALLED,2026-08-02T19:01:00,2092,0.8
P058,P054,CALLED,2026-08-03T02:02:00,740,0.799
P075,P005,CALLED,2026-08-04T09:03:00,699,0.885
P012,P036,CALLED,2026-08-05T16:04:00,719,0.959
P029,P067,CALLED,2026-08-06T23:05:00,1467,0.926
P046,P018,CALLED,2026-08-07T06:06:00,316,0.982
P063,P049,CALLED,2026-08-08T13:07:00,19,0.938
P080,P002,CALLED,2026-08-09T20:08:00,2261,0.799
P017,P031,CALLED,2026-08-10T03:09:00,562,0.794
P034,P062,CALLED,2026-08-11T10:10:00,1741,0.822
P051,P013,CALLED,2026-08-12T17:11:00,2096,0.811
P068,P044,CALLED,2026-08-13T00:12:00,2198,0.906
P005,P075,CALLED,2026-08-14T07:13:00,2360,0.965
P022,P026,CALLED,2026-08-15T14:14:00,1287,0.936
P039,P057,CALLED,2026-08-16T21:15:00,1167,0.779
P056,P008,CALLED,2026-08-17T04:16:00,85,0.761
P073,P039,CALLED,2026-08-18T11:17:00,1268,0.896
P010,P070,CALLED,2026-08-19T18:18:00,543,0.943
P027,P021,CALLED,2026-08-20T01:19:00,1004,0.93
P044,P052,CALLED,2026-08-21T08:20:00,1911,0.789
P061,P003,CALLED,2026-08-22T15:21:00,1020,0.873
P078,P034,CALLED,2026-08-23T22:22:00,1230,0.911
P015,P065,CALLED,2026-08-24T05:23:00,732,0.779
P032,P016,CALLED,2026-08-25T12:24:00,152,0.86
P049,P047,CALLED,2026-08-26T19:25:00,1613,0.782
P066,P078,CALLED,2026-08-27T02:26:00,309,0.751
P003,P029,CALLED,2026-08-28T09:27:00,466,0.764
P020,P060,CALLED,2026-08-29T16:28:00,777,0.956
P037,P011,CALLED,2026-08-30T23:29:00,2155,0.774
P054,P042,CALLED,2026-08-01T06:30:00,855,0.926
P071,P073,CALLED,2026-08-02T13:31:00,1700,0.81
P008,P024,CALLED,2026-08-03T20:32:00,1306,0.867
P025,P055,CALLED,2026-08-04T03:33:00,1404,0.94
P042,P006,CALLED,2026-08-05T10:34:00,1336,0.905
P059,P037,CALLED,2026-08-06T17:35:00,219,0.781
P076,P068,CALLED,2026-08-07T00:36:00,212,0.857
P013,P019,CALLED,2026-08-08T07:37:00,1087,0.901
P030,P050,CALLED,2026-08-09T14:38:00,1892,0.846
P047,P001,CALLED,2026-08-10T21:39:00,62,0.887
P064,P032,CALLED,2026-08-11T04:40:00,2261,0.941
P001,P063,CALLED,2026-08-12T11:41:00,2323,0.942
P018,P014,CALLED,2026-08-13T18:42:00,1677,0.922
P035,P045,CALLED,2026-08-14T01:43:00,2291,0.841
P052,P076,CALLED,2026-08-15T08:44:00,99,0.814
P069,P027,CALLED,2026-08-16T15:45:00,2218,0.784
P006,P058,CALLED,2026-08-17T22:46:00,129,0.785
P023,P009,CALLED,2026-08-18T05:47:00,1116,0.875
P040,P042,CALLED,2026-08-19T12:48:00,381,0.947
P057,P071,CALLED,2026-08-20T19:49:00,732,0.935
P074,P022,CALLED,2026-08-21T02:50:00,31,0.937
P011,P053,CALLED,2026-08-22T09:51:00,2052,0.848
P028,P004,CALLED,2026-08-23T16:52:00,2017,0.909
P045,P035,CALLED,2026-08-24T23:53:00,2174,0.974
P062,P066,CALLED,2026-08-25T06:54:00,608,0.775
P079,P017,CALLED,2026-08-26T13:55:00,411,0.971
P016,P048,CALLED,2026-08-27T20:56:00,1760,0.848
P033,P079,CALLED,2026-08-28T03:57:00,1099,0.986
P050,P030,CALLED,2026-08-29T10:58:00,1001,0.888
P067,P061,CALLED,2026-08-30T17:59:00,1738,0.813
P004,P012,CALLED,2026-08-01T00:00:00,1426,0.984
P021,P043,CALLED,2026-08-02T07:01:00,96,0.982
P038,P074,CALLED,2026-08-03T14:02:00,2232,0.971
P055,P025,CALLED,2026-08-04T21:03:00,2232,0.798
P072,P056,CALLED,2026-08-05T04:04:00,1570,0.766
P009,P007,CALLED,2026-08-06T11:05:00,2159,0.877
P026,P038,CALLED,2026-08-07T18:06:00,750,0.795
P043,P069,CALLED,2026-08-08T01:07:00,2288,0.889
P060,P020,CALLED,2026-08-09T08:08:00,2129,0.921
P077,P051,CALLED,2026-08-10T15:09:00,1169,0.908
P014,P002,CALLED,2026-08-11T22:10:00,1145,0.926
P031,P033,CALLED,2026-08-12T05:11:00,518,0.99
P048,P064,CALLED,2026-08-13T12:12:00,228,0.884
P065,P015,CALLED,2026-08-14T19:13:00,1909,0.839
P002,P046,CALLED,2026-08-15T02:14:00,38,0.828
P019,P077,CALLED,2026-08-16T09:15:00,837,0.853
P036,P028,CALLED,2026-08-17T16:16:00,953,0.776
P053,P059,CALLED,2026-08-18T23:17:00,2317,0.867
P070,P010,CALLED,2026-08-19T06:18:00,628,0.897
P007,P041,CALLED,2026-08-20T13:19:00,188,0.779
P024,P072,CALLED,2026-08-21T20:20:00,1733,0.886
P041,P023,CALLED,2026-08-22T03:21:00,2258,0.893
P058,P054,CALLED,2026-08-23T10:22:00,1896,0.778
P075,P005,CALLED,2026-08-24T17:23:00,2094,0.942
P012,P036,CALLED,2026-08-25T00:24:00,1269,0.85
P029,P067,CALLED,2026-08-26T07:25:00,1618,0.925
P046,P018,CALLED,2026-08-27T14:26:00,1463,0.831
P063,P049,CALLED,2026-08-28T21:27:00,1927,0.776
P080,P002,CALLED,2026-08-29T04:28:00,2317,0.806
P017,P031,CALLED,2026-08-30T11:29:00,1086,0.918
P034,P062,CALLED,2026-08-01T18:30:00,289,0.841
P051,P013,CALLED,2026-08-02T01:31:00,57,0.811
P068,P044,CALLED,2026-08-03T08:32:00,887,0.944
P005,P075,CALLED,2026-08-04T15:33:00,1985,0.76
P022,P026,CALLED,2026-08-05T22:34:00,2246,0.897
P039,P057,CALLED,2026-08-06T05:35:00,999,0.932
P056,P008,CALLED,2026-08-07T12:36:00,1124,0.962
P073,P039,CALLED,2026-08-08T19:37:00,352,0.926
P010,P070,CALLED,2026-08-09T02:38:00,1398,0.893
P027,P021,CALLED,2026-08-10T09:39:00,1982,0.933
P044,P052,CALLED,2026-08-11T16:40:00,2190,0.896
P061,P003,CALLED,2026-08-12T23:41:00,1959,0.854
P078,P034,CALLED,2026-08-13T06:42:00,902,0.865
P015,P065,CALLED,2026-08-14T13:43:00,487,0.804
P032,P016,CALLED,2026-08-15T20:44:00,329,0.774
P049,P047,CALLED,2026-08-16T03:45:00,518,0.755
P066,P078,CALLED,2026-08-17T10:46:00,2226,0.93
P003,P029,CALLED,2026-08-18T17:47:00,843,0.919
P020,P060,CALLED,2026-08-19T00:48:00,361,0.915
P037,P011,CALLED,2026-08-20T07:49:00,1917,0.948
P054,P042,CALLED,2026-08-21T14:50:00,2069,0.948
P071,P073,CALLED,2026-08-22T21:51:00,655,0.827
P008,P024,CALLED,2026-08-23T04:52:00,1486,0.797
P025,P055,CALLED,2026-08-24T11:53:00,271,0.932
P042,P006,CALLED,2026-08-25T18:54:00,66,0.837
P059,P037,CALLED,2026-08-26T01:55:00,1015,0.777
P076,P068,CALLED,2026-08-27T08:56:00,963,0.755
P013,P019,CALLED,2026-08-28T15:57:00,1292,0.874
P030,P050,CALLED,2026-08-29T22:58:00,165,0.83
P047,P001,CALLED,2026-08-30T05:59:00,651,0.775
P064,P032,CALLED,2026-08-01T12:00:00,1884,0.941
P001,P063,CALLED,2026-08-02T19:01:00,1668,0.841
P018,P014,CALLED,2026-08-03T02:02:00,398,0.862
P035,P045,CALLED,2026-08-04T09:03:00,1655,0.956
P052,P076,CALLED,2026-08-05T16:04:00,2213,0.889
P069,P027,CALLED,2026-08-06T23:05:00,746,0.979
P006,P058,CALLED,2026-08-07T06:06:00,1660,0.878
P023,P009,CALLED,2026-08-08T13:07:00,1315,0.969
P040,P042,CALLED,2026-08-09T20:08:00,2027,0.919
P057,P071,CALLED,2026-08-10T03:09:00,618,0.97
P074,P022,CALLED,2026-08-11T10:10:00,438,0.888
P011,P053,CALLED,2026-08-12T17:11:00,1180,0.784
P028,P004,CALLED,2026-08-13T00:12:00,2368,0.979
P045,P035,CALLED,2026-08-14T07:13:00,1529,0.878
P062,P066,CALLED,2026-08-15T14:14:00,2132,0.769
P079,P017,CALLED,2026-08-16T21:15:00,367,0.931
P016,P048,CALLED,2026-08-17T04:16:00,2130,0.837
P033,P079,CALLED,2026-08-18T11:17:00,654,0.895
P050,P030,CALLED,2026-08-19T18:18:00,133,0.88
P067,P061,CALLED,2026-08-20T01:19:00,512,0.927
P004,P012,CALLED,2026-08-21T08:20:00,734,0.942
P021,P043,CALLED,2026-08-22T15:21:00,2263,0.975
P038,P074,CALLED,2026-08-23T22:22:00,2010,0.912
P055,P025,CALLED,2026-08-24T05:23:00,860,0.926
P072,P056,CALLED,2026-08-25T12:24:00,270,0.824
P009,P007,CALLED,2026-08-26T19:25:00,848,0.762
P026,P038,CALLED,2026-08-27T02:26:00,1619,0.902
P043,P069,CALLED,2026-08-28T09:27:00,1308,0.98
P060,P020,CALLED,2026-08-29T16:28:00,713,0.968
P077,P051,CALLED,2026-08-30T23:29:00,918,0.78
P014,P002,CALLED,2026-08-01T06:30:00,486,0.921
P031,P033,CALLED,2026-08-02T13:31:00,2054,0.883
P048,P064,CALLED,2026-08-03T20:32:00,2365,0.955
P065,P015,CALLED,2026-08-04T03:33:00,1106,0.985
P002,P046,CALLED,2026-08-05T10:34:00,685,0.819
P019,P077,CALLED,2026-08-06T17:35:00,1438,0.897
P036,P028,CALLED,2026-08-07T00:36:00,2327,0.766
P053,P059,CALLED,2026-08-08T07:37:00,1786,0.988
P070,P010,CALLED,2026-08-09T14:38:00,1670,0.841
P007,P041,CALLED,2026-08-10T21:39:00,1866,0.968
P024,P072,CALLED,2026-08-11T04:40:00,409,0.852
P041,P023,CALLED,2026-08-12T11:41:00,45,0.777
P058,P054,CALLED,2026-08-13T18:42:00,1405,0.879
P075,P005,CALLED,2026-08-14T01:43:00,272,0.919
P012,P036,CALLED,2026-08-15T08:44:00,2151,0.911
P029,P067,CALLED,2026-08-16T15:45:00,1669,0.916
P046,P018,CALLED,2026-08-17T22:46:00,199,0.781
P063,P049,CALLED,2026-08-18T05:47:00,975,0.799
P080,P002,CALLED,2026-08-19T12:48:00,1287,0.97
P017,P031,CALLED,2026-08-20T19:49:00,1617,0.825
P034,P062,CALLED,2026-08-21T02:50:00,14,0.873
P051,P013,CALLED,2026-08-22T09:51:00,1413,0.754
P068,P044,CALLED,2026-08-23T16:52:00,2239,0.774
P005,P075,CALLED,2026-08-24T23:53:00,527,0.827
P022,P026,CALLED,2026-08-25T06:54:00,1551,0.856
P039,P057,CALLED,2026-08-26T13:55:00,1543,0.802
P056,P008,CALLED,2026-08-27T20:56:00,640,0.891
P073,P039,CALLED,2026-08-28T03:57:00,2075,0.987
P010,P070,CALLED,2026-08-29T10:58:00,1954,0.927
P027,P021,CALLED,2026-08-30T17:59:00,2318,0.781
P044,P052,CALLED,2026-08-01T00:00:00,2379,0.789
P061,P003,CALLED,2026-08-02T07:01:00,2018,0.888
P078,P034,CALLED,2026-08-03T14:02:00,1287,0.828
P015,P065,CALLED,2026-08-04T21:03:00,195,0.958
P032,P016,CALLED,2026-08-05T04:04:00,828,0.765
P049,P047,CALLED,2026-08-06T11:05:00,2233,0.988
P066,P078,CALLED,2026-08-07T18:06:00,431,0.835
P003,P029,CALLED,2026-08-08T01:07:00,1660,0.896
P020,P060,CALLED,2026-08-09T08:08:00,701,0.924
P037,P011,CALLED,2026-08-10T15:09:00,2173,0.966
P054,P042,CALLED,2026-08-11T22:10:00,923,0.893
P071,P073,CALLED,2026-08-12T05:11:00,1207,0.82
P008,P024,CALLED,2026-08-13T12:12:00,2390,0.824
P025,P055,CALLED,2026-08-14T19:13:00,2018,0.758
P042,P006,CALLED,2026-08-15T02:14:00,1627,0.829
P059,P037,CALLED,2026-08-16T09:15:00,1141,0.932
P076,P068,CALLED,2026-08-17T16:16:00,1266,0.875
P013,P019,CALLED,2026-08-18T23:17:00,1312,0.914
P030,P050,CALLED,2026-08-19T06:18:00,1876,0.806
P047,P001,CALLED,2026-08-20T13:19:00,428,0.817
P064,P032,CALLED,2026-08-21T20:20:00,970,0.9
P001,P063,CALLED,2026-08-22T03:21:00,2031,0.955
P018,P014,CALLED,2026-08-23T10:22:00,403,0.946
P035,P045,CALLED,2026-08-24T17:23:00,1157,0.922
P052,P076,CALLED,2026-08-25T00:24:00,1362,0.853
P069,P027,CALLED,2026-08-26T07:25:00,2364,0.839
P006,P058,CALLED,2026-08-27T14:26:00,1640,0.871
P023,P009,CALLED,2026-08-28T21:27:00,2025,0.959
P040,P042,CALLED,2026-08-29T04:28:00,1101,0.917
P057,P071,CALLED,2026-08-30T11:29:00,2305,0.855
P074,P022,CALLED,2026-08-01T18:30:00,1211,0.966
P011,P053,CALLED,2026-08-02T01:31:00,890,0.851
P028,P004,CALLED,2026-08-03T08:32:00,1639,0.756
P045,P035,CALLED,2026-08-04T15:33:00,2054,0.949
P062,P066,CALLED,2026-08-05T22:34:00,2212,0.962
P079,P017,CALLED,2026-08-06T05:35:00,402,0.936
P016,P048,CALLED,2026-08-07T12:36:00,1465,0.83
P033,P079,CALLED,2026-08-08T19:37:00,1724,0.895
P050,P030,CALLED,2026-08-09T02:38:00,1861,0.827
P067,P061,CALLED,2026-08-10T09:39:00,451,0.816
P004,P012,CALLED,2026-08-11T16:40:00,2034,0.842
P021,P043,CALLED,2026-08-12T23:41:00,404,0.948
P038,P074,CALLED,2026-08-13T06:42:00,577,0.989
P055,P025,CALLED,2026-08-14T13:43:00,1696,0.977
P072,P056,CALLED,2026-08-15T20:44:00,2112,0.776
P009,P007,CALLED,2026-08-16T03:45:00,522,0.89
P026,P038,CALLED,2026-08-17T10:46:00,1591,0.89
P043,P069,CALLED,2026-08-18T17:47:00,1761,0.958
P060,P020,CALLED,2026-08-19T00:48:00,65,0.75
P077,P051,CALLED,2026-08-20T07:49:00,224,0.928
P014,P002,CALLED,2026-08-21T14:50:00,282,0.803
P031,P033,CALLED,2026-08-22T21:51:00,768,0.926
P048,P064,CALLED,2026-08-23T04:52:00,1115,0.813
P065,P015,CALLED,2026-08-24T11:53:00,1172,0.916
P002,P046,CALLED,2026-08-25T18:54:00,926,0.774
P019,P077,CALLED,2026-08-26T01:55:00,1803,0.898
P036,P028,CALLED,2026-08-27T08:56:00,1636,0.788
P053,P059,CALLED,2026-08-28T15:57:00,1585,0.948
P070,P010,CALLED,2026-08-29T22:58:00,1407,0.861
P007,P041,CALLED,2026-08-30T05:59:00,271,0.902
P024,P072,CALLED,2026-08-01T12:00:00,486,0.857
P041,P023,CALLED,2026-08-02T19:01:00,56,0.908
P058,P054,CALLED,2026-08-03T02:02:00,2211,0.866
P075,P005,CALLED,2026-08-04T09:03:00,1863,0.855
P012,P036,CALLED,2026-08-05T16:04:00,1282,0.786
P029,P067,CALLED,2026-08-06T23:05:00,955,0.827
P046,P018,CALLED,2026-08-07T06:06:00,607,0.795
P063,P049,CALLED,2026-08-08T13:07:00,1057,0.882
P080,P002,CALLED,2026-08-09T20:08:00,2079,0.905
P017,P031,CALLED,2026-08-10T03:09:00,2189,0.784
P034,P062,CALLED,2026-08-11T10:10:00,274,0.914
P051,P013,CALLED,2026-08-12T17:11:00,1095,0.971
P068,P044,CALLED,2026-08-13T00:12:00,1958,0.931
P005,P075,CALLED,2026-08-14T07:13:00,1892,0.906
P022,P026,CALLED,2026-08-15T14:14:00,710,0.772
P039,P057,CALLED,2026-08-16T21:15:00,1432,0.77
P056,P008,CALLED,2026-08-17T04:16:00,1464,0.774
P073,P039,CALLED,2026-08-18T11:17:00,132,0.867
P010,P070,CALLED,2026-08-19T18:18:00,1619,0.984
P027,P021,CALLED,2026-08-20T01:19:00,1679,0.924
P044,P052,CALLED,2026-08-21T08:20:00,579,0.883
P061,P003,CALLED,2026-08-22T15:21:00,608,0.847
P078,P034,CALLED,2026-08-23T22:22:00,552,0.979
P015,P065,CALLED,2026-08-24T05:23:00,1712,0.804
P032,P016,CALLED,2026-08-25T12:24:00,882,0.958
P049,P047,CALLED,2026-08-26T19:25:00,1544,0.958
P066,P078,CALLED,2026-08-27T02:26:00,1179,0.868
P003,P029,CALLED,2026-08-28T09:27:00,835,0.849
P020,P060,CALLED,2026-08-29T16:28:00,1295,0.884
P037,P011,CALLED,2026-08-30T23:29:00,1988,0.874
P054,P042,CALLED,2026-08-01T06:30:00,433,0.785
P071,P073,CALLED,2026-08-02T13:31:00,2027,0.779
P008,P024,CALLED,2026-08-03T20:32:00,1581,0.953
P025,P055,CALLED,2026-08-04T03:33:00,2093,0.89
P042,P006,CALLED,2026-08-05T10:34:00,1738,0.755
P059,P037,CALLED,2026-08-06T17:35:00,510,0.829
P076,P068,CALLED,2026-08-07T00:36:00,1708,0.971
P013,P019,CALLED,2026-08-08T07:37:00,1632,0.962
P030,P050,CALLED,2026-08-09T14:38:00,1385,0.935
P047,P001,CALLED,2026-08-10T21:39:00,1340,0.931
P064,P032,CALLED,2026-08-11T04:40:00,727,0.939
P001,P063,CALLED,2026-08-12T11:41:00,615,0.805
P018,P014,CALLED,2026-08-13T18:42:00,2286,0.817
P035,P045,CALLED,2026-08-14T01:43:00,1175,0.98
P052,P076,CALLED,2026-08-15T08:44:00,304,0.797
P069,P027,CALLED,2026-08-16T15:45:00,1945,0.908
P006,P058,CALLED,2026-08-17T22:46:00,1513,0.825
P023,P009,CALLED,2026-08-18T05:47:00,276,0.951
P040,P042,CALLED,2026-08-19T12:48:00,1582,0.822
P057,P071,CALLED,2026-08-20T19:49:00,1274,0.821
P074,P022,CALLED,2026-08-21T02:50:00,745,0.827
P011,P053,CALLED,2026-08-22T09:51:00,482,0.754
P028,P004,CALLED,2026-08-23T16:52:00,2070,0.99
P045,P035,CALLED,2026-08-24T23:53:00,1557,0.877
P062,P066,CALLED,2026-08-25T06:54:00,1152,0.789
P079,P017,CALLED,2026-08-26T13:55:00,1676,0.807
P016,P048,CALLED,2026-08-27T20:56:00,2179,0.929
P033,P079,CALLED,2026-08-28T03:57:00,269,0.881
P050,P030,CALLED,2026-08-29T10:58:00,1468,0.913
P067,P061,CALLED,2026-08-30T17:59:00,292,0.772
P004,P012,CALLED,2026-08-01T00:00:00,1881,0.86
P021,P043,CALLED,2026-08-02T07:01:00,1085,0.796
P038,P074,CALLED,2026-08-03T14:02:00,1132,0.786
P055,P025,CALLED,2026-08-04T21:03:00,771,0.888
P072,P056,CALLED,2026-08-05T04:04:00,1287,0.966
P009,P007,CALLED,2026-08-06T11:05:00,34,0.897
P026,P038,CALLED,2026-08-07T18:06:00,300,0.968
P043,P069,CALLED,2026-08-08T01:07:00,1899,0.797
P060,P020,CALLED,2026-08-09T08:08:00,1133,0.777
P077,P051,CALLED,2026-08-10T15:09:00,2267,0.916
P014,P002,CALLED,2026-08-11T22:10:00,1166,0.765
P031,P033,CALLED,2026-08-12T05:11:00,1318,0.935
P048,P064,CALLED,2026-08-13T12:12:00,446,0.919
P065,P015,CALLED,2026-08-14T19:13:00,1657,0.907
P002,P046,CALLED,2026-08-15T02:14:00,1918,0.768
P019,P077,CALLED,2026-08-16T09:15:00,1289,0.832
P036,P028,CALLED,2026-08-17T16:16:00,1167,0.802
P053,P059,CALLED,2026-08-18T23:17:00,2155,0.774
P070,P010,CALLED,2026-08-19T06:18:00,1072,0.812
P007,P041,CALLED,2026-08-20T13:19:00,610,0.933
P024,P072,CALLED,2026-08-21T20:20:00,455,0.811
P041,P023,CALLED,2026-08-22T03:21:00,316,0.9
P058,P054,CALLED,2026-08-23T10:22:00,1535,0.926
P075,P005,CALLED,2026-08-24T17:23:00,1223,0.753
P012,P036,CALLED,2026-08-25T00:24:00,1701,0.793
P029,P067,CALLED,2026-08-26T07:25:00,503,0.914
P046,P018,CALLED,2026-08-27T14:26:00,362,0.843
P063,P049,CALLED,2026-08-28T21:27:00,130,0.823
P080,P002,CALLED,2026-08-29T04:28:00,946,0.946
P017,P031,CALLED,2026-08-30T11:29:00,908,0.874
P034,P062,CALLED,2026-08-01T18:30:00,1662,0.82
P051,P013,CALLED,2026-08-02T01:31:00,1967,0.874
P068,P044,CALLED,2026-08-03T08:32:00,531,0.916
P005,P075,CALLED,2026-08-04T15:33:00,468,0.842
P022,P026,CALLED,2026-08-05T22:34:00,2146,0.868
P039,P057,CALLED,2026-08-06T05:35:00,394,0.784
P056,P008,CALLED,2026-08-07T12:36:00,651,0.884
P073,P039,CALLED,2026-08-08T19:37:00,49,0.967
P010,P070,CALLED,2026-08-09T02:38:00,2138,0.875
P027,P021,CALLED,2026-08-10T09:39:00,114,0.847
P044,P052,CALLED,2026-08-11T16:40:00,381,0.923
P061,P003,CALLED,2026-08-12T23:41:00,1410,0.914
P078,P034,CALLED,2026-08-13T06:42:00,1591,0.875
P015,P065,CALLED,2026-08-14T13:43:00,1354,0.761
P032,P016,CALLED,2026-08-15T20:44:00,462,0.796
P049,P047,CALLED,2026-08-16T03:45:00,1018,0.778
P066,P078,CALLED,2026-08-17T10:46:00,1176,0.835
P003,P029,CALLED,2026-08-18T17:47:00,1235,0.754
P020,P060,CALLED,2026-08-19T00:48:00,1075,0.909
P037,P011,CALLED,2026-08-20T07:49:00,1700,0.958
P054,P042,CALLED,2026-08-21T14:50:00,612,0.837
P071,P073,CALLED,2026-08-22T21:51:00,1885,0.771
P008,P024,CALLED,2026-08-23T04:52:00,345,0.941
P025,P055,CALLED,2026-08-24T11:53:00,1614,0.935
P042,P006,CALLED,2026-08-25T18:54:00,68,0.809
P059,P037,CALLED,2026-08-26T01:55:00,1513,0.89
P076,P068,CALLED,2026-08-27T08:56:00,2201,0.949
P013,P019,CALLED,2026-08-28T15:57:00,1525,0.916
P030,P050,CALLED,2026-08-29T22:58:00,1137,0.933
P047,P001,CALLED,2026-08-30T05:59:00,1651,0.872
P064,P032,CALLED,2026-08-01T12:00:00,2082,0.957
P001,P063,CALLED,2026-08-02T19:01:00,595,0.912
P018,P014,CALLED,2026-08-03T02:02:00,536,0.841
P035,P045,CALLED,2026-08-04T09:03:00,587,0.753
P052,P076,CALLED,2026-08-05T16:04:00,1601,0.813
P069,P027,CALLED,2026-08-06T23:05:00,1314,0.961
P006,P058,CALLED,2026-08-07T06:06:00,2388,0.784
P023,P009,CALLED,2026-08-08T13:07:00,1068,0.882
P040,P042,CALLED,2026-08-09T20:08:00,2153,0.979
P057,P071,CALLED,2026-08-10T03:09:00,1617,0.865
P074,P022,CALLED,2026-08-11T10:10:00,455,0.828
P011,P053,CALLED,2026-08-12T17:11:00,1750,0.984
P028,P004,CALLED,2026-08-13T00:12:00,1294,0.976
P045,P035,CALLED,2026-08-14T07:13:00,1968,0.864
P062,P066,CALLED,2026-08-15T14:14:00,2277,0.92
P079,P017,CALLED,2026-08-16T21:15:00,601,0.99
P016,P048,CALLED,2026-08-17T04:16:00,14,0.889
P033,P079,CALLED,2026-08-18T11:17:00,915,0.906
P050,P030,CALLED,2026-08-19T18:18:00,605,0.927
P067,P061,CALLED,2026-08-20T01:19:00,241,0.987
P004,P012,CALLED,2026-08-21T08:20:00,2307,0.831
P021,P043,CALLED,2026-08-22T15:21:00,1407,0.893
P038,P074,CALLED,2026-08-23T22:22:00,1844,0.864
P055,P025,CALLED,2026-08-24T05:23:00,1160,0.798
P072,P056,CALLED,2026-08-25T12:24:00,445,0.898
P009,P007,CALLED,2026-08-26T19:25:00,567,0.891
P026,P038,CALLED,2026-08-27T02:26:00,1188,0.87
P043,P069,CALLED,2026-08-28T09:27:00,211,0.881
P060,P020,CALLED,2026-08-29T16:28:00,2160,0.981
P077,P051,CALLED,2026-08-30T23:29:00,872,0.929
P014,P002,CALLED,2026-08-01T06:30:00,194,0.886
P031,P033,CALLED,2026-08-02T13:31:00,1343,0.926
P048,P064,CALLED,2026-08-03T20:32:00,1663,0.868
P065,P015,CALLED,2026-08-04T03:33:00,2141,0.896
P002,P046,CALLED,2026-08-05T10:34:00,1318,0.951
P019,P077,CALLED,2026-08-06T17:35:00,2145,0.858
P036,P028,CALLED,2026-08-07T00:36:00,289,0.829
P053,P059,CALLED,2026-08-08T07:37:00,1885,0.779
P070,P010,CALLED,2026-08-09T14:38:00,1850,0.866
P007,P041,CALLED,2026-08-10T21:39:00,1081,0.972
P024,P072,CALLED,2026-08-11T04:40:00,504,0.977
P041,P023,CALLED,2026-08-12T11:41:00,1975,0.765
P058,P054,CALLED,2026-08-13T18:42:00,846,0.925
P075,P005,CALLED,2026-08-14T01:43:00,1619,0.918
P012,P036,CALLED,2026-08-15T08:44:00,1605,0.804
P029,P067,CALLED,2026-08-16T15:45:00,1635,0.819
P046,P018,CALLED,2026-08-17T22:46:00,695,0.836
P063,P049,CALLED,2026-08-18T05:47:00,962,0.834
P080,P002,CALLED,2026-08-19T12:48:00,2398,0.861
P017,P031,CALLED,2026-08-20T19:49:00,1292,0.765
P034,P062,CALLED,2026-08-21T02:50:00,1579,0.794
P051,P013,CALLED,2026-08-22T09:51:00,1003,0.864
P068,P044,CALLED,2026-08-23T16:52:00,718,0.905
P005,P075,CALLED,2026-08-24T23:53:00,616,0.982
P022,P026,CALLED,2026-08-25T06:54:00,1969,0.767
P039,P057,CALLED,2026-08-26T13:55:00,2143,0.804
P056,P008,CALLED,2026-08-27T20:56:00,1871,0.903
P073,P039,CALLED,2026-08-28T03:57:00,1287,0.934
P010,P070,CALLED,2026-08-29T10:58:00,2300,0.83
P027,P021,CALLED,2026-08-30T17:59:00,184,0.885
P044,P052,CALLED,2026-08-01T00:00:00,2185,0.99
P061,P003,CALLED,2026-08-02T07:01:00,1972,0.922
P078,P034,CALLED,2026-08-03T14:02:00,1621,0.84
P015,P065,CALLED,2026-08-04T21:03:00,427,0.89
P032,P016,CALLED,2026-08-05T04:04:00,759,0.947
P049,P047,CALLED,2026-08-06T11:05:00,668,0.97
P066,P078,CALLED,2026-08-07T18:06:00,1075,0.802
P003,P029,CALLED,2026-08-08T01:07:00,2305,0.827
P020,P060,CALLED,2026-08-09T08:08:00,66,0.969
P037,P011,CALLED,2026-08-10T15:09:00,776,0.823
P054,P042,CALLED,2026-08-11T22:10:00,162,0.765
P071,P073,CALLED,2026-08-12T05:11:00,54,0.798
P008,P024,CALLED,2026-08-13T12:12:00,1809,0.946
P025,P055,CALLED,2026-08-14T19:13:00,586,0.891
P042,P006,CALLED,2026-08-15T02:14:00,292,0.839
P059,P037,CALLED,2026-08-16T09:15:00,1765,0.831
P076,P068,CALLED,2026-08-17T16:16:00,299,0.981
P013,P019,CALLED,2026-08-18T23:17:00,72,0.835
P030,P050,CALLED,2026-08-19T06:18:00,1773,0.899
P047,P001,CALLED,2026-08-20T13:19:00,1571,0.814
P064,P032,CALLED,2026-08-21T20:20:00,1154,0.869
P001,P063,CALLED,2026-08-22T03:21:00,1823,0.846
P018,P014,CALLED,2026-08-23T10:22:00,316,0.982
P035,P045,CALLED,2026-08-24T17:23:00,739,0.781
P052,P076,CALLED,2026-08-25T00:24:00,855,0.825
P069,P027,CALLED,2026-08-26T07:25:00,536,0.909
P006,P058,CALLED,2026-08-27T14:26:00,1458,0.911
P023,P009,CALLED,2026-08-28T21:27:00,25,0.791
P040,P042,CALLED,2026-08-29T04:28:00,1512,0.892
P057,P071,CALLED,2026-08-30T11:29:00,1461,0.945
P074,P022,CALLED,2026-08-01T18:30:00,1762,0.799
P011,P053,CALLED,2026-08-02T01:31:00,1620,0.857
P028,P004,CALLED,2026-08-03T08:32:00,1846,0.774
P045,P035,CALLED,2026-08-04T15:33:00,750,0.889
P062,P066,CALLED,2026-08-05T22:34:00,1151,0.881
P079,P017,CALLED,2026-08-06T05:35:00,280,0.963
P016,P048,CALLED,2026-08-07T12:36:00,1713,0.785
P033,P079,CALLED,2026-08-08T19:37:00,721,0.774
P050,P030,CALLED,2026-08-09T02:38:00,535,0.924
P067,P061,CALLED,2026-08-10T09:39:00,924,0.772
P004,P012,CALLED,2026-08-11T16:40:00,1075,0.973
P021,P043,CALLED,2026-08-12T23:41:00,1700,0.85
P038,P074,CALLED,2026-08-13T06:42:00,1181,0.875
P055,P025,CALLED,2026-08-14T13:43:00,1442,0.895
P072,P056,CALLED,2026-08-15T20:44:00,334,0.877
P009,P007,CALLED,2026-08-16T03:45:00,859,0.922
P026,P038,CALLED,2026-08-17T10:46:00,320,0.834
P043,P069,CALLED,2026-08-18T17:47:00,702,0.798
P060,P020,CALLED,2026-08-19T00:48:00,504,0.853
P077,P051,CALLED,2026-08-20T07:49:00,676,0.909
P014,P002,CALLED,2026-08-21T14:50:00,1697,0.989
P031,P033,CALLED,2026-08-22T21:51:00,880,0.837
P048,P064,CALLED,2026-08-23T04:52:00,940,0.874
P065,P015,CALLED,2026-08-24T11:53:00,516,0.934
P002,P046,CALLED,2026-08-25T18:54:00,1146,0.947
P019,P077,CALLED,2026-08-26T01:55:00,686,0.975
P036,P028,CALLED,2026-08-27T08:56:00,2298,0.964
P053,P059,CALLED,2026-08-28T15:57:00,1445,0.962
P070,P010,CALLED,2026-08-29T22:58:00,1342,0.954
P007,P041,CALLED,2026-08-30T05:59:00,968,0.775
P024,P072,CALLED,2026-08-01T12:00:00,1049,0.976
P041,P023,CALLED,2026-08-02T19:01:00,1228,0.812
P058,P054,CALLED,2026-08-03T02:02:00,1942,0.954
P075,P005,CALLED,2026-08-04T09:03:00,1567,0.97
P012,P036,CALLED,2026-08-05T16:04:00,1668,0.935
P029,P067,CALLED,2026-08-06T23:05:00,2397,0.966
P046,P018,CALLED,2026-08-07T06:06:00,63,0.776
P063,P049,CALLED,2026-08-08T13:07:00,1626,0.824
P080,P002,CALLED,2026-08-09T20:08:00,1746,0.954
P017,P031,CALLED,2026-08-10T03:09:00,376,0.849
P034,P062,CALLED,2026-08-11T10:10:00,1539,0.857
P051,P013,CALLED,2026-08-12T17:11:00,1065,0.883
P068,P044,CALLED,2026-08-13T00:12:00,503,0.915
P005,P075,CALLED,2026-08-14T07:13:00,804,0.829
P022,P026,CALLED,2026-08-15T14:14:00,1312,0.815
P039,P057,CALLED,2026-08-16T21:15:00,437,0.821
P056,P008,CALLED,2026-08-17T04:16:00,1385,0.83
P073,P039,CALLED,2026-08-18T11:17:00,2037,0.826
P010,P070,CALLED,2026-08-19T18:18:00,1118,0.772
P027,P021,CALLED,2026-08-20T01:19:00,2051,0.798
P044,P052,CALLED,2026-08-21T08:20:00,1051,0.934
P061,P003,CALLED,2026-08-22T15:21:00,1511,0.833
P078,P034,CALLED,2026-08-23T22:22:00,1138,0.79
P015,P065,CALLED,2026-08-24T05:23:00,1933,0.775
P032,P016,CALLED,2026-08-25T12:24:00,2235,0.931
P049,P047,CALLED,2026-08-26T19:25:00,861,0.806
P066,P078,CALLED,2026-08-27T02:26:00,1481,0.893
P003,P029,CALLED,2026-08-28T09:27:00,1180,0.962
P020,P060,CALLED,2026-08-29T16:28:00,2249,0.923
P037,P011,CALLED,2026-08-30T23:29:00,1472,0.761
P054,P042,CALLED,2026-08-01T06:30:00,273,0.751
P071,P073,CALLED,2026-08-02T13:31:00,2075,0.94
P008,P024,CALLED,2026-08-03T20:32:00,936,0.808
P025,P055,CALLED,2026-08-04T03:33:00,71,0.759
P042,P006,CALLED,2026-08-05T10:34:00,184,0.774
P059,P037,CALLED,2026-08-06T17:35:00,1887,0.971
P076,P068,CALLED,2026-08-07T00:36:00,1641,0.789
P013,P019,CALLED,2026-08-08T07:37:00,1976,0.943
P030,P050,CALLED,2026-08-09T14:38:00,1001,0.907
P047,P001,CALLED,2026-08-10T21:39:00,946,0.89
P064,P032,CALLED,2026-08-11T04:40:00,1327,0.989
P001,P063,CALLED,2026-08-12T11:41:00,1528,0.956
P018,P014,CALLED,2026-08-13T18:42:00,1517,0.906
P035,P045,CALLED,2026-08-14T01:43:00,1529,0.968
P052,P076,CALLED,2026-08-15T08:44:00,2079,0.796
P069,P027,CALLED,2026-08-16T15:45:00,1939,0.963
P006,P058,CALLED,2026-08-17T22:46:00,1269,0.776
P023,P009,CALLED,2026-08-18T05:47:00,505,0.791
P040,P042,CALLED,2026-08-19T12:48:00,824,0.919
P057,P071,CALLED,2026-08-20T19:49:00,1381,0.873
P074,P022,CALLED,2026-08-21T02:50:00,2101,0.814
P011,P053,CALLED,2026-08-22T09:51:00,1247,0.898
P028,P004,CALLED,2026-08-23T16:52:00,1498,0.949
P045,P035,CALLED,2026-08-24T23:53:00,236,0.898
P062,P066,CALLED,2026-08-25T06:54:00,1960,0.77
P079,P017,CALLED,2026-08-26T13:55:00,593,0.779
P016,P048,CALLED,2026-08-27T20:56:00,1078,0.86
P033,P079,CALLED,2026-08-28T03:57:00,1680,0.758
P050,P030,CALLED,2026-08-29T10:58:00,1004,0.936
P067,P061,CALLED,2026-08-30T17:59:00,1058,0.889
P004,P012,CALLED,2026-08-01T00:00:00,195,0.904
P021,P043,CALLED,2026-08-02T07:01:00,2324,0.926
P038,P074,CALLED,2026-08-03T14:02:00,1638,0.852
P055,P025,CALLED,2026-08-04T21:03:00,955,0.854
P072,P056,CALLED,2026-08-05T04:04:00,653,0.768
P009,P007,CALLED,2026-08-06T11:05:00,376,0.772
P026,P038,CALLED,2026-08-07T18:06:00,1436,0.834
P043,P069,CALLED,2026-08-08T01:07:00,438,0.846
P060,P020,CALLED,2026-08-09T08:08:00,126,0.955
P077,P051,CALLED,2026-08-10T15:09:00,1483,0.86
P014,P002,CALLED,2026-08-11T22:10:00,1320,0.781
P031,P033,CALLED,2026-08-12T05:11:00,795,0.951
P048,P064,CALLED,2026-08-13T12:12:00,1554,0.983
P065,P015,CALLED,2026-08-14T19:13:00,1289,0.956
P002,P046,CALLED,2026-08-15T02:14:00,768,0.761
P019,P077,CALLED,2026-08-16T09:15:00,578,0.805
P036,P028,CALLED,2026-08-17T16:16:00,242,0.822
P053,P059,CALLED,2026-08-18T23:17:00,1152,0.886
P070,P010,CALLED,2026-08-19T06:18:00,1839,0.946
P007,P041,CALLED,2026-08-20T13:19:00,1447,0.937
P024,P072,CALLED,2026-08-21T20:20:00,395,0.851
P041,P023,CALLED,2026-08-22T03:21:00,78,0.978
P058,P054,CALLED,2026-08-23T10:22:00,102,0.839
P075,P005,CALLED,2026-08-24T17:23:00,760,0.839
P012,P036,CALLED,2026-08-25T00:24:00,613,0.785
P029,P067,CALLED,2026-08-26T07:25:00,2256,0.791
P046,P018,CALLED,2026-08-27T14:26:00,733,0.942
P063,P049,CALLED,2026-08-28T21:27:00,2177,0.863
P080,P002,CALLED,2026-08-29T04:28:00,1904,0.946
P017,P031,CALLED,2026-08-30T11:29:00,1495,0.871
P034,P062,CALLED,2026-08-01T18:30:00,508,0.907
P051,P013,CALLED,2026-08-02T01:31:00,1632,0.952
P068,P044,CALLED,2026-08-03T08:32:00,855,0.936
P005,P075,CALLED,2026-08-04T15:33:00,1962,0.831
P022,P026,CALLED,2026-08-05T22:34:00,1029,0.98
P039,P057,CALLED,2026-08-06T05:35:00,1118,0.908
P056,P008,CALLED,2026-08-07T12:36:00,650,0.754
P073,P039,CALLED,2026-08-08T19:37:00,655,0.929
P010,P070,CALLED,2026-08-09T02:38:00,903,0.812
P027,P021,CALLED,2026-08-10T09:39:00,490,0.962
P044,P052,CALLED,2026-08-11T16:40:00,1344,0.983
P061,P003,CALLED,2026-08-12T23:41:00,565,0.907
P078,P034,CALLED,2026-08-13T06:42:00,1524,0.85
P015,P065,CALLED,2026-08-14T13:43:00,1379,0.914
P032,P016,CALLED,2026-08-15T20:44:00,257,0.83
P049,P047,CALLED,2026-08-16T03:45:00,365,0.926
P066,P078,CALLED,2026-08-17T10:46:00,599,0.903
P003,P029,CALLED,2026-08-18T17:47:00,760,0.912
P020,P060,CALLED,2026-08-19T00:48:00,301,0.863
P037,P011,CALLED,2026-08-20T07:49:00,1095,0.835
P054,P042,CALLED,2026-08-21T14:50:00,923,0.812
P071,P073,CALLED,2026-08-22T21:51:00,609,0.984
P008,P024,CALLED,2026-08-23T04:52:00,21,0.909
P025,P055,CALLED,2026-08-24T11:53:00,486,0.925
P042,P006,CALLED,2026-08-25T18:54:00,123,0.871
P059,P037,CALLED,2026-08-26T01:55:00,1007,0.92
P076,P068,CALLED,2026-08-27T08:56:00,1833,0.91
P013,P019,CALLED,2026-08-28T15:57:00,1206,0.914
P030,P050,CALLED,2026-08-29T22:58:00,2185,0.787
P047,P001,CALLED,2026-08-30T05:59:00,554,0.821
P064,P032,CALLED,2026-08-01T12:00:00,460,0.847
P001,P063,CALLED,2026-08-02T19:01:00,286,0.909
P018,P014,CALLED,2026-08-03T02:02:00,2231,0.955
P035,P045,CALLED,2026-08-04T09:03:00,2396,0.962
P052,P076,CALLED,2026-08-05T16:04:00,587,0.76
P069,P027,CALLED,2026-08-06T23:05:00,1544,0.903
P006,P058,CALLED,2026-08-07T06:06:00,339,0.856
P023,P009,CALLED,2026-08-08T13:07:00,2289,0.916
P040,P042,CALLED,2026-08-09T20:08:00,1161,0.828
P057,P071,CALLED,2026-08-10T03:09:00,1402,0.769
P074,P022,CALLED,2026-08-11T10:10:00,2203,0.922
P011,P053,CALLED,2026-08-12T17:11:00,2115,0.876
P028,P004,CALLED,2026-08-13T00:12:00,1982,0.763
P045,P035,CALLED,2026-08-14T07:13:00,2086,0.966
P062,P066,CALLED,2026-08-15T14:14:00,2354,0.825
P079,P017,CALLED,2026-08-16T21:15:00,938,0.777
P016,P048,CALLED,2026-08-17T04:16:00,1429,0.844
P033,P079,CALLED,2026-08-18T11:17:00,2093,0.933
P050,P030,CALLED,2026-08-19T18:18:00,1342,0.948
P067,P061,CALLED,2026-08-20T01:19:00,2231,0.879
P004,P012,CALLED,2026-08-21T08:20:00,1178,0.798
P021,P043,CALLED,2026-08-22T15:21:00,622,0.988
P038,P074,CALLED,2026-08-23T22:22:00,2042,0.765
P055,P025,CALLED,2026-08-24T05:23:00,1337,0.885
P072,P056,CALLED,2026-08-25T12:24:00,1017,0.967
P009,P007,CALLED,2026-08-26T19:25:00,337,0.911
P026,P038,CALLED,2026-08-27T02:26:00,374,0.936
P043,P069,CALLED,2026-08-28T09:27:00,1595,0.79
P060,P020,CALLED,2026-08-29T16:28:00,303,0.8
P077,P051,CALLED,2026-08-30T23:29:00,2114,0.971
P014,P002,CALLED,2026-08-01T06:30:00,1136,0.868
P031,P033,CALLED,2026-08-02T13:31:00,2355,0.768
P048,P064,CALLED,2026-08-03T20:32:00,1916,0.871
P065,P015,CALLED,2026-08-04T03:33:00,1083,0.779
P002,P046,CALLED,2026-08-05T10:34:00,1681,0.989
P019,P077,CALLED,2026-08-06T17:35:00,2002,0.884
P036,P028,CALLED,2026-08-07T00:36:00,219,0.899
P053,P059,CALLED,2026-08-08T07:37:00,1210,0.813
P070,P010,CALLED,2026-08-09T14:38:00,819,0.822
P007,P041,CALLED,2026-08-10T21:39:00,384,0.924
P024,P072,CALLED,2026-08-11T04:40:00,1190,0.929
P041,P023,CALLED,2026-08-12T11:41:00,2098,0.766
P058,P054,CALLED,2026-08-13T18:42:00,285,0.885
P075,P005,CALLED,2026-08-14T01:43:00,1555,0.777
P012,P036,CALLED,2026-08-15T08:44:00,1717,0.761
P029,P067,CALLED,2026-08-16T15:45:00,422,0.797
P046,P018,CALLED,2026-08-17T22:46:00,820,0.763
P063,P049,CALLED,2026-08-18T05:47:00,1662,0.792
P080,P002,CALLED,2026-08-19T12:48:00,2307,0.882
P017,P031,CALLED,2026-08-20T19:49:00,1251,0.952
P034,P062,CALLED,2026-08-21T02:50:00,735,0.765
P051,P013,CALLED,2026-08-22T09:51:00,1033,0.884
P068,P044,CALLED,2026-08-23T16:52:00,1264,0.791
P005,P075,CALLED,2026-08-24T23:53:00,2135,0.906
P022,P026,CALLED,2026-08-25T06:54:00,2110,0.915
P039,P057,CALLED,2026-08-26T13:55:00,73,0.942
P056,P008,CALLED,2026-08-27T20:56:00,2303,0.845
P073,P039,CALLED,2026-08-28T03:57:00,2332,0.848
P010,P070,CALLED,2026-08-29T10:58:00,610,0.892
P027,P021,CALLED,2026-08-30T17:59:00,1831,0.79
P044,P052,CALLED,2026-08-01T00:00:00,60,0.971
P061,P003,CALLED,2026-08-02T07:01:00,134,0.804
P078,P034,CALLED,2026-08-03T14:02:00,1989,0.84
P015,P065,CALLED,2026-08-04T21:03:00,2234,0.981
P032,P016,CALLED,2026-08-05T04:04:00,2203,0.819
P049,P047,CALLED,2026-08-06T11:05:00,1238,0.786
P066,P078,CALLED,2026-08-07T18:06:00,1783,0.759
P003,P029,CALLED,2026-08-08T01:07:00,717,0.943
P020,P060,CALLED,2026-08-09T08:08:00,2142,0.814
P037,P011,CALLED,2026-08-10T15:09:00,1923,0.917
P054,P042,CALLED,2026-08-11T22:10:00,813,0.794
P071,P073,CALLED,2026-08-12T05:11:00,1587,0.895
P008,P024,CALLED,2026-08-13T12:12:00,1688,0.864
P025,P055,CALLED,2026-08-14T19:13:00,912,0.961
P042,P006,CALLED,2026-08-15T02:14:00,998,0.801
P059,P037,CALLED,2026-08-16T09:15:00,184,0.77
P076,P068,CALLED,2026-08-17T16:16:00,796,0.926
P013,P019,CALLED,2026-08-18T23:17:00,2168,0.957
P030,P050,CALLED,2026-08-19T06:18:00,1241,0.799
P047,P001,CALLED,2026-08-20T13:19:00,2386,0.9
P064,P032,CALLED,2026-08-21T20:20:00,2367,0.797
P001,P063,CALLED,2026-08-22T03:21:00,1383,0.966
P018,P014,CALLED,2026-08-23T10:22:00,1662,0.862
P035,P045,CALLED,2026-08-24T17:23:00,1863,0.941
P052,P076,CALLED,2026-08-25T00:24:00,1759,0.971
P069,P027,CALLED,2026-08-26T07:25:00,2181,0.808
P006,P058,CALLED,2026-08-27T14:26:00,1254,0.859
P023,P009,CALLED,2026-08-28T21:27:00,1797,0.917
P040,P042,CALLED,2026-08-29T04:28:00,65,0.958
P057,P071,CALLED,2026-08-30T11:29:00,1822,0.956
P074,P022,CALLED,2026-08-01T18:30:00,227,0.782
P011,P053,CALLED,2026-08-02T01:31:00,987,0.899
P028,P004,CALLED,2026-08-03T08:32:00,1698,0.976
P045,P035,CALLED,2026-08-04T15:33:00,2204,0.802
P062,P066,CALLED,2026-08-05T22:34:00,736,0.979
P079,P017,CALLED,2026-08-06T05:35:00,42,0.93
P016,P048,CALLED,2026-08-07T12:36:00,1637,0.827
P033,P079,CALLED,2026-08-08T19:37:00,397,0.806
P050,P030,CALLED,2026-08-09T02:38:00,158,0.871
P067,P061,CALLED,2026-08-10T09:39:00,1631,0.904
P004,P012,CALLED,2026-08-11T16:40:00,1482,0.978
P021,P043,CALLED,2026-08-12T23:41:00,93,0.88
P038,P074,CALLED,2026-08-13T06:42:00,478,0.94
P055,P025,CALLED,2026-08-14T13:43:00,1582,0.872
P072,P056,CALLED,2026-08-15T20:44:00,2203,0.825
P009,P007,CALLED,2026-08-16T03:45:00,2041,0.901
P026,P038,CALLED,2026-08-17T10:46:00,1703,0.977
P043,P069,CALLED,2026-08-18T17:47:00,1441,0.79
P060,P020,CALLED,2026-08-19T00:48:00,1651,0.949
P077,P051,CALLED,2026-08-20T07:49:00,327,0.823
P014,P002,CALLED,2026-08-21T14:50:00,1821,0.921
P031,P033,CALLED,2026-08-22T21:51:00,603,0.914
P048,P064,CALLED,2026-08-23T04:52:00,198,0.954
P065,P015,CALLED,2026-08-24T11:53:00,2309,0.796
P002,P046,CALLED,2026-08-25T18:54:00,1292,0.987
P019,P077,CALLED,2026-08-26T01:55:00,790,0.768
P036,P028,CALLED,2026-08-27T08:56:00,87,0.921
P053,P059,CALLED,2026-08-28T15:57:00,487,0.977
P070,P010,CALLED,2026-08-29T22:58:00,2061,0.95
P007,P041,CALLED,2026-08-30T05:59:00,1481,0.861
P024,P072,CALLED,2026-08-01T12:00:00,1735,0.961
P041,P023,CALLED,2026-08-02T19:01:00,1258,0.868
P058,P054,CALLED,2026-08-03T02:02:00,1340,0.8
P075,P005,CALLED,2026-08-04T09:03:00,2040,0.895
P012,P036,CALLED,2026-08-05T16:04:00,1744,0.802
P029,P067,CALLED,2026-08-06T23:05:00,101,0.849
P046,P018,CALLED,2026-08-07T06:06:00,680,0.855
P063,P049,CALLED,2026-08-08T13:07:00,2245,0.852
P080,P002,CALLED,2026-08-09T20:08:00,2247,0.804
P017,P031,CALLED,2026-08-10T03:09:00,871,0.809
P034,P062,CALLED,2026-08-11T10:10:00,378,0.91
P051,P013,CALLED,2026-08-12T17:11:00,875,0.836
P068,P044,CALLED,2026-08-13T00:12:00,901,0.768
P005,P075,CALLED,2026-08-14T07:13:00,1706,0.755
P022,P026,CALLED,2026-08-15T14:14:00,1281,0.866
P039,P057,CALLED,2026-08-16T21:15:00,2072,0.854
P056,P008,CALLED,2026-08-17T04:16:00,1297,0.808
P073,P039,CALLED,2026-08-18T11:17:00,2389,0.826
P010,P070,CALLED,2026-08-19T18:18:00,1336,0.94
P027,P021,CALLED,2026-08-20T01:19:00,1690,0.807
P044,P052,CALLED,2026-08-21T08:20:00,40,0.799
P061,P003,CALLED,2026-08-22T15:21:00,1381,0.772
P078,P034,CALLED,2026-08-23T22:22:00,895,0.798
P015,P065,CALLED,2026-08-24T05:23:00,230,0.816
P032,P016,CALLED,2026-08-25T12:24:00,1372,0.837
P049,P047,CALLED,2026-08-26T19:25:00,560,0.872
P066,P078,CALLED,2026-08-27T02:26:00,381,0.805
P003,P029,CALLED,2026-08-28T09:27:00,410,0.756
P020,P060,CALLED,2026-08-29T16:28:00,289,0.823
P037,P011,CALLED,2026-08-30T23:29:00,1206,0.97
P054,P042,CALLED,2026-08-01T06:30:00,697,0.871
P071,P073,CALLED,2026-08-02T13:31:00,959,0.948
P008,P024,CALLED,2026-08-03T20:32:00,206,0.753
P025,P055,CALLED,2026-08-04T03:33:00,280,0.937
P042,P006,CALLED,2026-08-05T10:34:00,2049,0.802
P059,P037,CALLED,2026-08-06T17:35:00,228,0.944
P076,P068,CALLED,2026-08-07T00:36:00,2115,0.973
P013,P019,CALLED,2026-08-08T07:37:00,1432,0.753
P030,P050,CALLED,2026-08-09T14:38:00,1945,0.945
P047,P001,CALLED,2026-08-10T21:39:00,1520,0.847
P064,P032,CALLED,2026-08-11T04:40:00,860,0.91
P001,P063,CALLED,2026-08-12T11:41:00,917,0.82
P018,P014,CALLED,2026-08-13T18:42:00,924,0.978
P035,P045,CALLED,2026-08-14T01:43:00,2024,0.826
P052,P076,CALLED,2026-08-15T08:44:00,1539,0.769
P069,P027,CALLED,2026-08-16T15:45:00,379,0.956
P006,P058,CALLED,2026-08-17T22:46:00,2369,0.801
P023,P009,CALLED,2026-08-18T05:47:00,2289,0.87
P040,P042,CALLED,2026-08-19T12:48:00,1568,0.916
P057,P071,CALLED,2026-08-20T19:49:00,2206,0.903
P074,P022,CALLED,2026-08-21T02:50:00,1028,0.938
P011,P053,CALLED,2026-08-22T09:51:00,1014,0.954
P028,P004,CALLED,2026-08-23T16:52:00,849,0.822
P045,P035,CALLED,2026-08-24T23:53:00,356,0.927
P062,P066,CALLED,2026-08-25T06:54:00,303,0.798
P079,P017,CALLED,2026-08-26T13:55:00,555,0.97
P016,P048,CALLED,2026-08-27T20:56:00,133,0.984
P033,P079,CALLED,2026-08-28T03:57:00,720,0.957
P050,P030,CALLED,2026-08-29T10:58:00,2287,0.888
P067,P061,CALLED,2026-08-30T17:59:00,1067,0.91
P004,P012,CALLED,2026-08-01T00:00:00,948,0.99
P021,P043,CALLED,2026-08-02T07:01:00,1665,0.82
P038,P074,CALLED,2026-08-03T14:02:00,577,0.808
P055,P025,CALLED,2026-08-04T21:03:00,1892,0.979
P072,P056,CALLED,2026-08-05T04:04:00,1326,0.892
P009,P007,CALLED,2026-08-06T11:05:00,1562,0.902
P026,P038,CALLED,2026-08-07T18:06:00,1301,0.806
P043,P069,CALLED,2026-08-08T01:07:00,1893,0.892
P060,P020,CALLED,2026-08-09T08:08:00,1895,0.889
P077,P051,CALLED,2026-08-10T15:09:00,2122,0.856
P014,P002,CALLED,2026-08-11T22:10:00,1542,0.864
P031,P033,CALLED,2026-08-12T05:11:00,1100,0.763
P048,P064,CALLED,2026-08-13T12:12:00,435,0.882
P065,P015,CALLED,2026-08-14T19:13:00,384,0.871
P002,P046,CALLED,2026-08-15T02:14:00,904,0.939
P019,P077,CALLED,2026-08-16T09:15:00,620,0.829
P036,P028,CALLED,2026-08-17T16:16:00,467,0.973
P053,P059,CALLED,2026-08-18T23:17:00,1586,0.9
P070,P010,CALLED,2026-08-19T06:18:00,231,0.933
P007,P041,CALLED,2026-08-20T13:19:00,672,0.899
P024,P072,CALLED,2026-08-21T20:20:00,449,0.798
P041,P023,CALLED,2026-08-22T03:21:00,1173,0.859
P058,P054,CALLED,2026-08-23T10:22:00,2330,0.978
P075,P005,CALLED,2026-08-24T17:23:00,1056,0.941
P012,P036,CALLED,2026-08-25T00:24:00,672,0.861
P029,P067,CALLED,2026-08-26T07:25:00,773,0.835
P046,P018,CALLED,2026-08-27T14:26:00,710,0.921
P063,P049,CALLED,2026-08-28T21:27:00,1388,0.876
P080,P002,CALLED,2026-08-29T04:28:00,1089,0.876
P017,P031,CALLED,2026-08-30T11:29:00,289,0.865
P034,P062,CALLED,2026-08-01T18:30:00,2388,0.87
P051,P013,CALLED,2026-08-02T01:31:00,148,0.848
P068,P044,CALLED,2026-08-03T08:32:00,501,0.948
P005,P075,CALLED,2026-08-04T15:33:00,576,0.943
P022,P026,CALLED,2026-08-05T22:34:00,564,0.783
P039,P057,CALLED,2026-08-06T05:35:00,1023,0.892
P056,P008,CALLED,2026-08-07T12:36:00,2286,0.774
P073,P039,CALLED,2026-08-08T19:37:00,212,0.784
P010,P070,CALLED,2026-08-09T02:38:00,973,0.914
P027,P021,CALLED,2026-08-10T09:39:00,905,0.968
P044,P052,CALLED,2026-08-11T16:40:00,367,0.97
P061,P003,CALLED,2026-08-12T23:41:00,1574,0.989
P078,P034,CALLED,2026-08-13T06:42:00,1938,0.829
P015,P065,CALLED,2026-08-14T13:43:00,737,0.847
P032,P016,CALLED,2026-08-15T20:44:00,232,0.809
P049,P047,CALLED,2026-08-16T03:45:00,1884,0.879
P066,P078,CALLED,2026-08-17T10:46:00,1803,0.939
P003,P029,CALLED,2026-08-18T17:47:00,1807,0.96
P020,P060,CALLED,2026-08-19T00:48:00,1836,0.773
P037,P011,CALLED,2026-08-20T07:49:00,1503,0.857
P054,P042,CALLED,2026-08-21T14:50:00,292,0.94
P071,P073,CALLED,2026-08-22T21:51:00,1623,0.895
P008,P024,CALLED,2026-08-23T04:52:00,2162,0.804
P025,P055,CALLED,2026-08-24T11:53:00,354,0.985
P042,P006,CALLED,2026-08-25T18:54:00,2243,0.77
P059,P037,CALLED,2026-08-26T01:55:00,904,0.87
P076,P068,CALLED,2026-08-27T08:56:00,2210,0.796
P013,P019,CALLED,2026-08-28T15:57:00,319,0.843
P030,P050,CALLED,2026-08-29T22:58:00,1587,0.967
P047,P001,CALLED,2026-08-30T05:59:00,2197,0.752
P064,P032,CALLED,2026-08-01T12:00:00,2184,0.898
P001,P063,CALLED,2026-08-02T19:01:00,1056,0.833
P018,P014,CALLED,2026-08-03T02:02:00,934,0.763
P035,P045,CALLED,2026-08-04T09:03:00,1192,0.886
P052,P076,CALLED,2026-08-05T16:04:00,2009,0.826
P069,P027,CALLED,2026-08-06T23:05:00,1357,0.86
P006,P058,CALLED,2026-08-07T06:06:00,2052,0.817
P023,P009,CALLED,2026-08-08T13:07:00,1249,0.837
P040,P042,CALLED,2026-08-09T20:08:00,40,0.863
P057,P071,CALLED,2026-08-10T03:09:00,1181,0.784
P074,P022,CALLED,2026-08-11T10:10:00,216,0.786
P011,P053,CALLED,2026-08-12T17:11:00,1100,0.772
P028,P004,CALLED,2026-08-13T00:12:00,2339,0.89
P045,P035,CALLED,2026-08-14T07:13:00,270,0.943
P062,P066,CALLED,2026-08-15T14:14:00,1644,0.917
P079,P017,CALLED,2026-08-16T21:15:00,751,0.884
P016,P048,CALLED,2026-08-17T04:16:00,1698,0.861
P033,P079,CALLED,2026-08-18T11:17:00,340,0.925
P050,P030,CALLED,2026-08-19T18:18:00,1832,0.91
P067,P061,CALLED,2026-08-20T01:19:00,698,0.878
P004,P012,CALLED,2026-08-21T08:20:00,700,0.788
P021,P043,CALLED,2026-08-22T15:21:00,86,0.777
P038,P074,CALLED,2026-08-23T22:22:00,1451,0.96
P055,P025,CALLED,2026-08-24T05:23:00,2030,0.765
P072,P056,CALLED,2026-08-25T12:24:00,171,0.917
P009,P007,CALLED,2026-08-26T19:25:00,252,0.978
P026,P038,CALLED,2026-08-27T02:26:00,1177,0.814
P043,P069,CALLED,2026-08-28T09:27:00,1500,0.926
P060,P020,CALLED,2026-08-29T16:28:00,743,0.77
P077,P051,CALLED,2026-08-30T23:29:00,631,0.847
P014,P002,CALLED,2026-08-01T06:30:00,2367,0.798
P031,P033,CALLED,2026-08-02T13:31:00,202,0.814
P048,P064,CALLED,2026-08-03T20:32:00,726,0.936
P065,P015,CALLED,2026-08-04T03:33:00,282,0.943
P002,P046,CALLED,2026-08-05T10:34:00,1772,0.808
P019,P077,CALLED,2026-08-06T17:35:00,1476,0.892
P036,P028,CALLED,2026-08-07T00:36:00,1879,0.758
P053,P059,CALLED,2026-08-08T07:37:00,1532,0.751
P070,P010,CALLED,2026-08-09T14:38:00,1811,0.883
P007,P041,CALLED,2026-08-10T21:39:00,825,0.795
P024,P072,CALLED,2026-08-11T04:40:00,923,0.984
P041,P023,CALLED,2026-08-12T11:41:00,2314,0.949
P058,P054,CALLED,2026-08-13T18:42:00,329,0.854
P075,P005,CALLED,2026-08-14T01:43:00,2318,0.969
P012,P036,CALLED,2026-08-15T08:44:00,759,0.883
P029,P067,CALLED,2026-08-16T15:45:00,1664,0.816
P046,P018,CALLED,2026-08-17T22:46:00,448,0.771
P063,P049,CALLED,2026-08-18T05:47:00,1172,0.785
P080,P002,CALLED,2026-08-19T12:48:00,165,0.779
P017,P031,CALLED,2026-08-20T19:49:00,357,0.77
P034,P062,CALLED,2026-08-21T02:50:00,1095,0.946
P051,P013,CALLED,2026-08-22T09:51:00,675,0.787
P068,P044,CALLED,2026-08-23T16:52:00,579,0.776
P005,P075,CALLED,2026-08-24T23:53:00,1922,0.871
P022,P026,CALLED,2026-08-25T06:54:00,1026,0.934
P039,P057,CALLED,2026-08-26T13:55:00,904,0.831
P056,P008,CALLED,2026-08-27T20:56:00,2369,0.937
P073,P039,CALLED,2026-08-28T03:57:00,1072,0.962
P010,P070,CALLED,2026-08-29T10:58:00,1174,0.918
P027,P021,CALLED,2026-08-30T17:59:00,250,0.96
P044,P052,CALLED,2026-08-01T00:00:00,204,0.855
P061,P003,CALLED,2026-08-02T07:01:00,2039,0.953
P078,P034,CALLED,2026-08-03T14:02:00,2361,0.878
P015,P065,CALLED,2026-08-04T21:03:00,939,0.783
P032,P016,CALLED,2026-08-05T04:04:00,1946,0.849
P049,P047,CALLED,2026-08-06T11:05:00,2111,0.89
P066,P078,CALLED,2026-08-07T18:06:00,728,0.906
P003,P029,CALLED,2026-08-08T01:07:00,592,0.962
P020,P060,CALLED,2026-08-09T08:08:00,1155,0.972
P037,P011,CALLED,2026-08-10T15:09:00,1216,0.76
P054,P042,CALLED,2026-08-11T22:10:00,1516,0.778
P071,P073,CALLED,2026-08-12T05:11:00,1042,0.782
P008,P024,CALLED,2026-08-13T12:12:00,1182,0.922
P025,P055,CALLED,2026-08-14T19:13:00,643,0.913
P042,P006,CALLED,2026-08-15T02:14:00,183,0.788
P059,P037,CALLED,2026-08-16T09:15:00,1086,0.751
P076,P068,CALLED,2026-08-17T16:16:00,1906,0.918
P013,P019,CALLED,2026-08-18T23:17:00,1731,0.989
P030,P050,CALLED,2026-08-19T06:18:00,1308,0.904
P047,P001,CALLED,2026-08-20T13:19:00,458,0.836
P064,P032,CALLED,2026-08-21T20:20:00,438,0.822
P001,P063,CALLED,2026-08-22T03:21:00,106,0.928
P018,P014,CALLED,2026-08-23T10:22:00,2317,0.97
P035,P045,CALLED,2026-08-24T17:23:00,783,0.972
P052,P076,CALLED,2026-08-25T00:24:00,1561,0.76
P069,P027,CALLED,2026-08-26T07:25:00,1210,0.796
P006,P058,CALLED,2026-08-27T14:26:00,1824,0.952
P023,P009,CALLED,2026-08-28T21:27:00,1919,0.841
P040,P042,CALLED,2026-08-29T04:28:00,87,0.871
P057,P071,CALLED,2026-08-30T11:29:00,2128,0.835
P074,P022,CALLED,2026-08-01T18:30:00,1215,0.858
P011,P053,CALLED,2026-08-02T01:31:00,681,0.807
P028,P004,CALLED,2026-08-03T08:32:00,180,0.989
P045,P035,CALLED,2026-08-04T15:33:00,148,0.823
P062,P066,CALLED,2026-08-05T22:34:00,1175,0.783
P079,P017,CALLED,2026-08-06T05:35:00,1474,0.912
P016,P048,CALLED,2026-08-07T12:36:00,1644,0.847
P033,P079,CALLED,2026-08-08T19:37:00,2215,0.936
P050,P030,CALLED,2026-08-09T02:38:00,1235,0.768
P067,P061,CALLED,2026-08-10T09:39:00,1106,0.796
P004,P012,CALLED,2026-08-11T16:40:00,889,0.866
P021,P043,CALLED,2026-08-12T23:41:00,1108,0.836
P038,P074,CALLED,2026-08-13T06:42:00,1953,0.82
P055,P025,CALLED,2026-08-14T13:43:00,784,0.892
P072,P056,CALLED,2026-08-15T20:44:00,1478,0.79
P009,P007,CALLED,2026-08-16T03:45:00,1442,0.921
P026,P038,CALLED,2026-08-17T10:46:00,320,0.856
P043,P069,CALLED,2026-08-18T17:47:00,562,0.882
P060,P020,CALLED,2026-08-19T00:48:00,1341,0.988
P077,P051,CALLED,2026-08-20T07:49:00,1066,0.924
P014,P002,CALLED,2026-08-21T14:50:00,1515,0.834
P031,P033,CALLED,2026-08-22T21:51:00,2074,0.765
P048,P064,CALLED,2026-08-23T04:52:00,1561,0.779
P065,P015,CALLED,2026-08-24T11:53:00,1707,0.978
P002,P046,CALLED,2026-08-25T18:54:00,2219,0.842
P019,P077,CALLED,2026-08-26T01:55:00,1701,0.875
P036,P028,CALLED,2026-08-27T08:56:00,381,0.789
P053,P059,CALLED,2026-08-28T15:57:00,652,0.87
P070,P010,CALLED,2026-08-29T22:58:00,975,0.897
P007,P041,CALLED,2026-08-30T05:59:00,2013,0.826
P024,P072,CALLED,2026-08-01T12:00:00,1336,0.896
P041,P023,CALLED,2026-08-02T19:01:00,1963,0.889
P058,P054,CALLED,2026-08-03T02:02:00,2087,0.966
P075,P005,CALLED,2026-08-04T09:03:00,1226,0.882
P012,P036,CALLED,2026-08-05T16:04:00,164,0.779
P029,P067,CALLED,2026-08-06T23:05:00,988,0.899
P046,P018,CALLED,2026-08-07T06:06:00,2364,0.969
P063,P049,CALLED,2026-08-08T13:07:00,512,0.782
P080,P002,CALLED,2026-08-09T20:08:00,1852,0.846
P017,P031,CALLED,2026-08-10T03:09:00,2124,0.862
P034,P062,CALLED,2026-08-11T10:10:00,1756,0.949
P051,P013,CALLED,2026-08-12T17:11:00,2366,0.758
P068,P044,CALLED,2026-08-13T00:12:00,353,0.949
P005,P075,CALLED,2026-08-14T07:13:00,257,0.84
P022,P026,CALLED,2026-08-15T14:14:00,1491,0.816
P039,P057,CALLED,2026-08-16T21:15:00,461,0.916
P056,P008,CALLED,2026-08-17T04:16:00,497,0.864
P073,P039,CALLED,2026-08-18T11:17:00,2176,0.805
P010,P070,CALLED,2026-08-19T18:18:00,1918,0.815
P027,P021,CALLED,2026-08-20T01:19:00,965,0.822
P044,P052,CALLED,2026-08-21T08:20:00,1060,0.819
P061,P003,CALLED,2026-08-22T15:21:00,1812,0.801
P078,P034,CALLED,2026-08-23T22:22:00,45,0.775
P015,P065,CALLED,2026-08-24T05:23:00,1649,0.769
P032,P016,CALLED,2026-08-25T12:24:00,774,0.942
P049,P047,CALLED,2026-08-26T19:25:00,1479,0.867
P066,P078,CALLED,2026-08-27T02:26:00,1305,0.835
P003,P029,CALLED,2026-08-28T09:27:00,19,0.783
P020,P060,CALLED,2026-08-29T16:28:00,1203,0.816
P037,P011,CALLED,2026-08-30T23:29:00,366,0.946
P054,P042,CALLED,2026-08-01T06:30:00,1460,0.88
P071,P073,CALLED,2026-08-02T13:31:00,777,0.897
P008,P024,CALLED,2026-08-03T20:32:00,1959,0.918
P025,P055,CALLED,2026-08-04T03:33:00,403,0.986
P042,P006,CALLED,2026-08-05T10:34:00,1544,0.946
P059,P037,CALLED,2026-08-06T17:35:00,849,0.887
P076,P068,CALLED,2026-08-07T00:36:00,2289,0.857
P013,P019,CALLED,2026-08-08T07:37:00,536,0.906
P030,P050,CALLED,2026-08-09T14:38:00,1531,0.98
P047,P001,CALLED,2026-08-10T21:39:00,455,0.783
P064,P032,CALLED,2026-08-11T04:40:00,1331,0.965
P001,P063,CALLED,2026-08-12T11:41:00,1985,0.918
P018,P014,CALLED,2026-08-13T18:42:00,1862,0.872
P035,P045,CALLED,2026-08-14T01:43:00,1059,0.933
P052,P076,CALLED,2026-08-15T08:44:00,902,0.826
P069,P027,CALLED,2026-08-16T15:45:00,610,0.928
P006,P058,CALLED,2026-08-17T22:46:00,800,0.931
P023,P009,CALLED,2026-08-18T05:47:00,819,0.842
P040,P042,CALLED,2026-08-19T12:48:00,1419,0.75
P057,P071,CALLED,2026-08-20T19:49:00,1043,0.77
P074,P022,CALLED,2026-08-21T02:50:00,677,0.955
P011,P053,CALLED,2026-08-22T09:51:00,2179,0.964
P028,P004,CALLED,2026-08-23T16:52:00,1731,0.878
P045,P035,CALLED,2026-08-24T23:53:00,1511,0.892
P062,P066,CALLED,2026-08-25T06:54:00,1786,0.932
P079,P017,CALLED,2026-08-26T13:55:00,1267,0.979
P016,P048,CALLED,2026-08-27T20:56:00,1502,0.828
P033,P079,CALLED,2026-08-28T03:57:00,1892,0.791
P050,P030,CALLED,2026-08-29T10:58:00,829,0.961
P067,P061,CALLED,2026-08-30T17:59:00,217,0.914
P004,P012,CALLED,2026-08-01T00:00:00,2285,0.963
P021,P043,CALLED,2026-08-02T07:01:00,1565,0.927
P038,P074,CALLED,2026-08-03T14:02:00,813,0.942
P055,P025,CALLED,2026-08-04T21:03:00,874,0.818
P072,P056,CALLED,2026-08-05T04:04:00,2097,0.973
P009,P007,CALLED,2026-08-06T11:05:00,409,0.837
P026,P038,CALLED,2026-08-07T18:06:00,1883,0.943
P043,P069,CALLED,2026-08-08T01:07:00,956,0.94
P060,P020,CALLED,2026-08-09T08:08:00,611,0.752
P077,P051,CALLED,2026-08-10T15:09:00,83,0.987
P014,P002,CALLED,2026-08-11T22:10:00,1308,0.846
P031,P033,CALLED,2026-08-12T05:11:00,1579,0.801
P048,P064,CALLED,2026-08-13T12:12:00,1132,0.956
P065,P015,CALLED,2026-08-14T19:13:00,2142,0.97
P002,P046,CALLED,2026-08-15T02:14:00,2274,0.833
P019,P077,CALLED,2026-08-16T09:15:00,742,0.861
P036,P028,CALLED,2026-08-17T16:16:00,791,0.862
P053,P059,CALLED,2026-08-18T23:17:00,85,0.927
P070,P010,CALLED,2026-08-19T06:18:00,448,0.982
P007,P041,CALLED,2026-08-20T13:19:00,429,0.963
P024,P072,CALLED,2026-08-21T20:20:00,360,0.903
P041,P023,CALLED,2026-08-22T03:21:00,1399,0.854
P058,P054,CALLED,2026-08-23T10:22:00,2010,0.9
P075,P005,CALLED,2026-08-24T17:23:00,721,0.778
P012,P036,CALLED,2026-08-25T00:24:00,1758,0.828
P029,P067,CALLED,2026-08-26T07:25:00,1321,0.926
P046,P018,CALLED,2026-08-27T14:26:00,43,0.989
P063,P049,CALLED,2026-08-28T21:27:00,1051,0.856
P080,P002,CALLED,2026-08-29T04:28:00,2208,0.752
P017,P031,CALLED,2026-08-30T11:29:00,1253,0.814
P034,P062,CALLED,2026-08-01T18:30:00,1688,0.962
P051,P013,CALLED,2026-08-02T01:31:00,1874,0.981
P068,P044,CALLED,2026-08-03T08:32:00,14,0.967
P005,P075,CALLED,2026-08-04T15:33:00,26,0.93
P022,P026,CALLED,2026-08-05T22:34:00,527,0.91
P039,P057,CALLED,2026-08-06T05:35:00,1280,0.956
P056,P008,CALLED,2026-08-07T12:36:00,411,0.95
P073,P039,CALLED,2026-08-08T19:37:00,472,0.982
P010,P070,CALLED,2026-08-09T02:38:00,36,0.902
P027,P021,CALLED,2026-08-10T09:39:00,73,0.983
P044,P052,CALLED,2026-08-11T16:40:00,438,0.969
P061,P003,CALLED,2026-08-12T23:41:00,1388,0.907
P078,P034,CALLED,2026-08-13T06:42:00,1245,0.976
P015,P065,CALLED,2026-08-14T13:43:00,1868,0.941
P032,P016,CALLED,2026-08-15T20:44:00,1720,0.981
P049,P047,CALLED,2026-08-16T03:45:00,1624,0.856
P066,P078,CALLED,2026-08-17T10:46:00,1911,0.983
P003,P029,CALLED,2026-08-18T17:47:00,1566,0.801
P020,P060,CALLED,2026-08-19T00:48:00,830,0.93
P037,P011,CALLED,2026-08-20T07:49:00,1005,0.828
P054,P042,CALLED,2026-08-21T14:50:00,51,0.901
P071,P073,CALLED,2026-08-22T21:51:00,380,0.77
P008,P024,CALLED,2026-08-23T04:52:00,1974,0.792
P025,P055,CALLED,2026-08-24T11:53:00,2268,0.755
P042,P006,CALLED,2026-08-25T18:54:00,1708,0.98
P059,P037,CALLED,2026-08-26T01:55:00,960,0.923
P076,P068,CALLED,2026-08-27T08:56:00,394,0.945
P013,P019,CALLED,2026-08-28T15:57:00,478,0.933
P030,P050,CALLED,2026-08-29T22:58:00,1201,0.81
P047,P001,CALLED,2026-08-30T05:59:00,1952,0.814
P064,P032,CALLED,2026-08-01T12:00:00,2335,0.903
P001,P063,CALLED,2026-08-02T19:01:00,1934,0.862
P018,P014,CALLED,2026-08-03T02:02:00,1071,0.944
P035,P045,CALLED,2026-08-04T09:03:00,1957,0.942
P052,P076,CALLED,2026-08-05T16:04:00,1359,0.797
P069,P027,CALLED,2026-08-06T23:05:00,38,0.833
P006,P058,CALLED,2026-08-07T06:06:00,2037,0.838
P023,P009,CALLED,2026-08-08T13:07:00,2184,0.875
P040,P042,CALLED,2026-08-09T20:08:00,414,0.801
P057,P071,CALLED,2026-08-10T03:09:00,1056,0.78
P074,P022,CALLED,2026-08-11T10:10:00,2150,0.932
P011,P053,CALLED,2026-08-12T17:11:00,1823,0.986
P028,P004,CALLED,2026-08-13T00:12:00,1745,0.902
P045,P035,CALLED,2026-08-14T07:13:00,1088,0.78
P062,P066,CALLED,2026-08-15T14:14:00,759,0.844
P079,P017,CALLED,2026-08-16T21:15:00,1834,0.912
P016,P048,CALLED,2026-08-17T04:16:00,215,0.78
P033,P079,CALLED,2026-08-18T11:17:00,1918,0.902
P050,P030,CALLED,2026-08-19T18:18:00,2056,0.793
P067,P061,CALLED,2026-08-20T01:19:00,467,0.802
P004,P012,CALLED,2026-08-21T08:20:00,1303,0.857
P021,P043,CALLED,2026-08-22T15:21:00,246,0.82
P038,P074,CALLED,2026-08-23T22:22:00,1275,0.754
P055,P025,CALLED,2026-08-24T05:23:00,2193,0.799
P072,P056,CALLED,2026-08-25T12:24:00,1175,0.78
P009,P007,CALLED,2026-08-26T19:25:00,297,0.769
P026,P038,CALLED,2026-08-27T02:26:00,2217,0.895
P043,P069,CALLED,2026-08-28T09:27:00,1774,0.83
P060,P020,CALLED,2026-08-29T16:28:00,1172,0.811
P077,P051,CALLED,2026-08-30T23:29:00,1081,0.823
P014,P002,CALLED,2026-08-01T06:30:00,1251,0.789
P031,P033,CALLED,2026-08-02T13:31:00,872,0.93
P048,P064,CALLED,2026-08-03T20:32:00,1262,0.976
P065,P015,CALLED,2026-08-04T03:33:00,453,0.84
P002,P046,CALLED,2026-08-05T10:34:00,1550,0.955
P019,P077,CALLED,2026-08-06T17:35:00,2275,0.774
P036,P028,CALLED,2026-08-07T00:36:00,240,0.892
P053,P059,CALLED,2026-08-08T07:37:00,1706,0.925
P070,P010,CALLED,2026-08-09T14:38:00,605,0.964
P007,P041,CALLED,2026-08-10T21:39:00,833,0.953
P024,P072,CALLED,2026-08-11T04:40:00,977,0.769
P041,P023,CALLED,2026-08-12T11:41:00,1318,0.826
P058,P054,CALLED,2026-08-13T18:42:00,706,0.885
P075,P005,CALLED,2026-08-14T01:43:00,43,0.961
P012,P036,CALLED,2026-08-15T08:44:00,1286,0.828
P029,P067,CALLED,2026-08-16T15:45:00,1702,0.985
P046,P018,CALLED,2026-08-17T22:46:00,2277,0.786
P063,P049,CALLED,2026-08-18T05:47:00,531,0.855
P080,P002,CALLED,2026-08-19T12:48:00,1539,0.912
P017,P031,CALLED,2026-08-20T19:49:00,1848,0.952
P034,P062,CALLED,2026-08-21T02:50:00,1820,0.795
P051,P013,CALLED,2026-08-22T09:51:00,2291,0.759
P068,P044,CALLED,2026-08-23T16:52:00,673,0.925
P005,P075,CALLED,2026-08-24T23:53:00,1697,0.901
P022,P026,CALLED,2026-08-25T06:54:00,2334,0.872
P039,P057,CALLED,2026-08-26T13:55:00,2363,0.893
P056,P008,CALLED,2026-08-27T20:56:00,1577,0.923
P073,P039,CALLED,2026-08-28T03:57:00,2362,0.836
P010,P070,CALLED,2026-08-29T10:58:00,231,0.822
P027,P021,CALLED,2026-08-30T17:59:00,365,0.911
P044,P052,CALLED,2026-08-01T00:00:00,337,0.776
P061,P003,CALLED,2026-08-02T07:01:00,1567,0.857
P078,P034,CALLED,2026-08-03T14:02:00,1696,0.937
P015,P065,CALLED,2026-08-04T21:03:00,1401,0.876
P032,P016,CALLED,2026-08-05T04:04:00,1364,0.885
P049,P047,CALLED,2026-08-06T11:05:00,2189,0.817
P066,P078,CALLED,2026-08-07T18:06:00,2272,0.769
P003,P029,CALLED,2026-08-08T01:07:00,571,0.943
P020,P060,CALLED,2026-08-09T08:08:00,504,0.751
P037,P011,CALLED,2026-08-10T15:09:00,1592,0.803
P054,P042,CALLED,2026-08-11T22:10:00,1000,0.83
P071,P073,CALLED,2026-08-12T05:11:00,1814,0.983
P008,P024,CALLED,2026-08-13T12:12:00,1257,0.835
P025,P055,CALLED,2026-08-14T19:13:00,1120,0.775
P042,P006,CALLED,2026-08-15T02:14:00,1599,0.854
P059,P037,CALLED,2026-08-16T09:15:00,939,0.933
P076,P068,CALLED,2026-08-17T16:16:00,917,0.909
P013,P019,CALLED,2026-08-18T23:17:00,201,0.857
P030,P050,CALLED,2026-08-19T06:18:00,169,0.926
P047,P001,CALLED,2026-08-20T13:19:00,534,0.758
P064,P032,CALLED,2026-08-21T20:20:00,843,0.857
P001,P063,CALLED,2026-08-22T03:21:00,2128,0.869
P018,P014,CALLED,2026-08-23T10:22:00,235,0.887
P035,P045,CALLED,2026-08-24T17:23:00,486,0.895
P052,P076,CALLED,2026-08-25T00:24:00,72,0.798
P069,P027,CALLED,2026-08-26T07:25:00,986,0.838
P006,P058,CALLED,2026-08-27T14:26:00,861,0.932
P023,P009,CALLED,2026-08-28T21:27:00,756,0.825
P040,P042,CALLED,2026-08-29T04:28:00,1043,0.827
P057,P071,CALLED,2026-08-30T11:29:00,79,0.866
P074,P022,CALLED,2026-08-01T18:30:00,183,0.956
P011,P053,CALLED,2026-08-02T01:31:00,707,0.911
P028,P004,CALLED,2026-08-03T08:32:00,362,0.989
P045,P035,CALLED,2026-08-04T15:33:00,2237,0.977
P062,P066,CALLED,2026-08-05T22:34:00,1249,0.793
P079,P017,CALLED,2026-08-06T05:35:00,196,0.759
P016,P048,CALLED,2026-08-07T12:36:00,1795,0.855
P033,P079,CALLED,2026-08-08T19:37:00,883,0.924
P050,P030,CALLED,2026-08-09T02:38:00,1764,0.841
P067,P061,CALLED,2026-08-10T09:39:00,864,0.966
P004,P012,CALLED,2026-08-11T16:40:00,1410,0.98
P021,P043,CALLED,2026-08-12T23:41:00,2138,0.844
P038,P074,CALLED,2026-08-13T06:42:00,1931,0.801
P055,P025,CALLED,2026-08-14T13:43:00,1437,0.783
P072,P056,CALLED,2026-08-15T20:44:00,197,0.836
P009,P007,CALLED,2026-08-16T03:45:00,579,0.805
P026,P038,CALLED,2026-08-17T10:46:00,2023,0.849
P043,P069,CALLED,2026-08-18T17:47:00,1252,0.99
P060,P020,CALLED,2026-08-19T00:48:00,2006,0.916
P077,P051,CALLED,2026-08-20T07:49:00,529,0.775
P014,P002,CALLED,2026-08-21T14:50:00,1952,0.762
P031,P033,CALLED,2026-08-22T21:51:00,2259,0.981
P048,P064,CALLED,2026-08-23T04:52:00,1170,0.977
P065,P015,CALLED,2026-08-24T11:53:00,2336,0.934
P002,P046,CALLED,2026-08-25T18:54:00,705,0.926
P019,P077,CALLED,2026-08-26T01:55:00,783,0.982
P036,P028,CALLED,2026-08-27T08:56:00,1539,0.964
P053,P059,CALLED,2026-08-28T15:57:00,2338,0.912
P070,P010,CALLED,2026-08-29T22:58:00,1524,0.83
P007,P041,CALLED,2026-08-30T05:59:00,1497,0.804
P024,P072,CALLED,2026-08-01T12:00:00,1768,0.865
P041,P023,CALLED,2026-08-02T19:01:00,1838,0.986
P058,P054,CALLED,2026-08-03T02:02:00,1477,0.961
P075,P005,CALLED,2026-08-04T09:03:00,1099,0.866
P012,P036,CALLED,2026-08-05T16:04:00,1283,0.878
P029,P067,CALLED,2026-08-06T23:05:00,1355,0.947
P046,P018,CALLED,2026-08-07T06:06:00,1744,0.891
P063,P049,CALLED,2026-08-08T13:07:00,1830,0.813
P080,P002,CALLED,2026-08-09T20:08:00,1050,0.976
P017,P031,CALLED,2026-08-10T03:09:00,1130,0.862
P034,P062,CALLED,2026-08-11T10:10:00,209,0.949
P051,P013,CALLED,2026-08-12T17:11:00,1823,0.849
P068,P044,CALLED,2026-08-13T00:12:00,1942,0.759
P005,P075,CALLED,2026-08-14T07:13:00,1605,0.872
P022,P026,CALLED,2026-08-15T14:14:00,1689,0.832
P039,P057,CALLED,2026-08-16T21:15:00,1020,0.988
P056,P008,CALLED,2026-08-17T04:16:00,1397,0.926
P073,P039,CALLED,2026-08-18T11:17:00,1527,0.982
P010,P070,CALLED,2026-08-19T18:18:00,1286,0.941
P027,P021,CALLED,2026-08-20T01:19:00,1294,0.898
P044,P052,CALLED,2026-08-21T08:20:00,2173,0.823
P061,P003,CALLED,2026-08-22T15:21:00,1157,0.984
P078,P034,CALLED,2026-08-23T22:22:00,1630,0.869
P015,P065,CALLED,2026-08-24T05:23:00,1957,0.889
P032,P016,CALLED,2026-08-25T12:24:00,1762,0.944
P049,P047,CALLED,2026-08-26T19:25:00,1958,0.864
P066,P078,CALLED,2026-08-27T02:26:00,1390,0.899
P003,P029,CALLED,2026-08-28T09:27:00,963,0.768
P020,P060,CALLED,2026-08-29T16:28:00,1951,0.962
P037,P011,CALLED,2026-08-30T23:29:00,481,0.899
P054,P042,CALLED,2026-08-01T06:30:00,266,0.905
P071,P073,CALLED,2026-08-02T13:31:00,2157,0.875
P008,P024,CALLED,2026-08-03T20:32:00,387,0.761
P025,P055,CALLED,2026-08-04T03:33:00,293,0.975
P042,P006,CALLED,2026-08-05T10:34:00,972,0.985
P059,P037,CALLED,2026-08-06T17:35:00,1702,0.809
P076,P068,CALLED,2026-08-07T00:36:00,1912,0.896
P013,P019,CALLED,2026-08-08T07:37:00,2100,0.943
P030,P050,CALLED,2026-08-09T14:38:00,1535,0.823
P047,P001,CALLED,2026-08-10T21:39:00,153,0.967
P064,P032,CALLED,2026-08-11T04:40:00,852,0.798
P001,P063,CALLED,2026-08-12T11:41:00,2171,0.814
P018,P014,CALLED,2026-08-13T18:42:00,1333,0.97
P035,P045,CALLED,2026-08-14T01:43:00,1897,0.846
P052,P076,CALLED,2026-08-15T08:44:00,776,0.812
P069,P027,CALLED,2026-08-16T15:45:00,1724,0.85
P006,P058,CALLED,2026-08-17T22:46:00,1781,0.948
P023,P009,CALLED,2026-08-18T05:47:00,2237,0.981
P040,P042,CALLED,2026-08-19T12:48:00,964,0.957
P057,P071,CALLED,2026-08-20T19:49:00,2008,0.827
P074,P022,CALLED,2026-08-21T02:50:00,2100,0.792
P011,P053,CALLED,2026-08-22T09:51:00,1276,0.8
P028,P004,CALLED,2026-08-23T16:52:00,1077,0.99
P045,P035,CALLED,2026-08-24T23:53:00,656,0.828
P062,P066,CALLED,2026-08-25T06:54:00,1359,0.942
P079,P017,CALLED,2026-08-26T13:55:00,525,0.768
P016,P048,CALLED,2026-08-27T20:56:00,281,0.982
P033,P079,CALLED,2026-08-28T03:57:00,789,0.841
P050,P030,CALLED,2026-08-29T10:58:00,1971,0.824
P067,P061,CALLED,2026-08-30T17:59:00,391,0.942
P004,P012,CALLED,2026-08-01T00:00:00,2312,0.987
P021,P043,CALLED,2026-08-02T07:01:00,1480,0.751
P038,P074,CALLED,2026-08-03T14:02:00,651,0.857
P055,P025,CALLED,2026-08-04T21:03:00,792,0.988
P072,P056,CALLED,2026-08-05T04:04:00,74,0.861
P009,P007,CALLED,2026-08-06T11:05:00,2086,0.817
P026,P038,CALLED,2026-08-07T18:06:00,1196,0.781
P043,P069,CALLED,2026-08-08T01:07:00,99,0.872
P060,P020,CALLED,2026-08-09T08:08:00,1572,0.786
P077,P051,CALLED,2026-08-10T15:09:00,933,0.972
P014,P002,CALLED,2026-08-11T22:10:00,2021,0.867
P031,P033,CALLED,2026-08-12T05:11:00,2340,0.951
P048,P064,CALLED,2026-08-13T12:12:00,1078,0.867
P065,P015,CALLED,2026-08-14T19:13:00,222,0.844
P002,P046,CALLED,2026-08-15T02:14:00,2239,0.979
P019,P077,CALLED,2026-08-16T09:15:00,929,0.853
P036,P028,CALLED,2026-08-17T16:16:00,332,0.76
P053,P059,CALLED,2026-08-18T23:17:00,1429,0.898
P070,P010,CALLED,2026-08-19T06:18:00,425,0.854
P007,P041,CALLED,2026-08-20T13:19:00,2292,0.863
P024,P072,CALLED,2026-08-21T20:20:00,2074,0.867
P041,P023,CALLED,2026-08-22T03:21:00,2207,0.983
P058,P054,CALLED,2026-08-23T10:22:00,630,0.759
P075,P005,CALLED,2026-08-24T17:23:00,760,0.853
P012,P036,CALLED,2026-08-25T00:24:00,1909,0.798
P029,P067,CALLED,2026-08-26T07:25:00,2306,0.827
P046,P018,CALLED,2026-08-27T14:26:00,1854,0.768
P063,P049,CALLED,2026-08-28T21:27:00,693,0.975
P080,P002,CALLED,2026-08-29T04:28:00,368,0.773
P017,P031,CALLED,2026-08-30T11:29:00,174,0.807
P034,P062,CALLED,2026-08-01T18:30:00,225,0.774
P051,P013,CALLED,2026-08-02T01:31:00,532,0.751
P068,P044,CALLED,2026-08-03T08:32:00,1864,0.982
P005,P075,CALLED,2026-08-04T15:33:00,1118,0.882
P022,P026,CALLED,2026-08-05T22:34:00,2246,0.955
P039,P057,CALLED,2026-08-06T05:35:00,1395,0.841
P056,P008,CALLED,2026-08-07T12:36:00,1808,0.831
P073,P039,CALLED,2026-08-08T19:37:00,1747,0.825
P010,P070,CALLED,2026-08-09T02:38:00,640,0.969
P027,P021,CALLED,2026-08-10T09:39:00,500,0.76
P044,P052,CALLED,2026-08-11T16:40:00,400,0.822
P061,P003,CALLED,2026-08-12T23:41:00,874,0.772
P078,P034,CALLED,2026-08-13T06:42:00,380,0.962
P015,P065,CALLED,2026-08-14T13:43:00,2336,0.947
P032,P016,CALLED,2026-08-15T20:44:00,1257,0.93
P049,P047,CALLED,2026-08-16T03:45:00,452,0.963
P066,P078,CALLED,2026-08-17T10:46:00,2033,0.767
P003,P029,CALLED,2026-08-18T17:47:00,509,0.963
P020,P060,CALLED,2026-08-19T00:48:00,2121,0.809
P037,P011,CALLED,2026-08-20T07:49:00,2184,0.978
P054,P042,CALLED,2026-08-21T14:50:00,1378,0.871
P071,P073,CALLED,2026-08-22T21:51:00,513,0.759
P008,P024,CALLED,2026-08-23T04:52:00,1885,0.839
P025,P055,CALLED,2026-08-24T11:53:00,1269,0.77
P042,P006,CALLED,2026-08-25T18:54:00,227,0.822
P059,P037,CALLED,2026-08-26T01:55:00,820,0.843
P076,P068,CALLED,2026-08-27T08:56:00,1855,0.846
P013,P019,CALLED,2026-08-28T15:57:00,501,0.903
P030,P050,CALLED,2026-08-29T22:58:00,2204,0.932
P047,P001,CALLED,2026-08-30T05:59:00,986,0.82
P064,P032,CALLED,2026-08-01T12:00:00,2306,0.853
P001,P063,CALLED,2026-08-02T19:01:00,2345,0.849
P018,P014,CALLED,2026-08-03T02:02:00,1545,0.922
P035,P045,CALLED,2026-08-04T09:03:00,2198,0.865
P052,P076,CALLED,2026-08-05T16:04:00,1002,0.844
P069,P027,CALLED,2026-08-06T23:05:00,1445,0.985
P006,P058,CALLED,2026-08-07T06:06:00,418,0.87
P023,P009,CALLED,2026-08-08T13:07:00,1517,0.779
P040,P042,CALLED,2026-08-09T20:08:00,1704,0.968
P057,P071,CALLED,2026-08-10T03:09:00,1354,0.909
P074,P022,CALLED,2026-08-11T10:10:00,686,0.81
P011,P053,CALLED,2026-08-12T17:11:00,2021,0.884
P028,P004,CALLED,2026-08-13T00:12:00,1200,0.92
P045,P035,CALLED,2026-08-14T07:13:00,290,0.977
P062,P066,CALLED,2026-08-15T14:14:00,1645,0.889
P079,P017,CALLED,2026-08-16T21:15:00,1517,0.874
P016,P048,CALLED,2026-08-17T04:16:00,2091,0.786
P033,P079,CALLED,2026-08-18T11:17:00,398,0.971
P050,P030,CALLED,2026-08-19T18:18:00,652,0.922
P067,P061,CALLED,2026-08-20T01:19:00,253,0.935
P004,P012,CALLED,2026-08-21T08:20:00,152,0.755
P021,P043,CALLED,2026-08-22T15:21:00,940,0.974
P038,P074,CALLED,2026-08-23T22:22:00,109,0.842
P055,P025,CALLED,2026-08-24T05:23:00,189,0.778
P072,P056,CALLED,2026-08-25T12:24:00,1059,0.955
P009,P007,CALLED,2026-08-26T19:25:00,113,0.912
P026,P038,CALLED,2026-08-27T02:26:00,598,0.815
P043,P069,CALLED,2026-08-28T09:27:00,1669,0.898
P060,P020,CALLED,2026-08-29T16:28:00,682,0.831
P077,P051,CALLED,2026-08-30T23:29:00,2344,0.862
P014,P002,CALLED,2026-08-01T06:30:00,977,0.974
P031,P033,CALLED,2026-08-02T13:31:00,74,0.772
P048,P064,CALLED,2026-08-03T20:32:00,971,0.82
P065,P015,CALLED,2026-08-04T03:33:00,780,0.927
P002,P046,CALLED,2026-08-05T10:34:00,1108,0.768
P019,P077,CALLED,2026-08-06T17:35:00,499,0.797
P036,P028,CALLED,2026-08-07T00:36:00,1631,0.933
P053,P059,CALLED,2026-08-08T07:37:00,101,0.851
P070,P010,CALLED,2026-08-09T14:38:00,1820,0.784
P007,P041,CALLED,2026-08-10T21:39:00,2323,0.776
P024,P072,CALLED,2026-08-11T04:40:00,2197,0.769
P041,P023,CALLED,2026-08-12T11:41:00,1988,0.865
P058,P054,CALLED,2026-08-13T18:42:00,2232,0.945
P075,P005,CALLED,2026-08-14T01:43:00,893,0.859
P012,P036,CALLED,2026-08-15T08:44:00,2160,0.942
P029,P067,CALLED,2026-08-16T15:45:00,1124,0.759
P046,P018,CALLED,2026-08-17T22:46:00,466,0.926
P063,P049,CALLED,2026-08-18T05:47:00,237,0.95
P080,P002,CALLED,2026-08-19T12:48:00,1663,0.824
P017,P031,CALLED,2026-08-20T19:49:00,550,0.969
P034,P062,CALLED,2026-08-21T02:50:00,105,0.834
P051,P013,CALLED,2026-08-22T09:51:00,585,0.923
P068,P044,CALLED,2026-08-23T16:52:00,2123,0.819
P005,P075,CALLED,2026-08-24T23:53:00,853,0.835
P022,P026,CALLED,2026-08-25T06:54:00,2351,0.918
P039,P057,CALLED,2026-08-26T13:55:00,1935,0.98
P056,P008,CALLED,2026-08-27T20:56:00,857,0.77
P073,P039,CALLED,2026-08-28T03:57:00,669,0.931
P010,P070,CALLED,2026-08-29T10:58:00,1949,0.957
P027,P021,CALLED,2026-08-30T17:59:00,1621,0.825
P044,P052,CALLED,2026-08-01T00:00:00,2021,0.871
P061,P003,CALLED,2026-08-02T07:01:00,322,0.885
P078,P034,CALLED,2026-08-03T14:02:00,1604,0.794
P015,P065,CALLED,2026-08-04T21:03:00,882,0.989
P032,P016,CALLED,2026-08-05T04:04:00,1454,0.965
P049,P047,CALLED,2026-08-06T11:05:00,551,0.895
P066,P078,CALLED,2026-08-07T18:06:00,1865,0.888
P003,P029,CALLED,2026-08-08T01:07:00,2145,0.898
P020,P060,CALLED,2026-08-09T08:08:00,2182,0.937
P037,P011,CALLED,2026-08-10T15:09:00,2086,0.774
P054,P042,CALLED,2026-08-11T22:10:00,736,0.977
P071,P073,CALLED,2026-08-12T05:11:00,240,0.79
P008,P024,CALLED,2026-08-13T12:12:00,1889,0.878
P025,P055,CALLED,2026-08-14T19:13:00,297,0.935
P042,P006,CALLED,2026-08-15T02:14:00,542,0.908
P059,P037,CALLED,2026-08-16T09:15:00,630,0.871
P076,P068,CALLED,2026-08-17T16:16:00,706,0.767
P013,P019,CALLED,2026-08-18T23:17:00,2180,0.872
P030,P050,CALLED,2026-08-19T06:18:00,770,0.965
P047,P001,CALLED,2026-08-20T13:19:00,1834,0.83
P064,P032,CALLED,2026-08-21T20:20:00,2046,0.866
P001,P063,CALLED,2026-08-22T03:21:00,2059,0.765
P018,P014,CALLED,2026-08-23T10:22:00,1592,0.8
P035,P045,CALLED,2026-08-24T17:23:00,2057,0.945
P052,P076,CALLED,2026-08-25T00:24:00,2337,0.942
P069,P027,CALLED,2026-08-26T07:25:00,1757,0.96
P006,P058,CALLED,2026-08-27T14:26:00,655,0.762
P023,P009,CALLED,2026-08-28T21:27:00,2036,0.849
P040,P042,CALLED,2026-08-29T04:28:00,805,0.847
P057,P071,CALLED,2026-08-30T11:29:00,1571,0.864
P074,P022,CALLED,2026-08-01T18:30:00,708,0.907
P011,P053,CALLED,2026-08-02T01:31:00,1948,0.909
P028,P004,CALLED,2026-08-03T08:32:00,2268,0.952
P045,P035,CALLED,2026-08-04T15:33:00,1594,0.821
P062,P066,CALLED,2026-08-05T22:34:00,1242,0.93
P079,P017,CALLED,2026-08-06T05:35:00,1860,0.765
P016,P048,CALLED,2026-08-07T12:36:00,1586,0.935
P033,P079,CALLED,2026-08-08T19:37:00,90,0.859
P050,P030,CALLED,2026-08-09T02:38:00,347,0.9
P067,P061,CALLED,2026-08-10T09:39:00,2324,0.924
P004,P012,CALLED,2026-08-11T16:40:00,1905,0.808
P021,P043,CALLED,2026-08-12T23:41:00,1130,0.983
P038,P074,CALLED,2026-08-13T06:42:00,1064,0.866
P055,P025,CALLED,2026-08-14T13:43:00,1334,0.773
P072,P056,CALLED,2026-08-15T20:44:00,1753,0.948
P009,P007,CALLED,2026-08-16T03:45:00,248,0.932
P026,P038,CALLED,2026-08-17T10:46:00,1437,0.789
P043,P069,CALLED,2026-08-18T17:47:00,2266,0.885
P060,P020,CALLED,2026-08-19T00:48:00,2261,0.97
P077,P051,CALLED,2026-08-20T07:49:00,298,0.767
P014,P002,CALLED,2026-08-21T14:50:00,885,0.856
P031,P033,CALLED,2026-08-22T21:51:00,1617,0.898
P048,P064,CALLED,2026-08-23T04:52:00,224,0.818
P065,P015,CALLED,2026-08-24T11:53:00,98,0.801
P002,P046,CALLED,2026-08-25T18:54:00,1932,0.752
P019,P077,CALLED,2026-08-26T01:55:00,1194,0.831
P036,P028,CALLED,2026-08-27T08:56:00,2267,0.969
P053,P059,CALLED,2026-08-28T15:57:00,580,0.907
P070,P010,CALLED,2026-08-29T22:58:00,328,0.934
P007,P041,CALLED,2026-08-30T05:59:00,175,0.972
P024,P072,CALLED,2026-08-01T12:00:00,715,0.929
P041,P023,CALLED,2026-08-02T19:01:00,524,0.94
P058,P054,CALLED,2026-08-03T02:02:00,1699,0.864
P075,P005,CALLED,2026-08-04T09:03:00,611,0.967
P012,P036,CALLED,2026-08-05T16:04:00,2253,0.771
P029,P067,CALLED,2026-08-06T23:05:00,1554,0.804
P046,P018,CALLED,2026-08-07T06:06:00,2206,0.797
P063,P049,CALLED,2026-08-08T13:07:00,663,0.984
P080,P002,CALLED,2026-08-09T20:08:00,1167,0.776
P017,P031,CALLED,2026-08-10T03:09:00,1390,0.916
P034,P062,CALLED,2026-08-11T10:10:00,1079,0.846
P051,P013,CALLED,2026-08-12T17:11:00,2294,0.941
P068,P044,CALLED,2026-08-13T00:12:00,2246,0.913
P005,P075,CALLED,2026-08-14T07:13:00,705,0.872
P022,P026,CALLED,2026-08-15T14:14:00,351,0.849
P039,P057,CALLED,2026-08-16T21:15:00,1835,0.886
P056,P008,CALLED,2026-08-17T04:16:00,739,0.877
P073,P039,CALLED,2026-08-18T11:17:00,1573,0.95
P010,P070,CALLED,2026-08-19T18:18:00,2068,0.831
P027,P021,CALLED,2026-08-20T01:19:00,368,0.963
P044,P052,CALLED,2026-08-21T08:20:00,1169,0.782
P061,P003,CALLED,2026-08-22T15:21:00,997,0.948
P078,P034,CALLED,2026-08-23T22:22:00,803,0.938
P015,P065,CALLED,2026-08-24T05:23:00,1726,0.98
P032,P016,CALLED,2026-08-25T12:24:00,869,0.812
P049,P047,CALLED,2026-08-26T19:25:00,1528,0.865
P066,P078,CALLED,2026-08-27T02:26:00,2376,0.887
P003,P029,CALLED,2026-08-28T09:27:00,1608,0.903
P020,P060,CALLED,2026-08-29T16:28:00,662,0.783
P037,P011,CALLED,2026-08-30T23:29:00,581,0.922
P054,P042,CALLED,2026-08-01T06:30:00,2204,0.758
P071,P073,CALLED,2026-08-02T13:31:00,722,0.851
P008,P024,CALLED,2026-08-03T20:32:00,1353,0.801
P025,P055,CALLED,2026-08-04T03:33:00,2063,0.95
P042,P006,CALLED,2026-08-05T10:34:00,358,0.774
P059,P037,CALLED,2026-08-06T17:35:00,2399,0.864
P076,P068,CALLED,2026-08-07T00:36:00,190,0.895
P013,P019,CALLED,2026-08-08T07:37:00,736,0.752
P030,P050,CALLED,2026-08-09T14:38:00,292,0.927
P047,P001,CALLED,2026-08-10T21:39:00,1070,0.968
P064,P032,CALLED,2026-08-11T04:40:00,1876,0.876
P001,P063,CALLED,2026-08-12T11:41:00,1947,0.966
P018,P014,CALLED,2026-08-13T18:42:00,527,0.975
P035,P045,CALLED,2026-08-14T01:43:00,2249,0.929
P052,P076,CALLED,2026-08-15T08:44:00,1599,0.892
P069,P027,CALLED,2026-08-16T15:45:00,140,0.848
P006,P058,CALLED,2026-08-17T22:46:00,1789,0.776
P023,P009,CALLED,2026-08-18T05:47:00,1948,0.785
P040,P042,CALLED,2026-08-19T12:48:00,727,0.752
P057,P071,CALLED,2026-08-20T19:49:00,1205,0.922
P074,P022,CALLED,2026-08-21T02:50:00,1367,0.822
P011,P053,CALLED,2026-08-22T09:51:00,1436,0.933
P028,P004,CALLED,2026-08-23T16:52:00,1719,0.908
P045,P035,CALLED,2026-08-24T23:53:00,513,0.962
P062,P066,CALLED,2026-08-25T06:54:00,60,0.765
P079,P017,CALLED,2026-08-26T13:55:00,895,0.845
P016,P048,CALLED,2026-08-27T20:56:00,172,0.783
P033,P079,CALLED,2026-08-28T03:57:00,972,0.889
P050,P030,CALLED,2026-08-29T10:58:00,1833,0.811
P067,P061,CALLED,2026-08-30T17:59:00,431,0.77
P004,P012,CALLED,2026-08-01T00:00:00,1040,0.901
P021,P043,CALLED,2026-08-02T07:01:00,1044,0.861
P038,P074,CALLED,2026-08-03T14:02:00,135,0.754
P055,P025,CALLED,2026-08-04T21:03:00,2372,0.774
P072,P056,CALLED,2026-08-05T04:04:00,1271,0.889
P009,P007,CALLED,2026-08-06T11:05:00,1490,0.869
P026,P038,CALLED,2026-08-07T18:06:00,677,0.891
P043,P069,CALLED,2026-08-08T01:07:00,1141,0.894
P060,P020,CALLED,2026-08-09T08:08:00,1635,0.907
P077,P051,CALLED,2026-08-10T15:09:00,1602,0.802
P014,P002,CALLED,2026-08-11T22:10:00,739,0.852
P031,P033,CALLED,2026-08-12T05:11:00,1837,0.862
P048,P064,CALLED,2026-08-13T12:12:00,1091,0.854
P065,P015,CALLED,2026-08-14T19:13:00,81,0.758
P002,P046,CALLED,2026-08-15T02:14:00,2239,0.813
P019,P077,CALLED,2026-08-16T09:15:00,300,0.893
P036,P028,CALLED,2026-08-17T16:16:00,1067,0.954
P053,P059,CALLED,2026-08-18T23:17:00,1431,0.919
P070,P010,CALLED,2026-08-19T06:18:00,837,0.781
P007,P041,CALLED,2026-08-20T13:19:00,1055,0.882
P024,P072,CALLED,2026-08-21T20:20:00,641,0.98
P041,P023,CALLED,2026-08-22T03:21:00,2053,0.929
P058,P054,CALLED,2026-08-23T10:22:00,1369,0.759
P075,P005,CALLED,2026-08-24T17:23:00,1650,0.888
P012,P036,CALLED,2026-08-25T00:24:00,64,0.979
P029,P067,CALLED,2026-08-26T07:25:00,1319,0.907
P046,P018,CALLED,2026-08-27T14:26:00,53,0.988
P063,P049,CALLED,2026-08-28T21:27:00,1342,0.888
P080,P002,CALLED,2026-08-29T04:28:00,2059,0.844
P017,P031,CALLED,2026-08-30T11:29:00,24,0.976
P034,P062,CALLED,2026-08-01T18:30:00,418,0.859
P051,P013,CALLED,2026-08-02T01:31:00,146,0.947
P068,P044,CALLED,2026-08-03T08:32:00,846,0.898
P005,P075,CALLED,2026-08-04T15:33:00,502,0.869
P022,P026,CALLED,2026-08-05T22:34:00,1297,0.978
P039,P057,CALLED,2026-08-06T05:35:00,896,0.888
P056,P008,CALLED,2026-08-07T12:36:00,1260,0.979
P073,P039,CALLED,2026-08-08T19:37:00,1195,0.847
P010,P070,CALLED,2026-08-09T02:38:00,1037,0.9
P027,P021,CALLED,2026-08-10T09:39:00,1409,0.83
P044,P052,CALLED,2026-08-11T16:40:00,1199,0.924
P061,P003,CALLED,2026-08-12T23:41:00,824,0.81
P078,P034,CALLED,2026-08-13T06:42:00,933,0.864
P015,P065,CALLED,2026-08-14T13:43:00,594,0.884
P032,P016,CALLED,2026-08-15T20:44:00,1678,0.797
P049,P047,CALLED,2026-08-16T03:45:00,2066,0.753
P066,P078,CALLED,2026-08-17T10:46:00,2146,0.835
P003,P029,CALLED,2026-08-18T17:47:00,1289,0.84
P020,P060,CALLED,2026-08-19T00:48:00,623,0.849
P037,P011,CALLED,2026-08-20T07:49:00,1315,0.856
P054,P042,CALLED,2026-08-21T14:50:00,760,0.967
P071,P073,CALLED,2026-08-22T21:51:00,829,0.776
P008,P024,CALLED,2026-08-23T04:52:00,1495,0.891
P025,P055,CALLED,2026-08-24T11:53:00,1459,0.934
P042,P006,CALLED,2026-08-25T18:54:00,2213,0.977
P059,P037,CALLED,2026-08-26T01:55:00,1762,0.766
P076,P068,CALLED,2026-08-27T08:56:00,2246,0.769
P013,P019,CALLED,2026-08-28T15:57:00,110,0.875
P030,P050,CALLED,2026-08-29T22:58:00,2384,0.902
P047,P001,CALLED,2026-08-30T05:59:00,1389,0.839
P064,P032,CALLED,2026-08-01T12:00:00,1238,0.986
P001,P063,CALLED,2026-08-02T19:01:00,281,0.901
P018,P014,CALLED,2026-08-03T02:02:00,769,0.982
P035,P045,CALLED,2026-08-04T09:03:00,2303,0.842
P052,P076,CALLED,2026-08-05T16:04:00,1431,0.767
P069,P027,CALLED,2026-08-06T23:05:00,1717,0.781
P006,P058,CALLED,2026-08-07T06:06:00,759,0.777
P023,P009,CALLED,2026-08-08T13:07:00,1346,0.942
P040,P042,CALLED,2026-08-09T20:08:00,2371,0.842
P057,P071,CALLED,2026-08-10T03:09:00,1031,0.952
P074,P022,CALLED,2026-08-11T10:10:00,174,0.757
P011,P053,CALLED,2026-08-12T17:11:00,195,0.952
P028,P004,CALLED,2026-08-13T00:12:00,1391,0.922
P045,P035,CALLED,2026-08-14T07:13:00,2378,0.769
P062,P066,CALLED,2026-08-15T14:14:00,1091,0.855
P079,P017,CALLED,2026-08-16T21:15:00,265,0.759
P016,P048,CALLED,2026-08-17T04:16:00,1935,0.771
P033,P079,CALLED,2026-08-18T11:17:00,170,0.963
P050,P030,CALLED,2026-08-19T18:18:00,2081,0.886
P067,P061,CALLED,2026-08-20T01:19:00,59,0.912
P004,P012,CALLED,2026-08-21T08:20:00,468,0.825
P021,P043,CALLED,2026-08-22T15:21:00,1854,0.984
P038,P074,CALLED,2026-08-23T22:22:00,1050,0.885
P055,P025,CALLED,2026-08-24T05:23:00,2399,0.798
P072,P056,CALLED,2026-08-25T12:24:00,2153,0.812
P009,P007,CALLED,2026-08-26T19:25:00,2083,0.867
P026,P038,CALLED,2026-08-27T02:26:00,1376,0.919
P043,P069,CALLED,2026-08-28T09:27:00,1985,0.865
P060,P020,CALLED,2026-08-29T16:28:00,1970,0.957
P077,P051,CALLED,2026-08-30T23:29:00,1334,0.831
P014,P002,CALLED,2026-08-01T06:30:00,1548,0.843
P031,P033,CALLED,2026-08-02T13:31:00,1654,0.768
P048,P064,CALLED,2026-08-03T20:32:00,375,0.965
P065,P015,CALLED,2026-08-04T03:33:00,284,0.758
P002,P046,CALLED,2026-08-05T10:34:00,311,0.91
P019,P077,CALLED,2026-08-06T17:35:00,987,0.913
P036,P028,CALLED,2026-08-07T00:36:00,1772,0.803
P053,P059,CALLED,2026-08-08T07:37:00,1413,0.864
P070,P010,CALLED,2026-08-09T14:38:00,692,0.776
P007,P041,CALLED,2026-08-10T21:39:00,1553,0.778
P024,P072,CALLED,2026-08-11T04:40:00,1248,0.965
P041,P023,CALLED,2026-08-12T11:41:00,1537,0.895
P058,P054,CALLED,2026-08-13T18:42:00,2006,0.877
P075,P005,CALLED,2026-08-14T01:43:00,1359,0.789
P012,P036,CALLED,2026-08-15T08:44:00,1207,0.822
P029,P067,CALLED,2026-08-16T15:45:00,2037,0.946
P046,P018,CALLED,2026-08-17T22:46:00,2139,0.914
P063,P049,CALLED,2026-08-18T05:47:00,1742,0.92
P080,P002,CALLED,2026-08-19T12:48:00,165,0.812
P017,P031,CALLED,2026-08-20T19:49:00,2391,0.834
P034,P062,CALLED,2026-08-21T02:50:00,1515,0.819
P051,P013,CALLED,2026-08-22T09:51:00,554,0.839
P068,P044,CALLED,2026-08-23T16:52:00,1093,0.76
P005,P075,CALLED,2026-08-24T23:53:00,745,0.766
P022,P026,CALLED,2026-08-25T06:54:00,320,0.911
P039,P057,CALLED,2026-08-26T13:55:00,372,0.9
P056,P008,CALLED,2026-08-27T20:56:00,2371,0.759
P073,P039,CALLED,2026-08-28T03:57:00,1078,0.784
P010,P070,CALLED,2026-08-29T10:58:00,1683,0.919
P027,P021,CALLED,2026-08-30T17:59:00,965,0.948
P044,P052,CALLED,2026-08-01T00:00:00,152,0.84
P061,P003,CALLED,2026-08-02T07:01:00,2226,0.797
P078,P034,CALLED,2026-08-03T14:02:00,1216,0.952
P015,P065,CALLED,2026-08-04T21:03:00,1269,0.867
P032,P016,CALLED,2026-08-05T04:04:00,1539,0.884
P049,P047,CALLED,2026-08-06T11:05:00,735,0.809
P066,P078,CALLED,2026-08-07T18:06:00,1311,0.934
P003,P029,CALLED,2026-08-08T01:07:00,565,0.866
P020,P060,CALLED,2026-08-09T08:08:00,1114,0.94
P037,P011,CALLED,2026-08-10T15:09:00,795,0.972
P054,P042,CALLED,2026-08-11T22:10:00,2018,0.855
P071,P073,CALLED,2026-08-12T05:11:00,2294,0.919
P008,P024,CALLED,2026-08-13T12:12:00,1590,0.972
P025,P055,CALLED,2026-08-14T19:13:00,1777,0.763
P042,P006,CALLED,2026-08-15T02:14:00,1509,0.923
P059,P037,CALLED,2026-08-16T09:15:00,1096,0.962
P076,P068,CALLED,2026-08-17T16:16:00,190,0.793
P013,P019,CALLED,2026-08-18T23:17:00,1989,0.888
P030,P050,CALLED,2026-08-19T06:18:00,2130,0.804
P047,P001,CALLED,2026-08-20T13:19:00,2147,0.962
P064,P032,CALLED,2026-08-21T20:20:00,150,0.896
P001,P063,CALLED,2026-08-22T03:21:00,2052,0.925
P018,P014,CALLED,2026-08-23T10:22:00,676,0.849
P035,P045,CALLED,2026-08-24T17:23:00,2025,0.932
P052,P076,CALLED,2026-08-25T00:24:00,62,0.865
P069,P027,CALLED,2026-08-26T07:25:00,1150,0.859
P006,P058,CALLED,2026-08-27T14:26:00,1930,0.832
P023,P009,CALLED,2026-08-28T21:27:00,1205,0.752
P040,P042,CALLED,2026-08-29T04:28:00,1262,0.852
P057,P071,CALLED,2026-08-30T11:29:00,1827,0.928
P074,P022,CALLED,2026-08-01T18:30:00,832,0.859
P011,P053,CALLED,2026-08-02T01:31:00,684,0.947
P028,P004,CALLED,2026-08-03T08:32:00,1080,0.963
P045,P035,CALLED,2026-08-04T15:33:00,735,0.757
P062,P066,CALLED,2026-08-05T22:34:00,1935,0.825
P079,P017,CALLED,2026-08-06T05:35:00,1788,0.787
P016,P048,CALLED,2026-08-07T12:36:00,492,0.935
P033,P079,CALLED,2026-08-08T19:37:00,2185,0.955
P050,P030,CALLED,2026-08-09T02:38:00,1010,0.903
P067,P061,CALLED,2026-08-10T09:39:00,2140,0.815
P004,P012,CALLED,2026-08-11T16:40:00,88,0.89
P021,P043,CALLED,2026-08-12T23:41:00,1758,0.912
P038,P074,CALLED,2026-08-13T06:42:00,856,0.751
P055,P025,CALLED,2026-08-14T13:43:00,1500,0.761
P072,P056,CALLED,2026-08-15T20:44:00,1962,0.962
P009,P007,CALLED,2026-08-16T03:45:00,267,0.918
P026,P038,CALLED,2026-08-17T10:46:00,396,0.924
P043,P069,CALLED,2026-08-18T17:47:00,1607,0.888
P060,P020,CALLED,2026-08-19T00:48:00,1677,0.922
P077,P051,CALLED,2026-08-20T07:49:00,1095,0.879
P014,P002,CALLED,2026-08-21T14:50:00,1581,0.774
P031,P033,CALLED,2026-08-22T21:51:00,1955,0.899
P048,P064,CALLED,2026-08-23T04:52:00,32,0.797
P065,P015,CALLED,2026-08-24T11:53:00,2189,0.867
P002,P046,CALLED,2026-08-25T18:54:00,2230,0.976
P019,P077,CALLED,2026-08-26T01:55:00,1001,0.805
P036,P028,CALLED,2026-08-27T08:56:00,1824,0.925
P053,P059,CALLED,2026-08-28T15:57:00,1380,0.932
P070,P010,CALLED,2026-08-29T22:58:00,1813,0.821
P007,P041,CALLED,2026-08-30T05:59:00,935,0.909
P024,P072,CALLED,2026-08-01T12:00:00,1680,0.821
P041,P023,CALLED,2026-08-02T19:01:00,2360,0.83
P058,P054,CALLED,2026-08-03T02:02:00,199,0.797
P075,P005,CALLED,2026-08-04T09:03:00,650,0.793
P012,P036,CALLED,2026-08-05T16:04:00,652,0.802
P029,P067,CALLED,2026-08-06T23:05:00,1897,0.909
P046,P018,CALLED,2026-08-07T06:06:00,2352,0.974
P063,P049,CALLED,2026-08-08T13:07:00,824,0.752
P080,P002,CALLED,2026-08-09T20:08:00,1200,0.788
P017,P031,CALLED,2026-08-10T03:09:00,2072,0.8
P034,P062,CALLED,2026-08-11T10:10:00,1288,0.823
P051,P013,CALLED,2026-08-12T17:11:00,895,0.875
P068,P044,CALLED,2026-08-13T00:12:00,298,0.979
P005,P075,CALLED,2026-08-14T07:13:00,191,0.814
P022,P026,CALLED,2026-08-15T14:14:00,1182,0.858
P039,P057,CALLED,2026-08-16T21:15:00,198,0.834
P056,P008,CALLED,2026-08-17T04:16:00,1671,0.776
P073,P039,CALLED,2026-08-18T11:17:00,163,0.879
P010,P070,CALLED,2026-08-19T18:18:00,1866,0.802
P027,P021,CALLED,2026-08-20T01:19:00,897,0.865
P044,P052,CALLED,2026-08-21T08:20:00,1031,0.935
P061,P003,CALLED,2026-08-22T15:21:00,804,0.825
P078,P034,CALLED,2026-08-23T22:22:00,1453,0.781
P015,P065,CALLED,2026-08-24T05:23:00,1808,0.756
P032,P016,CALLED,2026-08-25T12:24:00,1944,0.759
P049,P047,CALLED,2026-08-26T19:25:00,942,0.837
P066,P078,CALLED,2026-08-27T02:26:00,2045,0.772
P003,P029,CALLED,2026-08-28T09:27:00,658,0.801
P020,P060,CALLED,2026-08-29T16:28:00,1539,0.825
P037,P011,CALLED,2026-08-30T23:29:00,569,0.859
P054,P042,CALLED,2026-08-01T06:30:00,1948,0.864
P071,P073,CALLED,2026-08-02T13:31:00,2240,0.913
P008,P024,CALLED,2026-08-03T20:32:00,1349,0.76
P025,P055,CALLED,2026-08-04T03:33:00,37,0.972
P042,P006,CALLED,2026-08-05T10:34:00,287,0.976
P059,P037,CALLED,2026-08-06T17:35:00,2104,0.94
P076,P068,CALLED,2026-08-07T00:36:00,1107,0.956
P013,P019,CALLED,2026-08-08T07:37:00,1640,0.834
P030,P050,CALLED,2026-08-09T14:38:00,1430,0.801
P047,P001,CALLED,2026-08-10T21:39:00,1733,0.989
P064,P032,CALLED,2026-08-11T04:40:00,1907,0.974
P001,P063,CALLED,2026-08-12T11:41:00,2329,0.775
P018,P014,CALLED,2026-08-13T18:42:00,780,0.844
P035,P045,CALLED,2026-08-14T01:43:00,2366,0.764
P052,P076,CALLED,2026-08-15T08:44:00,43,0.824
P069,P027,CALLED,2026-08-16T15:45:00,285,0.98
P006,P058,CALLED,2026-08-17T22:46:00,1559,0.815
P023,P009,CALLED,2026-08-18T05:47:00,1821,0.752
P040,P042,CALLED,2026-08-19T12:48:00,2066,0.986
P057,P071,CALLED,2026-08-20T19:49:00,1101,0.959
P074,P022,CALLED,2026-08-21T02:50:00,1232,0.767
P011,P053,CALLED,2026-08-22T09:51:00,120,0.796
P028,P004,CALLED,2026-08-23T16:52:00,225,0.752
P045,P035,CALLED,2026-08-24T23:53:00,805,0.982
P062,P066,CALLED,2026-08-25T06:54:00,427,0.797
P079,P017,CALLED,2026-08-26T13:55:00,734,0.771
P016,P048,CALLED,2026-08-27T20:56:00,2137,0.752
P033,P079,CALLED,2026-08-28T03:57:00,2237,0.89
P050,P030,CALLED,2026-08-29T10:58:00,341,0.988
P067,P061,CALLED,2026-08-30T17:59:00,1144,0.865
P004,P012,CALLED,2026-08-01T00:00:00,775,0.806
P021,P043,CALLED,2026-08-02T07:01:00,1133,0.94
P038,P074,CALLED,2026-08-03T14:02:00,1893,0.862
P055,P025,CALLED,2026-08-04T21:03:00,1514,0.85
P072,P056,CALLED,2026-08-05T04:04:00,264,0.776
P009,P007,CALLED,2026-08-06T11:05:00,1191,0.865
P026,P038,CALLED,2026-08-07T18:06:00,1609,0.842
P043,P069,CALLED,2026-08-08T01:07:00,296,0.874
P060,P020,CALLED,2026-08-09T08:08:00,1349,0.907
P077,P051,CALLED,2026-08-10T15:09:00,2017,0.783
P014,P002,CALLED,2026-08-11T22:10:00,989,0.826
P031,P033,CALLED,2026-08-12T05:11:00,1838,0.847
P048,P064,CALLED,2026-08-13T12:12:00,844,0.854
P065,P015,CALLED,2026-08-14T19:13:00,1887,0.957
P002,P046,CALLED,2026-08-15T02:14:00,1983,0.86
P019,P077,CALLED,2026-08-16T09:15:00,1269,0.972
P036,P028,CALLED,2026-08-17T16:16:00,828,0.899
P053,P059,CALLED,2026-08-18T23:17:00,42,0.94
P070,P010,CALLED,2026-08-19T06:18:00,244,0.843
P007,P041,CALLED,2026-08-20T13:19:00,1838,0.809
P024,P072,CALLED,2026-08-21T20:20:00,631,0.832
P041,P023,CALLED,2026-08-22T03:21:00,472,0.893
P058,P054,CALLED,2026-08-23T10:22:00,1326,0.943
P075,P005,CALLED,2026-08-24T17:23:00,571,0.838
P012,P036,CALLED,2026-08-25T00:24:00,852,0.94
P029,P067,CALLED,2026-08-26T07:25:00,1788,0.762
P046,P018,CALLED,2026-08-27T14:26:00,1166,0.862
P063,P049,CALLED,2026-08-28T21:27:00,1338,0.829
P080,P002,CALLED,2026-08-29T04:28:00,1077,0.782
P017,P031,CALLED,2026-08-30T11:29:00,68,0.781
P034,P062,CALLED,2026-08-01T18:30:00,1560,0.834
P051,P013,CALLED,2026-08-02T01:31:00,1648,0.795
P068,P044,CALLED,2026-08-03T08:32:00,248,0.91
P005,P075,CALLED,2026-08-04T15:33:00,1780,0.972
P022,P026,CALLED,2026-08-05T22:34:00,1080,0.827
P039,P057,CALLED,2026-08-06T05:35:00,2064,0.779
P056,P008,CALLED,2026-08-07T12:36:00,444,0.8
P073,P039,CALLED,2026-08-08T19:37:00,2378,0.939
P010,P070,CALLED,2026-08-09T02:38:00,1507,0.779
P027,P021,CALLED,2026-08-10T09:39:00,833,0.937
P044,P052,CALLED,2026-08-11T16:40:00,261,0.987
P061,P003,CALLED,2026-08-12T23:41:00,1060,0.774
P078,P034,CALLED,2026-08-13T06:42:00,2252,0.862
P015,P065,CALLED,2026-08-14T13:43:00,2248,0.869
P032,P016,CALLED,2026-08-15T20:44:00,1507,0.94
P049,P047,CALLED,2026-08-16T03:45:00,258,0.942
P066,P078,CALLED,2026-08-17T10:46:00,1956,0.777
P003,P029,CALLED,2026-08-18T17:47:00,489,0.75
P020,P060,CALLED,2026-08-19T00:48:00,891,0.981
P037,P011,CALLED,2026-08-20T07:49:00,937,0.987
P054,P042,CALLED,2026-08-21T14:50:00,792,0.955
P071,P073,CALLED,2026-08-22T21:51:00,1664,0.788
P008,P024,CALLED,2026-08-23T04:52:00,457,0.86
P025,P055,CALLED,2026-08-24T11:53:00,107,0.916
P042,P006,CALLED,2026-08-25T18:54:00,1565,0.829
P059,P037,CALLED,2026-08-26T01:55:00,411,0.961
P076,P068,CALLED,2026-08-27T08:56:00,1931,0.962
P013,P019,CALLED,2026-08-28T15:57:00,2222,0.852
P030,P050,CALLED,2026-08-29T22:58:00,32,0.774
P047,P001,CALLED,2026-08-30T05:59:00,398,0.867
P064,P032,CALLED,2026-08-01T12:00:00,1782,0.986
P001,P063,CALLED,2026-08-02T19:01:00,2292,0.827
P018,P014,CALLED,2026-08-03T02:02:00,15,0.917
P035,P045,CALLED,2026-08-04T09:03:00,428,0.911
P052,P076,CALLED,2026-08-05T16:04:00,1787,0.96
P069,P027,CALLED,2026-08-06T23:05:00,2078,0.844
P006,P058,CALLED,2026-08-07T06:06:00,147,0.964
P023,P009,CALLED,2026-08-08T13:07:00,922,0.798
P040,P042,CALLED,2026-08-09T20:08:00,1404,0.981
P057,P071,CALLED,2026-08-10T03:09:00,1509,0.977
P074,P022,CALLED,2026-08-11T10:10:00,2019,0.869
P011,P053,CALLED,2026-08-12T17:11:00,1445,0.953
P028,P004,CALLED,2026-08-13T00:12:00,1055,0.872
P045,P035,CALLED,2026-08-14T07:13:00,1444,0.957
P062,P066,CALLED,2026-08-15T14:14:00,109,0.78
P079,P017,CALLED,2026-08-16T21:15:00,1110,0.923
P016,P048,CALLED,2026-08-17T04:16:00,284,0.965
P033,P079,CALLED,2026-08-18T11:17:00,1041,0.921
P050,P030,CALLED,2026-08-19T18:18:00,2395,0.821
P067,P061,CALLED,2026-08-20T01:19:00,959,0.978
P004,P012,CALLED,2026-08-21T08:20:00,1494,0.804
P021,P043,CALLED,2026-08-22T15:21:00,1076,0.913
P038,P074,CALLED,2026-08-23T22:22:00,2110,0.861
P055,P025,CALLED,2026-08-24T05:23:00,2012,0.948
P072,P056,CALLED,2026-08-25T12:24:00,374,0.928
P009,P007,CALLED,2026-08-26T19:25:00,1140,0.756
P026,P038,CALLED,2026-08-27T02:26:00,2116,0.752
P043,P069,CALLED,2026-08-28T09:27:00,312,0.772
P060,P020,CALLED,2026-08-29T16:28:00,901,0.823
P077,P051,CALLED,2026-08-30T23:29:00,1811,0.894
P014,P002,CALLED,2026-08-01T06:30:00,334,0.757
P031,P033,CALLED,2026-08-02T13:31:00,279,0.924
P048,P064,CALLED,2026-08-03T20:32:00,1720,0.911
P065,P015,CALLED,2026-08-04T03:33:00,2307,0.929
P002,P046,CALLED,2026-08-05T10:34:00,275,0.933
P019,P077,CALLED,2026-08-06T17:35:00,1087,0.926
P036,P028,CALLED,2026-08-07T00:36:00,616,0.873
P053,P059,CALLED,2026-08-08T07:37:00,2190,0.806
P070,P010,CALLED,2026-08-09T14:38:00,1765,0.766
P007,P041,CALLED,2026-08-10T21:39:00,1204,0.965
P024,P072,CALLED,2026-08-11T04:40:00,1429,0.98
P041,P023,CALLED,2026-08-12T11:41:00,737,0.971
P058,P054,CALLED,2026-08-13T18:42:00,673,0.851
P075,P005,CALLED,2026-08-14T01:43:00,1192,0.883
P012,P036,CALLED,2026-08-15T08:44:00,454,0.979
P029,P067,CALLED,2026-08-16T15:45:00,2017,0.919
P046,P018,CALLED,2026-08-17T22:46:00,2074,0.753
P063,P049,CALLED,2026-08-18T05:47:00,1616,0.861
P080,P002,CALLED,2026-08-19T12:48:00,698,0.782
P017,P031,CALLED,2026-08-20T19:49:00,1716,0.895
P034,P062,CALLED,2026-08-21T02:50:00,2359,0.756
P051,P013,CALLED,2026-08-22T09:51:00,644,0.921
P068,P044,CALLED,2026-08-23T16:52:00,837,0.946
P005,P075,CALLED,2026-08-24T23:53:00,2123,0.802
P022,P026,CALLED,2026-08-25T06:54:00,2319,0.893
P039,P057,CALLED,2026-08-26T13:55:00,2008,0.808
P056,P008,CALLED,2026-08-27T20:56:00,801,0.775
P073,P039,CALLED,2026-08-28T03:57:00,1020,0.835
P010,P070,CALLED,2026-08-29T10:58:00,1772,0.754
P027,P021,CALLED,2026-08-30T17:59:00,1607,0.769
P044,P052,CALLED,2026-08-01T00:00:00,1585,0.755
P061,P003,CALLED,2026-08-02T07:01:00,2263,0.981
P078,P034,CALLED,2026-08-03T14:02:00,2146,0.97
P015,P065,CALLED,2026-08-04T21:03:00,1162,0.915
P032,P016,CALLED,2026-08-05T04:04:00,2033,0.957
P049,P047,CALLED,2026-08-06T11:05:00,1227,0.855
P066,P078,CALLED,2026-08-07T18:06:00,494,0.856
P003,P029,CALLED,2026-08-08T01:07:00,1573,0.856
P020,P060,CALLED,2026-08-09T08:08:00,603,0.783
P037,P011,CALLED,2026-08-10T15:09:00,1432,0.786
P054,P042,CALLED,2026-08-11T22:10:00,1796,0.922
P071,P073,CALLED,2026-08-12T05:11:00,562,0.844
P008,P024,CALLED,2026-08-13T12:12:00,677,0.8
P025,P055,CALLED,2026-08-14T19:13:00,1464,0.841
P042,P006,CALLED,2026-08-15T02:14:00,1906,0.831
P059,P037,CALLED,2026-08-16T09:15:00,327,0.891
P076,P068,CALLED,2026-08-17T16:16:00,2199,0.847
P013,P019,CALLED,2026-08-18T23:17:00,1929,0.918
P030,P050,CALLED,2026-08-19T06:18:00,1542,0.902
P047,P001,CALLED,2026-08-20T13:19:00,1695,0.939
P064,P032,CALLED,2026-08-21T20:20:00,1599,0.934
P001,P063,CALLED,2026-08-22T03:21:00,1064,0.875
P018,P014,CALLED,2026-08-23T10:22:00,369,0.86
P035,P045,CALLED,2026-08-24T17:23:00,1526,0.968
P052,P076,CALLED,2026-08-25T00:24:00,2147,0.905
P069,P027,CALLED,2026-08-26T07:25:00,615,0.778
P006,P058,CALLED,2026-08-27T14:26:00,943,0.795
P023,P009,CALLED,2026-08-28T21:27:00,1890,0.787
P040,P042,CALLED,2026-08-29T04:28:00,41,0.935
P057,P071,CALLED,2026-08-30T11:29:00,652,0.932
P074,P022,CALLED,2026-08-01T18:30:00,2026,0.954
P011,P053,CALLED,2026-08-02T01:31:00,1110,0.912
P028,P004,CALLED,2026-08-03T08:32:00,1834,0.775
P045,P035,CALLED,2026-08-04T15:33:00,96,0.84
P062,P066,CALLED,2026-08-05T22:34:00,2018,0.934
P079,P017,CALLED,2026-08-06T05:35:00,537,0.926
P016,P048,CALLED,2026-08-07T12:36:00,2396,0.885
P033,P079,CALLED,2026-08-08T19:37:00,280,0.894
P050,P030,CALLED,2026-08-09T02:38:00,1021,0.827
P067,P061,CALLED,2026-08-10T09:39:00,621,0.968
P004,P012,CALLED,2026-08-11T16:40:00,198,0.796
P021,P043,CALLED,2026-08-12T23:41:00,584,0.986
P038,P074,CALLED,2026-08-13T06:42:00,1493,0.761
P055,P025,CALLED,2026-08-14T13:43:00,69,0.893
P072,P056,CALLED,2026-08-15T20:44:00,2225,0.916
P009,P007,CALLED,2026-08-16T03:45:00,1665,0.802
P026,P038,CALLED,2026-08-17T10:46:00,1578,0.828
P043,P069,CALLED,2026-08-18T17:47:00,1641,0.873
P060,P020,CALLED,2026-08-19T00:48:00,1174,0.985
P077,P051,CALLED,2026-08-20T07:49:00,2097,0.818
P014,P002,CALLED,2026-08-21T14:50:00,37,0.766
P031,P033,CALLED,2026-08-22T21:51:00,290,0.934
P048,P064,CALLED,2026-08-23T04:52:00,2172,0.923
P065,P015,CALLED,2026-08-24T11:53:00,232,0.926
P002,P046,CALLED,2026-08-25T18:54:00,1527,0.817
P019,P077,CALLED,2026-08-26T01:55:00,28,0.933
P036,P028,CALLED,2026-08-27T08:56:00,318,0.983
P053,P059,CALLED,2026-08-28T15:57:00,800,0.957
P070,P010,CALLED,2026-08-29T22:58:00,2061,0.917
P007,P041,CALLED,2026-08-30T05:59:00,1628,0.889
P024,P072,CALLED,2026-08-01T12:00:00,1936,0.794
P041,P023,CALLED,2026-08-02T19:01:00,67,0.843
P058,P054,CALLED,2026-08-03T02:02:00,1462,0.779
P075,P005,CALLED,2026-08-04T09:03:00,1844,0.803
P012,P036,CALLED,2026-08-05T16:04:00,2154,0.908
P029,P067,CALLED,2026-08-06T23:05:00,2297,0.848
P046,P018,CALLED,2026-08-07T06:06:00,1218,0.756
P063,P049,CALLED,2026-08-08T13:07:00,503,0.808
P080,P002,CALLED,2026-08-09T20:08:00,636,0.853
P017,P031,CALLED,2026-08-10T03:09:00,435,0.932
P034,P062,CALLED,2026-08-11T10:10:00,1504,0.834
P051,P013,CALLED,2026-08-12T17:11:00,1608,0.863
P068,P044,CALLED,2026-08-13T00:12:00,1190,0.829
P005,P075,CALLED,2026-08-14T07:13:00,2178,0.87
P022,P026,CALLED,2026-08-15T14:14:00,1716,0.964
P039,P057,CALLED,2026-08-16T21:15:00,513,0.963
P056,P008,CALLED,2026-08-17T04:16:00,78,0.977
P073,P039,CALLED,2026-08-18T11:17:00,2374,0.86
P010,P070,CALLED,2026-08-19T18:18:00,1004,0.944
P027,P021,CALLED,2026-08-20T01:19:00,2214,0.943
P044,P052,CALLED,2026-08-21T08:20:00,2108,0.929
P061,P003,CALLED,2026-08-22T15:21:00,193,0.817
P078,P034,CALLED,2026-08-23T22:22:00,2086,0.817
P015,P065,CALLED,2026-08-24T05:23:00,2224,0.971
P032,P016,CALLED,2026-08-25T12:24:00,304,0.764
P049,P047,CALLED,2026-08-26T19:25:00,1241,0.862
P066,P078,CALLED,2026-08-27T02:26:00,1511,0.861
P003,P029,CALLED,2026-08-28T09:27:00,1509,0.861
P020,P060,CALLED,2026-08-29T16:28:00,1663,0.766
P037,P011,CALLED,2026-08-30T23:29:00,1411,0.905
P054,P042,CALLED,2026-08-01T06:30:00,148,0.934
P071,P073,CALLED,2026-08-02T13:31:00,1187,0.838
P008,P024,CALLED,2026-08-03T20:32:00,653,0.922
P025,P055,CALLED,2026-08-04T03:33:00,1629,0.91
P042,P006,CALLED,2026-08-05T10:34:00,1778,0.951
P059,P037,CALLED,2026-08-06T17:35:00,628,0.851
P076,P068,CALLED,2026-08-07T00:36:00,486,0.859
P013,P019,CALLED,2026-08-08T07:37:00,436,0.872
P030,P050,CALLED,2026-08-09T14:38:00,2399,0.781
P047,P001,CALLED,2026-08-10T21:39:00,1721,0.874
P064,P032,CALLED,2026-08-11T04:40:00,1106,0.801
P001,P063,CALLED,2026-08-12T11:41:00,928,0.87
P018,P014,CALLED,2026-08-13T18:42:00,1597,0.799
P035,P045,CALLED,2026-08-14T01:43:00,1981,0.866
P052,P076,CALLED,2026-08-15T08:44:00,1066,0.78
P069,P027,CALLED,2026-08-16T15:45:00,1525,0.941
P006,P058,CALLED,2026-08-17T22:46:00,760,0.806
P023,P009,CALLED,2026-08-18T05:47:00,1575,0.948
P040,P042,CALLED,2026-08-19T12:48:00,217,0.966
P057,P071,CALLED,2026-08-20T19:49:00,1669,0.887
P074,P022,CALLED,2026-08-21T02:50:00,549,0.801
P011,P053,CALLED,2026-08-22T09:51:00,904,0.966
P028,P004,CALLED,2026-08-23T16:52:00,1643,0.955
P045,P035,CALLED,2026-08-24T23:53:00,75,0.959
P062,P066,CALLED,2026-08-25T06:54:00,1312,0.884
P079,P017,CALLED,2026-08-26T13:55:00,1660,0.778
P016,P048,CALLED,2026-08-27T20:56:00,1827,0.856
P033,P079,CALLED,2026-08-28T03:57:00,215,0.952
P050,P030,CALLED,2026-08-29T10:58:00,181,0.936
P067,P061,CALLED,2026-08-30T17:59:00,1777,0.891
P004,P012,CALLED,2026-08-01T00:00:00,1356,0.896
P021,P043,CALLED,2026-08-02T07:01:00,1581,0.888
P038,P074,CALLED,2026-08-03T14:02:00,1685,0.821
P055,P025,CALLED,2026-08-04T21:03:00,1041,0.893
P072,P056,CALLED,2026-08-05T04:04:00,1934,0.878
P009,P007,CALLED,2026-08-06T11:05:00,1224,0.933
P026,P038,CALLED,2026-08-07T18:06:00,1103,0.862
P043,P069,CALLED,2026-08-08T01:07:00,1915,0.892
P060,P020,CALLED,2026-08-09T08:08:00,432,0.836
P077,P051,CALLED,2026-08-10T15:09:00,2008,0.972
P014,P002,CALLED,2026-08-11T22:10:00,1746,0.902
P031,P033,CALLED,2026-08-12T05:11:00,1067,0.925
P048,P064,CALLED,2026-08-13T12:12:00,2343,0.797
P065,P015,CALLED,2026-08-14T19:13:00,1077,0.947
P002,P046,CALLED,2026-08-15T02:14:00,1208,0.892
P019,P077,CALLED,2026-08-16T09:15:00,2288,0.777
P036,P028,CALLED,2026-08-17T16:16:00,59,0.97
P053,P059,CALLED,2026-08-18T23:17:00,588,0.849
P070,P010,CALLED,2026-08-19T06:18:00,1838,0.948
P007,P041,CALLED,2026-08-20T13:19:00,1201,0.829
P024,P072,CALLED,2026-08-21T20:20:00,1929,0.988
P041,P023,CALLED,2026-08-22T03:21:00,2289,0.869
P058,P054,CALLED,2026-08-23T10:22:00,69,0.975
P075,P005,CALLED,2026-08-24T17:23:00,2250,0.804
P012,P036,CALLED,2026-08-25T00:24:00,1060,0.978
P029,P067,CALLED,2026-08-26T07:25:00,795,0.88
P046,P018,CALLED,2026-08-27T14:26:00,453,0.969
P063,P049,CALLED,2026-08-28T21:27:00,2220,0.804
P080,P002,CALLED,2026-08-29T04:28:00,1112,0.943
P017,P031,CALLED,2026-08-30T11:29:00,715,0.94
P034,P062,CALLED,2026-08-01T18:30:00,979,0.876
P051,P013,CALLED,2026-08-02T01:31:00,1867,0.885
P068,P044,CALLED,2026-08-03T08:32:00,134,0.809
P005,P075,CALLED,2026-08-04T15:33:00,603,0.964
P022,P026,CALLED,2026-08-05T22:34:00,492,0.962
P039,P057,CALLED,2026-08-06T05:35:00,468,0.812
P056,P008,CALLED,2026-08-07T12:36:00,1187,0.832
P073,P039,CALLED,2026-08-08T19:37:00,330,0.847
P010,P070,CALLED,2026-08-09T02:38:00,138,0.77
P027,P021,CALLED,2026-08-10T09:39:00,2293,0.846
P044,P052,CALLED,2026-08-11T16:40:00,2256,0.966
P061,P003,CALLED,2026-08-12T23:41:00,956,0.961
P078,P034,CALLED,2026-08-13T06:42:00,985,0.989
P015,P065,CALLED,2026-08-14T13:43:00,421,0.964
P032,P016,CALLED,2026-08-15T20:44:00,583,0.979
P049,P047,CALLED,2026-08-16T03:45:00,1503,0.795
P066,P078,CALLED,2026-08-17T10:46:00,839,0.956
P003,P029,CALLED,2026-08-18T17:47:00,829,0.887
P020,P060,CALLED,2026-08-19T00:48:00,1325,0.803
P037,P011,CALLED,2026-08-20T07:49:00,1858,0.939
P054,P042,CALLED,2026-08-21T14:50:00,207,0.959
P071,P073,CALLED,2026-08-22T21:51:00,292,0.914
P008,P024,CALLED,2026-08-23T04:52:00,1198,0.809
P025,P055,CALLED,2026-08-24T11:53:00,1786,0.898
P042,P006,CALLED,2026-08-25T18:54:00,1500,0.765
P059,P037,CALLED,2026-08-26T01:55:00,707,0.81
P076,P068,CALLED,2026-08-27T08:56:00,1807,0.808
P013,P019,CALLED,2026-08-28T15:57:00,1238,0.84
P030,P050,CALLED,2026-08-29T22:58:00,407,0.753
P047,P001,CALLED,2026-08-30T05:59:00,1498,0.777
P064,P032,CALLED,2026-08-01T12:00:00,1711,0.898
P001,P063,CALLED,2026-08-02T19:01:00,1516,0.981
P018,P014,CALLED,2026-08-03T02:02:00,927,0.755
P035,P045,CALLED,2026-08-04T09:03:00,978,0.867
P052,P076,CALLED,2026-08-05T16:04:00,1767,0.931
P069,P027,CALLED,2026-08-06T23:05:00,2097,0.964
P006,P058,CALLED,2026-08-07T06:06:00,351,0.798
P023,P009,CALLED,2026-08-08T13:07:00,1318,0.937
P040,P042,CALLED,2026-08-09T20:08:00,481,0.832
P057,P071,CALLED,2026-08-10T03:09:00,1587,0.829
P074,P022,CALLED,2026-08-11T10:10:00,1286,0.926
P011,P053,CALLED,2026-08-12T17:11:00,2344,0.937
P028,P004,CALLED,2026-08-13T00:12:00,1602,0.775
P045,P035,CALLED,2026-08-14T07:13:00,76,0.788
P062,P066,CALLED,2026-08-15T14:14:00,1394,0.944
P079,P017,CALLED,2026-08-16T21:15:00,1918,0.854
P016,P048,CALLED,2026-08-17T04:16:00,1668,0.815
P033,P079,CALLED,2026-08-18T11:17:00,1267,0.82
P050,P030,CALLED,2026-08-19T18:18:00,1868,0.976
P067,P061,CALLED,2026-08-20T01:19:00,1774,0.875
P004,P012,CALLED,2026-08-21T08:20:00,1723,0.777
P021,P043,CALLED,2026-08-22T15:21:00,1655,0.929
P038,P074,CALLED,2026-08-23T22:22:00,2072,0.896
P055,P025,CALLED,2026-08-24T05:23:00,765,0.943
P072,P056,CALLED,2026-08-25T12:24:00,489,0.788
P009,P007,CALLED,2026-08-26T19:25:00,980,0.882
P026,P038,CALLED,2026-08-27T02:26:00,1268,0.931
P043,P069,CALLED,2026-08-28T09:27:00,1767,0.949
P060,P020,CALLED,2026-08-29T16:28:00,226,0.804
P077,P051,CALLED,2026-08-30T23:29:00,1649,0.853
P014,P002,CALLED,2026-08-01T06:30:00,1857,0.873
P031,P033,CALLED,2026-08-02T13:31:00,1265,0.858
P048,P064,CALLED,2026-08-03T20:32:00,191,0.837
P065,P015,CALLED,2026-08-04T03:33:00,1738,0.966
P002,P046,CALLED,2026-08-05T10:34:00,2267,0.789
P019,P077,CALLED,2026-08-06T17:35:00,375,0.882
P036,P028,CALLED,2026-08-07T00:36:00,1874,0.941
P053,P059,CALLED,2026-08-08T07:37:00,1936,0.802
P070,P010,CALLED,2026-08-09T14:38:00,372,0.751
P007,P041,CALLED,2026-08-10T21:39:00,1484,0.984
P024,P072,CALLED,2026-08-11T04:40:00,929,0.975
P041,P023,CALLED,2026-08-12T11:41:00,770,0.818
P058,P054,CALLED,2026-08-13T18:42:00,2090,0.87
P075,P005,CALLED,2026-08-14T01:43:00,764,0.919
P012,P036,CALLED,2026-08-15T08:44:00,2395,0.965
P029,P067,CALLED,2026-08-16T15:45:00,46,0.952
P046,P018,CALLED,2026-08-17T22:46:00,41,0.823
P063,P049,CALLED,2026-08-18T05:47:00,1999,0.804
P080,P002,CALLED,2026-08-19T12:48:00,865,0.921
P017,P031,CALLED,2026-08-20T19:49:00,467,0.981
P034,P062,CALLED,2026-08-21T02:50:00,1054,0.829
P051,P013,CALLED,2026-08-22T09:51:00,2069,0.86
P068,P044,CALLED,2026-08-23T16:52:00,2192,0.766
P005,P075,CALLED,2026-08-24T23:53:00,1433,0.966
P022,P026,CALLED,2026-08-25T06:54:00,1990,0.973
P039,P057,CALLED,2026-08-26T13:55:00,1432,0.922
P056,P008,CALLED,2026-08-27T20:56:00,1836,0.901
P073,P039,CALLED,2026-08-28T03:57:00,886,0.753
P010,P070,CALLED,2026-08-29T10:58:00,1521,0.791
P027,P021,CALLED,2026-08-30T17:59:00,1352,0.876
P044,P052,CALLED,2026-08-01T00:00:00,1514,0.927
P061,P003,CALLED,2026-08-02T07:01:00,2017,0.832
P078,P034,CALLED,2026-08-03T14:02:00,1053,0.856
P015,P065,CALLED,2026-08-04T21:03:00,1346,0.875
P032,P016,CALLED,2026-08-05T04:04:00,880,0.819
P049,P047,CALLED,2026-08-06T11:05:00,1374,0.944
P066,P078,CALLED,2026-08-07T18:06:00,1382,0.817
P003,P029,CALLED,2026-08-08T01:07:00,825,0.755
P020,P060,CALLED,2026-08-09T08:08:00,824,0.979
P037,P011,CALLED,2026-08-10T15:09:00,2015,0.902
P054,P042,CALLED,2026-08-11T22:10:00,510,0.799
P071,P073,CALLED,2026-08-12T05:11:00,124,0.831
P008,P024,CALLED,2026-08-13T12:12:00,1396,0.917
P025,P055,CALLED,2026-08-14T19:13:00,846,0.82
P042,P006,CALLED,2026-08-15T02:14:00,1392,0.905
P059,P037,CALLED,2026-08-16T09:15:00,581,0.774
P076,P068,CALLED,2026-08-17T16:16:00,949,0.767
P013,P019,CALLED,2026-08-18T23:17:00,772,0.787
P030,P050,CALLED,2026-08-19T06:18:00,653,0.866
P047,P001,CALLED,2026-08-20T13:19:00,2328,0.841
P064,P032,CALLED,2026-08-21T20:20:00,705,0.927
P001,P063,CALLED,2026-08-22T03:21:00,1972,0.828
P018,P014,CALLED,2026-08-23T10:22:00,772,0.959
P035,P045,CALLED,2026-08-24T17:23:00,1279,0.974
P052,P076,CALLED,2026-08-25T00:24:00,627,0.899
P069,P027,CALLED,2026-08-26T07:25:00,2348,0.952
P006,P058,CALLED,2026-08-27T14:26:00,1004,0.989
P023,P009,CALLED,2026-08-28T21:27:00,1859,0.952
P040,P042,CALLED,2026-08-29T04:28:00,2373,0.839
P057,P071,CALLED,2026-08-30T11:29:00,461,0.783
P074,P022,CALLED,2026-08-01T18:30:00,2056,0.961
P011,P053,CALLED,2026-08-02T01:31:00,176,0.945
P028,P004,CALLED,2026-08-03T08:32:00,1220,0.751
P045,P035,CALLED,2026-08-04T15:33:00,17,0.794
P062,P066,CALLED,2026-08-05T22:34:00,1730,0.859
P079,P017,CALLED,2026-08-06T05:35:00,1449,0.934
P016,P048,CALLED,2026-08-07T12:36:00,2081,0.869
P033,P079,CALLED,2026-08-08T19:37:00,1314,0.967
P050,P030,CALLED,2026-08-09T02:38:00,2396,0.948
P067,P061,CALLED,2026-08-10T09:39:00,745,0.858
P004,P012,CALLED,2026-08-11T16:40:00,742,0.952
P021,P043,CALLED,2026-08-12T23:41:00,1723,0.943
P038,P074,CALLED,2026-08-13T06:42:00,2374,0.852
P055,P025,CALLED,2026-08-14T13:43:00,1392,0.941
P072,P056,CALLED,2026-08-15T20:44:00,791,0.821
P009,P007,CALLED,2026-08-16T03:45:00,1042,0.806
P026,P038,CALLED,2026-08-17T10:46:00,1746,0.928
P043,P069,CALLED,2026-08-18T17:47:00,1363,0.828
P060,P020,CALLED,2026-08-19T00:48:00,484,0.974
P077,P051,CALLED,2026-08-20T07:49:00,768,0.979
P014,P002,CALLED,2026-08-21T14:50:00,1664,0.872
P031,P033,CALLED,2026-08-22T21:51:00,2311,0.911
P048,P064,CALLED,2026-08-23T04:52:00,701,0.774
P065,P015,CALLED,2026-08-24T11:53:00,1713,0.794
P002,P046,CALLED,2026-08-25T18:54:00,330,0.937
P019,P077,CALLED,2026-08-26T01:55:00,407,0.783
P036,P028,CALLED,2026-08-27T08:56:00,381,0.853
P053,P059,CALLED,2026-08-28T15:57:00,693,0.91
P070,P010,CALLED,2026-08-29T22:58:00,2186,0.934
P007,P041,CALLED,2026-08-30T05:59:00,514,0.916
P024,P072,CALLED,2026-08-01T12:00:00,2279,0.876
P041,P023,CALLED,2026-08-02T19:01:00,532,0.806
P058,P054,CALLED,2026-08-03T02:02:00,1106,0.946
P075,P005,CALLED,2026-08-04T09:03:00,1207,0.815
P012,P036,CALLED,2026-08-05T16:04:00,121,0.824
P029,P067,CALLED,2026-08-06T23:05:00,1830,0.808
P046,P018,CALLED,2026-08-07T06:06:00,925,0.881
P063,P049,CALLED,2026-08-08T13:07:00,1765,0.936
P080,P002,CALLED,2026-08-09T20:08:00,1261,0.772
P017,P031,CALLED,2026-08-10T03:09:00,1524,0.851
P034,P062,CALLED,2026-08-11T10:10:00,261,0.825
P051,P013,CALLED,2026-08-12T17:11:00,2329,0.813
P068,P044,CALLED,2026-08-13T00:12:00,987,0.79
P005,P075,CALLED,2026-08-14T07:13:00,41,0.907
P022,P026,CALLED,2026-08-15T14:14:00,1332,0.816
P039,P057,CALLED,2026-08-16T21:15:00,1391,0.961
P056,P008,CALLED,2026-08-17T04:16:00,502,0.788
P073,P039,CALLED,2026-08-18T11:17:00,2266,0.847
P010,P070,CALLED,2026-08-19T18:18:00,184,0.987
P027,P021,CALLED,2026-08-20T01:19:00,1328,0.968
P044,P052,CALLED,2026-08-21T08:20:00,1820,0.891
P061,P003,CALLED,2026-08-22T15:21:00,725,0.759
P078,P034,CALLED,2026-08-23T22:22:00,980,0.887
P015,P065,CALLED,2026-08-24T05:23:00,1344,0.989
P032,P016,CALLED,2026-08-25T12:24:00,1750,0.956
P049,P047,CALLED,2026-08-26T19:25:00,2356,0.768
P066,P078,CALLED,2026-08-27T02:26:00,1710,0.771
P003,P029,CALLED,2026-08-28T09:27:00,1087,0.947
P020,P060,CALLED,2026-08-29T16:28:00,431,0.815
P037,P011,CALLED,2026-08-30T23:29:00,1059,0.93
P054,P042,CALLED,2026-08-01T06:30:00,370,0.827
P071,P073,CALLED,2026-08-02T13:31:00,799,0.909
P008,P024,CALLED,2026-08-03T20:32:00,2196,0.929
P025,P055,CALLED,2026-08-04T03:33:00,343,0.878
P042,P006,CALLED,2026-08-05T10:34:00,1400,0.945
P059,P037,CALLED,2026-08-06T17:35:00,1320,0.912
P076,P068,CALLED,2026-08-07T00:36:00,608,0.964
P013,P019,CALLED,2026-08-08T07:37:00,208,0.978
P030,P050,CALLED,2026-08-09T14:38:00,1998,0.983
P047,P001,CALLED,2026-08-10T21:39:00,243,0.982
P064,P032,CALLED,2026-08-11T04:40:00,361,0.762
P001,P063,CALLED,2026-08-12T11:41:00,103,0.783
P018,P014,CALLED,2026-08-13T18:42:00,1358,0.923
P035,P045,CALLED,2026-08-14T01:43:00,1655,0.894
P052,P076,CALLED,2026-08-15T08:44:00,434,0.877
P069,P027,CALLED,2026-08-16T15:45:00,564,0.799
P006,P058,CALLED,2026-08-17T22:46:00,200,0.911
P023,P009,CALLED,2026-08-18T05:47:00,950,0.815
P040,P042,CALLED,2026-08-19T12:48:00,1175,0.76
P057,P071,CALLED,2026-08-20T19:49:00,2014,0.8
P074,P022,CALLED,2026-08-21T02:50:00,748,0.752
P011,P053,CALLED,2026-08-22T09:51:00,1964,0.977
P028,P004,CALLED,2026-08-23T16:52:00,1569,0.86
P045,P035,CALLED,2026-08-24T23:53:00,1854,0.872
P062,P066,CALLED,2026-08-25T06:54:00,1903,0.816
P079,P017,CALLED,2026-08-26T13:55:00,1520,0.982
P016,P048,CALLED,2026-08-27T20:56:00,2233,0.861
P033,P079,CALLED,2026-08-28T03:57:00,1980,0.982
P050,P030,CALLED,2026-08-29T10:58:00,1717,0.971
P067,P061,CALLED,2026-08-30T17:59:00,586,0.94
P004,P012,CALLED,2026-08-01T00:00:00,1395,0.952
P021,P043,CALLED,2026-08-02T07:01:00,601,0.966
P038,P074,CALLED,2026-08-03T14:02:00,201,0.815
P055,P025,CALLED,2026-08-04T21:03:00,204,0.754
P072,P056,CALLED,2026-08-05T04:04:00,658,0.758
P009,P007,CALLED,2026-08-06T11:05:00,74,0.861
P026,P038,CALLED,2026-08-07T18:06:00,616,0.952
P043,P069,CALLED,2026-08-08T01:07:00,455,0.883
P060,P020,CALLED,2026-08-09T08:08:00,2030,0.936
P077,P051,CALLED,2026-08-10T15:09:00,2072,0.823
P014,P002,CALLED,2026-08-11T22:10:00,177,0.867
P031,P033,CALLED,2026-08-12T05:11:00,1398,0.878
P048,P064,CALLED,2026-08-13T12:12:00,120,0.792
P065,P015,CALLED,2026-08-14T19:13:00,1838,0.923
P002,P046,CALLED,2026-08-15T02:14:00,31,0.792
P019,P077,CALLED,2026-08-16T09:15:00,1830,0.851
P036,P028,CALLED,2026-08-17T16:16:00,1689,0.872
P053,P059,CALLED,2026-08-18T23:17:00,2278,0.779
P070,P010,CALLED,2026-08-19T06:18:00,1716,0.782
P007,P041,CALLED,2026-08-20T13:19:00,2347,0.761
P024,P072,CALLED,2026-08-21T20:20:00,80,0.824
P041,P023,CALLED,2026-08-22T03:21:00,459,0.839
P058,P054,CALLED,2026-08-23T10:22:00,1082,0.932
P075,P005,CALLED,2026-08-24T17:23:00,1302,0.782
P012,P036,CALLED,2026-08-25T00:24:00,821,0.832
P029,P067,CALLED,2026-08-26T07:25:00,2163,0.933
P046,P018,CALLED,2026-08-27T14:26:00,2212,0.815
P063,P049,CALLED,2026-08-28T21:27:00,1156,0.787
P080,P002,CALLED,2026-08-29T04:28:00,912,0.989
P017,P031,CALLED,2026-08-30T11:29:00,489,0.88
P034,P062,CALLED,2026-08-01T18:30:00,71,0.82
P051,P013,CALLED,2026-08-02T01:31:00,1147,0.779
P068,P044,CALLED,2026-08-03T08:32:00,856,0.796
P005,P075,CALLED,2026-08-04T15:33:00,2231,0.966
P022,P026,CALLED,2026-08-05T22:34:00,2165,0.779
P039,P057,CALLED,2026-08-06T05:35:00,2019,0.977
P056,P008,CALLED,2026-08-07T12:36:00,2170,0.825
P073,P039,CALLED,2026-08-08T19:37:00,1792,0.968
P010,P070,CALLED,2026-08-09T02:38:00,268,0.752
P027,P021,CALLED,2026-08-10T09:39:00,1081,0.931
P044,P052,CALLED,2026-08-11T16:40:00,1064,0.892
P061,P003,CALLED,2026-08-12T23:41:00,822,0.823
P078,P034,CALLED,2026-08-13T06:42:00,2242,0.969
P015,P065,CALLED,2026-08-14T13:43:00,609,0.923
P032,P016,CALLED,2026-08-15T20:44:00,1439,0.793
P049,P047,CALLED,2026-08-16T03:45:00,316,0.808
P066,P078,CALLED,2026-08-17T10:46:00,1115,0.984
P003,P029,CALLED,2026-08-18T17:47:00,141,0.797
P020,P060,CALLED,2026-08-19T00:48:00,1560,0.788
P037,P011,CALLED,2026-08-20T07:49:00,1673,0.932
P054,P042,CALLED,2026-08-21T14:50:00,1683,0.919
P071,P073,CALLED,2026-08-22T21:51:00,1625,0.87
P008,P024,CALLED,2026-08-23T04:52:00,1335,0.938
P025,P055,CALLED,2026-08-24T11:53:00,48,0.923
P042,P006,CALLED,2026-08-25T18:54:00,1602,0.885
P059,P037,CALLED,2026-08-26T01:55:00,1740,0.773
P076,P068,CALLED,2026-08-27T08:56:00,1366,0.78
P013,P019,CALLED,2026-08-28T15:57:00,1177,0.967
P030,P050,CALLED,2026-08-29T22:58:00,1635,0.847
P047,P001,CALLED,2026-08-30T05:59:00,1311,0.766
P064,P032,CALLED,2026-08-01T12:00:00,1481,0.863
P001,P063,CALLED,2026-08-02T19:01:00,395,0.804
P018,P014,CALLED,2026-08-03T02:02:00,569,0.904
P035,P045,CALLED,2026-08-04T09:03:00,492,0.855
P052,P076,CALLED,2026-08-05T16:04:00,1261,0.913
P069,P027,CALLED,2026-08-06T23:05:00,947,0.968
P006,P058,CALLED,2026-08-07T06:06:00,1494,0.797
P023,P009,CALLED,2026-08-08T13:07:00,1881,0.922
P040,P042,CALLED,2026-08-09T20:08:00,1086,0.913
P057,P071,CALLED,2026-08-10T03:09:00,2000,0.836
P074,P022,CALLED,2026-08-11T10:10:00,2251,0.896
P011,P053,CALLED,2026-08-12T17:11:00,2257,0.816
P028,P004,CALLED,2026-08-13T00:12:00,1017,0.759
P045,P035,CALLED,2026-08-14T07:13:00,2067,0.805
P062,P066,CALLED,2026-08-15T14:14:00,479,0.888
P079,P017,CALLED,2026-08-16T21:15:00,2194,0.968
P016,P048,CALLED,2026-08-17T04:16:00,2044,0.759
P033,P079,CALLED,2026-08-18T11:17:00,925,0.788
P050,P030,CALLED,2026-08-19T18:18:00,63,0.967
P067,P061,CALLED,2026-08-20T01:19:00,278,0.83
P004,P012,CALLED,2026-08-21T08:20:00,1200,0.779
P021,P043,CALLED,2026-08-22T15:21:00,634,0.762
P038,P074,CALLED,2026-08-23T22:22:00,117,0.772
P055,P025,CALLED,2026-08-24T05:23:00,165,0.917
P072,P056,CALLED,2026-08-25T12:24:00,1511,0.916
P009,P007,CALLED,2026-08-26T19:25:00,1802,0.968
P026,P038,CALLED,2026-08-27T02:26:00,420,0.794
P043,P069,CALLED,2026-08-28T09:27:00,1177,0.797
P060,P020,CALLED,2026-08-29T16:28:00,1290,0.952
P077,P051,CALLED,2026-08-30T23:29:00,1807,0.763
P014,P002,CALLED,2026-08-01T06:30:00,52,0.867
P031,P033,CALLED,2026-08-02T13:31:00,955,0.985
P048,P064,CALLED,2026-08-03T20:32:00,966,0.909
P065,P015,CALLED,2026-08-04T03:33:00,1712,0.98
P002,P046,CALLED,2026-08-05T10:34:00,559,0.954
P019,P077,CALLED,2026-08-06T17:35:00,462,0.776
P036,P028,CALLED,2026-08-07T00:36:00,828,0.979
P053,P059,CALLED,2026-08-08T07:37:00,123,0.841
P070,P010,CALLED,2026-08-09T14:38:00,1356,0.953
P007,P041,CALLED,2026-08-10T21:39:00,1001,0.916
P024,P072,CALLED,2026-08-11T04:40:00,2227,0.771
P041,P023,CALLED,2026-08-12T11:41:00,1099,0.933
P058,P054,CALLED,2026-08-13T18:42:00,1416,0.861
P075,P005,CALLED,2026-08-14T01:43:00,2204,0.934
P012,P036,CALLED,2026-08-15T08:44:00,290,0.846
P029,P067,CALLED,2026-08-16T15:45:00,1980,0.928
P046,P018,CALLED,2026-08-17T22:46:00,1782,0.806
P063,P049,CALLED,2026-08-18T05:47:00,1977,0.769
P080,P002,CALLED,2026-08-19T12:48:00,935,0.918
P017,P031,CALLED,2026-08-20T19:49:00,2064,0.804
P034,P062,CALLED,2026-08-21T02:50:00,521,0.926
P051,P013,CALLED,2026-08-22T09:51:00,1555,0.778
P068,P044,CALLED,2026-08-23T16:52:00,2127,0.853
P005,P075,CALLED,2026-08-24T23:53:00,895,0.903
P022,P026,CALLED,2026-08-25T06:54:00,2139,0.952
P039,P057,CALLED,2026-08-26T13:55:00,2315,0.808
P056,P008,CALLED,2026-08-27T20:56:00,1006,0.954
P073,P039,CALLED,2026-08-28T03:57:00,2344,0.893
P010,P070,CALLED,2026-08-29T10:58:00,2170,0.928
P027,P021,CALLED,2026-08-30T17:59:00,231,0.795
P044,P052,CALLED,2026-08-01T00:00:00,984,0.875
P061,P003,CALLED,2026-08-02T07:01:00,976,0.862
P078,P034,CALLED,2026-08-03T14:02:00,2250,0.891
P015,P065,CALLED,2026-08-04T21:03:00,1715,0.839
P032,P016,CALLED,2026-08-05T04:04:00,1182,0.97
P049,P047,CALLED,2026-08-06T11:05:00,1798,0.772
P066,P078,CALLED,2026-08-07T18:06:00,1779,0.798
P003,P029,CALLED,2026-08-08T01:07:00,1516,0.901
P020,P060,CALLED,2026-08-09T08:08:00,794,0.845
P037,P011,CALLED,2026-08-10T15:09:00,1968,0.941
P054,P042,CALLED,2026-08-11T22:10:00,961,0.815
P071,P073,CALLED,2026-08-12T05:11:00,2150,0.98
P008,P024,CALLED,2026-08-13T12:12:00,2230,0.893
P025,P055,CALLED,2026-08-14T19:13:00,518,0.987
P042,P006,CALLED,2026-08-15T02:14:00,900,0.852
P059,P037,CALLED,2026-08-16T09:15:00,748,0.837
P076,P068,CALLED,2026-08-17T16:16:00,1157,0.875
P013,P019,CALLED,2026-08-18T23:17:00,1259,0.866
P030,P050,CALLED,2026-08-19T06:18:00,1090,0.894
P047,P001,CALLED,2026-08-20T13:19:00,893,0.81
P064,P032,CALLED,2026-08-21T20:20:00,277,0.901
P001,P063,CALLED,2026-08-22T03:21:00,2131,0.973
P018,P014,CALLED,2026-08-23T10:22:00,1023,0.893
P035,P045,CALLED,2026-08-24T17:23:00,1210,0.85
P052,P076,CALLED,2026-08-25T00:24:00,530,0.779
P069,P027,CALLED,2026-08-26T07:25:00,1099,0.923
P006,P058,CALLED,2026-08-27T14:26:00,2333,0.841
P023,P009,CALLED,2026-08-28T21:27:00,1032,0.961
P040,P042,CALLED,2026-08-29T04:28:00,1386,0.787
P057,P071,CALLED,2026-08-30T11:29:00,297,0.763
P074,P022,CALLED,2026-08-01T18:30:00,953,0.91
P011,P053,CALLED,2026-08-02T01:31:00,1531,0.922
P028,P004,CALLED,2026-08-03T08:32:00,445,0.935
P045,P035,CALLED,2026-08-04T15:33:00,1937,0.838
P062,P066,CALLED,2026-08-05T22:34:00,1014,0.813
P079,P017,CALLED,2026-08-06T05:35:00,669,0.964
P016,P048,CALLED,2026-08-07T12:36:00,1395,0.759
P033,P079,CALLED,2026-08-08T19:37:00,474,0.813
P050,P030,CALLED,2026-08-09T02:38:00,2139,0.951
P067,P061,CALLED,2026-08-10T09:39:00,834,0.927
P004,P012,CALLED,2026-08-11T16:40:00,1223,0.787
P021,P043,CALLED,2026-08-12T23:41:00,1886,0.752
P038,P074,CALLED,2026-08-13T06:42:00,2260,0.817
P055,P025,CALLED,2026-08-14T13:43:00,298,0.951
P072,P056,CALLED,2026-08-15T20:44:00,1146,0.822
P009,P007,CALLED,2026-08-16T03:45:00,1956,0.967
P026,P038,CALLED,2026-08-17T10:46:00,910,0.949
P043,P069,CALLED,2026-08-18T17:47:00,341,0.913
P060,P020,CALLED,2026-08-19T00:48:00,980,0.766
P077,P051,CALLED,2026-08-20T07:49:00,524,0.901
P014,P002,CALLED,2026-08-21T14:50:00,90,0.968
P031,P033,CALLED,2026-08-22T21:51:00,56,0.769
P048,P064,CALLED,2026-08-23T04:52:00,607,0.88
P065,P015,CALLED,2026-08-24T11:53:00,442,0.937
P002,P046,CALLED,2026-08-25T18:54:00,339,0.882
P019,P077,CALLED,2026-08-26T01:55:00,2197,0.958
P036,P028,CALLED,2026-08-27T08:56:00,1621,0.985
P053,P059,CALLED,2026-08-28T15:57:00,2166,0.875
P070,P010,CALLED,2026-08-29T22:58:00,1100,0.917
P007,P041,CALLED,2026-08-30T05:59:00,1083,0.857
P024,P072,CALLED,2026-08-01T12:00:00,1337,0.834
P041,P023,CALLED,2026-08-02T19:01:00,1781,0.973
P058,P054,CALLED,2026-08-03T02:02:00,2218,0.95
P075,P005,CALLED,2026-08-04T09:03:00,1769,0.847
P012,P036,CALLED,2026-08-05T16:04:00,180,0.777
P029,P067,CALLED,2026-08-06T23:05:00,1407,0.978
P046,P018,CALLED,2026-08-07T06:06:00,363,0.793
P063,P049,CALLED,2026-08-08T13:07:00,338,0.966
P080,P002,CALLED,2026-08-09T20:08:00,1484,0.895
P017,P031,CALLED,2026-08-10T03:09:00,608,0.977
P034,P062,CALLED,2026-08-11T10:10:00,1506,0.988
P051,P013,CALLED,2026-08-12T17:11:00,421,0.912
P068,P044,CALLED,2026-08-13T00:12:00,406,0.822
P005,P075,CALLED,2026-08-14T07:13:00,1720,0.93
P022,P026,CALLED,2026-08-15T14:14:00,2283,0.954
P039,P057,CALLED,2026-08-16T21:15:00,1539,0.899
P056,P008,CALLED,2026-08-17T04:16:00,78,0.984
P073,P039,CALLED,2026-08-18T11:17:00,2022,0.983
P010,P070,CALLED,2026-08-19T18:18:00,63,0.774
P027,P021,CALLED,2026-08-20T01:19:00,1957,0.976
P044,P052,CALLED,2026-08-21T08:20:00,1099,0.834
P061,P003,CALLED,2026-08-22T15:21:00,2356,0.87
P078,P034,CALLED,2026-08-23T22:22:00,609,0.909
P015,P065,CALLED,2026-08-24T05:23:00,343,0.916
P032,P016,CALLED,2026-08-25T12:24:00,712,0.889
P049,P047,CALLED,2026-08-26T19:25:00,1125,0.859
P066,P078,CALLED,2026-08-27T02:26:00,618,0.788
P003,P029,CALLED,2026-08-28T09:27:00,877,0.761
P020,P060,CALLED,2026-08-29T16:28:00,391,0.958
P037,P011,CALLED,2026-08-30T23:29:00,1681,0.853
P054,P042,CALLED,2026-08-01T06:30:00,950,0.953
P071,P073,CALLED,2026-08-02T13:31:00,475,0.897
P008,P024,CALLED,2026-08-03T20:32:00,1331,0.885
P025,P055,CALLED,2026-08-04T03:33:00,1266,0.776
P042,P006,CALLED,2026-08-05T10:34:00,1780,0.919
P059,P037,CALLED,2026-08-06T17:35:00,1029,0.895
P076,P068,CALLED,2026-08-07T00:36:00,377,0.788
P013,P019,CALLED,2026-08-08T07:37:00,853,0.977
P030,P050,CALLED,2026-08-09T14:38:00,1899,0.818
P047,P001,CALLED,2026-08-10T21:39:00,1238,0.911
P064,P032,CALLED,2026-08-11T04:40:00,731,0.891
P001,P063,CALLED,2026-08-12T11:41:00,1936,0.788
P018,P014,CALLED,2026-08-13T18:42:00,1363,0.909
P035,P045,CALLED,2026-08-14T01:43:00,1258,0.768
P052,P076,CALLED,2026-08-15T08:44:00,2379,0.894
P069,P027,CALLED,2026-08-16T15:45:00,1472,0.871
P006,P058,CALLED,2026-08-17T22:46:00,2131,0.951
P023,P009,CALLED,2026-08-18T05:47:00,101,0.93
P040,P042,CALLED,2026-08-19T12:48:00,913,0.802
P057,P071,CALLED,2026-08-20T19:49:00,2182,0.946
P074,P022,CALLED,2026-08-21T02:50:00,38,0.895
P011,P053,CALLED,2026-08-22T09:51:00,2006,0.813
P028,P004,CALLED,2026-08-23T16:52:00,2173,0.877
P045,P035,CALLED,2026-08-24T23:53:00,1080,0.942
P062,P066,CALLED,2026-08-25T06:54:00,1021,0.823
P079,P017,CALLED,2026-08-26T13:55:00,408,0.832
P016,P048,CALLED,2026-08-27T20:56:00,533,0.809
P033,P079,CALLED,2026-08-28T03:57:00,2234,0.873
P050,P030,CALLED,2026-08-29T10:58:00,2256,0.764
P067,P061,CALLED,2026-08-30T17:59:00,1485,0.855
P004,P012,CALLED,2026-08-01T00:00:00,437,0.928
P021,P043,CALLED,2026-08-02T07:01:00,2367,0.889
P038,P074,CALLED,2026-08-03T14:02:00,174,0.833
P055,P025,CALLED,2026-08-04T21:03:00,2061,0.766
P072,P056,CALLED,2026-08-05T04:04:00,1168,0.974
P009,P007,CALLED,2026-08-06T11:05:00,1298,0.981
P026,P038,CALLED,2026-08-07T18:06:00,1066,0.77
P043,P069,CALLED,2026-08-08T01:07:00,1476,0.875
P060,P020,CALLED,2026-08-09T08:08:00,1038,0.932
P077,P051,CALLED,2026-08-10T15:09:00,2209,0.963
P014,P002,CALLED,2026-08-11T22:10:00,276,0.796
P031,P033,CALLED,2026-08-12T05:11:00,1832,0.974
P048,P064,CALLED,2026-08-13T12:12:00,429,0.978
P065,P015,CALLED,2026-08-14T19:13:00,869,0.879
P002,P046,CALLED,2026-08-15T02:14:00,578,0.932
P019,P077,CALLED,2026-08-16T09:15:00,641,0.897
P036,P028,CALLED,2026-08-17T16:16:00,69,0.762
P053,P059,CALLED,2026-08-18T23:17:00,1920,0.845
P070,P010,CALLED,2026-08-19T06:18:00,55,0.966
P007,P041,CALLED,2026-08-20T13:19:00,2294,0.91
P024,P072,CALLED,2026-08-21T20:20:00,1327,0.873
P041,P023,CALLED,2026-08-22T03:21:00,141,0.938
P058,P054,CALLED,2026-08-23T10:22:00,2198,0.794
P075,P005,CALLED,2026-08-24T17:23:00,1222,0.891
P012,P036,CALLED,2026-08-25T00:24:00,1273,0.884
P029,P067,CALLED,2026-08-26T07:25:00,708,0.81
P046,P018,CALLED,2026-08-27T14:26:00,1403,0.823
P063,P049,CALLED,2026-08-28T21:27:00,1325,0.765
P080,P002,CALLED,2026-08-29T04:28:00,1274,0.957
P017,P031,CALLED,2026-08-30T11:29:00,1585,0.771
P034,P062,CALLED,2026-08-01T18:30:00,709,0.979
P051,P013,CALLED,2026-08-02T01:31:00,1807,0.877
P068,P044,CALLED,2026-08-03T08:32:00,1274,0.893
P005,P075,CALLED,2026-08-04T15:33:00,670,0.898
P022,P026,CALLED,2026-08-05T22:34:00,394,0.797
P039,P057,CALLED,2026-08-06T05:35:00,1322,0.774
P056,P008,CALLED,2026-08-07T12:36:00,2199,0.787
P073,P039,CALLED,2026-08-08T19:37:00,193,0.82
P010,P070,CALLED,2026-08-09T02:38:00,519,0.982
P027,P021,CALLED,2026-08-10T09:39:00,212,0.928
P044,P052,CALLED,2026-08-11T16:40:00,2110,0.858
P061,P003,CALLED,2026-08-12T23:41:00,1460,0.958
P078,P034,CALLED,2026-08-13T06:42:00,381,0.868
P015,P065,CALLED,2026-08-14T13:43:00,266,0.925
P032,P016,CALLED,2026-08-15T20:44:00,2003,0.81
P049,P047,CALLED,2026-08-16T03:45:00,1511,0.852
P066,P078,CALLED,2026-08-17T10:46:00,1189,0.831
P003,P029,CALLED,2026-08-18T17:47:00,20,0.919
P020,P060,CALLED,2026-08-19T00:48:00,2055,0.813
P037,P011,CALLED,2026-08-20T07:49:00,1099,0.881
P054,P042,CALLED,2026-08-21T14:50:00,690,0.946
P071,P073,CALLED,2026-08-22T21:51:00,1090,0.936
P008,P024,CALLED,2026-08-23T04:52:00,623,0.985
P025,P055,CALLED,2026-08-24T11:53:00,128,0.821
P042,P006,CALLED,2026-08-25T18:54:00,1474,0.895
P059,P037,CALLED,2026-08-26T01:55:00,125,0.805
P076,P068,CALLED,2026-08-27T08:56:00,295,0.934
P013,P019,CALLED,2026-08-28T15:57:00,1604,0.793
P030,P050,CALLED,2026-08-29T22:58:00,1921,0.931
P047,P001,CALLED,2026-08-30T05:59:00,1864,0.814
P064,P032,CALLED,2026-08-01T12:00:00,2116,0.818
P001,P063,CALLED,2026-08-02T19:01:00,875,0.981
P018,P014,CALLED,2026-08-03T02:02:00,310,0.973
P035,P045,CALLED,2026-08-04T09:03:00,2373,0.778
P052,P076,CALLED,2026-08-05T16:04:00,2122,0.772
P069,P027,CALLED,2026-08-06T23:05:00,609,0.777
P006,P058,CALLED,2026-08-07T06:06:00,234,0.791
P023,P009,CALLED,2026-08-08T13:07:00,1986,0.804
P040,P042,CALLED,2026-08-09T20:08:00,453,0.893
P057,P071,CALLED,2026-08-10T03:09:00,804,0.9
P074,P022,CALLED,2026-08-11T10:10:00,1224,0.847
P011,P053,CALLED,2026-08-12T17:11:00,26,0.771
P028,P004,CALLED,2026-08-13T00:12:00,1315,0.946
P045,P035,CALLED,2026-08-14T07:13:00,2151,0.916
P062,P066,CALLED,2026-08-15T14:14:00,1866,0.851
P079,P017,CALLED,2026-08-16T21:15:00,1050,0.824
P016,P048,CALLED,2026-08-17T04:16:00,1850,0.786
P033,P079,CALLED,2026-08-18T11:17:00,823,0.948
P050,P030,CALLED,2026-08-19T18:18:00,1708,0.972
P067,P061,CALLED,2026-08-20T01:19:00,1728,0.839
P004,P012,CALLED,2026-08-21T08:20:00,319,0.92
P021,P043,CALLED,2026-08-22T15:21:00,2206,0.856
P038,P074,CALLED,2026-08-23T22:22:00,243,0.989
P055,P025,CALLED,2026-08-24T05:23:00,1785,0.751
P072,P056,CALLED,2026-08-25T12:24:00,1909,0.785
P009,P007,CALLED,2026-08-26T19:25:00,1707,0.79
P026,P038,CALLED,2026-08-27T02:26:00,1643,0.805
P043,P069,CALLED,2026-08-28T09:27:00,760,0.807
P060,P020,CALLED,2026-08-29T16:28:00,1726,0.849
P077,P051,CALLED,2026-08-30T23:29:00,1469,0.843
P014,P002,CALLED,2026-08-01T06:30:00,1844,0.785
P031,P033,CALLED,2026-08-02T13:31:00,750,0.899
P048,P064,CALLED,2026-08-03T20:32:00,946,0.972
P065,P015,CALLED,2026-08-04T03:33:00,283,0.788
P002,P046,CALLED,2026-08-05T10:34:00,747,0.814
P019,P077,CALLED,2026-08-06T17:35:00,1676,0.874
P036,P028,CALLED,2026-08-07T00:36:00,275,0.931
P053,P059,CALLED,2026-08-08T07:37:00,583,0.963
P070,P010,CALLED,2026-08-09T14:38:00,626,0.913
P007,P041,CALLED,2026-08-10T21:39:00,1901,0.984
P024,P072,CALLED,2026-08-11T04:40:00,528,0.907
P041,P023,CALLED,2026-08-12T11:41:00,1318,0.984
P058,P054,CALLED,2026-08-13T18:42:00,290,0.839
P075,P005,CALLED,2026-08-14T01:43:00,1033,0.99
P012,P036,CALLED,2026-08-15T08:44:00,60,0.779
P029,P067,CALLED,2026-08-16T15:45:00,988,0.781
P046,P018,CALLED,2026-08-17T22:46:00,371,0.975
P063,P049,CALLED,2026-08-18T05:47:00,1809,0.903
P080,P002,CALLED,2026-08-19T12:48:00,2161,0.798
P017,P031,CALLED,2026-08-20T19:49:00,2264,0.852
P034,P062,CALLED,2026-08-21T02:50:00,1586,0.766
P051,P013,CALLED,2026-08-22T09:51:00,825,0.848
P068,P044,CALLED,2026-08-23T16:52:00,2000,0.964
P005,P075,CALLED,2026-08-24T23:53:00,2174,0.977
P022,P026,CALLED,2026-08-25T06:54:00,2041,0.801
P039,P057,CALLED,2026-08-26T13:55:00,346,0.946
P056,P008,CALLED,2026-08-27T20:56:00,801,0.845
P073,P039,CALLED,2026-08-28T03:57:00,1298,0.897
P010,P070,CALLED,2026-08-29T10:58:00,78,0.855
P027,P021,CALLED,2026-08-30T17:59:00,1248,0.935
P044,P052,CALLED,2026-08-01T00:00:00,2378,0.935
P061,P003,CALLED,2026-08-02T07:01:00,1261,0.917
P078,P034,CALLED,2026-08-03T14:02:00,1143,0.982
P015,P065,CALLED,2026-08-04T21:03:00,2354,0.959
P032,P016,CALLED,2026-08-05T04:04:00,576,0.754
P049,P047,CALLED,2026-08-06T11:05:00,950,0.801
P066,P078,CALLED,2026-08-07T18:06:00,117,0.878
P003,P029,CALLED,2026-08-08T01:07:00,1645,0.783
P020,P060,CALLED,2026-08-09T08:08:00,1153,0.762
P037,P011,CALLED,2026-08-10T15:09:00,1272,0.939
P054,P042,CALLED,2026-08-11T22:10:00,2329,0.945
P071,P073,CALLED,2026-08-12T05:11:00,1203,0.98
P008,P024,CALLED,2026-08-13T12:12:00,2150,0.895
P025,P055,CALLED,2026-08-14T19:13:00,2158,0.896
P042,P006,CALLED,2026-08-15T02:14:00,2295,0.78
P059,P037,CALLED,2026-08-16T09:15:00,2048,0.914
P076,P068,CALLED,2026-08-17T16:16:00,791,0.869
P013,P019,CALLED,2026-08-18T23:17:00,2318,0.984
P030,P050,CALLED,2026-08-19T06:18:00,536,0.933
P047,P001,CALLED,2026-08-20T13:19:00,1163,0.976
P064,P032,CALLED,2026-08-21T20:20:00,920,0.965
P001,P063,CALLED,2026-08-22T03:21:00,2114,0.762
P018,P014,CALLED,2026-08-23T10:22:00,2020,0.801
P035,P045,CALLED,2026-08-24T17:23:00,1990,0.763
P052,P076,CALLED,2026-08-25T00:24:00,1174,0.774
P069,P027,CALLED,2026-08-26T07:25:00,825,0.81
P006,P058,CALLED,2026-08-27T14:26:00,2355,0.856
P023,P009,CALLED,2026-08-28T21:27:00,183,0.885
P040,P042,CALLED,2026-08-29T04:28:00,1364,0.873
P057,P071,CALLED,2026-08-30T11:29:00,460,0.82
P074,P022,CALLED,2026-08-01T18:30:00,2390,0.972
P011,P053,CALLED,2026-08-02T01:31:00,1051,0.874
P028,P004,CALLED,2026-08-03T08:32:00,534,0.882
P045,P035,CALLED,2026-08-04T15:33:00,1554,0.898
P062,P066,CALLED,2026-08-05T22:34:00,781,0.901
P079,P017,CALLED,2026-08-06T05:35:00,116,0.837
P016,P048,CALLED,2026-08-07T12:36:00,2043,0.926
P033,P079,CALLED,2026-08-08T19:37:00,1272,0.984
P050,P030,CALLED,2026-08-09T02:38:00,1699,0.98
P067,P061,CALLED,2026-08-10T09:39:00,655,0.975
P004,P012,CALLED,2026-08-11T16:40:00,1019,0.843
P021,P043,CALLED,2026-08-12T23:41:00,1511,0.954
P038,P074,CALLED,2026-08-13T06:42:00,494,0.807
P055,P025,CALLED,2026-08-14T13:43:00,1938,0.944
P072,P056,CALLED,2026-08-15T20:44:00,335,0.804
P009,P007,CALLED,2026-08-16T03:45:00,744,0.868
P026,P038,CALLED,2026-08-17T10:46:00,1953,0.777
P043,P069,CALLED,2026-08-18T17:47:00,460,0.894
P060,P020,CALLED,2026-08-19T00:48:00,968,0.788
P077,P051,CALLED,2026-08-20T07:49:00,1507,0.93
P014,P002,CALLED,2026-08-21T14:50:00,507,0.921
P031,P033,CALLED,2026-08-22T21:51:00,2388,0.973
P048,P064,CALLED,2026-08-23T04:52:00,229,0.938
P065,P015,CALLED,2026-08-24T11:53:00,363,0.825
P002,P046,CALLED,2026-08-25T18:54:00,1956,0.865
P019,P077,CALLED,2026-08-26T01:55:00,1399,0.853
P036,P028,CALLED,2026-08-27T08:56:00,1665,0.779
P053,P059,CALLED,2026-08-28T15:57:00,946,0.766
P070,P010,CALLED,2026-08-29T22:58:00,2301,0.923
P007,P041,CALLED,2026-08-30T05:59:00,1699,0.866
P024,P072,CALLED,2026-08-01T12:00:00,26,0.794
P041,P023,CALLED,2026-08-02T19:01:00,1522,0.791
P058,P054,CALLED,2026-08-03T02:02:00,389,0.914
P075,P005,CALLED,2026-08-04T09:03:00,1217,0.886
P012,P036,CALLED,2026-08-05T16:04:00,1849,0.895
P029,P067,CALLED,2026-08-06T23:05:00,579,0.825
P046,P018,CALLED,2026-08-07T06:06:00,164,0.836
P063,P049,CALLED,2026-08-08T13:07:00,1678,0.888
P080,P002,CALLED,2026-08-09T20:08:00,1506,0.803
P017,P031,CALLED,2026-08-10T03:09:00,894,0.983
P034,P062,CALLED,2026-08-11T10:10:00,1594,0.925
P051,P013,CALLED,2026-08-12T17:11:00,1305,0.78
P068,P044,CALLED,2026-08-13T00:12:00,56,0.845
P005,P075,CALLED,2026-08-14T07:13:00,1901,0.894
P022,P026,CALLED,2026-08-15T14:14:00,1734,0.986
P039,P057,CALLED,2026-08-16T21:15:00,1715,0.954
P056,P008,CALLED,2026-08-17T04:16:00,795,0.88
P073,P039,CALLED,2026-08-18T11:17:00,1382,0.914
P010,P070,CALLED,2026-08-19T18:18:00,1276,0.955
P027,P021,CALLED,2026-08-20T01:19:00,555,0.84
P044,P052,CALLED,2026-08-21T08:20:00,1117,0.802
P061,P003,CALLED,2026-08-22T15:21:00,1446,0.8
P078,P034,CALLED,2026-08-23T22:22:00,2252,0.914
P015,P065,CALLED,2026-08-24T05:23:00,221,0.857
P032,P016,CALLED,2026-08-25T12:24:00,1276,0.762
P049,P047,CALLED,2026-08-26T19:25:00,2229,0.939
P066,P078,CALLED,2026-08-27T02:26:00,23,0.764
P003,P029,CALLED,2026-08-28T09:27:00,772,0.899
P020,P060,CALLED,2026-08-29T16:28:00,1511,0.769
P037,P011,CALLED,2026-08-30T23:29:00,1102,0.974
P054,P042,CALLED,2026-08-01T06:30:00,1996,0.75
P071,P073,CALLED,2026-08-02T13:31:00,762,0.978
P008,P024,CALLED,2026-08-03T20:32:00,1124,0.979
P025,P055,CALLED,2026-08-04T03:33:00,1838,0.972
P042,P006,CALLED,2026-08-05T10:34:00,2171,0.854
P059,P037,CALLED,2026-08-06T17:35:00,2242,0.866
P076,P068,CALLED,2026-08-07T00:36:00,1172,0.81
P013,P019,CALLED,2026-08-08T07:37:00,1598,0.857
P030,P050,CALLED,2026-08-09T14:38:00,328,0.886
P047,P001,CALLED,2026-08-10T21:39:00,1786,0.854
P064,P032,CALLED,2026-08-11T04:40:00,840,0.808
P001,P063,CALLED,2026-08-12T11:41:00,1921,0.911
P018,P014,CALLED,2026-08-13T18:42:00,526,0.842
P035,P045,CALLED,2026-08-14T01:43:00,523,0.917
P052,P076,CALLED,2026-08-15T08:44:00,209,0.945
P069,P027,CALLED,2026-08-16T15:45:00,915,0.916
P006,P058,CALLED,2026-08-17T22:46:00,2346,0.83
P023,P009,CALLED,2026-08-18T05:47:00,2375,0.951
P040,P042,CALLED,2026-08-19T12:48:00,2282,0.801
P057,P071,CALLED,2026-08-20T19:49:00,1130,0.878
P074,P022,CALLED,2026-08-21T02:50:00,105,0.961
P011,P053,CALLED,2026-08-22T09:51:00,1394,0.889
P028,P004,CALLED,2026-08-23T16:52:00,241,0.946
P045,P035,CALLED,2026-08-24T23:53:00,424,0.842
P062,P066,CALLED,2026-08-25T06:54:00,1857,0.892
P079,P017,CALLED,2026-08-26T13:55:00,1761,0.962
P016,P048,CALLED,2026-08-27T20:56:00,1736,0.875
P033,P079,CALLED,2026-08-28T03:57:00,398,0.836
P050,P030,CALLED,2026-08-29T10:58:00,591,0.813
P067,P061,CALLED,2026-08-30T17:59:00,1836,0.943
P004,P012,CALLED,2026-08-01T00:00:00,1022,0.855
P021,P043,CALLED,2026-08-02T07:01:00,1025,0.76
P038,P074,CALLED,2026-08-03T14:02:00,1528,0.793
P055,P025,CALLED,2026-08-04T21:03:00,1839,0.938
P072,P056,CALLED,2026-08-05T04:04:00,1875,0.975
P009,P007,CALLED,2026-08-06T11:05:00,2336,0.758
P026,P038,CALLED,2026-08-07T18:06:00,2081,0.826
P043,P069,CALLED,2026-08-08T01:07:00,683,0.861
P060,P020,CALLED,2026-08-09T08:08:00,2371,0.864
P077,P051,CALLED,2026-08-10T15:09:00,1343,0.965
P014,P002,CALLED,2026-08-11T22:10:00,2286,0.803
P031,P033,CALLED,2026-08-12T05:11:00,2136,0.874
P048,P064,CALLED,2026-08-13T12:12:00,2125,0.766
P065,P015,CALLED,2026-08-14T19:13:00,1546,0.765
P002,P046,CALLED,2026-08-15T02:14:00,2215,0.909
P019,P077,CALLED,2026-08-16T09:15:00,1979,0.803
P036,P028,CALLED,2026-08-17T16:16:00,2329,0.788
P053,P059,CALLED,2026-08-18T23:17:00,1683,0.823
P070,P010,CALLED,2026-08-19T06:18:00,1443,0.768
P007,P041,CALLED,2026-08-20T13:19:00,699,0.985
P024,P072,CALLED,2026-08-21T20:20:00,862,0.869
P041,P023,CALLED,2026-08-22T03:21:00,2030,0.942
P058,P054,CALLED,2026-08-23T10:22:00,1089,0.822
P075,P005,CALLED,2026-08-24T17:23:00,373,0.924
P012,P036,CALLED,2026-08-25T00:24:00,1011,0.916
P029,P067,CALLED,2026-08-26T07:25:00,1668,0.944
P046,P018,CALLED,2026-08-27T14:26:00,2106,0.864
P063,P049,CALLED,2026-08-28T21:27:00,1303,0.77
P080,P002,CALLED,2026-08-29T04:28:00,261,0.908
P017,P031,CALLED,2026-08-30T11:29:00,1868,0.949
P034,P062,CALLED,2026-08-01T18:30:00,216,0.875
P051,P013,CALLED,2026-08-02T01:31:00,2127,0.756
P068,P044,CALLED,2026-08-03T08:32:00,756,0.82
P005,P075,CALLED,2026-08-04T15:33:00,2180,0.771
P022,P026,CALLED,2026-08-05T22:34:00,1245,0.929
P039,P057,CALLED,2026-08-06T05:35:00,394,0.896
P056,P008,CALLED,2026-08-07T12:36:00,1815,0.837
P073,P039,CALLED,2026-08-08T19:37:00,1820,0.758
P010,P070,CALLED,2026-08-09T02:38:00,871,0.948
P027,P021,CALLED,2026-08-10T09:39:00,227,0.776
P044,P052,CALLED,2026-08-11T16:40:00,709,0.939
P061,P003,CALLED,2026-08-12T23:41:00,1010,0.943
P078,P034,CALLED,2026-08-13T06:42:00,1286,0.794
P015,P065,CALLED,2026-08-14T13:43:00,567,0.947
P032,P016,CALLED,2026-08-15T20:44:00,1113,0.753
P049,P047,CALLED,2026-08-16T03:45:00,2226,0.846
P066,P078,CALLED,2026-08-17T10:46:00,1611,0.95
P003,P029,CALLED,2026-08-18T17:47:00,1176,0.888
P020,P060,CALLED,2026-08-19T00:48:00,1776,0.764
P037,P011,CALLED,2026-08-20T07:49:00,329,0.932
P054,P042,CALLED,2026-08-21T14:50:00,853,0.768
P071,P073,CALLED,2026-08-22T21:51:00,483,0.789
P008,P024,CALLED,2026-08-23T04:52:00,1295,0.771
P025,P055,CALLED,2026-08-24T11:53:00,1627,0.886
P042,P006,CALLED,2026-08-25T18:54:00,697,0.877
P059,P037,CALLED,2026-08-26T01:55:00,1649,0.983
P076,P068,CALLED,2026-08-27T08:56:00,399,0.763
P013,P019,CALLED,2026-08-28T15:57:00,573,0.826
P030,P050,CALLED,2026-08-29T22:58:00,1960,0.985
P047,P001,CALLED,2026-08-30T05:59:00,931,0.872
P064,P032,CALLED,2026-08-01T12:00:00,628,0.912
P001,P063,CALLED,2026-08-02T19:01:00,433,0.956
P018,P014,CALLED,2026-08-03T02:02:00,829,0.908
P035,P045,CALLED,2026-08-04T09:03:00,2300,0.892
P052,P076,CALLED,2026-08-05T16:04:00,685,0.977
P069,P027,CALLED,2026-08-06T23:05:00,702,0.915
P006,P058,CALLED,2026-08-07T06:06:00,555,0.767
P023,P009,CALLED,2026-08-08T13:07:00,1075,0.815
P040,P042,CALLED,2026-08-09T20:08:00,1987,0.94
P057,P071,CALLED,2026-08-10T03:09:00,2061,0.784
P074,P022,CALLED,2026-08-11T10:10:00,2338,0.938
P011,P053,CALLED,2026-08-12T17:11:00,946,0.79
P028,P004,CALLED,2026-08-13T00:12:00,1177,0.752
P045,P035,CALLED,2026-08-14T07:13:00,471,0.939
P062,P066,CALLED,2026-08-15T14:14:00,1671,0.863
P079,P017,CALLED,2026-08-16T21:15:00,2084,0.901
P016,P048,CALLED,2026-08-17T04:16:00,2183,0.887
P033,P079,CALLED,2026-08-18T11:17:00,99,0.935
P050,P030,CALLED,2026-08-19T18:18:00,1579,0.868
P067,P061,CALLED,2026-08-20T01:19:00,459,0.906
P004,P012,CALLED,2026-08-21T08:20:00,1647,0.987
P021,P043,CALLED,2026-08-22T15:21:00,1267,0.878
P038,P074,CALLED,2026-08-23T22:22:00,384,0.913
P055,P025,CALLED,2026-08-24T05:23:00,2273,0.83
P072,P056,CALLED,2026-08-25T12:24:00,152,0.922
P009,P007,CALLED,2026-08-26T19:25:00,1402,0.847
P026,P038,CALLED,2026-08-27T02:26:00,361,0.832
P043,P069,CALLED,2026-08-28T09:27:00,1083,0.862
P060,P020,CALLED,2026-08-29T16:28:00,2113,0.878
P077,P051,CALLED,2026-08-30T23:29:00,276,0.921
P014,P002,CALLED,2026-08-01T06:30:00,838,0.901
P031,P033,CALLED,2026-08-02T13:31:00,1261,0.882
P048,P064,CALLED,2026-08-03T20:32:00,844,0.911
P065,P015,CALLED,2026-08-04T03:33:00,1399,0.857
P002,P046,CALLED,2026-08-05T10:34:00,491,0.965
P019,P077,CALLED,2026-08-06T17:35:00,391,0.864
P036,P028,CALLED,2026-08-07T00:36:00,590,0.939
P053,P059,CALLED,2026-08-08T07:37:00,572,0.861
P070,P010,CALLED,2026-08-09T14:38:00,1176,0.942
P007,P041,CALLED,2026-08-10T21:39:00,2190,0.909
P024,P072,CALLED,2026-08-11T04:40:00,703,0.971
P041,P023,CALLED,2026-08-12T11:41:00,1146,0.89
P058,P054,CALLED,2026-08-13T18:42:00,860,0.88
P075,P005,CALLED,2026-08-14T01:43:00,1630,0.793
P012,P036,CALLED,2026-08-15T08:44:00,791,0.852
P029,P067,CALLED,2026-08-16T15:45:00,212,0.797
P046,P018,CALLED,2026-08-17T22:46:00,476,0.888
P063,P049,CALLED,2026-08-18T05:47:00,2019,0.974
P080,P002,CALLED,2026-08-19T12:48:00,1293,0.8
P017,P031,CALLED,2026-08-20T19:49:00,2267,0.83
P034,P062,CALLED,2026-08-21T02:50:00,2188,0.978
P051,P013,CALLED,2026-08-22T09:51:00,105,0.842
P068,P044,CALLED,2026-08-23T16:52:00,132,0.848
P005,P075,CALLED,2026-08-24T23:53:00,2292,0.761
P022,P026,CALLED,2026-08-25T06:54:00,274,0.904
P039,P057,CALLED,2026-08-26T13:55:00,655,0.882
P056,P008,CALLED,2026-08-27T20:56:00,271,0.907
P073,P039,CALLED,2026-08-28T03:57:00,1803,0.823
P010,P070,CALLED,2026-08-29T10:58:00,35,0.932
P027,P021,CALLED,2026-08-30T17:59:00,643,0.871
P044,P052,CALLED,2026-08-01T00:00:00,2298,0.914
P061,P003,CALLED,2026-08-02T07:01:00,2133,0.937
P078,P034,CALLED,2026-08-03T14:02:00,1973,0.959
P015,P065,CALLED,2026-08-04T21:03:00,2045,0.948
P032,P016,CALLED,2026-08-05T04:04:00,2057,0.838
P049,P047,CALLED,2026-08-06T11:05:00,1991,0.809
P066,P078,CALLED,2026-08-07T18:06:00,896,0.869
P003,P029,CALLED,2026-08-08T01:07:00,259,0.916
P020,P060,CALLED,2026-08-09T08:08:00,1904,0.799
P037,P011,CALLED,2026-08-10T15:09:00,1706,0.917
P054,P042,CALLED,2026-08-11T22:10:00,583,0.849
P071,P073,CALLED,2026-08-12T05:11:00,2080,0.753
P008,P024,CALLED,2026-08-13T12:12:00,2086,0.904
P025,P055,CALLED,2026-08-14T19:13:00,1164,0.813
P042,P006,CALLED,2026-08-15T02:14:00,1103,0.927
P059,P037,CALLED,2026-08-16T09:15:00,1815,0.85
P076,P068,CALLED,2026-08-17T16:16:00,1882,0.855
P013,P019,CALLED,2026-08-18T23:17:00,1432,0.763
P030,P050,CALLED,2026-08-19T06:18:00,537,0.926
P047,P001,CALLED,2026-08-20T13:19:00,1576,0.79
P064,P032,CALLED,2026-08-21T20:20:00,140,0.795
P001,P063,CALLED,2026-08-22T03:21:00,354,0.915
P018,P014,CALLED,2026-08-23T10:22:00,1862,0.822
P035,P045,CALLED,2026-08-24T17:23:00,2053,0.758
P052,P076,CALLED,2026-08-25T00:24:00,1974,0.885
P069,P027,CALLED,2026-08-26T07:25:00,52,0.871
P006,P058,CALLED,2026-08-27T14:26:00,949,0.813
P023,P009,CALLED,2026-08-28T21:27:00,2162,0.961
P040,P042,CALLED,2026-08-29T04:28:00,472,0.944
P057,P071,CALLED,2026-08-30T11:29:00,1649,0.777
P074,P022,CALLED,2026-08-01T18:30:00,1219,0.767
P011,P053,CALLED,2026-08-02T01:31:00,938,0.938
P028,P004,CALLED,2026-08-03T08:32:00,1529,0.78
P045,P035,CALLED,2026-08-04T15:33:00,2069,0.769
P062,P066,CALLED,2026-08-05T22:34:00,1335,0.757
P079,P017,CALLED,2026-08-06T05:35:00,1556,0.75
P016,P048,CALLED,2026-08-07T12:36:00,2382,0.791
P033,P079,CALLED,2026-08-08T19:37:00,894,0.812
P050,P030,CALLED,2026-08-09T02:38:00,2278,0.804
P067,P061,CALLED,2026-08-10T09:39:00,1828,0.836
P004,P012,CALLED,2026-08-11T16:40:00,2354,0.831
P021,P043,CALLED,2026-08-12T23:41:00,496,0.946
P038,P074,CALLED,2026-08-13T06:42:00,760,0.889
P055,P025,CALLED,2026-08-14T13:43:00,1669,0.841
P072,P056,CALLED,2026-08-15T20:44:00,1069,0.9
P009,P007,CALLED,2026-08-16T03:45:00,973,0.844
P026,P038,CALLED,2026-08-17T10:46:00,327,0.867
P043,P069,CALLED,2026-08-18T17:47:00,549,0.825
P060,P020,CALLED,2026-08-19T00:48:00,734,0.773
P077,P051,CALLED,2026-08-20T07:49:00,36,0.902
P014,P002,CALLED,2026-08-21T14:50:00,187,0.809
P031,P033,CALLED,2026-08-22T21:51:00,1622,0.96
P048,P064,CALLED,2026-08-23T04:52:00,1706,0.765
P065,P015,CALLED,2026-08-24T11:53:00,1989,0.932
P002,P046,CALLED,2026-08-25T18:54:00,222,0.983
P019,P077,CALLED,2026-08-26T01:55:00,1128,0.941
P036,P028,CALLED,2026-08-27T08:56:00,524,0.768
P053,P059,CALLED,2026-08-28T15:57:00,1720,0.875
P070,P010,CALLED,2026-08-29T22:58:00,627,0.859
P007,P041,CALLED,2026-08-30T05:59:00,2206,0.981
P024,P072,CALLED,2026-08-01T12:00:00,63,0.972
P041,P023,CALLED,2026-08-02T19:01:00,1323,0.784
P058,P054,CALLED,2026-08-03T02:02:00,1321,0.86
P075,P005,CALLED,2026-08-04T09:03:00,241,0.894
P012,P036,CALLED,2026-08-05T16:04:00,2308,0.919
P029,P067,CALLED,2026-08-06T23:05:00,1871,0.846
P046,P018,CALLED,2026-08-07T06:06:00,1881,0.773
P063,P049,CALLED,2026-08-08T13:07:00,181,0.77
P080,P002,CALLED,2026-08-09T20:08:00,705,0.884
P017,P031,CALLED,2026-08-10T03:09:00,173,0.903
P034,P062,CALLED,2026-08-11T10:10:00,2300,0.759
P051,P013,CALLED,2026-08-12T17:11:00,628,0.822
P068,P044,CALLED,2026-08-13T00:12:00,253,0.852
P005,P075,CALLED,2026-08-14T07:13:00,1145,0.881
P022,P026,CALLED,2026-08-15T14:14:00,2276,0.937
P039,P057,CALLED,2026-08-16T21:15:00,1999,0.882
P056,P008,CALLED,2026-08-17T04:16:00,759,0.886
P073,P039,CALLED,2026-08-18T11:17:00,150,0.85
P010,P070,CALLED,2026-08-19T18:18:00,865,0.821
P027,P021,CALLED,2026-08-20T01:19:00,1080,0.945
P044,P052,CALLED,2026-08-21T08:20:00,1524,0.843
P061,P003,CALLED,2026-08-22T15:21:00,1271,0.916
P078,P034,CALLED,2026-08-23T22:22:00,792,0.954
P015,P065,CALLED,2026-08-24T05:23:00,407,0.773
P032,P016,CALLED,2026-08-25T12:24:00,940,0.853
P049,P047,CALLED,2026-08-26T19:25:00,442,0.854
P066,P078,CALLED,2026-08-27T02:26:00,2135,0.954
P003,P029,CALLED,2026-08-28T09:27:00,1940,0.764
P020,P060,CALLED,2026-08-29T16:28:00,1279,0.835
P037,P011,CALLED,2026-08-30T23:29:00,1420,0.838
P054,P042,CALLED,2026-08-01T06:30:00,1125,0.757
P071,P073,CALLED,2026-08-02T13:31:00,1123,0.897
P008,P024,CALLED,2026-08-03T20:32:00,1722,0.757
P025,P055,CALLED,2026-08-04T03:33:00,336,0.901
P042,P006,CALLED,2026-08-05T10:34:00,1733,0.911
P059,P037,CALLED,2026-08-06T17:35:00,705,0.871
P076,P068,CALLED,2026-08-07T00:36:00,308,0.847
P013,P019,CALLED,2026-08-08T07:37:00,1706,0.97
P030,P050,CALLED,2026-08-09T14:38:00,1446,0.919
P047,P001,CALLED,2026-08-10T21:39:00,1895,0.806
P064,P032,CALLED,2026-08-11T04:40:00,2105,0.866
P001,P063,CALLED,2026-08-12T11:41:00,1623,0.814
P018,P014,CALLED,2026-08-13T18:42:00,654,0.754
P035,P045,CALLED,2026-08-14T01:43:00,1089,0.952
P052,P076,CALLED,2026-08-15T08:44:00,1341,0.838
P069,P027,CALLED,2026-08-16T15:45:00,104,0.976
P006,P058,CALLED,2026-08-17T22:46:00,2331,0.807
P023,P009,CALLED,2026-08-18T05:47:00,109,0.793
P040,P042,CALLED,2026-08-19T12:48:00,2327,0.91
P057,P071,CALLED,2026-08-20T19:49:00,847,0.835
P074,P022,CALLED,2026-08-21T02:50:00,701,0.899
P011,P053,CALLED,2026-08-22T09:51:00,1211,0.939
P028,P004,CALLED,2026-08-23T16:52:00,617,0.972
P045,P035,CALLED,2026-08-24T23:53:00,1209,0.805
P062,P066,CALLED,2026-08-25T06:54:00,45,0.854
P079,P017,CALLED,2026-08-26T13:55:00,1460,0.941
P016,P048,CALLED,2026-08-27T20:56:00,424,0.773
P033,P079,CALLED,2026-08-28T03:57:00,2351,0.908
P050,P030,CALLED,2026-08-29T10:58:00,926,0.886
P067,P061,CALLED,2026-08-30T17:59:00,1552,0.96
P004,P012,CALLED,2026-08-01T00:00:00,57,0.987
P021,P043,CALLED,2026-08-02T07:01:00,1929,0.787
P038,P074,CALLED,2026-08-03T14:02:00,1883,0.938
P055,P025,CALLED,2026-08-04T21:03:00,894,0.922
P072,P056,CALLED,2026-08-05T04:04:00,754,0.878
P009,P007,CALLED,2026-08-06T11:05:00,612,0.836
P026,P038,CALLED,2026-08-07T18:06:00,166,0.933
P043,P069,CALLED,2026-08-08T01:07:00,508,0.753
P060,P020,CALLED,2026-08-09T08:08:00,1959,0.794
P077,P051,CALLED,2026-08-10T15:09:00,1117,0.774
P014,P002,CALLED,2026-08-11T22:10:00,1360,0.896
P031,P033,CALLED,2026-08-12T05:11:00,1490,0.971
P048,P064,CALLED,2026-08-13T12:12:00,543,0.971
P065,P015,CALLED,2026-08-14T19:13:00,1057,0.941
P002,P046,CALLED,2026-08-15T02:14:00,100,0.874
P019,P077,CALLED,2026-08-16T09:15:00,1759,0.779
P036,P028,CALLED,2026-08-17T16:16:00,465,0.833
P053,P059,CALLED,2026-08-18T23:17:00,1846,0.78
P070,P010,CALLED,2026-08-19T06:18:00,182,0.836
P007,P041,CALLED,2026-08-20T13:19:00,226,0.785
P024,P072,CALLED,2026-08-21T20:20:00,1821,0.848
P041,P023,CALLED,2026-08-22T03:21:00,395,0.785
P058,P054,CALLED,2026-08-23T10:22:00,234,0.961
P075,P005,CALLED,2026-08-24T17:23:00,1487,0.83
P012,P036,CALLED,2026-08-25T00:24:00,1063,0.802
P029,P067,CALLED,2026-08-26T07:25:00,256,0.934
P046,P018,CALLED,2026-08-27T14:26:00,2297,0.797
P063,P049,CALLED,2026-08-28T21:27:00,2259,0.862
P080,P002,CALLED,2026-08-29T04:28:00,681,0.854
P017,P031,CALLED,2026-08-30T11:29:00,338,0.892
P034,P062,CALLED,2026-08-01T18:30:00,860,0.955
P051,P013,CALLED,2026-08-02T01:31:00,1372,0.929
P068,P044,CALLED,2026-08-03T08:32:00,500,0.929
P005,P075,CALLED,2026-08-04T15:33:00,159,0.96
P022,P026,CALLED,2026-08-05T22:34:00,1774,0.873
P039,P057,CALLED,2026-08-06T05:35:00,669,0.903
P056,P008,CALLED,2026-08-07T12:36:00,2222,0.897
P073,P039,CALLED,2026-08-08T19:37:00,588,0.854
P010,P070,CALLED,2026-08-09T02:38:00,1841,0.856
P027,P021,CALLED,2026-08-10T09:39:00,1082,0.988
P044,P052,CALLED,2026-08-11T16:40:00,1494,0.776
P061,P003,CALLED,2026-08-12T23:41:00,2168,0.863
P078,P034,CALLED,2026-08-13T06:42:00,1479,0.806
P015,P065,CALLED,2026-08-14T13:43:00,45,0.887
P032,P016,CALLED,2026-08-15T20:44:00,257,0.823
P049,P047,CALLED,2026-08-16T03:45:00,1721,0.906
P066,P078,CALLED,2026-08-17T10:46:00,1806,0.785
P003,P029,CALLED,2026-08-18T17:47:00,718,0.858
P020,P060,CALLED,2026-08-19T00:48:00,2370,0.9
P037,P011,CALLED,2026-08-20T07:49:00,1774,0.941
P054,P042,CALLED,2026-08-21T14:50:00,894,0.982
P071,P073,CALLED,2026-08-22T21:51:00,1141,0.902
P008,P024,CALLED,2026-08-23T04:52:00,719,0.968
P025,P055,CALLED,2026-08-24T11:53:00,2298,0.985
P042,P006,CALLED,2026-08-25T18:54:00,283,0.787
P059,P037,CALLED,2026-08-26T01:55:00,474,0.86
P076,P068,CALLED,2026-08-27T08:56:00,707,0.909
P013,P019,CALLED,2026-08-28T15:57:00,516,0.976
P030,P050,CALLED,2026-08-29T22:58:00,1732,0.783
P047,P001,CALLED,2026-08-30T05:59:00,963,0.853
P064,P032,CALLED,2026-08-01T12:00:00,1274,0.968
P001,P063,CALLED,2026-08-02T19:01:00,1651,0.92
P018,P014,CALLED,2026-08-03T02:02:00,125,0.76
P035,P045,CALLED,2026-08-04T09:03:00,1223,0.877
P052,P076,CALLED,2026-08-05T16:04:00,171,0.842
P069,P027,CALLED,2026-08-06T23:05:00,2003,0.833
P006,P058,CALLED,2026-08-07T06:06:00,1618,0.894
P023,P009,CALLED,2026-08-08T13:07:00,2026,0.931
P040,P042,CALLED,2026-08-09T20:08:00,1339,0.842
P057,P071,CALLED,2026-08-10T03:09:00,710,0.761
P074,P022,CALLED,2026-08-11T10:10:00,1881,0.819
P011,P053,CALLED,2026-08-12T17:11:00,903,0.775
P028,P004,CALLED,2026-08-13T00:12:00,1224,0.76
P045,P035,CALLED,2026-08-14T07:13:00,1474,0.969
P062,P066,CALLED,2026-08-15T14:14:00,2390,0.897
P079,P017,CALLED,2026-08-16T21:15:00,1733,0.983
P016,P048,CALLED,2026-08-17T04:16:00,633,0.836
P033,P079,CALLED,2026-08-18T11:17:00,1296,0.914
P050,P030,CALLED,2026-08-19T18:18:00,99,0.9
P067,P061,CALLED,2026-08-20T01:19:00,104,0.809
P004,P012,CALLED,2026-08-21T08:20:00,2252,0.814
P021,P043,CALLED,2026-08-22T15:21:00,819,0.85
P038,P074,CALLED,2026-08-23T22:22:00,2345,0.751
P055,P025,CALLED,2026-08-24T05:23:00,1274,0.775
P072,P056,CALLED,2026-08-25T12:24:00,1146,0.751
P009,P007,CALLED,2026-08-26T19:25:00,862,0.782
P026,P038,CALLED,2026-08-27T02:26:00,531,0.784
P043,P069,CALLED,2026-08-28T09:27:00,1420,0.837
P060,P020,CALLED,2026-08-29T16:28:00,1177,0.981
P077,P051,CALLED,2026-08-30T23:29:00,386,0.878
P014,P002,CALLED,2026-08-01T06:30:00,2147,0.82
P031,P033,CALLED,2026-08-02T13:31:00,863,0.925
P048,P064,CALLED,2026-08-03T20:32:00,625,0.909
P065,P015,CALLED,2026-08-04T03:33:00,1108,0.986
P002,P046,CALLED,2026-08-05T10:34:00,1369,0.793
P019,P077,CALLED,2026-08-06T17:35:00,2349,0.816
P036,P028,CALLED,2026-08-07T00:36:00,2377,0.845
P053,P059,CALLED,2026-08-08T07:37:00,1651,0.952
P070,P010,CALLED,2026-08-09T14:38:00,713,0.881
P007,P041,CALLED,2026-08-10T21:39:00,342,0.904
P024,P072,CALLED,2026-08-11T04:40:00,935,0.778
P041,P023,CALLED,2026-08-12T11:41:00,1807,0.812
P058,P054,CALLED,2026-08-13T18:42:00,2229,0.933
P075,P005,CALLED,2026-08-14T01:43:00,269,0.852
P012,P036,CALLED,2026-08-15T08:44:00,794,0.902
P029,P067,CALLED,2026-08-16T15:45:00,424,0.883
P046,P018,CALLED,2026-08-17T22:46:00,1060,0.798
P063,P049,CALLED,2026-08-18T05:47:00,83,0.825
P080,P002,CALLED,2026-08-19T12:48:00,1430,0.879
P017,P031,CALLED,2026-08-20T19:49:00,574,0.805
P034,P062,CALLED,2026-08-21T02:50:00,1248,0.807
P051,P013,CALLED,2026-08-22T09:51:00,109,0.877
P068,P044,CALLED,2026-08-23T16:52:00,2253,0.911
P005,P075,CALLED,2026-08-24T23:53:00,2182,0.892
P022,P026,CALLED,2026-08-25T06:54:00,1531,0.894
P039,P057,CALLED,2026-08-26T13:55:00,1161,0.873
P056,P008,CALLED,2026-08-27T20:56:00,1704,0.76
P073,P039,CALLED,2026-08-28T03:57:00,443,0.806
P010,P070,CALLED,2026-08-29T10:58:00,788,0.907
P027,P021,CALLED,2026-08-30T17:59:00,422,0.848
P044,P052,CALLED,2026-08-01T00:00:00,29,0.945
P061,P003,CALLED,2026-08-02T07:01:00,2355,0.869
P078,P034,CALLED,2026-08-03T14:02:00,1123,0.933
P015,P065,CALLED,2026-08-04T21:03:00,2291,0.762
P032,P016,CALLED,2026-08-05T04:04:00,1514,0.799
P049,P047,CALLED,2026-08-06T11:05:00,1849,0.835
P066,P078,CALLED,2026-08-07T18:06:00,348,0.862
P003,P029,CALLED,2026-08-08T01:07:00,2107,0.913
P020,P060,CALLED,2026-08-09T08:08:00,61,0.935
P037,P011,CALLED,2026-08-10T15:09:00,743,0.855
P054,P042,CALLED,2026-08-11T22:10:00,774,0.962
P071,P073,CALLED,2026-08-12T05:11:00,1492,0.9
P008,P024,CALLED,2026-08-13T12:12:00,1133,0.987
P025,P055,CALLED,2026-08-14T19:13:00,1551,0.911
P042,P006,CALLED,2026-08-15T02:14:00,795,0.936
P059,P037,CALLED,2026-08-16T09:15:00,2117,0.965
P076,P068,CALLED,2026-08-17T16:16:00,1092,0.938
P013,P019,CALLED,2026-08-18T23:17:00,2321,0.985
P030,P050,CALLED,2026-08-19T06:18:00,916,0.879
P047,P001,CALLED,2026-08-20T13:19:00,251,0.868
P064,P032,CALLED,2026-08-21T20:20:00,2317,0.865
P001,P063,CALLED,2026-08-22T03:21:00,1937,0.87
P018,P014,CALLED,2026-08-23T10:22:00,1617,0.961
P035,P045,CALLED,2026-08-24T17:23:00,1115,0.972
P052,P076,CALLED,2026-08-25T00:24:00,1696,0.965
P069,P027,CALLED,2026-08-26T07:25:00,1690,0.802
P006,P058,CALLED,2026-08-27T14:26:00,1984,0.927
P023,P009,CALLED,2026-08-28T21:27:00,2269,0.885
P040,P042,CALLED,2026-08-29T04:28:00,1566,0.973
P057,P071,CALLED,2026-08-30T11:29:00,298,0.813
P074,P022,CALLED,2026-08-01T18:30:00,2069,0.765
P011,P053,CALLED,2026-08-02T01:31:00,2242,0.978
P028,P004,CALLED,2026-08-03T08:32:00,1161,0.986
P045,P035,CALLED,2026-08-04T15:33:00,1072,0.812
P062,P066,CALLED,2026-08-05T22:34:00,1119,0.866
P079,P017,CALLED,2026-08-06T05:35:00,870,0.893
P016,P048,CALLED,2026-08-07T12:36:00,1179,0.884
P033,P079,CALLED,2026-08-08T19:37:00,1996,0.871
P050,P030,CALLED,2026-08-09T02:38:00,2005,0.81
P067,P061,CALLED,2026-08-10T09:39:00,1292,0.812
P004,P012,CALLED,2026-08-11T16:40:00,84,0.853
P021,P043,CALLED,2026-08-12T23:41:00,1372,0.771
P038,P074,CALLED,2026-08-13T06:42:00,951,0.803
P055,P025,CALLED,2026-08-14T13:43:00,584,0.888
P072,P056,CALLED,2026-08-15T20:44:00,1401,0.884
P009,P007,CALLED,2026-08-16T03:45:00,1210,0.787
P026,P038,CALLED,2026-08-17T10:46:00,906,0.964
P043,P069,CALLED,2026-08-18T17:47:00,490,0.836
P060,P020,CALLED,2026-08-19T00:48:00,833,0.798
P077,P051,CALLED,2026-08-20T07:49:00,545,0.831
P014,P002,CALLED,2026-08-21T14:50:00,1079,0.917
P031,P033,CALLED,2026-08-22T21:51:00,1564,0.889
P048,P064,CALLED,2026-08-23T04:52:00,169,0.86
P065,P015,CALLED,2026-08-24T11:53:00,159,0.913
P002,P046,CALLED,2026-08-25T18:54:00,46,0.989
P019,P077,CALLED,2026-08-26T01:55:00,2253,0.853
P036,P028,CALLED,2026-08-27T08:56:00,2132,0.887
P053,P059,CALLED,2026-08-28T15:57:00,938,0.98
P070,P010,CALLED,2026-08-29T22:58:00,1466,0.961
P007,P041,CALLED,2026-08-30T05:59:00,558,0.877
P024,P072,CALLED,2026-08-01T12:00:00,713,0.804
P041,P023,CALLED,2026-08-02T19:01:00,758,0.825
P058,P054,CALLED,2026-08-03T02:02:00,1596,0.782
P075,P005,CALLED,2026-08-04T09:03:00,1897,0.889
P012,P036,CALLED,2026-08-05T16:04:00,151,0.932
P029,P067,CALLED,2026-08-06T23:05:00,1847,0.834
P046,P018,CALLED,2026-08-07T06:06:00,2056,0.944
P063,P049,CALLED,2026-08-08T13:07:00,1550,0.856
P080,P002,CALLED,2026-08-09T20:08:00,1176,0.802
P017,P031,CALLED,2026-08-10T03:09:00,2001,0.78
P034,P062,CALLED,2026-08-11T10:10:00,715,0.806
P051,P013,CALLED,2026-08-12T17:11:00,1065,0.909
P068,P044,CALLED,2026-08-13T00:12:00,871,0.807
P005,P075,CALLED,2026-08-14T07:13:00,67,0.941
P022,P026,CALLED,2026-08-15T14:14:00,2193,0.762
P039,P057,CALLED,2026-08-16T21:15:00,810,0.838
P056,P008,CALLED,2026-08-17T04:16:00,2116,0.826
P073,P039,CALLED,2026-08-18T11:17:00,645,0.941
P010,P070,CALLED,2026-08-19T18:18:00,2312,0.806
P027,P021,CALLED,2026-08-20T01:19:00,1273,0.921
P044,P052,CALLED,2026-08-21T08:20:00,1173,0.91
P061,P003,CALLED,2026-08-22T15:21:00,2311,0.93
P078,P034,CALLED,2026-08-23T22:22:00,110,0.827
P015,P065,CALLED,2026-08-24T05:23:00,723,0.918
P032,P016,CALLED,2026-08-25T12:24:00,342,0.86
P049,P047,CALLED,2026-08-26T19:25:00,2354,0.89
P066,P078,CALLED,2026-08-27T02:26:00,1411,0.941
P003,P029,CALLED,2026-08-28T09:27:00,2350,0.884
P020,P060,CALLED,2026-08-29T16:28:00,90,0.798
P037,P011,CALLED,2026-08-30T23:29:00,11,0.904
P054,P042,CALLED,2026-08-01T06:30:00,308,0.946
P071,P073,CALLED,2026-08-02T13:31:00,1868,0.782
P008,P024,CALLED,2026-08-03T20:32:00,2391,0.772
P025,P055,CALLED,2026-08-04T03:33:00,1458,0.943
P042,P006,CALLED,2026-08-05T10:34:00,1437,0.853
P059,P037,CALLED,2026-08-06T17:35:00,1671,0.81
P076,P068,CALLED,2026-08-07T00:36:00,830,0.846
P013,P019,CALLED,2026-08-08T07:37:00,1148,0.856
P030,P050,CALLED,2026-08-09T14:38:00,315,0.811
P047,P001,CALLED,2026-08-10T21:39:00,39,0.963
P064,P032,CALLED,2026-08-11T04:40:00,857,0.9
P001,P063,CALLED,2026-08-12T11:41:00,236,0.977
P018,P014,CALLED,2026-08-13T18:42:00,70,0.923
P035,P045,CALLED,2026-08-14T01:43:00,340,0.881
P052,P076,CALLED,2026-08-15T08:44:00,1492,0.78
P069,P027,CALLED,2026-08-16T15:45:00,152,0.929
P006,P058,CALLED,2026-08-17T22:46:00,1991,0.754
P023,P009,CALLED,2026-08-18T05:47:00,358,0.878
P040,P042,CALLED,2026-08-19T12:48:00,220,0.835
P057,P071,CALLED,2026-08-20T19:49:00,1458,0.751
P074,P022,CALLED,2026-08-21T02:50:00,1030,0.794
P011,P053,CALLED,2026-08-22T09:51:00,781,0.951
P028,P004,CALLED,2026-08-23T16:52:00,1598,0.824
P045,P035,CALLED,2026-08-24T23:53:00,2301,0.868
P062,P066,CALLED,2026-08-25T06:54:00,129,0.881
P079,P017,CALLED,2026-08-26T13:55:00,2132,0.833
P016,P048,CALLED,2026-08-27T20:56:00,1849,0.837
P033,P079,CALLED,2026-08-28T03:57:00,1950,0.875
P050,P030,CALLED,2026-08-29T10:58:00,1893,0.952
P067,P061,CALLED,2026-08-30T17:59:00,1478,0.76
P004,P012,CALLED,2026-08-01T00:00:00,1136,0.76
P021,P043,CALLED,2026-08-02T07:01:00,2298,0.966
P038,P074,CALLED,2026-08-03T14:02:00,1223,0.989
P055,P025,CALLED,2026-08-04T21:03:00,2043,0.91
P072,P056,CALLED,2026-08-05T04:04:00,1321,0.79
P009,P007,CALLED,2026-08-06T11:05:00,1991,0.922
P026,P038,CALLED,2026-08-07T18:06:00,1679,0.829
P043,P069,CALLED,2026-08-08T01:07:00,1802,0.812
P060,P020,CALLED,2026-08-09T08:08:00,1405,0.821
P077,P051,CALLED,2026-08-10T15:09:00,1545,0.845
P014,P002,CALLED,2026-08-11T22:10:00,1706,0.99
P031,P033,CALLED,2026-08-12T05:11:00,498,0.776
P048,P064,CALLED,2026-08-13T12:12:00,1189,0.878
P065,P015,CALLED,2026-08-14T19:13:00,287,0.768
P002,P046,CALLED,2026-08-15T02:14:00,1734,0.961
P019,P077,CALLED,2026-08-16T09:15:00,831,0.83
P036,P028,CALLED,2026-08-17T16:16:00,952,0.755
P053,P059,CALLED,2026-08-18T23:17:00,673,0.989
P070,P010,CALLED,2026-08-19T06:18:00,1744,0.83
P007,P041,CALLED,2026-08-20T13:19:00,453,0.891
P024,P072,CALLED,2026-08-21T20:20:00,45,0.766
P041,P023,CALLED,2026-08-22T03:21:00,114,0.947
P058,P054,CALLED,2026-08-23T10:22:00,982,0.969
P075,P005,CALLED,2026-08-24T17:23:00,1006,0.819
P012,P036,CALLED,2026-08-25T00:24:00,520,0.815
P029,P067,CALLED,2026-08-26T07:25:00,1559,0.756
P046,P018,CALLED,2026-08-27T14:26:00,1974,0.846
P063,P049,CALLED,2026-08-28T21:27:00,2116,0.88
P080,P002,CALLED,2026-08-29T04:28:00,1736,0.837
P017,P031,CALLED,2026-08-30T11:29:00,688,0.818
P034,P062,CALLED,2026-08-01T18:30:00,593,0.782
P051,P013,CALLED,2026-08-02T01:31:00,2131,0.985
P068,P044,CALLED,2026-08-03T08:32:00,1566,0.782
P005,P075,CALLED,2026-08-04T15:33:00,1890,0.759
P022,P026,CALLED,2026-08-05T22:34:00,921,0.766
P039,P057,CALLED,2026-08-06T05:35:00,971,0.95
P056,P008,CALLED,2026-08-07T12:36:00,526,0.892
P073,P039,CALLED,2026-08-08T19:37:00,728,0.957
P010,P070,CALLED,2026-08-09T02:38:00,2273,0.763
P027,P021,CALLED,2026-08-10T09:39:00,725,0.785
P044,P052,CALLED,2026-08-11T16:40:00,63,0.762
P061,P003,CALLED,2026-08-12T23:41:00,1623,0.754
P078,P034,CALLED,2026-08-13T06:42:00,2030,0.915
P015,P065,CALLED,2026-08-14T13:43:00,669,0.839
P032,P016,CALLED,2026-08-15T20:44:00,874,0.764
P049,P047,CALLED,2026-08-16T03:45:00,398,0.822
P066,P078,CALLED,2026-08-17T10:46:00,1537,0.809
P003,P029,CALLED,2026-08-18T17:47:00,1752,0.757
P020,P060,CALLED,2026-08-19T00:48:00,1611,0.964
P037,P011,CALLED,2026-08-20T07:49:00,926,0.816
P054,P042,CALLED,2026-08-21T14:50:00,1454,0.911
P071,P073,CALLED,2026-08-22T21:51:00,366,0.803
P008,P024,CALLED,2026-08-23T04:52:00,2003,0.856
P025,P055,CALLED,2026-08-24T11:53:00,478,0.979
P042,P006,CALLED,2026-08-25T18:54:00,663,0.755
P059,P037,CALLED,2026-08-26T01:55:00,477,0.887
P076,P068,CALLED,2026-08-27T08:56:00,755,0.831
P013,P019,CALLED,2026-08-28T15:57:00,2145,0.896
P030,P050,CALLED,2026-08-29T22:58:00,219,0.804
P047,P001,CALLED,2026-08-30T05:59:00,343,0.83
P064,P032,CALLED,2026-08-01T12:00:00,587,0.79
P001,P063,CALLED,2026-08-02T19:01:00,2130,0.901
P018,P014,CALLED,2026-08-03T02:02:00,195,0.939
P035,P045,CALLED,2026-08-04T09:03:00,780,0.916
P052,P076,CALLED,2026-08-05T16:04:00,551,0.959
P069,P027,CALLED,2026-08-06T23:05:00,246,0.94
P006,P058,CALLED,2026-08-07T06:06:00,763,0.766
P023,P009,CALLED,2026-08-08T13:07:00,1147,0.77
P040,P042,CALLED,2026-08-09T20:08:00,413,0.94
P057,P071,CALLED,2026-08-10T03:09:00,753,0.928
P074,P022,CALLED,2026-08-11T10:10:00,828,0.776
P011,P053,CALLED,2026-08-12T17:11:00,810,0.851
P028,P004,CALLED,2026-08-13T00:12:00,950,0.756
P045,P035,CALLED,2026-08-14T07:13:00,1261,0.922
P062,P066,CALLED,2026-08-15T14:14:00,96,0.769
P079,P017,CALLED,2026-08-16T21:15:00,831,0.94
P016,P048,CALLED,2026-08-17T04:16:00,1279,0.836
P033,P079,CALLED,2026-08-18T11:17:00,1438,0.774
P050,P030,CALLED,2026-08-19T18:18:00,91,0.805
P067,P061,CALLED,2026-08-20T01:19:00,976,0.8
P004,P012,CALLED,2026-08-21T08:20:00,2289,0.808
P021,P043,CALLED,2026-08-22T15:21:00,566,0.849
P038,P074,CALLED,2026-08-23T22:22:00,291,0.769
P055,P025,CALLED,2026-08-24T05:23:00,2017,0.979
P072,P056,CALLED,2026-08-25T12:24:00,1130,0.762
P009,P007,CALLED,2026-08-26T19:25:00,1059,0.912
P026,P038,CALLED,2026-08-27T02:26:00,651,0.947
P043,P069,CALLED,2026-08-28T09:27:00,2301,0.89
P060,P020,CALLED,2026-08-29T16:28:00,394,0.963
P077,P051,CALLED,2026-08-30T23:29:00,1301,0.839
P014,P002,CALLED,2026-08-01T06:30:00,46,0.894
P031,P033,CALLED,2026-08-02T13:31:00,30,0.802
P048,P064,CALLED,2026-08-03T20:32:00,2203,0.915
P065,P015,CALLED,2026-08-04T03:33:00,384,0.82
P002,P046,CALLED,2026-08-05T10:34:00,1706,0.793
P019,P077,CALLED,2026-08-06T17:35:00,2062,0.767
P036,P028,CALLED,2026-08-07T00:36:00,214,0.915
P053,P059,CALLED,2026-08-08T07:37:00,164,0.952
P070,P010,CALLED,2026-08-09T14:38:00,130,0.929
P007,P041,CALLED,2026-08-10T21:39:00,1658,0.773
P024,P072,CALLED,2026-08-11T04:40:00,1104,0.849
P041,P023,CALLED,2026-08-12T11:41:00,265,0.803
P058,P054,CALLED,2026-08-13T18:42:00,439,0.927
P075,P005,CALLED,2026-08-14T01:43:00,1927,0.812
P012,P036,CALLED,2026-08-15T08:44:00,1643,0.884
P029,P067,CALLED,2026-08-16T15:45:00,840,0.79
P046,P018,CALLED,2026-08-17T22:46:00,2210,0.82
P063,P049,CALLED,2026-08-18T05:47:00,2143,0.912
P080,P002,CALLED,2026-08-19T12:48:00,176,0.93
P017,P031,CALLED,2026-08-20T19:49:00,751,0.863
P034,P062,CALLED,2026-08-21T02:50:00,1922,0.846
P051,P013,CALLED,2026-08-22T09:51:00,1562,0.957
P068,P044,CALLED,2026-08-23T16:52:00,994,0.905
P005,P075,CALLED,2026-08-24T23:53:00,1347,0.781
P022,P026,CALLED,2026-08-25T06:54:00,368,0.797
P039,P057,CALLED,2026-08-26T13:55:00,413,0.839
P056,P008,CALLED,2026-08-27T20:56:00,1977,0.792
P073,P039,CALLED,2026-08-28T03:57:00,963,0.792
P010,P070,CALLED,2026-08-29T10:58:00,112,0.879
P027,P021,CALLED,2026-08-30T17:59:00,2221,0.89
P044,P052,CALLED,2026-08-01T00:00:00,1032,0.942
P061,P003,CALLED,2026-08-02T07:01:00,171,0.81
P078,P034,CALLED,2026-08-03T14:02:00,166,0.767
P015,P065,CALLED,2026-08-04T21:03:00,1561,0.874
P032,P016,CALLED,2026-08-05T04:04:00,1918,0.952
P049,P047,CALLED,2026-08-06T11:05:00,1531,0.865
P066,P078,CALLED,2026-08-07T18:06:00,980,0.752
P003,P029,CALLED,2026-08-08T01:07:00,1059,0.827
P020,P060,CALLED,2026-08-09T08:08:00,1659,0.778
P037,P011,CALLED,2026-08-10T15:09:00,2288,0.962
P054,P042,CALLED,2026-08-11T22:10:00,1167,0.774
P071,P073,CALLED,2026-08-12T05:11:00,1582,0.765
P008,P024,CALLED,2026-08-13T12:12:00,1621,0.827
P025,P055,CALLED,2026-08-14T19:13:00,1643,0.761
P042,P006,CALLED,2026-08-15T02:14:00,1433,0.757
P059,P037,CALLED,2026-08-16T09:15:00,1435,0.971
P076,P068,CALLED,2026-08-17T16:16:00,1775,0.907
P013,P019,CALLED,2026-08-18T23:17:00,780,0.935
P030,P050,CALLED,2026-08-19T06:18:00,2059,0.806
P047,P001,CALLED,2026-08-20T13:19:00,1274,0.849
P064,P032,CALLED,2026-08-21T20:20:00,870,0.83
P001,P063,CALLED,2026-08-22T03:21:00,1998,0.854
P018,P014,CALLED,2026-08-23T10:22:00,1525,0.788
P035,P045,CALLED,2026-08-24T17:23:00,1640,0.898
P052,P076,CALLED,2026-08-25T00:24:00,1402,0.962
P069,P027,CALLED,2026-08-26T07:25:00,657,0.866
P006,P058,CALLED,2026-08-27T14:26:00,169,0.89
P023,P009,CALLED,2026-08-28T21:27:00,206,0.789
P040,P042,CALLED,2026-08-29T04:28:00,1219,0.825
P057,P071,CALLED,2026-08-30T11:29:00,1311,0.945
P074,P022,CALLED,2026-08-01T18:30:00,1470,0.948
P011,P053,CALLED,2026-08-02T01:31:00,700,0.972
P028,P004,CALLED,2026-08-03T08:32:00,588,0.967
P045,P035,CALLED,2026-08-04T15:33:00,32,0.821
P062,P066,CALLED,2026-08-05T22:34:00,1236,0.855
P079,P017,CALLED,2026-08-06T05:35:00,314,0.8
P016,P048,CALLED,2026-08-07T12:36:00,783,0.957
P033,P079,CALLED,2026-08-08T19:37:00,983,0.751
P050,P030,CALLED,2026-08-09T02:38:00,66,0.767
P067,P061,CALLED,2026-08-10T09:39:00,433,0.967
P004,P012,CALLED,2026-08-11T16:40:00,1404,0.838
P021,P043,CALLED,2026-08-12T23:41:00,625,0.932
P038,P074,CALLED,2026-08-13T06:42:00,535,0.897
P055,P025,CALLED,2026-08-14T13:43:00,218,0.871
P072,P056,CALLED,2026-08-15T20:44:00,400,0.9
P009,P007,CALLED,2026-08-16T03:45:00,882,0.944
P026,P038,CALLED,2026-08-17T10:46:00,1131,0.892
P043,P069,CALLED,2026-08-18T17:47:00,309,0.778
P060,P020,CALLED,2026-08-19T00:48:00,1588,0.936
P077,P051,CALLED,2026-08-20T07:49:00,523,0.871
P014,P002,CALLED,2026-08-21T14:50:00,2252,0.893
P031,P033,CALLED,2026-08-22T21:51:00,158,0.962
P048,P064,CALLED,2026-08-23T04:52:00,693,0.779
P065,P015,CALLED,2026-08-24T11:53:00,1085,0.82
P002,P046,CALLED,2026-08-25T18:54:00,2231,0.906
P019,P077,CALLED,2026-08-26T01:55:00,2325,0.796
P036,P028,CALLED,2026-08-27T08:56:00,1110,0.963
P053,P059,CALLED,2026-08-28T15:57:00,1271,0.814
P070,P010,CALLED,2026-08-29T22:58:00,1985,0.819
P007,P041,CALLED,2026-08-30T05:59:00,1561,0.768
P024,P072,CALLED,2026-08-01T12:00:00,886,0.828
P041,P023,CALLED,2026-08-02T19:01:00,1442,0.97
P058,P054,CALLED,2026-08-03T02:02:00,1914,0.986
P075,P005,CALLED,2026-08-04T09:03:00,662,0.781
P012,P036,CALLED,2026-08-05T16:04:00,1398,0.793
P029,P067,CALLED,2026-08-06T23:05:00,1267,0.873
P046,P018,CALLED,2026-08-07T06:06:00,1881,0.811
P063,P049,CALLED,2026-08-08T13:07:00,1006,0.848
P080,P002,CALLED,2026-08-09T20:08:00,281,0.826
P017,P031,CALLED,2026-08-10T03:09:00,352,0.763
P034,P062,CALLED,2026-08-11T10:10:00,487,0.816
P051,P013,CALLED,2026-08-12T17:11:00,1747,0.99
P068,P044,CALLED,2026-08-13T00:12:00,1760,0.77
P005,P075,CALLED,2026-08-14T07:13:00,496,0.886
P022,P026,CALLED,2026-08-15T14:14:00,1931,0.807
P039,P057,CALLED,2026-08-16T21:15:00,308,0.859
P056,P008,CALLED,2026-08-17T04:16:00,984,0.815
P073,P039,CALLED,2026-08-18T11:17:00,2103,0.781
P010,P070,CALLED,2026-08-19T18:18:00,1692,0.833
P027,P021,CALLED,2026-08-20T01:19:00,388,0.908
P044,P052,CALLED,2026-08-21T08:20:00,844,0.881
P061,P003,CALLED,2026-08-22T15:21:00,1402,0.905
P078,P034,CALLED,2026-08-23T22:22:00,106,0.821
P015,P065,CALLED,2026-08-24T05:23:00,2161,0.852
P032,P016,CALLED,2026-08-25T12:24:00,1643,0.761
P049,P047,CALLED,2026-08-26T19:25:00,690,0.9
P066,P078,CALLED,2026-08-27T02:26:00,925,0.859
P003,P029,CALLED,2026-08-28T09:27:00,1982,0.853
P020,P060,CALLED,2026-08-29T16:28:00,1191,0.869
P037,P011,CALLED,2026-08-30T23:29:00,1716,0.862
P054,P042,CALLED,2026-08-01T06:30:00,1492,0.863
P071,P073,CALLED,2026-08-02T13:31:00,1643,0.922
P008,P024,CALLED,2026-08-03T20:32:00,652,0.989
P025,P055,CALLED,2026-08-04T03:33:00,1916,0.797
P042,P006,CALLED,2026-08-05T10:34:00,574,0.879
P059,P037,CALLED,2026-08-06T17:35:00,2057,0.919
P076,P068,CALLED,2026-08-07T00:36:00,604,0.757
P013,P019,CALLED,2026-08-08T07:37:00,713,0.905
P030,P050,CALLED,2026-08-09T14:38:00,1094,0.921
P047,P001,CALLED,2026-08-10T21:39:00,2039,0.892
P064,P032,CALLED,2026-08-11T04:40:00,1409,0.935
P001,P063,CALLED,2026-08-12T11:41:00,203,0.948
P018,P014,CALLED,2026-08-13T18:42:00,1415,0.845
P035,P045,CALLED,2026-08-14T01:43:00,838,0.96
P052,P076,CALLED,2026-08-15T08:44:00,340,0.988
P069,P027,CALLED,2026-08-16T15:45:00,2015,0.841
P006,P058,CALLED,2026-08-17T22:46:00,899,0.905
P023,P009,CALLED,2026-08-18T05:47:00,980,0.956
P040,P042,CALLED,2026-08-19T12:48:00,1244,0.829
P057,P071,CALLED,2026-08-20T19:49:00,1295,0.757
P074,P022,CALLED,2026-08-21T02:50:00,2069,0.793
P011,P053,CALLED,2026-08-22T09:51:00,396,0.755
P028,P004,CALLED,2026-08-23T16:52:00,408,0.765
P045,P035,CALLED,2026-08-24T23:53:00,2074,0.907
P062,P066,CALLED,2026-08-25T06:54:00,1090,0.791
P079,P017,CALLED,2026-08-26T13:55:00,518,0.797
P016,P048,CALLED,2026-08-27T20:56:00,1086,0.889
P033,P079,CALLED,2026-08-28T03:57:00,748,0.878
P050,P030,CALLED,2026-08-29T10:58:00,1452,0.761
P067,P061,CALLED,2026-08-30T17:59:00,790,0.81
P004,P012,CALLED,2026-08-01T00:00:00,1248,0.841
P021,P043,CALLED,2026-08-02T07:01:00,409,0.934
P038,P074,CALLED,2026-08-03T14:02:00,1603,0.791
P055,P025,CALLED,2026-08-04T21:03:00,2130,0.782
P072,P056,CALLED,2026-08-05T04:04:00,595,0.799
P009,P007,CALLED,2026-08-06T11:05:00,1989,0.796
P026,P038,CALLED,2026-08-07T18:06:00,2080,0.838
P043,P069,CALLED,2026-08-08T01:07:00,534,0.857
P060,P020,CALLED,2026-08-09T08:08:00,32,0.755
P077,P051,CALLED,2026-08-10T15:09:00,48,0.92
P014,P002,CALLED,2026-08-11T22:10:00,704,0.936
P031,P033,CALLED,2026-08-12T05:11:00,1279,0.811
P048,P064,CALLED,2026-08-13T12:12:00,1577,0.799
P065,P015,CALLED,2026-08-14T19:13:00,1553,0.957
P002,P046,CALLED,2026-08-15T02:14:00,1259,0.939
P019,P077,CALLED,2026-08-16T09:15:00,649,0.924
P036,P028,CALLED,2026-08-17T16:16:00,1215,0.85
P053,P059,CALLED,2026-08-18T23:17:00,838,0.889
P070,P010,CALLED,2026-08-19T06:18:00,2206,0.802
P007,P041,CALLED,2026-08-20T13:19:00,1096,0.969
P024,P072,CALLED,2026-08-21T20:20:00,116,0.906
P041,P023,CALLED,2026-08-22T03:21:00,1448,0.987
P058,P054,CALLED,2026-08-23T10:22:00,602,0.919
P075,P005,CALLED,2026-08-24T17:23:00,369,0.873
P012,P036,CALLED,2026-08-25T00:24:00,2199,0.768
P029,P067,CALLED,2026-08-26T07:25:00,1901,0.818
P046,P018,CALLED,2026-08-27T14:26:00,1712,0.981
P063,P049,CALLED,2026-08-28T21:27:00,477,0.864
P080,P002,CALLED,2026-08-29T04:28:00,1636,0.836
P017,P031,CALLED,2026-08-30T11:29:00,660,0.854
P034,P062,CALLED,2026-08-01T18:30:00,1790,0.986
P051,P013,CALLED,2026-08-02T01:31:00,1001,0.883
P068,P044,CALLED,2026-08-03T08:32:00,1166,0.943
P005,P075,CALLED,2026-08-04T15:33:00,1925,0.772
P022,P026,CALLED,2026-08-05T22:34:00,2113,0.802
P039,P057,CALLED,2026-08-06T05:35:00,448,0.869
P056,P008,CALLED,2026-08-07T12:36:00,992,0.984
P073,P039,CALLED,2026-08-08T19:37:00,2105,0.781
P010,P070,CALLED,2026-08-09T02:38:00,984,0.809
P027,P021,CALLED,2026-08-10T09:39:00,1417,0.796
P044,P052,CALLED,2026-08-11T16:40:00,765,0.805
P061,P003,CALLED,2026-08-12T23:41:00,1239,0.985
P078,P034,CALLED,2026-08-13T06:42:00,73,0.865
P015,P065,CALLED,2026-08-14T13:43:00,1519,0.783
P032,P016,CALLED,2026-08-15T20:44:00,143,0.906
P049,P047,CALLED,2026-08-16T03:45:00,689,0.865
P066,P078,CALLED,2026-08-17T10:46:00,1171,0.776
P003,P029,CALLED,2026-08-18T17:47:00,246,0.975
P020,P060,CALLED,2026-08-19T00:48:00,1148,0.768
P037,P011,CALLED,2026-08-20T07:49:00,904,0.786
P054,P042,CALLED,2026-08-21T14:50:00,332,0.845
P071,P073,CALLED,2026-08-22T21:51:00,2009,0.866
P008,P024,CALLED,2026-08-23T04:52:00,951,0.804
P025,P055,CALLED,2026-08-24T11:53:00,722,0.797
P042,P006,CALLED,2026-08-25T18:54:00,995,0.853
P059,P037,CALLED,2026-08-26T01:55:00,63,0.839
P076,P068,CALLED,2026-08-27T08:56:00,1657,0.983
P013,P019,CALLED,2026-08-28T15:57:00,2207,0.937
P030,P050,CALLED,2026-08-29T22:58:00,126,0.847
P047,P001,CALLED,2026-08-30T05:59:00,283,0.824
P064,P032,CALLED,2026-08-01T12:00:00,1965,0.987
P001,P063,CALLED,2026-08-02T19:01:00,1118,0.81
P018,P014,CALLED,2026-08-03T02:02:00,705,0.752
P035,P045,CALLED,2026-08-04T09:03:00,2151,0.985
P052,P076,CALLED,2026-08-05T16:04:00,203,0.812
P069,P027,CALLED,2026-08-06T23:05:00,2384,0.791
P006,P058,CALLED,2026-08-07T06:06:00,986,0.973
P023,P009,CALLED,2026-08-08T13:07:00,185,0.898
P040,P042,CALLED,2026-08-09T20:08:00,105,0.798
P057,P071,CALLED,2026-08-10T03:09:00,1901,0.821
P074,P022,CALLED,2026-08-11T10:10:00,1486,0.874
P011,P053,CALLED,2026-08-12T17:11:00,1100,0.872
P028,P004,CALLED,2026-08-13T00:12:00,1156,0.957
P045,P035,CALLED,2026-08-14T07:13:00,1569,0.86
P062,P066,CALLED,2026-08-15T14:14:00,397,0.859
P079,P017,CALLED,2026-08-16T21:15:00,379,0.751
P016,P048,CALLED,2026-08-17T04:16:00,2326,0.787
P033,P079,CALLED,2026-08-18T11:17:00,1318,0.773
P050,P030,CALLED,2026-08-19T18:18:00,918,0.989
P067,P061,CALLED,2026-08-20T01:19:00,1738,0.762
P004,P012,CALLED,2026-08-21T08:20:00,1198,0.806
P021,P043,CALLED,2026-08-22T15:21:00,526,0.927
P038,P074,CALLED,2026-08-23T22:22:00,1709,0.858
P055,P025,CALLED,2026-08-24T05:23:00,31,0.759
P072,P056,CALLED,2026-08-25T12:24:00,1383,0.795
P009,P007,CALLED,2026-08-26T19:25:00,1481,0.888
P026,P038,CALLED,2026-08-27T02:26:00,1476,0.904
P043,P069,CALLED,2026-08-28T09:27:00,1381,0.82
P060,P020,CALLED,2026-08-29T16:28:00,1484,0.86
P077,P051,CALLED,2026-08-30T23:29:00,2348,0.776
P014,P002,CALLED,2026-08-01T06:30:00,1114,0.762
P031,P033,CALLED,2026-08-02T13:31:00,2152,0.851
P048,P064,CALLED,2026-08-03T20:32:00,998,0.791
P065,P015,CALLED,2026-08-04T03:33:00,304,0.963
P002,P046,CALLED,2026-08-05T10:34:00,266,0.952
P019,P077,CALLED,2026-08-06T17:35:00,1480,0.821
P036,P028,CALLED,2026-08-07T00:36:00,529,0.793
P053,P059,CALLED,2026-08-08T07:37:00,758,0.895
P070,P010,CALLED,2026-08-09T14:38:00,377,0.928
P007,P041,CALLED,2026-08-10T21:39:00,2339,0.842
P024,P072,CALLED,2026-08-11T04:40:00,1815,0.872
P041,P023,CALLED,2026-08-12T11:41:00,2390,0.815
P058,P054,CALLED,2026-08-13T18:42:00,972,0.902
P075,P005,CALLED,2026-08-14T01:43:00,1610,0.965
P012,P036,CALLED,2026-08-15T08:44:00,488,0.862
P029,P067,CALLED,2026-08-16T15:45:00,1936,0.879
P046,P018,CALLED,2026-08-17T22:46:00,1306,0.908
P063,P049,CALLED,2026-08-18T05:47:00,1836,0.828
P080,P002,CALLED,2026-08-19T12:48:00,2310,0.792
P017,P031,CALLED,2026-08-20T19:49:00,88,0.946
P034,P062,CALLED,2026-08-21T02:50:00,1688,0.972
P051,P013,CALLED,2026-08-22T09:51:00,1262,0.932
P068,P044,CALLED,2026-08-23T16:52:00,2319,0.76
P005,P075,CALLED,2026-08-24T23:53:00,1627,0.95
P022,P026,CALLED,2026-08-25T06:54:00,191,0.958
P039,P057,CALLED,2026-08-26T13:55:00,1330,0.977
P056,P008,CALLED,2026-08-27T20:56:00,48,0.93
P073,P039,CALLED,2026-08-28T03:57:00,181,0.843
P010,P070,CALLED,2026-08-29T10:58:00,2155,0.831
P027,P021,CALLED,2026-08-30T17:59:00,1000,0.775
P044,P052,CALLED,2026-08-01T00:00:00,877,0.923
P061,P003,CALLED,2026-08-02T07:01:00,1305,0.828
P078,P034,CALLED,2026-08-03T14:02:00,2307,0.916
P015,P065,CALLED,2026-08-04T21:03:00,345,0.786
P032,P016,CALLED,2026-08-05T04:04:00,1261,0.753
P049,P047,CALLED,2026-08-06T11:05:00,90,0.803
P066,P078,CALLED,2026-08-07T18:06:00,99,0.939
P003,P029,CALLED,2026-08-08T01:07:00,1866,0.85
P020,P060,CALLED,2026-08-09T08:08:00,33,0.915
P037,P011,CALLED,2026-08-10T15:09:00,712,0.793
P054,P042,CALLED,2026-08-11T22:10:00,1423,0.922
P071,P073,CALLED,2026-08-12T05:11:00,1130,0.816
P008,P024,CALLED,2026-08-13T12:12:00,345,0.902
P025,P055,CALLED,2026-08-14T19:13:00,504,0.89
P042,P006,CALLED,2026-08-15T02:14:00,1320,0.938
P059,P037,CALLED,2026-08-16T09:15:00,891,0.942
P076,P068,CALLED,2026-08-17T16:16:00,541,0.897
P013,P019,CALLED,2026-08-18T23:17:00,1401,0.889
P030,P050,CALLED,2026-08-19T06:18:00,2367,0.831
P047,P001,CALLED,2026-08-20T13:19:00,2289,0.855
P064,P032,CALLED,2026-08-21T20:20:00,1225,0.756
P001,P063,CALLED,2026-08-22T03:21:00,983,0.984
P018,P014,CALLED,2026-08-23T10:22:00,2121,0.888
P035,P045,CALLED,2026-08-24T17:23:00,1125,0.959
P052,P076,CALLED,2026-08-25T00:24:00,1155,0.811
P069,P027,CALLED,2026-08-26T07:25:00,594,0.962
P006,P058,CALLED,2026-08-27T14:26:00,860,0.932
P023,P009,CALLED,2026-08-28T21:27:00,1797,0.982
P040,P042,CALLED,2026-08-29T04:28:00,625,0.814
P057,P071,CALLED,2026-08-30T11:29:00,323,0.781
P074,P022,CALLED,2026-08-01T18:30:00,1647,0.912
P011,P053,CALLED,2026-08-02T01:31:00,957,0.848
P028,P004,CALLED,2026-08-03T08:32:00,2110,0.972
P045,P035,CALLED,2026-08-04T15:33:00,2261,0.98
P062,P066,CALLED,2026-08-05T22:34:00,2136,0.947
P079,P017,CALLED,2026-08-06T05:35:00,447,0.838
P016,P048,CALLED,2026-08-07T12:36:00,2025,0.912
P033,P079,CALLED,2026-08-08T19:37:00,2148,0.846
P050,P030,CALLED,2026-08-09T02:38:00,1108,0.931
P067,P061,CALLED,2026-08-10T09:39:00,1108,0.808
P004,P012,CALLED,2026-08-11T16:40:00,2054,0.943
P021,P043,CALLED,2026-08-12T23:41:00,1695,0.824
P038,P074,CALLED,2026-08-13T06:42:00,2165,0.835
P055,P025,CALLED,2026-08-14T13:43:00,1163,0.894
P072,P056,CALLED,2026-08-15T20:44:00,1659,0.806
P009,P007,CALLED,2026-08-16T03:45:00,944,0.951
P026,P038,CALLED,2026-08-17T10:46:00,1842,0.831
P043,P069,CALLED,2026-08-18T17:47:00,993,0.934
P060,P020,CALLED,2026-08-19T00:48:00,2252,0.936
P077,P051,CALLED,2026-08-20T07:49:00,2011,0.956
P014,P002,CALLED,2026-08-21T14:50:00,2155,0.841
P031,P033,CALLED,2026-08-22T21:51:00,344,0.892
P048,P064,CALLED,2026-08-23T04:52:00,1439,0.893
P065,P015,CALLED,2026-08-24T11:53:00,2021,0.954
P002,P046,CALLED,2026-08-25T18:54:00,1295,0.861
P019,P077,CALLED,2026-08-26T01:55:00,1992,0.762
P036,P028,CALLED,2026-08-27T08:56:00,1508,0.768
P053,P059,CALLED,2026-08-28T15:57:00,500,0.823
P070,P010,CALLED,2026-08-29T22:58:00,807,0.99
P007,P041,CALLED,2026-08-30T05:59:00,1176,0.914
P024,P072,CALLED,2026-08-01T12:00:00,2257,0.86
P041,P023,CALLED,2026-08-02T19:01:00,517,0.96
P058,P054,CALLED,2026-08-03T02:02:00,1254,0.763
P075,P005,CALLED,2026-08-04T09:03:00,1348,0.76
P012,P036,CALLED,2026-08-05T16:04:00,67,0.752
P029,P067,CALLED,2026-08-06T23:05:00,2375,0.806
P046,P018,CALLED,2026-08-07T06:06:00,2202,0.866
P063,P049,CALLED,2026-08-08T13:07:00,1513,0.773
P080,P002,CALLED,2026-08-09T20:08:00,518,0.971
P017,P031,CALLED,2026-08-10T03:09:00,1622,0.821
P034,P062,CALLED,2026-08-11T10:10:00,1705,0.769
P051,P013,CALLED,2026-08-12T17:11:00,1625,0.843
P068,P044,CALLED,2026-08-13T00:12:00,647,0.877
P005,P075,CALLED,2026-08-14T07:13:00,1522,0.951
P022,P026,CALLED,2026-08-15T14:14:00,770,0.84
P039,P057,CALLED,2026-08-16T21:15:00,1362,0.768
P056,P008,CALLED,2026-08-17T04:16:00,81,0.795
P073,P039,CALLED,2026-08-18T11:17:00,648,0.812
P010,P070,CALLED,2026-08-19T18:18:00,2111,0.835
P027,P021,CALLED,2026-08-20T01:19:00,1904,0.987
P044,P052,CALLED,2026-08-21T08:20:00,1784,0.907
P061,P003,CALLED,2026-08-22T15:21:00,1372,0.965
P078,P034,CALLED,2026-08-23T22:22:00,1403,0.83
P015,P065,CALLED,2026-08-24T05:23:00,64,0.913
P032,P016,CALLED,2026-08-25T12:24:00,270,0.913
P049,P047,CALLED,2026-08-26T19:25:00,1383,0.823
P066,P078,CALLED,2026-08-27T02:26:00,1093,0.821
P003,P029,CALLED,2026-08-28T09:27:00,2047,0.811
P020,P060,CALLED,2026-08-29T16:28:00,2293,0.879
P037,P011,CALLED,2026-08-30T23:29:00,896,0.784
P054,P042,CALLED,2026-08-01T06:30:00,339,0.865
P071,P073,CALLED,2026-08-02T13:31:00,2005,0.883
P008,P024,CALLED,2026-08-03T20:32:00,1950,0.806
P025,P055,CALLED,2026-08-04T03:33:00,1957,0.781
P042,P006,CALLED,2026-08-05T10:34:00,1870,0.883
P059,P037,CALLED,2026-08-06T17:35:00,161,0.891
P076,P068,CALLED,2026-08-07T00:36:00,256,0.758
P013,P019,CALLED,2026-08-08T07:37:00,332,0.898
P030,P050,CALLED,2026-08-09T14:38:00,1796,0.869
P047,P001,CALLED,2026-08-10T21:39:00,2147,0.89
P064,P032,CALLED,2026-08-11T04:40:00,2261,0.785
P001,P063,CALLED,2026-08-12T11:41:00,1212,0.885
P018,P014,CALLED,2026-08-13T18:42:00,680,0.82
P035,P045,CALLED,2026-08-14T01:43:00,900,0.964
P052,P076,CALLED,2026-08-15T08:44:00,302,0.972
P069,P027,CALLED,2026-08-16T15:45:00,1251,0.938
P006,P058,CALLED,2026-08-17T22:46:00,1805,0.967
P023,P009,CALLED,2026-08-18T05:47:00,1676,0.794
P040,P042,CALLED,2026-08-19T12:48:00,1961,0.751
P057,P071,CALLED,2026-08-20T19:49:00,2138,0.754
P074,P022,CALLED,2026-08-21T02:50:00,244,0.938
P011,P053,CALLED,2026-08-22T09:51:00,1967,0.859
P028,P004,CALLED,2026-08-23T16:52:00,2209,0.882
P045,P035,CALLED,2026-08-24T23:53:00,154,0.906
P062,P066,CALLED,2026-08-25T06:54:00,635,0.962
P079,P017,CALLED,2026-08-26T13:55:00,467,0.761
P016,P048,CALLED,2026-08-27T20:56:00,2141,0.836
P033,P079,CALLED,2026-08-28T03:57:00,399,0.89
P050,P030,CALLED,2026-08-29T10:58:00,1376,0.864
P067,P061,CALLED,2026-08-30T17:59:00,415,0.826
P004,P012,CALLED,2026-08-01T00:00:00,162,0.933
P021,P043,CALLED,2026-08-02T07:01:00,1186,0.954
P038,P074,CALLED,2026-08-03T14:02:00,622,0.83
P055,P025,CALLED,2026-08-04T21:03:00,320,0.862
P072,P056,CALLED,2026-08-05T04:04:00,2214,0.911
P009,P007,CALLED,2026-08-06T11:05:00,2209,0.99
P026,P038,CALLED,2026-08-07T18:06:00,2338,0.844
P043,P069,CALLED,2026-08-08T01:07:00,1083,0.896
P060,P020,CALLED,2026-08-09T08:08:00,229,0.885
P077,P051,CALLED,2026-08-10T15:09:00,767,0.89
P014,P002,CALLED,2026-08-11T22:10:00,453,0.793
P031,P033,CALLED,2026-08-12T05:11:00,806,0.757
P048,P064,CALLED,2026-08-13T12:12:00,854,0.779
P065,P015,CALLED,2026-08-14T19:13:00,1901,0.96
P002,P046,CALLED,2026-08-15T02:14:00,243,0.81
P019,P077,CALLED,2026-08-16T09:15:00,797,0.954
P036,P028,CALLED,2026-08-17T16:16:00,872,0.878
P053,P059,CALLED,2026-08-18T23:17:00,424,0.795
P070,P010,CALLED,2026-08-19T06:18:00,627,0.946
P007,P041,CALLED,2026-08-20T13:19:00,1021,0.91
P024,P072,CALLED,2026-08-21T20:20:00,1166,0.759
P041,P023,CALLED,2026-08-22T03:21:00,1608,0.938
P058,P054,CALLED,2026-08-23T10:22:00,584,0.897
P075,P005,CALLED,2026-08-24T17:23:00,1097,0.799
P012,P036,CALLED,2026-08-25T00:24:00,726,0.973
P029,P067,CALLED,2026-08-26T07:25:00,1285,0.918
P046,P018,CALLED,2026-08-27T14:26:00,302,0.878
P063,P049,CALLED,2026-08-28T21:27:00,489,0.841
P080,P002,CALLED,2026-08-29T04:28:00,1421,0.879
P017,P031,CALLED,2026-08-30T11:29:00,758,0.832
P034,P062,CALLED,2026-08-01T18:30:00,124,0.913
P051,P013,CALLED,2026-08-02T01:31:00,492,0.859
P068,P044,CALLED,2026-08-03T08:32:00,1469,0.878
P005,P075,CALLED,2026-08-04T15:33:00,985,0.775
P022,P026,CALLED,2026-08-05T22:34:00,506,0.821
P039,P057,CALLED,2026-08-06T05:35:00,2326,0.948
P056,P008,CALLED,2026-08-07T12:36:00,676,0.88
P073,P039,CALLED,2026-08-08T19:37:00,134,0.819
P010,P070,CALLED,2026-08-09T02:38:00,1689,0.81
P027,P021,CALLED,2026-08-10T09:39:00,1110,0.869
P044,P052,CALLED,2026-08-11T16:40:00,1171,0.97
P061,P003,CALLED,2026-08-12T23:41:00,2357,0.978
P078,P034,CALLED,2026-08-13T06:42:00,121,0.886
P015,P065,CALLED,2026-08-14T13:43:00,1101,0.953
P032,P016,CALLED,2026-08-15T20:44:00,518,0.862
P049,P047,CALLED,2026-08-16T03:45:00,165,0.942
P066,P078,CALLED,2026-08-17T10:46:00,1016,0.863
P003,P029,CALLED,2026-08-18T17:47:00,162,0.913
P020,P060,CALLED,2026-08-19T00:48:00,623,0.894
P037,P011,CALLED,2026-08-20T07:49:00,2282,0.882
P054,P042,CALLED,2026-08-21T14:50:00,1838,0.76
P071,P073,CALLED,2026-08-22T21:51:00,682,0.876
P008,P024,CALLED,2026-08-23T04:52:00,1440,0.873
P025,P055,CALLED,2026-08-24T11:53:00,785,0.928
P042,P006,CALLED,2026-08-25T18:54:00,1525,0.808
P059,P037,CALLED,2026-08-26T01:55:00,189,0.758
P076,P068,CALLED,2026-08-27T08:56:00,922,0.833
P013,P019,CALLED,2026-08-28T15:57:00,1263,0.889
P030,P050,CALLED,2026-08-29T22:58:00,632,0.805
P047,P001,CALLED,2026-08-30T05:59:00,481,0.861
P064,P032,CALLED,2026-08-01T12:00:00,1292,0.939
P001,P063,CALLED,2026-08-02T19:01:00,352,0.968
P018,P014,CALLED,2026-08-03T02:02:00,138,0.765
P035,P045,CALLED,2026-08-04T09:03:00,83,0.765
P052,P076,CALLED,2026-08-05T16:04:00,2271,0.952
P069,P027,CALLED,2026-08-06T23:05:00,160,0.897
P006,P058,CALLED,2026-08-07T06:06:00,2034,0.782
P023,P009,CALLED,2026-08-08T13:07:00,1908,0.81
P040,P042,CALLED,2026-08-09T20:08:00,150,0.819
P057,P071,CALLED,2026-08-10T03:09:00,1232,0.757
P074,P022,CALLED,2026-08-11T10:10:00,2307,0.802
P011,P053,CALLED,2026-08-12T17:11:00,1162,0.841
P028,P004,CALLED,2026-08-13T00:12:00,1100,0.942
P045,P035,CALLED,2026-08-14T07:13:00,1063,0.833
P062,P066,CALLED,2026-08-15T14:14:00,1962,0.784
P079,P017,CALLED,2026-08-16T21:15:00,2303,0.928
P016,P048,CALLED,2026-08-17T04:16:00,470,0.939
P033,P079,CALLED,2026-08-18T11:17:00,553,0.771
P050,P030,CALLED,2026-08-19T18:18:00,1900,0.916
P067,P061,CALLED,2026-08-20T01:19:00,2066,0.875
P004,P012,CALLED,2026-08-21T08:20:00,1141,0.898
P021,P043,CALLED,2026-08-22T15:21:00,1093,0.813
P038,P074,CALLED,2026-08-23T22:22:00,473,0.809
P055,P025,CALLED,2026-08-24T05:23:00,1361,0.844
P072,P056,CALLED,2026-08-25T12:24:00,538,0.986
P009,P007,CALLED,2026-08-26T19:25:00,1643,0.879
P026,P038,CALLED,2026-08-27T02:26:00,1753,0.941
P043,P069,CALLED,2026-08-28T09:27:00,1523,0.926
P060,P020,CALLED,2026-08-29T16:28:00,1235,0.758
P077,P051,CALLED,2026-08-30T23:29:00,86,0.924
P014,P002,CALLED,2026-08-01T06:30:00,1537,0.901
P031,P033,CALLED,2026-08-02T13:31:00,440,0.811
P048,P064,CALLED,2026-08-03T20:32:00,174,0.843
P065,P015,CALLED,2026-08-04T03:33:00,1592,0.936
P002,P046,CALLED,2026-08-05T10:34:00,1625,0.826
P019,P077,CALLED,2026-08-06T17:35:00,327,0.8
P036,P028,CALLED,2026-08-07T00:36:00,1499,0.828
P053,P059,CALLED,2026-08-08T07:37:00,966,0.796
P070,P010,CALLED,2026-08-09T14:38:00,2071,0.85
P007,P041,CALLED,2026-08-10T21:39:00,88,0.88
P024,P072,CALLED,2026-08-11T04:40:00,1093,0.951
P041,P023,CALLED,2026-08-12T11:41:00,1269,0.948
P058,P054,CALLED,2026-08-13T18:42:00,1447,0.756
P075,P005,CALLED,2026-08-14T01:43:00,1890,0.952
P012,P036,CALLED,2026-08-15T08:44:00,525,0.825
P029,P067,CALLED,2026-08-16T15:45:00,1819,0.957
P046,P018,CALLED,2026-08-17T22:46:00,1353,0.789
P063,P049,CALLED,2026-08-18T05:47:00,2163,0.871
P080,P002,CALLED,2026-08-19T12:48:00,43,0.756
P017,P031,CALLED,2026-08-20T19:49:00,2281,0.792
P034,P062,CALLED,2026-08-21T02:50:00,1639,0.955
P051,P013,CALLED,2026-08-22T09:51:00,1777,0.795
P068,P044,CALLED,2026-08-23T16:52:00,2326,0.883
P005,P075,CALLED,2026-08-24T23:53:00,969,0.981
P022,P026,CALLED,2026-08-25T06:54:00,1167,0.794
P039,P057,CALLED,2026-08-26T13:55:00,2312,0.923
P056,P008,CALLED,2026-08-27T20:56:00,1589,0.804
P073,P039,CALLED,2026-08-28T03:57:00,1522,0.834
P010,P070,CALLED,2026-08-29T10:58:00,235,0.988
P027,P021,CALLED,2026-08-30T17:59:00,1263,0.857
P044,P052,CALLED,2026-08-01T00:00:00,1210,0.884
P061,P003,CALLED,2026-08-02T07:01:00,1949,0.934
P078,P034,CALLED,2026-08-03T14:02:00,1840,0.912
P015,P065,CALLED,2026-08-04T21:03:00,1507,0.81
P032,P016,CALLED,2026-08-05T04:04:00,2276,0.918
P049,P047,CALLED,2026-08-06T11:05:00,618,0.862
P066,P078,CALLED,2026-08-07T18:06:00,1711,0.87
P003,P029,CALLED,2026-08-08T01:07:00,1208,0.814
P020,P060,CALLED,2026-08-09T08:08:00,1213,0.796
P037,P011,CALLED,2026-08-10T15:09:00,1126,0.911
P054,P042,CALLED,2026-08-11T22:10:00,1896,0.968
P071,P073,CALLED,2026-08-12T05:11:00,1038,0.815
P008,P024,CALLED,2026-08-13T12:12:00,1593,0.76
P025,P055,CALLED,2026-08-14T19:13:00,1908,0.859
P042,P006,CALLED,2026-08-15T02:14:00,1921,0.823
P059,P037,CALLED,2026-08-16T09:15:00,1775,0.9
P076,P068,CALLED,2026-08-17T16:16:00,1671,0.963
P013,P019,CALLED,2026-08-18T23:17:00,291,0.898
P030,P050,CALLED,2026-08-19T06:18:00,542,0.857
P047,P001,CALLED,2026-08-20T13:19:00,1187,0.951
P064,P032,CALLED,2026-08-21T20:20:00,1296,0.859
P001,P063,CALLED,2026-08-22T03:21:00,57,0.905
P018,P014,CALLED,2026-08-23T10:22:00,96,0.987
P035,P045,CALLED,2026-08-24T17:23:00,1227,0.983
P052,P076,CALLED,2026-08-25T00:24:00,679,0.901
P069,P027,CALLED,2026-08-26T07:25:00,847,0.894
P006,P058,CALLED,2026-08-27T14:26:00,733,0.782
P023,P009,CALLED,2026-08-28T21:27:00,853,0.945
P040,P042,CALLED,2026-08-29T04:28:00,415,0.796
P057,P071,CALLED,2026-08-30T11:29:00,2196,0.765
P074,P022,CALLED,2026-08-01T18:30:00,963,0.764
P011,P053,CALLED,2026-08-02T01:31:00,121,0.928
P028,P004,CALLED,2026-08-03T08:32:00,2386,0.971
P045,P035,CALLED,2026-08-04T15:33:00,1303,0.934
P062,P066,CALLED,2026-08-05T22:34:00,314,0.863
P079,P017,CALLED,2026-08-06T05:35:00,795,0.813
P016,P048,CALLED,2026-08-07T12:36:00,1051,0.793
P033,P079,CALLED,2026-08-08T19:37:00,2247,0.86
P050,P030,CALLED,2026-08-09T02:38:00,1973,0.965
P067,P061,CALLED,2026-08-10T09:39:00,295,0.966
P004,P012,CALLED,2026-08-11T16:40:00,1096,0.844
P021,P043,CALLED,2026-08-12T23:41:00,1919,0.928
P038,P074,CALLED,2026-08-13T06:42:00,2257,0.952
P055,P025,CALLED,2026-08-14T13:43:00,2395,0.913
P072,P056,CALLED,2026-08-15T20:44:00,58,0.978
P009,P007,CALLED,2026-08-16T03:45:00,664,0.755
P026,P038,CALLED,2026-08-17T10:46:00,1820,0.891
P043,P069,CALLED,2026-08-18T17:47:00,1020,0.903
P060,P020,CALLED,2026-08-19T00:48:00,1868,0.901
P077,P051,CALLED,2026-08-20T07:49:00,1317,0.984
P014,P002,CALLED,2026-08-21T14:50:00,1971,0.778
P031,P033,CALLED,2026-08-22T21:51:00,311,0.807
P048,P064,CALLED,2026-08-23T04:52:00,379,0.952
P065,P015,CALLED,2026-08-24T11:53:00,1656,0.916
P002,P046,CALLED,2026-08-25T18:54:00,847,0.961
P019,P077,CALLED,2026-08-26T01:55:00,2088,0.823
P036,P028,CALLED,2026-08-27T08:56:00,2350,0.954
P053,P059,CALLED,2026-08-28T15:57:00,651,0.974
P070,P010,CALLED,2026-08-29T22:58:00,1135,0.813
P007,P041,CALLED,2026-08-30T05:59:00,479,0.885
P024,P072,CALLED,2026-08-01T12:00:00,911,0.928
P041,P023,CALLED,2026-08-02T19:01:00,1094,0.882
P058,P054,CALLED,2026-08-03T02:02:00,1510,0.99
P075,P005,CALLED,2026-08-04T09:03:00,33,0.938
P012,P036,CALLED,2026-08-05T16:04:00,1538,0.937
P029,P067,CALLED,2026-08-06T23:05:00,2376,0.979
P046,P018,CALLED,2026-08-07T06:06:00,812,0.898
P063,P049,CALLED,2026-08-08T13:07:00,341,0.969
P080,P002,CALLED,2026-08-09T20:08:00,687,0.84
P017,P031,CALLED,2026-08-10T03:09:00,1193,0.866
P034,P062,CALLED,2026-08-11T10:10:00,2148,0.795
P051,P013,CALLED,2026-08-12T17:11:00,1884,0.961
P068,P044,CALLED,2026-08-13T00:12:00,186,0.788
P005,P075,CALLED,2026-08-14T07:13:00,872,0.978
P022,P026,CALLED,2026-08-15T14:14:00,1675,0.844
P039,P057,CALLED,2026-08-16T21:15:00,1115,0.801
P056,P008,CALLED,2026-08-17T04:16:00,1753,0.937
P073,P039,CALLED,2026-08-18T11:17:00,489,0.83
P010,P070,CALLED,2026-08-19T18:18:00,2125,0.781
P027,P021,CALLED,2026-08-20T01:19:00,1661,0.987
P044,P052,CALLED,2026-08-21T08:20:00,681,0.874
P061,P003,CALLED,2026-08-22T15:21:00,417,0.756
P078,P034,CALLED,2026-08-23T22:22:00,1200,0.952
P015,P065,CALLED,2026-08-24T05:23:00,37,0.93
P032,P016,CALLED,2026-08-25T12:24:00,2128,0.886
P049,P047,CALLED,2026-08-26T19:25:00,2256,0.793
P066,P078,CALLED,2026-08-27T02:26:00,1336,0.851
P003,P029,CALLED,2026-08-28T09:27:00,1812,0.858
P020,P060,CALLED,2026-08-29T16:28:00,2087,0.91
P037,P011,CALLED,2026-08-30T23:29:00,229,0.934
P054,P042,CALLED,2026-08-01T06:30:00,123,0.966
P071,P073,CALLED,2026-08-02T13:31:00,656,0.807
P008,P024,CALLED,2026-08-03T20:32:00,2084,0.861
P025,P055,CALLED,2026-08-04T03:33:00,1828,0.938
P042,P006,CALLED,2026-08-05T10:34:00,2015,0.847
P059,P037,CALLED,2026-08-06T17:35:00,644,0.856
P076,P068,CALLED,2026-08-07T00:36:00,1254,0.837
P013,P019,CALLED,2026-08-08T07:37:00,2112,0.813
P030,P050,CALLED,2026-08-09T14:38:00,1524,0.951
P047,P001,CALLED,2026-08-10T21:39:00,1518,0.757
P064,P032,CALLED,2026-08-11T04:40:00,1894,0.761
P001,P063,CALLED,2026-08-12T11:41:00,2240,0.813
P018,P014,CALLED,2026-08-13T18:42:00,1027,0.983
P035,P045,CALLED,2026-08-14T01:43:00,775,0.755
P052,P076,CALLED,2026-08-15T08:44:00,940,0.941
P069,P027,CALLED,2026-08-16T15:45:00,1761,0.807
P006,P058,CALLED,2026-08-17T22:46:00,2231,0.957
P023,P009,CALLED,2026-08-18T05:47:00,256,0.811
P040,P042,CALLED,2026-08-19T12:48:00,2185,0.754
P057,P071,CALLED,2026-08-20T19:49:00,527,0.753
P074,P022,CALLED,2026-08-21T02:50:00,2324,0.989
P011,P053,CALLED,2026-08-22T09:51:00,1254,0.792
P028,P004,CALLED,2026-08-23T16:52:00,1568,0.938
P045,P035,CALLED,2026-08-24T23:53:00,2221,0.84
P062,P066,CALLED,2026-08-25T06:54:00,1052,0.878
P079,P017,CALLED,2026-08-26T13:55:00,2079,0.798
P016,P048,CALLED,2026-08-27T20:56:00,64,0.913
P033,P079,CALLED,2026-08-28T03:57:00,2305,0.951
P050,P030,CALLED,2026-08-29T10:58:00,1595,0.784
P067,P061,CALLED,2026-08-30T17:59:00,1939,0.773
P004,P012,CALLED,2026-08-01T00:00:00,825,0.983
P021,P043,CALLED,2026-08-02T07:01:00,378,0.846
P038,P074,CALLED,2026-08-03T14:02:00,1793,0.951
P055,P025,CALLED,2026-08-04T21:03:00,1992,0.92
P072,P056,CALLED,2026-08-05T04:04:00,2318,0.798
P009,P007,CALLED,2026-08-06T11:05:00,1975,0.769
P026,P038,CALLED,2026-08-07T18:06:00,1524,0.951
P043,P069,CALLED,2026-08-08T01:07:00,22,0.812
P060,P020,CALLED,2026-08-09T08:08:00,2285,0.937
P077,P051,CALLED,2026-08-10T15:09:00,671,0.837
P014,P002,CALLED,2026-08-11T22:10:00,351,0.794
P031,P033,CALLED,2026-08-12T05:11:00,1094,0.934
P048,P064,CALLED,2026-08-13T12:12:00,736,0.9
P065,P015,CALLED,2026-08-14T19:13:00,1253,0.983
P002,P046,CALLED,2026-08-15T02:14:00,2379,0.956
P019,P077,CALLED,2026-08-16T09:15:00,1818,0.854
P036,P028,CALLED,2026-08-17T16:16:00,220,0.937
P053,P059,CALLED,2026-08-18T23:17:00,881,0.941
P070,P010,CALLED,2026-08-19T06:18:00,1211,0.798
P007,P041,CALLED,2026-08-20T13:19:00,1881,0.769
P024,P072,CALLED,2026-08-21T20:20:00,1930,0.877
P041,P023,CALLED,2026-08-22T03:21:00,1562,0.97
P058,P054,CALLED,2026-08-23T10:22:00,1493,0.937
P075,P005,CALLED,2026-08-24T17:23:00,423,0.874
P012,P036,CALLED,2026-08-25T00:24:00,510,0.864
P029,P067,CALLED,2026-08-26T07:25:00,2207,0.781
P046,P018,CALLED,2026-08-27T14:26:00,768,0.946
P063,P049,CALLED,2026-08-28T21:27:00,2304,0.943
P080,P002,CALLED,2026-08-29T04:28:00,1547,0.934
P017,P031,CALLED,2026-08-30T11:29:00,1918,0.972
P034,P062,CALLED,2026-08-01T18:30:00,834,0.952
P051,P013,CALLED,2026-08-02T01:31:00,1025,0.918
P068,P044,CALLED,2026-08-03T08:32:00,1391,0.775
P005,P075,CALLED,2026-08-04T15:33:00,368,0.76
P022,P026,CALLED,2026-08-05T22:34:00,535,0.948
P039,P057,CALLED,2026-08-06T05:35:00,164,0.848
P056,P008,CALLED,2026-08-07T12:36:00,475,0.796
P073,P039,CALLED,2026-08-08T19:37:00,985,0.791
P010,P070,CALLED,2026-08-09T02:38:00,1040,0.827
P027,P021,CALLED,2026-08-10T09:39:00,1912,0.808
P044,P052,CALLED,2026-08-11T16:40:00,2265,0.825
P061,P003,CALLED,2026-08-12T23:41:00,1817,0.837
P078,P034,CALLED,2026-08-13T06:42:00,2384,0.919
P015,P065,CALLED,2026-08-14T13:43:00,836,0.774
P032,P016,CALLED,2026-08-15T20:44:00,1231,0.775
P049,P047,CALLED,2026-08-16T03:45:00,389,0.803
P066,P078,CALLED,2026-08-17T10:46:00,198,0.85
P003,P029,CALLED,2026-08-18T17:47:00,2174,0.815
P020,P060,CALLED,2026-08-19T00:48:00,1569,0.954
P037,P011,CALLED,2026-08-20T07:49:00,1098,0.88
P054,P042,CALLED,2026-08-21T14:50:00,125,0.861
P071,P073,CALLED,2026-08-22T21:51:00,1764,0.846
P008,P024,CALLED,2026-08-23T04:52:00,958,0.769
P025,P055,CALLED,2026-08-24T11:53:00,2285,0.75
P042,P006,CALLED,2026-08-25T18:54:00,1395,0.843
P059,P037,CALLED,2026-08-26T01:55:00,308,0.986
P076,P068,CALLED,2026-08-27T08:56:00,1924,0.896
P013,P019,CALLED,2026-08-28T15:57:00,1506,0.806
P030,P050,CALLED,2026-08-29T22:58:00,998,0.882
P047,P001,CALLED,2026-08-30T05:59:00,1073,0.824
P064,P032,CALLED,2026-08-01T12:00:00,1819,0.909
P001,P063,CALLED,2026-08-02T19:01:00,849,0.912
P018,P014,CALLED,2026-08-03T02:02:00,1189,0.933
P035,P045,CALLED,2026-08-04T09:03:00,1318,0.8
P052,P076,CALLED,2026-08-05T16:04:00,2186,0.806
P069,P027,CALLED,2026-08-06T23:05:00,1911,0.756
P006,P058,CALLED,2026-08-07T06:06:00,77,0.771
P023,P009,CALLED,2026-08-08T13:07:00,549,0.864
P040,P042,CALLED,2026-08-09T20:08:00,282,0.776
P057,P071,CALLED,2026-08-10T03:09:00,2097,0.846
P074,P022,CALLED,2026-08-11T10:10:00,1067,0.906
P011,P053,CALLED,2026-08-12T17:11:00,1867,0.931
P028,P004,CALLED,2026-08-13T00:12:00,327,0.962
P045,P035,CALLED,2026-08-14T07:13:00,1880,0.922
P062,P066,CALLED,2026-08-15T14:14:00,1382,0.943
P079,P017,CALLED,2026-08-16T21:15:00,2196,0.9
P016,P048,CALLED,2026-08-17T04:16:00,285,0.755
P033,P079,CALLED,2026-08-18T11:17:00,103,0.81
P050,P030,CALLED,2026-08-19T18:18:00,1173,0.798
P067,P061,CALLED,2026-08-20T01:19:00,2288,0.875
P004,P012,CALLED,2026-08-21T08:20:00,817,0.961
P021,P043,CALLED,2026-08-22T15:21:00,337,0.817
P038,P074,CALLED,2026-08-23T22:22:00,1273,0.827
P055,P025,CALLED,2026-08-24T05:23:00,959,0.972
P072,P056,CALLED,2026-08-25T12:24:00,398,0.967
P009,P007,CALLED,2026-08-26T19:25:00,1106,0.973
P026,P038,CALLED,2026-08-27T02:26:00,1222,0.791
P043,P069,CALLED,2026-08-28T09:27:00,445,0.883
P060,P020,CALLED,2026-08-29T16:28:00,1194,0.941
P077,P051,CALLED,2026-08-30T23:29:00,193,0.948
P014,P002,CALLED,2026-08-01T06:30:00,2116,0.88
P031,P033,CALLED,2026-08-02T13:31:00,1175,0.835
P048,P064,CALLED,2026-08-03T20:32:00,2107,0.879
P065,P015,CALLED,2026-08-04T03:33:00,2245,0.869
P002,P046,CALLED,2026-08-05T10:34:00,1079,0.795
P019,P077,CALLED,2026-08-06T17:35:00,915,0.859
P036,P028,CALLED,2026-08-07T00:36:00,2327,0.923
P053,P059,CALLED,2026-08-08T07:37:00,2004,0.832
P070,P010,CALLED,2026-08-09T14:38:00,604,0.821
P007,P041,CALLED,2026-08-10T21:39:00,2262,0.936
P024,P072,CALLED,2026-08-11T04:40:00,365,0.927
P041,P023,CALLED,2026-08-12T11:41:00,329,0.855
P058,P054,CALLED,2026-08-13T18:42:00,1201,0.773
P075,P005,CALLED,2026-08-14T01:43:00,1328,0.952
P012,P036,CALLED,2026-08-15T08:44:00,1076,0.921
P029,P067,CALLED,2026-08-16T15:45:00,2378,0.814
P046,P018,CALLED,2026-08-17T22:46:00,670,0.755
P063,P049,CALLED,2026-08-18T05:47:00,83,0.861
P080,P002,CALLED,2026-08-19T12:48:00,1059,0.856
P017,P031,CALLED,2026-08-20T19:49:00,853,0.765
P034,P062,CALLED,2026-08-21T02:50:00,390,0.832
P051,P013,CALLED,2026-08-22T09:51:00,2064,0.926
P068,P044,CALLED,2026-08-23T16:52:00,126,0.956
P005,P075,CALLED,2026-08-24T23:53:00,1761,0.838
P022,P026,CALLED,2026-08-25T06:54:00,1469,0.889
P039,P057,CALLED,2026-08-26T13:55:00,1235,0.805
P056,P008,CALLED,2026-08-27T20:56:00,2174,0.765
P073,P039,CALLED,2026-08-28T03:57:00,325,0.928
P010,P070,CALLED,2026-08-29T10:58:00,1343,0.753
P027,P021,CALLED,2026-08-30T17:59:00,227,0.767
P044,P052,CALLED,2026-08-01T00:00:00,495,0.941
P061,P003,CALLED,2026-08-02T07:01:00,1357,0.801
P078,P034,CALLED,2026-08-03T14:02:00,2254,0.829
P015,P065,CALLED,2026-08-04T21:03:00,1451,0.79
P032,P016,CALLED,2026-08-05T04:04:00,714,0.851
P049,P047,CALLED,2026-08-06T11:05:00,1106,0.921
P066,P078,CALLED,2026-08-07T18:06:00,1167,0.767
P003,P029,CALLED,2026-08-08T01:07:00,2215,0.793
P020,P060,CALLED,2026-08-09T08:08:00,1691,0.786
P037,P011,CALLED,2026-08-10T15:09:00,2046,0.898
P054,P042,CALLED,2026-08-11T22:10:00,1399,0.777
P071,P073,CALLED,2026-08-12T05:11:00,146,0.851
P008,P024,CALLED,2026-08-13T12:12:00,924,0.906
P025,P055,CALLED,2026-08-14T19:13:00,1271,0.807
P042,P006,CALLED,2026-08-15T02:14:00,83,0.868
P059,P037,CALLED,2026-08-16T09:15:00,235,0.971
P076,P068,CALLED,2026-08-17T16:16:00,542,0.814
P013,P019,CALLED,2026-08-18T23:17:00,767,0.775
P030,P050,CALLED,2026-08-19T06:18:00,2278,0.926
P047,P001,CALLED,2026-08-20T13:19:00,2181,0.918
P064,P032,CALLED,2026-08-21T20:20:00,1803,0.877
P001,P063,CALLED,2026-08-22T03:21:00,538,0.835
P018,P014,CALLED,2026-08-23T10:22:00,540,0.785
P035,P045,CALLED,2026-08-24T17:23:00,1288,0.975
P052,P076,CALLED,2026-08-25T00:24:00,2186,0.911
P069,P027,CALLED,2026-08-26T07:25:00,82,0.955
P006,P058,CALLED,2026-08-27T14:26:00,313,0.952
P023,P009,CALLED,2026-08-28T21:27:00,355,0.924
P040,P042,CALLED,2026-08-29T04:28:00,523,0.874
P057,P071,CALLED,2026-08-30T11:29:00,523,0.796
P074,P022,CALLED,2026-08-01T18:30:00,725,0.936
P011,P053,CALLED,2026-08-02T01:31:00,1031,0.95
P028,P004,CALLED,2026-08-03T08:32:00,642,0.906
P045,P035,CALLED,2026-08-04T15:33:00,2098,0.906
P062,P066,CALLED,2026-08-05T22:34:00,454,0.941
P079,P017,CALLED,2026-08-06T05:35:00,208,0.803
P016,P048,CALLED,2026-08-07T12:36:00,760,0.755
P033,P079,CALLED,2026-08-08T19:37:00,1250,0.893
P050,P030,CALLED,2026-08-09T02:38:00,1405,0.756
P067,P061,CALLED,2026-08-10T09:39:00,772,0.909
P004,P012,CALLED,2026-08-11T16:40:00,144,0.81
P021,P043,CALLED,2026-08-12T23:41:00,927,0.944
P038,P074,CALLED,2026-08-13T06:42:00,1220,0.894
P055,P025,CALLED,2026-08-14T13:43:00,2105,0.823
P072,P056,CALLED,2026-08-15T20:44:00,232,0.856
P009,P007,CALLED,2026-08-16T03:45:00,2077,0.785
P026,P038,CALLED,2026-08-17T10:46:00,1278,0.93
P043,P069,CALLED,2026-08-18T17:47:00,1837,0.909
P060,P020,CALLED,2026-08-19T00:48:00,924,0.752
P077,P051,CALLED,2026-08-20T07:49:00,1499,0.778
P014,P002,CALLED,2026-08-21T14:50:00,535,0.977
P031,P033,CALLED,2026-08-22T21:51:00,50,0.923
P048,P064,CALLED,2026-08-23T04:52:00,547,0.85
P065,P015,CALLED,2026-08-24T11:53:00,705,0.982
P002,P046,CALLED,2026-08-25T18:54:00,1237,0.91
P019,P077,CALLED,2026-08-26T01:55:00,1447,0.897
P036,P028,CALLED,2026-08-27T08:56:00,613,0.804
P053,P059,CALLED,2026-08-28T15:57:00,1796,0.921
P070,P010,CALLED,2026-08-29T22:58:00,882,0.895
P007,P041,CALLED,2026-08-30T05:59:00,2203,0.901
P024,P072,CALLED,2026-08-01T12:00:00,524,0.929
P041,P023,CALLED,2026-08-02T19:01:00,520,0.805
P058,P054,CALLED,2026-08-03T02:02:00,1026,0.961
P075,P005,CALLED,2026-08-04T09:03:00,1116,0.984
P012,P036,CALLED,2026-08-05T16:04:00,553,0.868
P029,P067,CALLED,2026-08-06T23:05:00,1916,0.951
P046,P018,CALLED,2026-08-07T06:06:00,218,0.965
P063,P049,CALLED,2026-08-08T13:07:00,64,0.978
P080,P002,CALLED,2026-08-09T20:08:00,2248,0.795
P017,P031,CALLED,2026-08-10T03:09:00,1911,0.756
P034,P062,CALLED,2026-08-11T10:10:00,418,0.929
P051,P013,CALLED,2026-08-12T17:11:00,1347,0.823
P068,P044,CALLED,2026-08-13T00:12:00,1750,0.825
P005,P075,CALLED,2026-08-14T07:13:00,950,0.796
P022,P026,CALLED,2026-08-15T14:14:00,641,0.916
P039,P057,CALLED,2026-08-16T21:15:00,240,0.883
P056,P008,CALLED,2026-08-17T04:16:00,2050,0.925
P073,P039,CALLED,2026-08-18T11:17:00,356,0.841
P010,P070,CALLED,2026-08-19T18:18:00,512,0.962
P027,P021,CALLED,2026-08-20T01:19:00,533,0.78
P044,P052,CALLED,2026-08-21T08:20:00,1871,0.786
P061,P003,CALLED,2026-08-22T15:21:00,402,0.922
P078,P034,CALLED,2026-08-23T22:22:00,853,0.93
P015,P065,CALLED,2026-08-24T05:23:00,1321,0.808
P032,P016,CALLED,2026-08-25T12:24:00,912,0.787
P049,P047,CALLED,2026-08-26T19:25:00,634,0.897
P066,P078,CALLED,2026-08-27T02:26:00,1022,0.791
P003,P029,CALLED,2026-08-28T09:27:00,296,0.78
P020,P060,CALLED,2026-08-29T16:28:00,370,0.868
P037,P011,CALLED,2026-08-30T23:29:00,403,0.824
P054,P042,CALLED,2026-08-01T06:30:00,138,0.945
P071,P073,CALLED,2026-08-02T13:31:00,2020,0.932
P008,P024,CALLED,2026-08-03T20:32:00,2033,0.757
P025,P055,CALLED,2026-08-04T03:33:00,779,0.99
P042,P006,CALLED,2026-08-05T10:34:00,194,0.859
P059,P037,CALLED,2026-08-06T17:35:00,1304,0.952
P076,P068,CALLED,2026-08-07T00:36:00,2109,0.847
P013,P019,CALLED,2026-08-08T07:37:00,2282,0.82
P030,P050,CALLED,2026-08-09T14:38:00,1855,0.822
P047,P001,CALLED,2026-08-10T21:39:00,2357,0.973
P064,P032,CALLED,2026-08-11T04:40:00,29,0.924
P001,P063,CALLED,2026-08-12T11:41:00,522,0.761
P018,P014,CALLED,2026-08-13T18:42:00,919,0.968
P035,P045,CALLED,2026-08-14T01:43:00,1980,0.761
P052,P076,CALLED,2026-08-15T08:44:00,660,0.848
P069,P027,CALLED,2026-08-16T15:45:00,1579,0.755
P006,P058,CALLED,2026-08-17T22:46:00,2014,0.951
P023,P009,CALLED,2026-08-18T05:47:00,2286,0.935
P040,P042,CALLED,2026-08-19T12:48:00,43,0.757
P057,P071,CALLED,2026-08-20T19:49:00,1680,0.778
P074,P022,CALLED,2026-08-21T02:50:00,1537,0.829
P011,P053,CALLED,2026-08-22T09:51:00,1972,0.829
P028,P004,CALLED,2026-08-23T16:52:00,114,0.787
P045,P035,CALLED,2026-08-24T23:53:00,1393,0.981
P062,P066,CALLED,2026-08-25T06:54:00,423,0.945
P079,P017,CALLED,2026-08-26T13:55:00,2393,0.889
P016,P048,CALLED,2026-08-27T20:56:00,449,0.895
P033,P079,CALLED,2026-08-28T03:57:00,1341,0.942
P050,P030,CALLED,2026-08-29T10:58:00,827,0.93
P067,P061,CALLED,2026-08-30T17:59:00,138,0.895
P004,P012,CALLED,2026-08-01T00:00:00,1891,0.836
P021,P043,CALLED,2026-08-02T07:01:00,762,0.804
P038,P074,CALLED,2026-08-03T14:02:00,132,0.917
P055,P025,CALLED,2026-08-04T21:03:00,470,0.767
P072,P056,CALLED,2026-08-05T04:04:00,2048,0.772
P009,P007,CALLED,2026-08-06T11:05:00,1386,0.918
P026,P038,CALLED,2026-08-07T18:06:00,83,0.753
P043,P069,CALLED,2026-08-08T01:07:00,332,0.786
P060,P020,CALLED,2026-08-09T08:08:00,2184,0.843
P077,P051,CALLED,2026-08-10T15:09:00,1949,0.796
P014,P002,CALLED,2026-08-11T22:10:00,116,0.865
P031,P033,CALLED,2026-08-12T05:11:00,1461,0.944
P048,P064,CALLED,2026-08-13T12:12:00,952,0.874
P065,P015,CALLED,2026-08-14T19:13:00,897,0.809
P002,P046,CALLED,2026-08-15T02:14:00,485,0.795
P019,P077,CALLED,2026-08-16T09:15:00,1869,0.894
P036,P028,CALLED,2026-08-17T16:16:00,884,0.957
P053,P059,CALLED,2026-08-18T23:17:00,437,0.89
P070,P010,CALLED,2026-08-19T06:18:00,2102,0.768
P007,P041,CALLED,2026-08-20T13:19:00,1722,0.765
P024,P072,CALLED,2026-08-21T20:20:00,1453,0.981
P041,P023,CALLED,2026-08-22T03:21:00,173,0.807
P058,P054,CALLED,2026-08-23T10:22:00,1333,0.849
P075,P005,CALLED,2026-08-24T17:23:00,1399,0.973
P012,P036,CALLED,2026-08-25T00:24:00,1102,0.764
P029,P067,CALLED,2026-08-26T07:25:00,2221,0.829
P046,P018,CALLED,2026-08-27T14:26:00,95,0.901
P063,P049,CALLED,2026-08-28T21:27:00,119,0.774
P080,P002,CALLED,2026-08-29T04:28:00,280,0.885
P017,P031,CALLED,2026-08-30T11:29:00,1709,0.821
P034,P062,CALLED,2026-08-01T18:30:00,1148,0.779
P051,P013,CALLED,2026-08-02T01:31:00,1677,0.752
P068,P044,CALLED,2026-08-03T08:32:00,603,0.832
P005,P075,CALLED,2026-08-04T15:33:00,197,0.791
P022,P026,CALLED,2026-08-05T22:34:00,616,0.797
P039,P057,CALLED,2026-08-06T05:35:00,1203,0.983
P056,P008,CALLED,2026-08-07T12:36:00,2330,0.986
P073,P039,CALLED,2026-08-08T19:37:00,2057,0.847
P010,P070,CALLED,2026-08-09T02:38:00,474,0.927
P027,P021,CALLED,2026-08-10T09:39:00,2058,0.948
P044,P052,CALLED,2026-08-11T16:40:00,2068,0.93
P061,P003,CALLED,2026-08-12T23:41:00,2127,0.912
P078,P034,CALLED,2026-08-13T06:42:00,1884,0.858
P015,P065,CALLED,2026-08-14T13:43:00,1668,0.796
P032,P016,CALLED,2026-08-15T20:44:00,2161,0.919
P049,P047,CALLED,2026-08-16T03:45:00,1956,0.81
P066,P078,CALLED,2026-08-17T10:46:00,1934,0.876
P003,P029,CALLED,2026-08-18T17:47:00,2170,0.77
P020,P060,CALLED,2026-08-19T00:48:00,325,0.806
P037,P011,CALLED,2026-08-20T07:49:00,602,0.906
P054,P042,CALLED,2026-08-21T14:50:00,1955,0.762
P071,P073,CALLED,2026-08-22T21:51:00,1691,0.807
P008,P024,CALLED,2026-08-23T04:52:00,843,0.984
P025,P055,CALLED,2026-08-24T11:53:00,1280,0.917
P042,P006,CALLED,2026-08-25T18:54:00,1257,0.842
P059,P037,CALLED,2026-08-26T01:55:00,897,0.894
P076,P068,CALLED,2026-08-27T08:56:00,1316,0.779
P013,P019,CALLED,2026-08-28T15:57:00,1647,0.929
P030,P050,CALLED,2026-08-29T22:58:00,421,0.855
P047,P001,CALLED,2026-08-30T05:59:00,808,0.814
P064,P032,CALLED,2026-08-01T12:00:00,1776,0.843
P001,P063,CALLED,2026-08-02T19:01:00,2210,0.772
P018,P014,CALLED,2026-08-03T02:02:00,2079,0.762
P035,P045,CALLED,2026-08-04T09:03:00,1680,0.895
P052,P076,CALLED,2026-08-05T16:04:00,1337,0.893
P069,P027,CALLED,2026-08-06T23:05:00,64,0.954
P006,P058,CALLED,2026-08-07T06:06:00,775,0.906
P023,P009,CALLED,2026-08-08T13:07:00,1698,0.96
P040,P042,CALLED,2026-08-09T20:08:00,1048,0.828
P057,P071,CALLED,2026-08-10T03:09:00,1964,0.902
P074,P022,CALLED,2026-08-11T10:10:00,681,0.987
P011,P053,CALLED,2026-08-12T17:11:00,2041,0.968
P028,P004,CALLED,2026-08-13T00:12:00,108,0.935
P045,P035,CALLED,2026-08-14T07:13:00,1388,0.827
P062,P066,CALLED,2026-08-15T14:14:00,1419,0.808
P079,P017,CALLED,2026-08-16T21:15:00,1370,0.917
P016,P048,CALLED,2026-08-17T04:16:00,2170,0.917
P033,P079,CALLED,2026-08-18T11:17:00,1388,0.832
P050,P030,CALLED,2026-08-19T18:18:00,1380,0.784
P067,P061,CALLED,2026-08-20T01:19:00,1812,0.842
P004,P012,CALLED,2026-08-21T08:20:00,650,0.913
P021,P043,CALLED,2026-08-22T15:21:00,537,0.946
P038,P074,CALLED,2026-08-23T22:22:00,2337,0.985
P055,P025,CALLED,2026-08-24T05:23:00,968,0.846
P072,P056,CALLED,2026-08-25T12:24:00,919,0.811
P009,P007,CALLED,2026-08-26T19:25:00,1347,0.956
P026,P038,CALLED,2026-08-27T02:26:00,983,0.787
P043,P069,CALLED,2026-08-28T09:27:00,16,0.958
P060,P020,CALLED,2026-08-29T16:28:00,2337,0.821
P077,P051,CALLED,2026-08-30T23:29:00,482,0.883
P014,P002,CALLED,2026-08-01T06:30:00,1182,0.965
P031,P033,CALLED,2026-08-02T13:31:00,1524,0.986
P048,P064,CALLED,2026-08-03T20:32:00,1954,0.92
P065,P015,CALLED,2026-08-04T03:33:00,1966,0.789
P002,P046,CALLED,2026-08-05T10:34:00,26,0.771
P019,P077,CALLED,2026-08-06T17:35:00,299,0.774
P036,P028,CALLED,2026-08-07T00:36:00,941,0.791
P053,P059,CALLED,2026-08-08T07:37:00,618,0.77
P070,P010,CALLED,2026-08-09T14:38:00,650,0.96
P007,P041,CALLED,2026-08-10T21:39:00,1189,0.921
P024,P072,CALLED,2026-08-11T04:40:00,2184,0.835
P041,P023,CALLED,2026-08-12T11:41:00,2130,0.781
P058,P054,CALLED,2026-08-13T18:42:00,1763,0.949
P075,P005,CALLED,2026-08-14T01:43:00,2144,0.768
P012,P036,CALLED,2026-08-15T08:44:00,799,0.817
P029,P067,CALLED,2026-08-16T15:45:00,1087,0.792
P046,P018,CALLED,2026-08-17T22:46:00,994,0.928
P063,P049,CALLED,2026-08-18T05:47:00,2120,0.795
P080,P002,CALLED,2026-08-19T12:48:00,2044,0.94
P017,P031,CALLED,2026-08-20T19:49:00,658,0.968
P034,P062,CALLED,2026-08-21T02:50:00,19,0.818
P051,P013,CALLED,2026-08-22T09:51:00,580,0.939
P068,P044,CALLED,2026-08-23T16:52:00,1072,0.917
P005,P075,CALLED,2026-08-24T23:53:00,769,0.922
P022,P026,CALLED,2026-08-25T06:54:00,1926,0.842
P039,P057,CALLED,2026-08-26T13:55:00,1679,0.903
P056,P008,CALLED,2026-08-27T20:56:00,43,0.772
P073,P039,CALLED,2026-08-28T03:57:00,1150,0.834
P010,P070,CALLED,2026-08-29T10:58:00,1159,0.861
P027,P021,CALLED,2026-08-30T17:59:00,2353,0.838
P044,P052,CALLED,2026-08-01T00:00:00,1474,0.862
P061,P003,CALLED,2026-08-02T07:01:00,733,0.794
P078,P034,CALLED,2026-08-03T14:02:00,645,0.989
P015,P065,CALLED,2026-08-04T21:03:00,102,0.87
P032,P016,CALLED,2026-08-05T04:04:00,2355,0.787
P049,P047,CALLED,2026-08-06T11:05:00,1922,0.984
P066,P078,CALLED,2026-08-07T18:06:00,1091,0.836
P003,P029,CALLED,2026-08-08T01:07:00,774,0.865
P020,P060,CALLED,2026-08-09T08:08:00,17,0.788
P037,P011,CALLED,2026-08-10T15:09:00,783,0.77
P054,P042,CALLED,2026-08-11T22:10:00,1167,0.965
P071,P073,CALLED,2026-08-12T05:11:00,496,0.765
P008,P024,CALLED,2026-08-13T12:12:00,167,0.952
P025,P055,CALLED,2026-08-14T19:13:00,1191,0.759
P042,P006,CALLED,2026-08-15T02:14:00,132,0.908
P059,P037,CALLED,2026-08-16T09:15:00,2336,0.922
P076,P068,CALLED,2026-08-17T16:16:00,252,0.871
P013,P019,CALLED,2026-08-18T23:17:00,1042,0.805
P030,P050,CALLED,2026-08-19T06:18:00,1098,0.881
P047,P001,CALLED,2026-08-20T13:19:00,1686,0.892
P064,P032,CALLED,2026-08-21T20:20:00,2235,0.99
P001,P063,CALLED,2026-08-22T03:21:00,379,0.888
P018,P014,CALLED,2026-08-23T10:22:00,613,0.887
P035,P045,CALLED,2026-08-24T17:23:00,916,0.822
P052,P076,CALLED,2026-08-25T00:24:00,906,0.931
P069,P027,CALLED,2026-08-26T07:25:00,245,0.961
P006,P058,CALLED,2026-08-27T14:26:00,291,0.875
P023,P009,CALLED,2026-08-28T21:27:00,2082,0.983
P040,P042,CALLED,2026-08-29T04:28:00,212,0.942
P057,P071,CALLED,2026-08-30T11:29:00,1102,0.817
P074,P022,CALLED,2026-08-01T18:30:00,526,0.914
P011,P053,CALLED,2026-08-02T01:31:00,442,0.85
P028,P004,CALLED,2026-08-03T08:32:00,1879,0.875
P045,P035,CALLED,2026-08-04T15:33:00,1447,0.957
P062,P066,CALLED,2026-08-05T22:34:00,1853,0.867
P079,P017,CALLED,2026-08-06T05:35:00,2324,0.79
P016,P048,CALLED,2026-08-07T12:36:00,47,0.785
P033,P079,CALLED,2026-08-08T19:37:00,2247,0.877
P050,P030,CALLED,2026-08-09T02:38:00,907,0.964
P067,P061,CALLED,2026-08-10T09:39:00,38,0.83
P004,P012,CALLED,2026-08-11T16:40:00,2126,0.953
P021,P043,CALLED,2026-08-12T23:41:00,619,0.868
P038,P074,CALLED,2026-08-13T06:42:00,472,0.986
P055,P025,CALLED,2026-08-14T13:43:00,1237,0.97
P072,P056,CALLED,2026-08-15T20:44:00,723,0.966
P009,P007,CALLED,2026-08-16T03:45:00,2179,0.847
P026,P038,CALLED,2026-08-17T10:46:00,824,0.849
P043,P069,CALLED,2026-08-18T17:47:00,2023,0.914
P060,P020,CALLED,2026-08-19T00:48:00,2142,0.91
P077,P051,CALLED,2026-08-20T07:49:00,789,0.945
P014,P002,CALLED,2026-08-21T14:50:00,784,0.951
P031,P033,CALLED,2026-08-22T21:51:00,2288,0.787
P048,P064,CALLED,2026-08-23T04:52:00,2034,0.955
P065,P015,CALLED,2026-08-24T11:53:00,284,0.983
P002,P046,CALLED,2026-08-25T18:54:00,1489,0.908
P019,P077,CALLED,2026-08-26T01:55:00,814,0.91
P036,P028,CALLED,2026-08-27T08:56:00,511,0.888
P053,P059,CALLED,2026-08-28T15:57:00,2272,0.752
P070,P010,CALLED,2026-08-29T22:58:00,148,0.799
P007,P041,CALLED,2026-08-30T05:59:00,749,0.792
P024,P072,CALLED,2026-08-01T12:00:00,1780,0.894
P041,P023,CALLED,2026-08-02T19:01:00,419,0.99
P058,P054,CALLED,2026-08-03T02:02:00,88,0.881
P075,P005,CALLED,2026-08-04T09:03:00,1885,0.756
P012,P036,CALLED,2026-08-05T16:04:00,1565,0.92
P029,P067,CALLED,2026-08-06T23:05:00,850,0.761
P046,P018,CALLED,2026-08-07T06:06:00,934,0.936
P063,P049,CALLED,2026-08-08T13:07:00,778,0.769
P080,P002,CALLED,2026-08-09T20:08:00,369,0.884
P017,P031,CALLED,2026-08-10T03:09:00,2088,0.783
P034,P062,CALLED,2026-08-11T10:10:00,1170,0.816
P051,P013,CALLED,2026-08-12T17:11:00,1280,0.891
P068,P044,CALLED,2026-08-13T00:12:00,211,0.844
P005,P075,CALLED,2026-08-14T07:13:00,2148,0.906
P022,P026,CALLED,2026-08-15T14:14:00,2132,0.925
P039,P057,CALLED,2026-08-16T21:15:00,681,0.927
P056,P008,CALLED,2026-08-17T04:16:00,1666,0.889
P073,P039,CALLED,2026-08-18T11:17:00,397,0.868
P010,P070,CALLED,2026-08-19T18:18:00,162,0.948
P027,P021,CALLED,2026-08-20T01:19:00,957,0.87
P044,P052,CALLED,2026-08-21T08:20:00,2321,0.989
P061,P003,CALLED,2026-08-22T15:21:00,575,0.874
P078,P034,CALLED,2026-08-23T22:22:00,1541,0.823
P015,P065,CALLED,2026-08-24T05:23:00,1614,0.978
P032,P016,CALLED,2026-08-25T12:24:00,1981,0.989
P049,P047,CALLED,2026-08-26T19:25:00,1466,0.84
P066,P078,CALLED,2026-08-27T02:26:00,549,0.767
P003,P029,CALLED,2026-08-28T09:27:00,1520,0.767
P020,P060,CALLED,2026-08-29T16:28:00,2317,0.909
P037,P011,CALLED,2026-08-30T23:29:00,349,0.878
P054,P042,CALLED,2026-08-01T06:30:00,1334,0.821
P071,P073,CALLED,2026-08-02T13:31:00,2269,0.855
P008,P024,CALLED,2026-08-03T20:32:00,2145,0.989
P025,P055,CALLED,2026-08-04T03:33:00,2172,0.789
P042,P006,CALLED,2026-08-05T10:34:00,713,0.853
P059,P037,CALLED,2026-08-06T17:35:00,1553,0.973
P076,P068,CALLED,2026-08-07T00:36:00,899,0.854
P013,P019,CALLED,2026-08-08T07:37:00,2075,0.755
P030,P050,CALLED,2026-08-09T14:38:00,260,0.852
P047,P001,CALLED,2026-08-10T21:39:00,1872,0.837
P064,P032,CALLED,2026-08-11T04:40:00,492,0.897
P001,P063,CALLED,2026-08-12T11:41:00,1287,0.785
P018,P014,CALLED,2026-08-13T18:42:00,440,0.898
P035,P045,CALLED,2026-08-14T01:43:00,1325,0.945
P052,P076,CALLED,2026-08-15T08:44:00,1110,0.923
P069,P027,CALLED,2026-08-16T15:45:00,2042,0.889
P006,P058,CALLED,2026-08-17T22:46:00,589,0.909
P023,P009,CALLED,2026-08-18T05:47:00,1244,0.86
P040,P042,CALLED,2026-08-19T12:48:00,1040,0.843
P057,P071,CALLED,2026-08-20T19:49:00,2059,0.985
P074,P022,CALLED,2026-08-21T02:50:00,625,0.797
P011,P053,CALLED,2026-08-22T09:51:00,2316,0.782
P028,P004,CALLED,2026-08-23T16:52:00,2366,0.84
P045,P035,CALLED,2026-08-24T23:53:00,1946,0.821
P062,P066,CALLED,2026-08-25T06:54:00,756,0.774
P079,P017,CALLED,2026-08-26T13:55:00,1606,0.884
P016,P048,CALLED,2026-08-27T20:56:00,1838,0.975
P033,P079,CALLED,2026-08-28T03:57:00,180,0.892
P050,P030,CALLED,2026-08-29T10:58:00,715,0.936
P067,P061,CALLED,2026-08-30T17:59:00,576,0.912
P004,P012,CALLED,2026-08-01T00:00:00,2351,0.954
P021,P043,CALLED,2026-08-02T07:01:00,1363,0.961
P038,P074,CALLED,2026-08-03T14:02:00,1084,0.848
P055,P025,CALLED,2026-08-04T21:03:00,474,0.923
P072,P056,CALLED,2026-08-05T04:04:00,1580,0.751
P009,P007,CALLED,2026-08-06T11:05:00,1855,0.892
P026,P038,CALLED,2026-08-07T18:06:00,82,0.756
P043,P069,CALLED,2026-08-08T01:07:00,2003,0.76
P060,P020,CALLED,2026-08-09T08:08:00,1349,0.759
P077,P051,CALLED,2026-08-10T15:09:00,2172,0.758
P014,P002,CALLED,2026-08-11T22:10:00,274,0.855
P031,P033,CALLED,2026-08-12T05:11:00,1395,0.958
P048,P064,CALLED,2026-08-13T12:12:00,473,0.769
P065,P015,CALLED,2026-08-14T19:13:00,825,0.829
P002,P046,CALLED,2026-08-15T02:14:00,954,0.988
P019,P077,CALLED,2026-08-16T09:15:00,1115,0.884
P036,P028,CALLED,2026-08-17T16:16:00,2154,0.967
P053,P059,CALLED,2026-08-18T23:17:00,639,0.856
P070,P010,CALLED,2026-08-19T06:18:00,1564,0.812
P007,P041,CALLED,2026-08-20T13:19:00,555,0.925
P024,P072,CALLED,2026-08-21T20:20:00,647,0.785
P041,P023,CALLED,2026-08-22T03:21:00,2027,0.896
P058,P054,CALLED,2026-08-23T10:22:00,107,0.959
P075,P005,CALLED,2026-08-24T17:23:00,1606,0.809
P012,P036,CALLED,2026-08-25T00:24:00,1536,0.821
P029,P067,CALLED,2026-08-26T07:25:00,1816,0.96
P046,P018,CALLED,2026-08-27T14:26:00,192,0.836
P063,P049,CALLED,2026-08-28T21:27:00,1795,0.87
P080,P002,CALLED,2026-08-29T04:28:00,1034,0.88
P017,P031,CALLED,2026-08-30T11:29:00,2127,0.824
P034,P062,CALLED,2026-08-01T18:30:00,799,0.849
P051,P013,CALLED,2026-08-02T01:31:00,2097,0.97
P068,P044,CALLED,2026-08-03T08:32:00,238,0.761
P005,P075,CALLED,2026-08-04T15:33:00,2008,0.835
P022,P026,CALLED,2026-08-05T22:34:00,820,0.848
P039,P057,CALLED,2026-08-06T05:35:00,1800,0.841
P056,P008,CALLED,2026-08-07T12:36:00,69,0.931
P073,P039,CALLED,2026-08-08T19:37:00,50,0.81
P010,P070,CALLED,2026-08-09T02:38:00,2198,0.939
P027,P021,CALLED,2026-08-10T09:39:00,1862,0.949
P044,P052,CALLED,2026-08-11T16:40:00,312,0.926
P061,P003,CALLED,2026-08-12T23:41:00,2119,0.927
P078,P034,CALLED,2026-08-13T06:42:00,1000,0.867
P015,P065,CALLED,2026-08-14T13:43:00,787,0.862
P032,P016,CALLED,2026-08-15T20:44:00,765,0.81
P049,P047,CALLED,2026-08-16T03:45:00,1581,0.805
P066,P078,CALLED,2026-08-17T10:46:00,1108,0.952
P003,P029,CALLED,2026-08-18T17:47:00,856,0.842
P020,P060,CALLED,2026-08-19T00:48:00,432,0.842
P037,P011,CALLED,2026-08-20T07:49:00,218,0.975
P054,P042,CALLED,2026-08-21T14:50:00,1595,0.968
P071,P073,CALLED,2026-08-22T21:51:00,1362,0.98
P008,P024,CALLED,2026-08-23T04:52:00,1201,0.885
P025,P055,CALLED,2026-08-24T11:53:00,1127,0.917
P042,P006,CALLED,2026-08-25T18:54:00,1853,0.988
P059,P037,CALLED,2026-08-26T01:55:00,67,0.924
P076,P068,CALLED,2026-08-27T08:56:00,2207,0.842
P013,P019,CALLED,2026-08-28T15:57:00,869,0.908
P030,P050,CALLED,2026-08-29T22:58:00,2392,0.939
P047,P001,CALLED,2026-08-30T05:59:00,507,0.765
P064,P032,CALLED,2026-08-01T12:00:00,1571,0.916
P001,P063,CALLED,2026-08-02T19:01:00,445,0.951
P018,P014,CALLED,2026-08-03T02:02:00,1440,0.809
P035,P045,CALLED,2026-08-04T09:03:00,1377,0.889
P052,P076,CALLED,2026-08-05T16:04:00,767,0.779
P069,P027,CALLED,2026-08-06T23:05:00,2144,0.897
P006,P058,CALLED,2026-08-07T06:06:00,1253,0.786
P023,P009,CALLED,2026-08-08T13:07:00,940,0.846
P040,P042,CALLED,2026-08-09T20:08:00,529,0.819
P057,P071,CALLED,2026-08-10T03:09:00,2291,0.849
P074,P022,CALLED,2026-08-11T10:10:00,1623,0.858
P011,P053,CALLED,2026-08-12T17:11:00,1247,0.932
P028,P004,CALLED,2026-08-13T00:12:00,501,0.975
P045,P035,CALLED,2026-08-14T07:13:00,332,0.878
P062,P066,CALLED,2026-08-15T14:14:00,828,0.753
P079,P017,CALLED,2026-08-16T21:15:00,1917,0.963
P016,P048,CALLED,2026-08-17T04:16:00,151,0.859
P033,P079,CALLED,2026-08-18T11:17:00,2282,0.928
P050,P030,CALLED,2026-08-19T18:18:00,1187,0.773
P067,P061,CALLED,2026-08-20T01:19:00,457,0.886
P004,P012,CALLED,2026-08-21T08:20:00,810,0.759
P021,P043,CALLED,2026-08-22T15:21:00,1446,0.752
P038,P074,CALLED,2026-08-23T22:22:00,357,0.894
P055,P025,CALLED,2026-08-24T05:23:00,103,0.922
P072,P056,CALLED,2026-08-25T12:24:00,147,0.889
P009,P007,CALLED,2026-08-26T19:25:00,353,0.844
P026,P038,CALLED,2026-08-27T02:26:00,572,0.961
P043,P069,CALLED,2026-08-28T09:27:00,2330,0.797
P060,P020,CALLED,2026-08-29T16:28:00,1301,0.916
P077,P051,CALLED,2026-08-30T23:29:00,819,0.769
P014,P002,CALLED,2026-08-01T06:30:00,519,0.75
P031,P033,CALLED,2026-08-02T13:31:00,889,0.965
P048,P064,CALLED,2026-08-03T20:32:00,2218,0.856
P065,P015,CALLED,2026-08-04T03:33:00,1515,0.818
P002,P046,CALLED,2026-08-05T10:34:00,543,0.826
P019,P077,CALLED,2026-08-06T17:35:00,1648,0.938
P036,P028,CALLED,2026-08-07T00:36:00,2104,0.789
P053,P059,CALLED,2026-08-08T07:37:00,2201,0.875
P070,P010,CALLED,2026-08-09T14:38:00,1983,0.983
P007,P041,CALLED,2026-08-10T21:39:00,2309,0.818
P024,P072,CALLED,2026-08-11T04:40:00,591,0.973
P041,P023,CALLED,2026-08-12T11:41:00,44,0.754
P058,P054,CALLED,2026-08-13T18:42:00,118,0.903
P075,P005,CALLED,2026-08-14T01:43:00,1007,0.844
P012,P036,CALLED,2026-08-15T08:44:00,261,0.784
P029,P067,CALLED,2026-08-16T15:45:00,1920,0.823
P046,P018,CALLED,2026-08-17T22:46:00,1115,0.882
P063,P049,CALLED,2026-08-18T05:47:00,1235,0.961
P080,P002,CALLED,2026-08-19T12:48:00,996,0.872
P017,P031,CALLED,2026-08-20T19:49:00,1400,0.927
P034,P062,CALLED,2026-08-21T02:50:00,201,0.934
P051,P013,CALLED,2026-08-22T09:51:00,2115,0.861
P068,P044,CALLED,2026-08-23T16:52:00,237,0.836
P005,P075,CALLED,2026-08-24T23:53:00,701,0.909
P022,P026,CALLED,2026-08-25T06:54:00,1422,0.966
P039,P057,CALLED,2026-08-26T13:55:00,1270,0.849
P056,P008,CALLED,2026-08-27T20:56:00,1814,0.986
P073,P039,CALLED,2026-08-28T03:57:00,1256,0.77
P010,P070,CALLED,2026-08-29T10:58:00,2394,0.965
P027,P021,CALLED,2026-08-30T17:59:00,397,0.85
P044,P052,CALLED,2026-08-01T00:00:00,716,0.979
P061,P003,CALLED,2026-08-02T07:01:00,1257,0.794
P078,P034,CALLED,2026-08-03T14:02:00,1147,0.958
P015,P065,CALLED,2026-08-04T21:03:00,1383,0.867
P032,P016,CALLED,2026-08-05T04:04:00,1558,0.943
P049,P047,CALLED,2026-08-06T11:05:00,944,0.831
P066,P078,CALLED,2026-08-07T18:06:00,72,0.785
P003,P029,CALLED,2026-08-08T01:07:00,1344,0.798
P020,P060,CALLED,2026-08-09T08:08:00,636,0.975
P037,P011,CALLED,2026-08-10T15:09:00,1376,0.875
P054,P042,CALLED,2026-08-11T22:10:00,527,0.804
P071,P073,CALLED,2026-08-12T05:11:00,1329,0.77
P008,P024,CALLED,2026-08-13T12:12:00,1880,0.852
P025,P055,CALLED,2026-08-14T19:13:00,302,0.899
P042,P006,CALLED,2026-08-15T02:14:00,1633,0.763
P059,P037,CALLED,2026-08-16T09:15:00,2041,0.82
P076,P068,CALLED,2026-08-17T16:16:00,1194,0.754
P013,P019,CALLED,2026-08-18T23:17:00,55,0.935
P030,P050,CALLED,2026-08-19T06:18:00,1294,0.808
P047,P001,CALLED,2026-08-20T13:19:00,2080,0.762
P064,P032,CALLED,2026-08-21T20:20:00,666,0.942
P001,P063,CALLED,2026-08-22T03:21:00,10,0.829
P018,P014,CALLED,2026-08-23T10:22:00,599,0.959
P035,P045,CALLED,2026-08-24T17:23:00,173,0.941
P052,P076,CALLED,2026-08-25T00:24:00,304,0.938
P069,P027,CALLED,2026-08-26T07:25:00,2114,0.913
P006,P058,CALLED,2026-08-27T14:26:00,581,0.758
P023,P009,CALLED,2026-08-28T21:27:00,394,0.908
P040,P042,CALLED,2026-08-29T04:28:00,1045,0.917
P057,P071,CALLED,2026-08-30T11:29:00,500,0.751
P074,P022,CALLED,2026-08-01T18:30:00,2043,0.878
P011,P053,CALLED,2026-08-02T01:31:00,1069,0.887
P028,P004,CALLED,2026-08-03T08:32:00,1925,0.91
P045,P035,CALLED,2026-08-04T15:33:00,1785,0.755
P062,P066,CALLED,2026-08-05T22:34:00,485,0.919
P079,P017,CALLED,2026-08-06T05:35:00,723,0.969
P016,P048,CALLED,2026-08-07T12:36:00,888,0.825
P033,P079,CALLED,2026-08-08T19:37:00,2042,0.928
P050,P030,CALLED,2026-08-09T02:38:00,207,0.809
P067,P061,CALLED,2026-08-10T09:39:00,530,0.977
P004,P012,CALLED,2026-08-11T16:40:00,2148,0.779
P021,P043,CALLED,2026-08-12T23:41:00,1108,0.816
P038,P074,CALLED,2026-08-13T06:42:00,844,0.922
P055,P025,CALLED,2026-08-14T13:43:00,236,0.836
P072,P056,CALLED,2026-08-15T20:44:00,541,0.857
P009,P007,CALLED,2026-08-16T03:45:00,653,0.86
P026,P038,CALLED,2026-08-17T10:46:00,1542,0.82
P043,P069,CALLED,2026-08-18T17:47:00,1040,0.767
P060,P020,CALLED,2026-08-19T00:48:00,2160,0.908
P077,P051,CALLED,2026-08-20T07:49:00,1040,0.851
P014,P002,CALLED,2026-08-21T14:50:00,1325,0.917
P031,P033,CALLED,2026-08-22T21:51:00,1074,0.943
P048,P064,CALLED,2026-08-23T04:52:00,1774,0.985
P065,P015,CALLED,2026-08-24T11:53:00,537,0.785
P002,P046,CALLED,2026-08-25T18:54:00,495,0.875
P019,P077,CALLED,2026-08-26T01:55:00,666,0.933
P036,P028,CALLED,2026-08-27T08:56:00,1618,0.887
P053,P059,CALLED,2026-08-28T15:57:00,70,0.759
P070,P010,CALLED,2026-08-29T22:58:00,1290,0.769
P007,P041,CALLED,2026-08-30T05:59:00,1868,0.869
P024,P072,CALLED,2026-08-01T12:00:00,700,0.818
P041,P023,CALLED,2026-08-02T19:01:00,1869,0.788
P058,P054,CALLED,2026-08-03T02:02:00,911,0.928
P075,P005,CALLED,2026-08-04T09:03:00,627,0.839
P012,P036,CALLED,2026-08-05T16:04:00,2123,0.769
P029,P067,CALLED,2026-08-06T23:05:00,609,0.767
P046,P018,CALLED,2026-08-07T06:06:00,1388,0.757
P063,P049,CALLED,2026-08-08T13:07:00,2379,0.76
P080,P002,CALLED,2026-08-09T20:08:00,344,0.792
P017,P031,CALLED,2026-08-10T03:09:00,379,0.865
P034,P062,CALLED,2026-08-11T10:10:00,1597,0.814
P051,P013,CALLED,2026-08-12T17:11:00,945,0.801
P068,P044,CALLED,2026-08-13T00:12:00,1658,0.939
P005,P075,CALLED,2026-08-14T07:13:00,2228,0.905
P022,P026,CALLED,2026-08-15T14:14:00,842,0.822
P039,P057,CALLED,2026-08-16T21:15:00,677,0.946
P056,P008,CALLED,2026-08-17T04:16:00,807,0.981
P073,P039,CALLED,2026-08-18T11:17:00,1968,0.85
P010,P070,CALLED,2026-08-19T18:18:00,415,0.835
P027,P021,CALLED,2026-08-20T01:19:00,1893,0.887
P044,P052,CALLED,2026-08-21T08:20:00,1575,0.905
P061,P003,CALLED,2026-08-22T15:21:00,1381,0.926
P078,P034,CALLED,2026-08-23T22:22:00,2182,0.96
P015,P065,CALLED,2026-08-24T05:23:00,2028,0.867
P032,P016,CALLED,2026-08-25T12:24:00,1954,0.878
P049,P047,CALLED,2026-08-26T19:25:00,2016,0.848
P066,P078,CALLED,2026-08-27T02:26:00,39,0.923
P003,P029,CALLED,2026-08-28T09:27:00,331,0.82
P020,P060,CALLED,2026-08-29T16:28:00,441,0.76
P037,P011,CALLED,2026-08-30T23:29:00,1507,0.964
P054,P042,CALLED,2026-08-01T06:30:00,1303,0.969
P071,P073,CALLED,2026-08-02T13:31:00,356,0.81
P008,P024,CALLED,2026-08-03T20:32:00,1772,0.802
P025,P055,CALLED,2026-08-04T03:33:00,1176,0.982
P042,P006,CALLED,2026-08-05T10:34:00,1787,0.935
P059,P037,CALLED,2026-08-06T17:35:00,1244,0.757
P076,P068,CALLED,2026-08-07T00:36:00,1217,0.967
P013,P019,CALLED,2026-08-08T07:37:00,1344,0.764
P030,P050,CALLED,2026-08-09T14:38:00,319,0.839
P047,P001,CALLED,2026-08-10T21:39:00,1257,0.89
P064,P032,CALLED,2026-08-11T04:40:00,945,0.932
P001,P063,CALLED,2026-08-12T11:41:00,2084,0.843
P018,P014,CALLED,2026-08-13T18:42:00,707,0.831
P035,P045,CALLED,2026-08-14T01:43:00,1867,0.915
P052,P076,CALLED,2026-08-15T08:44:00,787,0.915
P069,P027,CALLED,2026-08-16T15:45:00,1329,0.806
P006,P058,CALLED,2026-08-17T22:46:00,1334,0.898
P023,P009,CALLED,2026-08-18T05:47:00,830,0.9
P040,P042,CALLED,2026-08-19T12:48:00,369,0.798
P057,P071,CALLED,2026-08-20T19:49:00,1625,0.841
P074,P022,CALLED,2026-08-21T02:50:00,1832,0.763
P011,P053,CALLED,2026-08-22T09:51:00,1878,0.983
P028,P004,CALLED,2026-08-23T16:52:00,931,0.952
P045,P035,CALLED,2026-08-24T23:53:00,1551,0.787
P062,P066,CALLED,2026-08-25T06:54:00,758,0.969
P079,P017,CALLED,2026-08-26T13:55:00,480,0.907
P016,P048,CALLED,2026-08-27T20:56:00,1735,0.886
P033,P079,CALLED,2026-08-28T03:57:00,1736,0.932
P050,P030,CALLED,2026-08-29T10:58:00,1679,0.835
P067,P061,CALLED,2026-08-30T17:59:00,373,0.763
P004,P012,CALLED,2026-08-01T00:00:00,274,0.937
P021,P043,CALLED,2026-08-02T07:01:00,1530,0.918
P038,P074,CALLED,2026-08-03T14:02:00,1644,0.986
P055,P025,CALLED,2026-08-04T21:03:00,1439,0.911
P072,P056,CALLED,2026-08-05T04:04:00,2022,0.98
P009,P007,CALLED,2026-08-06T11:05:00,1061,0.926
P026,P038,CALLED,2026-08-07T18:06:00,1833,0.892
P043,P069,CALLED,2026-08-08T01:07:00,349,0.814
P060,P020,CALLED,2026-08-09T08:08:00,1281,0.913
P077,P051,CALLED,2026-08-10T15:09:00,69,0.771
P014,P002,CALLED,2026-08-11T22:10:00,1562,0.914
P031,P033,CALLED,2026-08-12T05:11:00,2232,0.821
P048,P064,CALLED,2026-08-13T12:12:00,617,0.824
P065,P015,CALLED,2026-08-14T19:13:00,719,0.787
P002,P046,CALLED,2026-08-15T02:14:00,1906,0.803
P019,P077,CALLED,2026-08-16T09:15:00,1515,0.982
P036,P028,CALLED,2026-08-17T16:16:00,970,0.823
P053,P059,CALLED,2026-08-18T23:17:00,734,0.969
P070,P010,CALLED,2026-08-19T06:18:00,1544,0.877
P007,P041,CALLED,2026-08-20T13:19:00,1328,0.874
P024,P072,CALLED,2026-08-21T20:20:00,126,0.941
P041,P023,CALLED,2026-08-22T03:21:00,2349,0.95
P058,P054,CALLED,2026-08-23T10:22:00,1354,0.881
P075,P005,CALLED,2026-08-24T17:23:00,701,0.8
P012,P036,CALLED,2026-08-25T00:24:00,1722,0.89
P029,P067,CALLED,2026-08-26T07:25:00,1050,0.845
P046,P018,CALLED,2026-08-27T14:26:00,933,0.822
P063,P049,CALLED,2026-08-28T21:27:00,2173,0.926
P080,P002,CALLED,2026-08-29T04:28:00,1999,0.945
P017,P031,CALLED,2026-08-30T11:29:00,1832,0.801
P034,P062,CALLED,2026-08-01T18:30:00,1669,0.883
P051,P013,CALLED,2026-08-02T01:31:00,2029,0.897
P068,P044,CALLED,2026-08-03T08:32:00,662,0.834
P005,P075,CALLED,2026-08-04T15:33:00,1061,0.792
P022,P026,CALLED,2026-08-05T22:34:00,1911,0.919
P039,P057,CALLED,2026-08-06T05:35:00,1180,0.913
P056,P008,CALLED,2026-08-07T12:36:00,2311,0.839
P073,P039,CALLED,2026-08-08T19:37:00,1409,0.801
P010,P070,CALLED,2026-08-09T02:38:00,1918,0.792
P027,P021,CALLED,2026-08-10T09:39:00,633,0.982
P044,P052,CALLED,2026-08-11T16:40:00,714,0.784
P061,P003,CALLED,2026-08-12T23:41:00,2003,0.867
P078,P034,CALLED,2026-08-13T06:42:00,1563,0.825
P015,P065,CALLED,2026-08-14T13:43:00,732,0.962
P032,P016,CALLED,2026-08-15T20:44:00,1240,0.961
P049,P047,CALLED,2026-08-16T03:45:00,594,0.816
P066,P078,CALLED,2026-08-17T10:46:00,618,0.949
P003,P029,CALLED,2026-08-18T17:47:00,1770,0.968
P020,P060,CALLED,2026-08-19T00:48:00,2035,0.949
P037,P011,CALLED,2026-08-20T07:49:00,1097,0.789
P054,P042,CALLED,2026-08-21T14:50:00,248,0.786
P071,P073,CALLED,2026-08-22T21:51:00,1597,0.89
P008,P024,CALLED,2026-08-23T04:52:00,1531,0.825
P025,P055,CALLED,2026-08-24T11:53:00,2349,0.978
P042,P006,CALLED,2026-08-25T18:54:00,1396,0.92
P059,P037,CALLED,2026-08-26T01:55:00,147,0.857
P076,P068,CALLED,2026-08-27T08:56:00,1599,0.953
P013,P019,CALLED,2026-08-28T15:57:00,1135,0.972
P030,P050,CALLED,2026-08-29T22:58:00,1032,0.926
P047,P001,CALLED,2026-08-30T05:59:00,674,0.756
P064,P032,CALLED,2026-08-01T12:00:00,702,0.945
P001,P063,CALLED,2026-08-02T19:01:00,2201,0.943
P018,P014,CALLED,2026-08-03T02:02:00,878,0.811
P035,P045,CALLED,2026-08-04T09:03:00,1368,0.788
P052,P076,CALLED,2026-08-05T16:04:00,224,0.753
P069,P027,CALLED,2026-08-06T23:05:00,1923,0.945
P006,P058,CALLED,2026-08-07T06:06:00,996,0.837
P023,P009,CALLED,2026-08-08T13:07:00,1130,0.813
P040,P042,CALLED,2026-08-09T20:08:00,760,0.905
P057,P071,CALLED,2026-08-10T03:09:00,2242,0.989
P074,P022,CALLED,2026-08-11T10:10:00,1205,0.924
P011,P053,CALLED,2026-08-12T17:11:00,946,0.968
P028,P004,CALLED,2026-08-13T00:12:00,1862,0.967
P045,P035,CALLED,2026-08-14T07:13:00,150,0.88
P062,P066,CALLED,2026-08-15T14:14:00,1885,0.786
P079,P017,CALLED,2026-08-16T21:15:00,1295,0.795
P016,P048,CALLED,2026-08-17T04:16:00,1830,0.802
P033,P079,CALLED,2026-08-18T11:17:00,1339,0.826
P050,P030,CALLED,2026-08-19T18:18:00,916,0.986
P067,P061,CALLED,2026-08-20T01:19:00,201,0.891
P004,P012,CALLED,2026-08-21T08:20:00,627,0.838
P021,P043,CALLED,2026-08-22T15:21:00,1720,0.95
P038,P074,CALLED,2026-08-23T22:22:00,947,0.818
P055,P025,CALLED,2026-08-24T05:23:00,1424,0.884
P072,P056,CALLED,2026-08-25T12:24:00,1341,0.845
P009,P007,CALLED,2026-08-26T19:25:00,703,0.817
P026,P038,CALLED,2026-08-27T02:26:00,641,0.891
P043,P069,CALLED,2026-08-28T09:27:00,796,0.784
P060,P020,CALLED,2026-08-29T16:28:00,557,0.849
P077,P051,CALLED,2026-08-30T23:29:00,638,0.85
P014,P002,CALLED,2026-08-01T06:30:00,674,0.903
P031,P033,CALLED,2026-08-02T13:31:00,2055,0.927
P048,P064,CALLED,2026-08-03T20:32:00,1952,0.886
P065,P015,CALLED,2026-08-04T03:33:00,1726,0.78
P002,P046,CALLED,2026-08-05T10:34:00,2249,0.943
P019,P077,CALLED,2026-08-06T17:35:00,857,0.852
P036,P028,CALLED,2026-08-07T00:36:00,261,0.751
P053,P059,CALLED,2026-08-08T07:37:00,428,0.96
P070,P010,CALLED,2026-08-09T14:38:00,1244,0.896
P007,P041,CALLED,2026-08-10T21:39:00,958,0.818
P024,P072,CALLED,2026-08-11T04:40:00,86,0.821
P041,P023,CALLED,2026-08-12T11:41:00,280,0.905
P058,P054,CALLED,2026-08-13T18:42:00,2353,0.809
P075,P005,CALLED,2026-08-14T01:43:00,1198,0.943
P012,P036,CALLED,2026-08-15T08:44:00,207,0.976
P029,P067,CALLED,2026-08-16T15:45:00,1757,0.845
P046,P018,CALLED,2026-08-17T22:46:00,92,0.94
P063,P049,CALLED,2026-08-18T05:47:00,1532,0.98
P080,P002,CALLED,2026-08-19T12:48:00,659,0.784
P017,P031,CALLED,2026-08-20T19:49:00,2178,0.936
P034,P062,CALLED,2026-08-21T02:50:00,545,0.845
P051,P013,CALLED,2026-08-22T09:51:00,1185,0.959
P068,P044,CALLED,2026-08-23T16:52:00,1826,0.95
P005,P075,CALLED,2026-08-24T23:53:00,1184,0.854
P022,P026,CALLED,2026-08-25T06:54:00,2117,0.879
P039,P057,CALLED,2026-08-26T13:55:00,1760,0.845
P056,P008,CALLED,2026-08-27T20:56:00,1419,0.82
P073,P039,CALLED,2026-08-28T03:57:00,2312,0.795
P010,P070,CALLED,2026-08-29T10:58:00,1783,0.902
P027,P021,CALLED,2026-08-30T17:59:00,190,0.888
P044,P052,CALLED,2026-08-01T00:00:00,1866,0.885
P061,P003,CALLED,2026-08-02T07:01:00,2110,0.891
P078,P034,CALLED,2026-08-03T14:02:00,2306,0.94
P015,P065,CALLED,2026-08-04T21:03:00,794,0.761
P032,P016,CALLED,2026-08-05T04:04:00,1573,0.85
P049,P047,CALLED,2026-08-06T11:05:00,412,0.952
P066,P078,CALLED,2026-08-07T18:06:00,795,0.758
P003,P029,CALLED,2026-08-08T01:07:00,1174,0.943
P020,P060,CALLED,2026-08-09T08:08:00,205,0.814
P037,P011,CALLED,2026-08-10T15:09:00,2382,0.906
P054,P042,CALLED,2026-08-11T22:10:00,2239,0.87
P071,P073,CALLED,2026-08-12T05:11:00,422,0.762
P008,P024,CALLED,2026-08-13T12:12:00,876,0.824
P025,P055,CALLED,2026-08-14T19:13:00,1498,0.92
P042,P006,CALLED,2026-08-15T02:14:00,129,0.987
P059,P037,CALLED,2026-08-16T09:15:00,1580,0.962
P076,P068,CALLED,2026-08-17T16:16:00,2187,0.838
P013,P019,CALLED,2026-08-18T23:17:00,12,0.984
P030,P050,CALLED,2026-08-19T06:18:00,1358,0.782
P047,P001,CALLED,2026-08-20T13:19:00,1882,0.757
P064,P032,CALLED,2026-08-21T20:20:00,1338,0.759
P001,P063,CALLED,2026-08-22T03:21:00,2278,0.825
P018,P014,CALLED,2026-08-23T10:22:00,1089,0.895
P035,P045,CALLED,2026-08-24T17:23:00,1874,0.756
P052,P076,CALLED,2026-08-25T00:24:00,2242,0.974
P069,P027,CALLED,2026-08-26T07:25:00,1740,0.789
P006,P058,CALLED,2026-08-27T14:26:00,1579,0.92
P023,P009,CALLED,2026-08-28T21:27:00,1345,0.851
P040,P042,CALLED,2026-08-29T04:28:00,977,0.928
P057,P071,CALLED,2026-08-30T11:29:00,1189,0.942
P074,P022,CALLED,2026-08-01T18:30:00,1419,0.89
P011,P053,CALLED,2026-08-02T01:31:00,788,0.771
P028,P004,CALLED,2026-08-03T08:32:00,514,0.804
P045,P035,CALLED,2026-08-04T15:33:00,2352,0.751
P062,P066,CALLED,2026-08-05T22:34:00,895,0.935
P079,P017,CALLED,2026-08-06T05:35:00,2214,0.8
P016,P048,CALLED,2026-08-07T12:36:00,1356,0.79
P033,P079,CALLED,2026-08-08T19:37:00,1238,0.787
P050,P030,CALLED,2026-08-09T02:38:00,740,0.872
P067,P061,CALLED,2026-08-10T09:39:00,838,0.946
P004,P012,CALLED,2026-08-11T16:40:00,1057,0.782
P021,P043,CALLED,2026-08-12T23:41:00,107,0.808
P038,P074,CALLED,2026-08-13T06:42:00,1528,0.979
P055,P025,CALLED,2026-08-14T13:43:00,1000,0.907
P072,P056,CALLED,2026-08-15T20:44:00,1627,0.91
P009,P007,CALLED,2026-08-16T03:45:00,1527,0.948
P026,P038,CALLED,2026-08-17T10:46:00,1948,0.778
P043,P069,CALLED,2026-08-18T17:47:00,1241,0.802
P060,P020,CALLED,2026-08-19T00:48:00,257,0.867
P077,P051,CALLED,2026-08-20T07:49:00,2181,0.754
P014,P002,CALLED,2026-08-21T14:50:00,1368,0.761
P031,P033,CALLED,2026-08-22T21:51:00,1970,0.92
P048,P064,CALLED,2026-08-23T04:52:00,790,0.826
P065,P015,CALLED,2026-08-24T11:53:00,393,0.865
P002,P046,CALLED,2026-08-25T18:54:00,933,0.831
P019,P077,CALLED,2026-08-26T01:55:00,265,0.93
P036,P028,CALLED,2026-08-27T08:56:00,101,0.98
P053,P059,CALLED,2026-08-28T15:57:00,973,0.821
P070,P010,CALLED,2026-08-29T22:58:00,1737,0.88
P007,P041,CALLED,2026-08-30T05:59:00,960,0.798
P024,P072,CALLED,2026-08-01T12:00:00,2354,0.944
P041,P023,CALLED,2026-08-02T19:01:00,1586,0.939
P058,P054,CALLED,2026-08-03T02:02:00,197,0.833
P075,P005,CALLED,2026-08-04T09:03:00,45,0.791
P012,P036,CALLED,2026-08-05T16:04:00,579,0.852
P029,P067,CALLED,2026-08-06T23:05:00,127,0.784
P046,P018,CALLED,2026-08-07T06:06:00,512,0.957
P063,P049,CALLED,2026-08-08T13:07:00,2140,0.801
P080,P002,CALLED,2026-08-09T20:08:00,506,0.84
P017,P031,CALLED,2026-08-10T03:09:00,657,0.777
P034,P062,CALLED,2026-08-11T10:10:00,1593,0.908
P051,P013,CALLED,2026-08-12T17:11:00,451,0.937
P068,P044,CALLED,2026-08-13T00:12:00,2204,0.972
P005,P075,CALLED,2026-08-14T07:13:00,1812,0.785
P022,P026,CALLED,2026-08-15T14:14:00,194,0.78
P039,P057,CALLED,2026-08-16T21:15:00,78,0.823
P056,P008,CALLED,2026-08-17T04:16:00,2274,0.899
P073,P039,CALLED,2026-08-18T11:17:00,813,0.937
P010,P070,CALLED,2026-08-19T18:18:00,2060,0.86
P027,P021,CALLED,2026-08-20T01:19:00,1661,0.791
P044,P052,CALLED,2026-08-21T08:20:00,2313,0.856
P061,P003,CALLED,2026-08-22T15:21:00,1138,0.807
P078,P034,CALLED,2026-08-23T22:22:00,175,0.925
P015,P065,CALLED,2026-08-24T05:23:00,2061,0.858
P032,P016,CALLED,2026-08-25T12:24:00,170,0.937
P049,P047,CALLED,2026-08-26T19:25:00,951,0.84
P066,P078,CALLED,2026-08-27T02:26:00,1090,0.843
P003,P029,CALLED,2026-08-28T09:27:00,1291,0.982
P020,P060,CALLED,2026-08-29T16:28:00,1900,0.855
P037,P011,CALLED,2026-08-30T23:29:00,167,0.886
P054,P042,CALLED,2026-08-01T06:30:00,1607,0.971
P071,P073,CALLED,2026-08-02T13:31:00,1138,0.91
P008,P024,CALLED,2026-08-03T20:32:00,477,0.971
P025,P055,CALLED,2026-08-04T03:33:00,776,0.93
P042,P006,CALLED,2026-08-05T10:34:00,347,0.822
P059,P037,CALLED,2026-08-06T17:35:00,1082,0.937
P076,P068,CALLED,2026-08-07T00:36:00,866,0.902
P013,P019,CALLED,2026-08-08T07:37:00,597,0.765
P030,P050,CALLED,2026-08-09T14:38:00,1639,0.983
P047,P001,CALLED,2026-08-10T21:39:00,1045,0.753
P064,P032,CALLED,2026-08-11T04:40:00,2366,0.973
P001,P063,CALLED,2026-08-12T11:41:00,605,0.798
P018,P014,CALLED,2026-08-13T18:42:00,2350,0.964
P035,P045,CALLED,2026-08-14T01:43:00,2372,0.755
P052,P076,CALLED,2026-08-15T08:44:00,1404,0.795
P069,P027,CALLED,2026-08-16T15:45:00,1676,0.766
P006,P058,CALLED,2026-08-17T22:46:00,709,0.831
P023,P009,CALLED,2026-08-18T05:47:00,2012,0.875
P040,P042,CALLED,2026-08-19T12:48:00,1990,0.96
P057,P071,CALLED,2026-08-20T19:49:00,155,0.781
P074,P022,CALLED,2026-08-21T02:50:00,575,0.878
P011,P053,CALLED,2026-08-22T09:51:00,1688,0.974
P028,P004,CALLED,2026-08-23T16:52:00,204,0.78
P045,P035,CALLED,2026-08-24T23:53:00,1329,0.826
P062,P066,CALLED,2026-08-25T06:54:00,1618,0.804
P079,P017,CALLED,2026-08-26T13:55:00,1022,0.956
P016,P048,CALLED,2026-08-27T20:56:00,2400,0.931
P033,P079,CALLED,2026-08-28T03:57:00,326,0.924
P050,P030,CALLED,2026-08-29T10:58:00,1572,0.812
P067,P061,CALLED,2026-08-30T17:59:00,565,0.844
P004,P012,CALLED,2026-08-01T00:00:00,334,0.775
P021,P043,CALLED,2026-08-02T07:01:00,285,0.755
P038,P074,CALLED,2026-08-03T14:02:00,2398,0.988
P055,P025,CALLED,2026-08-04T21:03:00,256,0.8
P072,P056,CALLED,2026-08-05T04:04:00,1846,0.927
P009,P007,CALLED,2026-08-06T11:05:00,2190,0.908
P026,P038,CALLED,2026-08-07T18:06:00,1371,0.821
P043,P069,CALLED,2026-08-08T01:07:00,354,0.824
P060,P020,CALLED,2026-08-09T08:08:00,2056,0.93
P077,P051,CALLED,2026-08-10T15:09:00,837,0.978
P014,P002,CALLED,2026-08-11T22:10:00,1895,0.922
P031,P033,CALLED,2026-08-12T05:11:00,1361,0.985
P048,P064,CALLED,2026-08-13T12:12:00,934,0.895
P065,P015,CALLED,2026-08-14T19:13:00,1143,0.934
P002,P046,CALLED,2026-08-15T02:14:00,2107,0.958
P019,P077,CALLED,2026-08-16T09:15:00,1272,0.909
P036,P028,CALLED,2026-08-17T16:16:00,1903,0.941
P053,P059,CALLED,2026-08-18T23:17:00,1741,0.964
P070,P010,CALLED,2026-08-19T06:18:00,1230,0.778
P007,P041,CALLED,2026-08-20T13:19:00,10,0.904
P024,P072,CALLED,2026-08-21T20:20:00,237,0.788
P041,P023,CALLED,2026-08-22T03:21:00,1083,0.917
P058,P054,CALLED,2026-08-23T10:22:00,1482,0.867
P075,P005,CALLED,2026-08-24T17:23:00,899,0.915
P012,P036,CALLED,2026-08-25T00:24:00,1355,0.827
P029,P067,CALLED,2026-08-26T07:25:00,534,0.919
P046,P018,CALLED,2026-08-27T14:26:00,976,0.9
P063,P049,CALLED,2026-08-28T21:27:00,1845,0.927
P080,P002,CALLED,2026-08-29T04:28:00,105,0.986
P017,P031,CALLED,2026-08-30T11:29:00,459,0.887
P034,P062,CALLED,2026-08-01T18:30:00,263,0.791
P051,P013,CALLED,2026-08-02T01:31:00,1618,0.91
P068,P044,CALLED,2026-08-03T08:32:00,1487,0.792
P005,P075,CALLED,2026-08-04T15:33:00,782,0.975
P022,P026,CALLED,2026-08-05T22:34:00,1094,0.835
P039,P057,CALLED,2026-08-06T05:35:00,335,0.792
P056,P008,CALLED,2026-08-07T12:36:00,2046,0.811
P073,P039,CALLED,2026-08-08T19:37:00,1001,0.816
P010,P070,CALLED,2026-08-09T02:38:00,1942,0.933
P027,P021,CALLED,2026-08-10T09:39:00,980,0.808
P044,P052,CALLED,2026-08-11T16:40:00,2399,0.885
P061,P003,CALLED,2026-08-12T23:41:00,232,0.841
P078,P034,CALLED,2026-08-13T06:42:00,903,0.774
P015,P065,CALLED,2026-08-14T13:43:00,2368,0.982
P032,P016,CALLED,2026-08-15T20:44:00,76,0.925
P049,P047,CALLED,2026-08-16T03:45:00,291,0.845
P066,P078,CALLED,2026-08-17T10:46:00,1188,0.959
P003,P029,CALLED,2026-08-18T17:47:00,224,0.751
P020,P060,CALLED,2026-08-19T00:48:00,1566,0.871
P037,P011,CALLED,2026-08-20T07:49:00,1085,0.796
P054,P042,CALLED,2026-08-21T14:50:00,1744,0.904
P071,P073,CALLED,2026-08-22T21:51:00,761,0.795
P008,P024,CALLED,2026-08-23T04:52:00,739,0.972
P025,P055,CALLED,2026-08-24T11:53:00,2016,0.874
P042,P006,CALLED,2026-08-25T18:54:00,1065,0.777
P059,P037,CALLED,2026-08-26T01:55:00,1066,0.862
P076,P068,CALLED,2026-08-27T08:56:00,39,0.779
P013,P019,CALLED,2026-08-28T15:57:00,2293,0.844
P030,P050,CALLED,2026-08-29T22:58:00,136,0.893
P047,P001,CALLED,2026-08-30T05:59:00,1583,0.773
P064,P032,CALLED,2026-08-01T12:00:00,1212,0.898
P001,P063,CALLED,2026-08-02T19:01:00,58,0.789
P018,P014,CALLED,2026-08-03T02:02:00,1595,0.759
P035,P045,CALLED,2026-08-04T09:03:00,2091,0.844
P052,P076,CALLED,2026-08-05T16:04:00,1323,0.981
P069,P027,CALLED,2026-08-06T23:05:00,2140,0.942
P006,P058,CALLED,2026-08-07T06:06:00,1912,0.955
P023,P009,CALLED,2026-08-08T13:07:00,1950,0.961
P040,P042,CALLED,2026-08-09T20:08:00,1164,0.809
P057,P071,CALLED,2026-08-10T03:09:00,852,0.816
P074,P022,CALLED,2026-08-11T10:10:00,1158,0.796
P011,P053,CALLED,2026-08-12T17:11:00,2220,0.87
P028,P004,CALLED,2026-08-13T00:12:00,2155,0.925
P045,P035,CALLED,2026-08-14T07:13:00,398,0.779
P062,P066,CALLED,2026-08-15T14:14:00,472,0.852
P079,P017,CALLED,2026-08-16T21:15:00,2115,0.836
P016,P048,CALLED,2026-08-17T04:16:00,1425,0.871
P033,P079,CALLED,2026-08-18T11:17:00,2128,0.817
P050,P030,CALLED,2026-08-19T18:18:00,2125,0.766
P067,P061,CALLED,2026-08-20T01:19:00,2217,0.951
P004,P012,CALLED,2026-08-21T08:20:00,25,0.987
P021,P043,CALLED,2026-08-22T15:21:00,530,0.895
P038,P074,CALLED,2026-08-23T22:22:00,1269,0.898
P055,P025,CALLED,2026-08-24T05:23:00,2148,0.772
P072,P056,CALLED,2026-08-25T12:24:00,2347,0.826
P009,P007,CALLED,2026-08-26T19:25:00,2383,0.965
P026,P038,CALLED,2026-08-27T02:26:00,1311,0.778
P043,P069,CALLED,2026-08-28T09:27:00,1646,0.782
P060,P020,CALLED,2026-08-29T16:28:00,1918,0.793
P077,P051,CALLED,2026-08-30T23:29:00,1691,0.802
P014,P002,CALLED,2026-08-01T06:30:00,382,0.917
P031,P033,CALLED,2026-08-02T13:31:00,779,0.973
P048,P064,CALLED,2026-08-03T20:32:00,980,0.836
P065,P015,CALLED,2026-08-04T03:33:00,2262,0.812
P002,P046,CALLED,2026-08-05T10:34:00,2106,0.952
P019,P077,CALLED,2026-08-06T17:35:00,955,0.945
P036,P028,CALLED,2026-08-07T00:36:00,228,0.975
P053,P059,CALLED,2026-08-08T07:37:00,1072,0.866
P070,P010,CALLED,2026-08-09T14:38:00,1779,0.921
P007,P041,CALLED,2026-08-10T21:39:00,2057,0.798
P024,P072,CALLED,2026-08-11T04:40:00,510,0.914
P041,P023,CALLED,2026-08-12T11:41:00,14,0.825
P058,P054,CALLED,2026-08-13T18:42:00,509,0.916
P075,P005,CALLED,2026-08-14T01:43:00,948,0.896
P012,P036,CALLED,2026-08-15T08:44:00,655,0.788
P029,P067,CALLED,2026-08-16T15:45:00,1682,0.895
P046,P018,CALLED,2026-08-17T22:46:00,557,0.928
P063,P049,CALLED,2026-08-18T05:47:00,645,0.902
P080,P002,CALLED,2026-08-19T12:48:00,2318,0.851
P017,P031,CALLED,2026-08-20T19:49:00,1359,0.906
P034,P062,CALLED,2026-08-21T02:50:00,758,0.799
P051,P013,CALLED,2026-08-22T09:51:00,1216,0.877
P068,P044,CALLED,2026-08-23T16:52:00,1801,0.912
P005,P075,CALLED,2026-08-24T23:53:00,1948,0.963
P022,P026,CALLED,2026-08-25T06:54:00,1396,0.897
P039,P057,CALLED,2026-08-26T13:55:00,2116,0.753
P056,P008,CALLED,2026-08-27T20:56:00,692,0.75
P073,P039,CALLED,2026-08-28T03:57:00,1179,0.781
P010,P070,CALLED,2026-08-29T10:58:00,839,0.756
P027,P021,CALLED,2026-08-30T17:59:00,143,0.867
P044,P052,CALLED,2026-08-01T00:00:00,2234,0.893
P061,P003,CALLED,2026-08-02T07:01:00,2210,0.76
P078,P034,CALLED,2026-08-03T14:02:00,1282,0.937
P015,P065,CALLED,2026-08-04T21:03:00,2290,0.951
P032,P016,CALLED,2026-08-05T04:04:00,2019,0.838
P049,P047,CALLED,2026-08-06T11:05:00,1139,0.919
P066,P078,CALLED,2026-08-07T18:06:00,2005,0.761
P003,P029,CALLED,2026-08-08T01:07:00,619,0.832
P020,P060,CALLED,2026-08-09T08:08:00,577,0.928
P037,P011,CALLED,2026-08-10T15:09:00,894,0.796
P054,P042,CALLED,2026-08-11T22:10:00,1410,0.932
P071,P073,CALLED,2026-08-12T05:11:00,280,0.873
P008,P024,CALLED,2026-08-13T12:12:00,1666,0.865
P025,P055,CALLED,2026-08-14T19:13:00,708,0.877
P042,P006,CALLED,2026-08-15T02:14:00,768,0.832
P059,P037,CALLED,2026-08-16T09:15:00,625,0.928
P076,P068,CALLED,2026-08-17T16:16:00,2310,0.939
P013,P019,CALLED,2026-08-18T23:17:00,2064,0.942
P030,P050,CALLED,2026-08-19T06:18:00,1969,0.889
P047,P001,CALLED,2026-08-20T13:19:00,1103,0.913
P064,P032,CALLED,2026-08-21T20:20:00,344,0.801
P001,P063,CALLED,2026-08-22T03:21:00,309,0.91
P018,P014,CALLED,2026-08-23T10:22:00,1007,0.826
P035,P045,CALLED,2026-08-24T17:23:00,2170,0.814
P052,P076,CALLED,2026-08-25T00:24:00,923,0.985
P069,P027,CALLED,2026-08-26T07:25:00,1074,0.869
P006,P058,CALLED,2026-08-27T14:26:00,2060,0.906
P023,P009,CALLED,2026-08-28T21:27:00,1267,0.822
P040,P042,CALLED,2026-08-29T04:28:00,381,0.864
P057,P071,CALLED,2026-08-30T11:29:00,1310,0.837
P074,P022,CALLED,2026-08-01T18:30:00,1281,0.863
P011,P053,CALLED,2026-08-02T01:31:00,362,0.872
P028,P004,CALLED,2026-08-03T08:32:00,1942,0.837
P045,P035,CALLED,2026-08-04T15:33:00,1802,0.78
P062,P066,CALLED,2026-08-05T22:34:00,2171,0.844
P079,P017,CALLED,2026-08-06T05:35:00,884,0.795
P016,P048,CALLED,2026-08-07T12:36:00,2201,0.862
P033,P079,CALLED,2026-08-08T19:37:00,1737,0.784
P050,P030,CALLED,2026-08-09T02:38:00,472,0.823
P067,P061,CALLED,2026-08-10T09:39:00,1487,0.782
P004,P012,CALLED,2026-08-11T16:40:00,460,0.922
P021,P043,CALLED,2026-08-12T23:41:00,127,0.916
P038,P074,CALLED,2026-08-13T06:42:00,2321,0.977
P055,P025,CALLED,2026-08-14T13:43:00,808,0.768
P072,P056,CALLED,2026-08-15T20:44:00,1336,0.862
P009,P007,CALLED,2026-08-16T03:45:00,310,0.827
P026,P038,CALLED,2026-08-17T10:46:00,1213,0.76
P043,P069,CALLED,2026-08-18T17:47:00,1315,0.912
P060,P020,CALLED,2026-08-19T00:48:00,1156,0.783
P077,P051,CALLED,2026-08-20T07:49:00,876,0.982
P014,P002,CALLED,2026-08-21T14:50:00,2026,0.887
P031,P033,CALLED,2026-08-22T21:51:00,2324,0.794
P048,P064,CALLED,2026-08-23T04:52:00,328,0.797
P065,P015,CALLED,2026-08-24T11:53:00,1486,0.834
P002,P046,CALLED,2026-08-25T18:54:00,1102,0.876
P019,P077,CALLED,2026-08-26T01:55:00,1404,0.781
P036,P028,CALLED,2026-08-27T08:56:00,1844,0.802
P053,P059,CALLED,2026-08-28T15:57:00,699,0.801
P070,P010,CALLED,2026-08-29T22:58:00,121,0.952
P007,P041,CALLED,2026-08-30T05:59:00,1454,0.97
P024,P072,CALLED,2026-08-01T12:00:00,60,0.795
P041,P023,CALLED,2026-08-02T19:01:00,1098,0.971
P058,P054,CALLED,2026-08-03T02:02:00,867,0.834
P075,P005,CALLED,2026-08-04T09:03:00,2118,0.826
P012,P036,CALLED,2026-08-05T16:04:00,72,0.847
P029,P067,CALLED,2026-08-06T23:05:00,943,0.983
P046,P018,CALLED,2026-08-07T06:06:00,728,0.971
P063,P049,CALLED,2026-08-08T13:07:00,724,0.857
P080,P002,CALLED,2026-08-09T20:08:00,780,0.752
P017,P031,CALLED,2026-08-10T03:09:00,160,0.811
P034,P062,CALLED,2026-08-11T10:10:00,1246,0.917
P051,P013,CALLED,2026-08-12T17:11:00,2307,0.793
P068,P044,CALLED,2026-08-13T00:12:00,146,0.8
P005,P075,CALLED,2026-08-14T07:13:00,121,0.821
P022,P026,CALLED,2026-08-15T14:14:00,69,0.978
P039,P057,CALLED,2026-08-16T21:15:00,735,0.78
P056,P008,CALLED,2026-08-17T04:16:00,639,0.765
P073,P039,CALLED,2026-08-18T11:17:00,519,0.94
P010,P070,CALLED,2026-08-19T18:18:00,667,0.794
P027,P021,CALLED,2026-08-20T01:19:00,2259,0.988
P044,P052,CALLED,2026-08-21T08:20:00,1032,0.973
P061,P003,CALLED,2026-08-22T15:21:00,825,0.833
P078,P034,CALLED,2026-08-23T22:22:00,60,0.759
P015,P065,CALLED,2026-08-24T05:23:00,2125,0.754
P032,P016,CALLED,2026-08-25T12:24:00,1858,0.941
P049,P047,CALLED,2026-08-26T19:25:00,154,0.793
P066,P078,CALLED,2026-08-27T02:26:00,1255,0.862
P003,P029,CALLED,2026-08-28T09:27:00,1348,0.958
P020,P060,CALLED,2026-08-29T16:28:00,1822,0.972
P037,P011,CALLED,2026-08-30T23:29:00,245,0.885
P054,P042,CALLED,2026-08-01T06:30:00,1751,0.886
P071,P073,CALLED,2026-08-02T13:31:00,996,0.967
P008,P024,CALLED,2026-08-03T20:32:00,343,0.82
P025,P055,CALLED,2026-08-04T03:33:00,1209,0.847
P042,P006,CALLED,2026-08-05T10:34:00,2225,0.795
P059,P037,CALLED,2026-08-06T17:35:00,372,0.926
P076,P068,CALLED,2026-08-07T00:36:00,1163,0.755
P013,P019,CALLED,2026-08-08T07:37:00,1613,0.767
P030,P050,CALLED,2026-08-09T14:38:00,1676,0.927
P047,P001,CALLED,2026-08-10T21:39:00,1954,0.884
P064,P032,CALLED,2026-08-11T04:40:00,897,0.861
P001,P063,CALLED,2026-08-12T11:41:00,405,0.918
P018,P014,CALLED,2026-08-13T18:42:00,743,0.876
P035,P045,CALLED,2026-08-14T01:43:00,479,0.755
P052,P076,CALLED,2026-08-15T08:44:00,400,0.796
P069,P027,CALLED,2026-08-16T15:45:00,568,0.945
P006,P058,CALLED,2026-08-17T22:46:00,2330,0.867
P023,P009,CALLED,2026-08-18T05:47:00,2342,0.903
P040,P042,CALLED,2026-08-19T12:48:00,2224,0.953
P057,P071,CALLED,2026-08-20T19:49:00,1992,0.933
P074,P022,CALLED,2026-08-21T02:50:00,263,0.988
P011,P053,CALLED,2026-08-22T09:51:00,2275,0.859
P028,P004,CALLED,2026-08-23T16:52:00,581,0.931
P045,P035,CALLED,2026-08-24T23:53:00,599,0.965
P062,P066,CALLED,2026-08-25T06:54:00,937,0.809
P079,P017,CALLED,2026-08-26T13:55:00,1069,0.945
P016,P048,CALLED,2026-08-27T20:56:00,43,0.82
P033,P079,CALLED,2026-08-28T03:57:00,298,0.926
P050,P030,CALLED,2026-08-29T10:58:00,1400,0.915
P067,P061,CALLED,2026-08-30T17:59:00,678,0.914
P004,P012,CALLED,2026-08-01T00:00:00,1741,0.917
P021,P043,CALLED,2026-08-02T07:01:00,562,0.76
P038,P074,CALLED,2026-08-03T14:02:00,1698,0.757
P055,P025,CALLED,2026-08-04T21:03:00,399,0.892
P072,P056,CALLED,2026-08-05T04:04:00,1016,0.901
P009,P007,CALLED,2026-08-06T11:05:00,367,0.809
P026,P038,CALLED,2026-08-07T18:06:00,1174,0.954
P043,P069,CALLED,2026-08-08T01:07:00,878,0.874
P060,P020,CALLED,2026-08-09T08:08:00,29,0.862
P077,P051,CALLED,2026-08-10T15:09:00,2088,0.846
P014,P002,CALLED,2026-08-11T22:10:00,1921,0.862
P031,P033,CALLED,2026-08-12T05:11:00,2129,0.949
P048,P064,CALLED,2026-08-13T12:12:00,2323,0.886
P065,P015,CALLED,2026-08-14T19:13:00,1766,0.852
P002,P046,CALLED,2026-08-15T02:14:00,2394,0.911
P019,P077,CALLED,2026-08-16T09:15:00,970,0.791
P036,P028,CALLED,2026-08-17T16:16:00,1907,0.953
P053,P059,CALLED,2026-08-18T23:17:00,139,0.989
P070,P010,CALLED,2026-08-19T06:18:00,1443,0.91
P007,P041,CALLED,2026-08-20T13:19:00,1055,0.78
P024,P072,CALLED,2026-08-21T20:20:00,2355,0.963
P041,P023,CALLED,2026-08-22T03:21:00,2243,0.971
P058,P054,CALLED,2026-08-23T10:22:00,1619,0.977
P075,P005,CALLED,2026-08-24T17:23:00,1815,0.92
P012,P036,CALLED,2026-08-25T00:24:00,894,0.801
P029,P067,CALLED,2026-08-26T07:25:00,1910,0.898
P046,P018,CALLED,2026-08-27T14:26:00,1566,0.929
P063,P049,CALLED,2026-08-28T21:27:00,325,0.937
P080,P002,CALLED,2026-08-29T04:28:00,1577,0.805
P017,P031,CALLED,2026-08-30T11:29:00,1392,0.916
P034,P062,CALLED,2026-08-01T18:30:00,517,0.837
P051,P013,CALLED,2026-08-02T01:31:00,1393,0.86
P068,P044,CALLED,2026-08-03T08:32:00,386,0.826
P005,P075,CALLED,2026-08-04T15:33:00,2209,0.915
P022,P026,CALLED,2026-08-05T22:34:00,890,0.884
P039,P057,CALLED,2026-08-06T05:35:00,2302,0.986
P056,P008,CALLED,2026-08-07T12:36:00,962,0.762
P073,P039,CALLED,2026-08-08T19:37:00,137,0.77
P010,P070,CALLED,2026-08-09T02:38:00,1892,0.924
P027,P021,CALLED,2026-08-10T09:39:00,1015,0.795
P044,P052,CALLED,2026-08-11T16:40:00,1315,0.96
P061,P003,CALLED,2026-08-12T23:41:00,1099,0.789
P078,P034,CALLED,2026-08-13T06:42:00,1794,0.924
P015,P065,CALLED,2026-08-14T13:43:00,2314,0.889
P032,P016,CALLED,2026-08-15T20:44:00,1062,0.754
P049,P047,CALLED,2026-08-16T03:45:00,1739,0.979
P066,P078,CALLED,2026-08-17T10:46:00,1045,0.853
P003,P029,CALLED,2026-08-18T17:47:00,1266,0.848
P020,P060,CALLED,2026-08-19T00:48:00,1029,0.98
P037,P011,CALLED,2026-08-20T07:49:00,2071,0.966
P054,P042,CALLED,2026-08-21T14:50:00,1784,0.884
P071,P073,CALLED,2026-08-22T21:51:00,1816,0.777
P008,P024,CALLED,2026-08-23T04:52:00,379,0.81
P025,P055,CALLED,2026-08-24T11:53:00,939,0.779
P042,P006,CALLED,2026-08-25T18:54:00,1002,0.981
P059,P037,CALLED,2026-08-26T01:55:00,2243,0.825
P076,P068,CALLED,2026-08-27T08:56:00,779,0.822
P013,P019,CALLED,2026-08-28T15:57:00,2148,0.981
P030,P050,CALLED,2026-08-29T22:58:00,1361,0.871
P047,P001,CALLED,2026-08-30T05:59:00,584,0.945
P064,P032,CALLED,2026-08-01T12:00:00,1466,0.987
P001,P063,CALLED,2026-08-02T19:01:00,403,0.899
P018,P014,CALLED,2026-08-03T02:02:00,895,0.955
P035,P045,CALLED,2026-08-04T09:03:00,905,0.754
P052,P076,CALLED,2026-08-05T16:04:00,485,0.816
P069,P027,CALLED,2026-08-06T23:05:00,1094,0.787
P006,P058,CALLED,2026-08-07T06:06:00,1997,0.978
P023,P009,CALLED,2026-08-08T13:07:00,1176,0.901
P040,P042,CALLED,2026-08-09T20:08:00,1065,0.973
P057,P071,CALLED,2026-08-10T03:09:00,420,0.924
P074,P022,CALLED,2026-08-11T10:10:00,1569,0.967
P011,P053,CALLED,2026-08-12T17:11:00,1751,0.875
P028,P004,CALLED,2026-08-13T00:12:00,933,0.911
P045,P035,CALLED,2026-08-14T07:13:00,1160,0.852
P062,P066,CALLED,2026-08-15T14:14:00,1860,0.871
P079,P017,CALLED,2026-08-16T21:15:00,311,0.842
P016,P048,CALLED,2026-08-17T04:16:00,2123,0.931
P033,P079,CALLED,2026-08-18T11:17:00,84,0.87
P050,P030,CALLED,2026-08-19T18:18:00,2197,0.878
P067,P061,CALLED,2026-08-20T01:19:00,629,0.781
P004,P012,CALLED,2026-08-21T08:20:00,1971,0.961
P021,P043,CALLED,2026-08-22T15:21:00,2352,0.765
P038,P074,CALLED,2026-08-23T22:22:00,2204,0.918
P055,P025,CALLED,2026-08-24T05:23:00,2212,0.812
P072,P056,CALLED,2026-08-25T12:24:00,707,0.771
P009,P007,CALLED,2026-08-26T19:25:00,1722,0.907
P026,P038,CALLED,2026-08-27T02:26:00,339,0.957
P043,P069,CALLED,2026-08-28T09:27:00,1642,0.887
P060,P020,CALLED,2026-08-29T16:28:00,550,0.96
P077,P051,CALLED,2026-08-30T23:29:00,1940,0.978
P014,P002,CALLED,2026-08-01T06:30:00,1064,0.866
P031,P033,CALLED,2026-08-02T13:31:00,871,0.972
P048,P064,CALLED,2026-08-03T20:32:00,1670,0.84
P065,P015,CALLED,2026-08-04T03:33:00,602,0.811
P002,P046,CALLED,2026-08-05T10:34:00,307,0.876
P019,P077,CALLED,2026-08-06T17:35:00,52,0.965
P036,P028,CALLED,2026-08-07T00:36:00,2214,0.858
P053,P059,CALLED,2026-08-08T07:37:00,1349,0.794
P070,P010,CALLED,2026-08-09T14:38:00,1541,0.977
P007,P041,CALLED,2026-08-10T21:39:00,1777,0.914
P024,P072,CALLED,2026-08-11T04:40:00,422,0.776
P041,P023,CALLED,2026-08-12T11:41:00,1156,0.752
P058,P054,CALLED,2026-08-13T18:42:00,1226,0.95
P075,P005,CALLED,2026-08-14T01:43:00,880,0.853
P012,P036,CALLED,2026-08-15T08:44:00,953,0.923
P029,P067,CALLED,2026-08-16T15:45:00,1831,0.906
P046,P018,CALLED,2026-08-17T22:46:00,607,0.815
P063,P049,CALLED,2026-08-18T05:47:00,1445,0.973
P080,P002,CALLED,2026-08-19T12:48:00,1012,0.893
P017,P031,CALLED,2026-08-20T19:49:00,558,0.924
P034,P062,CALLED,2026-08-21T02:50:00,462,0.76
P051,P013,CALLED,2026-08-22T09:51:00,2390,0.804
P068,P044,CALLED,2026-08-23T16:52:00,1341,0.927
P005,P075,CALLED,2026-08-24T23:53:00,1742,0.772
P022,P026,CALLED,2026-08-25T06:54:00,42,0.989
P039,P057,CALLED,2026-08-26T13:55:00,1673,0.869
P056,P008,CALLED,2026-08-27T20:56:00,1917,0.754
P073,P039,CALLED,2026-08-28T03:57:00,161,0.854
P010,P070,CALLED,2026-08-29T10:58:00,1945,0.83
P027,P021,CALLED,2026-08-30T17:59:00,1767,0.972
P044,P052,CALLED,2026-08-01T00:00:00,982,0.765
P061,P003,CALLED,2026-08-02T07:01:00,2084,0.784
P078,P034,CALLED,2026-08-03T14:02:00,1661,0.99
P015,P065,CALLED,2026-08-04T21:03:00,480,0.797
P032,P016,CALLED,2026-08-05T04:04:00,914,0.831
P049,P047,CALLED,2026-08-06T11:05:00,945,0.873
P066,P078,CALLED,2026-08-07T18:06:00,2058,0.901
P003,P029,CALLED,2026-08-08T01:07:00,1671,0.931
P020,P060,CALLED,2026-08-09T08:08:00,2019,0.951
P037,P011,CALLED,2026-08-10T15:09:00,1030,0.862
P054,P042,CALLED,2026-08-11T22:10:00,374,0.919
P071,P073,CALLED,2026-08-12T05:11:00,371,0.793
P008,P024,CALLED,2026-08-13T12:12:00,2009,0.901
P025,P055,CALLED,2026-08-14T19:13:00,1786,0.868
P042,P006,CALLED,2026-08-15T02:14:00,788,0.876
P059,P037,CALLED,2026-08-16T09:15:00,1807,0.97
P076,P068,CALLED,2026-08-17T16:16:00,645,0.818
P013,P019,CALLED,2026-08-18T23:17:00,2142,0.868
P030,P050,CALLED,2026-08-19T06:18:00,628,0.989
P047,P001,CALLED,2026-08-20T13:19:00,1315,0.809
P064,P032,CALLED,2026-08-21T20:20:00,761,0.865
P001,P063,CALLED,2026-08-22T03:21:00,386,0.934
P018,P014,CALLED,2026-08-23T10:22:00,1709,0.803
P035,P045,CALLED,2026-08-24T17:23:00,483,0.983
P052,P076,CALLED,2026-08-25T00:24:00,1282,0.818
P069,P027,CALLED,2026-08-26T07:25:00,491,0.981
P006,P058,CALLED,2026-08-27T14:26:00,1003,0.789
P023,P009,CALLED,2026-08-28T21:27:00,1545,0.811
P040,P042,CALLED,2026-08-29T04:28:00,2024,0.807
P057,P071,CALLED,2026-08-30T11:29:00,1489,0.861
P074,P022,CALLED,2026-08-01T18:30:00,1744,0.778
P011,P053,CALLED,2026-08-02T01:31:00,1416,0.791
P028,P004,CALLED,2026-08-03T08:32:00,2166,0.865
P045,P035,CALLED,2026-08-04T15:33:00,733,0.761
P062,P066,CALLED,2026-08-05T22:34:00,803,0.872
P079,P017,CALLED,2026-08-06T05:35:00,1173,0.883
P016,P048,CALLED,2026-08-07T12:36:00,660,0.809
P033,P079,CALLED,2026-08-08T19:37:00,851,0.805
P050,P030,CALLED,2026-08-09T02:38:00,1072,0.989
P067,P061,CALLED,2026-08-10T09:39:00,1684,0.913
P004,P012,CALLED,2026-08-11T16:40:00,532,0.867
P021,P043,CALLED,2026-08-12T23:41:00,1568,0.955
P038,P074,CALLED,2026-08-13T06:42:00,1998,0.857
P055,P025,CALLED,2026-08-14T13:43:00,2374,0.794
P072,P056,CALLED,2026-08-15T20:44:00,1541,0.772
P009,P007,CALLED,2026-08-16T03:45:00,971,0.765
P026,P038,CALLED,2026-08-17T10:46:00,253,0.76
P043,P069,CALLED,2026-08-18T17:47:00,328,0.794
P060,P020,CALLED,2026-08-19T00:48:00,2318,0.922
P077,P051,CALLED,2026-08-20T07:49:00,74,0.929
P014,P002,CALLED,2026-08-21T14:50:00,354,0.839
P031,P033,CALLED,2026-08-22T21:51:00,2309,0.892
P048,P064,CALLED,2026-08-23T04:52:00,999,0.905
P065,P015,CALLED,2026-08-24T11:53:00,431,0.849
P002,P046,CALLED,2026-08-25T18:54:00,2142,0.907
P019,P077,CALLED,2026-08-26T01:55:00,2081,0.824
P036,P028,CALLED,2026-08-27T08:56:00,1704,0.932
P053,P059,CALLED,2026-08-28T15:57:00,1045,0.915
P070,P010,CALLED,2026-08-29T22:58:00,792,0.911
P007,P041,CALLED,2026-08-30T05:59:00,1655,0.789
P024,P072,CALLED,2026-08-01T12:00:00,1818,0.842
P041,P023,CALLED,2026-08-02T19:01:00,803,0.977
P058,P054,CALLED,2026-08-03T02:02:00,2238,0.99
P075,P005,CALLED,2026-08-04T09:03:00,1477,0.925
P012,P036,CALLED,2026-08-05T16:04:00,2290,0.803
P029,P067,CALLED,2026-08-06T23:05:00,659,0.943
P046,P018,CALLED,2026-08-07T06:06:00,1845,0.786
P063,P049,CALLED,2026-08-08T13:07:00,1273,0.853
P080,P002,CALLED,2026-08-09T20:08:00,155,0.819
P017,P031,CALLED,2026-08-10T03:09:00,2082,0.882
P034,P062,CALLED,2026-08-11T10:10:00,1745,0.817
P051,P013,CALLED,2026-08-12T17:11:00,1807,0.881
P068,P044,CALLED,2026-08-13T00:12:00,881,0.926
P005,P075,CALLED,2026-08-14T07:13:00,886,0.903
P022,P026,CALLED,2026-08-15T14:14:00,493,0.779
P039,P057,CALLED,2026-08-16T21:15:00,1987,0.95
P056,P008,CALLED,2026-08-17T04:16:00,985,0.965
P073,P039,CALLED,2026-08-18T11:17:00,1730,0.83
P010,P070,CALLED,2026-08-19T18:18:00,1521,0.776
P027,P021,CALLED,2026-08-20T01:19:00,1076,0.866
P044,P052,CALLED,2026-08-21T08:20:00,2351,0.96
P061,P003,CALLED,2026-08-22T15:21:00,1196,0.969
P078,P034,CALLED,2026-08-23T22:22:00,656,0.948
P015,P065,CALLED,2026-08-24T05:23:00,1888,0.778
P032,P016,CALLED,2026-08-25T12:24:00,1641,0.933
P049,P047,CALLED,2026-08-26T19:25:00,626,0.989
P066,P078,CALLED,2026-08-27T02:26:00,854,0.931
P003,P029,CALLED,2026-08-28T09:27:00,427,0.964
P020,P060,CALLED,2026-08-29T16:28:00,787,0.877
P037,P011,CALLED,2026-08-30T23:29:00,2346,0.875
P054,P042,CALLED,2026-08-01T06:30:00,153,0.778
P071,P073,CALLED,2026-08-02T13:31:00,364,0.843
P008,P024,CALLED,2026-08-03T20:32:00,423,0.941
P025,P055,CALLED,2026-08-04T03:33:00,1711,0.76
P042,P006,CALLED,2026-08-05T10:34:00,271,0.823
P059,P037,CALLED,2026-08-06T17:35:00,2257,0.776
P076,P068,CALLED,2026-08-07T00:36:00,127,0.951
P013,P019,CALLED,2026-08-08T07:37:00,835,0.813
P030,P050,CALLED,2026-08-09T14:38:00,211,0.972
P047,P001,CALLED,2026-08-10T21:39:00,1648,0.943
P064,P032,CALLED,2026-08-11T04:40:00,1121,0.931
P001,P063,CALLED,2026-08-12T11:41:00,2120,0.983
P018,P014,CALLED,2026-08-13T18:42:00,1396,0.89
P035,P045,CALLED,2026-08-14T01:43:00,1112,0.907
P052,P076,CALLED,2026-08-15T08:44:00,2174,0.986
P069,P027,CALLED,2026-08-16T15:45:00,1826,0.849
P006,P058,CALLED,2026-08-17T22:46:00,2345,0.989
P023,P009,CALLED,2026-08-18T05:47:00,2252,0.782
P040,P042,CALLED,2026-08-19T12:48:00,59,0.8
P057,P071,CALLED,2026-08-20T19:49:00,2102,0.827
P074,P022,CALLED,2026-08-21T02:50:00,1509,0.847
P011,P053,CALLED,2026-08-22T09:51:00,919,0.833
P028,P004,CALLED,2026-08-23T16:52:00,1388,0.881
P045,P035,CALLED,2026-08-24T23:53:00,363,0.989
P062,P066,CALLED,2026-08-25T06:54:00,441,0.78
P079,P017,CALLED,2026-08-26T13:55:00,138,0.89
P016,P048,CALLED,2026-08-27T20:56:00,1793,0.936
P033,P079,CALLED,2026-08-28T03:57:00,1815,0.885
P050,P030,CALLED,2026-08-29T10:58:00,846,0.764
P067,P061,CALLED,2026-08-30T17:59:00,566,0.926
P004,P012,CALLED,2026-08-01T00:00:00,1195,0.812
P021,P043,CALLED,2026-08-02T07:01:00,177,0.934
P038,P074,CALLED,2026-08-03T14:02:00,1946,0.913
P055,P025,CALLED,2026-08-04T21:03:00,720,0.823
P072,P056,CALLED,2026-08-05T04:04:00,2160,0.812
P009,P007,CALLED,2026-08-06T11:05:00,2366,0.853
P026,P038,CALLED,2026-08-07T18:06:00,2117,0.808
P043,P069,CALLED,2026-08-08T01:07:00,467,0.931
P060,P020,CALLED,2026-08-09T08:08:00,2241,0.912
P077,P051,CALLED,2026-08-10T15:09:00,1003,0.929
P014,P002,CALLED,2026-08-11T22:10:00,43,0.964
P031,P033,CALLED,2026-08-12T05:11:00,1279,0.762
P048,P064,CALLED,2026-08-13T12:12:00,2128,0.801
P065,P015,CALLED,2026-08-14T19:13:00,1745,0.932
P002,P046,CALLED,2026-08-15T02:14:00,2179,0.986
P019,P077,CALLED,2026-08-16T09:15:00,542,0.842
P036,P028,CALLED,2026-08-17T16:16:00,925,0.891
P053,P059,CALLED,2026-08-18T23:17:00,2393,0.971
P070,P010,CALLED,2026-08-19T06:18:00,246,0.916
P007,P041,CALLED,2026-08-20T13:19:00,652,0.899
P024,P072,CALLED,2026-08-21T20:20:00,765,0.901
P041,P023,CALLED,2026-08-22T03:21:00,579,0.829
P058,P054,CALLED,2026-08-23T10:22:00,1574,0.933
P075,P005,CALLED,2026-08-24T17:23:00,799,0.819
P012,P036,CALLED,2026-08-25T00:24:00,1076,0.959
P029,P067,CALLED,2026-08-26T07:25:00,1219,0.851
P046,P018,CALLED,2026-08-27T14:26:00,300,0.884
P063,P049,CALLED,2026-08-28T21:27:00,815,0.854
P080,P002,CALLED,2026-08-29T04:28:00,1571,0.844
P017,P031,CALLED,2026-08-30T11:29:00,1404,0.936
P034,P062,CALLED,2026-08-01T18:30:00,112,0.939
P051,P013,CALLED,2026-08-02T01:31:00,2240,0.753
P068,P044,CALLED,2026-08-03T08:32:00,310,0.833
P005,P075,CALLED,2026-08-04T15:33:00,1098,0.771
P022,P026,CALLED,2026-08-05T22:34:00,442,0.807
P039,P057,CALLED,2026-08-06T05:35:00,1487,0.86
P056,P008,CALLED,2026-08-07T12:36:00,2290,0.787
P073,P039,CALLED,2026-08-08T19:37:00,2400,0.805
P010,P070,CALLED,2026-08-09T02:38:00,237,0.821
P027,P021,CALLED,2026-08-10T09:39:00,2068,0.761
P044,P052,CALLED,2026-08-11T16:40:00,347,0.839
P061,P003,CALLED,2026-08-12T23:41:00,806,0.811
P078,P034,CALLED,2026-08-13T06:42:00,1813,0.804
P015,P065,CALLED,2026-08-14T13:43:00,882,0.828
P032,P016,CALLED,2026-08-15T20:44:00,745,0.826
P049,P047,CALLED,2026-08-16T03:45:00,629,0.92
P066,P078,CALLED,2026-08-17T10:46:00,434,0.849
P003,P029,CALLED,2026-08-18T17:47:00,570,0.98
P020,P060,CALLED,2026-08-19T00:48:00,193,0.897
P037,P011,CALLED,2026-08-20T07:49:00,1423,0.866
P054,P042,CALLED,2026-08-21T14:50:00,1776,0.881
P071,P073,CALLED,2026-08-22T21:51:00,2190,0.79
P008,P024,CALLED,2026-08-23T04:52:00,2215,0.792
P025,P055,CALLED,2026-08-24T11:53:00,2284,0.762
P042,P006,CALLED,2026-08-25T18:54:00,2197,0.817
P059,P037,CALLED,2026-08-26T01:55:00,2106,0.828
P076,P068,CALLED,2026-08-27T08:56:00,1448,0.952
P013,P019,CALLED,2026-08-28T15:57:00,1979,0.768
P030,P050,CALLED,2026-08-29T22:58:00,179,0.774
P047,P001,CALLED,2026-08-30T05:59:00,2237,0.907
P064,P032,CALLED,2026-08-01T12:00:00,701,0.873
P001,P063,CALLED,2026-08-02T19:01:00,1901,0.764
P018,P014,CALLED,2026-08-03T02:02:00,817,0.959
P035,P045,CALLED,2026-08-04T09:03:00,710,0.882
P052,P076,CALLED,2026-08-05T16:04:00,1288,0.795
P069,P027,CALLED,2026-08-06T23:05:00,639,0.825
P006,P058,CALLED,2026-08-07T06:06:00,622,0.906
P023,P009,CALLED,2026-08-08T13:07:00,1733,0.764
P040,P042,CALLED,2026-08-09T20:08:00,345,0.837
P057,P071,CALLED,2026-08-10T03:09:00,2174,0.82
P074,P022,CALLED,2026-08-11T10:10:00,1775,0.825
P011,P053,CALLED,2026-08-12T17:11:00,181,0.913
P028,P004,CALLED,2026-08-13T00:12:00,1460,0.957
P045,P035,CALLED,2026-08-14T07:13:00,748,0.758
P062,P066,CALLED,2026-08-15T14:14:00,1754,0.878
P079,P017,CALLED,2026-08-16T21:15:00,2233,0.879
P016,P048,CALLED,2026-08-17T04:16:00,2213,0.791
P033,P079,CALLED,2026-08-18T11:17:00,1498,0.877
P050,P030,CALLED,2026-08-19T18:18:00,1394,0.795
P067,P061,CALLED,2026-08-20T01:19:00,1188,0.88
P004,P012,CALLED,2026-08-21T08:20:00,418,0.75
P021,P043,CALLED,2026-08-22T15:21:00,2100,0.875
P038,P074,CALLED,2026-08-23T22:22:00,1065,0.846
P055,P025,CALLED,2026-08-24T05:23:00,267,0.884
P072,P056,CALLED,2026-08-25T12:24:00,261,0.834
P009,P007,CALLED,2026-08-26T19:25:00,1986,0.801
P026,P038,CALLED,2026-08-27T02:26:00,1683,0.974
P043,P069,CALLED,2026-08-28T09:27:00,38,0.757
P060,P020,CALLED,2026-08-29T16:28:00,1923,0.914
P077,P051,CALLED,2026-08-30T23:29:00,1069,0.976
P014,P002,CALLED,2026-08-01T06:30:00,203,0.979
P031,P033,CALLED,2026-08-02T13:31:00,1329,0.759
P048,P064,CALLED,2026-08-03T20:32:00,1358,0.824
P065,P015,CALLED,2026-08-04T03:33:00,445,0.978
P002,P046,CALLED,2026-08-05T10:34:00,711,0.839
P019,P077,CALLED,2026-08-06T17:35:00,875,0.843
P036,P028,CALLED,2026-08-07T00:36:00,1619,0.963
P053,P059,CALLED,2026-08-08T07:37:00,1122,0.811
P070,P010,CALLED,2026-08-09T14:38:00,2078,0.785
P007,P041,CALLED,2026-08-10T21:39:00,718,0.968
P024,P072,CALLED,2026-08-11T04:40:00,1539,0.767
P041,P023,CALLED,2026-08-12T11:41:00,909,0.774
P058,P054,CALLED,2026-08-13T18:42:00,1535,0.788
P075,P005,CALLED,2026-08-14T01:43:00,668,0.766
P012,P036,CALLED,2026-08-15T08:44:00,416,0.756
P029,P067,CALLED,2026-08-16T15:45:00,19,0.909
P046,P018,CALLED,2026-08-17T22:46:00,2160,0.934
P063,P049,CALLED,2026-08-18T05:47:00,1209,0.85
P080,P002,CALLED,2026-08-19T12:48:00,881,0.873
P017,P031,CALLED,2026-08-20T19:49:00,641,0.821
P034,P062,CALLED,2026-08-21T02:50:00,962,0.88
P051,P013,CALLED,2026-08-22T09:51:00,1682,0.821
P068,P044,CALLED,2026-08-23T16:52:00,1032,0.9
P005,P075,CALLED,2026-08-24T23:53:00,1034,0.98
P022,P026,CALLED,2026-08-25T06:54:00,121,0.824
P039,P057,CALLED,2026-08-26T13:55:00,361,0.885
P056,P008,CALLED,2026-08-27T20:56:00,985,0.852
P073,P039,CALLED,2026-08-28T03:57:00,1325,0.76
P010,P070,CALLED,2026-08-29T10:58:00,1674,0.831
P027,P021,CALLED,2026-08-30T17:59:00,1037,0.773
P044,P052,CALLED,2026-08-01T00:00:00,2068,0.927
P061,P003,CALLED,2026-08-02T07:01:00,1371,0.953
P078,P034,CALLED,2026-08-03T14:02:00,329,0.84
P015,P065,CALLED,2026-08-04T21:03:00,1873,0.818
P032,P016,CALLED,2026-08-05T04:04:00,703,0.939
P049,P047,CALLED,2026-08-06T11:05:00,1558,0.95
P066,P078,CALLED,2026-08-07T18:06:00,108,0.88
P003,P029,CALLED,2026-08-08T01:07:00,1457,0.854
P020,P060,CALLED,2026-08-09T08:08:00,1880,0.862
P037,P011,CALLED,2026-08-10T15:09:00,434,0.861
P054,P042,CALLED,2026-08-11T22:10:00,120,0.936
P071,P073,CALLED,2026-08-12T05:11:00,207,0.938
P008,P024,CALLED,2026-08-13T12:12:00,1735,0.771
P025,P055,CALLED,2026-08-14T19:13:00,966,0.895
P042,P006,CALLED,2026-08-15T02:14:00,1404,0.825
P059,P037,CALLED,2026-08-16T09:15:00,373,0.973
P076,P068,CALLED,2026-08-17T16:16:00,1332,0.847
P013,P019,CALLED,2026-08-18T23:17:00,716,0.843
P030,P050,CALLED,2026-08-19T06:18:00,2292,0.944
P047,P001,CALLED,2026-08-20T13:19:00,763,0.925
P064,P032,CALLED,2026-08-21T20:20:00,1120,0.827
P001,P063,CALLED,2026-08-22T03:21:00,861,0.845
P018,P014,CALLED,2026-08-23T10:22:00,1777,0.835
P035,P045,CALLED,2026-08-24T17:23:00,974,0.939
P052,P076,CALLED,2026-08-25T00:24:00,1395,0.913
P069,P027,CALLED,2026-08-26T07:25:00,174,0.974
P006,P058,CALLED,2026-08-27T14:26:00,590,0.789
P023,P009,CALLED,2026-08-28T21:27:00,2151,0.99
P040,P042,CALLED,2026-08-29T04:28:00,498,0.941
P057,P071,CALLED,2026-08-30T11:29:00,1785,0.961
P074,P022,CALLED,2026-08-01T18:30:00,1593,0.775
P011,P053,CALLED,2026-08-02T01:31:00,81,0.919
P028,P004,CALLED,2026-08-03T08:32:00,1136,0.885
P045,P035,CALLED,2026-08-04T15:33:00,192,0.863
P062,P066,CALLED,2026-08-05T22:34:00,836,0.977
P079,P017,CALLED,2026-08-06T05:35:00,886,0.912
P016,P048,CALLED,2026-08-07T12:36:00,1819,0.805
P033,P079,CALLED,2026-08-08T19:37:00,242,0.864
P050,P030,CALLED,2026-08-09T02:38:00,2136,0.831
P067,P061,CALLED,2026-08-10T09:39:00,1918,0.954
P004,P012,CALLED,2026-08-11T16:40:00,848,0.763
P021,P043,CALLED,2026-08-12T23:41:00,949,0.895
P038,P074,CALLED,2026-08-13T06:42:00,381,0.857
P055,P025,CALLED,2026-08-14T13:43:00,1534,0.946
P072,P056,CALLED,2026-08-15T20:44:00,1033,0.842
P009,P007,CALLED,2026-08-16T03:45:00,282,0.917
P026,P038,CALLED,2026-08-17T10:46:00,183,0.871
P043,P069,CALLED,2026-08-18T17:47:00,1497,0.9
P060,P020,CALLED,2026-08-19T00:48:00,871,0.884
P077,P051,CALLED,2026-08-20T07:49:00,2290,0.86
P014,P002,CALLED,2026-08-21T14:50:00,1489,0.972
P031,P033,CALLED,2026-08-22T21:51:00,156,0.974
P048,P064,CALLED,2026-08-23T04:52:00,1090,0.977
P065,P015,CALLED,2026-08-24T11:53:00,679,0.891
P002,P046,CALLED,2026-08-25T18:54:00,1396,0.761
P019,P077,CALLED,2026-08-26T01:55:00,375,0.933
P036,P028,CALLED,2026-08-27T08:56:00,734,0.879
P053,P059,CALLED,2026-08-28T15:57:00,1061,0.971
P070,P010,CALLED,2026-08-29T22:58:00,33,0.78
P007,P041,CALLED,2026-08-30T05:59:00,387,0.88
P024,P072,CALLED,2026-08-01T12:00:00,260,0.913
P041,P023,CALLED,2026-08-02T19:01:00,1202,0.882
P058,P054,CALLED,2026-08-03T02:02:00,2179,0.765
P075,P005,CALLED,2026-08-04T09:03:00,1079,0.93
P012,P036,CALLED,2026-08-05T16:04:00,1772,0.922
P029,P067,CALLED,2026-08-06T23:05:00,1500,0.947
P046,P018,CALLED,2026-08-07T06:06:00,1218,0.982
P063,P049,CALLED,2026-08-08T13:07:00,579,0.911
P080,P002,CALLED,2026-08-09T20:08:00,1028,0.956
P017,P031,CALLED,2026-08-10T03:09:00,758,0.894
P034,P062,CALLED,2026-08-11T10:10:00,1185,0.985
P051,P013,CALLED,2026-08-12T17:11:00,2267,0.91
P068,P044,CALLED,2026-08-13T00:12:00,1959,0.893
P005,P075,CALLED,2026-08-14T07:13:00,2122,0.979
P022,P026,CALLED,2026-08-15T14:14:00,1203,0.832
P039,P057,CALLED,2026-08-16T21:15:00,746,0.794
P056,P008,CALLED,2026-08-17T04:16:00,2039,0.767
P073,P039,CALLED,2026-08-18T11:17:00,1230,0.865
P010,P070,CALLED,2026-08-19T18:18:00,30,0.79
P027,P021,CALLED,2026-08-20T01:19:00,752,0.83
P044,P052,CALLED,2026-08-21T08:20:00,1031,0.793
P061,P003,CALLED,2026-08-22T15:21:00,1964,0.83
P078,P034,CALLED,2026-08-23T22:22:00,2107,0.946
P015,P065,CALLED,2026-08-24T05:23:00,1619,0.988
P032,P016,CALLED,2026-08-25T12:24:00,1251,0.956
P049,P047,CALLED,2026-08-26T19:25:00,2297,0.778
P066,P078,CALLED,2026-08-27T02:26:00,1677,0.76
P003,P029,CALLED,2026-08-28T09:27:00,39,0.95
P020,P060,CALLED,2026-08-29T16:28:00,996,0.798
P037,P011,CALLED,2026-08-30T23:29:00,1701,0.983
P054,P042,CALLED,2026-08-01T06:30:00,618,0.91
P071,P073,CALLED,2026-08-02T13:31:00,254,0.793
P008,P024,CALLED,2026-08-03T20:32:00,496,0.945
P025,P055,CALLED,2026-08-04T03:33:00,2193,0.826
P042,P006,CALLED,2026-08-05T10:34:00,877,0.751
P059,P037,CALLED,2026-08-06T17:35:00,1961,0.961
P076,P068,CALLED,2026-08-07T00:36:00,1979,0.832
P013,P019,CALLED,2026-08-08T07:37:00,1504,0.817
P030,P050,CALLED,2026-08-09T14:38:00,1962,0.904
P047,P001,CALLED,2026-08-10T21:39:00,1284,0.808
P064,P032,CALLED,2026-08-11T04:40:00,2078,0.973
P001,P063,CALLED,2026-08-12T11:41:00,2324,0.902
P018,P014,CALLED,2026-08-13T18:42:00,650,0.834
P035,P045,CALLED,2026-08-14T01:43:00,2001,0.892
P052,P076,CALLED,2026-08-15T08:44:00,1616,0.772
P069,P027,CALLED,2026-08-16T15:45:00,1820,0.937
P006,P058,CALLED,2026-08-17T22:46:00,2178,0.893
P023,P009,CALLED,2026-08-18T05:47:00,2318,0.772
P040,P042,CALLED,2026-08-19T12:48:00,999,0.865
P057,P071,CALLED,2026-08-20T19:49:00,2307,0.839
P074,P022,CALLED,2026-08-21T02:50:00,1234,0.972
P011,P053,CALLED,2026-08-22T09:51:00,1029,0.788
P028,P004,CALLED,2026-08-23T16:52:00,1126,0.752
P045,P035,CALLED,2026-08-24T23:53:00,2114,0.867
P062,P066,CALLED,2026-08-25T06:54:00,1327,0.908
P079,P017,CALLED,2026-08-26T13:55:00,2290,0.906
P016,P048,CALLED,2026-08-27T20:56:00,1353,0.805
P033,P079,CALLED,2026-08-28T03:57:00,1664,0.961
P050,P030,CALLED,2026-08-29T10:58:00,255,0.958
P067,P061,CALLED,2026-08-30T17:59:00,1256,0.758
P004,P012,CALLED,2026-08-01T00:00:00,2320,0.96
P021,P043,CALLED,2026-08-02T07:01:00,1386,0.958
P038,P074,CALLED,2026-08-03T14:02:00,1824,0.884
P055,P025,CALLED,2026-08-04T21:03:00,1529,0.85
P072,P056,CALLED,2026-08-05T04:04:00,1319,0.886
P009,P007,CALLED,2026-08-06T11:05:00,33,0.857
P026,P038,CALLED,2026-08-07T18:06:00,1807,0.796
P043,P069,CALLED,2026-08-08T01:07:00,636,0.887
P060,P020,CALLED,2026-08-09T08:08:00,1843,0.908
P077,P051,CALLED,2026-08-10T15:09:00,2014,0.98
P014,P002,CALLED,2026-08-11T22:10:00,1083,0.838
P031,P033,CALLED,2026-08-12T05:11:00,813,0.855
P048,P064,CALLED,2026-08-13T12:12:00,701,0.83
P065,P015,CALLED,2026-08-14T19:13:00,210,0.973
P002,P046,CALLED,2026-08-15T02:14:00,1109,0.976
P019,P077,CALLED,2026-08-16T09:15:00,452,0.94
P036,P028,CALLED,2026-08-17T16:16:00,1731,0.807
P053,P059,CALLED,2026-08-18T23:17:00,1649,0.821
P070,P010,CALLED,2026-08-19T06:18:00,1373,0.877
P007,P041,CALLED,2026-08-20T13:19:00,1529,0.832
P024,P072,CALLED,2026-08-21T20:20:00,1205,0.822
P041,P023,CALLED,2026-08-22T03:21:00,418,0.773
P058,P054,CALLED,2026-08-23T10:22:00,609,0.892
P075,P005,CALLED,2026-08-24T17:23:00,2320,0.939
P012,P036,CALLED,2026-08-25T00:24:00,943,0.951
P029,P067,CALLED,2026-08-26T07:25:00,1837,0.948
P046,P018,CALLED,2026-08-27T14:26:00,2258,0.868
P063,P049,CALLED,2026-08-28T21:27:00,1284,0.941
P080,P002,CALLED,2026-08-29T04:28:00,1310,0.794
P017,P031,CALLED,2026-08-30T11:29:00,1952,0.762
P034,P062,CALLED,2026-08-01T18:30:00,1404,0.932
P051,P013,CALLED,2026-08-02T01:31:00,610,0.92
P068,P044,CALLED,2026-08-03T08:32:00,593,0.981
P005,P075,CALLED,2026-08-04T15:33:00,240,0.806
P022,P026,CALLED,2026-08-05T22:34:00,1451,0.942
P039,P057,CALLED,2026-08-06T05:35:00,2176,0.85
P056,P008,CALLED,2026-08-07T12:36:00,1410,0.965
P073,P039,CALLED,2026-08-08T19:37:00,1377,0.829
P010,P070,CALLED,2026-08-09T02:38:00,1163,0.947
P027,P021,CALLED,2026-08-10T09:39:00,61,0.983
P044,P052,CALLED,2026-08-11T16:40:00,1515,0.857
P061,P003,CALLED,2026-08-12T23:41:00,2072,0.877
P078,P034,CALLED,2026-08-13T06:42:00,926,0.814
P015,P065,CALLED,2026-08-14T13:43:00,1371,0.764
P032,P016,CALLED,2026-08-15T20:44:00,772,0.855
P049,P047,CALLED,2026-08-16T03:45:00,482,0.898
P066,P078,CALLED,2026-08-17T10:46:00,2015,0.869
P003,P029,CALLED,2026-08-18T17:47:00,2266,0.778
P020,P060,CALLED,2026-08-19T00:48:00,43,0.802
P037,P011,CALLED,2026-08-20T07:49:00,1463,0.943
P054,P042,CALLED,2026-08-21T14:50:00,1223,0.895
P071,P073,CALLED,2026-08-22T21:51:00,1050,0.781
P008,P024,CALLED,2026-08-23T04:52:00,2033,0.85
P025,P055,CALLED,2026-08-24T11:53:00,496,0.764
P042,P006,CALLED,2026-08-25T18:54:00,920,0.788
P059,P037,CALLED,2026-08-26T01:55:00,1337,0.761
P076,P068,CALLED,2026-08-27T08:56:00,1660,0.851
P013,P019,CALLED,2026-08-28T15:57:00,1180,0.776
P030,P050,CALLED,2026-08-29T22:58:00,520,0.836
P047,P001,CALLED,2026-08-30T05:59:00,153,0.872
P064,P032,CALLED,2026-08-01T12:00:00,2319,0.886
P001,P063,CALLED,2026-08-02T19:01:00,228,0.821
P018,P014,CALLED,2026-08-03T02:02:00,1937,0.801
P035,P045,CALLED,2026-08-04T09:03:00,1944,0.902
P052,P076,CALLED,2026-08-05T16:04:00,1258,0.9
P069,P027,CALLED,2026-08-06T23:05:00,942,0.782
P006,P058,CALLED,2026-08-07T06:06:00,969,0.813
P023,P009,CALLED,2026-08-08T13:07:00,1225,0.85
P040,P042,CALLED,2026-08-09T20:08:00,1331,0.793
P057,P071,CALLED,2026-08-10T03:09:00,985,0.909
P074,P022,CALLED,2026-08-11T10:10:00,2024,0.851
P011,P053,CALLED,2026-08-12T17:11:00,246,0.821
P028,P004,CALLED,2026-08-13T00:12:00,808,0.893
P045,P035,CALLED,2026-08-14T07:13:00,2356,0.938
P062,P066,CALLED,2026-08-15T14:14:00,1721,0.833
P079,P017,CALLED,2026-08-16T21:15:00,2342,0.913
P016,P048,CALLED,2026-08-17T04:16:00,525,0.905
P033,P079,CALLED,2026-08-18T11:17:00,1671,0.887
P050,P030,CALLED,2026-08-19T18:18:00,2348,0.979
P067,P061,CALLED,2026-08-20T01:19:00,1975,0.857
P004,P012,CALLED,2026-08-21T08:20:00,283,0.93
P021,P043,CALLED,2026-08-22T15:21:00,2205,0.951
P038,P074,CALLED,2026-08-23T22:22:00,496,0.901
P055,P025,CALLED,2026-08-24T05:23:00,2224,0.818
P072,P056,CALLED,2026-08-25T12:24:00,514,0.92
P009,P007,CALLED,2026-08-26T19:25:00,669,0.965
P026,P038,CALLED,2026-08-27T02:26:00,1499,0.88
P043,P069,CALLED,2026-08-28T09:27:00,2227,0.839
P060,P020,CALLED,2026-08-29T16:28:00,1468,0.898
P077,P051,CALLED,2026-08-30T23:29:00,1372,0.845
P014,P002,CALLED,2026-08-01T06:30:00,942,0.943
P031,P033,CALLED,2026-08-02T13:31:00,965,0.87
P048,P064,CALLED,2026-08-03T20:32:00,919,0.932
P065,P015,CALLED,2026-08-04T03:33:00,2080,0.876
P002,P046,CALLED,2026-08-05T10:34:00,2340,0.869
P019,P077,CALLED,2026-08-06T17:35:00,19,0.762
P036,P028,CALLED,2026-08-07T00:36:00,2095,0.785
P053,P059,CALLED,2026-08-08T07:37:00,260,0.809
P070,P010,CALLED,2026-08-09T14:38:00,1847,0.988
P007,P041,CALLED,2026-08-10T21:39:00,788,0.866
P024,P072,CALLED,2026-08-11T04:40:00,1840,0.884
P041,P023,CALLED,2026-08-12T11:41:00,1610,0.826
P058,P054,CALLED,2026-08-13T18:42:00,429,0.953
P075,P005,CALLED,2026-08-14T01:43:00,1564,0.934
P012,P036,CALLED,2026-08-15T08:44:00,256,0.793
P029,P067,CALLED,2026-08-16T15:45:00,2199,0.983
P046,P018,CALLED,2026-08-17T22:46:00,2008,0.792
P063,P049,CALLED,2026-08-18T05:47:00,1251,0.791
P080,P002,CALLED,2026-08-19T12:48:00,566,0.898
P017,P031,CALLED,2026-08-20T19:49:00,1418,0.79
P034,P062,CALLED,2026-08-21T02:50:00,2238,0.979
P051,P013,CALLED,2026-08-22T09:51:00,1376,0.95
P068,P044,CALLED,2026-08-23T16:52:00,2338,0.866
P005,P075,CALLED,2026-08-24T23:53:00,812,0.843
P022,P026,CALLED,2026-08-25T06:54:00,1914,0.943
P039,P057,CALLED,2026-08-26T13:55:00,55,0.893
P056,P008,CALLED,2026-08-27T20:56:00,1647,0.799
P073,P039,CALLED,2026-08-28T03:57:00,255,0.897
P010,P070,CALLED,2026-08-29T10:58:00,345,0.898
P027,P021,CALLED,2026-08-30T17:59:00,2032,0.769
P044,P052,CALLED,2026-08-01T00:00:00,2010,0.936
P061,P003,CALLED,2026-08-02T07:01:00,297,0.866
P078,P034,CALLED,2026-08-03T14:02:00,1518,0.922
P015,P065,CALLED,2026-08-04T21:03:00,1918,0.948
P032,P016,CALLED,2026-08-05T04:04:00,1855,0.933
P049,P047,CALLED,2026-08-06T11:05:00,1593,0.767
P066,P078,CALLED,2026-08-07T18:06:00,1936,0.972
P003,P029,CALLED,2026-08-08T01:07:00,1541,0.789
P020,P060,CALLED,2026-08-09T08:08:00,1266,0.93
P037,P011,CALLED,2026-08-10T15:09:00,1602,0.778
P054,P042,CALLED,2026-08-11T22:10:00,2227,0.77
P071,P073,CALLED,2026-08-12T05:11:00,2093,0.988
P008,P024,CALLED,2026-08-13T12:12:00,2363,0.944
P025,P055,CALLED,2026-08-14T19:13:00,1961,0.907
P042,P006,CALLED,2026-08-15T02:14:00,252,0.819
P059,P037,CALLED,2026-08-16T09:15:00,1227,0.891
P076,P068,CALLED,2026-08-17T16:16:00,1171,0.839
P013,P019,CALLED,2026-08-18T23:17:00,1547,0.987
P030,P050,CALLED,2026-08-19T06:18:00,1282,0.796
P047,P001,CALLED,2026-08-20T13:19:00,464,0.786
P064,P032,CALLED,2026-08-21T20:20:00,2321,0.752
P001,P063,CALLED,2026-08-22T03:21:00,2379,0.969
P018,P014,CALLED,2026-08-23T10:22:00,1200,0.755
P035,P045,CALLED,2026-08-24T17:23:00,650,0.945
P052,P076,CALLED,2026-08-25T00:24:00,2111,0.915
P069,P027,CALLED,2026-08-26T07:25:00,606,0.904
P006,P058,CALLED,2026-08-27T14:26:00,2061,0.89
P023,P009,CALLED,2026-08-28T21:27:00,1218,0.819
P040,P042,CALLED,2026-08-29T04:28:00,1137,0.885
P057,P071,CALLED,2026-08-30T11:29:00,1073,0.8
P074,P022,CALLED,2026-08-01T18:30:00,2173,0.773
P011,P053,CALLED,2026-08-02T01:31:00,204,0.863
P028,P004,CALLED,2026-08-03T08:32:00,2218,0.866
P045,P035,CALLED,2026-08-04T15:33:00,133,0.863
P062,P066,CALLED,2026-08-05T22:34:00,356,0.959
P079,P017,CALLED,2026-08-06T05:35:00,279,0.787
P016,P048,CALLED,2026-08-07T12:36:00,26,0.97
P033,P079,CALLED,2026-08-08T19:37:00,1090,0.83
P050,P030,CALLED,2026-08-09T02:38:00,1853,0.938
P067,P061,CALLED,2026-08-10T09:39:00,2291,0.839
P004,P012,CALLED,2026-08-11T16:40:00,1431,0.97
P021,P043,CALLED,2026-08-12T23:41:00,657,0.754
P038,P074,CALLED,2026-08-13T06:42:00,2378,0.88
P055,P025,CALLED,2026-08-14T13:43:00,909,0.941
P072,P056,CALLED,2026-08-15T20:44:00,1552,0.821
P009,P007,CALLED,2026-08-16T03:45:00,1416,0.981
P026,P038,CALLED,2026-08-17T10:46:00,2043,0.875
P043,P069,CALLED,2026-08-18T17:47:00,2167,0.795
P060,P020,CALLED,2026-08-19T00:48:00,2383,0.926
P077,P051,CALLED,2026-08-20T07:49:00,1684,0.886
P014,P002,CALLED,2026-08-21T14:50:00,307,0.907
P031,P033,CALLED,2026-08-22T21:51:00,1851,0.846
P048,P064,CALLED,2026-08-23T04:52:00,116,0.914
P065,P015,CALLED,2026-08-24T11:53:00,2046,0.774
P002,P046,CALLED,2026-08-25T18:54:00,2050,0.832
P019,P077,CALLED,2026-08-26T01:55:00,701,0.966
P036,P028,CALLED,2026-08-27T08:56:00,624,0.954
P053,P059,CALLED,2026-08-28T15:57:00,1048,0.865
P070,P010,CALLED,2026-08-29T22:58:00,1907,0.865
P007,P041,CALLED,2026-08-30T05:59:00,452,0.757
P024,P072,CALLED,2026-08-01T12:00:00,1603,0.798
P041,P023,CALLED,2026-08-02T19:01:00,444,0.828
P058,P054,CALLED,2026-08-03T02:02:00,2048,0.828
P075,P005,CALLED,2026-08-04T09:03:00,1311,0.969
P012,P036,CALLED,2026-08-05T16:04:00,407,0.827
P029,P067,CALLED,2026-08-06T23:05:00,1967,0.793
P046,P018,CALLED,2026-08-07T06:06:00,2193,0.967
P063,P049,CALLED,2026-08-08T13:07:00,1259,0.902
P080,P002,CALLED,2026-08-09T20:08:00,324,0.751
P017,P031,CALLED,2026-08-10T03:09:00,1122,0.884
P034,P062,CALLED,2026-08-11T10:10:00,127,0.846
P051,P013,CALLED,2026-08-12T17:11:00,2380,0.938
P068,P044,CALLED,2026-08-13T00:12:00,1612,0.908
P005,P075,CALLED,2026-08-14T07:13:00,874,0.982
P022,P026,CALLED,2026-08-15T14:14:00,2307,0.95
P039,P057,CALLED,2026-08-16T21:15:00,1697,0.845
P056,P008,CALLED,2026-08-17T04:16:00,1113,0.978
P073,P039,CALLED,2026-08-18T11:17:00,159,0.826
P010,P070,CALLED,2026-08-19T18:18:00,1051,0.834
P027,P021,CALLED,2026-08-20T01:19:00,1499,0.896
P044,P052,CALLED,2026-08-21T08:20:00,161,0.824
P061,P003,CALLED,2026-08-22T15:21:00,1528,0.837
P078,P034,CALLED,2026-08-23T22:22:00,2229,0.775
P015,P065,CALLED,2026-08-24T05:23:00,1746,0.898
P032,P016,CALLED,2026-08-25T12:24:00,1616,0.964
P049,P047,CALLED,2026-08-26T19:25:00,1357,0.881
P066,P078,CALLED,2026-08-27T02:26:00,2035,0.966
P003,P029,CALLED,2026-08-28T09:27:00,207,0.921
P020,P060,CALLED,2026-08-29T16:28:00,353,0.907
P037,P011,CALLED,2026-08-30T23:29:00,1182,0.892
P054,P042,CALLED,2026-08-01T06:30:00,898,0.899
P071,P073,CALLED,2026-08-02T13:31:00,380,0.955
P008,P024,CALLED,2026-08-03T20:32:00,1267,0.816
P025,P055,CALLED,2026-08-04T03:33:00,1694,0.886
P042,P006,CALLED,2026-08-05T10:34:00,1816,0.983
P059,P037,CALLED,2026-08-06T17:35:00,500,0.901
P076,P068,CALLED,2026-08-07T00:36:00,982,0.884
P013,P019,CALLED,2026-08-08T07:37:00,2164,0.916
P030,P050,CALLED,2026-08-09T14:38:00,2062,0.926
P047,P001,CALLED,2026-08-10T21:39:00,1947,0.844
P064,P032,CALLED,2026-08-11T04:40:00,1676,0.976
P001,P063,CALLED,2026-08-12T11:41:00,507,0.976
P018,P014,CALLED,2026-08-13T18:42:00,598,0.979
P035,P045,CALLED,2026-08-14T01:43:00,1526,0.942
P052,P076,CALLED,2026-08-15T08:44:00,1638,0.985
P069,P027,CALLED,2026-08-16T15:45:00,466,0.815
P006,P058,CALLED,2026-08-17T22:46:00,2246,0.764
P023,P009,CALLED,2026-08-18T05:47:00,1628,0.76
P040,P042,CALLED,2026-08-19T12:48:00,133,0.988
P057,P071,CALLED,2026-08-20T19:49:00,176,0.913
P074,P022,CALLED,2026-08-21T02:50:00,1241,0.893
P011,P053,CALLED,2026-08-22T09:51:00,1430,0.87
P028,P004,CALLED,2026-08-23T16:52:00,508,0.974
P045,P035,CALLED,2026-08-24T23:53:00,872,0.928
P062,P066,CALLED,2026-08-25T06:54:00,1508,0.936
P079,P017,CALLED,2026-08-26T13:55:00,681,0.864
P016,P048,CALLED,2026-08-27T20:56:00,433,0.765
P033,P079,CALLED,2026-08-28T03:57:00,322,0.973
P050,P030,CALLED,2026-08-29T10:58:00,1104,0.818
P067,P061,CALLED,2026-08-30T17:59:00,1146,0.873
P004,P012,CALLED,2026-08-01T00:00:00,1062,0.762
P021,P043,CALLED,2026-08-02T07:01:00,82,0.87
P038,P074,CALLED,2026-08-03T14:02:00,1721,0.949
P055,P025,CALLED,2026-08-04T21:03:00,1254,0.906
P072,P056,CALLED,2026-08-05T04:04:00,1512,0.98
P009,P007,CALLED,2026-08-06T11:05:00,2115,0.923
P026,P038,CALLED,2026-08-07T18:06:00,325,0.913
P043,P069,CALLED,2026-08-08T01:07:00,537,0.807
P060,P020,CALLED,2026-08-09T08:08:00,1838,0.953
P077,P051,CALLED,2026-08-10T15:09:00,1173,0.813
P014,P002,CALLED,2026-08-11T22:10:00,2044,0.772
P031,P033,CALLED,2026-08-12T05:11:00,651,0.835
P048,P064,CALLED,2026-08-13T12:12:00,648,0.969
P065,P015,CALLED,2026-08-14T19:13:00,1432,0.922
P002,P046,CALLED,2026-08-15T02:14:00,2165,0.879
P019,P077,CALLED,2026-08-16T09:15:00,886,0.913
P036,P028,CALLED,2026-08-17T16:16:00,1268,0.893
P053,P059,CALLED,2026-08-18T23:17:00,2321,0.888
P070,P010,CALLED,2026-08-19T06:18:00,1637,0.757
P007,P041,CALLED,2026-08-20T13:19:00,1466,0.898
P024,P072,CALLED,2026-08-21T20:20:00,1682,0.946
P041,P023,CALLED,2026-08-22T03:21:00,890,0.961
P058,P054,CALLED,2026-08-23T10:22:00,2114,0.815
P075,P005,CALLED,2026-08-24T17:23:00,2192,0.935
P012,P036,CALLED,2026-08-25T00:24:00,878,0.933
P029,P067,CALLED,2026-08-26T07:25:00,25,0.819
P046,P018,CALLED,2026-08-27T14:26:00,589,0.803
P063,P049,CALLED,2026-08-28T21:27:00,99,0.922
P080,P002,CALLED,2026-08-29T04:28:00,312,0.913
P017,P031,CALLED,2026-08-30T11:29:00,318,0.857
P034,P062,CALLED,2026-08-01T18:30:00,1667,0.83
P051,P013,CALLED,2026-08-02T01:31:00,819,0.974
P068,P044,CALLED,2026-08-03T08:32:00,1656,0.977
P005,P075,CALLED,2026-08-04T15:33:00,2151,0.818
P022,P026,CALLED,2026-08-05T22:34:00,2204,0.963
P039,P057,CALLED,2026-08-06T05:35:00,1980,0.968
P056,P008,CALLED,2026-08-07T12:36:00,2327,0.761
P073,P039,CALLED,2026-08-08T19:37:00,2037,0.929
P010,P070,CALLED,2026-08-09T02:38:00,1891,0.781
P027,P021,CALLED,2026-08-10T09:39:00,634,0.914
P044,P052,CALLED,2026-08-11T16:40:00,1706,0.775
P061,P003,CALLED,2026-08-12T23:41:00,1853,0.935
P078,P034,CALLED,2026-08-13T06:42:00,757,0.84
P015,P065,CALLED,2026-08-14T13:43:00,1087,0.968
P032,P016,CALLED,2026-08-15T20:44:00,904,0.758
P049,P047,CALLED,2026-08-16T03:45:00,1075,0.898
P066,P078,CALLED,2026-08-17T10:46:00,1173,0.769
P003,P029,CALLED,2026-08-18T17:47:00,964,0.864
P020,P060,CALLED,2026-08-19T00:48:00,160,0.805
P037,P011,CALLED,2026-08-20T07:49:00,1274,0.753
P054,P042,CALLED,2026-08-21T14:50:00,1287,0.855
P071,P073,CALLED,2026-08-22T21:51:00,438,0.88
P008,P024,CALLED,2026-08-23T04:52:00,1457,0.917
P025,P055,CALLED,2026-08-24T11:53:00,1694,0.883
P042,P006,CALLED,2026-08-25T18:54:00,1136,0.824
P059,P037,CALLED,2026-08-26T01:55:00,1981,0.778
P076,P068,CALLED,2026-08-27T08:56:00,401,0.841
P013,P019,CALLED,2026-08-28T15:57:00,223,0.951
P030,P050,CALLED,2026-08-29T22:58:00,470,0.925
P047,P001,CALLED,2026-08-30T05:59:00,1055,0.977
P064,P032,CALLED,2026-08-01T12:00:00,2303,0.762
P001,P063,CALLED,2026-08-02T19:01:00,133,0.827
P018,P014,CALLED,2026-08-03T02:02:00,783,0.876
P035,P045,CALLED,2026-08-04T09:03:00,1476,0.844
P052,P076,CALLED,2026-08-05T16:04:00,156,0.901
P069,P027,CALLED,2026-08-06T23:05:00,838,0.786
P006,P058,CALLED,2026-08-07T06:06:00,35,0.9
P023,P009,CALLED,2026-08-08T13:07:00,2236,0.955
P040,P042,CALLED,2026-08-09T20:08:00,319,0.964
P057,P071,CALLED,2026-08-10T03:09:00,2266,0.771
P074,P022,CALLED,2026-08-11T10:10:00,2025,0.844
P011,P053,CALLED,2026-08-12T17:11:00,1531,0.976
P028,P004,CALLED,2026-08-13T00:12:00,63,0.917
P045,P035,CALLED,2026-08-14T07:13:00,1248,0.966
P062,P066,CALLED,2026-08-15T14:14:00,1003,0.928
P079,P017,CALLED,2026-08-16T21:15:00,625,0.863
P016,P048,CALLED,2026-08-17T04:16:00,1182,0.76
P033,P079,CALLED,2026-08-18T11:17:00,54,0.982
P050,P030,CALLED,2026-08-19T18:18:00,2109,0.925
P067,P061,CALLED,2026-08-20T01:19:00,1377,0.776
P004,P012,CALLED,2026-08-21T08:20:00,1552,0.766
P021,P043,CALLED,2026-08-22T15:21:00,1934,0.854
P038,P074,CALLED,2026-08-23T22:22:00,740,0.789
P055,P025,CALLED,2026-08-24T05:23:00,376,0.866
P072,P056,CALLED,2026-08-25T12:24:00,2004,0.94
P009,P007,CALLED,2026-08-26T19:25:00,298,0.779
P026,P038,CALLED,2026-08-27T02:26:00,371,0.982
P043,P069,CALLED,2026-08-28T09:27:00,1218,0.912
P060,P020,CALLED,2026-08-29T16:28:00,593,0.85
P077,P051,CALLED,2026-08-30T23:29:00,50,0.828
P014,P002,CALLED,2026-08-01T06:30:00,1610,0.857
P031,P033,CALLED,2026-08-02T13:31:00,1951,0.831
P048,P064,CALLED,2026-08-03T20:32:00,1042,0.869
P065,P015,CALLED,2026-08-04T03:33:00,828,0.955
P002,P046,CALLED,2026-08-05T10:34:00,893,0.862
P019,P077,CALLED,2026-08-06T17:35:00,1935,0.81
P036,P028,CALLED,2026-08-07T00:36:00,2024,0.931
P053,P059,CALLED,2026-08-08T07:37:00,474,0.762
P070,P010,CALLED,2026-08-09T14:38:00,773,0.797
P007,P041,CALLED,2026-08-10T21:39:00,2122,0.904
P024,P072,CALLED,2026-08-11T04:40:00,377,0.866
P041,P023,CALLED,2026-08-12T11:41:00,1226,0.946
P058,P054,CALLED,2026-08-13T18:42:00,379,0.815
P075,P005,CALLED,2026-08-14T01:43:00,1347,0.809
P012,P036,CALLED,2026-08-15T08:44:00,186,0.897
P029,P067,CALLED,2026-08-16T15:45:00,687,0.89
P046,P018,CALLED,2026-08-17T22:46:00,162,0.755
P063,P049,CALLED,2026-08-18T05:47:00,1088,0.918
P080,P002,CALLED,2026-08-19T12:48:00,46,0.91
P017,P031,CALLED,2026-08-20T19:49:00,681,0.905
P034,P062,CALLED,2026-08-21T02:50:00,1207,0.967
P051,P013,CALLED,2026-08-22T09:51:00,1095,0.9
P068,P044,CALLED,2026-08-23T16:52:00,2352,0.972
P005,P075,CALLED,2026-08-24T23:53:00,855,0.795
P022,P026,CALLED,2026-08-25T06:54:00,916,0.767
P039,P057,CALLED,2026-08-26T13:55:00,1691,0.894
P056,P008,CALLED,2026-08-27T20:56:00,2139,0.881
P073,P039,CALLED,2026-08-28T03:57:00,917,0.977
P010,P070,CALLED,2026-08-29T10:58:00,354,0.76
P027,P021,CALLED,2026-08-30T17:59:00,280,0.877
P044,P052,CALLED,2026-08-01T00:00:00,866,0.758
P061,P003,CALLED,2026-08-02T07:01:00,2025,0.836
P078,P034,CALLED,2026-08-03T14:02:00,2321,0.794
P015,P065,CALLED,2026-08-04T21:03:00,2235,0.819
P032,P016,CALLED,2026-08-05T04:04:00,1773,0.981
P049,P047,CALLED,2026-08-06T11:05:00,911,0.928
P066,P078,CALLED,2026-08-07T18:06:00,1883,0.806
P003,P029,CALLED,2026-08-08T01:07:00,2384,0.978
P020,P060,CALLED,2026-08-09T08:08:00,366,0.892
P037,P011,CALLED,2026-08-10T15:09:00,1493,0.786
P054,P042,CALLED,2026-08-11T22:10:00,905,0.798
P071,P073,CALLED,2026-08-12T05:11:00,2334,0.933
P008,P024,CALLED,2026-08-13T12:12:00,1653,0.986
P025,P055,CALLED,2026-08-14T19:13:00,107,0.962
P042,P006,CALLED,2026-08-15T02:14:00,772,0.927
P059,P037,CALLED,2026-08-16T09:15:00,432,0.841
P076,P068,CALLED,2026-08-17T16:16:00,460,0.771
P013,P019,CALLED,2026-08-18T23:17:00,2005,0.89
P030,P050,CALLED,2026-08-19T06:18:00,1670,0.95
P047,P001,CALLED,2026-08-20T13:19:00,1099,0.932
P064,P032,CALLED,2026-08-21T20:20:00,2064,0.95
P001,P063,CALLED,2026-08-22T03:21:00,1478,0.858
P018,P014,CALLED,2026-08-23T10:22:00,365,0.822
P035,P045,CALLED,2026-08-24T17:23:00,1938,0.98
P052,P076,CALLED,2026-08-25T00:24:00,848,0.818
P069,P027,CALLED,2026-08-26T07:25:00,1748,0.787
P006,P058,CALLED,2026-08-27T14:26:00,1422,0.876
P023,P009,CALLED,2026-08-28T21:27:00,1370,0.978
P040,P042,CALLED,2026-08-29T04:28:00,1327,0.979
P057,P071,CALLED,2026-08-30T11:29:00,129,0.932
P074,P022,CALLED,2026-08-01T18:30:00,2396,0.789
P011,P053,CALLED,2026-08-02T01:31:00,1852,0.758
P028,P004,CALLED,2026-08-03T08:32:00,626,0.931
P045,P035,CALLED,2026-08-04T15:33:00,62,0.873
P062,P066,CALLED,2026-08-05T22:34:00,505,0.85
P079,P017,CALLED,2026-08-06T05:35:00,1367,0.949
P016,P048,CALLED,2026-08-07T12:36:00,1563,0.827
P033,P079,CALLED,2026-08-08T19:37:00,1054,0.927
P050,P030,CALLED,2026-08-09T02:38:00,2294,0.979
P067,P061,CALLED,2026-08-10T09:39:00,50,0.814
P004,P012,CALLED,2026-08-11T16:40:00,640,0.826
P021,P043,CALLED,2026-08-12T23:41:00,2321,0.831
P038,P074,CALLED,2026-08-13T06:42:00,1788,0.924
P055,P025,CALLED,2026-08-14T13:43:00,1301,0.974
P072,P056,CALLED,2026-08-15T20:44:00,895,0.881
P009,P007,CALLED,2026-08-16T03:45:00,1153,0.827
P026,P038,CALLED,2026-08-17T10:46:00,1469,0.838
P043,P069,CALLED,2026-08-18T17:47:00,709,0.956
P060,P020,CALLED,2026-08-19T00:48:00,511,0.932
P077,P051,CALLED,2026-08-20T07:49:00,2362,0.862
P014,P002,CALLED,2026-08-21T14:50:00,462,0.925
P031,P033,CALLED,2026-08-22T21:51:00,2293,0.845
P048,P064,CALLED,2026-08-23T04:52:00,2357,0.847
P065,P015,CALLED,2026-08-24T11:53:00,206,0.875
P002,P046,CALLED,2026-08-25T18:54:00,1108,0.927
P019,P077,CALLED,2026-08-26T01:55:00,146,0.757
P036,P028,CALLED,2026-08-27T08:56:00,500,0.93
P053,P059,CALLED,2026-08-28T15:57:00,1915,0.962
P070,P010,CALLED,2026-08-29T22:58:00,1653,0.765
P007,P041,CALLED,2026-08-30T05:59:00,1880,0.973
P024,P072,CALLED,2026-08-01T12:00:00,493,0.938
P041,P023,CALLED,2026-08-02T19:01:00,1543,0.796
P058,P054,CALLED,2026-08-03T02:02:00,783,0.929
P075,P005,CALLED,2026-08-04T09:03:00,1866,0.869
P012,P036,CALLED,2026-08-05T16:04:00,1774,0.87
P029,P067,CALLED,2026-08-06T23:05:00,2332,0.941
P046,P018,CALLED,2026-08-07T06:06:00,535,0.948
P063,P049,CALLED,2026-08-08T13:07:00,1784,0.917
P080,P002,CALLED,2026-08-09T20:08:00,352,0.836
P017,P031,CALLED,2026-08-10T03:09:00,328,0.787
P034,P062,CALLED,2026-08-11T10:10:00,1342,0.89
P051,P013,CALLED,2026-08-12T17:11:00,1094,0.939
P068,P044,CALLED,2026-08-13T00:12:00,862,0.757
P005,P075,CALLED,2026-08-14T07:13:00,433,0.873
P022,P026,CALLED,2026-08-15T14:14:00,668,0.95
P039,P057,CALLED,2026-08-16T21:15:00,464,0.86
P056,P008,CALLED,2026-08-17T04:16:00,1067,0.982
P073,P039,CALLED,2026-08-18T11:17:00,2086,0.755
P010,P070,CALLED,2026-08-19T18:18:00,1803,0.833
P027,P021,CALLED,2026-08-20T01:19:00,604,0.83
P044,P052,CALLED,2026-08-21T08:20:00,2259,0.845
P061,P003,CALLED,2026-08-22T15:21:00,2140,0.85
P078,P034,CALLED,2026-08-23T22:22:00,2120,0.802
P015,P065,CALLED,2026-08-24T05:23:00,974,0.846
P032,P016,CALLED,2026-08-25T12:24:00,1271,0.816
P049,P047,CALLED,2026-08-26T19:25:00,2365,0.896
P066,P078,CALLED,2026-08-27T02:26:00,221,0.972
P003,P029,CALLED,2026-08-28T09:27:00,250,0.796
P020,P060,CALLED,2026-08-29T16:28:00,1259,0.874
P037,P011,CALLED,2026-08-30T23:29:00,2100,0.952
P054,P042,CALLED,2026-08-01T06:30:00,1087,0.982
P071,P073,CALLED,2026-08-02T13:31:00,187,0.833
P008,P024,CALLED,2026-08-03T20:32:00,2229,0.755
P025,P055,CALLED,2026-08-04T03:33:00,2120,0.965
P042,P006,CALLED,2026-08-05T10:34:00,1138,0.81
P059,P037,CALLED,2026-08-06T17:35:00,607,0.939
P076,P068,CALLED,2026-08-07T00:36:00,2029,0.969
P013,P019,CALLED,2026-08-08T07:37:00,602,0.803
P030,P050,CALLED,2026-08-09T14:38:00,64,0.798
P047,P001,CALLED,2026-08-10T21:39:00,102,0.92
P064,P032,CALLED,2026-08-11T04:40:00,156,0.853
P001,P063,CALLED,2026-08-12T11:41:00,817,0.78
P018,P014,CALLED,2026-08-13T18:42:00,898,0.839
P035,P045,CALLED,2026-08-14T01:43:00,287,0.898
P052,P076,CALLED,2026-08-15T08:44:00,1548,0.968
P069,P027,CALLED,2026-08-16T15:45:00,394,0.827
P006,P058,CALLED,2026-08-17T22:46:00,629,0.757
P023,P009,CALLED,2026-08-18T05:47:00,2019,0.94
P040,P042,CALLED,2026-08-19T12:48:00,1842,0.766
P057,P071,CALLED,2026-08-20T19:49:00,514,0.886
P074,P022,CALLED,2026-08-21T02:50:00,529,0.908
P011,P053,CALLED,2026-08-22T09:51:00,193,0.915
P028,P004,CALLED,2026-08-23T16:52:00,1519,0.945
P045,P035,CALLED,2026-08-24T23:53:00,1406,0.867
P062,P066,CALLED,2026-08-25T06:54:00,113,0.914
P079,P017,CALLED,2026-08-26T13:55:00,1039,0.957
P016,P048,CALLED,2026-08-27T20:56:00,612,0.884
P033,P079,CALLED,2026-08-28T03:57:00,313,0.863
P050,P030,CALLED,2026-08-29T10:58:00,412,0.981
P067,P061,CALLED,2026-08-30T17:59:00,735,0.985
P004,P012,CALLED,2026-08-01T00:00:00,454,0.792
P021,P043,CALLED,2026-08-02T07:01:00,740,0.818
P038,P074,CALLED,2026-08-03T14:02:00,1066,0.882
P055,P025,CALLED,2026-08-04T21:03:00,2080,0.848
P072,P056,CALLED,2026-08-05T04:04:00,1311,0.846
P009,P007,CALLED,2026-08-06T11:05:00,1780,0.967
P026,P038,CALLED,2026-08-07T18:06:00,1314,0.836
P043,P069,CALLED,2026-08-08T01:07:00,2332,0.892
P060,P020,CALLED,2026-08-09T08:08:00,312,0.755
P077,P051,CALLED,2026-08-10T15:09:00,978,0.93
P014,P002,CALLED,2026-08-11T22:10:00,631,0.882
P031,P033,CALLED,2026-08-12T05:11:00,1935,0.988
P048,P064,CALLED,2026-08-13T12:12:00,2248,0.86
P065,P015,CALLED,2026-08-14T19:13:00,638,0.933
P002,P046,CALLED,2026-08-15T02:14:00,674,0.855
P019,P077,CALLED,2026-08-16T09:15:00,187,0.897
P036,P028,CALLED,2026-08-17T16:16:00,767,0.98
P053,P059,CALLED,2026-08-18T23:17:00,2111,0.958
P070,P010,CALLED,2026-08-19T06:18:00,976,0.943
P007,P041,CALLED,2026-08-20T13:19:00,1187,0.942
P024,P072,CALLED,2026-08-21T20:20:00,787,0.81
P041,P023,CALLED,2026-08-22T03:21:00,300,0.983
P058,P054,CALLED,2026-08-23T10:22:00,1254,0.884
P075,P005,CALLED,2026-08-24T17:23:00,1459,0.806
P012,P036,CALLED,2026-08-25T00:24:00,634,0.888
P029,P067,CALLED,2026-08-26T07:25:00,1613,0.849
P046,P018,CALLED,2026-08-27T14:26:00,1945,0.875
P063,P049,CALLED,2026-08-28T21:27:00,1250,0.821
P080,P002,CALLED,2026-08-29T04:28:00,1909,0.752
P017,P031,CALLED,2026-08-30T11:29:00,2202,0.974
P034,P062,CALLED,2026-08-01T18:30:00,1940,0.797
P051,P013,CALLED,2026-08-02T01:31:00,882,0.96
P068,P044,CALLED,2026-08-03T08:32:00,129,0.95
P005,P075,CALLED,2026-08-04T15:33:00,165,0.8
P022,P026,CALLED,2026-08-05T22:34:00,663,0.983
P039,P057,CALLED,2026-08-06T05:35:00,525,0.77
P056,P008,CALLED,2026-08-07T12:36:00,1051,0.945
P073,P039,CALLED,2026-08-08T19:37:00,285,0.797
P010,P070,CALLED,2026-08-09T02:38:00,61,0.855
P027,P021,CALLED,2026-08-10T09:39:00,1833,0.771
P044,P052,CALLED,2026-08-11T16:40:00,408,0.941
P061,P003,CALLED,2026-08-12T23:41:00,1241,0.903
P078,P034,CALLED,2026-08-13T06:42:00,1902,0.914
P015,P065,CALLED,2026-08-14T13:43:00,337,0.773
P032,P016,CALLED,2026-08-15T20:44:00,2396,0.829
P049,P047,CALLED,2026-08-16T03:45:00,384,0.983
P066,P078,CALLED,2026-08-17T10:46:00,1101,0.934
P003,P029,CALLED,2026-08-18T17:47:00,1807,0.821
P020,P060,CALLED,2026-08-19T00:48:00,2206,0.78
P037,P011,CALLED,2026-08-20T07:49:00,1942,0.914
P054,P042,CALLED,2026-08-21T14:50:00,1711,0.966
P071,P073,CALLED,2026-08-22T21:51:00,851,0.933
P008,P024,CALLED,2026-08-23T04:52:00,2113,0.858
P025,P055,CALLED,2026-08-24T11:53:00,2165,0.78
P042,P006,CALLED,2026-08-25T18:54:00,1307,0.837
P059,P037,CALLED,2026-08-26T01:55:00,1746,0.789
P076,P068,CALLED,2026-08-27T08:56:00,2065,0.908
P013,P019,CALLED,2026-08-28T15:57:00,1245,0.828
P030,P050,CALLED,2026-08-29T22:58:00,1112,0.76
P047,P001,CALLED,2026-08-30T05:59:00,1676,0.777
P064,P032,CALLED,2026-08-01T12:00:00,866,0.768
P001,P063,CALLED,2026-08-02T19:01:00,424,0.983
P018,P014,CALLED,2026-08-03T02:02:00,194,0.793
P035,P045,CALLED,2026-08-04T09:03:00,2331,0.969
P052,P076,CALLED,2026-08-05T16:04:00,1348,0.848
P069,P027,CALLED,2026-08-06T23:05:00,2200,0.857
P006,P058,CALLED,2026-08-07T06:06:00,722,0.957
P023,P009,CALLED,2026-08-08T13:07:00,503,0.835
P040,P042,CALLED,2026-08-09T20:08:00,1176,0.761
P057,P071,CALLED,2026-08-10T03:09:00,91,0.876
P074,P022,CALLED,2026-08-11T10:10:00,589,0.869
P011,P053,CALLED,2026-08-12T17:11:00,1182,0.874
P028,P004,CALLED,2026-08-13T00:12:00,381,0.807
P045,P035,CALLED,2026-08-14T07:13:00,777,0.8
P062,P066,CALLED,2026-08-15T14:14:00,2069,0.853
P079,P017,CALLED,2026-08-16T21:15:00,2206,0.967
P016,P048,CALLED,2026-08-17T04:16:00,821,0.883
P033,P079,CALLED,2026-08-18T11:17:00,777,0.887
P050,P030,CALLED,2026-08-19T18:18:00,547,0.766
P067,P061,CALLED,2026-08-20T01:19:00,782,0.93
P004,P012,CALLED,2026-08-21T08:20:00,1365,0.956
P021,P043,CALLED,2026-08-22T15:21:00,1546,0.779
P038,P074,CALLED,2026-08-23T22:22:00,1160,0.795
P055,P025,CALLED,2026-08-24T05:23:00,1998,0.845
P072,P056,CALLED,2026-08-25T12:24:00,691,0.754
P009,P007,CALLED,2026-08-26T19:25:00,1767,0.941
P026,P038,CALLED,2026-08-27T02:26:00,1289,0.867
P043,P069,CALLED,2026-08-28T09:27:00,446,0.988
P060,P020,CALLED,2026-08-29T16:28:00,461,0.875
P077,P051,CALLED,2026-08-30T23:29:00,1579,0.771
P014,P002,CALLED,2026-08-01T06:30:00,830,0.928
P031,P033,CALLED,2026-08-02T13:31:00,985,0.887
P048,P064,CALLED,2026-08-03T20:32:00,1643,0.917
P065,P015,CALLED,2026-08-04T03:33:00,1662,0.853
P002,P046,CALLED,2026-08-05T10:34:00,144,0.929
P019,P077,CALLED,2026-08-06T17:35:00,329,0.984
P036,P028,CALLED,2026-08-07T00:36:00,1550,0.92
P053,P059,CALLED,2026-08-08T07:37:00,399,0.882
P070,P010,CALLED,2026-08-09T14:38:00,2151,0.834
P007,P041,CALLED,2026-08-10T21:39:00,2237,0.89
P024,P072,CALLED,2026-08-11T04:40:00,293,0.954
P041,P023,CALLED,2026-08-12T11:41:00,1901,0.844
P058,P054,CALLED,2026-08-13T18:42:00,1432,0.979
P075,P005,CALLED,2026-08-14T01:43:00,1400,0.933
P012,P036,CALLED,2026-08-15T08:44:00,1622,0.919
P029,P067,CALLED,2026-08-16T15:45:00,712,0.86
P046,P018,CALLED,2026-08-17T22:46:00,1443,0.837
P063,P049,CALLED,2026-08-18T05:47:00,2173,0.789
P080,P002,CALLED,2026-08-19T12:48:00,595,0.941
P017,P031,CALLED,2026-08-20T19:49:00,384,0.767
P034,P062,CALLED,2026-08-21T02:50:00,2358,0.788
P051,P013,CALLED,2026-08-22T09:51:00,1176,0.873
P068,P044,CALLED,2026-08-23T16:52:00,473,0.958
P005,P075,CALLED,2026-08-24T23:53:00,953,0.767
P022,P026,CALLED,2026-08-25T06:54:00,2200,0.761
P039,P057,CALLED,2026-08-26T13:55:00,809,0.772
P056,P008,CALLED,2026-08-27T20:56:00,234,0.979
P073,P039,CALLED,2026-08-28T03:57:00,747,0.831
P010,P070,CALLED,2026-08-29T10:58:00,601,0.912
P027,P021,CALLED,2026-08-30T17:59:00,540,0.765
P044,P052,CALLED,2026-08-01T00:00:00,1360,0.862
P061,P003,CALLED,2026-08-02T07:01:00,964,0.773
P078,P034,CALLED,2026-08-03T14:02:00,1555,0.757
P015,P065,CALLED,2026-08-04T21:03:00,1982,0.791
P032,P016,CALLED,2026-08-05T04:04:00,2286,0.785
P049,P047,CALLED,2026-08-06T11:05:00,1216,0.944
P066,P078,CALLED,2026-08-07T18:06:00,2383,0.884
P003,P029,CALLED,2026-08-08T01:07:00,1732,0.91
P020,P060,CALLED,2026-08-09T08:08:00,91,0.936
P037,P011,CALLED,2026-08-10T15:09:00,2307,0.766
P054,P042,CALLED,2026-08-11T22:10:00,2252,0.848
P071,P073,CALLED,2026-08-12T05:11:00,1510,0.816
P008,P024,CALLED,2026-08-13T12:12:00,1802,0.762
P025,P055,CALLED,2026-08-14T19:13:00,1846,0.988
P042,P006,CALLED,2026-08-15T02:14:00,1768,0.94
P059,P037,CALLED,2026-08-16T09:15:00,1522,0.823
P076,P068,CALLED,2026-08-17T16:16:00,434,0.94
P013,P019,CALLED,2026-08-18T23:17:00,41,0.791
P030,P050,CALLED,2026-08-19T06:18:00,1997,0.89
P047,P001,CALLED,2026-08-20T13:19:00,1344,0.787
P064,P032,CALLED,2026-08-21T20:20:00,686,0.836
P001,P063,CALLED,2026-08-22T03:21:00,590,0.761
P018,P014,CALLED,2026-08-23T10:22:00,1171,0.94
P035,P045,CALLED,2026-08-24T17:23:00,2309,0.855
P052,P076,CALLED,2026-08-25T00:24:00,730,0.938
P069,P027,CALLED,2026-08-26T07:25:00,16,0.924
P006,P058,CALLED,2026-08-27T14:26:00,1352,0.953
P023,P009,CALLED,2026-08-28T21:27:00,2177,0.809
P040,P042,CALLED,2026-08-29T04:28:00,520,0.988
P057,P071,CALLED,2026-08-30T11:29:00,418,0.941
P074,P022,CALLED,2026-08-01T18:30:00,1176,0.796
P011,P053,CALLED,2026-08-02T01:31:00,1377,0.989
P028,P004,CALLED,2026-08-03T08:32:00,1763,0.852
P045,P035,CALLED,2026-08-04T15:33:00,1160,0.954
P062,P066,CALLED,2026-08-05T22:34:00,409,0.911
P079,P017,CALLED,2026-08-06T05:35:00,2304,0.806
P016,P048,CALLED,2026-08-07T12:36:00,171,0.796
P033,P079,CALLED,2026-08-08T19:37:00,175,0.98
P050,P030,CALLED,2026-08-09T02:38:00,1586,0.797
P067,P061,CALLED,2026-08-10T09:39:00,1501,0.851
P004,P012,CALLED,2026-08-11T16:40:00,859,0.947
P021,P043,CALLED,2026-08-12T23:41:00,2060,0.82
P038,P074,CALLED,2026-08-13T06:42:00,822,0.849
P055,P025,CALLED,2026-08-14T13:43:00,865,0.937
P072,P056,CALLED,2026-08-15T20:44:00,1215,0.903
P009,P007,CALLED,2026-08-16T03:45:00,1061,0.977
P026,P038,CALLED,2026-08-17T10:46:00,1994,0.775
P043,P069,CALLED,2026-08-18T17:47:00,2094,0.817
P060,P020,CALLED,2026-08-19T00:48:00,40,0.845
P077,P051,CALLED,2026-08-20T07:49:00,666,0.984
P014,P002,CALLED,2026-08-21T14:50:00,515,0.957
P031,P033,CALLED,2026-08-22T21:51:00,372,0.865
P048,P064,CALLED,2026-08-23T04:52:00,2139,0.864
P065,P015,CALLED,2026-08-24T11:53:00,1670,0.843
P002,P046,CALLED,2026-08-25T18:54:00,1243,0.807
P019,P077,CALLED,2026-08-26T01:55:00,1035,0.78
P036,P028,CALLED,2026-08-27T08:56:00,274,0.892
P053,P059,CALLED,2026-08-28T15:57:00,641,0.947
P070,P010,CALLED,2026-08-29T22:58:00,343,0.789
P007,P041,CALLED,2026-08-30T05:59:00,2380,0.939
P024,P072,CALLED,2026-08-01T12:00:00,1567,0.762
P041,P023,CALLED,2026-08-02T19:01:00,2223,0.779
P058,P054,CALLED,2026-08-03T02:02:00,1307,0.811
P075,P005,CALLED,2026-08-04T09:03:00,625,0.793
P012,P036,CALLED,2026-08-05T16:04:00,772,0.861
P029,P067,CALLED,2026-08-06T23:05:00,2167,0.918
P046,P018,CALLED,2026-08-07T06:06:00,1784,0.846
P063,P049,CALLED,2026-08-08T13:07:00,2290,0.776
P080,P002,CALLED,2026-08-09T20:08:00,1147,0.907
P017,P031,CALLED,2026-08-10T03:09:00,562,0.755
P034,P062,CALLED,2026-08-11T10:10:00,160,0.96
P051,P013,CALLED,2026-08-12T17:11:00,1771,0.816
P068,P044,CALLED,2026-08-13T00:12:00,385,0.794
P005,P075,CALLED,2026-08-14T07:13:00,942,0.827
P022,P026,CALLED,2026-08-15T14:14:00,2018,0.808
P039,P057,CALLED,2026-08-16T21:15:00,729,0.912
P056,P008,CALLED,2026-08-17T04:16:00,171,0.967
P073,P039,CALLED,2026-08-18T11:17:00,452,0.825
P010,P070,CALLED,2026-08-19T18:18:00,2154,0.916
P027,P021,CALLED,2026-08-20T01:19:00,1876,0.827
P044,P052,CALLED,2026-08-21T08:20:00,392,0.916
P061,P003,CALLED,2026-08-22T15:21:00,155,0.766
P078,P034,CALLED,2026-08-23T22:22:00,852,0.821
P015,P065,CALLED,2026-08-24T05:23:00,1083,0.844
P032,P016,CALLED,2026-08-25T12:24:00,759,0.987
P049,P047,CALLED,2026-08-26T19:25:00,909,0.921
P066,P078,CALLED,2026-08-27T02:26:00,446,0.778
P003,P029,CALLED,2026-08-28T09:27:00,138,0.868
P020,P060,CALLED,2026-08-29T16:28:00,2005,0.828
P037,P011,CALLED,2026-08-30T23:29:00,978,0.771
P054,P042,CALLED,2026-08-01T06:30:00,949,0.85
P071,P073,CALLED,2026-08-02T13:31:00,102,0.855
P008,P024,CALLED,2026-08-03T20:32:00,1952,0.799
P025,P055,CALLED,2026-08-04T03:33:00,226,0.813
P042,P006,CALLED,2026-08-05T10:34:00,175,0.856
P059,P037,CALLED,2026-08-06T17:35:00,214,0.982
P076,P068,CALLED,2026-08-07T00:36:00,977,0.765
P013,P019,CALLED,2026-08-08T07:37:00,96,0.848
P030,P050,CALLED,2026-08-09T14:38:00,433,0.966
P047,P001,CALLED,2026-08-10T21:39:00,1121,0.821
P064,P032,CALLED,2026-08-11T04:40:00,2232,0.861
P001,P063,CALLED,2026-08-12T11:41:00,295,0.812
P018,P014,CALLED,2026-08-13T18:42:00,1595,0.836
P035,P045,CALLED,2026-08-14T01:43:00,1112,0.762
P052,P076,CALLED,2026-08-15T08:44:00,1914,0.828
P069,P027,CALLED,2026-08-16T15:45:00,1499,0.802
P006,P058,CALLED,2026-08-17T22:46:00,1355,0.846
P023,P009,CALLED,2026-08-18T05:47:00,2130,0.876
P040,P042,CALLED,2026-08-19T12:48:00,960,0.801
P057,P071,CALLED,2026-08-20T19:49:00,109,0.795
P074,P022,CALLED,2026-08-21T02:50:00,2096,0.868
P011,P053,CALLED,2026-08-22T09:51:00,1331,0.819
P028,P004,CALLED,2026-08-23T16:52:00,702,0.826
P045,P035,CALLED,2026-08-24T23:53:00,2385,0.974
P062,P066,CALLED,2026-08-25T06:54:00,1635,0.771
P079,P017,CALLED,2026-08-26T13:55:00,1190,0.827
P016,P048,CALLED,2026-08-27T20:56:00,2229,0.97
P033,P079,CALLED,2026-08-28T03:57:00,1667,0.981
P050,P030,CALLED,2026-08-29T10:58:00,475,0.952
P067,P061,CALLED,2026-08-30T17:59:00,2335,0.921
P004,P012,CALLED,2026-08-01T00:00:00,187,0.889
P021,P043,CALLED,2026-08-02T07:01:00,1052,0.923
P038,P074,CALLED,2026-08-03T14:02:00,1621,0.763
P055,P025,CALLED,2026-08-04T21:03:00,1937,0.894
P072,P056,CALLED,2026-08-05T04:04:00,770,0.757
P009,P007,CALLED,2026-08-06T11:05:00,1630,0.969
P026,P038,CALLED,2026-08-07T18:06:00,552,0.912
P043,P069,CALLED,2026-08-08T01:07:00,1082,0.805
P060,P020,CALLED,2026-08-09T08:08:00,1565,0.947
P077,P051,CALLED,2026-08-10T15:09:00,955,0.985
P014,P002,CALLED,2026-08-11T22:10:00,1367,0.892
P031,P033,CALLED,2026-08-12T05:11:00,1448,0.871
P048,P064,CALLED,2026-08-13T12:12:00,449,0.811
P065,P015,CALLED,2026-08-14T19:13:00,407,0.773
P002,P046,CALLED,2026-08-15T02:14:00,796,0.954
P019,P077,CALLED,2026-08-16T09:15:00,872,0.903
P036,P028,CALLED,2026-08-17T16:16:00,2215,0.93
P053,P059,CALLED,2026-08-18T23:17:00,151,0.988
P070,P010,CALLED,2026-08-19T06:18:00,607,0.81
P007,P041,CALLED,2026-08-20T13:19:00,747,0.959
P024,P072,CALLED,2026-08-21T20:20:00,341,0.82
P041,P023,CALLED,2026-08-22T03:21:00,417,0.966
P058,P054,CALLED,2026-08-23T10:22:00,697,0.858
P075,P005,CALLED,2026-08-24T17:23:00,829,0.818
P012,P036,CALLED,2026-08-25T00:24:00,1339,0.969
P029,P067,CALLED,2026-08-26T07:25:00,220,0.972
P046,P018,CALLED,2026-08-27T14:26:00,1241,0.844
P063,P049,CALLED,2026-08-28T21:27:00,1724,0.754
P080,P002,CALLED,2026-08-29T04:28:00,852,0.948
P017,P031,CALLED,2026-08-30T11:29:00,1240,0.921
P034,P062,CALLED,2026-08-01T18:30:00,1538,0.814
P051,P013,CALLED,2026-08-02T01:31:00,2166,0.984
P068,P044,CALLED,2026-08-03T08:32:00,2321,0.959
P005,P075,CALLED,2026-08-04T15:33:00,1957,0.913
P022,P026,CALLED,2026-08-05T22:34:00,1507,0.91
P039,P057,CALLED,2026-08-06T05:35:00,2244,0.836
P056,P008,CALLED,2026-08-07T12:36:00,2060,0.825
P073,P039,CALLED,2026-08-08T19:37:00,840,0.927
P010,P070,CALLED,2026-08-09T02:38:00,1763,0.806
P027,P021,CALLED,2026-08-10T09:39:00,1833,0.928
P044,P052,CALLED,2026-08-11T16:40:00,2026,0.986
P061,P003,CALLED,2026-08-12T23:41:00,768,0.886
P078,P034,CALLED,2026-08-13T06:42:00,189,0.959
P015,P065,CALLED,2026-08-14T13:43:00,1012,0.975
P032,P016,CALLED,2026-08-15T20:44:00,1235,0.751
P049,P047,CALLED,2026-08-16T03:45:00,1735,0.858
P066,P078,CALLED,2026-08-17T10:46:00,1643,0.898
P003,P029,CALLED,2026-08-18T17:47:00,2112,0.969
P020,P060,CALLED,2026-08-19T00:48:00,608,0.755
P037,P011,CALLED,2026-08-20T07:49:00,1431,0.972
P054,P042,CALLED,2026-08-21T14:50:00,350,0.869
P071,P073,CALLED,2026-08-22T21:51:00,999,0.894
P008,P024,CALLED,2026-08-23T04:52:00,1540,0.873
P025,P055,CALLED,2026-08-24T11:53:00,130,0.812
P042,P006,CALLED,2026-08-25T18:54:00,795,0.924
P059,P037,CALLED,2026-08-26T01:55:00,1542,0.903
P076,P068,CALLED,2026-08-27T08:56:00,302,0.872
P013,P019,CALLED,2026-08-28T15:57:00,139,0.968
P030,P050,CALLED,2026-08-29T22:58:00,113,0.785
P047,P001,CALLED,2026-08-30T05:59:00,839,0.972
P064,P032,CALLED,2026-08-01T12:00:00,618,0.852
P001,P063,CALLED,2026-08-02T19:01:00,2233,0.793
P018,P014,CALLED,2026-08-03T02:02:00,1190,0.875
P035,P045,CALLED,2026-08-04T09:03:00,776,0.754
P052,P076,CALLED,2026-08-05T16:04:00,696,0.856
P069,P027,CALLED,2026-08-06T23:05:00,1799,0.831
P006,P058,CALLED,2026-08-07T06:06:00,98,0.794
P023,P009,CALLED,2026-08-08T13:07:00,865,0.761
P040,P042,CALLED,2026-08-09T20:08:00,2301,0.949
P057,P071,CALLED,2026-08-10T03:09:00,475,0.784
P074,P022,CALLED,2026-08-11T10:10:00,1545,0.776
P011,P053,CALLED,2026-08-12T17:11:00,1175,0.895
P028,P004,CALLED,2026-08-13T00:12:00,78,0.978
P045,P035,CALLED,2026-08-14T07:13:00,1332,0.762
P062,P066,CALLED,2026-08-15T14:14:00,277,0.971
P079,P017,CALLED,2026-08-16T21:15:00,1414,0.938
P016,P048,CALLED,2026-08-17T04:16:00,1302,0.967
P033,P079,CALLED,2026-08-18T11:17:00,624,0.788
P050,P030,CALLED,2026-08-19T18:18:00,2123,0.786
P067,P061,CALLED,2026-08-20T01:19:00,1190,0.78
P004,P012,CALLED,2026-08-21T08:20:00,1816,0.952
P021,P043,CALLED,2026-08-22T15:21:00,889,0.93
P038,P074,CALLED,2026-08-23T22:22:00,1938,0.88
P055,P025,CALLED,2026-08-24T05:23:00,1462,0.778
P072,P056,CALLED,2026-08-25T12:24:00,167,0.85
P009,P007,CALLED,2026-08-26T19:25:00,179,0.923
P026,P038,CALLED,2026-08-27T02:26:00,739,0.868
P043,P069,CALLED,2026-08-28T09:27:00,1561,0.867
P060,P020,CALLED,2026-08-29T16:28:00,2066,0.974
P077,P051,CALLED,2026-08-30T23:29:00,1207,0.806
P014,P002,CALLED,2026-08-01T06:30:00,322,0.96
P031,P033,CALLED,2026-08-02T13:31:00,650,0.894
P048,P064,CALLED,2026-08-03T20:32:00,2193,0.776
P065,P015,CALLED,2026-08-04T03:33:00,973,0.82
P002,P046,CALLED,2026-08-05T10:34:00,51,0.967
P019,P077,CALLED,2026-08-06T17:35:00,837,0.892
P036,P028,CALLED,2026-08-07T00:36:00,673,0.937
P053,P059,CALLED,2026-08-08T07:37:00,1210,0.859
P070,P010,CALLED,2026-08-09T14:38:00,1101,0.923
P007,P041,CALLED,2026-08-10T21:39:00,2089,0.987
P024,P072,CALLED,2026-08-11T04:40:00,52,0.853
P041,P023,CALLED,2026-08-12T11:41:00,1148,0.959
P058,P054,CALLED,2026-08-13T18:42:00,399,0.858
P075,P005,CALLED,2026-08-14T01:43:00,189,0.804
P012,P036,CALLED,2026-08-15T08:44:00,105,0.765
P029,P067,CALLED,2026-08-16T15:45:00,1554,0.927
P046,P018,CALLED,2026-08-17T22:46:00,44,0.786
P063,P049,CALLED,2026-08-18T05:47:00,745,0.918
P080,P002,CALLED,2026-08-19T12:48:00,2390,0.966
P017,P031,CALLED,2026-08-20T19:49:00,968,0.775
P034,P062,CALLED,2026-08-21T02:50:00,2122,0.878
P051,P013,CALLED,2026-08-22T09:51:00,309,0.896
P068,P044,CALLED,2026-08-23T16:52:00,1410,0.95
P005,P075,CALLED,2026-08-24T23:53:00,369,0.963
P022,P026,CALLED,2026-08-25T06:54:00,1072,0.914
P039,P057,CALLED,2026-08-26T13:55:00,2088,0.834
P056,P008,CALLED,2026-08-27T20:56:00,2202,0.807
P073,P039,CALLED,2026-08-28T03:57:00,1550,0.866
P010,P070,CALLED,2026-08-29T10:58:00,1977,0.885
P027,P021,CALLED,2026-08-30T17:59:00,495,0.794
P044,P052,CALLED,2026-08-01T00:00:00,535,0.811
P061,P003,CALLED,2026-08-02T07:01:00,764,0.866
P078,P034,CALLED,2026-08-03T14:02:00,82,0.826
P015,P065,CALLED,2026-08-04T21:03:00,198,0.911
P032,P016,CALLED,2026-08-05T04:04:00,797,0.798
P049,P047,CALLED,2026-08-06T11:05:00,1360,0.78
P066,P078,CALLED,2026-08-07T18:06:00,405,0.813
P003,P029,CALLED,2026-08-08T01:07:00,600,0.893
P020,P060,CALLED,2026-08-09T08:08:00,215,0.96
P037,P011,CALLED,2026-08-10T15:09:00,1145,0.949
P054,P042,CALLED,2026-08-11T22:10:00,1228,0.835
P071,P073,CALLED,2026-08-12T05:11:00,696,0.803
P008,P024,CALLED,2026-08-13T12:12:00,249,0.896
P025,P055,CALLED,2026-08-14T19:13:00,1988,0.829
P042,P006,CALLED,2026-08-15T02:14:00,386,0.951
P059,P037,CALLED,2026-08-16T09:15:00,976,0.857
P076,P068,CALLED,2026-08-17T16:16:00,2268,0.968
P013,P019,CALLED,2026-08-18T23:17:00,209,0.932
P030,P050,CALLED,2026-08-19T06:18:00,17,0.854
P047,P001,CALLED,2026-08-20T13:19:00,1916,0.795
P064,P032,CALLED,2026-08-21T20:20:00,1833,0.811
P001,P063,CALLED,2026-08-22T03:21:00,1678,0.794
P018,P014,CALLED,2026-08-23T10:22:00,1991,0.963
P035,P045,CALLED,2026-08-24T17:23:00,1870,0.839
P052,P076,CALLED,2026-08-25T00:24:00,1170,0.785
P069,P027,CALLED,2026-08-26T07:25:00,798,0.765
P006,P058,CALLED,2026-08-27T14:26:00,1848,0.768
P023,P009,CALLED,2026-08-28T21:27:00,528,0.876
P040,P042,CALLED,2026-08-29T04:28:00,715,0.837
P057,P071,CALLED,2026-08-30T11:29:00,230,0.969
P074,P022,CALLED,2026-08-01T18:30:00,2046,0.864
P011,P053,CALLED,2026-08-02T01:31:00,800,0.986
P028,P004,CALLED,2026-08-03T08:32:00,1556,0.89
P045,P035,CALLED,2026-08-04T15:33:00,1571,0.98
P062,P066,CALLED,2026-08-05T22:34:00,147,0.899
P079,P017,CALLED,2026-08-06T05:35:00,19,0.811
P016,P048,CALLED,2026-08-07T12:36:00,2398,0.751
P033,P079,CALLED,2026-08-08T19:37:00,1510,0.919
P050,P030,CALLED,2026-08-09T02:38:00,1533,0.806
P067,P061,CALLED,2026-08-10T09:39:00,1580,0.917
P004,P012,CALLED,2026-08-11T16:40:00,2132,0.878
P021,P043,CALLED,2026-08-12T23:41:00,121,0.917
P038,P074,CALLED,2026-08-13T06:42:00,2322,0.866
P055,P025,CALLED,2026-08-14T13:43:00,2265,0.99
P072,P056,CALLED,2026-08-15T20:44:00,1137,0.981
P009,P007,CALLED,2026-08-16T03:45:00,1685,0.978
P026,P038,CALLED,2026-08-17T10:46:00,704,0.908
P043,P069,CALLED,2026-08-18T17:47:00,1421,0.951
P060,P020,CALLED,2026-08-19T00:48:00,202,0.865
P077,P051,CALLED,2026-08-20T07:49:00,2339,0.85
P014,P002,CALLED,2026-08-21T14:50:00,2377,0.789
P031,P033,CALLED,2026-08-22T21:51:00,2370,0.985
P048,P064,CALLED,2026-08-23T04:52:00,443,0.752
P065,P015,CALLED,2026-08-24T11:53:00,1998,0.75
P002,P046,CALLED,2026-08-25T18:54:00,2007,0.926
P019,P077,CALLED,2026-08-26T01:55:00,1850,0.988
P036,P028,CALLED,2026-08-27T08:56:00,1775,0.885
P053,P059,CALLED,2026-08-28T15:57:00,1368,0.865
P070,P010,CALLED,2026-08-29T22:58:00,1680,0.903
P007,P041,CALLED,2026-08-30T05:59:00,656,0.781
P024,P072,CALLED,2026-08-01T12:00:00,1448,0.835
P041,P023,CALLED,2026-08-02T19:01:00,112,0.79
P058,P054,CALLED,2026-08-03T02:02:00,1878,0.862
P075,P005,CALLED,2026-08-04T09:03:00,734,0.8
P012,P036,CALLED,2026-08-05T16:04:00,100,0.895
P029,P067,CALLED,2026-08-06T23:05:00,1006,0.769
P046,P018,CALLED,2026-08-07T06:06:00,1956,0.808
P063,P049,CALLED,2026-08-08T13:07:00,2253,0.876
P080,P002,CALLED,2026-08-09T20:08:00,264,0.835
P017,P031,CALLED,2026-08-10T03:09:00,1894,0.987
P034,P062,CALLED,2026-08-11T10:10:00,1090,0.87
P051,P013,CALLED,2026-08-12T17:11:00,2247,0.923
P068,P044,CALLED,2026-08-13T00:12:00,886,0.821
P005,P075,CALLED,2026-08-14T07:13:00,1038,0.848
P022,P026,CALLED,2026-08-15T14:14:00,802,0.979
P039,P057,CALLED,2026-08-16T21:15:00,1664,0.876
P056,P008,CALLED,2026-08-17T04:16:00,617,0.762
P073,P039,CALLED,2026-08-18T11:17:00,1156,0.75
P010,P070,CALLED,2026-08-19T18:18:00,2370,0.973
P027,P021,CALLED,2026-08-20T01:19:00,1591,0.931
P044,P052,CALLED,2026-08-21T08:20:00,1316,0.786
P061,P003,CALLED,2026-08-22T15:21:00,1559,0.783
P078,P034,CALLED,2026-08-23T22:22:00,381,0.801
P015,P065,CALLED,2026-08-24T05:23:00,1138,0.826
P032,P016,CALLED,2026-08-25T12:24:00,1962,0.948
P049,P047,CALLED,2026-08-26T19:25:00,480,0.846
P066,P078,CALLED,2026-08-27T02:26:00,181,0.859
P003,P029,CALLED,2026-08-28T09:27:00,1761,0.933
P020,P060,CALLED,2026-08-29T16:28:00,1672,0.792
P037,P011,CALLED,2026-08-30T23:29:00,652,0.913
P054,P042,CALLED,2026-08-01T06:30:00,1123,0.886
P071,P073,CALLED,2026-08-02T13:31:00,1697,0.818
P008,P024,CALLED,2026-08-03T20:32:00,110,0.797
P025,P055,CALLED,2026-08-04T03:33:00,492,0.835
P042,P006,CALLED,2026-08-05T10:34:00,509,0.774
P059,P037,CALLED,2026-08-06T17:35:00,1000,0.973
P076,P068,CALLED,2026-08-07T00:36:00,1448,0.87
P013,P019,CALLED,2026-08-08T07:37:00,1901,0.858
P030,P050,CALLED,2026-08-09T14:38:00,830,0.987
P047,P001,CALLED,2026-08-10T21:39:00,2248,0.808
P064,P032,CALLED,2026-08-11T04:40:00,1348,0.964
P001,P063,CALLED,2026-08-12T11:41:00,1907,0.876
P018,P014,CALLED,2026-08-13T18:42:00,1285,0.97
P035,P045,CALLED,2026-08-14T01:43:00,531,0.946
P052,P076,CALLED,2026-08-15T08:44:00,355,0.787
P069,P027,CALLED,2026-08-16T15:45:00,1688,0.973
P006,P058,CALLED,2026-08-17T22:46:00,1463,0.93
P023,P009,CALLED,2026-08-18T05:47:00,839,0.828
P040,P042,CALLED,2026-08-19T12:48:00,2073,0.761
P057,P071,CALLED,2026-08-20T19:49:00,1054,0.829
P074,P022,CALLED,2026-08-21T02:50:00,1585,0.957
P011,P053,CALLED,2026-08-22T09:51:00,332,0.941
P028,P004,CALLED,2026-08-23T16:52:00,1924,0.883
P045,P035,CALLED,2026-08-24T23:53:00,1819,0.8
P062,P066,CALLED,2026-08-25T06:54:00,522,0.833
P079,P017,CALLED,2026-08-26T13:55:00,861,0.91
P016,P048,CALLED,2026-08-27T20:56:00,1851,0.763
P033,P079,CALLED,2026-08-28T03:57:00,1342,0.769
P050,P030,CALLED,2026-08-29T10:58:00,296,0.926
P067,P061,CALLED,2026-08-30T17:59:00,2236,0.967
P004,P012,CALLED,2026-08-01T00:00:00,200,0.756
P021,P043,CALLED,2026-08-02T07:01:00,2052,0.832
P038,P074,CALLED,2026-08-03T14:02:00,1933,0.812
P055,P025,CALLED,2026-08-04T21:03:00,1085,0.767
P072,P056,CALLED,2026-08-05T04:04:00,1896,0.925
P009,P007,CALLED,2026-08-06T11:05:00,294,0.921
P026,P038,CALLED,2026-08-07T18:06:00,147,0.772
P043,P069,CALLED,2026-08-08T01:07:00,1173,0.95
P060,P020,CALLED,2026-08-09T08:08:00,930,0.875
P077,P051,CALLED,2026-08-10T15:09:00,642,0.768
P014,P002,CALLED,2026-08-11T22:10:00,2114,0.917
P031,P033,CALLED,2026-08-12T05:11:00,2277,0.876
P048,P064,CALLED,2026-08-13T12:12:00,433,0.909
P065,P015,CALLED,2026-08-14T19:13:00,2274,0.808
P002,P046,CALLED,2026-08-15T02:14:00,1106,0.758
P019,P077,CALLED,2026-08-16T09:15:00,1359,0.907
P036,P028,CALLED,2026-08-17T16:16:00,1177,0.82
P053,P059,CALLED,2026-08-18T23:17:00,487,0.761
P070,P010,CALLED,2026-08-19T06:18:00,1737,0.938
P007,P041,CALLED,2026-08-20T13:19:00,2063,0.986
P024,P072,CALLED,2026-08-21T20:20:00,884,0.984
P041,P023,CALLED,2026-08-22T03:21:00,787,0.965
P058,P054,CALLED,2026-08-23T10:22:00,2240,0.792
P075,P005,CALLED,2026-08-24T17:23:00,1523,0.899
P012,P036,CALLED,2026-08-25T00:24:00,1548,0.776
P029,P067,CALLED,2026-08-26T07:25:00,81,0.881
P046,P018,CALLED,2026-08-27T14:26:00,272,0.977
P063,P049,CALLED,2026-08-28T21:27:00,1593,0.956
P080,P002,CALLED,2026-08-29T04:28:00,750,0.786
P017,P031,CALLED,2026-08-30T11:29:00,2033,0.914
P034,P062,CALLED,2026-08-01T18:30:00,758,0.842
P051,P013,CALLED,2026-08-02T01:31:00,1648,0.901
P068,P044,CALLED,2026-08-03T08:32:00,1183,0.91
P005,P075,CALLED,2026-08-04T15:33:00,1053,0.813
P022,P026,CALLED,2026-08-05T22:34:00,2374,0.949
P039,P057,CALLED,2026-08-06T05:35:00,779,0.88
P056,P008,CALLED,2026-08-07T12:36:00,926,0.776
P073,P039,CALLED,2026-08-08T19:37:00,73,0.845
P010,P070,CALLED,2026-08-09T02:38:00,1376,0.817
P027,P021,CALLED,2026-08-10T09:39:00,660,0.755
P044,P052,CALLED,2026-08-11T16:40:00,1746,0.781
P061,P003,CALLED,2026-08-12T23:41:00,553,0.761
P078,P034,CALLED,2026-08-13T06:42:00,1952,0.934
P015,P065,CALLED,2026-08-14T13:43:00,1142,0.952
P032,P016,CALLED,2026-08-15T20:44:00,1204,0.939
P049,P047,CALLED,2026-08-16T03:45:00,672,0.891
P066,P078,CALLED,2026-08-17T10:46:00,665,0.89
P003,P029,CALLED,2026-08-18T17:47:00,1560,0.83
P020,P060,CALLED,2026-08-19T00:48:00,1419,0.874
P037,P011,CALLED,2026-08-20T07:49:00,1736,0.841
P054,P042,CALLED,2026-08-21T14:50:00,2256,0.827
P071,P073,CALLED,2026-08-22T21:51:00,2246,0.78
P008,P024,CALLED,2026-08-23T04:52:00,812,0.935
P025,P055,CALLED,2026-08-24T11:53:00,2336,0.912
P042,P006,CALLED,2026-08-25T18:54:00,522,0.771
P059,P037,CALLED,2026-08-26T01:55:00,94,0.926
P076,P068,CALLED,2026-08-27T08:56:00,946,0.967
P013,P019,CALLED,2026-08-28T15:57:00,583,0.924
P030,P050,CALLED,2026-08-29T22:58:00,1266,0.798
P047,P001,CALLED,2026-08-30T05:59:00,2170,0.913
P064,P032,CALLED,2026-08-01T12:00:00,992,0.877
P001,P063,CALLED,2026-08-02T19:01:00,785,0.899
P018,P014,CALLED,2026-08-03T02:02:00,883,0.862
P035,P045,CALLED,2026-08-04T09:03:00,1903,0.891
P052,P076,CALLED,2026-08-05T16:04:00,1246,0.857
P069,P027,CALLED,2026-08-06T23:05:00,572,0.797
P006,P058,CALLED,2026-08-07T06:06:00,244,0.875
P023,P009,CALLED,2026-08-08T13:07:00,989,0.799
P040,P042,CALLED,2026-08-09T20:08:00,1161,0.786
P057,P071,CALLED,2026-08-10T03:09:00,1390,0.787
P074,P022,CALLED,2026-08-11T10:10:00,792,0.797
P011,P053,CALLED,2026-08-12T17:11:00,1938,0.975
P028,P004,CALLED,2026-08-13T00:12:00,1825,0.875
P045,P035,CALLED,2026-08-14T07:13:00,1668,0.892
P062,P066,CALLED,2026-08-15T14:14:00,1922,0.909
P079,P017,CALLED,2026-08-16T21:15:00,1139,0.948
P016,P048,CALLED,2026-08-17T04:16:00,1600,0.849
P033,P079,CALLED,2026-08-18T11:17:00,1990,0.813
P050,P030,CALLED,2026-08-19T18:18:00,427,0.908
P067,P061,CALLED,2026-08-20T01:19:00,1456,0.8
P004,P012,CALLED,2026-08-21T08:20:00,816,0.926
P021,P043,CALLED,2026-08-22T15:21:00,167,0.896
P038,P074,CALLED,2026-08-23T22:22:00,1711,0.977
P055,P025,CALLED,2026-08-24T05:23:00,548,0.941
P072,P056,CALLED,2026-08-25T12:24:00,163,0.796
P009,P007,CALLED,2026-08-26T19:25:00,2220,0.893
P026,P038,CALLED,2026-08-27T02:26:00,1691,0.832
P043,P069,CALLED,2026-08-28T09:27:00,213,0.773
P060,P020,CALLED,2026-08-29T16:28:00,2359,0.979
P077,P051,CALLED,2026-08-30T23:29:00,1863,0.805
P014,P002,CALLED,2026-08-01T06:30:00,2009,0.975
P031,P033,CALLED,2026-08-02T13:31:00,11,0.829
P048,P064,CALLED,2026-08-03T20:32:00,1648,0.978
P065,P015,CALLED,2026-08-04T03:33:00,1501,0.803
P002,P046,CALLED,2026-08-05T10:34:00,864,0.942
P019,P077,CALLED,2026-08-06T17:35:00,2067,0.776
P036,P028,CALLED,2026-08-07T00:36:00,943,0.887
P053,P059,CALLED,2026-08-08T07:37:00,1033,0.916
P070,P010,CALLED,2026-08-09T14:38:00,843,0.853
P007,P041,CALLED,2026-08-10T21:39:00,1506,0.762
P024,P072,CALLED,2026-08-11T04:40:00,1383,0.94
P041,P023,CALLED,2026-08-12T11:41:00,2029,0.961
P058,P054,CALLED,2026-08-13T18:42:00,1580,0.954
P075,P005,CALLED,2026-08-14T01:43:00,1538,0.898
P012,P036,CALLED,2026-08-15T08:44:00,308,0.935
P029,P067,CALLED,2026-08-16T15:45:00,971,0.875
P046,P018,CALLED,2026-08-17T22:46:00,1430,0.756
P063,P049,CALLED,2026-08-18T05:47:00,1642,0.9
P080,P002,CALLED,2026-08-19T12:48:00,174,0.912
P017,P031,CALLED,2026-08-20T19:49:00,1438,0.801
P034,P062,CALLED,2026-08-21T02:50:00,1576,0.828
P051,P013,CALLED,2026-08-22T09:51:00,535,0.774
P068,P044,CALLED,2026-08-23T16:52:00,565,0.838
P005,P075,CALLED,2026-08-24T23:53:00,1501,0.919
P022,P026,CALLED,2026-08-25T06:54:00,1226,0.756
P039,P057,CALLED,2026-08-26T13:55:00,615,0.914
P056,P008,CALLED,2026-08-27T20:56:00,1911,0.796
P073,P039,CALLED,2026-08-28T03:57:00,1286,0.908
P010,P070,CALLED,2026-08-29T10:58:00,1898,0.901
P027,P021,CALLED,2026-08-30T17:59:00,1511,0.848
P044,P052,CALLED,2026-08-01T00:00:00,1679,0.81
P061,P003,CALLED,2026-08-02T07:01:00,763,0.985
P078,P034,CALLED,2026-08-03T14:02:00,120,0.904
P015,P065,CALLED,2026-08-04T21:03:00,2163,0.9
P032,P016,CALLED,2026-08-05T04:04:00,709,0.754
P049,P047,CALLED,2026-08-06T11:05:00,562,0.821
P066,P078,CALLED,2026-08-07T18:06:00,2309,0.858
P003,P029,CALLED,2026-08-08T01:07:00,988,0.944
P020,P060,CALLED,2026-08-09T08:08:00,552,0.849
P037,P011,CALLED,2026-08-10T15:09:00,2239,0.773
P054,P042,CALLED,2026-08-11T22:10:00,412,0.935
P071,P073,CALLED,2026-08-12T05:11:00,1034,0.928
P008,P024,CALLED,2026-08-13T12:12:00,1930,0.987
P025,P055,CALLED,2026-08-14T19:13:00,654,0.931
P042,P006,CALLED,2026-08-15T02:14:00,1215,0.816
P059,P037,CALLED,2026-08-16T09:15:00,1568,0.967
P076,P068,CALLED,2026-08-17T16:16:00,527,0.826
P013,P019,CALLED,2026-08-18T23:17:00,1863,0.799
P030,P050,CALLED,2026-08-19T06:18:00,321,0.832
P047,P001,CALLED,2026-08-20T13:19:00,1932,0.919
P064,P032,CALLED,2026-08-21T20:20:00,2399,0.977
P001,P063,CALLED,2026-08-22T03:21:00,2023,0.971
P018,P014,CALLED,2026-08-23T10:22:00,1221,0.837
P035,P045,CALLED,2026-08-24T17:23:00,382,0.949
P052,P076,CALLED,2026-08-25T00:24:00,728,0.852
P069,P027,CALLED,2026-08-26T07:25:00,2098,0.984
P006,P058,CALLED,2026-08-27T14:26:00,1561,0.896
P023,P009,CALLED,2026-08-28T21:27:00,1164,0.97
P040,P042,CALLED,2026-08-29T04:28:00,324,0.984
P057,P071,CALLED,2026-08-30T11:29:00,352,0.766
P074,P022,CALLED,2026-08-01T18:30:00,2308,0.96
P011,P053,CALLED,2026-08-02T01:31:00,1468,0.766
P028,P004,CALLED,2026-08-03T08:32:00,2357,0.974
P045,P035,CALLED,2026-08-04T15:33:00,1579,0.957
P062,P066,CALLED,2026-08-05T22:34:00,2379,0.968
P079,P017,CALLED,2026-08-06T05:35:00,1338,0.942
P016,P048,CALLED,2026-08-07T12:36:00,964,0.827
P033,P079,CALLED,2026-08-08T19:37:00,963,0.967
P050,P030,CALLED,2026-08-09T02:38:00,752,0.86
P067,P061,CALLED,2026-08-10T09:39:00,370,0.907
P004,P012,CALLED,2026-08-11T16:40:00,2015,0.798
P021,P043,CALLED,2026-08-12T23:41:00,1718,0.834
P038,P074,CALLED,2026-08-13T06:42:00,844,0.983
P055,P025,CALLED,2026-08-14T13:43:00,1344,0.873
P072,P056,CALLED,2026-08-15T20:44:00,1525,0.844
P009,P007,CALLED,2026-08-16T03:45:00,532,0.953
P026,P038,CALLED,2026-08-17T10:46:00,747,0.776
P043,P069,CALLED,2026-08-18T17:47:00,128,0.981
P060,P020,CALLED,2026-08-19T00:48:00,1533,0.786
P077,P051,CALLED,2026-08-20T07:49:00,2184,0.945
P014,P002,CALLED,2026-08-21T14:50:00,1132,0.948
P031,P033,CALLED,2026-08-22T21:51:00,2022,0.906
P048,P064,CALLED,2026-08-23T04:52:00,2110,0.806
P065,P015,CALLED,2026-08-24T11:53:00,1831,0.881
P002,P046,CALLED,2026-08-25T18:54:00,534,0.914
P019,P077,CALLED,2026-08-26T01:55:00,1725,0.864
P036,P028,CALLED,2026-08-27T08:56:00,1851,0.922
P053,P059,CALLED,2026-08-28T15:57:00,1087,0.965
P070,P010,CALLED,2026-08-29T22:58:00,2041,0.948
P007,P041,CALLED,2026-08-30T05:59:00,75,0.922
P024,P072,CALLED,2026-08-01T12:00:00,847,0.872
P041,P023,CALLED,2026-08-02T19:01:00,1902,0.926
P058,P054,CALLED,2026-08-03T02:02:00,1630,0.942
P075,P005,CALLED,2026-08-04T09:03:00,1717,0.768
P012,P036,CALLED,2026-08-05T16:04:00,1794,0.845
P029,P067,CALLED,2026-08-06T23:05:00,1743,0.85
P046,P018,CALLED,2026-08-07T06:06:00,657,0.973
P063,P049,CALLED,2026-08-08T13:07:00,1207,0.949
P080,P002,CALLED,2026-08-09T20:08:00,2186,0.828
P017,P031,CALLED,2026-08-10T03:09:00,332,0.928
P034,P062,CALLED,2026-08-11T10:10:00,1431,0.806
P051,P013,CALLED,2026-08-12T17:11:00,2357,0.89
P068,P044,CALLED,2026-08-13T00:12:00,1250,0.782
P005,P075,CALLED,2026-08-14T07:13:00,296,0.909
P022,P026,CALLED,2026-08-15T14:14:00,2008,0.834
P039,P057,CALLED,2026-08-16T21:15:00,140,0.879
P056,P008,CALLED,2026-08-17T04:16:00,1393,0.852
P073,P039,CALLED,2026-08-18T11:17:00,1870,0.875
P010,P070,CALLED,2026-08-19T18:18:00,130,0.926
P027,P021,CALLED,2026-08-20T01:19:00,1206,0.755
P044,P052,CALLED,2026-08-21T08:20:00,265,0.761
P061,P003,CALLED,2026-08-22T15:21:00,1494,0.916
P078,P034,CALLED,2026-08-23T22:22:00,439,0.904
P015,P065,CALLED,2026-08-24T05:23:00,1907,0.869
P032,P016,CALLED,2026-08-25T12:24:00,1975,0.82
P049,P047,CALLED,2026-08-26T19:25:00,885,0.786
P066,P078,CALLED,2026-08-27T02:26:00,776,0.908
P003,P029,CALLED,2026-08-28T09:27:00,90,0.959
P020,P060,CALLED,2026-08-29T16:28:00,787,0.763
P037,P011,CALLED,2026-08-30T23:29:00,1179,0.949
P054,P042,CALLED,2026-08-01T06:30:00,2142,0.896
P071,P073,CALLED,2026-08-02T13:31:00,1172,0.965
P008,P024,CALLED,2026-08-03T20:32:00,963,0.895
P025,P055,CALLED,2026-08-04T03:33:00,89,0.917
P042,P006,CALLED,2026-08-05T10:34:00,297,0.859
P059,P037,CALLED,2026-08-06T17:35:00,265,0.875
P076,P068,CALLED,2026-08-07T00:36:00,1458,0.937
P013,P019,CALLED,2026-08-08T07:37:00,388,0.952
P030,P050,CALLED,2026-08-09T14:38:00,1703,0.936
P047,P001,CALLED,2026-08-10T21:39:00,631,0.815
P064,P032,CALLED,2026-08-11T04:40:00,268,0.949
P001,P063,CALLED,2026-08-12T11:41:00,1149,0.797
P018,P014,CALLED,2026-08-13T18:42:00,731,0.982
P035,P045,CALLED,2026-08-14T01:43:00,111,0.838
P052,P076,CALLED,2026-08-15T08:44:00,1173,0.777
P069,P027,CALLED,2026-08-16T15:45:00,461,0.758
P006,P058,CALLED,2026-08-17T22:46:00,1098,0.899
P023,P009,CALLED,2026-08-18T05:47:00,498,0.886
P040,P042,CALLED,2026-08-19T12:48:00,1974,0.822
P057,P071,CALLED,2026-08-20T19:49:00,1074,0.784
P074,P022,CALLED,2026-08-21T02:50:00,754,0.785
P011,P053,CALLED,2026-08-22T09:51:00,2162,0.834
P028,P004,CALLED,2026-08-23T16:52:00,907,0.865
P045,P035,CALLED,2026-08-24T23:53:00,238,0.972
P062,P066,CALLED,2026-08-25T06:54:00,699,0.941
P079,P017,CALLED,2026-08-26T13:55:00,293,0.896
P016,P048,CALLED,2026-08-27T20:56:00,901,0.758
P033,P079,CALLED,2026-08-28T03:57:00,2138,0.956
P050,P030,CALLED,2026-08-29T10:58:00,2079,0.972
P067,P061,CALLED,2026-08-30T17:59:00,2008,0.986
P004,P012,CALLED,2026-08-01T00:00:00,152,0.963
P021,P043,CALLED,2026-08-02T07:01:00,432,0.787
P038,P074,CALLED,2026-08-03T14:02:00,1977,0.845
P055,P025,CALLED,2026-08-04T21:03:00,1392,0.76
P072,P056,CALLED,2026-08-05T04:04:00,699,0.88
P009,P007,CALLED,2026-08-06T11:05:00,2030,0.867
P026,P038,CALLED,2026-08-07T18:06:00,539,0.973
P043,P069,CALLED,2026-08-08T01:07:00,868,0.868
P060,P020,CALLED,2026-08-09T08:08:00,585,0.932
P077,P051,CALLED,2026-08-10T15:09:00,1767,0.795
P014,P002,CALLED,2026-08-11T22:10:00,1809,0.876
P031,P033,CALLED,2026-08-12T05:11:00,1890,0.895
P048,P064,CALLED,2026-08-13T12:12:00,776,0.906
P065,P015,CALLED,2026-08-14T19:13:00,330,0.952
P002,P046,CALLED,2026-08-15T02:14:00,476,0.812
P019,P077,CALLED,2026-08-16T09:15:00,1638,0.893
P036,P028,CALLED,2026-08-17T16:16:00,1592,0.979
P053,P059,CALLED,2026-08-18T23:17:00,795,0.816
P070,P010,CALLED,2026-08-19T06:18:00,1110,0.803
P007,P041,CALLED,2026-08-20T13:19:00,1884,0.798
P024,P072,CALLED,2026-08-21T20:20:00,10,0.978
P041,P023,CALLED,2026-08-22T03:21:00,1435,0.975
P058,P054,CALLED,2026-08-23T10:22:00,1075,0.938
P075,P005,CALLED,2026-08-24T17:23:00,1718,0.87
P012,P036,CALLED,2026-08-25T00:24:00,518,0.96
P029,P067,CALLED,2026-08-26T07:25:00,270,0.792
P046,P018,CALLED,2026-08-27T14:26:00,256,0.981
P063,P049,CALLED,2026-08-28T21:27:00,1861,0.97
P080,P002,CALLED,2026-08-29T04:28:00,779,0.801
P017,P031,CALLED,2026-08-30T11:29:00,1377,0.92
P034,P062,CALLED,2026-08-01T18:30:00,1214,0.877
P051,P013,CALLED,2026-08-02T01:31:00,24,0.972
P068,P044,CALLED,2026-08-03T08:32:00,1093,0.971
P005,P075,CALLED,2026-08-04T15:33:00,1485,0.81
P022,P026,CALLED,2026-08-05T22:34:00,641,0.77
P039,P057,CALLED,2026-08-06T05:35:00,1176,0.911
P056,P008,CALLED,2026-08-07T12:36:00,88,0.808
P073,P039,CALLED,2026-08-08T19:37:00,995,0.878
P010,P070,CALLED,2026-08-09T02:38:00,765,0.893
P027,P021,CALLED,2026-08-10T09:39:00,389,0.958
P044,P052,CALLED,2026-08-11T16:40:00,1451,0.784
P061,P003,CALLED,2026-08-12T23:41:00,738,0.909
P078,P034,CALLED,2026-08-13T06:42:00,1400,0.957
P015,P065,CALLED,2026-08-14T13:43:00,1290,0.978
P032,P016,CALLED,2026-08-15T20:44:00,907,0.867
P049,P047,CALLED,2026-08-16T03:45:00,1336,0.857
P066,P078,CALLED,2026-08-17T10:46:00,188,0.784
P003,P029,CALLED,2026-08-18T17:47:00,2003,0.89
P020,P060,CALLED,2026-08-19T00:48:00,2304,0.783
P037,P011,CALLED,2026-08-20T07:49:00,829,0.969
P054,P042,CALLED,2026-08-21T14:50:00,949,0.974
P071,P073,CALLED,2026-08-22T21:51:00,698,0.789
P008,P024,CALLED,2026-08-23T04:52:00,1705,0.802
P025,P055,CALLED,2026-08-24T11:53:00,1831,0.881
P042,P006,CALLED,2026-08-25T18:54:00,586,0.799
P059,P037,CALLED,2026-08-26T01:55:00,1614,0.774
P076,P068,CALLED,2026-08-27T08:56:00,1158,0.776
P013,P019,CALLED,2026-08-28T15:57:00,2133,0.937
P030,P050,CALLED,2026-08-29T22:58:00,497,0.932
P047,P001,CALLED,2026-08-30T05:59:00,908,0.808
P064,P032,CALLED,2026-08-01T12:00:00,297,0.919
P001,P063,CALLED,2026-08-02T19:01:00,2090,0.957
P018,P014,CALLED,2026-08-03T02:02:00,1013,0.771
P035,P045,CALLED,2026-08-04T09:03:00,197,0.766
P052,P076,CALLED,2026-08-05T16:04:00,913,0.939
P069,P027,CALLED,2026-08-06T23:05:00,1303,0.859
P006,P058,CALLED,2026-08-07T06:06:00,1117,0.962
P023,P009,CALLED,2026-08-08T13:07:00,234,0.857
P040,P042,CALLED,2026-08-09T20:08:00,1171,0.782
P057,P071,CALLED,2026-08-10T03:09:00,1968,0.79
P074,P022,CALLED,2026-08-11T10:10:00,2056,0.781
P011,P053,CALLED,2026-08-12T17:11:00,791,0.81
P028,P004,CALLED,2026-08-13T00:12:00,829,0.942
P045,P035,CALLED,2026-08-14T07:13:00,1132,0.792
P062,P066,CALLED,2026-08-15T14:14:00,833,0.968
P079,P017,CALLED,2026-08-16T21:15:00,145,0.812
P016,P048,CALLED,2026-08-17T04:16:00,1556,0.802
P033,P079,CALLED,2026-08-18T11:17:00,1168,0.987
P050,P030,CALLED,2026-08-19T18:18:00,884,0.853
P067,P061,CALLED,2026-08-20T01:19:00,1211,0.929
P004,P012,CALLED,2026-08-21T08:20:00,1966,0.766
P021,P043,CALLED,2026-08-22T15:21:00,863,0.903
P038,P074,CALLED,2026-08-23T22:22:00,1209,0.757
P055,P025,CALLED,2026-08-24T05:23:00,203,0.955
P072,P056,CALLED,2026-08-25T12:24:00,1562,0.859
P009,P007,CALLED,2026-08-26T19:25:00,1391,0.944
P026,P038,CALLED,2026-08-27T02:26:00,2207,0.867
P043,P069,CALLED,2026-08-28T09:27:00,1330,0.953
P060,P020,CALLED,2026-08-29T16:28:00,2028,0.964
P077,P051,CALLED,2026-08-30T23:29:00,1541,0.87
P014,P002,CALLED,2026-08-01T06:30:00,616,0.919
P031,P033,CALLED,2026-08-02T13:31:00,1288,0.796
P048,P064,CALLED,2026-08-03T20:32:00,262,0.798
P065,P015,CALLED,2026-08-04T03:33:00,300,0.872
P002,P046,CALLED,2026-08-05T10:34:00,310,0.752
P019,P077,CALLED,2026-08-06T17:35:00,543,0.938
P036,P028,CALLED,2026-08-07T00:36:00,1246,0.817
P053,P059,CALLED,2026-08-08T07:37:00,329,0.8
P070,P010,CALLED,2026-08-09T14:38:00,2394,0.953
P007,P041,CALLED,2026-08-10T21:39:00,733,0.829
P024,P072,CALLED,2026-08-11T04:40:00,992,0.917
P041,P023,CALLED,2026-08-12T11:41:00,1896,0.986
P058,P054,CALLED,2026-08-13T18:42:00,1909,0.895
P075,P005,CALLED,2026-08-14T01:43:00,508,0.972
P012,P036,CALLED,2026-08-15T08:44:00,1417,0.89
P029,P067,CALLED,2026-08-16T15:45:00,1826,0.897
P046,P018,CALLED,2026-08-17T22:46:00,691,0.78
P063,P049,CALLED,2026-08-18T05:47:00,1822,0.967
P080,P002,CALLED,2026-08-19T12:48:00,1500,0.932
P017,P031,CALLED,2026-08-20T19:49:00,456,0.982
P034,P062,CALLED,2026-08-21T02:50:00,1703,0.859
P051,P013,CALLED,2026-08-22T09:51:00,1702,0.891
P068,P044,CALLED,2026-08-23T16:52:00,2247,0.83
P005,P075,CALLED,2026-08-24T23:53:00,339,0.839
P022,P026,CALLED,2026-08-25T06:54:00,1352,0.907
P039,P057,CALLED,2026-08-26T13:55:00,622,0.905
P056,P008,CALLED,2026-08-27T20:56:00,2057,0.862
P073,P039,CALLED,2026-08-28T03:57:00,1582,0.839
P010,P070,CALLED,2026-08-29T10:58:00,1151,0.88
P027,P021,CALLED,2026-08-30T17:59:00,844,0.973
P044,P052,CALLED,2026-08-01T00:00:00,1885,0.841
P061,P003,CALLED,2026-08-02T07:01:00,2291,0.831
P078,P034,CALLED,2026-08-03T14:02:00,1796,0.89
P015,P065,CALLED,2026-08-04T21:03:00,1172,0.77
P032,P016,CALLED,2026-08-05T04:04:00,2152,0.761
P049,P047,CALLED,2026-08-06T11:05:00,2294,0.884
P066,P078,CALLED,2026-08-07T18:06:00,2076,0.913
P003,P029,CALLED,2026-08-08T01:07:00,2045,0.811
P020,P060,CALLED,2026-08-09T08:08:00,1981,0.881
P037,P011,CALLED,2026-08-10T15:09:00,1468,0.882
P054,P042,CALLED,2026-08-11T22:10:00,1560,0.938
P071,P073,CALLED,2026-08-12T05:11:00,2087,0.857
P008,P024,CALLED,2026-08-13T12:12:00,1425,0.935
P025,P055,CALLED,2026-08-14T19:13:00,917,0.82
P042,P006,CALLED,2026-08-15T02:14:00,586,0.825
P059,P037,CALLED,2026-08-16T09:15:00,1555,0.861
P076,P068,CALLED,2026-08-17T16:16:00,1250,0.831
P013,P019,CALLED,2026-08-18T23:17:00,2282,0.927
P030,P050,CALLED,2026-08-19T06:18:00,897,0.975
P047,P001,CALLED,2026-08-20T13:19:00,1556,0.858
P064,P032,CALLED,2026-08-21T20:20:00,2269,0.772
P001,P063,CALLED,2026-08-22T03:21:00,2220,0.821
P018,P014,CALLED,2026-08-23T10:22:00,18,0.754
P035,P045,CALLED,2026-08-24T17:23:00,609,0.89
P052,P076,CALLED,2026-08-25T00:24:00,873,0.964
P069,P027,CALLED,2026-08-26T07:25:00,1636,0.801
P006,P058,CALLED,2026-08-27T14:26:00,344,0.91
P023,P009,CALLED,2026-08-28T21:27:00,2294,0.772
P040,P042,CALLED,2026-08-29T04:28:00,2030,0.852
P057,P071,CALLED,2026-08-30T11:29:00,19,0.885
P074,P022,CALLED,2026-08-01T18:30:00,888,0.955
P011,P053,CALLED,2026-08-02T01:31:00,1985,0.896
P028,P004,CALLED,2026-08-03T08:32:00,386,0.857
P045,P035,CALLED,2026-08-04T15:33:00,1191,0.829
P062,P066,CALLED,2026-08-05T22:34:00,650,0.943
P079,P017,CALLED,2026-08-06T05:35:00,1466,0.877
P016,P048,CALLED,2026-08-07T12:36:00,357,0.937
P033,P079,CALLED,2026-08-08T19:37:00,2380,0.798
P050,P030,CALLED,2026-08-09T02:38:00,263,0.933
P067,P061,CALLED,2026-08-10T09:39:00,1254,0.898
P004,P012,CALLED,2026-08-11T16:40:00,1708,0.776
P021,P043,CALLED,2026-08-12T23:41:00,1102,0.881
P038,P074,CALLED,2026-08-13T06:42:00,2035,0.839
P055,P025,CALLED,2026-08-14T13:43:00,297,0.904
P072,P056,CALLED,2026-08-15T20:44:00,2325,0.894
P009,P007,CALLED,2026-08-16T03:45:00,259,0.962
P026,P038,CALLED,2026-08-17T10:46:00,1798,0.808
P043,P069,CALLED,2026-08-18T17:47:00,2179,0.875
P060,P020,CALLED,2026-08-19T00:48:00,232,0.899
P077,P051,CALLED,2026-08-20T07:49:00,445,0.776
P014,P002,CALLED,2026-08-21T14:50:00,1618,0.808
P031,P033,CALLED,2026-08-22T21:51:00,2126,0.758
P048,P064,CALLED,2026-08-23T04:52:00,684,0.851
P065,P015,CALLED,2026-08-24T11:53:00,1781,0.907
P002,P046,CALLED,2026-08-25T18:54:00,179,0.784
P019,P077,CALLED,2026-08-26T01:55:00,1175,0.985
P036,P028,CALLED,2026-08-27T08:56:00,488,0.812
P053,P059,CALLED,2026-08-28T15:57:00,1995,0.821
P070,P010,CALLED,2026-08-29T22:58:00,1169,0.927
P007,P041,CALLED,2026-08-30T05:59:00,2149,0.902
P024,P072,CALLED,2026-08-01T12:00:00,16,0.961
P041,P023,CALLED,2026-08-02T19:01:00,618,0.836
P058,P054,CALLED,2026-08-03T02:02:00,904,0.805
P075,P005,CALLED,2026-08-04T09:03:00,152,0.903
P012,P036,CALLED,2026-08-05T16:04:00,968,0.756
P029,P067,CALLED,2026-08-06T23:05:00,430,0.929
P046,P018,CALLED,2026-08-07T06:06:00,2299,0.939
P063,P049,CALLED,2026-08-08T13:07:00,926,0.96
P080,P002,CALLED,2026-08-09T20:08:00,525,0.788
P017,P031,CALLED,2026-08-10T03:09:00,356,0.816
P034,P062,CALLED,2026-08-11T10:10:00,572,0.82
P051,P013,CALLED,2026-08-12T17:11:00,309,0.907
P068,P044,CALLED,2026-08-13T00:12:00,2210,0.946
P005,P075,CALLED,2026-08-14T07:13:00,576,0.866
P022,P026,CALLED,2026-08-15T14:14:00,1234,0.883
P039,P057,CALLED,2026-08-16T21:15:00,2380,0.928
P056,P008,CALLED,2026-08-17T04:16:00,1520,0.761
P073,P039,CALLED,2026-08-18T11:17:00,534,0.967
P010,P070,CALLED,2026-08-19T18:18:00,1944,0.837
P027,P021,CALLED,2026-08-20T01:19:00,1896,0.821
P044,P052,CALLED,2026-08-21T08:20:00,2142,0.865
P061,P003,CALLED,2026-08-22T15:21:00,1606,0.757
P078,P034,CALLED,2026-08-23T22:22:00,1693,0.824
P015,P065,CALLED,2026-08-24T05:23:00,1333,0.982
P032,P016,CALLED,2026-08-25T12:24:00,816,0.862
P049,P047,CALLED,2026-08-26T19:25:00,2317,0.919
P066,P078,CALLED,2026-08-27T02:26:00,845,0.827
P003,P029,CALLED,2026-08-28T09:27:00,733,0.975
P020,P060,CALLED,2026-08-29T16:28:00,1761,0.776
P037,P011,CALLED,2026-08-30T23:29:00,89,0.805
P054,P042,CALLED,2026-08-01T06:30:00,2296,0.817
P071,P073,CALLED,2026-08-02T13:31:00,1978,0.812
P008,P024,CALLED,2026-08-03T20:32:00,1416,0.868
P025,P055,CALLED,2026-08-04T03:33:00,504,0.887
P042,P006,CALLED,2026-08-05T10:34:00,749,0.87
P059,P037,CALLED,2026-08-06T17:35:00,2390,0.911
P076,P068,CALLED,2026-08-07T00:36:00,1322,0.97
P013,P019,CALLED,2026-08-08T07:37:00,10,0.952
P030,P050,CALLED,2026-08-09T14:38:00,526,0.948
P047,P001,CALLED,2026-08-10T21:39:00,1638,0.785
P064,P032,CALLED,2026-08-11T04:40:00,598,0.892
P001,P063,CALLED,2026-08-12T11:41:00,1863,0.928
P018,P014,CALLED,2026-08-13T18:42:00,349,0.831
P035,P045,CALLED,2026-08-14T01:43:00,829,0.771
P052,P076,CALLED,2026-08-15T08:44:00,564,0.99
P069,P027,CALLED,2026-08-16T15:45:00,319,0.881
P006,P058,CALLED,2026-08-17T22:46:00,1340,0.955
P023,P009,CALLED,2026-08-18T05:47:00,50,0.773
P040,P042,CALLED,2026-08-19T12:48:00,1343,0.938
P057,P071,CALLED,2026-08-20T19:49:00,440,0.853
P074,P022,CALLED,2026-08-21T02:50:00,1215,0.776
P011,P053,CALLED,2026-08-22T09:51:00,1864,0.811
P028,P004,CALLED,2026-08-23T16:52:00,1972,0.821
P045,P035,CALLED,2026-08-24T23:53:00,1719,0.845
P062,P066,CALLED,2026-08-25T06:54:00,122,0.839
P079,P017,CALLED,2026-08-26T13:55:00,1489,0.866
P016,P048,CALLED,2026-08-27T20:56:00,996,0.982
P033,P079,CALLED,2026-08-28T03:57:00,598,0.932
P050,P030,CALLED,2026-08-29T10:58:00,1975,0.864
P067,P061,CALLED,2026-08-30T17:59:00,1448,0.831
P004,P012,CALLED,2026-08-01T00:00:00,1494,0.828
P021,P043,CALLED,2026-08-02T07:01:00,2272,0.952
P038,P074,CALLED,2026-08-03T14:02:00,913,0.77
P055,P025,CALLED,2026-08-04T21:03:00,696,0.865
P072,P056,CALLED,2026-08-05T04:04:00,2003,0.971
P009,P007,CALLED,2026-08-06T11:05:00,1791,0.758
P026,P038,CALLED,2026-08-07T18:06:00,2325,0.761
P043,P069,CALLED,2026-08-08T01:07:00,1838,0.857
P060,P020,CALLED,2026-08-09T08:08:00,845,0.924
P077,P051,CALLED,2026-08-10T15:09:00,1379,0.815
P014,P002,CALLED,2026-08-11T22:10:00,1534,0.77
P031,P033,CALLED,2026-08-12T05:11:00,2376,0.79
P048,P064,CALLED,2026-08-13T12:12:00,1870,0.914
P065,P015,CALLED,2026-08-14T19:13:00,831,0.943
P002,P046,CALLED,2026-08-15T02:14:00,1274,0.807
P019,P077,CALLED,2026-08-16T09:15:00,1373,0.867
P036,P028,CALLED,2026-08-17T16:16:00,2328,0.894
P053,P059,CALLED,2026-08-18T23:17:00,10,0.947
P070,P010,CALLED,2026-08-19T06:18:00,165,0.952
P007,P041,CALLED,2026-08-20T13:19:00,1293,0.848
P024,P072,CALLED,2026-08-21T20:20:00,1750,0.808
P041,P023,CALLED,2026-08-22T03:21:00,980,0.777
P058,P054,CALLED,2026-08-23T10:22:00,1251,0.918
P075,P005,CALLED,2026-08-24T17:23:00,636,0.821
P012,P036,CALLED,2026-08-25T00:24:00,773,0.859
P029,P067,CALLED,2026-08-26T07:25:00,2261,0.776
P046,P018,CALLED,2026-08-27T14:26:00,1760,0.847
P063,P049,CALLED,2026-08-28T21:27:00,1446,0.887
P080,P002,CALLED,2026-08-29T04:28:00,2288,0.937
P017,P031,CALLED,2026-08-30T11:29:00,1807,0.876
P034,P062,CALLED,2026-08-01T18:30:00,273,0.925
P051,P013,CALLED,2026-08-02T01:31:00,1888,0.782
P068,P044,CALLED,2026-08-03T08:32:00,1801,0.876
P005,P075,CALLED,2026-08-04T15:33:00,1091,0.936
P022,P026,CALLED,2026-08-05T22:34:00,1615,0.808
P039,P057,CALLED,2026-08-06T05:35:00,1459,0.754
P056,P008,CALLED,2026-08-07T12:36:00,20,0.814
P073,P039,CALLED,2026-08-08T19:37:00,156,0.907
P010,P070,CALLED,2026-08-09T02:38:00,1295,0.837
P027,P021,CALLED,2026-08-10T09:39:00,2400,0.912
P044,P052,CALLED,2026-08-11T16:40:00,2031,0.956
P061,P003,CALLED,2026-08-12T23:41:00,628,0.971
P078,P034,CALLED,2026-08-13T06:42:00,872,0.851
P015,P065,CALLED,2026-08-14T13:43:00,565,0.803
P032,P016,CALLED,2026-08-15T20:44:00,1416,0.971
P049,P047,CALLED,2026-08-16T03:45:00,1984,0.977
P066,P078,CALLED,2026-08-17T10:46:00,1679,0.933
P003,P029,CALLED,2026-08-18T17:47:00,1377,0.885
P020,P060,CALLED,2026-08-19T00:48:00,1870,0.834
P037,P011,CALLED,2026-08-20T07:49:00,1329,0.837
P054,P042,CALLED,2026-08-21T14:50:00,533,0.891
P071,P073,CALLED,2026-08-22T21:51:00,807,0.92
P008,P024,CALLED,2026-08-23T04:52:00,970,0.815
P025,P055,CALLED,2026-08-24T11:53:00,2294,0.847
P042,P006,CALLED,2026-08-25T18:54:00,1190,0.979
P059,P037,CALLED,2026-08-26T01:55:00,982,0.969
P076,P068,CALLED,2026-08-27T08:56:00,1384,0.908
P013,P019,CALLED,2026-08-28T15:57:00,2152,0.818
P030,P050,CALLED,2026-08-29T22:58:00,676,0.965
P047,P001,CALLED,2026-08-30T05:59:00,1745,0.974
P064,P032,CALLED,2026-08-01T12:00:00,1593,0.927
P001,P063,CALLED,2026-08-02T19:01:00,1078,0.878
P018,P014,CALLED,2026-08-03T02:02:00,1405,0.921
P035,P045,CALLED,2026-08-04T09:03:00,1970,0.87
P052,P076,CALLED,2026-08-05T16:04:00,208,0.938
P069,P027,CALLED,2026-08-06T23:05:00,867,0.979
P006,P058,CALLED,2026-08-07T06:06:00,2259,0.877
P023,P009,CALLED,2026-08-08T13:07:00,2063,0.798
P040,P042,CALLED,2026-08-09T20:08:00,1704,0.911
P057,P071,CALLED,2026-08-10T03:09:00,18,0.916
P074,P022,CALLED,2026-08-11T10:10:00,987,0.866
P011,P053,CALLED,2026-08-12T17:11:00,2235,0.786
P028,P004,CALLED,2026-08-13T00:12:00,1172,0.779
P045,P035,CALLED,2026-08-14T07:13:00,2327,0.975
P062,P066,CALLED,2026-08-15T14:14:00,2396,0.9
P079,P017,CALLED,2026-08-16T21:15:00,1928,0.902
P016,P048,CALLED,2026-08-17T04:16:00,1633,0.777
P033,P079,CALLED,2026-08-18T11:17:00,972,0.858
P050,P030,CALLED,2026-08-19T18:18:00,2283,0.878
P067,P061,CALLED,2026-08-20T01:19:00,1538,0.939
P004,P012,CALLED,2026-08-21T08:20:00,1463,0.808
P021,P043,CALLED,2026-08-22T15:21:00,1565,0.921
P038,P074,CALLED,2026-08-23T22:22:00,1414,0.967
P055,P025,CALLED,2026-08-24T05:23:00,816,0.948
P072,P056,CALLED,2026-08-25T12:24:00,607,0.781
P009,P007,CALLED,2026-08-26T19:25:00,1051,0.95
P026,P038,CALLED,2026-08-27T02:26:00,2152,0.814
P043,P069,CALLED,2026-08-28T09:27:00,1873,0.937
P060,P020,CALLED,2026-08-29T16:28:00,1558,0.842
P077,P051,CALLED,2026-08-30T23:29:00,1935,0.833
P014,P002,CALLED,2026-08-01T06:30:00,374,0.965
P031,P033,CALLED,2026-08-02T13:31:00,2362,0.934
P048,P064,CALLED,2026-08-03T20:32:00,638,0.832
P065,P015,CALLED,2026-08-04T03:33:00,1533,0.97
P002,P046,CALLED,2026-08-05T10:34:00,1068,0.802
P019,P077,CALLED,2026-08-06T17:35:00,1448,0.912
P036,P028,CALLED,2026-08-07T00:36:00,1264,0.914
P053,P059,CALLED,2026-08-08T07:37:00,493,0.906
P070,P010,CALLED,2026-08-09T14:38:00,934,0.81
P007,P041,CALLED,2026-08-10T21:39:00,470,0.915
P024,P072,CALLED,2026-08-11T04:40:00,1054,0.897
P041,P023,CALLED,2026-08-12T11:41:00,1943,0.989
P058,P054,CALLED,2026-08-13T18:42:00,2017,0.769
P075,P005,CALLED,2026-08-14T01:43:00,902,0.862
P012,P036,CALLED,2026-08-15T08:44:00,2120,0.873
P029,P067,CALLED,2026-08-16T15:45:00,441,0.803
P046,P018,CALLED,2026-08-17T22:46:00,1187,0.762
P063,P049,CALLED,2026-08-18T05:47:00,523,0.856
P080,P002,CALLED,2026-08-19T12:48:00,1535,0.764
P017,P031,CALLED,2026-08-20T19:49:00,95,0.856
P034,P062,CALLED,2026-08-21T02:50:00,2025,0.839
P051,P013,CALLED,2026-08-22T09:51:00,1457,0.877
P068,P044,CALLED,2026-08-23T16:52:00,1633,0.962
P005,P075,CALLED,2026-08-24T23:53:00,1813,0.798
P022,P026,CALLED,2026-08-25T06:54:00,413,0.868
P039,P057,CALLED,2026-08-26T13:55:00,1309,0.836
P056,P008,CALLED,2026-08-27T20:56:00,31,0.841
P073,P039,CALLED,2026-08-28T03:57:00,1306,0.786
P010,P070,CALLED,2026-08-29T10:58:00,768,0.881
P027,P021,CALLED,2026-08-30T17:59:00,1134,0.892
P044,P052,CALLED,2026-08-01T00:00:00,298,0.954
P061,P003,CALLED,2026-08-02T07:01:00,536,0.959
P078,P034,CALLED,2026-08-03T14:02:00,2361,0.84
P015,P065,CALLED,2026-08-04T21:03:00,2214,0.941
P032,P016,CALLED,2026-08-05T04:04:00,2370,0.752
P049,P047,CALLED,2026-08-06T11:05:00,772,0.869
P066,P078,CALLED,2026-08-07T18:06:00,1542,0.956
P003,P029,CALLED,2026-08-08T01:07:00,1196,0.91
P020,P060,CALLED,2026-08-09T08:08:00,2263,0.79
P037,P011,CALLED,2026-08-10T15:09:00,83,0.975
P054,P042,CALLED,2026-08-11T22:10:00,384,0.834
P071,P073,CALLED,2026-08-12T05:11:00,1677,0.972
P008,P024,CALLED,2026-08-13T12:12:00,2229,0.984
P025,P055,CALLED,2026-08-14T19:13:00,444,0.797
P042,P006,CALLED,2026-08-15T02:14:00,1443,0.955
P059,P037,CALLED,2026-08-16T09:15:00,483,0.752
P076,P068,CALLED,2026-08-17T16:16:00,2298,0.977
P013,P019,CALLED,2026-08-18T23:17:00,2056,0.904
P030,P050,CALLED,2026-08-19T06:18:00,1849,0.82
P047,P001,CALLED,2026-08-20T13:19:00,676,0.753
P064,P032,CALLED,2026-08-21T20:20:00,938,0.809
P001,P063,CALLED,2026-08-22T03:21:00,1260,0.795
P018,P014,CALLED,2026-08-23T10:22:00,445,0.801
P035,P045,CALLED,2026-08-24T17:23:00,748,0.906
P052,P076,CALLED,2026-08-25T00:24:00,505,0.842
P069,P027,CALLED,2026-08-26T07:25:00,1246,0.92
P006,P058,CALLED,2026-08-27T14:26:00,713,0.932
P023,P009,CALLED,2026-08-28T21:27:00,1283,0.867
P040,P042,CALLED,2026-08-29T04:28:00,228,0.912
P057,P071,CALLED,2026-08-30T11:29:00,1226,0.945
P074,P022,CALLED,2026-08-01T18:30:00,1267,0.98
P011,P053,CALLED,2026-08-02T01:31:00,446,0.798
P028,P004,CALLED,2026-08-03T08:32:00,2349,0.927
P045,P035,CALLED,2026-08-04T15:33:00,345,0.891
P062,P066,CALLED,2026-08-05T22:34:00,1036,0.777
P079,P017,CALLED,2026-08-06T05:35:00,401,0.809
P016,P048,CALLED,2026-08-07T12:36:00,1472,0.819
P033,P079,CALLED,2026-08-08T19:37:00,1124,0.901
P050,P030,CALLED,2026-08-09T02:38:00,52,0.848
P067,P061,CALLED,2026-08-10T09:39:00,2384,0.759
P004,P012,CALLED,2026-08-11T16:40:00,86,0.901
P021,P043,CALLED,2026-08-12T23:41:00,2389,0.948
P038,P074,CALLED,2026-08-13T06:42:00,1997,0.935
P055,P025,CALLED,2026-08-14T13:43:00,1983,0.852
P072,P056,CALLED,2026-08-15T20:44:00,1584,0.818
P009,P007,CALLED,2026-08-16T03:45:00,1280,0.775
P026,P038,CALLED,2026-08-17T10:46:00,1898,0.967
P043,P069,CALLED,2026-08-18T17:47:00,1502,0.855
P060,P020,CALLED,2026-08-19T00:48:00,1409,0.99
P077,P051,CALLED,2026-08-20T07:49:00,2122,0.797
P014,P002,CALLED,2026-08-21T14:50:00,1276,0.865
P031,P033,CALLED,2026-08-22T21:51:00,830,0.764
P048,P064,CALLED,2026-08-23T04:52:00,1918,0.826
P065,P015,CALLED,2026-08-24T11:53:00,1574,0.781
P002,P046,CALLED,2026-08-25T18:54:00,1738,0.831
P019,P077,CALLED,2026-08-26T01:55:00,2023,0.908
P036,P028,CALLED,2026-08-27T08:56:00,1676,0.952
P053,P059,CALLED,2026-08-28T15:57:00,1052,0.793
P070,P010,CALLED,2026-08-29T22:58:00,583,0.859
P007,P041,CALLED,2026-08-30T05:59:00,180,0.788
P024,P072,CALLED,2026-08-01T12:00:00,210,0.845
P041,P023,CALLED,2026-08-02T19:01:00,2122,0.807
P058,P054,CALLED,2026-08-03T02:02:00,366,0.792
P075,P005,CALLED,2026-08-04T09:03:00,921,0.778
P012,P036,CALLED,2026-08-05T16:04:00,622,0.859
P029,P067,CALLED,2026-08-06T23:05:00,2175,0.862
P046,P018,CALLED,2026-08-07T06:06:00,45,0.963
P063,P049,CALLED,2026-08-08T13:07:00,95,0.893
P080,P002,CALLED,2026-08-09T20:08:00,1169,0.77
P017,P031,CALLED,2026-08-10T03:09:00,1806,0.917
P034,P062,CALLED,2026-08-11T10:10:00,129,0.946
P051,P013,CALLED,2026-08-12T17:11:00,2289,0.8
P068,P044,CALLED,2026-08-13T00:12:00,1135,0.802
P005,P075,CALLED,2026-08-14T07:13:00,2212,0.842
P022,P026,CALLED,2026-08-15T14:14:00,303,0.796
P039,P057,CALLED,2026-08-16T21:15:00,1818,0.897
P056,P008,CALLED,2026-08-17T04:16:00,1751,0.894
P073,P039,CALLED,2026-08-18T11:17:00,1897,0.811
P010,P070,CALLED,2026-08-19T18:18:00,336,0.815
P027,P021,CALLED,2026-08-20T01:19:00,1137,0.964
P044,P052,CALLED,2026-08-21T08:20:00,82,0.957
P061,P003,CALLED,2026-08-22T15:21:00,2060,0.838
P078,P034,CALLED,2026-08-23T22:22:00,1656,0.968
P015,P065,CALLED,2026-08-24T05:23:00,1433,0.787
P032,P016,CALLED,2026-08-25T12:24:00,942,0.856
P049,P047,CALLED,2026-08-26T19:25:00,758,0.938
P066,P078,CALLED,2026-08-27T02:26:00,1214,0.909
P003,P029,CALLED,2026-08-28T09:27:00,1951,0.955
P020,P060,CALLED,2026-08-29T16:28:00,2282,0.97
P037,P011,CALLED,2026-08-30T23:29:00,819,0.778
P054,P042,CALLED,2026-08-01T06:30:00,747,0.806
P071,P073,CALLED,2026-08-02T13:31:00,935,0.921
P008,P024,CALLED,2026-08-03T20:32:00,1470,0.91
P025,P055,CALLED,2026-08-04T03:33:00,433,0.939
P042,P006,CALLED,2026-08-05T10:34:00,732,0.803
P059,P037,CALLED,2026-08-06T17:35:00,781,0.986
P076,P068,CALLED,2026-08-07T00:36:00,1373,0.789
P013,P019,CALLED,2026-08-08T07:37:00,1102,0.855
P030,P050,CALLED,2026-08-09T14:38:00,750,0.965
P047,P001,CALLED,2026-08-10T21:39:00,2296,0.919
P064,P032,CALLED,2026-08-11T04:40:00,1381,0.882
P001,P063,CALLED,2026-08-12T11:41:00,856,0.982
P018,P014,CALLED,2026-08-13T18:42:00,1953,0.777
P035,P045,CALLED,2026-08-14T01:43:00,1310,0.782
P052,P076,CALLED,2026-08-15T08:44:00,914,0.752
P069,P027,CALLED,2026-08-16T15:45:00,1395,0.986
P006,P058,CALLED,2026-08-17T22:46:00,1283,0.859
P023,P009,CALLED,2026-08-18T05:47:00,1279,0.841
P040,P042,CALLED,2026-08-19T12:48:00,120,0.83
P057,P071,CALLED,2026-08-20T19:49:00,2291,0.869
P074,P022,CALLED,2026-08-21T02:50:00,46,0.779
P011,P053,CALLED,2026-08-22T09:51:00,159,0.887
P028,P004,CALLED,2026-08-23T16:52:00,2119,0.879
P045,P035,CALLED,2026-08-24T23:53:00,1013,0.77
P062,P066,CALLED,2026-08-25T06:54:00,1383,0.794
P079,P017,CALLED,2026-08-26T13:55:00,1988,0.789
P016,P048,CALLED,2026-08-27T20:56:00,153,0.768
P033,P079,CALLED,2026-08-28T03:57:00,2157,0.87
P050,P030,CALLED,2026-08-29T10:58:00,907,0.94
P067,P061,CALLED,2026-08-30T17:59:00,1665,0.889
P004,P012,CALLED,2026-08-01T00:00:00,727,0.904
P021,P043,CALLED,2026-08-02T07:01:00,299,0.801
P038,P074,CALLED,2026-08-03T14:02:00,1130,0.974
P055,P025,CALLED,2026-08-04T21:03:00,766,0.922
P072,P056,CALLED,2026-08-05T04:04:00,1470,0.954
P009,P007,CALLED,2026-08-06T11:05:00,1874,0.955
P026,P038,CALLED,2026-08-07T18:06:00,2123,0.949
P043,P069,CALLED,2026-08-08T01:07:00,1939,0.81
P060,P020,CALLED,2026-08-09T08:08:00,2167,0.778
P077,P051,CALLED,2026-08-10T15:09:00,2376,0.972
P014,P002,CALLED,2026-08-11T22:10:00,2180,0.876
P031,P033,CALLED,2026-08-12T05:11:00,2160,0.787
P048,P064,CALLED,2026-08-13T12:12:00,940,0.907
P065,P015,CALLED,2026-08-14T19:13:00,145,0.821
P002,P046,CALLED,2026-08-15T02:14:00,804,0.757
P019,P077,CALLED,2026-08-16T09:15:00,1026,0.828
P036,P028,CALLED,2026-08-17T16:16:00,2032,0.849
P053,P059,CALLED,2026-08-18T23:17:00,1104,0.854
P070,P010,CALLED,2026-08-19T06:18:00,1481,0.757
P007,P041,CALLED,2026-08-20T13:19:00,1311,0.789
P024,P072,CALLED,2026-08-21T20:20:00,1205,0.964
P041,P023,CALLED,2026-08-22T03:21:00,907,0.919
P058,P054,CALLED,2026-08-23T10:22:00,222,0.762
P075,P005,CALLED,2026-08-24T17:23:00,691,0.961
P012,P036,CALLED,2026-08-25T00:24:00,119,0.781
P029,P067,CALLED,2026-08-26T07:25:00,1908,0.872
P046,P018,CALLED,2026-08-27T14:26:00,951,0.928
P063,P049,CALLED,2026-08-28T21:27:00,742,0.866
P080,P002,CALLED,2026-08-29T04:28:00,1108,0.89
P017,P031,CALLED,2026-08-30T11:29:00,537,0.97
P034,P062,CALLED,2026-08-01T18:30:00,967,0.838
P051,P013,CALLED,2026-08-02T01:31:00,2133,0.972
P068,P044,CALLED,2026-08-03T08:32:00,1347,0.971
P005,P075,CALLED,2026-08-04T15:33:00,2126,0.853
P022,P026,CALLED,2026-08-05T22:34:00,1824,0.791
P039,P057,CALLED,2026-08-06T05:35:00,376,0.888
P056,P008,CALLED,2026-08-07T12:36:00,1308,0.816
P073,P039,CALLED,2026-08-08T19:37:00,655,0.899
P010,P070,CALLED,2026-08-09T02:38:00,585,0.771
P027,P021,CALLED,2026-08-10T09:39:00,1384,0.842
P044,P052,CALLED,2026-08-11T16:40:00,1463,0.938
P061,P003,CALLED,2026-08-12T23:41:00,1742,0.91
P078,P034,CALLED,2026-08-13T06:42:00,1297,0.754
P015,P065,CALLED,2026-08-14T13:43:00,765,0.81
P032,P016,CALLED,2026-08-15T20:44:00,1085,0.976
P049,P047,CALLED,2026-08-16T03:45:00,1447,0.771
P066,P078,CALLED,2026-08-17T10:46:00,2297,0.851
P003,P029,CALLED,2026-08-18T17:47:00,766,0.868
P020,P060,CALLED,2026-08-19T00:48:00,2328,0.884
P037,P011,CALLED,2026-08-20T07:49:00,1568,0.943
P054,P042,CALLED,2026-08-21T14:50:00,1344,0.774
P071,P073,CALLED,2026-08-22T21:51:00,1286,0.989
P008,P024,CALLED,2026-08-23T04:52:00,1939,0.834
P025,P055,CALLED,2026-08-24T11:53:00,706,0.924
P042,P006,CALLED,2026-08-25T18:54:00,591,0.871
P059,P037,CALLED,2026-08-26T01:55:00,449,0.832
P076,P068,CALLED,2026-08-27T08:56:00,1153,0.787
P013,P019,CALLED,2026-08-28T15:57:00,933,0.983
P030,P050,CALLED,2026-08-29T22:58:00,1172,0.957
P047,P001,CALLED,2026-08-30T05:59:00,632,0.927
P064,P032,CALLED,2026-08-01T12:00:00,64,0.857
P001,P063,CALLED,2026-08-02T19:01:00,714,0.923
P018,P014,CALLED,2026-08-03T02:02:00,921,0.942
P035,P045,CALLED,2026-08-04T09:03:00,601,0.902
P052,P076,CALLED,2026-08-05T16:04:00,2043,0.855
P069,P027,CALLED,2026-08-06T23:05:00,2343,0.903
P006,P058,CALLED,2026-08-07T06:06:00,876,0.872
P023,P009,CALLED,2026-08-08T13:07:00,595,0.815
P040,P042,CALLED,2026-08-09T20:08:00,1513,0.951
P057,P071,CALLED,2026-08-10T03:09:00,1367,0.765
P074,P022,CALLED,2026-08-11T10:10:00,217,0.821
P011,P053,CALLED,2026-08-12T17:11:00,415,0.95
P028,P004,CALLED,2026-08-13T00:12:00,1260,0.779
P045,P035,CALLED,2026-08-14T07:13:00,730,0.802
P062,P066,CALLED,2026-08-15T14:14:00,683,0.894
P079,P017,CALLED,2026-08-16T21:15:00,1530,0.754
P016,P048,CALLED,2026-08-17T04:16:00,1708,0.944
P033,P079,CALLED,2026-08-18T11:17:00,818,0.815
P050,P030,CALLED,2026-08-19T18:18:00,1975,0.869
P067,P061,CALLED,2026-08-20T01:19:00,237,0.888
P004,P012,CALLED,2026-08-21T08:20:00,105,0.811
P021,P043,CALLED,2026-08-22T15:21:00,726,0.84
P038,P074,CALLED,2026-08-23T22:22:00,2342,0.903
P055,P025,CALLED,2026-08-24T05:23:00,96,0.877
P072,P056,CALLED,2026-08-25T12:24:00,813,0.828
P009,P007,CALLED,2026-08-26T19:25:00,2376,0.907
P026,P038,CALLED,2026-08-27T02:26:00,596,0.953
P043,P069,CALLED,2026-08-28T09:27:00,712,0.781
P060,P020,CALLED,2026-08-29T16:28:00,2178,0.906
P077,P051,CALLED,2026-08-30T23:29:00,1601,0.9
P014,P002,CALLED,2026-08-01T06:30:00,368,0.782
P031,P033,CALLED,2026-08-02T13:31:00,452,0.819
P048,P064,CALLED,2026-08-03T20:32:00,231,0.95
P065,P015,CALLED,2026-08-04T03:33:00,1573,0.943
P002,P046,CALLED,2026-08-05T10:34:00,2397,0.956
P019,P077,CALLED,2026-08-06T17:35:00,1696,0.76
P036,P028,CALLED,2026-08-07T00:36:00,359,0.901
P053,P059,CALLED,2026-08-08T07:37:00,811,0.938
P070,P010,CALLED,2026-08-09T14:38:00,1736,0.922
P007,P041,CALLED,2026-08-10T21:39:00,967,0.941
P024,P072,CALLED,2026-08-11T04:40:00,869,0.972
P041,P023,CALLED,2026-08-12T11:41:00,522,0.915
P058,P054,CALLED,2026-08-13T18:42:00,157,0.979
P075,P005,CALLED,2026-08-14T01:43:00,68,0.77
P012,P036,CALLED,2026-08-15T08:44:00,586,0.795
P029,P067,CALLED,2026-08-16T15:45:00,1054,0.767
P046,P018,CALLED,2026-08-17T22:46:00,1097,0.805
P063,P049,CALLED,2026-08-18T05:47:00,1958,0.978
P080,P002,CALLED,2026-08-19T12:48:00,2142,0.803
P017,P031,CALLED,2026-08-20T19:49:00,1585,0.878
P034,P062,CALLED,2026-08-21T02:50:00,1710,0.795
P051,P013,CALLED,2026-08-22T09:51:00,494,0.766
P068,P044,CALLED,2026-08-23T16:52:00,1031,0.781
P005,P075,CALLED,2026-08-24T23:53:00,1867,0.853
P022,P026,CALLED,2026-08-25T06:54:00,1634,0.969
P039,P057,CALLED,2026-08-26T13:55:00,1649,0.842
P056,P008,CALLED,2026-08-27T20:56:00,1366,0.952
P073,P039,CALLED,2026-08-28T03:57:00,1606,0.752
P010,P070,CALLED,2026-08-29T10:58:00,894,0.853
P027,P021,CALLED,2026-08-30T17:59:00,1508,0.944
P044,P052,CALLED,2026-08-01T00:00:00,1627,0.932
P061,P003,CALLED,2026-08-02T07:01:00,1165,0.931
P078,P034,CALLED,2026-08-03T14:02:00,1645,0.903
P015,P065,CALLED,2026-08-04T21:03:00,2240,0.835
P032,P016,CALLED,2026-08-05T04:04:00,801,0.923
P049,P047,CALLED,2026-08-06T11:05:00,2323,0.977
P066,P078,CALLED,2026-08-07T18:06:00,2343,0.947
P003,P029,CALLED,2026-08-08T01:07:00,1799,0.828
P020,P060,CALLED,2026-08-09T08:08:00,1312,0.752
P037,P011,CALLED,2026-08-10T15:09:00,415,0.95
P054,P042,CALLED,2026-08-11T22:10:00,1554,0.871
P071,P073,CALLED,2026-08-12T05:11:00,987,0.891
P008,P024,CALLED,2026-08-13T12:12:00,2129,0.879
P025,P055,CALLED,2026-08-14T19:13:00,1150,0.808
P042,P006,CALLED,2026-08-15T02:14:00,257,0.94
P059,P037,CALLED,2026-08-16T09:15:00,2279,0.97
P076,P068,CALLED,2026-08-17T16:16:00,1098,0.781
P013,P019,CALLED,2026-08-18T23:17:00,1350,0.787
P030,P050,CALLED,2026-08-19T06:18:00,140,0.88
P047,P001,CALLED,2026-08-20T13:19:00,224,0.972
P064,P032,CALLED,2026-08-21T20:20:00,1857,0.899
P001,P063,CALLED,2026-08-22T03:21:00,166,0.767
P018,P014,CALLED,2026-08-23T10:22:00,688,0.893
P035,P045,CALLED,2026-08-24T17:23:00,48,0.752
P052,P076,CALLED,2026-08-25T00:24:00,732,0.776
P069,P027,CALLED,2026-08-26T07:25:00,11,0.853
P006,P058,CALLED,2026-08-27T14:26:00,1510,0.908
P023,P009,CALLED,2026-08-28T21:27:00,1908,0.835
P040,P042,CALLED,2026-08-29T04:28:00,522,0.983
P057,P071,CALLED,2026-08-30T11:29:00,1542,0.832
P074,P022,CALLED,2026-08-01T18:30:00,1487,0.914
P011,P053,CALLED,2026-08-02T01:31:00,1033,0.77
P028,P004,CALLED,2026-08-03T08:32:00,75,0.983
P045,P035,CALLED,2026-08-04T15:33:00,1600,0.959
P062,P066,CALLED,2026-08-05T22:34:00,197,0.917
P079,P017,CALLED,2026-08-06T05:35:00,1747,0.782
P016,P048,CALLED,2026-08-07T12:36:00,978,0.879
P033,P079,CALLED,2026-08-08T19:37:00,587,0.751
P050,P030,CALLED,2026-08-09T02:38:00,260,0.98
P067,P061,CALLED,2026-08-10T09:39:00,37,0.959
P004,P012,CALLED,2026-08-11T16:40:00,1146,0.917
P021,P043,CALLED,2026-08-12T23:41:00,1408,0.79
P038,P074,CALLED,2026-08-13T06:42:00,585,0.9
P055,P025,CALLED,2026-08-14T13:43:00,2218,0.807
P072,P056,CALLED,2026-08-15T20:44:00,1814,0.805
P009,P007,CALLED,2026-08-16T03:45:00,1617,0.761
P026,P038,CALLED,2026-08-17T10:46:00,448,0.805
P043,P069,CALLED,2026-08-18T17:47:00,827,0.842
P060,P020,CALLED,2026-08-19T00:48:00,1002,0.983
P077,P051,CALLED,2026-08-20T07:49:00,1069,0.937
P014,P002,CALLED,2026-08-21T14:50:00,2266,0.834
P031,P033,CALLED,2026-08-22T21:51:00,1874,0.863
P048,P064,CALLED,2026-08-23T04:52:00,561,0.821
P065,P015,CALLED,2026-08-24T11:53:00,1178,0.868
P002,P046,CALLED,2026-08-25T18:54:00,352,0.957
P019,P077,CALLED,2026-08-26T01:55:00,2362,0.881
P036,P028,CALLED,2026-08-27T08:56:00,1285,0.793
P053,P059,CALLED,2026-08-28T15:57:00,308,0.787
P070,P010,CALLED,2026-08-29T22:58:00,874,0.935
P007,P041,CALLED,2026-08-30T05:59:00,1192,0.976
P024,P072,CALLED,2026-08-01T12:00:00,846,0.819
P041,P023,CALLED,2026-08-02T19:01:00,543,0.793
P058,P054,CALLED,2026-08-03T02:02:00,183,0.773
P075,P005,CALLED,2026-08-04T09:03:00,1905,0.846
P012,P036,CALLED,2026-08-05T16:04:00,2098,0.88
P029,P067,CALLED,2026-08-06T23:05:00,1848,0.985
P046,P018,CALLED,2026-08-07T06:06:00,100,0.984
P063,P049,CALLED,2026-08-08T13:07:00,1861,0.766
P080,P002,CALLED,2026-08-09T20:08:00,1938,0.752
P017,P031,CALLED,2026-08-10T03:09:00,1553,0.86
P034,P062,CALLED,2026-08-11T10:10:00,478,0.793
P051,P013,CALLED,2026-08-12T17:11:00,806,0.825
P068,P044,CALLED,2026-08-13T00:12:00,1912,0.814
P005,P075,CALLED,2026-08-14T07:13:00,1929,0.818
P022,P026,CALLED,2026-08-15T14:14:00,1736,0.881
P039,P057,CALLED,2026-08-16T21:15:00,773,0.872
P056,P008,CALLED,2026-08-17T04:16:00,1571,0.854
P073,P039,CALLED,2026-08-18T11:17:00,1718,0.79
P010,P070,CALLED,2026-08-19T18:18:00,1552,0.976
P027,P021,CALLED,2026-08-20T01:19:00,1877,0.838
P044,P052,CALLED,2026-08-21T08:20:00,927,0.966
P061,P003,CALLED,2026-08-22T15:21:00,1201,0.935
P078,P034,CALLED,2026-08-23T22:22:00,172,0.821
P015,P065,CALLED,2026-08-24T05:23:00,148,0.753
P032,P016,CALLED,2026-08-25T12:24:00,1133,0.885
P049,P047,CALLED,2026-08-26T19:25:00,1091,0.979
P066,P078,CALLED,2026-08-27T02:26:00,2332,0.819
P003,P029,CALLED,2026-08-28T09:27:00,723,0.893
P020,P060,CALLED,2026-08-29T16:28:00,47,0.789
P037,P011,CALLED,2026-08-30T23:29:00,1777,0.856
P054,P042,CALLED,2026-08-01T06:30:00,107,0.901
P071,P073,CALLED,2026-08-02T13:31:00,1388,0.959
P008,P024,CALLED,2026-08-03T20:32:00,479,0.866
P025,P055,CALLED,2026-08-04T03:33:00,487,0.833
P042,P006,CALLED,2026-08-05T10:34:00,290,0.771
P059,P037,CALLED,2026-08-06T17:35:00,1177,0.955
P076,P068,CALLED,2026-08-07T00:36:00,25,0.806
P013,P019,CALLED,2026-08-08T07:37:00,1507,0.758
P030,P050,CALLED,2026-08-09T14:38:00,1934,0.756
P047,P001,CALLED,2026-08-10T21:39:00,328,0.783
P064,P032,CALLED,2026-08-11T04:40:00,2201,0.803
P001,P063,CALLED,2026-08-12T11:41:00,1811,0.866
P018,P014,CALLED,2026-08-13T18:42:00,11,0.821
P035,P045,CALLED,2026-08-14T01:43:00,707,0.769
P052,P076,CALLED,2026-08-15T08:44:00,1536,0.815
P069,P027,CALLED,2026-08-16T15:45:00,1564,0.853
P006,P058,CALLED,2026-08-17T22:46:00,1742,0.929
P023,P009,CALLED,2026-08-18T05:47:00,194,0.866
P040,P042,CALLED,2026-08-19T12:48:00,1508,0.823
P057,P071,CALLED,2026-08-20T19:49:00,416,0.84
P074,P022,CALLED,2026-08-21T02:50:00,1974,0.842
P011,P053,CALLED,2026-08-22T09:51:00,62,0.796
P028,P004,CALLED,2026-08-23T16:52:00,34,0.783
P045,P035,CALLED,2026-08-24T23:53:00,1027,0.878
P062,P066,CALLED,2026-08-25T06:54:00,1674,0.761
P079,P017,CALLED,2026-08-26T13:55:00,1975,0.753
P016,P048,CALLED,2026-08-27T20:56:00,736,0.772
P033,P079,CALLED,2026-08-28T03:57:00,2335,0.821
P050,P030,CALLED,2026-08-29T10:58:00,1192,0.982
P067,P061,CALLED,2026-08-30T17:59:00,18,0.987
P004,P012,CALLED,2026-08-01T00:00:00,915,0.808
P021,P043,CALLED,2026-08-02T07:01:00,1474,0.974
P038,P074,CALLED,2026-08-03T14:02:00,1115,0.778
P055,P025,CALLED,2026-08-04T21:03:00,1308,0.969
P072,P056,CALLED,2026-08-05T04:04:00,1325,0.983
P009,P007,CALLED,2026-08-06T11:05:00,210,0.968
P026,P038,CALLED,2026-08-07T18:06:00,673,0.877
P043,P069,CALLED,2026-08-08T01:07:00,1911,0.817
P060,P020,CALLED,2026-08-09T08:08:00,914,0.859
P077,P051,CALLED,2026-08-10T15:09:00,1718,0.914
P014,P002,CALLED,2026-08-11T22:10:00,1331,0.967
P031,P033,CALLED,2026-08-12T05:11:00,447,0.889
P048,P064,CALLED,2026-08-13T12:12:00,182,0.759
P065,P015,CALLED,2026-08-14T19:13:00,227,0.923
P002,P046,CALLED,2026-08-15T02:14:00,391,0.791
P019,P077,CALLED,2026-08-16T09:15:00,1689,0.856
P036,P028,CALLED,2026-08-17T16:16:00,18,0.919
P053,P059,CALLED,2026-08-18T23:17:00,1055,0.891
P070,P010,CALLED,2026-08-19T06:18:00,2165,0.83
P007,P041,CALLED,2026-08-20T13:19:00,197,0.91
P024,P072,CALLED,2026-08-21T20:20:00,1747,0.839
P041,P023,CALLED,2026-08-22T03:21:00,783,0.928
P058,P054,CALLED,2026-08-23T10:22:00,526,0.813
P075,P005,CALLED,2026-08-24T17:23:00,394,0.874
P012,P036,CALLED,2026-08-25T00:24:00,1548,0.924
P029,P067,CALLED,2026-08-26T07:25:00,1148,0.91
P046,P018,CALLED,2026-08-27T14:26:00,2207,0.819
P063,P049,CALLED,2026-08-28T21:27:00,2058,0.987
P080,P002,CALLED,2026-08-29T04:28:00,1067,0.781
P017,P031,CALLED,2026-08-30T11:29:00,842,0.789
P034,P062,CALLED,2026-08-01T18:30:00,865,0.867
P051,P013,CALLED,2026-08-02T01:31:00,968,0.804
P068,P044,CALLED,2026-08-03T08:32:00,2159,0.942
P005,P075,CALLED,2026-08-04T15:33:00,1621,0.848
P022,P026,CALLED,2026-08-05T22:34:00,2399,0.879
P039,P057,CALLED,2026-08-06T05:35:00,2237,0.948
P056,P008,CALLED,2026-08-07T12:36:00,468,0.955
P073,P039,CALLED,2026-08-08T19:37:00,1844,0.78
P010,P070,CALLED,2026-08-09T02:38:00,945,0.908
P027,P021,CALLED,2026-08-10T09:39:00,514,0.937
P044,P052,CALLED,2026-08-11T16:40:00,1915,0.786
P061,P003,CALLED,2026-08-12T23:41:00,902,0.935
P078,P034,CALLED,2026-08-13T06:42:00,2130,0.952
P015,P065,CALLED,2026-08-14T13:43:00,1909,0.887
P032,P016,CALLED,2026-08-15T20:44:00,1929,0.879
P049,P047,CALLED,2026-08-16T03:45:00,410,0.777
P066,P078,CALLED,2026-08-17T10:46:00,1903,0.792
P003,P029,CALLED,2026-08-18T17:47:00,972,0.919
P020,P060,CALLED,2026-08-19T00:48:00,1800,0.897
P037,P011,CALLED,2026-08-20T07:49:00,1269,0.823
P054,P042,CALLED,2026-08-21T14:50:00,931,0.841
P071,P073,CALLED,2026-08-22T21:51:00,1435,0.761
P008,P024,CALLED,2026-08-23T04:52:00,638,0.874
P025,P055,CALLED,2026-08-24T11:53:00,861,0.939
P042,P006,CALLED,2026-08-25T18:54:00,2381,0.769
P059,P037,CALLED,2026-08-26T01:55:00,383,0.787
P076,P068,CALLED,2026-08-27T08:56:00,764,0.833
P013,P019,CALLED,2026-08-28T15:57:00,411,0.817
P030,P050,CALLED,2026-08-29T22:58:00,1610,0.931
P047,P001,CALLED,2026-08-30T05:59:00,1336,0.961
P064,P032,CALLED,2026-08-01T12:00:00,2025,0.985
P001,P063,CALLED,2026-08-02T19:01:00,1623,0.769
P018,P014,CALLED,2026-08-03T02:02:00,1535,0.772
P035,P045,CALLED,2026-08-04T09:03:00,939,0.799
P052,P076,CALLED,2026-08-05T16:04:00,781,0.894
P069,P027,CALLED,2026-08-06T23:05:00,1777,0.961
P006,P058,CALLED,2026-08-07T06:06:00,554,0.967
P023,P009,CALLED,2026-08-08T13:07:00,1068,0.99
P040,P042,CALLED,2026-08-09T20:08:00,2165,0.855
P057,P071,CALLED,2026-08-10T03:09:00,725,0.755
P074,P022,CALLED,2026-08-11T10:10:00,1366,0.988
P011,P053,CALLED,2026-08-12T17:11:00,545,0.817
P028,P004,CALLED,2026-08-13T00:12:00,1846,0.943
P045,P035,CALLED,2026-08-14T07:13:00,1145,0.784
P062,P066,CALLED,2026-08-15T14:14:00,44,0.926
P079,P017,CALLED,2026-08-16T21:15:00,1092,0.862
P016,P048,CALLED,2026-08-17T04:16:00,839,0.755
P033,P079,CALLED,2026-08-18T11:17:00,1287,0.935
P050,P030,CALLED,2026-08-19T18:18:00,880,0.805
P067,P061,CALLED,2026-08-20T01:19:00,1267,0.818
P004,P012,CALLED,2026-08-21T08:20:00,1193,0.791
P021,P043,CALLED,2026-08-22T15:21:00,2247,0.769
P038,P074,CALLED,2026-08-23T22:22:00,247,0.947
P055,P025,CALLED,2026-08-24T05:23:00,398,0.756
P072,P056,CALLED,2026-08-25T12:24:00,1170,0.978
P009,P007,CALLED,2026-08-26T19:25:00,1771,0.818
P026,P038,CALLED,2026-08-27T02:26:00,2066,0.761
P043,P069,CALLED,2026-08-28T09:27:00,662,0.75
P060,P020,CALLED,2026-08-29T16:28:00,1924,0.885
P077,P051,CALLED,2026-08-30T23:29:00,2378,0.88
P014,P002,CALLED,2026-08-01T06:30:00,559,0.932
P031,P033,CALLED,2026-08-02T13:31:00,1499,0.934
P048,P064,CALLED,2026-08-03T20:32:00,311,0.913
P065,P015,CALLED,2026-08-04T03:33:00,903,0.82
P002,P046,CALLED,2026-08-05T10:34:00,2095,0.919
P019,P077,CALLED,2026-08-06T17:35:00,1614,0.937
P036,P028,CALLED,2026-08-07T00:36:00,2376,0.894
P053,P059,CALLED,2026-08-08T07:37:00,1704,0.924
P070,P010,CALLED,2026-08-09T14:38:00,1988,0.789
P007,P041,CALLED,2026-08-10T21:39:00,313,0.909
P024,P072,CALLED,2026-08-11T04:40:00,1126,0.784
P041,P023,CALLED,2026-08-12T11:41:00,1871,0.948
P058,P054,CALLED,2026-08-13T18:42:00,144,0.88
P075,P005,CALLED,2026-08-14T01:43:00,1482,0.957
P012,P036,CALLED,2026-08-15T08:44:00,2224,0.757
P029,P067,CALLED,2026-08-16T15:45:00,1929,0.979
P046,P018,CALLED,2026-08-17T22:46:00,1545,0.839
P063,P049,CALLED,2026-08-18T05:47:00,2081,0.909
P080,P002,CALLED,2026-08-19T12:48:00,1673,0.922
P017,P031,CALLED,2026-08-20T19:49:00,1664,0.833
P034,P062,CALLED,2026-08-21T02:50:00,903,0.8
P051,P013,CALLED,2026-08-22T09:51:00,687,0.889
P068,P044,CALLED,2026-08-23T16:52:00,961,0.965
P005,P075,CALLED,2026-08-24T23:53:00,2044,0.841
P022,P026,CALLED,2026-08-25T06:54:00,1048,0.75
P039,P057,CALLED,2026-08-26T13:55:00,251,0.76
P056,P008,CALLED,2026-08-27T20:56:00,486,0.937
P073,P039,CALLED,2026-08-28T03:57:00,1176,0.886
P010,P070,CALLED,2026-08-29T10:58:00,1517,0.868
P027,P021,CALLED,2026-08-30T17:59:00,571,0.924
P044,P052,CALLED,2026-08-01T00:00:00,1715,0.821
P061,P003,CALLED,2026-08-02T07:01:00,562,0.888
P078,P034,CALLED,2026-08-03T14:02:00,649,0.985
P015,P065,CALLED,2026-08-04T21:03:00,1068,0.882
P032,P016,CALLED,2026-08-05T04:04:00,1309,0.785
P049,P047,CALLED,2026-08-06T11:05:00,1567,0.923
P066,P078,CALLED,2026-08-07T18:06:00,1190,0.8
P003,P029,CALLED,2026-08-08T01:07:00,1074,0.85
P020,P060,CALLED,2026-08-09T08:08:00,1150,0.914
P037,P011,CALLED,2026-08-10T15:09:00,197,0.771
P054,P042,CALLED,2026-08-11T22:10:00,56,0.818
P071,P073,CALLED,2026-08-12T05:11:00,1075,0.902
P008,P024,CALLED,2026-08-13T12:12:00,1272,0.852
P025,P055,CALLED,2026-08-14T19:13:00,786,0.813
P042,P006,CALLED,2026-08-15T02:14:00,230,0.934
P059,P037,CALLED,2026-08-16T09:15:00,1717,0.92
P076,P068,CALLED,2026-08-17T16:16:00,1730,0.89
P013,P019,CALLED,2026-08-18T23:17:00,1807,0.784
P030,P050,CALLED,2026-08-19T06:18:00,2058,0.835
P047,P001,CALLED,2026-08-20T13:19:00,617,0.813
P064,P032,CALLED,2026-08-21T20:20:00,963,0.776
P001,P063,CALLED,2026-08-22T03:21:00,974,0.946
P018,P014,CALLED,2026-08-23T10:22:00,871,0.798
P035,P045,CALLED,2026-08-24T17:23:00,982,0.848
P052,P076,CALLED,2026-08-25T00:24:00,1694,0.958
P069,P027,CALLED,2026-08-26T07:25:00,2144,0.764
P006,P058,CALLED,2026-08-27T14:26:00,2294,0.9
P023,P009,CALLED,2026-08-28T21:27:00,1980,0.887
P040,P042,CALLED,2026-08-29T04:28:00,1880,0.752
P057,P071,CALLED,2026-08-30T11:29:00,623,0.971
P074,P022,CALLED,2026-08-01T18:30:00,1821,0.907
P011,P053,CALLED,2026-08-02T01:31:00,1682,0.91
P028,P004,CALLED,2026-08-03T08:32:00,530,0.853
P045,P035,CALLED,2026-08-04T15:33:00,367,0.896
P062,P066,CALLED,2026-08-05T22:34:00,1239,0.91
P079,P017,CALLED,2026-08-06T05:35:00,39,0.926
P016,P048,CALLED,2026-08-07T12:36:00,625,0.968
P033,P079,CALLED,2026-08-08T19:37:00,181,0.751
P050,P030,CALLED,2026-08-09T02:38:00,2214,0.944
P067,P061,CALLED,2026-08-10T09:39:00,1322,0.958
P004,P012,CALLED,2026-08-11T16:40:00,801,0.922
P021,P043,CALLED,2026-08-12T23:41:00,953,0.905
P038,P074,CALLED,2026-08-13T06:42:00,2316,0.865
P055,P025,CALLED,2026-08-14T13:43:00,1580,0.93
P072,P056,CALLED,2026-08-15T20:44:00,2374,0.902
P009,P007,CALLED,2026-08-16T03:45:00,616,0.861
P026,P038,CALLED,2026-08-17T10:46:00,740,0.927
P043,P069,CALLED,2026-08-18T17:47:00,106,0.907
P060,P020,CALLED,2026-08-19T00:48:00,915,0.778
P077,P051,CALLED,2026-08-20T07:49:00,1395,0.914
P014,P002,CALLED,2026-08-21T14:50:00,923,0.76
P031,P033,CALLED,2026-08-22T21:51:00,681,0.811
P048,P064,CALLED,2026-08-23T04:52:00,2086,0.894
P065,P015,CALLED,2026-08-24T11:53:00,1477,0.874
P002,P046,CALLED,2026-08-25T18:54:00,1544,0.959
P019,P077,CALLED,2026-08-26T01:55:00,1343,0.865
P036,P028,CALLED,2026-08-27T08:56:00,1098,0.932
P053,P059,CALLED,2026-08-28T15:57:00,1046,0.861
P070,P010,CALLED,2026-08-29T22:58:00,493,0.78
P007,P041,CALLED,2026-08-30T05:59:00,1410,0.911
P024,P072,CALLED,2026-08-01T12:00:00,278,0.752
P041,P023,CALLED,2026-08-02T19:01:00,1654,0.856
P058,P054,CALLED,2026-08-03T02:02:00,2282,0.855
P075,P005,CALLED,2026-08-04T09:03:00,1697,0.962
P012,P036,CALLED,2026-08-05T16:04:00,154,0.928
P029,P067,CALLED,2026-08-06T23:05:00,177,0.948
P046,P018,CALLED,2026-08-07T06:06:00,1244,0.958
P063,P049,CALLED,2026-08-08T13:07:00,271,0.829
P080,P002,CALLED,2026-08-09T20:08:00,1161,0.868
P017,P031,CALLED,2026-08-10T03:09:00,870,0.75
P034,P062,CALLED,2026-08-11T10:10:00,48,0.869
P051,P013,CALLED,2026-08-12T17:11:00,2092,0.815
P068,P044,CALLED,2026-08-13T00:12:00,1702,0.824
P005,P075,CALLED,2026-08-14T07:13:00,338,0.96
P022,P026,CALLED,2026-08-15T14:14:00,137,0.85
P039,P057,CALLED,2026-08-16T21:15:00,328,0.853
P056,P008,CALLED,2026-08-17T04:16:00,1030,0.774
P073,P039,CALLED,2026-08-18T11:17:00,2072,0.79
P010,P070,CALLED,2026-08-19T18:18:00,1882,0.837
P027,P021,CALLED,2026-08-20T01:19:00,1714,0.903
P044,P052,CALLED,2026-08-21T08:20:00,2337,0.78
P061,P003,CALLED,2026-08-22T15:21:00,2238,0.919
P078,P034,CALLED,2026-08-23T22:22:00,169,0.774
P015,P065,CALLED,2026-08-24T05:23:00,287,0.865
P032,P016,CALLED,2026-08-25T12:24:00,1073,0.99
P049,P047,CALLED,2026-08-26T19:25:00,1698,0.801
P066,P078,CALLED,2026-08-27T02:26:00,444,0.939
P003,P029,CALLED,2026-08-28T09:27:00,2343,0.757
P020,P060,CALLED,2026-08-29T16:28:00,2239,0.866
P037,P011,CALLED,2026-08-30T23:29:00,317,0.898
P054,P042,CALLED,2026-08-01T06:30:00,817,0.757
P071,P073,CALLED,2026-08-02T13:31:00,1650,0.859
P008,P024,CALLED,2026-08-03T20:32:00,264,0.933
P025,P055,CALLED,2026-08-04T03:33:00,2380,0.973
P042,P006,CALLED,2026-08-05T10:34:00,680,0.808
P059,P037,CALLED,2026-08-06T17:35:00,1369,0.895
P076,P068,CALLED,2026-08-07T00:36:00,344,0.78
P013,P019,CALLED,2026-08-08T07:37:00,632,0.981
P030,P050,CALLED,2026-08-09T14:38:00,1970,0.979
P047,P001,CALLED,2026-08-10T21:39:00,2071,0.938
P064,P032,CALLED,2026-08-11T04:40:00,2374,0.93
P001,P063,CALLED,2026-08-12T11:41:00,2304,0.87
P018,P014,CALLED,2026-08-13T18:42:00,2171,0.867
P035,P045,CALLED,2026-08-14T01:43:00,547,0.754
P052,P076,CALLED,2026-08-15T08:44:00,684,0.855
P069,P027,CALLED,2026-08-16T15:45:00,241,0.785
P006,P058,CALLED,2026-08-17T22:46:00,867,0.841
P023,P009,CALLED,2026-08-18T05:47:00,57,0.933
P040,P042,CALLED,2026-08-19T12:48:00,466,0.915
P057,P071,CALLED,2026-08-20T19:49:00,2347,0.84
P074,P022,CALLED,2026-08-21T02:50:00,1570,0.899
P011,P053,CALLED,2026-08-22T09:51:00,1867,0.787
P028,P004,CALLED,2026-08-23T16:52:00,873,0.855
P045,P035,CALLED,2026-08-24T23:53:00,963,0.817
P062,P066,CALLED,2026-08-25T06:54:00,1633,0.964
P079,P017,CALLED,2026-08-26T13:55:00,1202,0.961
P016,P048,CALLED,2026-08-27T20:56:00,1576,0.86
P033,P079,CALLED,2026-08-28T03:57:00,917,0.984
P050,P030,CALLED,2026-08-29T10:58:00,1466,0.949
P067,P061,CALLED,2026-08-30T17:59:00,976,0.793
P004,P012,CALLED,2026-08-01T00:00:00,511,0.886
P021,P043,CALLED,2026-08-02T07:01:00,1533,0.763
P038,P074,CALLED,2026-08-03T14:02:00,366,0.825
P055,P025,CALLED,2026-08-04T21:03:00,328,0.901
P072,P056,CALLED,2026-08-05T04:04:00,110,0.803
P009,P007,CALLED,2026-08-06T11:05:00,1269,0.778
P026,P038,CALLED,2026-08-07T18:06:00,1550,0.824
P043,P069,CALLED,2026-08-08T01:07:00,2329,0.951
P060,P020,CALLED,2026-08-09T08:08:00,93,0.833
P077,P051,CALLED,2026-08-10T15:09:00,609,0.932
P014,P002,CALLED,2026-08-11T22:10:00,1776,0.807
P031,P033,CALLED,2026-08-12T05:11:00,1148,0.921
P048,P064,CALLED,2026-08-13T12:12:00,659,0.768
P065,P015,CALLED,2026-08-14T19:13:00,2295,0.8
P002,P046,CALLED,2026-08-15T02:14:00,1011,0.798
P019,P077,CALLED,2026-08-16T09:15:00,2316,0.798
P036,P028,CALLED,2026-08-17T16:16:00,1830,0.804
P053,P059,CALLED,2026-08-18T23:17:00,171,0.902
P070,P010,CALLED,2026-08-19T06:18:00,2236,0.979
P007,P041,CALLED,2026-08-20T13:19:00,88,0.905
P024,P072,CALLED,2026-08-21T20:20:00,820,0.759
P041,P023,CALLED,2026-08-22T03:21:00,15,0.851
P058,P054,CALLED,2026-08-23T10:22:00,1828,0.883
P075,P005,CALLED,2026-08-24T17:23:00,749,0.92
P012,P036,CALLED,2026-08-25T00:24:00,1096,0.862
P029,P067,CALLED,2026-08-26T07:25:00,113,0.753
P046,P018,CALLED,2026-08-27T14:26:00,1277,0.783
P063,P049,CALLED,2026-08-28T21:27:00,2097,0.816
P080,P002,CALLED,2026-08-29T04:28:00,842,0.888
P017,P031,CALLED,2026-08-30T11:29:00,1265,0.852
P034,P062,CALLED,2026-08-01T18:30:00,1062,0.824
P051,P013,CALLED,2026-08-02T01:31:00,594,0.779
P068,P044,CALLED,2026-08-03T08:32:00,272,0.952
P005,P075,CALLED,2026-08-04T15:33:00,577,0.796
P022,P026,CALLED,2026-08-05T22:34:00,603,0.827
P039,P057,CALLED,2026-08-06T05:35:00,1334,0.962
P056,P008,CALLED,2026-08-07T12:36:00,317,0.94
P073,P039,CALLED,2026-08-08T19:37:00,1365,0.784
P010,P070,CALLED,2026-08-09T02:38:00,2098,0.887
P027,P021,CALLED,2026-08-10T09:39:00,1560,0.884
P044,P052,CALLED,2026-08-11T16:40:00,216,0.83
P061,P003,CALLED,2026-08-12T23:41:00,1819,0.892
P078,P034,CALLED,2026-08-13T06:42:00,2210,0.89
P015,P065,CALLED,2026-08-14T13:43:00,712,0.989
P032,P016,CALLED,2026-08-15T20:44:00,2274,0.785
P049,P047,CALLED,2026-08-16T03:45:00,93,0.977
P066,P078,CALLED,2026-08-17T10:46:00,1103,0.821
P003,P029,CALLED,2026-08-18T17:47:00,522,0.777
P020,P060,CALLED,2026-08-19T00:48:00,2168,0.802
P037,P011,CALLED,2026-08-20T07:49:00,1797,0.762
P054,P042,CALLED,2026-08-21T14:50:00,1257,0.965
P071,P073,CALLED,2026-08-22T21:51:00,2267,0.988
P008,P024,CALLED,2026-08-23T04:52:00,562,0.899
P025,P055,CALLED,2026-08-24T11:53:00,1780,0.809
P042,P006,CALLED,2026-08-25T18:54:00,535,0.978
P059,P037,CALLED,2026-08-26T01:55:00,2056,0.808
P076,P068,CALLED,2026-08-27T08:56:00,686,0.788
P013,P019,CALLED,2026-08-28T15:57:00,1330,0.888
P030,P050,CALLED,2026-08-29T22:58:00,1244,0.924
P047,P001,CALLED,2026-08-30T05:59:00,568,0.971
P064,P032,CALLED,2026-08-01T12:00:00,425,0.933
P001,P063,CALLED,2026-08-02T19:01:00,211,0.917
P018,P014,CALLED,2026-08-03T02:02:00,1605,0.848
P035,P045,CALLED,2026-08-04T09:03:00,729,0.886
P052,P076,CALLED,2026-08-05T16:04:00,2371,0.941
P069,P027,CALLED,2026-08-06T23:05:00,1137,0.855
P006,P058,CALLED,2026-08-07T06:06:00,545,0.921
P023,P009,CALLED,2026-08-08T13:07:00,1859,0.797
P040,P042,CALLED,2026-08-09T20:08:00,1714,0.785
P057,P071,CALLED,2026-08-10T03:09:00,662,0.915
P074,P022,CALLED,2026-08-11T10:10:00,1176,0.797
P011,P053,CALLED,2026-08-12T17:11:00,2379,0.919
P028,P004,CALLED,2026-08-13T00:12:00,965,0.936
P045,P035,CALLED,2026-08-14T07:13:00,1889,0.908
P062,P066,CALLED,2026-08-15T14:14:00,1437,0.783
P079,P017,CALLED,2026-08-16T21:15:00,760,0.775
P016,P048,CALLED,2026-08-17T04:16:00,1927,0.794
P033,P079,CALLED,2026-08-18T11:17:00,1880,0.924
P050,P030,CALLED,2026-08-19T18:18:00,1483,0.906
P067,P061,CALLED,2026-08-20T01:19:00,855,0.814
P004,P012,CALLED,2026-08-21T08:20:00,1351,0.973
P021,P043,CALLED,2026-08-22T15:21:00,917,0.758
P038,P074,CALLED,2026-08-23T22:22:00,1090,0.771
P055,P025,CALLED,2026-08-24T05:23:00,1795,0.875
P072,P056,CALLED,2026-08-25T12:24:00,1450,0.921
P009,P007,CALLED,2026-08-26T19:25:00,1952,0.923
P026,P038,CALLED,2026-08-27T02:26:00,1177,0.75
P043,P069,CALLED,2026-08-28T09:27:00,1024,0.776
P060,P020,CALLED,2026-08-29T16:28:00,845,0.975
P077,P051,CALLED,2026-08-30T23:29:00,750,0.856
P014,P002,CALLED,2026-08-01T06:30:00,2356,0.976
P031,P033,CALLED,2026-08-02T13:31:00,643,0.984
P048,P064,CALLED,2026-08-03T20:32:00,2324,0.975
P065,P015,CALLED,2026-08-04T03:33:00,412,0.805
P002,P046,CALLED,2026-08-05T10:34:00,2017,0.775
P019,P077,CALLED,2026-08-06T17:35:00,1599,0.917
P036,P028,CALLED,2026-08-07T00:36:00,999,0.876
P053,P059,CALLED,2026-08-08T07:37:00,656,0.865
P070,P010,CALLED,2026-08-09T14:38:00,1484,0.781
P007,P041,CALLED,2026-08-10T21:39:00,693,0.902
P024,P072,CALLED,2026-08-11T04:40:00,2038,0.761
P041,P023,CALLED,2026-08-12T11:41:00,1628,0.967
P058,P054,CALLED,2026-08-13T18:42:00,1425,0.767
P075,P005,CALLED,2026-08-14T01:43:00,160,0.826
P012,P036,CALLED,2026-08-15T08:44:00,336,0.757
P029,P067,CALLED,2026-08-16T15:45:00,515,0.886
P046,P018,CALLED,2026-08-17T22:46:00,79,0.879
P063,P049,CALLED,2026-08-18T05:47:00,1487,0.835
P080,P002,CALLED,2026-08-19T12:48:00,1337,0.777
P017,P031,CALLED,2026-08-20T19:49:00,1322,0.909
P034,P062,CALLED,2026-08-21T02:50:00,244,0.906
P051,P013,CALLED,2026-08-22T09:51:00,1863,0.778
P068,P044,CALLED,2026-08-23T16:52:00,291,0.968
P005,P075,CALLED,2026-08-24T23:53:00,1442,0.788
P022,P026,CALLED,2026-08-25T06:54:00,1559,0.851
P039,P057,CALLED,2026-08-26T13:55:00,1013,0.88
P056,P008,CALLED,2026-08-27T20:56:00,107,0.832
P073,P039,CALLED,2026-08-28T03:57:00,316,0.986
P010,P070,CALLED,2026-08-29T10:58:00,980,0.757
P027,P021,CALLED,2026-08-30T17:59:00,1206,0.842
P044,P052,CALLED,2026-08-01T00:00:00,1823,0.922
P061,P003,CALLED,2026-08-02T07:01:00,1366,0.791
P078,P034,CALLED,2026-08-03T14:02:00,1121,0.954
P015,P065,CALLED,2026-08-04T21:03:00,1804,0.923
P032,P016,CALLED,2026-08-05T04:04:00,27,0.892
P049,P047,CALLED,2026-08-06T11:05:00,1016,0.956
P066,P078,CALLED,2026-08-07T18:06:00,1478,0.805
P003,P029,CALLED,2026-08-08T01:07:00,2138,0.97
P020,P060,CALLED,2026-08-09T08:08:00,1875,0.883
P037,P011,CALLED,2026-08-10T15:09:00,374,0.947
P054,P042,CALLED,2026-08-11T22:10:00,2333,0.764
P071,P073,CALLED,2026-08-12T05:11:00,2286,0.838
P008,P024,CALLED,2026-08-13T12:12:00,240,0.762
P025,P055,CALLED,2026-08-14T19:13:00,1086,0.931
P042,P006,CALLED,2026-08-15T02:14:00,595,0.785
P059,P037,CALLED,2026-08-16T09:15:00,2141,0.975
P076,P068,CALLED,2026-08-17T16:16:00,61,0.779
P013,P019,CALLED,2026-08-18T23:17:00,758,0.902
P030,P050,CALLED,2026-08-19T06:18:00,738,0.866
P047,P001,CALLED,2026-08-20T13:19:00,949,0.763
P064,P032,CALLED,2026-08-21T20:20:00,2395,0.916
P001,P063,CALLED,2026-08-22T03:21:00,1158,0.833
P018,P014,CALLED,2026-08-23T10:22:00,549,0.959
P035,P045,CALLED,2026-08-24T17:23:00,965,0.831
P052,P076,CALLED,2026-08-25T00:24:00,1373,0.887
P069,P027,CALLED,2026-08-26T07:25:00,1698,0.862
P006,P058,CALLED,2026-08-27T14:26:00,2330,0.761
P023,P009,CALLED,2026-08-28T21:27:00,1507,0.828
P040,P042,CALLED,2026-08-29T04:28:00,1294,0.805
P057,P071,CALLED,2026-08-30T11:29:00,425,0.88
P074,P022,CALLED,2026-08-01T18:30:00,101,0.832
P011,P053,CALLED,2026-08-02T01:31:00,1262,0.94
P028,P004,CALLED,2026-08-03T08:32:00,786,0.929
P045,P035,CALLED,2026-08-04T15:33:00,1207,0.794
P062,P066,CALLED,2026-08-05T22:34:00,20,0.937
P079,P017,CALLED,2026-08-06T05:35:00,1702,0.935
P016,P048,CALLED,2026-08-07T12:36:00,347,0.858
P033,P079,CALLED,2026-08-08T19:37:00,1581,0.936
P050,P030,CALLED,2026-08-09T02:38:00,386,0.96
P067,P061,CALLED,2026-08-10T09:39:00,639,0.848
P004,P012,CALLED,2026-08-11T16:40:00,1525,0.845
P021,P043,CALLED,2026-08-12T23:41:00,1150,0.969
P038,P074,CALLED,2026-08-13T06:42:00,2216,0.951
P055,P025,CALLED,2026-08-14T13:43:00,1798,0.912
P072,P056,CALLED,2026-08-15T20:44:00,1783,0.881
P009,P007,CALLED,2026-08-16T03:45:00,1718,0.801
P026,P038,CALLED,2026-08-17T10:46:00,2379,0.899
P043,P069,CALLED,2026-08-18T17:47:00,767,0.952
P060,P020,CALLED,2026-08-19T00:48:00,1149,0.89
P077,P051,CALLED,2026-08-20T07:49:00,2175,0.807
P014,P002,CALLED,2026-08-21T14:50:00,815,0.791
P031,P033,CALLED,2026-08-22T21:51:00,1872,0.879
P048,P064,CALLED,2026-08-23T04:52:00,2293,0.953
P065,P015,CALLED,2026-08-24T11:53:00,686,0.752
P002,P046,CALLED,2026-08-25T18:54:00,164,0.796
P019,P077,CALLED,2026-08-26T01:55:00,413,0.828
P036,P028,CALLED,2026-08-27T08:56:00,14,0.83
P053,P059,CALLED,2026-08-28T15:57:00,2309,0.781
P070,P010,CALLED,2026-08-29T22:58:00,120,0.947
P007,P041,CALLED,2026-08-30T05:59:00,542,0.773
P024,P072,CALLED,2026-08-01T12:00:00,1793,0.804
P041,P023,CALLED,2026-08-02T19:01:00,1006,0.771
P058,P054,CALLED,2026-08-03T02:02:00,1903,0.949
P075,P005,CALLED,2026-08-04T09:03:00,425,0.842
P012,P036,CALLED,2026-08-05T16:04:00,76,0.765
P029,P067,CALLED,2026-08-06T23:05:00,957,0.87
P046,P018,CALLED,2026-08-07T06:06:00,472,0.848
P063,P049,CALLED,2026-08-08T13:07:00,1218,0.924
P080,P002,CALLED,2026-08-09T20:08:00,1122,0.786
P017,P031,CALLED,2026-08-10T03:09:00,460,0.888
P034,P062,CALLED,2026-08-11T10:10:00,1892,0.812
P051,P013,CALLED,2026-08-12T17:11:00,683,0.965
P068,P044,CALLED,2026-08-13T00:12:00,1775,0.872
P005,P075,CALLED,2026-08-14T07:13:00,1280,0.9
P022,P026,CALLED,2026-08-15T14:14:00,848,0.925
P039,P057,CALLED,2026-08-16T21:15:00,1555,0.986
P056,P008,CALLED,2026-08-17T04:16:00,1717,0.836
P073,P039,CALLED,2026-08-18T11:17:00,1941,0.949
P010,P070,CALLED,2026-08-19T18:18:00,463,0.854
P027,P021,CALLED,2026-08-20T01:19:00,74,0.787
P044,P052,CALLED,2026-08-21T08:20:00,2258,0.933
P061,P003,CALLED,2026-08-22T15:21:00,958,0.785
P078,P034,CALLED,2026-08-23T22:22:00,78,0.823
P015,P065,CALLED,2026-08-24T05:23:00,927,0.956
P032,P016,CALLED,2026-08-25T12:24:00,1991,0.773
P049,P047,CALLED,2026-08-26T19:25:00,803,0.793
P066,P078,CALLED,2026-08-27T02:26:00,11,0.934
P003,P029,CALLED,2026-08-28T09:27:00,1826,0.896
P020,P060,CALLED,2026-08-29T16:28:00,2335,0.871
P037,P011,CALLED,2026-08-30T23:29:00,120,0.763
P054,P042,CALLED,2026-08-01T06:30:00,259,0.967
P071,P073,CALLED,2026-08-02T13:31:00,1515,0.803
P008,P024,CALLED,2026-08-03T20:32:00,917,0.794
P025,P055,CALLED,2026-08-04T03:33:00,565,0.811
P042,P006,CALLED,2026-08-05T10:34:00,439,0.808
P059,P037,CALLED,2026-08-06T17:35:00,1252,0.845
P076,P068,CALLED,2026-08-07T00:36:00,962,0.761
P013,P019,CALLED,2026-08-08T07:37:00,1149,0.876
P030,P050,CALLED,2026-08-09T14:38:00,620,0.827
P047,P001,CALLED,2026-08-10T21:39:00,280,0.948
P064,P032,CALLED,2026-08-11T04:40:00,213,0.826
P001,P063,CALLED,2026-08-12T11:41:00,2024,0.942
P018,P014,CALLED,2026-08-13T18:42:00,2179,0.823
P035,P045,CALLED,2026-08-14T01:43:00,1431,0.922
P052,P076,CALLED,2026-08-15T08:44:00,1307,0.838
P069,P027,CALLED,2026-08-16T15:45:00,441,0.851
P006,P058,CALLED,2026-08-17T22:46:00,1725,0.972
P023,P009,CALLED,2026-08-18T05:47:00,2353,0.873
P040,P042,CALLED,2026-08-19T12:48:00,1452,0.872
P057,P071,CALLED,2026-08-20T19:49:00,1661,0.935
P074,P022,CALLED,2026-08-21T02:50:00,1221,0.901
P011,P053,CALLED,2026-08-22T09:51:00,1354,0.805
P028,P004,CALLED,2026-08-23T16:52:00,1764,0.905
P045,P035,CALLED,2026-08-24T23:53:00,1380,0.98
P062,P066,CALLED,2026-08-25T06:54:00,842,0.975
P079,P017,CALLED,2026-08-26T13:55:00,2144,0.886
P016,P048,CALLED,2026-08-27T20:56:00,403,0.904
P033,P079,CALLED,2026-08-28T03:57:00,1840,0.813
P050,P030,CALLED,2026-08-29T10:58:00,908,0.872
P067,P061,CALLED,2026-08-30T17:59:00,1809,0.772
P004,P012,CALLED,2026-08-01T00:00:00,2103,0.897
P021,P043,CALLED,2026-08-02T07:01:00,1101,0.77
P038,P074,CALLED,2026-08-03T14:02:00,889,0.957
P055,P025,CALLED,2026-08-04T21:03:00,2211,0.79
P072,P056,CALLED,2026-08-05T04:04:00,1901,0.894
P009,P007,CALLED,2026-08-06T11:05:00,208,0.834
P026,P038,CALLED,2026-08-07T18:06:00,2119,0.855
P043,P069,CALLED,2026-08-08T01:07:00,2355,0.955
P060,P020,CALLED,2026-08-09T08:08:00,2261,0.945
P077,P051,CALLED,2026-08-10T15:09:00,92,0.785
P014,P002,CALLED,2026-08-11T22:10:00,1414,0.817
P031,P033,CALLED,2026-08-12T05:11:00,25,0.931
P048,P064,CALLED,2026-08-13T12:12:00,1817,0.919
P065,P015,CALLED,2026-08-14T19:13:00,648,0.931
P002,P046,CALLED,2026-08-15T02:14:00,1972,0.911
P019,P077,CALLED,2026-08-16T09:15:00,1880,0.765
P036,P028,CALLED,2026-08-17T16:16:00,1688,0.838
P053,P059,CALLED,2026-08-18T23:17:00,1530,0.791
P070,P010,CALLED,2026-08-19T06:18:00,993,0.769
P007,P041,CALLED,2026-08-20T13:19:00,448,0.808
P024,P072,CALLED,2026-08-21T20:20:00,2248,0.966
P041,P023,CALLED,2026-08-22T03:21:00,862,0.789
P058,P054,CALLED,2026-08-23T10:22:00,1232,0.945
P075,P005,CALLED,2026-08-24T17:23:00,847,0.92
P012,P036,CALLED,2026-08-25T00:24:00,1000,0.856
P029,P067,CALLED,2026-08-26T07:25:00,164,0.917
P046,P018,CALLED,2026-08-27T14:26:00,1657,0.787
P063,P049,CALLED,2026-08-28T21:27:00,561,0.929
P080,P002,CALLED,2026-08-29T04:28:00,1088,0.941
P017,P031,CALLED,2026-08-30T11:29:00,712,0.863
P034,P062,CALLED,2026-08-01T18:30:00,412,0.782
P051,P013,CALLED,2026-08-02T01:31:00,441,0.813
P068,P044,CALLED,2026-08-03T08:32:00,941,0.952
P005,P075,CALLED,2026-08-04T15:33:00,404,0.942
P022,P026,CALLED,2026-08-05T22:34:00,1204,0.792
P039,P057,CALLED,2026-08-06T05:35:00,459,0.899
P056,P008,CALLED,2026-08-07T12:36:00,1174,0.87
P073,P039,CALLED,2026-08-08T19:37:00,163,0.833
P010,P070,CALLED,2026-08-09T02:38:00,1324,0.866
P027,P021,CALLED,2026-08-10T09:39:00,2252,0.88
P044,P052,CALLED,2026-08-11T16:40:00,50,0.977
P061,P003,CALLED,2026-08-12T23:41:00,1013,0.803
P078,P034,CALLED,2026-08-13T06:42:00,2066,0.921
P015,P065,CALLED,2026-08-14T13:43:00,1813,0.814
P032,P016,CALLED,2026-08-15T20:44:00,2179,0.92
P049,P047,CALLED,2026-08-16T03:45:00,649,0.811
P066,P078,CALLED,2026-08-17T10:46:00,1436,0.917
P003,P029,CALLED,2026-08-18T17:47:00,1172,0.901
P020,P060,CALLED,2026-08-19T00:48:00,1477,0.872
P037,P011,CALLED,2026-08-20T07:49:00,521,0.803
P054,P042,CALLED,2026-08-21T14:50:00,1639,0.874
P071,P073,CALLED,2026-08-22T21:51:00,541,0.761
P008,P024,CALLED,2026-08-23T04:52:00,677,0.884
P025,P055,CALLED,2026-08-24T11:53:00,1426,0.915
P042,P006,CALLED,2026-08-25T18:54:00,1655,0.942
P059,P037,CALLED,2026-08-26T01:55:00,2019,0.92
P076,P068,CALLED,2026-08-27T08:56:00,45,0.92
P013,P019,CALLED,2026-08-28T15:57:00,870,0.853
P030,P050,CALLED,2026-08-29T22:58:00,2288,0.966
P047,P001,CALLED,2026-08-30T05:59:00,291,0.824
P064,P032,CALLED,2026-08-01T12:00:00,2257,0.818
P001,P063,CALLED,2026-08-02T19:01:00,1306,0.983
P018,P014,CALLED,2026-08-03T02:02:00,38,0.892
P035,P045,CALLED,2026-08-04T09:03:00,698,0.815
P052,P076,CALLED,2026-08-05T16:04:00,1763,0.838
P069,P027,CALLED,2026-08-06T23:05:00,494,0.857
P006,P058,CALLED,2026-08-07T06:06:00,672,0.961
P023,P009,CALLED,2026-08-08T13:07:00,1018,0.771
P040,P042,CALLED,2026-08-09T20:08:00,222,0.947
P057,P071,CALLED,2026-08-10T03:09:00,932,0.953
P074,P022,CALLED,2026-08-11T10:10:00,229,0.919
P011,P053,CALLED,2026-08-12T17:11:00,1593,0.861
P028,P004,CALLED,2026-08-13T00:12:00,1178,0.825
P045,P035,CALLED,2026-08-14T07:13:00,2202,0.916
P062,P066,CALLED,2026-08-15T14:14:00,512,0.898
P079,P017,CALLED,2026-08-16T21:15:00,1974,0.759
P016,P048,CALLED,2026-08-17T04:16:00,2366,0.931
P033,P079,CALLED,2026-08-18T11:17:00,1347,0.866
P050,P030,CALLED,2026-08-19T18:18:00,486,0.801
P067,P061,CALLED,2026-08-20T01:19:00,1489,0.829
P004,P012,CALLED,2026-08-21T08:20:00,2259,0.958
P021,P043,CALLED,2026-08-22T15:21:00,1748,0.804
P038,P074,CALLED,2026-08-23T22:22:00,1660,0.902
P055,P025,CALLED,2026-08-24T05:23:00,2284,0.878
P072,P056,CALLED,2026-08-25T12:24:00,885,0.794
P009,P007,CALLED,2026-08-26T19:25:00,696,0.77
P026,P038,CALLED,2026-08-27T02:26:00,1086,0.953
P043,P069,CALLED,2026-08-28T09:27:00,1872,0.884
P060,P020,CALLED,2026-08-29T16:28:00,1896,0.793
P077,P051,CALLED,2026-08-30T23:29:00,2368,0.815
P014,P002,CALLED,2026-08-01T06:30:00,2217,0.98
P031,P033,CALLED,2026-08-02T13:31:00,976,0.833
P048,P064,CALLED,2026-08-03T20:32:00,2017,0.766
P065,P015,CALLED,2026-08-04T03:33:00,166,0.867
P002,P046,CALLED,2026-08-05T10:34:00,1424,0.831
P019,P077,CALLED,2026-08-06T17:35:00,1136,0.787
P036,P028,CALLED,2026-08-07T00:36:00,1486,0.879
P053,P059,CALLED,2026-08-08T07:37:00,1178,0.863
P070,P010,CALLED,2026-08-09T14:38:00,2100,0.792
P007,P041,CALLED,2026-08-10T21:39:00,360,0.757
P024,P072,CALLED,2026-08-11T04:40:00,1506,0.765
P041,P023,CALLED,2026-08-12T11:41:00,1205,0.819
P058,P054,CALLED,2026-08-13T18:42:00,1022,0.858
P075,P005,CALLED,2026-08-14T01:43:00,1906,0.903
P012,P036,CALLED,2026-08-15T08:44:00,464,0.778
P029,P067,CALLED,2026-08-16T15:45:00,1052,0.817
P046,P018,CALLED,2026-08-17T22:46:00,1696,0.865
P063,P049,CALLED,2026-08-18T05:47:00,760,0.761
P080,P002,CALLED,2026-08-19T12:48:00,421,0.791
P017,P031,CALLED,2026-08-20T19:49:00,449,0.823
P034,P062,CALLED,2026-08-21T02:50:00,2363,0.825
P051,P013,CALLED,2026-08-22T09:51:00,212,0.929
P068,P044,CALLED,2026-08-23T16:52:00,1701,0.831
P005,P075,CALLED,2026-08-24T23:53:00,864,0.904
P022,P026,CALLED,2026-08-25T06:54:00,1228,0.962
P039,P057,CALLED,2026-08-26T13:55:00,1311,0.799
P056,P008,CALLED,2026-08-27T20:56:00,424,0.83
P073,P039,CALLED,2026-08-28T03:57:00,1551,0.751
P010,P070,CALLED,2026-08-29T10:58:00,1404,0.945
P027,P021,CALLED,2026-08-30T17:59:00,126,0.806
P044,P052,CALLED,2026-08-01T00:00:00,2339,0.887
P061,P003,CALLED,2026-08-02T07:01:00,1216,0.799
P078,P034,CALLED,2026-08-03T14:02:00,497,0.811
P015,P065,CALLED,2026-08-04T21:03:00,724,0.867
P032,P016,CALLED,2026-08-05T04:04:00,1225,0.786
P049,P047,CALLED,2026-08-06T11:05:00,1388,0.812
P066,P078,CALLED,2026-08-07T18:06:00,1370,0.759
P003,P029,CALLED,2026-08-08T01:07:00,1476,0.968
P020,P060,CALLED,2026-08-09T08:08:00,1092,0.77
P037,P011,CALLED,2026-08-10T15:09:00,243,0.833
P054,P042,CALLED,2026-08-11T22:10:00,473,0.867
P071,P073,CALLED,2026-08-12T05:11:00,1713,0.923
P008,P024,CALLED,2026-08-13T12:12:00,26,0.788
P025,P055,CALLED,2026-08-14T19:13:00,1153,0.982
P042,P006,CALLED,2026-08-15T02:14:00,718,0.763
P059,P037,CALLED,2026-08-16T09:15:00,109,0.847
P076,P068,CALLED,2026-08-17T16:16:00,2089,0.9
P013,P019,CALLED,2026-08-18T23:17:00,2135,0.813
P030,P050,CALLED,2026-08-19T06:18:00,1166,0.935
P047,P001,CALLED,2026-08-20T13:19:00,1605,0.868
P064,P032,CALLED,2026-08-21T20:20:00,1549,0.853
P001,P063,CALLED,2026-08-22T03:21:00,2061,0.852
P018,P014,CALLED,2026-08-23T10:22:00,1691,0.762
P035,P045,CALLED,2026-08-24T17:23:00,1921,0.778
P052,P076,CALLED,2026-08-25T00:24:00,2390,0.79
P069,P027,CALLED,2026-08-26T07:25:00,1702,0.879
P006,P058,CALLED,2026-08-27T14:26:00,1883,0.769
P023,P009,CALLED,2026-08-28T21:27:00,1762,0.793
P040,P042,CALLED,2026-08-29T04:28:00,1350,0.791
P057,P071,CALLED,2026-08-30T11:29:00,1998,0.834
P074,P022,CALLED,2026-08-01T18:30:00,1092,0.842
P011,P053,CALLED,2026-08-02T01:31:00,37,0.905
P028,P004,CALLED,2026-08-03T08:32:00,2399,0.988
P045,P035,CALLED,2026-08-04T15:33:00,2301,0.831
P062,P066,CALLED,2026-08-05T22:34:00,2377,0.813
P079,P017,CALLED,2026-08-06T05:35:00,2069,0.904
P016,P048,CALLED,2026-08-07T12:36:00,362,0.985
P033,P079,CALLED,2026-08-08T19:37:00,680,0.823
P050,P030,CALLED,2026-08-09T02:38:00,1832,0.953
P067,P061,CALLED,2026-08-10T09:39:00,592,0.908
P004,P012,CALLED,2026-08-11T16:40:00,2283,0.843
P021,P043,CALLED,2026-08-12T23:41:00,1815,0.934
P038,P074,CALLED,2026-08-13T06:42:00,160,0.957
P055,P025,CALLED,2026-08-14T13:43:00,791,0.85
P072,P056,CALLED,2026-08-15T20:44:00,1602,0.919
P009,P007,CALLED,2026-08-16T03:45:00,665,0.825
P026,P038,CALLED,2026-08-17T10:46:00,2017,0.919
P043,P069,CALLED,2026-08-18T17:47:00,515,0.906
P060,P020,CALLED,2026-08-19T00:48:00,2355,0.777
P077,P051,CALLED,2026-08-20T07:49:00,783,0.869
P014,P002,CALLED,2026-08-21T14:50:00,1527,0.825
P031,P033,CALLED,2026-08-22T21:51:00,949,0.849
P048,P064,CALLED,2026-08-23T04:52:00,2297,0.876
P065,P015,CALLED,2026-08-24T11:53:00,450,0.981
P002,P046,CALLED,2026-08-25T18:54:00,289,0.956
P019,P077,CALLED,2026-08-26T01:55:00,1952,0.961
P036,P028,CALLED,2026-08-27T08:56:00,627,0.871
P053,P059,CALLED,2026-08-28T15:57:00,2376,0.913
P070,P010,CALLED,2026-08-29T22:58:00,2117,0.773
P007,P041,CALLED,2026-08-30T05:59:00,1564,0.768
P024,P072,CALLED,2026-08-01T12:00:00,1884,0.939
P041,P023,CALLED,2026-08-02T19:01:00,472,0.775
P058,P054,CALLED,2026-08-03T02:02:00,1874,0.943
P075,P005,CALLED,2026-08-04T09:03:00,858,0.946
P012,P036,CALLED,2026-08-05T16:04:00,2003,0.889
P029,P067,CALLED,2026-08-06T23:05:00,2209,0.853
P046,P018,CALLED,2026-08-07T06:06:00,420,0.765
P063,P049,CALLED,2026-08-08T13:07:00,1455,0.974
P080,P002,CALLED,2026-08-09T20:08:00,1141,0.913
P017,P031,CALLED,2026-08-10T03:09:00,1212,0.881
P034,P062,CALLED,2026-08-11T10:10:00,1849,0.837
P051,P013,CALLED,2026-08-12T17:11:00,923,0.935
P068,P044,CALLED,2026-08-13T00:12:00,1347,0.752
P005,P075,CALLED,2026-08-14T07:13:00,440,0.871
P022,P026,CALLED,2026-08-15T14:14:00,1077,0.983
P039,P057,CALLED,2026-08-16T21:15:00,2303,0.771
P056,P008,CALLED,2026-08-17T04:16:00,566,0.76
P073,P039,CALLED,2026-08-18T11:17:00,746,0.932
P010,P070,CALLED,2026-08-19T18:18:00,1959,0.959
P027,P021,CALLED,2026-08-20T01:19:00,1785,0.795
P044,P052,CALLED,2026-08-21T08:20:00,1606,0.797
P061,P003,CALLED,2026-08-22T15:21:00,959,0.956
P078,P034,CALLED,2026-08-23T22:22:00,1196,0.822
P015,P065,CALLED,2026-08-24T05:23:00,1264,0.922
P032,P016,CALLED,2026-08-25T12:24:00,487,0.894
P049,P047,CALLED,2026-08-26T19:25:00,597,0.866
P066,P078,CALLED,2026-08-27T02:26:00,1824,0.82
P003,P029,CALLED,2026-08-28T09:27:00,2387,0.931
P020,P060,CALLED,2026-08-29T16:28:00,939,0.814
P037,P011,CALLED,2026-08-30T23:29:00,102,0.86
P054,P042,CALLED,2026-08-01T06:30:00,2304,0.802
P071,P073,CALLED,2026-08-02T13:31:00,212,0.77
P008,P024,CALLED,2026-08-03T20:32:00,449,0.767
P025,P055,CALLED,2026-08-04T03:33:00,125,0.915
P042,P006,CALLED,2026-08-05T10:34:00,1389,0.791
P059,P037,CALLED,2026-08-06T17:35:00,691,0.802
P076,P068,CALLED,2026-08-07T00:36:00,301,0.891
P013,P019,CALLED,2026-08-08T07:37:00,1789,0.896
P030,P050,CALLED,2026-08-09T14:38:00,154,0.85
P047,P001,CALLED,2026-08-10T21:39:00,1319,0.789
P064,P032,CALLED,2026-08-11T04:40:00,1667,0.751
P001,P063,CALLED,2026-08-12T11:41:00,140,0.868
P018,P014,CALLED,2026-08-13T18:42:00,2313,0.782
P035,P045,CALLED,2026-08-14T01:43:00,1485,0.754
P052,P076,CALLED,2026-08-15T08:44:00,1705,0.925
P069,P027,CALLED,2026-08-16T15:45:00,1940,0.923
P006,P058,CALLED,2026-08-17T22:46:00,2392,0.78
P023,P009,CALLED,2026-08-18T05:47:00,1465,0.833
P040,P042,CALLED,2026-08-19T12:48:00,981,0.982
P057,P071,CALLED,2026-08-20T19:49:00,1260,0.907
P074,P022,CALLED,2026-08-21T02:50:00,181,0.918
P011,P053,CALLED,2026-08-22T09:51:00,1187,0.823
P028,P004,CALLED,2026-08-23T16:52:00,274,0.813
P045,P035,CALLED,2026-08-24T23:53:00,1328,0.948
P062,P066,CALLED,2026-08-25T06:54:00,1595,0.935
P079,P017,CALLED,2026-08-26T13:55:00,1773,0.937
P016,P048,CALLED,2026-08-27T20:56:00,1060,0.848
P033,P079,CALLED,2026-08-28T03:57:00,2007,0.807
P050,P030,CALLED,2026-08-29T10:58:00,1758,0.932
P067,P061,CALLED,2026-08-30T17:59:00,1648,0.875
P004,P012,CALLED,2026-08-01T00:00:00,977,0.861
P021,P043,CALLED,2026-08-02T07:01:00,1171,0.861
P038,P074,CALLED,2026-08-03T14:02:00,422,0.947
P055,P025,CALLED,2026-08-04T21:03:00,659,0.946
P072,P056,CALLED,2026-08-05T04:04:00,577,0.892
P009,P007,CALLED,2026-08-06T11:05:00,718,0.841
P026,P038,CALLED,2026-08-07T18:06:00,1566,0.837
P043,P069,CALLED,2026-08-08T01:07:00,774,0.827
P060,P020,CALLED,2026-08-09T08:08:00,1051,0.975
P077,P051,CALLED,2026-08-10T15:09:00,1724,0.887
P014,P002,CALLED,2026-08-11T22:10:00,1338,0.909
P031,P033,CALLED,2026-08-12T05:11:00,1199,0.838
P048,P064,CALLED,2026-08-13T12:12:00,645,0.824
P065,P015,CALLED,2026-08-14T19:13:00,740,0.955
P002,P046,CALLED,2026-08-15T02:14:00,741,0.791
P019,P077,CALLED,2026-08-16T09:15:00,786,0.806
P036,P028,CALLED,2026-08-17T16:16:00,116,0.751
P053,P059,CALLED,2026-08-18T23:17:00,1964,0.899
P070,P010,CALLED,2026-08-19T06:18:00,1668,0.957
P007,P041,CALLED,2026-08-20T13:19:00,459,0.772
P024,P072,CALLED,2026-08-21T20:20:00,1369,0.758
P041,P023,CALLED,2026-08-22T03:21:00,912,0.752
P058,P054,CALLED,2026-08-23T10:22:00,840,0.818
P075,P005,CALLED,2026-08-24T17:23:00,2337,0.927
P012,P036,CALLED,2026-08-25T00:24:00,2305,0.922
P029,P067,CALLED,2026-08-26T07:25:00,1157,0.926
P046,P018,CALLED,2026-08-27T14:26:00,1490,0.91
P063,P049,CALLED,2026-08-28T21:27:00,1921,0.925
P080,P002,CALLED,2026-08-29T04:28:00,1721,0.903
P017,P031,CALLED,2026-08-30T11:29:00,889,0.843
P034,P062,CALLED,2026-08-01T18:30:00,1236,0.955
P051,P013,CALLED,2026-08-02T01:31:00,1912,0.919
P068,P044,CALLED,2026-08-03T08:32:00,1298,0.879
P005,P075,CALLED,2026-08-04T15:33:00,2138,0.895
P022,P026,CALLED,2026-08-05T22:34:00,614,0.976
P039,P057,CALLED,2026-08-06T05:35:00,1975,0.76
P056,P008,CALLED,2026-08-07T12:36:00,675,0.799
P073,P039,CALLED,2026-08-08T19:37:00,2367,0.784
P010,P070,CALLED,2026-08-09T02:38:00,29,0.762
P027,P021,CALLED,2026-08-10T09:39:00,177,0.765
P044,P052,CALLED,2026-08-11T16:40:00,693,0.778
P061,P003,CALLED,2026-08-12T23:41:00,1955,0.777
P078,P034,CALLED,2026-08-13T06:42:00,1460,0.956
P015,P065,CALLED,2026-08-14T13:43:00,1732,0.973
P032,P016,CALLED,2026-08-15T20:44:00,364,0.902
P049,P047,CALLED,2026-08-16T03:45:00,239,0.802
P066,P078,CALLED,2026-08-17T10:46:00,988,0.893
P003,P029,CALLED,2026-08-18T17:47:00,90,0.782
P020,P060,CALLED,2026-08-19T00:48:00,53,0.777
P037,P011,CALLED,2026-08-20T07:49:00,2396,0.843
P054,P042,CALLED,2026-08-21T14:50:00,2319,0.783
P071,P073,CALLED,2026-08-22T21:51:00,1433,0.921
P008,P024,CALLED,2026-08-23T04:52:00,1026,0.837
P025,P055,CALLED,2026-08-24T11:53:00,1889,0.869
P042,P006,CALLED,2026-08-25T18:54:00,2181,0.871
P059,P037,CALLED,2026-08-26T01:55:00,1863,0.878
P076,P068,CALLED,2026-08-27T08:56:00,1725,0.921
P013,P019,CALLED,2026-08-28T15:57:00,1705,0.88
P030,P050,CALLED,2026-08-29T22:58:00,728,0.77
P047,P001,CALLED,2026-08-30T05:59:00,1312,0.952
P064,P032,CALLED,2026-08-01T12:00:00,2081,0.853
P001,P063,CALLED,2026-08-02T19:01:00,2026,0.907
P018,P014,CALLED,2026-08-03T02:02:00,271,0.912
P035,P045,CALLED,2026-08-04T09:03:00,959,0.789
P052,P076,CALLED,2026-08-05T16:04:00,2009,0.949
P069,P027,CALLED,2026-08-06T23:05:00,1748,0.808
P006,P058,CALLED,2026-08-07T06:06:00,1362,0.833
P023,P009,CALLED,2026-08-08T13:07:00,1403,0.926
P040,P042,CALLED,2026-08-09T20:08:00,179,0.965
P057,P071,CALLED,2026-08-10T03:09:00,1760,0.843
P074,P022,CALLED,2026-08-11T10:10:00,1468,0.863
P011,P053,CALLED,2026-08-12T17:11:00,1093,0.879
P028,P004,CALLED,2026-08-13T00:12:00,39,0.986
P045,P035,CALLED,2026-08-14T07:13:00,2287,0.924
P062,P066,CALLED,2026-08-15T14:14:00,514,0.828
P079,P017,CALLED,2026-08-16T21:15:00,1963,0.772
P016,P048,CALLED,2026-08-17T04:16:00,318,0.791
P033,P079,CALLED,2026-08-18T11:17:00,1192,0.985
P050,P030,CALLED,2026-08-19T18:18:00,1971,0.931
P067,P061,CALLED,2026-08-20T01:19:00,392,0.756
P004,P012,CALLED,2026-08-21T08:20:00,1844,0.866
P021,P043,CALLED,2026-08-22T15:21:00,539,0.901
P038,P074,CALLED,2026-08-23T22:22:00,1965,0.956
P055,P025,CALLED,2026-08-24T05:23:00,2051,0.947
P072,P056,CALLED,2026-08-25T12:24:00,449,0.977
P009,P007,CALLED,2026-08-26T19:25:00,685,0.756
P026,P038,CALLED,2026-08-27T02:26:00,1793,0.95
P043,P069,CALLED,2026-08-28T09:27:00,2299,0.861
P060,P020,CALLED,2026-08-29T16:28:00,1920,0.902
P077,P051,CALLED,2026-08-30T23:29:00,968,0.754
P014,P002,CALLED,2026-08-01T06:30:00,1265,0.807
P031,P033,CALLED,2026-08-02T13:31:00,1656,0.785
P048,P064,CALLED,2026-08-03T20:32:00,1904,0.783
P065,P015,CALLED,2026-08-04T03:33:00,140,0.839
P002,P046,CALLED,2026-08-05T10:34:00,1198,0.927
P019,P077,CALLED,2026-08-06T17:35:00,1628,0.822
P036,P028,CALLED,2026-08-07T00:36:00,1858,0.802
P053,P059,CALLED,2026-08-08T07:37:00,2292,0.787
P070,P010,CALLED,2026-08-09T14:38:00,248,0.856
P007,P041,CALLED,2026-08-10T21:39:00,1481,0.755
P024,P072,CALLED,2026-08-11T04:40:00,72,0.949
P041,P023,CALLED,2026-08-12T11:41:00,1557,0.96
P058,P054,CALLED,2026-08-13T18:42:00,1113,0.914
P075,P005,CALLED,2026-08-14T01:43:00,2010,0.978
P012,P036,CALLED,2026-08-15T08:44:00,906,0.891
P029,P067,CALLED,2026-08-16T15:45:00,1898,0.861
P046,P018,CALLED,2026-08-17T22:46:00,964,0.826
P063,P049,CALLED,2026-08-18T05:47:00,1432,0.759
P080,P002,CALLED,2026-08-19T12:48:00,935,0.939
P017,P031,CALLED,2026-08-20T19:49:00,1241,0.787
P034,P062,CALLED,2026-08-21T02:50:00,2355,0.934
P051,P013,CALLED,2026-08-22T09:51:00,83,0.912
P068,P044,CALLED,2026-08-23T16:52:00,1753,0.762
P005,P075,CALLED,2026-08-24T23:53:00,2364,0.932
P022,P026,CALLED,2026-08-25T06:54:00,284,0.811
P039,P057,CALLED,2026-08-26T13:55:00,1593,0.919
P056,P008,CALLED,2026-08-27T20:56:00,629,0.855
P073,P039,CALLED,2026-08-28T03:57:00,1700,0.98
P010,P070,CALLED,2026-08-29T10:58:00,2157,0.92
P027,P021,CALLED,2026-08-30T17:59:00,1643,0.806
P044,P052,CALLED,2026-08-01T00:00:00,1112,0.923
P061,P003,CALLED,2026-08-02T07:01:00,1260,0.844
P078,P034,CALLED,2026-08-03T14:02:00,298,0.772
P015,P065,CALLED,2026-08-04T21:03:00,493,0.858
P032,P016,CALLED,2026-08-05T04:04:00,1675,0.787
P049,P047,CALLED,2026-08-06T11:05:00,646,0.954
P066,P078,CALLED,2026-08-07T18:06:00,35,0.91
P003,P029,CALLED,2026-08-08T01:07:00,1304,0.859
P020,P060,CALLED,2026-08-09T08:08:00,196,0.827
P037,P011,CALLED,2026-08-10T15:09:00,1023,0.815
P054,P042,CALLED,2026-08-11T22:10:00,657,0.801
P071,P073,CALLED,2026-08-12T05:11:00,1678,0.976
P008,P024,CALLED,2026-08-13T12:12:00,1360,0.794
P025,P055,CALLED,2026-08-14T19:13:00,2009,0.881
P042,P006,CALLED,2026-08-15T02:14:00,1973,0.888
P059,P037,CALLED,2026-08-16T09:15:00,151,0.802
P076,P068,CALLED,2026-08-17T16:16:00,259,0.914
P013,P019,CALLED,2026-08-18T23:17:00,1141,0.909
P030,P050,CALLED,2026-08-19T06:18:00,2257,0.787
P047,P001,CALLED,2026-08-20T13:19:00,775,0.853
P064,P032,CALLED,2026-08-21T20:20:00,1143,0.831
P001,P063,CALLED,2026-08-22T03:21:00,1847,0.98
P018,P014,CALLED,2026-08-23T10:22:00,1269,0.879
P035,P045,CALLED,2026-08-24T17:23:00,697,0.876
P052,P076,CALLED,2026-08-25T00:24:00,2056,0.943
P069,P027,CALLED,2026-08-26T07:25:00,1227,0.859
P006,P058,CALLED,2026-08-27T14:26:00,1619,0.872
P023,P009,CALLED,2026-08-28T21:27:00,1848,0.902
P040,P042,CALLED,2026-08-29T04:28:00,1708,0.772
P057,P071,CALLED,2026-08-30T11:29:00,2351,0.948
P074,P022,CALLED,2026-08-01T18:30:00,1444,0.927
P011,P053,CALLED,2026-08-02T01:31:00,1649,0.756
P028,P004,CALLED,2026-08-03T08:32:00,2332,0.914
P045,P035,CALLED,2026-08-04T15:33:00,1145,0.753
P062,P066,CALLED,2026-08-05T22:34:00,731,0.891
P079,P017,CALLED,2026-08-06T05:35:00,625,0.818
P016,P048,CALLED,2026-08-07T12:36:00,2103,0.794
P033,P079,CALLED,2026-08-08T19:37:00,1648,0.875
P050,P030,CALLED,2026-08-09T02:38:00,1180,0.966
P067,P061,CALLED,2026-08-10T09:39:00,1637,0.792
P004,P012,CALLED,2026-08-11T16:40:00,1692,0.936
P021,P043,CALLED,2026-08-12T23:41:00,1854,0.932
P038,P074,CALLED,2026-08-13T06:42:00,152,0.977
P055,P025,CALLED,2026-08-14T13:43:00,2136,0.84
P072,P056,CALLED,2026-08-15T20:44:00,2345,0.984
P009,P007,CALLED,2026-08-16T03:45:00,2102,0.982
P026,P038,CALLED,2026-08-17T10:46:00,611,0.795
P043,P069,CALLED,2026-08-18T17:47:00,529,0.952
P060,P020,CALLED,2026-08-19T00:48:00,24,0.887
P077,P051,CALLED,2026-08-20T07:49:00,224,0.858
P014,P002,CALLED,2026-08-21T14:50:00,815,0.893
P031,P033,CALLED,2026-08-22T21:51:00,1335,0.796
P048,P064,CALLED,2026-08-23T04:52:00,549,0.856
P065,P015,CALLED,2026-08-24T11:53:00,657,0.864
P002,P046,CALLED,2026-08-25T18:54:00,999,0.964
P019,P077,CALLED,2026-08-26T01:55:00,225,0.825
P036,P028,CALLED,2026-08-27T08:56:00,1259,0.837
P053,P059,CALLED,2026-08-28T15:57:00,1141,0.966
P070,P010,CALLED,2026-08-29T22:58:00,1910,0.868
P007,P041,CALLED,2026-08-30T05:59:00,1664,0.812
P024,P072,CALLED,2026-08-01T12:00:00,225,0.989
P041,P023,CALLED,2026-08-02T19:01:00,1657,0.902
P058,P054,CALLED,2026-08-03T02:02:00,1886,0.805
P075,P005,CALLED,2026-08-04T09:03:00,1620,0.834
P012,P036,CALLED,2026-08-05T16:04:00,2324,0.797
P029,P067,CALLED,2026-08-06T23:05:00,2357,0.764
P046,P018,CALLED,2026-08-07T06:06:00,1508,0.853
P063,P049,CALLED,2026-08-08T13:07:00,2381,0.829
P080,P002,CALLED,2026-08-09T20:08:00,2018,0.816
P017,P031,CALLED,2026-08-10T03:09:00,1463,0.964
P034,P062,CALLED,2026-08-11T10:10:00,1902,0.862
P051,P013,CALLED,2026-08-12T17:11:00,2170,0.916
P068,P044,CALLED,2026-08-13T00:12:00,1387,0.976
P005,P075,CALLED,2026-08-14T07:13:00,796,0.94
P022,P026,CALLED,2026-08-15T14:14:00,1048,0.83
P039,P057,CALLED,2026-08-16T21:15:00,574,0.913
P056,P008,CALLED,2026-08-17T04:16:00,1062,0.848
P073,P039,CALLED,2026-08-18T11:17:00,1050,0.856
P010,P070,CALLED,2026-08-19T18:18:00,684,0.796
P027,P021,CALLED,2026-08-20T01:19:00,2377,0.904
P044,P052,CALLED,2026-08-21T08:20:00,394,0.805
P061,P003,CALLED,2026-08-22T15:21:00,645,0.983
P078,P034,CALLED,2026-08-23T22:22:00,1477,0.84
P015,P065,CALLED,2026-08-24T05:23:00,2366,0.926
P032,P016,CALLED,2026-08-25T12:24:00,1461,0.979
P049,P047,CALLED,2026-08-26T19:25:00,1198,0.833
P066,P078,CALLED,2026-08-27T02:26:00,723,0.931
P003,P029,CALLED,2026-08-28T09:27:00,1525,0.898
P020,P060,CALLED,2026-08-29T16:28:00,1971,0.772
P037,P011,CALLED,2026-08-30T23:29:00,323,0.752
P054,P042,CALLED,2026-08-01T06:30:00,1961,0.771
P071,P073,CALLED,2026-08-02T13:31:00,1559,0.768
P008,P024,CALLED,2026-08-03T20:32:00,56,0.776
P025,P055,CALLED,2026-08-04T03:33:00,1202,0.982
P042,P006,CALLED,2026-08-05T10:34:00,1523,0.894
P059,P037,CALLED,2026-08-06T17:35:00,2095,0.763
P076,P068,CALLED,2026-08-07T00:36:00,91,0.823
P013,P019,CALLED,2026-08-08T07:37:00,1386,0.787
P030,P050,CALLED,2026-08-09T14:38:00,465,0.89
P047,P001,CALLED,2026-08-10T21:39:00,2218,0.887
P064,P032,CALLED,2026-08-11T04:40:00,902,0.912
P001,P063,CALLED,2026-08-12T11:41:00,567,0.833
P018,P014,CALLED,2026-08-13T18:42:00,1912,0.829
P035,P045,CALLED,2026-08-14T01:43:00,1522,0.915
P052,P076,CALLED,2026-08-15T08:44:00,187,0.814
P069,P027,CALLED,2026-08-16T15:45:00,151,0.961
P006,P058,CALLED,2026-08-17T22:46:00,229,0.969
P023,P009,CALLED,2026-08-18T05:47:00,1976,0.852
P040,P042,CALLED,2026-08-19T12:48:00,1065,0.818
P057,P071,CALLED,2026-08-20T19:49:00,1761,0.862
P074,P022,CALLED,2026-08-21T02:50:00,1641,0.826
P011,P053,CALLED,2026-08-22T09:51:00,1097,0.816
P028,P004,CALLED,2026-08-23T16:52:00,1799,0.902
P045,P035,CALLED,2026-08-24T23:53:00,688,0.764
P062,P066,CALLED,2026-08-25T06:54:00,702,0.942
P079,P017,CALLED,2026-08-26T13:55:00,1010,0.781
P016,P048,CALLED,2026-08-27T20:56:00,1194,0.982
P033,P079,CALLED,2026-08-28T03:57:00,1035,0.943
P050,P030,CALLED,2026-08-29T10:58:00,292,0.831
P067,P061,CALLED,2026-08-30T17:59:00,533,0.883
P004,P012,CALLED,2026-08-01T00:00:00,38,0.839
P021,P043,CALLED,2026-08-02T07:01:00,1116,0.848
P038,P074,CALLED,2026-08-03T14:02:00,1075,0.908
P055,P025,CALLED,2026-08-04T21:03:00,2332,0.9
P072,P056,CALLED,2026-08-05T04:04:00,126,0.93
P009,P007,CALLED,2026-08-06T11:05:00,2200,0.771
P026,P038,CALLED,2026-08-07T18:06:00,842,0.847
P043,P069,CALLED,2026-08-08T01:07:00,574,0.954
P060,P020,CALLED,2026-08-09T08:08:00,480,0.802
P077,P051,CALLED,2026-08-10T15:09:00,1186,0.946
P014,P002,CALLED,2026-08-11T22:10:00,1940,0.985
P031,P033,CALLED,2026-08-12T05:11:00,269,0.927
P048,P064,CALLED,2026-08-13T12:12:00,2370,0.89
P065,P015,CALLED,2026-08-14T19:13:00,1071,0.89
P002,P046,CALLED,2026-08-15T02:14:00,1298,0.801
P019,P077,CALLED,2026-08-16T09:15:00,225,0.981
P036,P028,CALLED,2026-08-17T16:16:00,494,0.766
P053,P059,CALLED,2026-08-18T23:17:00,1450,0.784
P070,P010,CALLED,2026-08-19T06:18:00,1897,0.87
P007,P041,CALLED,2026-08-20T13:19:00,1107,0.782
P024,P072,CALLED,2026-08-21T20:20:00,390,0.988
P041,P023,CALLED,2026-08-22T03:21:00,1631,0.822
P058,P054,CALLED,2026-08-23T10:22:00,1038,0.762
P075,P005,CALLED,2026-08-24T17:23:00,1847,0.841
P012,P036,CALLED,2026-08-25T00:24:00,1580,0.904
P029,P067,CALLED,2026-08-26T07:25:00,633,0.91
P046,P018,CALLED,2026-08-27T14:26:00,946,0.848
P063,P049,CALLED,2026-08-28T21:27:00,1444,0.766
P080,P002,CALLED,2026-08-29T04:28:00,193,0.915
P017,P031,CALLED,2026-08-30T11:29:00,1652,0.811
P034,P062,CALLED,2026-08-01T18:30:00,1525,0.752
P051,P013,CALLED,2026-08-02T01:31:00,72,0.838
P068,P044,CALLED,2026-08-03T08:32:00,2083,0.917
P005,P075,CALLED,2026-08-04T15:33:00,2031,0.851
P022,P026,CALLED,2026-08-05T22:34:00,2079,0.958
P039,P057,CALLED,2026-08-06T05:35:00,1160,0.849
P056,P008,CALLED,2026-08-07T12:36:00,1348,0.794
P073,P039,CALLED,2026-08-08T19:37:00,2305,0.885
P010,P070,CALLED,2026-08-09T02:38:00,923,0.752
P027,P021,CALLED,2026-08-10T09:39:00,1424,0.776
P044,P052,CALLED,2026-08-11T16:40:00,1849,0.887
P061,P003,CALLED,2026-08-12T23:41:00,1882,0.878
P078,P034,CALLED,2026-08-13T06:42:00,1101,0.893
P015,P065,CALLED,2026-08-14T13:43:00,931,0.911
P032,P016,CALLED,2026-08-15T20:44:00,89,0.761
P049,P047,CALLED,2026-08-16T03:45:00,585,0.784
P066,P078,CALLED,2026-08-17T10:46:00,1630,0.897
P003,P029,CALLED,2026-08-18T17:47:00,1007,0.954
P020,P060,CALLED,2026-08-19T00:48:00,1483,0.962
P037,P011,CALLED,2026-08-20T07:49:00,1988,0.897
P054,P042,CALLED,2026-08-21T14:50:00,1780,0.761
P071,P073,CALLED,2026-08-22T21:51:00,1263,0.933
P008,P024,CALLED,2026-08-23T04:52:00,1702,0.88
P025,P055,CALLED,2026-08-24T11:53:00,810,0.952
P042,P006,CALLED,2026-08-25T18:54:00,994,0.77
P059,P037,CALLED,2026-08-26T01:55:00,1495,0.926
P076,P068,CALLED,2026-08-27T08:56:00,2303,0.988
P013,P019,CALLED,2026-08-28T15:57:00,694,0.826
P030,P050,CALLED,2026-08-29T22:58:00,1860,0.848
P047,P001,CALLED,2026-08-30T05:59:00,1163,0.849
P064,P032,CALLED,2026-08-01T12:00:00,1242,0.944
P001,P063,CALLED,2026-08-02T19:01:00,2267,0.813
P018,P014,CALLED,2026-08-03T02:02:00,1173,0.765
P035,P045,CALLED,2026-08-04T09:03:00,2008,0.829
P052,P076,CALLED,2026-08-05T16:04:00,2100,0.803
P069,P027,CALLED,2026-08-06T23:05:00,885,0.889
P006,P058,CALLED,2026-08-07T06:06:00,439,0.786
P023,P009,CALLED,2026-08-08T13:07:00,2097,0.827
P040,P042,CALLED,2026-08-09T20:08:00,470,0.977
P057,P071,CALLED,2026-08-10T03:09:00,1691,0.941
P074,P022,CALLED,2026-08-11T10:10:00,1644,0.817
P011,P053,CALLED,2026-08-12T17:11:00,938,0.934
P028,P004,CALLED,2026-08-13T00:12:00,1162,0.823
P045,P035,CALLED,2026-08-14T07:13:00,1282,0.86
P062,P066,CALLED,2026-08-15T14:14:00,748,0.935
P079,P017,CALLED,2026-08-16T21:15:00,1271,0.831
P016,P048,CALLED,2026-08-17T04:16:00,1756,0.971
P033,P079,CALLED,2026-08-18T11:17:00,700,0.78
P050,P030,CALLED,2026-08-19T18:18:00,2288,0.935
P067,P061,CALLED,2026-08-20T01:19:00,2117,0.885
P004,P012,CALLED,2026-08-21T08:20:00,1139,0.812
P021,P043,CALLED,2026-08-22T15:21:00,1655,0.944
P038,P074,CALLED,2026-08-23T22:22:00,2147,0.809
P055,P025,CALLED,2026-08-24T05:23:00,1677,0.815
P072,P056,CALLED,2026-08-25T12:24:00,527,0.773
P009,P007,CALLED,2026-08-26T19:25:00,86,0.891
P026,P038,CALLED,2026-08-27T02:26:00,2253,0.846
P043,P069,CALLED,2026-08-28T09:27:00,1673,0.962
P060,P020,CALLED,2026-08-29T16:28:00,150,0.767
P077,P051,CALLED,2026-08-30T23:29:00,329,0.775
P014,P002,CALLED,2026-08-01T06:30:00,2284,0.95
P031,P033,CALLED,2026-08-02T13:31:00,2071,0.903
P048,P064,CALLED,2026-08-03T20:32:00,2202,0.931
P065,P015,CALLED,2026-08-04T03:33:00,1462,0.906
P002,P046,CALLED,2026-08-05T10:34:00,1507,0.8
P019,P077,CALLED,2026-08-06T17:35:00,1451,0.846
P036,P028,CALLED,2026-08-07T00:36:00,1824,0.813
P053,P059,CALLED,2026-08-08T07:37:00,837,0.905
P070,P010,CALLED,2026-08-09T14:38:00,829,0.969
P007,P041,CALLED,2026-08-10T21:39:00,1591,0.932
P024,P072,CALLED,2026-08-11T04:40:00,2092,0.825
P041,P023,CALLED,2026-08-12T11:41:00,1425,0.932
P058,P054,CALLED,2026-08-13T18:42:00,2374,0.979
P075,P005,CALLED,2026-08-14T01:43:00,145,0.93
P012,P036,CALLED,2026-08-15T08:44:00,1420,0.942
P029,P067,CALLED,2026-08-16T15:45:00,1658,0.856
P046,P018,CALLED,2026-08-17T22:46:00,827,0.934
P063,P049,CALLED,2026-08-18T05:47:00,573,0.878
P080,P002,CALLED,2026-08-19T12:48:00,367,0.8
P017,P031,CALLED,2026-08-20T19:49:00,2201,0.803
P034,P062,CALLED,2026-08-21T02:50:00,317,0.869
P051,P013,CALLED,2026-08-22T09:51:00,418,0.957
P068,P044,CALLED,2026-08-23T16:52:00,2014,0.961
P005,P075,CALLED,2026-08-24T23:53:00,1964,0.92
P022,P026,CALLED,2026-08-25T06:54:00,2333,0.846
P039,P057,CALLED,2026-08-26T13:55:00,1423,0.76
P056,P008,CALLED,2026-08-27T20:56:00,1071,0.798
P073,P039,CALLED,2026-08-28T03:57:00,1708,0.766
P010,P070,CALLED,2026-08-29T10:58:00,1576,0.923
P027,P021,CALLED,2026-08-30T17:59:00,876,0.811
P044,P052,CALLED,2026-08-01T00:00:00,1877,0.818
P061,P003,CALLED,2026-08-02T07:01:00,1305,0.897
P078,P034,CALLED,2026-08-03T14:02:00,663,0.77
P015,P065,CALLED,2026-08-04T21:03:00,1328,0.913
P032,P016,CALLED,2026-08-05T04:04:00,1271,0.778
P049,P047,CALLED,2026-08-06T11:05:00,158,0.966
P066,P078,CALLED,2026-08-07T18:06:00,277,0.944
P003,P029,CALLED,2026-08-08T01:07:00,364,0.965
P020,P060,CALLED,2026-08-09T08:08:00,1045,0.921
P037,P011,CALLED,2026-08-10T15:09:00,623,0.902
P054,P042,CALLED,2026-08-11T22:10:00,611,0.801
P071,P073,CALLED,2026-08-12T05:11:00,2189,0.889
P008,P024,CALLED,2026-08-13T12:12:00,963,0.86
P025,P055,CALLED,2026-08-14T19:13:00,1970,0.82
P042,P006,CALLED,2026-08-15T02:14:00,1891,0.93
P059,P037,CALLED,2026-08-16T09:15:00,145,0.813
P076,P068,CALLED,2026-08-17T16:16:00,2088,0.896
P013,P019,CALLED,2026-08-18T23:17:00,398,0.872
P030,P050,CALLED,2026-08-19T06:18:00,474,0.987
P047,P001,CALLED,2026-08-20T13:19:00,840,0.981
P064,P032,CALLED,2026-08-21T20:20:00,608,0.963
P001,P063,CALLED,2026-08-22T03:21:00,1280,0.961
P018,P014,CALLED,2026-08-23T10:22:00,1417,0.91
P035,P045,CALLED,2026-08-24T17:23:00,1769,0.834
P052,P076,CALLED,2026-08-25T00:24:00,789,0.801
P069,P027,CALLED,2026-08-26T07:25:00,92,0.817
P006,P058,CALLED,2026-08-27T14:26:00,2161,0.848
P023,P009,CALLED,2026-08-28T21:27:00,1731,0.94
P040,P042,CALLED,2026-08-29T04:28:00,49,0.877
P057,P071,CALLED,2026-08-30T11:29:00,1461,0.835
P074,P022,CALLED,2026-08-01T18:30:00,411,0.798
P011,P053,CALLED,2026-08-02T01:31:00,517,0.951
P028,P004,CALLED,2026-08-03T08:32:00,1098,0.944
P045,P035,CALLED,2026-08-04T15:33:00,2060,0.846
P062,P066,CALLED,2026-08-05T22:34:00,592,0.796
P079,P017,CALLED,2026-08-06T05:35:00,1306,0.804
P016,P048,CALLED,2026-08-07T12:36:00,1179,0.974
P033,P079,CALLED,2026-08-08T19:37:00,1951,0.896
P050,P030,CALLED,2026-08-09T02:38:00,968,0.972
P067,P061,CALLED,2026-08-10T09:39:00,1291,0.888
P004,P012,CALLED,2026-08-11T16:40:00,897,0.956
P021,P043,CALLED,2026-08-12T23:41:00,1848,0.792
P038,P074,CALLED,2026-08-13T06:42:00,1596,0.787
P055,P025,CALLED,2026-08-14T13:43:00,713,0.784
P072,P056,CALLED,2026-08-15T20:44:00,1150,0.805
P009,P007,CALLED,2026-08-16T03:45:00,350,0.984
P026,P038,CALLED,2026-08-17T10:46:00,1412,0.854
P043,P069,CALLED,2026-08-18T17:47:00,1201,0.963
P060,P020,CALLED,2026-08-19T00:48:00,1931,0.92
P077,P051,CALLED,2026-08-20T07:49:00,1870,0.789
P014,P002,CALLED,2026-08-21T14:50:00,2113,0.947
P031,P033,CALLED,2026-08-22T21:51:00,1083,0.863
P048,P064,CALLED,2026-08-23T04:52:00,32,0.773
P065,P015,CALLED,2026-08-24T11:53:00,1603,0.924
P002,P046,CALLED,2026-08-25T18:54:00,1663,0.945
P019,P077,CALLED,2026-08-26T01:55:00,95,0.859
P036,P028,CALLED,2026-08-27T08:56:00,11,0.764
P053,P059,CALLED,2026-08-28T15:57:00,2004,0.795
P070,P010,CALLED,2026-08-29T22:58:00,1806,0.923
P007,P041,CALLED,2026-08-30T05:59:00,391,0.905
P024,P072,CALLED,2026-08-01T12:00:00,65,0.779
P041,P023,CALLED,2026-08-02T19:01:00,946,0.785
P058,P054,CALLED,2026-08-03T02:02:00,906,0.981
P075,P005,CALLED,2026-08-04T09:03:00,930,0.793
P012,P036,CALLED,2026-08-05T16:04:00,983,0.899
P029,P067,CALLED,2026-08-06T23:05:00,1765,0.853
P046,P018,CALLED,2026-08-07T06:06:00,856,0.879
P063,P049,CALLED,2026-08-08T13:07:00,1046,0.751
P080,P002,CALLED,2026-08-09T20:08:00,485,0.85
P017,P031,CALLED,2026-08-10T03:09:00,89,0.837
P034,P062,CALLED,2026-08-11T10:10:00,1069,0.814
P051,P013,CALLED,2026-08-12T17:11:00,1698,0.91
P068,P044,CALLED,2026-08-13T00:12:00,1373,0.832
P005,P075,CALLED,2026-08-14T07:13:00,1798,0.784
P022,P026,CALLED,2026-08-15T14:14:00,842,0.921
P039,P057,CALLED,2026-08-16T21:15:00,2250,0.898
P056,P008,CALLED,2026-08-17T04:16:00,2009,0.862
P073,P039,CALLED,2026-08-18T11:17:00,696,0.804
P010,P070,CALLED,2026-08-19T18:18:00,718,0.933
P027,P021,CALLED,2026-08-20T01:19:00,1824,0.913
P044,P052,CALLED,2026-08-21T08:20:00,1977,0.901
P061,P003,CALLED,2026-08-22T15:21:00,2160,0.904
P078,P034,CALLED,2026-08-23T22:22:00,1433,0.788
P015,P065,CALLED,2026-08-24T05:23:00,1834,0.936
P032,P016,CALLED,2026-08-25T12:24:00,1396,0.905
P049,P047,CALLED,2026-08-26T19:25:00,26,0.783
P066,P078,CALLED,2026-08-27T02:26:00,517,0.988
P003,P029,CALLED,2026-08-28T09:27:00,1837,0.931
P020,P060,CALLED,2026-08-29T16:28:00,2400,0.867
P037,P011,CALLED,2026-08-30T23:29:00,1022,0.884
P054,P042,CALLED,2026-08-01T06:30:00,1819,0.912
P071,P073,CALLED,2026-08-02T13:31:00,1233,0.796
P008,P024,CALLED,2026-08-03T20:32:00,162,0.863
P025,P055,CALLED,2026-08-04T03:33:00,1174,0.946
P042,P006,CALLED,2026-08-05T10:34:00,56,0.944
P059,P037,CALLED,2026-08-06T17:35:00,1612,0.794
P076,P068,CALLED,2026-08-07T00:36:00,1599,0.884
P013,P019,CALLED,2026-08-08T07:37:00,979,0.945
P030,P050,CALLED,2026-08-09T14:38:00,1846,0.89
P047,P001,CALLED,2026-08-10T21:39:00,1448,0.754
P064,P032,CALLED,2026-08-11T04:40:00,247,0.987
P001,P063,CALLED,2026-08-12T11:41:00,543,0.886
P018,P014,CALLED,2026-08-13T18:42:00,1416,0.902
P035,P045,CALLED,2026-08-14T01:43:00,2156,0.82
P052,P076,CALLED,2026-08-15T08:44:00,1603,0.838
P069,P027,CALLED,2026-08-16T15:45:00,2098,0.786
P006,P058,CALLED,2026-08-17T22:46:00,1286,0.965
P023,P009,CALLED,2026-08-18T05:47:00,730,0.849
P040,P042,CALLED,2026-08-19T12:48:00,2151,0.842
P057,P071,CALLED,2026-08-20T19:49:00,574,0.935
P074,P022,CALLED,2026-08-21T02:50:00,2298,0.787
P011,P053,CALLED,2026-08-22T09:51:00,1198,0.809
P028,P004,CALLED,2026-08-23T16:52:00,1958,0.812
P045,P035,CALLED,2026-08-24T23:53:00,1699,0.96
P062,P066,CALLED,2026-08-25T06:54:00,2226,0.804
P079,P017,CALLED,2026-08-26T13:55:00,1256,0.871
P016,P048,CALLED,2026-08-27T20:56:00,125,0.871
P033,P079,CALLED,2026-08-28T03:57:00,847,0.79
P050,P030,CALLED,2026-08-29T10:58:00,291,0.916
P067,P061,CALLED,2026-08-30T17:59:00,1534,0.883
P004,P012,CALLED,2026-08-01T00:00:00,1472,0.82
P021,P043,CALLED,2026-08-02T07:01:00,128,0.967
P038,P074,CALLED,2026-08-03T14:02:00,1678,0.83
P055,P025,CALLED,2026-08-04T21:03:00,408,0.784
P072,P056,CALLED,2026-08-05T04:04:00,216,0.821
P009,P007,CALLED,2026-08-06T11:05:00,1472,0.835
P026,P038,CALLED,2026-08-07T18:06:00,1625,0.801
P043,P069,CALLED,2026-08-08T01:07:00,1085,0.858
P060,P020,CALLED,2026-08-09T08:08:00,1434,0.764
P077,P051,CALLED,2026-08-10T15:09:00,2044,0.938
P014,P002,CALLED,2026-08-11T22:10:00,2348,0.859
P031,P033,CALLED,2026-08-12T05:11:00,2177,0.835
P048,P064,CALLED,2026-08-13T12:12:00,89,0.974
P065,P015,CALLED,2026-08-14T19:13:00,412,0.787
P002,P046,CALLED,2026-08-15T02:14:00,937,0.863
P019,P077,CALLED,2026-08-16T09:15:00,1009,0.926
P036,P028,CALLED,2026-08-17T16:16:00,392,0.965
P053,P059,CALLED,2026-08-18T23:17:00,1205,0.921
P070,P010,CALLED,2026-08-19T06:18:00,409,0.934
P007,P041,CALLED,2026-08-20T13:19:00,1805,0.751
P024,P072,CALLED,2026-08-21T20:20:00,1402,0.938
P041,P023,CALLED,2026-08-22T03:21:00,1863,0.764
P058,P054,CALLED,2026-08-23T10:22:00,1079,0.842
P075,P005,CALLED,2026-08-24T17:23:00,399,0.938
P012,P036,CALLED,2026-08-25T00:24:00,536,0.884
P029,P067,CALLED,2026-08-26T07:25:00,386,0.842
P046,P018,CALLED,2026-08-27T14:26:00,1653,0.858
P063,P049,CALLED,2026-08-28T21:27:00,1390,0.949
P080,P002,CALLED,2026-08-29T04:28:00,650,0.818
P017,P031,CALLED,2026-08-30T11:29:00,835,0.754
P034,P062,CALLED,2026-08-01T18:30:00,813,0.929
P051,P013,CALLED,2026-08-02T01:31:00,714,0.779
P068,P044,CALLED,2026-08-03T08:32:00,492,0.847
P005,P075,CALLED,2026-08-04T15:33:00,673,0.753
P022,P026,CALLED,2026-08-05T22:34:00,2013,0.751
P039,P057,CALLED,2026-08-06T05:35:00,2332,0.898
P056,P008,CALLED,2026-08-07T12:36:00,2163,0.86
P073,P039,CALLED,2026-08-08T19:37:00,1072,0.825
P010,P070,CALLED,2026-08-09T02:38:00,627,0.885
P027,P021,CALLED,2026-08-10T09:39:00,2016,0.861
P044,P052,CALLED,2026-08-11T16:40:00,307,0.951
P061,P003,CALLED,2026-08-12T23:41:00,1715,0.874
P078,P034,CALLED,2026-08-13T06:42:00,1579,0.988
P015,P065,CALLED,2026-08-14T13:43:00,2009,0.945
P032,P016,CALLED,2026-08-15T20:44:00,1972,0.869
P049,P047,CALLED,2026-08-16T03:45:00,1250,0.841
P066,P078,CALLED,2026-08-17T10:46:00,1138,0.808
P003,P029,CALLED,2026-08-18T17:47:00,727,0.843
P020,P060,CALLED,2026-08-19T00:48:00,22,0.968
P037,P011,CALLED,2026-08-20T07:49:00,1628,0.852
P054,P042,CALLED,2026-08-21T14:50:00,1102,0.988
P071,P073,CALLED,2026-08-22T21:51:00,818,0.804
P008,P024,CALLED,2026-08-23T04:52:00,1475,0.847
P025,P055,CALLED,2026-08-24T11:53:00,1494,0.771
P042,P006,CALLED,2026-08-25T18:54:00,1868,0.905
P059,P037,CALLED,2026-08-26T01:55:00,2217,0.806
P076,P068,CALLED,2026-08-27T08:56:00,1628,0.96
P013,P019,CALLED,2026-08-28T15:57:00,2091,0.966
P030,P050,CALLED,2026-08-29T22:58:00,63,0.946
P047,P001,CALLED,2026-08-30T05:59:00,53,0.941
P064,P032,CALLED,2026-08-01T12:00:00,2040,0.969
P001,P063,CALLED,2026-08-02T19:01:00,2363,0.784
P018,P014,CALLED,2026-08-03T02:02:00,246,0.776
P035,P045,CALLED,2026-08-04T09:03:00,525,0.903
P052,P076,CALLED,2026-08-05T16:04:00,968,0.868
P069,P027,CALLED,2026-08-06T23:05:00,824,0.852
P006,P058,CALLED,2026-08-07T06:06:00,2179,0.834
P023,P009,CALLED,2026-08-08T13:07:00,971,0.756
P040,P042,CALLED,2026-08-09T20:08:00,1285,0.782
P057,P071,CALLED,2026-08-10T03:09:00,844,0.78
P074,P022,CALLED,2026-08-11T10:10:00,1264,0.872
P011,P053,CALLED,2026-08-12T17:11:00,1675,0.854
P028,P004,CALLED,2026-08-13T00:12:00,1511,0.824
P045,P035,CALLED,2026-08-14T07:13:00,1033,0.988
P062,P066,CALLED,2026-08-15T14:14:00,787,0.912
P079,P017,CALLED,2026-08-16T21:15:00,1452,0.864
P016,P048,CALLED,2026-08-17T04:16:00,1816,0.93
P033,P079,CALLED,2026-08-18T11:17:00,1180,0.878
P050,P030,CALLED,2026-08-19T18:18:00,624,0.75
P067,P061,CALLED,2026-08-20T01:19:00,1570,0.8
P004,P012,CALLED,2026-08-21T08:20:00,1044,0.981
P021,P043,CALLED,2026-08-22T15:21:00,998,0.951
P038,P074,CALLED,2026-08-23T22:22:00,1568,0.968
P055,P025,CALLED,2026-08-24T05:23:00,1535,0.808
P072,P056,CALLED,2026-08-25T12:24:00,128,0.882
P009,P007,CALLED,2026-08-26T19:25:00,978,0.757
P026,P038,CALLED,2026-08-27T02:26:00,2282,0.784
P043,P069,CALLED,2026-08-28T09:27:00,1804,0.953
P060,P020,CALLED,2026-08-29T16:28:00,163,0.778
P077,P051,CALLED,2026-08-30T23:29:00,507,0.912
P014,P002,CALLED,2026-08-01T06:30:00,1684,0.989
P031,P033,CALLED,2026-08-02T13:31:00,1391,0.884
P048,P064,CALLED,2026-08-03T20:32:00,1066,0.758
P065,P015,CALLED,2026-08-04T03:33:00,2148,0.89
P002,P046,CALLED,2026-08-05T10:34:00,778,0.936
P019,P077,CALLED,2026-08-06T17:35:00,1299,0.858
P036,P028,CALLED,2026-08-07T00:36:00,2109,0.901
P053,P059,CALLED,2026-08-08T07:37:00,2294,0.868
P070,P010,CALLED,2026-08-09T14:38:00,2161,0.86
P007,P041,CALLED,2026-08-10T21:39:00,1645,0.847
P024,P072,CALLED,2026-08-11T04:40:00,109,0.964
P041,P023,CALLED,2026-08-12T11:41:00,116,0.965
P058,P054,CALLED,2026-08-13T18:42:00,1415,0.943
P075,P005,CALLED,2026-08-14T01:43:00,1135,0.891
P012,P036,CALLED,2026-08-15T08:44:00,992,0.955
P029,P067,CALLED,2026-08-16T15:45:00,380,0.866
P046,P018,CALLED,2026-08-17T22:46:00,1318,0.885
P063,P049,CALLED,2026-08-18T05:47:00,536,0.861
P080,P002,CALLED,2026-08-19T12:48:00,2191,0.811
P017,P031,CALLED,2026-08-20T19:49:00,1199,0.948
P034,P062,CALLED,2026-08-21T02:50:00,557,0.753
P051,P013,CALLED,2026-08-22T09:51:00,373,0.875
P068,P044,CALLED,2026-08-23T16:52:00,2071,0.945
P005,P075,CALLED,2026-08-24T23:53:00,1496,0.919
P022,P026,CALLED,2026-08-25T06:54:00,1095,0.853
P039,P057,CALLED,2026-08-26T13:55:00,94,0.872
P056,P008,CALLED,2026-08-27T20:56:00,2389,0.887
P073,P039,CALLED,2026-08-28T03:57:00,2376,0.908
P010,P070,CALLED,2026-08-29T10:58:00,1352,0.825
P027,P021,CALLED,2026-08-30T17:59:00,990,0.937
P044,P052,CALLED,2026-08-01T00:00:00,280,0.841
P061,P003,CALLED,2026-08-02T07:01:00,594,0.761
P078,P034,CALLED,2026-08-03T14:02:00,2226,0.926
P015,P065,CALLED,2026-08-04T21:03:00,48,0.798
P032,P016,CALLED,2026-08-05T04:04:00,2225,0.77
P049,P047,CALLED,2026-08-06T11:05:00,1311,0.852
P066,P078,CALLED,2026-08-07T18:06:00,1053,0.858
P003,P029,CALLED,2026-08-08T01:07:00,1079,0.908
P020,P060,CALLED,2026-08-09T08:08:00,1740,0.852
P037,P011,CALLED,2026-08-10T15:09:00,632,0.831
P054,P042,CALLED,2026-08-11T22:10:00,313,0.977
P071,P073,CALLED,2026-08-12T05:11:00,2004,0.953
P008,P024,CALLED,2026-08-13T12:12:00,169,0.865
P025,P055,CALLED,2026-08-14T19:13:00,879,0.781
P042,P006,CALLED,2026-08-15T02:14:00,1790,0.762
P059,P037,CALLED,2026-08-16T09:15:00,1060,0.948
P076,P068,CALLED,2026-08-17T16:16:00,1022,0.753
P013,P019,CALLED,2026-08-18T23:17:00,204,0.789
P030,P050,CALLED,2026-08-19T06:18:00,1643,0.935
P047,P001,CALLED,2026-08-20T13:19:00,11,0.886
P064,P032,CALLED,2026-08-21T20:20:00,2260,0.935
P001,P063,CALLED,2026-08-22T03:21:00,942,0.989
P018,P014,CALLED,2026-08-23T10:22:00,2362,0.806
P035,P045,CALLED,2026-08-24T17:23:00,1853,0.789
P052,P076,CALLED,2026-08-25T00:24:00,1124,0.832
P069,P027,CALLED,2026-08-26T07:25:00,620,0.847
P006,P058,CALLED,2026-08-27T14:26:00,630,0.818
P023,P009,CALLED,2026-08-28T21:27:00,1384,0.766
P040,P042,CALLED,2026-08-29T04:28:00,504,0.91
P057,P071,CALLED,2026-08-30T11:29:00,1910,0.904
P074,P022,CALLED,2026-08-01T18:30:00,175,0.906
P011,P053,CALLED,2026-08-02T01:31:00,167,0.99
P028,P004,CALLED,2026-08-03T08:32:00,1044,0.779
P045,P035,CALLED,2026-08-04T15:33:00,1882,0.883
P062,P066,CALLED,2026-08-05T22:34:00,960,0.933
P079,P017,CALLED,2026-08-06T05:35:00,159,0.967
P016,P048,CALLED,2026-08-07T12:36:00,1857,0.818
P033,P079,CALLED,2026-08-08T19:37:00,663,0.829
P050,P030,CALLED,2026-08-09T02:38:00,841,0.873
P067,P061,CALLED,2026-08-10T09:39:00,1975,0.972
P004,P012,CALLED,2026-08-11T16:40:00,1839,0.933
P021,P043,CALLED,2026-08-12T23:41:00,295,0.763
P038,P074,CALLED,2026-08-13T06:42:00,1398,0.798
P055,P025,CALLED,2026-08-14T13:43:00,2272,0.941
P072,P056,CALLED,2026-08-15T20:44:00,710,0.834
P009,P007,CALLED,2026-08-16T03:45:00,2308,0.905
P026,P038,CALLED,2026-08-17T10:46:00,1730,0.921
P043,P069,CALLED,2026-08-18T17:47:00,103,0.805
P060,P020,CALLED,2026-08-19T00:48:00,1618,0.915
P077,P051,CALLED,2026-08-20T07:49:00,2065,0.788
P014,P002,CALLED,2026-08-21T14:50:00,1687,0.971
P031,P033,CALLED,2026-08-22T21:51:00,1213,0.945
P048,P064,CALLED,2026-08-23T04:52:00,150,0.762
P065,P015,CALLED,2026-08-24T11:53:00,550,0.92
P002,P046,CALLED,2026-08-25T18:54:00,1584,0.856
P019,P077,CALLED,2026-08-26T01:55:00,2219,0.862
P036,P028,CALLED,2026-08-27T08:56:00,305,0.76
P053,P059,CALLED,2026-08-28T15:57:00,944,0.914
P070,P010,CALLED,2026-08-29T22:58:00,1647,0.756
P007,P041,CALLED,2026-08-30T05:59:00,2211,0.976
P024,P072,CALLED,2026-08-01T12:00:00,623,0.937
P041,P023,CALLED,2026-08-02T19:01:00,171,0.97
P058,P054,CALLED,2026-08-03T02:02:00,922,0.778
P075,P005,CALLED,2026-08-04T09:03:00,1324,0.796
P012,P036,CALLED,2026-08-05T16:04:00,724,0.765
P029,P067,CALLED,2026-08-06T23:05:00,2376,0.836
P046,P018,CALLED,2026-08-07T06:06:00,595,0.848
P063,P049,CALLED,2026-08-08T13:07:00,1999,0.867
P080,P002,CALLED,2026-08-09T20:08:00,1775,0.855
P017,P031,CALLED,2026-08-10T03:09:00,1850,0.935
P034,P062,CALLED,2026-08-11T10:10:00,1375,0.761
P051,P013,CALLED,2026-08-12T17:11:00,1150,0.819
P068,P044,CALLED,2026-08-13T00:12:00,1054,0.856
P005,P075,CALLED,2026-08-14T07:13:00,1550,0.825
P022,P026,CALLED,2026-08-15T14:14:00,2252,0.92
P039,P057,CALLED,2026-08-16T21:15:00,1755,0.771
P056,P008,CALLED,2026-08-17T04:16:00,821,0.772
P073,P039,CALLED,2026-08-18T11:17:00,885,0.971
P010,P070,CALLED,2026-08-19T18:18:00,2064,0.975
P027,P021,CALLED,2026-08-20T01:19:00,1411,0.949
P044,P052,CALLED,2026-08-21T08:20:00,648,0.836
P061,P003,CALLED,2026-08-22T15:21:00,1399,0.956
P078,P034,CALLED,2026-08-23T22:22:00,2210,0.801
P015,P065,CALLED,2026-08-24T05:23:00,511,0.868
P032,P016,CALLED,2026-08-25T12:24:00,116,0.882
P049,P047,CALLED,2026-08-26T19:25:00,1539,0.8
P066,P078,CALLED,2026-08-27T02:26:00,1422,0.893
P003,P029,CALLED,2026-08-28T09:27:00,1208,0.922
P020,P060,CALLED,2026-08-29T16:28:00,1766,0.885
P037,P011,CALLED,2026-08-30T23:29:00,628,0.866
P054,P042,CALLED,2026-08-01T06:30:00,36,0.897
P071,P073,CALLED,2026-08-02T13:31:00,1622,0.782
P008,P024,CALLED,2026-08-03T20:32:00,829,0.789
P025,P055,CALLED,2026-08-04T03:33:00,1814,0.88
P042,P006,CALLED,2026-08-05T10:34:00,1405,0.99
P059,P037,CALLED,2026-08-06T17:35:00,969,0.769
P076,P068,CALLED,2026-08-07T00:36:00,528,0.972
P013,P019,CALLED,2026-08-08T07:37:00,2013,0.907
P030,P050,CALLED,2026-08-09T14:38:00,1446,0.776
P047,P001,CALLED,2026-08-10T21:39:00,482,0.91
P064,P032,CALLED,2026-08-11T04:40:00,2023,0.825
P001,P063,CALLED,2026-08-12T11:41:00,1916,0.947
P018,P014,CALLED,2026-08-13T18:42:00,588,0.896
P035,P045,CALLED,2026-08-14T01:43:00,1637,0.981
P052,P076,CALLED,2026-08-15T08:44:00,827,0.765
P069,P027,CALLED,2026-08-16T15:45:00,2059,0.771
P006,P058,CALLED,2026-08-17T22:46:00,174,0.923
P023,P009,CALLED,2026-08-18T05:47:00,962,0.793
P040,P042,CALLED,2026-08-19T12:48:00,1695,0.854
P057,P071,CALLED,2026-08-20T19:49:00,101,0.909
P074,P022,CALLED,2026-08-21T02:50:00,1180,0.761
P011,P053,CALLED,2026-08-22T09:51:00,1078,0.947
P028,P004,CALLED,2026-08-23T16:52:00,2015,0.969
P045,P035,CALLED,2026-08-24T23:53:00,1425,0.818
P062,P066,CALLED,2026-08-25T06:54:00,707,0.895
P079,P017,CALLED,2026-08-26T13:55:00,1398,0.98
P016,P048,CALLED,2026-08-27T20:56:00,1364,0.873
P033,P079,CALLED,2026-08-28T03:57:00,1431,0.808
P050,P030,CALLED,2026-08-29T10:58:00,362,0.85
P067,P061,CALLED,2026-08-30T17:59:00,561,0.964
P004,P012,CALLED,2026-08-01T00:00:00,2226,0.869
P021,P043,CALLED,2026-08-02T07:01:00,829,0.852
P038,P074,CALLED,2026-08-03T14:02:00,1715,0.878
P055,P025,CALLED,2026-08-04T21:03:00,98,0.877
P072,P056,CALLED,2026-08-05T04:04:00,15,0.878
P009,P007,CALLED,2026-08-06T11:05:00,1943,0.964
P026,P038,CALLED,2026-08-07T18:06:00,1337,0.922
P043,P069,CALLED,2026-08-08T01:07:00,400,0.902
P060,P020,CALLED,2026-08-09T08:08:00,1539,0.94
P077,P051,CALLED,2026-08-10T15:09:00,1576,0.848
P014,P002,CALLED,2026-08-11T22:10:00,380,0.792
P031,P033,CALLED,2026-08-12T05:11:00,2005,0.859
P048,P064,CALLED,2026-08-13T12:12:00,1109,0.842
P065,P015,CALLED,2026-08-14T19:13:00,111,0.971
P002,P046,CALLED,2026-08-15T02:14:00,2193,0.882
P019,P077,CALLED,2026-08-16T09:15:00,45,0.773
P036,P028,CALLED,2026-08-17T16:16:00,1207,0.871
P053,P059,CALLED,2026-08-18T23:17:00,926,0.908
P070,P010,CALLED,2026-08-19T06:18:00,1252,0.821
P007,P041,CALLED,2026-08-20T13:19:00,1860,0.877
P024,P072,CALLED,2026-08-21T20:20:00,857,0.816
P041,P023,CALLED,2026-08-22T03:21:00,1567,0.931
P058,P054,CALLED,2026-08-23T10:22:00,182,0.855
P075,P005,CALLED,2026-08-24T17:23:00,2063,0.934
P012,P036,CALLED,2026-08-25T00:24:00,2311,0.962
P029,P067,CALLED,2026-08-26T07:25:00,160,0.792
P046,P018,CALLED,2026-08-27T14:26:00,1295,0.858
P063,P049,CALLED,2026-08-28T21:27:00,215,0.892
P080,P002,CALLED,2026-08-29T04:28:00,1902,0.915
P017,P031,CALLED,2026-08-30T11:29:00,863,0.815
P034,P062,CALLED,2026-08-01T18:30:00,2224,0.919
P051,P013,CALLED,2026-08-02T01:31:00,100,0.807
P068,P044,CALLED,2026-08-03T08:32:00,286,0.934
P005,P075,CALLED,2026-08-04T15:33:00,1165,0.939
P022,P026,CALLED,2026-08-05T22:34:00,2052,0.938
P039,P057,CALLED,2026-08-06T05:35:00,1621,0.866
P056,P008,CALLED,2026-08-07T12:36:00,2114,0.805
P073,P039,CALLED,2026-08-08T19:37:00,440,0.77
P010,P070,CALLED,2026-08-09T02:38:00,1093,0.768
P027,P021,CALLED,2026-08-10T09:39:00,821,0.988
P044,P052,CALLED,2026-08-11T16:40:00,1069,0.973
P061,P003,CALLED,2026-08-12T23:41:00,947,0.791
P078,P034,CALLED,2026-08-13T06:42:00,148,0.963
P015,P065,CALLED,2026-08-14T13:43:00,1756,0.828
P032,P016,CALLED,2026-08-15T20:44:00,188,0.807
P049,P047,CALLED,2026-08-16T03:45:00,2273,0.903
P066,P078,CALLED,2026-08-17T10:46:00,412,0.895
P003,P029,CALLED,2026-08-18T17:47:00,925,0.83
P020,P060,CALLED,2026-08-19T00:48:00,186,0.848
P037,P011,CALLED,2026-08-20T07:49:00,125,0.757
P054,P042,CALLED,2026-08-21T14:50:00,2025,0.809
P071,P073,CALLED,2026-08-22T21:51:00,1586,0.806
P008,P024,CALLED,2026-08-23T04:52:00,890,0.968
P025,P055,CALLED,2026-08-24T11:53:00,1981,0.867
P042,P006,CALLED,2026-08-25T18:54:00,1257,0.842
P059,P037,CALLED,2026-08-26T01:55:00,968,0.909
P076,P068,CALLED,2026-08-27T08:56:00,2268,0.861
P013,P019,CALLED,2026-08-28T15:57:00,1770,0.826
P030,P050,CALLED,2026-08-29T22:58:00,1757,0.75
P047,P001,CALLED,2026-08-30T05:59:00,201,0.92
P064,P032,CALLED,2026-08-01T12:00:00,1742,0.931
P001,P063,CALLED,2026-08-02T19:01:00,14,0.804
P018,P014,CALLED,2026-08-03T02:02:00,545,0.933
P035,P045,CALLED,2026-08-04T09:03:00,1963,0.766
P052,P076,CALLED,2026-08-05T16:04:00,1664,0.894
P069,P027,CALLED,2026-08-06T23:05:00,392,0.957
P006,P058,CALLED,2026-08-07T06:06:00,851,0.844
P023,P009,CALLED,2026-08-08T13:07:00,2168,0.865
P040,P042,CALLED,2026-08-09T20:08:00,202,0.821
P057,P071,CALLED,2026-08-10T03:09:00,192,0.969
P074,P022,CALLED,2026-08-11T10:10:00,1086,0.849
P011,P053,CALLED,2026-08-12T17:11:00,2103,0.954
P028,P004,CALLED,2026-08-13T00:12:00,1557,0.863
P045,P035,CALLED,2026-08-14T07:13:00,1334,0.801
P062,P066,CALLED,2026-08-15T14:14:00,1334,0.886
P079,P017,CALLED,2026-08-16T21:15:00,590,0.846
P016,P048,CALLED,2026-08-17T04:16:00,2308,0.963
P033,P079,CALLED,2026-08-18T11:17:00,1952,0.976
P050,P030,CALLED,2026-08-19T18:18:00,943,0.798
P067,P061,CALLED,2026-08-20T01:19:00,690,0.763
P004,P012,CALLED,2026-08-21T08:20:00,645,0.967
P021,P043,CALLED,2026-08-22T15:21:00,1883,0.946
P038,P074,CALLED,2026-08-23T22:22:00,1565,0.832
P055,P025,CALLED,2026-08-24T05:23:00,212,0.888
P072,P056,CALLED,2026-08-25T12:24:00,1568,0.794
P009,P007,CALLED,2026-08-26T19:25:00,1499,0.978
P026,P038,CALLED,2026-08-27T02:26:00,633,0.815
P043,P069,CALLED,2026-08-28T09:27:00,1978,0.796
P060,P020,CALLED,2026-08-29T16:28:00,2148,0.84
P077,P051,CALLED,2026-08-30T23:29:00,136,0.907
P014,P002,CALLED,2026-08-01T06:30:00,1939,0.948
P031,P033,CALLED,2026-08-02T13:31:00,1221,0.81
P048,P064,CALLED,2026-08-03T20:32:00,1957,0.78
P065,P015,CALLED,2026-08-04T03:33:00,540,0.97
P002,P046,CALLED,2026-08-05T10:34:00,1298,0.986
P019,P077,CALLED,2026-08-06T17:35:00,2195,0.957
P036,P028,CALLED,2026-08-07T00:36:00,679,0.858
P053,P059,CALLED,2026-08-08T07:37:00,135,0.982
P070,P010,CALLED,2026-08-09T14:38:00,2378,0.899
P007,P041,CALLED,2026-08-10T21:39:00,1295,0.919
P024,P072,CALLED,2026-08-11T04:40:00,785,0.92
P041,P023,CALLED,2026-08-12T11:41:00,1960,0.818
P058,P054,CALLED,2026-08-13T18:42:00,732,0.821
P075,P005,CALLED,2026-08-14T01:43:00,1849,0.831
P012,P036,CALLED,2026-08-15T08:44:00,1171,0.952
P029,P067,CALLED,2026-08-16T15:45:00,2374,0.928
P046,P018,CALLED,2026-08-17T22:46:00,431,0.891
P063,P049,CALLED,2026-08-18T05:47:00,364,0.768
P080,P002,CALLED,2026-08-19T12:48:00,31,0.982
P017,P031,CALLED,2026-08-20T19:49:00,1192,0.771
P034,P062,CALLED,2026-08-21T02:50:00,1676,0.962
P051,P013,CALLED,2026-08-22T09:51:00,1208,0.972
P068,P044,CALLED,2026-08-23T16:52:00,2379,0.911
P005,P075,CALLED,2026-08-24T23:53:00,561,0.847
P022,P026,CALLED,2026-08-25T06:54:00,186,0.894
P039,P057,CALLED,2026-08-26T13:55:00,1952,0.812
P056,P008,CALLED,2026-08-27T20:56:00,958,0.815
P073,P039,CALLED,2026-08-28T03:57:00,1843,0.817
P010,P070,CALLED,2026-08-29T10:58:00,2115,0.988
P027,P021,CALLED,2026-08-30T17:59:00,1324,0.768
P044,P052,CALLED,2026-08-01T00:00:00,1140,0.784
P061,P003,CALLED,2026-08-02T07:01:00,1086,0.943
P078,P034,CALLED,2026-08-03T14:02:00,2119,0.864
P015,P065,CALLED,2026-08-04T21:03:00,138,0.911
P032,P016,CALLED,2026-08-05T04:04:00,1383,0.754
P049,P047,CALLED,2026-08-06T11:05:00,1157,0.866
P066,P078,CALLED,2026-08-07T18:06:00,1600,0.846
P003,P029,CALLED,2026-08-08T01:07:00,939,0.796
P020,P060,CALLED,2026-08-09T08:08:00,2268,0.971
P037,P011,CALLED,2026-08-10T15:09:00,429,0.968
P054,P042,CALLED,2026-08-11T22:10:00,460,0.962
P071,P073,CALLED,2026-08-12T05:11:00,1382,0.868
P008,P024,CALLED,2026-08-13T12:12:00,2047,0.937
P025,P055,CALLED,2026-08-14T19:13:00,588,0.919
P042,P006,CALLED,2026-08-15T02:14:00,2282,0.94
P059,P037,CALLED,2026-08-16T09:15:00,2391,0.958
P076,P068,CALLED,2026-08-17T16:16:00,437,0.938
P013,P019,CALLED,2026-08-18T23:17:00,832,0.838
P030,P050,CALLED,2026-08-19T06:18:00,685,0.922
P047,P001,CALLED,2026-08-20T13:19:00,1089,0.853
P064,P032,CALLED,2026-08-21T20:20:00,1797,0.883
P001,P063,CALLED,2026-08-22T03:21:00,1209,0.824
P018,P014,CALLED,2026-08-23T10:22:00,1689,0.914
P035,P045,CALLED,2026-08-24T17:23:00,1106,0.885
P052,P076,CALLED,2026-08-25T00:24:00,1774,0.85
P069,P027,CALLED,2026-08-26T07:25:00,1363,0.755
P006,P058,CALLED,2026-08-27T14:26:00,1583,0.906
P023,P009,CALLED,2026-08-28T21:27:00,260,0.877
P040,P042,CALLED,2026-08-29T04:28:00,2035,0.884
P057,P071,CALLED,2026-08-30T11:29:00,929,0.777
P074,P022,CALLED,2026-08-01T18:30:00,1473,0.826
P011,P053,CALLED,2026-08-02T01:31:00,280,0.803
P028,P004,CALLED,2026-08-03T08:32:00,493,0.789
P045,P035,CALLED,2026-08-04T15:33:00,349,0.937
P062,P066,CALLED,2026-08-05T22:34:00,53,0.83
P079,P017,CALLED,2026-08-06T05:35:00,749,0.777
P016,P048,CALLED,2026-08-07T12:36:00,2024,0.946
P033,P079,CALLED,2026-08-08T19:37:00,1201,0.803
P050,P030,CALLED,2026-08-09T02:38:00,2366,0.76
P067,P061,CALLED,2026-08-10T09:39:00,1837,0.844
P004,P012,CALLED,2026-08-11T16:40:00,1639,0.804
P021,P043,CALLED,2026-08-12T23:41:00,1103,0.796
P038,P074,CALLED,2026-08-13T06:42:00,704,0.788
P055,P025,CALLED,2026-08-14T13:43:00,1679,0.808
P072,P056,CALLED,2026-08-15T20:44:00,1668,0.889
P009,P007,CALLED,2026-08-16T03:45:00,494,0.949
P026,P038,CALLED,2026-08-17T10:46:00,579,0.919
P043,P069,CALLED,2026-08-18T17:47:00,1897,0.809
P060,P020,CALLED,2026-08-19T00:48:00,1963,0.8
P077,P051,CALLED,2026-08-20T07:49:00,2204,0.846
P014,P002,CALLED,2026-08-21T14:50:00,1751,0.8
P031,P033,CALLED,2026-08-22T21:51:00,286,0.901
P048,P064,CALLED,2026-08-23T04:52:00,1328,0.95
P065,P015,CALLED,2026-08-24T11:53:00,1078,0.918
P002,P046,CALLED,2026-08-25T18:54:00,633,0.891
P019,P077,CALLED,2026-08-26T01:55:00,478,0.838
P036,P028,CALLED,2026-08-27T08:56:00,826,0.984
P053,P059,CALLED,2026-08-28T15:57:00,1817,0.943
P070,P010,CALLED,2026-08-29T22:58:00,2318,0.817
P007,P041,CALLED,2026-08-30T05:59:00,1640,0.878
P024,P072,CALLED,2026-08-01T12:00:00,2322,0.92
P041,P023,CALLED,2026-08-02T19:01:00,476,0.886
P058,P054,CALLED,2026-08-03T02:02:00,1911,0.966
P075,P005,CALLED,2026-08-04T09:03:00,1483,0.871
P012,P036,CALLED,2026-08-05T16:04:00,1040,0.805
P029,P067,CALLED,2026-08-06T23:05:00,664,0.794
P046,P018,CALLED,2026-08-07T06:06:00,16,0.894
P063,P049,CALLED,2026-08-08T13:07:00,982,0.93
P080,P002,CALLED,2026-08-09T20:08:00,2373,0.873
P017,P031,CALLED,2026-08-10T03:09:00,255,0.919
P034,P062,CALLED,2026-08-11T10:10:00,32,0.818
P051,P013,CALLED,2026-08-12T17:11:00,653,0.959
P068,P044,CALLED,2026-08-13T00:12:00,890,0.869
P005,P075,CALLED,2026-08-14T07:13:00,1329,0.95
P022,P026,CALLED,2026-08-15T14:14:00,2059,0.92
P039,P057,CALLED,2026-08-16T21:15:00,1804,0.838
P056,P008,CALLED,2026-08-17T04:16:00,252,0.772
P073,P039,CALLED,2026-08-18T11:17:00,1163,0.881
P010,P070,CALLED,2026-08-19T18:18:00,428,0.97
P027,P021,CALLED,2026-08-20T01:19:00,725,0.878
P044,P052,CALLED,2026-08-21T08:20:00,1627,0.859
P061,P003,CALLED,2026-08-22T15:21:00,1764,0.892
P078,P034,CALLED,2026-08-23T22:22:00,561,0.926
P015,P065,CALLED,2026-08-24T05:23:00,1591,0.934
P032,P016,CALLED,2026-08-25T12:24:00,1686,0.767
P049,P047,CALLED,2026-08-26T19:25:00,1694,0.931
P066,P078,CALLED,2026-08-27T02:26:00,2343,0.845
P003,P029,CALLED,2026-08-28T09:27:00,1407,0.906
P020,P060,CALLED,2026-08-29T16:28:00,2120,0.943
P037,P011,CALLED,2026-08-30T23:29:00,1441,0.921
P054,P042,CALLED,2026-08-01T06:30:00,1687,0.801
P071,P073,CALLED,2026-08-02T13:31:00,186,0.945
P008,P024,CALLED,2026-08-03T20:32:00,349,0.767
P025,P055,CALLED,2026-08-04T03:33:00,70,0.897
P042,P006,CALLED,2026-08-05T10:34:00,418,0.984
P059,P037,CALLED,2026-08-06T17:35:00,2345,0.789
P076,P068,CALLED,2026-08-07T00:36:00,1299,0.776
P013,P019,CALLED,2026-08-08T07:37:00,582,0.905
P030,P050,CALLED,2026-08-09T14:38:00,1900,0.843
P047,P001,CALLED,2026-08-10T21:39:00,51,0.952
P064,P032,CALLED,2026-08-11T04:40:00,2226,0.781
P001,P063,CALLED,2026-08-12T11:41:00,1732,0.809
P018,P014,CALLED,2026-08-13T18:42:00,2069,0.899
P035,P045,CALLED,2026-08-14T01:43:00,943,0.891
P052,P076,CALLED,2026-08-15T08:44:00,1191,0.864
P069,P027,CALLED,2026-08-16T15:45:00,1555,0.763
P006,P058,CALLED,2026-08-17T22:46:00,579,0.921
P023,P009,CALLED,2026-08-18T05:47:00,1227,0.843
P040,P042,CALLED,2026-08-19T12:48:00,704,0.876
P057,P071,CALLED,2026-08-20T19:49:00,414,0.986
P074,P022,CALLED,2026-08-21T02:50:00,1924,0.983
P011,P053,CALLED,2026-08-22T09:51:00,665,0.888
P028,P004,CALLED,2026-08-23T16:52:00,1430,0.845
P045,P035,CALLED,2026-08-24T23:53:00,262,0.853
P062,P066,CALLED,2026-08-25T06:54:00,1825,0.878
P079,P017,CALLED,2026-08-26T13:55:00,1090,0.79
P016,P048,CALLED,2026-08-27T20:56:00,2056,0.903
P033,P079,CALLED,2026-08-28T03:57:00,2196,0.829
P050,P030,CALLED,2026-08-29T10:58:00,873,0.962
P067,P061,CALLED,2026-08-30T17:59:00,2292,0.88
P004,P012,CALLED,2026-08-01T00:00:00,2275,0.809
P021,P043,CALLED,2026-08-02T07:01:00,558,0.846
P038,P074,CALLED,2026-08-03T14:02:00,553,0.916
P055,P025,CALLED,2026-08-04T21:03:00,991,0.983
P072,P056,CALLED,2026-08-05T04:04:00,458,0.751
P009,P007,CALLED,2026-08-06T11:05:00,1438,0.919
P026,P038,CALLED,2026-08-07T18:06:00,888,0.919
P043,P069,CALLED,2026-08-08T01:07:00,704,0.876
P060,P020,CALLED,2026-08-09T08:08:00,1920,0.876
P077,P051,CALLED,2026-08-10T15:09:00,668,0.947
P014,P002,CALLED,2026-08-11T22:10:00,1267,0.887
P031,P033,CALLED,2026-08-12T05:11:00,1778,0.783
P048,P064,CALLED,2026-08-13T12:12:00,308,0.895
P065,P015,CALLED,2026-08-14T19:13:00,13,0.764
P002,P046,CALLED,2026-08-15T02:14:00,247,0.824
P019,P077,CALLED,2026-08-16T09:15:00,999,0.898
P036,P028,CALLED,2026-08-17T16:16:00,1703,0.88
P053,P059,CALLED,2026-08-18T23:17:00,1607,0.772
P070,P010,CALLED,2026-08-19T06:18:00,470,0.9
P007,P041,CALLED,2026-08-20T13:19:00,1673,0.828
P024,P072,CALLED,2026-08-21T20:20:00,756,0.795
P041,P023,CALLED,2026-08-22T03:21:00,280,0.76
P058,P054,CALLED,2026-08-23T10:22:00,811,0.871
P075,P005,CALLED,2026-08-24T17:23:00,17,0.893
P012,P036,CALLED,2026-08-25T00:24:00,2196,0.953
P029,P067,CALLED,2026-08-26T07:25:00,2085,0.829
P046,P018,CALLED,2026-08-27T14:26:00,759,0.896
P063,P049,CALLED,2026-08-28T21:27:00,2263,0.942
P080,P002,CALLED,2026-08-29T04:28:00,704,0.758
P017,P031,CALLED,2026-08-30T11:29:00,53,0.982
P034,P062,CALLED,2026-08-01T18:30:00,1108,0.794
P051,P013,CALLED,2026-08-02T01:31:00,2187,0.774
P068,P044,CALLED,2026-08-03T08:32:00,413,0.913
P005,P075,CALLED,2026-08-04T15:33:00,1143,0.817
P022,P026,CALLED,2026-08-05T22:34:00,895,0.858
P039,P057,CALLED,2026-08-06T05:35:00,644,0.86
P056,P008,CALLED,2026-08-07T12:36:00,1099,0.777
P073,P039,CALLED,2026-08-08T19:37:00,397,0.885
P010,P070,CALLED,2026-08-09T02:38:00,500,0.987
P027,P021,CALLED,2026-08-10T09:39:00,209,0.958
P044,P052,CALLED,2026-08-11T16:40:00,59,0.887
P061,P003,CALLED,2026-08-12T23:41:00,1608,0.856
P078,P034,CALLED,2026-08-13T06:42:00,708,0.864
P015,P065,CALLED,2026-08-14T13:43:00,1997,0.89
P032,P016,CALLED,2026-08-15T20:44:00,896,0.835
P049,P047,CALLED,2026-08-16T03:45:00,685,0.8
P066,P078,CALLED,2026-08-17T10:46:00,474,0.775
P003,P029,CALLED,2026-08-18T17:47:00,446,0.853
P020,P060,CALLED,2026-08-19T00:48:00,462,0.846
P037,P011,CALLED,2026-08-20T07:49:00,2169,0.772
P054,P042,CALLED,2026-08-21T14:50:00,1932,0.928
P071,P073,CALLED,2026-08-22T21:51:00,1433,0.937
P008,P024,CALLED,2026-08-23T04:52:00,24,0.841
P025,P055,CALLED,2026-08-24T11:53:00,942,0.762
P042,P006,CALLED,2026-08-25T18:54:00,788,0.846
P059,P037,CALLED,2026-08-26T01:55:00,1655,0.893
P076,P068,CALLED,2026-08-27T08:56:00,290,0.885
P013,P019,CALLED,2026-08-28T15:57:00,1314,0.883
P030,P050,CALLED,2026-08-29T22:58:00,1180,0.964
P047,P001,CALLED,2026-08-30T05:59:00,142,0.958
P064,P032,CALLED,2026-08-01T12:00:00,442,0.77
P001,P063,CALLED,2026-08-02T19:01:00,1355,0.982
P018,P014,CALLED,2026-08-03T02:02:00,811,0.89
P035,P045,CALLED,2026-08-04T09:03:00,733,0.771
P052,P076,CALLED,2026-08-05T16:04:00,1255,0.831
P069,P027,CALLED,2026-08-06T23:05:00,856,0.791
P006,P058,CALLED,2026-08-07T06:06:00,94,0.752
P023,P009,CALLED,2026-08-08T13:07:00,591,0.824
P040,P042,CALLED,2026-08-09T20:08:00,1766,0.846
P057,P071,CALLED,2026-08-10T03:09:00,382,0.873
P074,P022,CALLED,2026-08-11T10:10:00,40,0.967
P011,P053,CALLED,2026-08-12T17:11:00,2121,0.774
P028,P004,CALLED,2026-08-13T00:12:00,2215,0.929
P045,P035,CALLED,2026-08-14T07:13:00,923,0.956
P062,P066,CALLED,2026-08-15T14:14:00,2320,0.925
P079,P017,CALLED,2026-08-16T21:15:00,124,0.922
P016,P048,CALLED,2026-08-17T04:16:00,542,0.885
P033,P079,CALLED,2026-08-18T11:17:00,1491,0.805
P050,P030,CALLED,2026-08-19T18:18:00,1559,0.789
P067,P061,CALLED,2026-08-20T01:19:00,425,0.978
P004,P012,CALLED,2026-08-21T08:20:00,1303,0.818
P021,P043,CALLED,2026-08-22T15:21:00,671,0.927
P038,P074,CALLED,2026-08-23T22:22:00,2172,0.776
P055,P025,CALLED,2026-08-24T05:23:00,2170,0.946
P072,P056,CALLED,2026-08-25T12:24:00,1947,0.773
P009,P007,CALLED,2026-08-26T19:25:00,1097,0.906
P026,P038,CALLED,2026-08-27T02:26:00,2304,0.818
P043,P069,CALLED,2026-08-28T09:27:00,1505,0.912
P060,P020,CALLED,2026-08-29T16:28:00,1534,0.805
P077,P051,CALLED,2026-08-30T23:29:00,2314,0.808
P014,P002,CALLED,2026-08-01T06:30:00,254,0.774
P031,P033,CALLED,2026-08-02T13:31:00,729,0.902
P048,P064,CALLED,2026-08-03T20:32:00,867,0.838
P065,P015,CALLED,2026-08-04T03:33:00,1318,0.96
P002,P046,CALLED,2026-08-05T10:34:00,2390,0.938
P019,P077,CALLED,2026-08-06T17:35:00,2032,0.844
P036,P028,CALLED,2026-08-07T00:36:00,1378,0.782
P053,P059,CALLED,2026-08-08T07:37:00,241,0.987
P070,P010,CALLED,2026-08-09T14:38:00,594,0.797
P007,P041,CALLED,2026-08-10T21:39:00,828,0.814
P024,P072,CALLED,2026-08-11T04:40:00,2238,0.9
P041,P023,CALLED,2026-08-12T11:41:00,328,0.989
P058,P054,CALLED,2026-08-13T18:42:00,767,0.832
P075,P005,CALLED,2026-08-14T01:43:00,313,0.786
P012,P036,CALLED,2026-08-15T08:44:00,1042,0.94
P029,P067,CALLED,2026-08-16T15:45:00,99,0.918
P046,P018,CALLED,2026-08-17T22:46:00,1861,0.94
P063,P049,CALLED,2026-08-18T05:47:00,2390,0.822
P080,P002,CALLED,2026-08-19T12:48:00,1626,0.901
P017,P031,CALLED,2026-08-20T19:49:00,371,0.784
P034,P062,CALLED,2026-08-21T02:50:00,2366,0.966
P051,P013,CALLED,2026-08-22T09:51:00,2222,0.911
P068,P044,CALLED,2026-08-23T16:52:00,1169,0.851
P005,P075,CALLED,2026-08-24T23:53:00,1222,0.947
P022,P026,CALLED,2026-08-25T06:54:00,1332,0.778
P039,P057,CALLED,2026-08-26T13:55:00,1166,0.907
P056,P008,CALLED,2026-08-27T20:56:00,431,0.921
P073,P039,CALLED,2026-08-28T03:57:00,22,0.895
P010,P070,CALLED,2026-08-29T10:58:00,2286,0.962
P027,P021,CALLED,2026-08-30T17:59:00,533,0.795
P044,P052,CALLED,2026-08-01T00:00:00,659,0.881
P061,P003,CALLED,2026-08-02T07:01:00,1323,0.906
P078,P034,CALLED,2026-08-03T14:02:00,2375,0.858
P015,P065,CALLED,2026-08-04T21:03:00,686,0.759
P032,P016,CALLED,2026-08-05T04:04:00,2357,0.957
P049,P047,CALLED,2026-08-06T11:05:00,1069,0.977
P066,P078,CALLED,2026-08-07T18:06:00,47,0.775
P003,P029,CALLED,2026-08-08T01:07:00,2114,0.984
P020,P060,CALLED,2026-08-09T08:08:00,1837,0.892
P037,P011,CALLED,2026-08-10T15:09:00,1669,0.981
P054,P042,CALLED,2026-08-11T22:10:00,2013,0.865
P071,P073,CALLED,2026-08-12T05:11:00,1026,0.834
P008,P024,CALLED,2026-08-13T12:12:00,1481,0.852
P025,P055,CALLED,2026-08-14T19:13:00,1187,0.787
P042,P006,CALLED,2026-08-15T02:14:00,1801,0.92
P059,P037,CALLED,2026-08-16T09:15:00,1487,0.815
P076,P068,CALLED,2026-08-17T16:16:00,667,0.83
P013,P019,CALLED,2026-08-18T23:17:00,1395,0.813
P030,P050,CALLED,2026-08-19T06:18:00,2226,0.913
P047,P001,CALLED,2026-08-20T13:19:00,946,0.879
P064,P032,CALLED,2026-08-21T20:20:00,1589,0.84
P001,P063,CALLED,2026-08-22T03:21:00,199,0.915
P018,P014,CALLED,2026-08-23T10:22:00,497,0.755
P035,P045,CALLED,2026-08-24T17:23:00,51,0.831
P052,P076,CALLED,2026-08-25T00:24:00,1394,0.988
P069,P027,CALLED,2026-08-26T07:25:00,835,0.981
P006,P058,CALLED,2026-08-27T14:26:00,1442,0.77
P023,P009,CALLED,2026-08-28T21:27:00,1978,0.844
P040,P042,CALLED,2026-08-29T04:28:00,1878,0.797
P057,P071,CALLED,2026-08-30T11:29:00,51,0.989
P074,P022,CALLED,2026-08-01T18:30:00,786,0.809
P011,P053,CALLED,2026-08-02T01:31:00,1954,0.801
P028,P004,CALLED,2026-08-03T08:32:00,614,0.92
P045,P035,CALLED,2026-08-04T15:33:00,1833,0.788
P062,P066,CALLED,2026-08-05T22:34:00,390,0.89
P079,P017,CALLED,2026-08-06T05:35:00,2250,0.91
P016,P048,CALLED,2026-08-07T12:36:00,654,0.962
P033,P079,CALLED,2026-08-08T19:37:00,1361,0.922
P050,P030,CALLED,2026-08-09T02:38:00,2276,0.99
P067,P061,CALLED,2026-08-10T09:39:00,1899,0.81
P004,P012,CALLED,2026-08-11T16:40:00,2210,0.888
P021,P043,CALLED,2026-08-12T23:41:00,1489,0.775
P038,P074,CALLED,2026-08-13T06:42:00,1853,0.792
P055,P025,CALLED,2026-08-14T13:43:00,2253,0.864
P072,P056,CALLED,2026-08-15T20:44:00,1882,0.929
P009,P007,CALLED,2026-08-16T03:45:00,617,0.884
P026,P038,CALLED,2026-08-17T10:46:00,2068,0.902
P043,P069,CALLED,2026-08-18T17:47:00,1756,0.918
P060,P020,CALLED,2026-08-19T00:48:00,1665,0.953
P077,P051,CALLED,2026-08-20T07:49:00,1894,0.868
P014,P002,CALLED,2026-08-21T14:50:00,1029,0.961
P031,P033,CALLED,2026-08-22T21:51:00,245,0.94
P048,P064,CALLED,2026-08-23T04:52:00,1608,0.804
P065,P015,CALLED,2026-08-24T11:53:00,582,0.808
P002,P046,CALLED,2026-08-25T18:54:00,746,0.945
P019,P077,CALLED,2026-08-26T01:55:00,212,0.921
P036,P028,CALLED,2026-08-27T08:56:00,871,0.957
P053,P059,CALLED,2026-08-28T15:57:00,2029,0.956
P070,P010,CALLED,2026-08-29T22:58:00,1453,0.96
P007,P041,CALLED,2026-08-30T05:59:00,204,0.914
P024,P072,CALLED,2026-08-01T12:00:00,2213,0.753
P041,P023,CALLED,2026-08-02T19:01:00,1152,0.976
P058,P054,CALLED,2026-08-03T02:02:00,2110,0.881
P075,P005,CALLED,2026-08-04T09:03:00,529,0.77
P012,P036,CALLED,2026-08-05T16:04:00,2117,0.922
P029,P067,CALLED,2026-08-06T23:05:00,335,0.864
P046,P018,CALLED,2026-08-07T06:06:00,226,0.759
P063,P049,CALLED,2026-08-08T13:07:00,1130,0.854
P080,P002,CALLED,2026-08-09T20:08:00,1381,0.914
P017,P031,CALLED,2026-08-10T03:09:00,881,0.785
P034,P062,CALLED,2026-08-11T10:10:00,1993,0.957
P051,P013,CALLED,2026-08-12T17:11:00,1439,0.901
P068,P044,CALLED,2026-08-13T00:12:00,1150,0.883
P005,P075,CALLED,2026-08-14T07:13:00,520,0.934
P022,P026,CALLED,2026-08-15T14:14:00,95,0.879
P039,P057,CALLED,2026-08-16T21:15:00,110,0.87
P056,P008,CALLED,2026-08-17T04:16:00,2124,0.793
P073,P039,CALLED,2026-08-18T11:17:00,2202,0.901
P010,P070,CALLED,2026-08-19T18:18:00,1714,0.807
P027,P021,CALLED,2026-08-20T01:19:00,285,0.894
P044,P052,CALLED,2026-08-21T08:20:00,1090,0.851
P061,P003,CALLED,2026-08-22T15:21:00,2093,0.987
P078,P034,CALLED,2026-08-23T22:22:00,139,0.822
P015,P065,CALLED,2026-08-24T05:23:00,1605,0.888
P032,P016,CALLED,2026-08-25T12:24:00,1670,0.926
P049,P047,CALLED,2026-08-26T19:25:00,708,0.926
P066,P078,CALLED,2026-08-27T02:26:00,448,0.835
P003,P029,CALLED,2026-08-28T09:27:00,1418,0.758
P020,P060,CALLED,2026-08-29T16:28:00,1434,0.831
P037,P011,CALLED,2026-08-30T23:29:00,1401,0.805
P054,P042,CALLED,2026-08-01T06:30:00,1779,0.882
P071,P073,CALLED,2026-08-02T13:31:00,1370,0.826
P008,P024,CALLED,2026-08-03T20:32:00,1389,0.842
P025,P055,CALLED,2026-08-04T03:33:00,400,0.869
P042,P006,CALLED,2026-08-05T10:34:00,1611,0.855
P059,P037,CALLED,2026-08-06T17:35:00,78,0.778
P076,P068,CALLED,2026-08-07T00:36:00,747,0.844
P013,P019,CALLED,2026-08-08T07:37:00,197,0.866
P030,P050,CALLED,2026-08-09T14:38:00,2284,0.962
P047,P001,CALLED,2026-08-10T21:39:00,1230,0.928
P064,P032,CALLED,2026-08-11T04:40:00,1152,0.838
P001,P063,CALLED,2026-08-12T11:41:00,2103,0.76
P018,P014,CALLED,2026-08-13T18:42:00,2051,0.892
P035,P045,CALLED,2026-08-14T01:43:00,583,0.858
P052,P076,CALLED,2026-08-15T08:44:00,548,0.769
P069,P027,CALLED,2026-08-16T15:45:00,2205,0.836
P006,P058,CALLED,2026-08-17T22:46:00,773,0.942
P023,P009,CALLED,2026-08-18T05:47:00,766,0.92
P040,P042,CALLED,2026-08-19T12:48:00,1635,0.866
P057,P071,CALLED,2026-08-20T19:49:00,1007,0.983
P074,P022,CALLED,2026-08-21T02:50:00,1106,0.854
P011,P053,CALLED,2026-08-22T09:51:00,1415,0.979
P028,P004,CALLED,2026-08-23T16:52:00,2227,0.867
P045,P035,CALLED,2026-08-24T23:53:00,1180,0.829
P062,P066,CALLED,2026-08-25T06:54:00,1136,0.79
P079,P017,CALLED,2026-08-26T13:55:00,954,0.938
P016,P048,CALLED,2026-08-27T20:56:00,2231,0.781
P033,P079,CALLED,2026-08-28T03:57:00,1483,0.886
P050,P030,CALLED,2026-08-29T10:58:00,1568,0.907
P067,P061,CALLED,2026-08-30T17:59:00,281,0.923
P004,P012,CALLED,2026-08-01T00:00:00,2260,0.761
P021,P043,CALLED,2026-08-02T07:01:00,1895,0.909
P038,P074,CALLED,2026-08-03T14:02:00,218,0.828
P055,P025,CALLED,2026-08-04T21:03:00,1723,0.864
P072,P056,CALLED,2026-08-05T04:04:00,246,0.826
P009,P007,CALLED,2026-08-06T11:05:00,688,0.755
P026,P038,CALLED,2026-08-07T18:06:00,1813,0.937
P043,P069,CALLED,2026-08-08T01:07:00,1187,0.862
P060,P020,CALLED,2026-08-09T08:08:00,1275,0.877
P077,P051,CALLED,2026-08-10T15:09:00,2241,0.892
P014,P002,CALLED,2026-08-11T22:10:00,985,0.874
P031,P033,CALLED,2026-08-12T05:11:00,943,0.949
P048,P064,CALLED,2026-08-13T12:12:00,1605,0.789
P065,P015,CALLED,2026-08-14T19:13:00,1907,0.821
P002,P046,CALLED,2026-08-15T02:14:00,2221,0.883
P019,P077,CALLED,2026-08-16T09:15:00,992,0.836
P036,P028,CALLED,2026-08-17T16:16:00,1670,0.819
P053,P059,CALLED,2026-08-18T23:17:00,2056,0.899
P070,P010,CALLED,2026-08-19T06:18:00,1437,0.818
P007,P041,CALLED,2026-08-20T13:19:00,90,0.896
P024,P072,CALLED,2026-08-21T20:20:00,537,0.84
P041,P023,CALLED,2026-08-22T03:21:00,220,0.916
P058,P054,CALLED,2026-08-23T10:22:00,2311,0.934
P075,P005,CALLED,2026-08-24T17:23:00,388,0.85
P012,P036,CALLED,2026-08-25T00:24:00,61,0.892
P029,P067,CALLED,2026-08-26T07:25:00,77,0.769
P046,P018,CALLED,2026-08-27T14:26:00,127,0.832
P063,P049,CALLED,2026-08-28T21:27:00,1359,0.908
P080,P002,CALLED,2026-08-29T04:28:00,37,0.844
P017,P031,CALLED,2026-08-30T11:29:00,463,0.979
P034,P062,CALLED,2026-08-01T18:30:00,1032,0.831
P051,P013,CALLED,2026-08-02T01:31:00,865,0.777
P068,P044,CALLED,2026-08-03T08:32:00,1867,0.944
P005,P075,CALLED,2026-08-04T15:33:00,2051,0.886
P022,P026,CALLED,2026-08-05T22:34:00,2241,0.898
P039,P057,CALLED,2026-08-06T05:35:00,1240,0.798
P056,P008,CALLED,2026-08-07T12:36:00,1826,0.874
P073,P039,CALLED,2026-08-08T19:37:00,1436,0.943
P010,P070,CALLED,2026-08-09T02:38:00,2132,0.763
P027,P021,CALLED,2026-08-10T09:39:00,712,0.938
P044,P052,CALLED,2026-08-11T16:40:00,2274,0.911
P061,P003,CALLED,2026-08-12T23:41:00,380,0.981
P078,P034,CALLED,2026-08-13T06:42:00,2240,0.81
P015,P065,CALLED,2026-08-14T13:43:00,496,0.923
P032,P016,CALLED,2026-08-15T20:44:00,477,0.788
P049,P047,CALLED,2026-08-16T03:45:00,2238,0.759
P066,P078,CALLED,2026-08-17T10:46:00,690,0.824
P003,P029,CALLED,2026-08-18T17:47:00,635,0.755
P020,P060,CALLED,2026-08-19T00:48:00,130,0.842
P037,P011,CALLED,2026-08-20T07:49:00,2096,0.982
P054,P042,CALLED,2026-08-21T14:50:00,37,0.766
P071,P073,CALLED,2026-08-22T21:51:00,694,0.862
P008,P024,CALLED,2026-08-23T04:52:00,321,0.765
P025,P055,CALLED,2026-08-24T11:53:00,1279,0.967
P042,P006,CALLED,2026-08-25T18:54:00,594,0.798
P059,P037,CALLED,2026-08-26T01:55:00,2143,0.934
P076,P068,CALLED,2026-08-27T08:56:00,77,0.779
P013,P019,CALLED,2026-08-28T15:57:00,2001,0.88
P030,P050,CALLED,2026-08-29T22:58:00,2018,0.81
P047,P001,CALLED,2026-08-30T05:59:00,484,0.929
P064,P032,CALLED,2026-08-01T12:00:00,455,0.932
P001,P063,CALLED,2026-08-02T19:01:00,2029,0.793
P018,P014,CALLED,2026-08-03T02:02:00,1436,0.834
P035,P045,CALLED,2026-08-04T09:03:00,1922,0.768
P052,P076,CALLED,2026-08-05T16:04:00,422,0.889
P069,P027,CALLED,2026-08-06T23:05:00,2300,0.824
P006,P058,CALLED,2026-08-07T06:06:00,1478,0.927
P023,P009,CALLED,2026-08-08T13:07:00,1581,0.921
P040,P042,CALLED,2026-08-09T20:08:00,431,0.864
P057,P071,CALLED,2026-08-10T03:09:00,104,0.822
P074,P022,CALLED,2026-08-11T10:10:00,2351,0.782
P011,P053,CALLED,2026-08-12T17:11:00,1053,0.892
P028,P004,CALLED,2026-08-13T00:12:00,1115,0.803
P045,P035,CALLED,2026-08-14T07:13:00,2314,0.959
P062,P066,CALLED,2026-08-15T14:14:00,1095,0.81
P079,P017,CALLED,2026-08-16T21:15:00,539,0.805
P016,P048,CALLED,2026-08-17T04:16:00,835,0.76
P033,P079,CALLED,2026-08-18T11:17:00,836,0.772
P050,P030,CALLED,2026-08-19T18:18:00,559,0.811
P067,P061,CALLED,2026-08-20T01:19:00,2285,0.982
P004,P012,CALLED,2026-08-21T08:20:00,1780,0.839
P021,P043,CALLED,2026-08-22T15:21:00,1821,0.752
P038,P074,CALLED,2026-08-23T22:22:00,1991,0.897
P055,P025,CALLED,2026-08-24T05:23:00,426,0.964
P072,P056,CALLED,2026-08-25T12:24:00,1390,0.972
P009,P007,CALLED,2026-08-26T19:25:00,214,0.813
P026,P038,CALLED,2026-08-27T02:26:00,927,0.934
P043,P069,CALLED,2026-08-28T09:27:00,1056,0.938
P060,P020,CALLED,2026-08-29T16:28:00,1741,0.817
P077,P051,CALLED,2026-08-30T23:29:00,1173,0.821
P014,P002,CALLED,2026-08-01T06:30:00,1259,0.777
P031,P033,CALLED,2026-08-02T13:31:00,594,0.833
P048,P064,CALLED,2026-08-03T20:32:00,931,0.918
P065,P015,CALLED,2026-08-04T03:33:00,2351,0.809
P002,P046,CALLED,2026-08-05T10:34:00,1210,0.764
P019,P077,CALLED,2026-08-06T17:35:00,133,0.929
P036,P028,CALLED,2026-08-07T00:36:00,2015,0.963
P053,P059,CALLED,2026-08-08T07:37:00,803,0.898
P070,P010,CALLED,2026-08-09T14:38:00,1615,0.887
P007,P041,CALLED,2026-08-10T21:39:00,646,0.851
P024,P072,CALLED,2026-08-11T04:40:00,1379,0.935
P041,P023,CALLED,2026-08-12T11:41:00,1217,0.802
P058,P054,CALLED,2026-08-13T18:42:00,2092,0.808
P075,P005,CALLED,2026-08-14T01:43:00,443,0.88
P012,P036,CALLED,2026-08-15T08:44:00,124,0.956
P029,P067,CALLED,2026-08-16T15:45:00,279,0.859
P046,P018,CALLED,2026-08-17T22:46:00,1788,0.784
P063,P049,CALLED,2026-08-18T05:47:00,766,0.76
P080,P002,CALLED,2026-08-19T12:48:00,1767,0.829
P017,P031,CALLED,2026-08-20T19:49:00,852,0.963
P034,P062,CALLED,2026-08-21T02:50:00,319,0.772
P051,P013,CALLED,2026-08-22T09:51:00,2297,0.778
P068,P044,CALLED,2026-08-23T16:52:00,2005,0.832
P005,P075,CALLED,2026-08-24T23:53:00,1840,0.871
P022,P026,CALLED,2026-08-25T06:54:00,764,0.873
P039,P057,CALLED,2026-08-26T13:55:00,458,0.784
P056,P008,CALLED,2026-08-27T20:56:00,2117,0.887
P073,P039,CALLED,2026-08-28T03:57:00,1397,0.837
P010,P070,CALLED,2026-08-29T10:58:00,1002,0.839
P027,P021,CALLED,2026-08-30T17:59:00,112,0.927
P044,P052,CALLED,2026-08-01T00:00:00,2053,0.858
P061,P003,CALLED,2026-08-02T07:01:00,2237,0.891
P078,P034,CALLED,2026-08-03T14:02:00,526,0.95
P015,P065,CALLED,2026-08-04T21:03:00,1874,0.916
P032,P016,CALLED,2026-08-05T04:04:00,200,0.937
P049,P047,CALLED,2026-08-06T11:05:00,1569,0.824
P066,P078,CALLED,2026-08-07T18:06:00,253,0.93
P003,P029,CALLED,2026-08-08T01:07:00,1496,0.973
P020,P060,CALLED,2026-08-09T08:08:00,1693,0.832
P037,P011,CALLED,2026-08-10T15:09:00,1157,0.848
P054,P042,CALLED,2026-08-11T22:10:00,832,0.818
P071,P073,CALLED,2026-08-12T05:11:00,2075,0.9
P008,P024,CALLED,2026-08-13T12:12:00,1886,0.76
P025,P055,CALLED,2026-08-14T19:13:00,1669,0.761
P042,P006,CALLED,2026-08-15T02:14:00,409,0.804
P059,P037,CALLED,2026-08-16T09:15:00,1961,0.886
P076,P068,CALLED,2026-08-17T16:16:00,707,0.869
P013,P019,CALLED,2026-08-18T23:17:00,2198,0.802
P030,P050,CALLED,2026-08-19T06:18:00,761,0.854
P047,P001,CALLED,2026-08-20T13:19:00,1530,0.923
P064,P032,CALLED,2026-08-21T20:20:00,563,0.858
P001,P063,CALLED,2026-08-22T03:21:00,150,0.796
P018,P014,CALLED,2026-08-23T10:22:00,972,0.91
P035,P045,CALLED,2026-08-24T17:23:00,2123,0.928
P052,P076,CALLED,2026-08-25T00:24:00,618,0.812
P069,P027,CALLED,2026-08-26T07:25:00,258,0.8
P006,P058,CALLED,2026-08-27T14:26:00,780,0.864
P023,P009,CALLED,2026-08-28T21:27:00,136,0.937
P040,P042,CALLED,2026-08-29T04:28:00,82,0.941
P057,P071,CALLED,2026-08-30T11:29:00,861,0.767
P074,P022,CALLED,2026-08-01T18:30:00,794,0.97
P011,P053,CALLED,2026-08-02T01:31:00,324,0.893
P028,P004,CALLED,2026-08-03T08:32:00,234,0.773
P045,P035,CALLED,2026-08-04T15:33:00,820,0.954
P062,P066,CALLED,2026-08-05T22:34:00,552,0.887
P079,P017,CALLED,2026-08-06T05:35:00,2209,0.845
P016,P048,CALLED,2026-08-07T12:36:00,2121,0.96
P033,P079,CALLED,2026-08-08T19:37:00,275,0.804
P050,P030,CALLED,2026-08-09T02:38:00,1700,0.763
P067,P061,CALLED,2026-08-10T09:39:00,590,0.821
P004,P012,CALLED,2026-08-11T16:40:00,931,0.917
P021,P043,CALLED,2026-08-12T23:41:00,1526,0.946
P038,P074,CALLED,2026-08-13T06:42:00,480,0.823
P055,P025,CALLED,2026-08-14T13:43:00,1265,0.881
P072,P056,CALLED,2026-08-15T20:44:00,1748,0.868
P009,P007,CALLED,2026-08-16T03:45:00,988,0.978
P026,P038,CALLED,2026-08-17T10:46:00,1632,0.77
P043,P069,CALLED,2026-08-18T17:47:00,1628,0.976
P060,P020,CALLED,2026-08-19T00:48:00,748,0.949
P077,P051,CALLED,2026-08-20T07:49:00,1633,0.966
P014,P002,CALLED,2026-08-21T14:50:00,1352,0.909
P031,P033,CALLED,2026-08-22T21:51:00,1418,0.984
P048,P064,CALLED,2026-08-23T04:52:00,366,0.799
P065,P015,CALLED,2026-08-24T11:53:00,451,0.87
P002,P046,CALLED,2026-08-25T18:54:00,300,0.969
P019,P077,CALLED,2026-08-26T01:55:00,1240,0.844
P036,P028,CALLED,2026-08-27T08:56:00,2262,0.93
P053,P059,CALLED,2026-08-28T15:57:00,1061,0.925
P070,P010,CALLED,2026-08-29T22:58:00,2139,0.93
P007,P041,CALLED,2026-08-30T05:59:00,1510,0.982
P024,P072,CALLED,2026-08-01T12:00:00,443,0.97
P041,P023,CALLED,2026-08-02T19:01:00,1961,0.92
P058,P054,CALLED,2026-08-03T02:02:00,1318,0.756
P075,P005,CALLED,2026-08-04T09:03:00,2141,0.984
P012,P036,CALLED,2026-08-05T16:04:00,173,0.952
P029,P067,CALLED,2026-08-06T23:05:00,1081,0.91
P046,P018,CALLED,2026-08-07T06:06:00,1929,0.779
P063,P049,CALLED,2026-08-08T13:07:00,831,0.804
P080,P002,CALLED,2026-08-09T20:08:00,462,0.924
P017,P031,CALLED,2026-08-10T03:09:00,755,0.929
P034,P062,CALLED,2026-08-11T10:10:00,29,0.78
P051,P013,CALLED,2026-08-12T17:11:00,1069,0.961
P068,P044,CALLED,2026-08-13T00:12:00,940,0.872
P005,P075,CALLED,2026-08-14T07:13:00,1800,0.871
P022,P026,CALLED,2026-08-15T14:14:00,83,0.938
P039,P057,CALLED,2026-08-16T21:15:00,2187,0.786
P056,P008,CALLED,2026-08-17T04:16:00,2334,0.835
P073,P039,CALLED,2026-08-18T11:17:00,2041,0.805
P010,P070,CALLED,2026-08-19T18:18:00,2007,0.78
P027,P021,CALLED,2026-08-20T01:19:00,2291,0.784
P044,P052,CALLED,2026-08-21T08:20:00,1135,0.853
P061,P003,CALLED,2026-08-22T15:21:00,2352,0.786
P078,P034,CALLED,2026-08-23T22:22:00,1554,0.828
P015,P065,CALLED,2026-08-24T05:23:00,313,0.826
P032,P016,CALLED,2026-08-25T12:24:00,2206,0.931
P049,P047,CALLED,2026-08-26T19:25:00,1790,0.941
P066,P078,CALLED,2026-08-27T02:26:00,1343,0.91
P003,P029,CALLED,2026-08-28T09:27:00,979,0.809
P020,P060,CALLED,2026-08-29T16:28:00,319,0.818
P037,P011,CALLED,2026-08-30T23:29:00,1449,0.987
P054,P042,CALLED,2026-08-01T06:30:00,997,0.87
P071,P073,CALLED,2026-08-02T13:31:00,1797,0.946
P008,P024,CALLED,2026-08-03T20:32:00,965,0.812
P025,P055,CALLED,2026-08-04T03:33:00,1714,0.764
P042,P006,CALLED,2026-08-05T10:34:00,530,0.803
P059,P037,CALLED,2026-08-06T17:35:00,853,0.906
P076,P068,CALLED,2026-08-07T00:36:00,851,0.911
P013,P019,CALLED,2026-08-08T07:37:00,1020,0.864
P030,P050,CALLED,2026-08-09T14:38:00,243,0.988
P047,P001,CALLED,2026-08-10T21:39:00,1752,0.777
P064,P032,CALLED,2026-08-11T04:40:00,1019,0.841
P001,P063,CALLED,2026-08-12T11:41:00,2381,0.953
P018,P014,CALLED,2026-08-13T18:42:00,1066,0.844
P035,P045,CALLED,2026-08-14T01:43:00,805,0.99
P052,P076,CALLED,2026-08-15T08:44:00,1206,0.858
P069,P027,CALLED,2026-08-16T15:45:00,313,0.825
P006,P058,CALLED,2026-08-17T22:46:00,2317,0.839
P023,P009,CALLED,2026-08-18T05:47:00,1258,0.812
P040,P042,CALLED,2026-08-19T12:48:00,2302,0.932
P057,P071,CALLED,2026-08-20T19:49:00,1077,0.847
P074,P022,CALLED,2026-08-21T02:50:00,1419,0.943
P011,P053,CALLED,2026-08-22T09:51:00,1965,0.801
P028,P004,CALLED,2026-08-23T16:52:00,1503,0.826
P045,P035,CALLED,2026-08-24T23:53:00,278,0.94
P062,P066,CALLED,2026-08-25T06:54:00,145,0.938
P079,P017,CALLED,2026-08-26T13:55:00,769,0.817
P016,P048,CALLED,2026-08-27T20:56:00,1163,0.986
P033,P079,CALLED,2026-08-28T03:57:00,309,0.824
P050,P030,CALLED,2026-08-29T10:58:00,1777,0.845
P067,P061,CALLED,2026-08-30T17:59:00,2356,0.979
P004,P012,CALLED,2026-08-01T00:00:00,793,0.816
P021,P043,CALLED,2026-08-02T07:01:00,677,0.767
P038,P074,CALLED,2026-08-03T14:02:00,1529,0.867
P055,P025,CALLED,2026-08-04T21:03:00,1424,0.842
P072,P056,CALLED,2026-08-05T04:04:00,582,0.953
P009,P007,CALLED,2026-08-06T11:05:00,2084,0.912
P026,P038,CALLED,2026-08-07T18:06:00,1631,0.926
P043,P069,CALLED,2026-08-08T01:07:00,61,0.957
P060,P020,CALLED,2026-08-09T08:08:00,2044,0.913
P077,P051,CALLED,2026-08-10T15:09:00,846,0.873
P014,P002,CALLED,2026-08-11T22:10:00,163,0.787
P031,P033,CALLED,2026-08-12T05:11:00,948,0.88
P048,P064,CALLED,2026-08-13T12:12:00,1169,0.972
P065,P015,CALLED,2026-08-14T19:13:00,2051,0.969
P002,P046,CALLED,2026-08-15T02:14:00,1511,0.833
P019,P077,CALLED,2026-08-16T09:15:00,1298,0.794
P036,P028,CALLED,2026-08-17T16:16:00,470,0.886
P053,P059,CALLED,2026-08-18T23:17:00,2359,0.844
P070,P010,CALLED,2026-08-19T06:18:00,2312,0.802
P007,P041,CALLED,2026-08-20T13:19:00,1907,0.834
P024,P072,CALLED,2026-08-21T20:20:00,1986,0.902
P041,P023,CALLED,2026-08-22T03:21:00,72,0.753
P058,P054,CALLED,2026-08-23T10:22:00,1057,0.864
P075,P005,CALLED,2026-08-24T17:23:00,720,0.905
P012,P036,CALLED,2026-08-25T00:24:00,642,0.909
P029,P067,CALLED,2026-08-26T07:25:00,189,0.776
P046,P018,CALLED,2026-08-27T14:26:00,1946,0.784
P063,P049,CALLED,2026-08-28T21:27:00,278,0.94
P080,P002,CALLED,2026-08-29T04:28:00,519,0.986
P017,P031,CALLED,2026-08-30T11:29:00,1859,0.895
P034,P062,CALLED,2026-08-01T18:30:00,1525,0.866
P051,P013,CALLED,2026-08-02T01:31:00,1928,0.916
P068,P044,CALLED,2026-08-03T08:32:00,940,0.772
P005,P075,CALLED,2026-08-04T15:33:00,780,0.885
P022,P026,CALLED,2026-08-05T22:34:00,532,0.977
P039,P057,CALLED,2026-08-06T05:35:00,109,0.83
P056,P008,CALLED,2026-08-07T12:36:00,120,0.945
P073,P039,CALLED,2026-08-08T19:37:00,1276,0.843
P010,P070,CALLED,2026-08-09T02:38:00,1916,0.948
P027,P021,CALLED,2026-08-10T09:39:00,657,0.829
P044,P052,CALLED,2026-08-11T16:40:00,1091,0.913
P061,P003,CALLED,2026-08-12T23:41:00,1923,0.946
P078,P034,CALLED,2026-08-13T06:42:00,431,0.941
P015,P065,CALLED,2026-08-14T13:43:00,1137,0.891
P032,P016,CALLED,2026-08-15T20:44:00,1510,0.894
P049,P047,CALLED,2026-08-16T03:45:00,1401,0.962
P066,P078,CALLED,2026-08-17T10:46:00,2007,0.776
P003,P029,CALLED,2026-08-18T17:47:00,2305,0.881
P020,P060,CALLED,2026-08-19T00:48:00,991,0.888
P037,P011,CALLED,2026-08-20T07:49:00,470,0.958
P054,P042,CALLED,2026-08-21T14:50:00,1055,0.954
P071,P073,CALLED,2026-08-22T21:51:00,1624,0.808
P008,P024,CALLED,2026-08-23T04:52:00,2041,0.815
P025,P055,CALLED,2026-08-24T11:53:00,1958,0.955
P042,P006,CALLED,2026-08-25T18:54:00,1272,0.984
P059,P037,CALLED,2026-08-26T01:55:00,1259,0.785
P076,P068,CALLED,2026-08-27T08:56:00,1891,0.893
P013,P019,CALLED,2026-08-28T15:57:00,1753,0.857
P030,P050,CALLED,2026-08-29T22:58:00,1533,0.927
P047,P001,CALLED,2026-08-30T05:59:00,1677,0.781
P064,P032,CALLED,2026-08-01T12:00:00,1527,0.772
P001,P063,CALLED,2026-08-02T19:01:00,1934,0.937
P018,P014,CALLED,2026-08-03T02:02:00,1671,0.952
P035,P045,CALLED,2026-08-04T09:03:00,700,0.904
P052,P076,CALLED,2026-08-05T16:04:00,860,0.937
P069,P027,CALLED,2026-08-06T23:05:00,1310,0.961
P006,P058,CALLED,2026-08-07T06:06:00,882,0.939
P023,P009,CALLED,2026-08-08T13:07:00,2174,0.787
P040,P042,CALLED,2026-08-09T20:08:00,2166,0.812
P057,P071,CALLED,2026-08-10T03:09:00,2252,0.974
P074,P022,CALLED,2026-08-11T10:10:00,2154,0.772
P011,P053,CALLED,2026-08-12T17:11:00,1619,0.86
P028,P004,CALLED,2026-08-13T00:12:00,2058,0.839
P045,P035,CALLED,2026-08-14T07:13:00,1595,0.781
P062,P066,CALLED,2026-08-15T14:14:00,807,0.776
P079,P017,CALLED,2026-08-16T21:15:00,1074,0.89
P016,P048,CALLED,2026-08-17T04:16:00,2187,0.861
P033,P079,CALLED,2026-08-18T11:17:00,447,0.894
P050,P030,CALLED,2026-08-19T18:18:00,399,0.849
P067,P061,CALLED,2026-08-20T01:19:00,373,0.781
P004,P012,CALLED,2026-08-21T08:20:00,1342,0.881
P021,P043,CALLED,2026-08-22T15:21:00,707,0.977
P038,P074,CALLED,2026-08-23T22:22:00,1494,0.89
P055,P025,CALLED,2026-08-24T05:23:00,2241,0.983
P072,P056,CALLED,2026-08-25T12:24:00,1497,0.791
P009,P007,CALLED,2026-08-26T19:25:00,783,0.929
P026,P038,CALLED,2026-08-27T02:26:00,1640,0.852
P043,P069,CALLED,2026-08-28T09:27:00,2111,0.948
P060,P020,CALLED,2026-08-29T16:28:00,277,0.912
P077,P051,CALLED,2026-08-30T23:29:00,958,0.927
P014,P002,CALLED,2026-08-01T06:30:00,2141,0.959
P031,P033,CALLED,2026-08-02T13:31:00,1666,0.894
P048,P064,CALLED,2026-08-03T20:32:00,677,0.786
P065,P015,CALLED,2026-08-04T03:33:00,1360,0.899
P002,P046,CALLED,2026-08-05T10:34:00,962,0.758
P019,P077,CALLED,2026-08-06T17:35:00,2112,0.947
P036,P028,CALLED,2026-08-07T00:36:00,1831,0.897
P053,P059,CALLED,2026-08-08T07:37:00,537,0.938
P070,P010,CALLED,2026-08-09T14:38:00,244,0.845
P007,P041,CALLED,2026-08-10T21:39:00,685,0.97
P024,P072,CALLED,2026-08-11T04:40:00,44,0.909
P041,P023,CALLED,2026-08-12T11:41:00,79,0.91
P058,P054,CALLED,2026-08-13T18:42:00,1246,0.889
P075,P005,CALLED,2026-08-14T01:43:00,1030,0.838
P012,P036,CALLED,2026-08-15T08:44:00,2338,0.87
P029,P067,CALLED,2026-08-16T15:45:00,1528,0.881
P046,P018,CALLED,2026-08-17T22:46:00,1811,0.878
P063,P049,CALLED,2026-08-18T05:47:00,1010,0.894
P080,P002,CALLED,2026-08-19T12:48:00,994,0.894
P017,P031,CALLED,2026-08-20T19:49:00,1215,0.975
P034,P062,CALLED,2026-08-21T02:50:00,549,0.984
P051,P013,CALLED,2026-08-22T09:51:00,1000,0.768
P068,P044,CALLED,2026-08-23T16:52:00,1380,0.773
P005,P075,CALLED,2026-08-24T23:53:00,1594,0.876
P022,P026,CALLED,2026-08-25T06:54:00,2049,0.913
P039,P057,CALLED,2026-08-26T13:55:00,967,0.858
P056,P008,CALLED,2026-08-27T20:56:00,230,0.776
P073,P039,CALLED,2026-08-28T03:57:00,1509,0.806
P010,P070,CALLED,2026-08-29T10:58:00,1387,0.87
P027,P021,CALLED,2026-08-30T17:59:00,1964,0.841
P044,P052,CALLED,2026-08-01T00:00:00,785,0.858
P061,P003,CALLED,2026-08-02T07:01:00,843,0.974
P078,P034,CALLED,2026-08-03T14:02:00,2049,0.751
P015,P065,CALLED,2026-08-04T21:03:00,174,0.754
P032,P016,CALLED,2026-08-05T04:04:00,1197,0.941
P049,P047,CALLED,2026-08-06T11:05:00,367,0.84
P066,P078,CALLED,2026-08-07T18:06:00,1601,0.935
P003,P029,CALLED,2026-08-08T01:07:00,344,0.843
P020,P060,CALLED,2026-08-09T08:08:00,1174,0.764
P037,P011,CALLED,2026-08-10T15:09:00,2109,0.962
P054,P042,CALLED,2026-08-11T22:10:00,654,0.871
P071,P073,CALLED,2026-08-12T05:11:00,2057,0.853
P008,P024,CALLED,2026-08-13T12:12:00,141,0.912
P025,P055,CALLED,2026-08-14T19:13:00,87,0.833
P042,P006,CALLED,2026-08-15T02:14:00,1021,0.841
P059,P037,CALLED,2026-08-16T09:15:00,64,0.83
P076,P068,CALLED,2026-08-17T16:16:00,1389,0.95
P013,P019,CALLED,2026-08-18T23:17:00,2133,0.896
P030,P050,CALLED,2026-08-19T06:18:00,2021,0.791
P047,P001,CALLED,2026-08-20T13:19:00,599,0.918
P064,P032,CALLED,2026-08-21T20:20:00,438,0.898
P001,P063,CALLED,2026-08-22T03:21:00,1147,0.849
P018,P014,CALLED,2026-08-23T10:22:00,1660,0.938
P035,P045,CALLED,2026-08-24T17:23:00,1023,0.974
P052,P076,CALLED,2026-08-25T00:24:00,1486,0.957
P069,P027,CALLED,2026-08-26T07:25:00,449,0.985
P006,P058,CALLED,2026-08-27T14:26:00,1248,0.96
P023,P009,CALLED,2026-08-28T21:27:00,31,0.988
P040,P042,CALLED,2026-08-29T04:28:00,1319,0.962
P057,P071,CALLED,2026-08-30T11:29:00,1202,0.84
P074,P022,CALLED,2026-08-01T18:30:00,1892,0.826
P011,P053,CALLED,2026-08-02T01:31:00,1001,0.786
P028,P004,CALLED,2026-08-03T08:32:00,2181,0.923
P045,P035,CALLED,2026-08-04T15:33:00,1531,0.771
P062,P066,CALLED,2026-08-05T22:34:00,1932,0.805
P079,P017,CALLED,2026-08-06T05:35:00,1821,0.798
P016,P048,CALLED,2026-08-07T12:36:00,1604,0.786
P033,P079,CALLED,2026-08-08T19:37:00,94,0.952
P050,P030,CALLED,2026-08-09T02:38:00,640,0.967
P067,P061,CALLED,2026-08-10T09:39:00,2194,0.925
P004,P012,CALLED,2026-08-11T16:40:00,1444,0.972
P021,P043,CALLED,2026-08-12T23:41:00,399,0.905
P038,P074,CALLED,2026-08-13T06:42:00,2047,0.97
P055,P025,CALLED,2026-08-14T13:43:00,1667,0.867
P072,P056,CALLED,2026-08-15T20:44:00,1996,0.767
P009,P007,CALLED,2026-08-16T03:45:00,1695,0.818
P026,P038,CALLED,2026-08-17T10:46:00,159,0.864
P043,P069,CALLED,2026-08-18T17:47:00,62,0.833
P060,P020,CALLED,2026-08-19T00:48:00,1815,0.984
P077,P051,CALLED,2026-08-20T07:49:00,184,0.812
P014,P002,CALLED,2026-08-21T14:50:00,824,0.957
P031,P033,CALLED,2026-08-22T21:51:00,1356,0.846
P048,P064,CALLED,2026-08-23T04:52:00,1398,0.885
P065,P015,CALLED,2026-08-24T11:53:00,1565,0.798
P002,P046,CALLED,2026-08-25T18:54:00,1760,0.98
P019,P077,CALLED,2026-08-26T01:55:00,2004,0.769
P036,P028,CALLED,2026-08-27T08:56:00,485,0.802
P053,P059,CALLED,2026-08-28T15:57:00,2332,0.959
P070,P010,CALLED,2026-08-29T22:58:00,1613,0.982
P007,P041,CALLED,2026-08-30T05:59:00,1036,0.983
P024,P072,CALLED,2026-08-01T12:00:00,1255,0.799
P041,P023,CALLED,2026-08-02T19:01:00,77,0.926
P058,P054,CALLED,2026-08-03T02:02:00,2112,0.843
P075,P005,CALLED,2026-08-04T09:03:00,1838,0.885
P012,P036,CALLED,2026-08-05T16:04:00,803,0.899
P029,P067,CALLED,2026-08-06T23:05:00,1139,0.959
P046,P018,CALLED,2026-08-07T06:06:00,915,0.85
P063,P049,CALLED,2026-08-08T13:07:00,2016,0.891
P080,P002,CALLED,2026-08-09T20:08:00,938,0.896
P017,P031,CALLED,2026-08-10T03:09:00,1640,0.86
P034,P062,CALLED,2026-08-11T10:10:00,1335,0.95
P051,P013,CALLED,2026-08-12T17:11:00,710,0.86
P068,P044,CALLED,2026-08-13T00:12:00,678,0.815
P005,P075,CALLED,2026-08-14T07:13:00,506,0.752
P022,P026,CALLED,2026-08-15T14:14:00,290,0.78
P039,P057,CALLED,2026-08-16T21:15:00,27,0.775
P056,P008,CALLED,2026-08-17T04:16:00,2290,0.88
P073,P039,CALLED,2026-08-18T11:17:00,675,0.915
P010,P070,CALLED,2026-08-19T18:18:00,404,0.846
P027,P021,CALLED,2026-08-20T01:19:00,1006,0.97
P044,P052,CALLED,2026-08-21T08:20:00,1996,0.841
P061,P003,CALLED,2026-08-22T15:21:00,1443,0.796
P078,P034,CALLED,2026-08-23T22:22:00,729,0.89
P015,P065,CALLED,2026-08-24T05:23:00,210,0.831
P032,P016,CALLED,2026-08-25T12:24:00,1274,0.765
P049,P047,CALLED,2026-08-26T19:25:00,606,0.98
P066,P078,CALLED,2026-08-27T02:26:00,416,0.852
P003,P029,CALLED,2026-08-28T09:27:00,1647,0.985
P020,P060,CALLED,2026-08-29T16:28:00,1547,0.96
P037,P011,CALLED,2026-08-30T23:29:00,88,0.984
P054,P042,CALLED,2026-08-01T06:30:00,1694,0.933
P071,P073,CALLED,2026-08-02T13:31:00,88,0.871
P008,P024,CALLED,2026-08-03T20:32:00,1613,0.801
P025,P055,CALLED,2026-08-04T03:33:00,2039,0.785
P042,P006,CALLED,2026-08-05T10:34:00,1502,0.874
P059,P037,CALLED,2026-08-06T17:35:00,1879,0.866
P076,P068,CALLED,2026-08-07T00:36:00,1407,0.934
P013,P019,CALLED,2026-08-08T07:37:00,327,0.97
P030,P050,CALLED,2026-08-09T14:38:00,468,0.838
P047,P001,CALLED,2026-08-10T21:39:00,2237,0.81
P064,P032,CALLED,2026-08-11T04:40:00,517,0.793
P001,P063,CALLED,2026-08-12T11:41:00,1524,0.878
P018,P014,CALLED,2026-08-13T18:42:00,1983,0.982
P035,P045,CALLED,2026-08-14T01:43:00,491,0.865
P052,P076,CALLED,2026-08-15T08:44:00,273,0.763
P069,P027,CALLED,2026-08-16T15:45:00,355,0.789
P006,P058,CALLED,2026-08-17T22:46:00,731,0.845
P023,P009,CALLED,2026-08-18T05:47:00,322,0.823
P040,P042,CALLED,2026-08-19T12:48:00,1342,0.962
P057,P071,CALLED,2026-08-20T19:49:00,1272,0.943
P074,P022,CALLED,2026-08-21T02:50:00,2383,0.78
P011,P053,CALLED,2026-08-22T09:51:00,1173,0.791
P028,P004,CALLED,2026-08-23T16:52:00,1567,0.946
P045,P035,CALLED,2026-08-24T23:53:00,2125,0.937
P062,P066,CALLED,2026-08-25T06:54:00,2005,0.771
P079,P017,CALLED,2026-08-26T13:55:00,1198,0.828
P016,P048,CALLED,2026-08-27T20:56:00,594,0.938
P033,P079,CALLED,2026-08-28T03:57:00,240,0.879
P050,P030,CALLED,2026-08-29T10:58:00,1963,0.824
P067,P061,CALLED,2026-08-30T17:59:00,1507,0.954
P004,P012,CALLED,2026-08-01T00:00:00,524,0.772
P021,P043,CALLED,2026-08-02T07:01:00,2300,0.823
P038,P074,CALLED,2026-08-03T14:02:00,2155,0.844
P055,P025,CALLED,2026-08-04T21:03:00,1391,0.93
P072,P056,CALLED,2026-08-05T04:04:00,1381,0.963
P009,P007,CALLED,2026-08-06T11:05:00,2073,0.85
P026,P038,CALLED,2026-08-07T18:06:00,394,0.865
P043,P069,CALLED,2026-08-08T01:07:00,941,0.885
P060,P020,CALLED,2026-08-09T08:08:00,31,0.787
P077,P051,CALLED,2026-08-10T15:09:00,991,0.884
P014,P002,CALLED,2026-08-11T22:10:00,711,0.753
P031,P033,CALLED,2026-08-12T05:11:00,1927,0.898
P048,P064,CALLED,2026-08-13T12:12:00,492,0.872
P065,P015,CALLED,2026-08-14T19:13:00,1596,0.867
P002,P046,CALLED,2026-08-15T02:14:00,1318,0.809
P019,P077,CALLED,2026-08-16T09:15:00,781,0.853
P036,P028,CALLED,2026-08-17T16:16:00,1291,0.807
P053,P059,CALLED,2026-08-18T23:17:00,1132,0.819
P070,P010,CALLED,2026-08-19T06:18:00,157,0.821
P007,P041,CALLED,2026-08-20T13:19:00,1271,0.982
P024,P072,CALLED,2026-08-21T20:20:00,780,0.789
P041,P023,CALLED,2026-08-22T03:21:00,1800,0.83
P058,P054,CALLED,2026-08-23T10:22:00,669,0.801
P075,P005,CALLED,2026-08-24T17:23:00,113,0.88
P012,P036,CALLED,2026-08-25T00:24:00,565,0.957
P029,P067,CALLED,2026-08-26T07:25:00,2343,0.88
P046,P018,CALLED,2026-08-27T14:26:00,1368,0.896
P063,P049,CALLED,2026-08-28T21:27:00,1846,0.807
P080,P002,CALLED,2026-08-29T04:28:00,130,0.931
P017,P031,CALLED,2026-08-30T11:29:00,1025,0.943
P034,P062,CALLED,2026-08-01T18:30:00,824,0.942
P051,P013,CALLED,2026-08-02T01:31:00,1570,0.795
P068,P044,CALLED,2026-08-03T08:32:00,1557,0.956
P005,P075,CALLED,2026-08-04T15:33:00,663,0.875
P022,P026,CALLED,2026-08-05T22:34:00,1966,0.758
P039,P057,CALLED,2026-08-06T05:35:00,889,0.873
P056,P008,CALLED,2026-08-07T12:36:00,49,0.929
P073,P039,CALLED,2026-08-08T19:37:00,200,0.78
P010,P070,CALLED,2026-08-09T02:38:00,369,0.825
P027,P021,CALLED,2026-08-10T09:39:00,1456,0.863
P044,P052,CALLED,2026-08-11T16:40:00,83,0.914
P061,P003,CALLED,2026-08-12T23:41:00,2271,0.937
P078,P034,CALLED,2026-08-13T06:42:00,1520,0.857
P015,P065,CALLED,2026-08-14T13:43:00,823,0.969
P032,P016,CALLED,2026-08-15T20:44:00,1866,0.852
P049,P047,CALLED,2026-08-16T03:45:00,2072,0.867
P066,P078,CALLED,2026-08-17T10:46:00,1896,0.78
P003,P029,CALLED,2026-08-18T17:47:00,283,0.958
P020,P060,CALLED,2026-08-19T00:48:00,1218,0.759
P037,P011,CALLED,2026-08-20T07:49:00,778,0.95
P054,P042,CALLED,2026-08-21T14:50:00,1106,0.882
P071,P073,CALLED,2026-08-22T21:51:00,50,0.922
P008,P024,CALLED,2026-08-23T04:52:00,914,0.914
P025,P055,CALLED,2026-08-24T11:53:00,1959,0.949
P042,P006,CALLED,2026-08-25T18:54:00,2162,0.944
P059,P037,CALLED,2026-08-26T01:55:00,517,0.788
P076,P068,CALLED,2026-08-27T08:56:00,271,0.797
P013,P019,CALLED,2026-08-28T15:57:00,149,0.82
P030,P050,CALLED,2026-08-29T22:58:00,849,0.772
P047,P001,CALLED,2026-08-30T05:59:00,741,0.853
P064,P032,CALLED,2026-08-01T12:00:00,1744,0.801
P001,P063,CALLED,2026-08-02T19:01:00,2039,0.882
P018,P014,CALLED,2026-08-03T02:02:00,2161,0.931
P035,P045,CALLED,2026-08-04T09:03:00,2130,0.827
P052,P076,CALLED,2026-08-05T16:04:00,577,0.812
P069,P027,CALLED,2026-08-06T23:05:00,2324,0.954
P006,P058,CALLED,2026-08-07T06:06:00,1752,0.955
P023,P009,CALLED,2026-08-08T13:07:00,2333,0.946
P040,P042,CALLED,2026-08-09T20:08:00,1996,0.788
P057,P071,CALLED,2026-08-10T03:09:00,2033,0.762
P074,P022,CALLED,2026-08-11T10:10:00,2395,0.774
P011,P053,CALLED,2026-08-12T17:11:00,227,0.989
P028,P004,CALLED,2026-08-13T00:12:00,2112,0.844
P045,P035,CALLED,2026-08-14T07:13:00,353,0.763
P062,P066,CALLED,2026-08-15T14:14:00,1505,0.913
P079,P017,CALLED,2026-08-16T21:15:00,1861,0.869
P016,P048,CALLED,2026-08-17T04:16:00,1407,0.833
P033,P079,CALLED,2026-08-18T11:17:00,381,0.897
P050,P030,CALLED,2026-08-19T18:18:00,1103,0.902
P067,P061,CALLED,2026-08-20T01:19:00,1567,0.763
P004,P012,CALLED,2026-08-21T08:20:00,994,0.929
P021,P043,CALLED,2026-08-22T15:21:00,330,0.777
P038,P074,CALLED,2026-08-23T22:22:00,1706,0.902
P055,P025,CALLED,2026-08-24T05:23:00,444,0.868
P072,P056,CALLED,2026-08-25T12:24:00,950,0.783
P009,P007,CALLED,2026-08-26T19:25:00,1515,0.755
P026,P038,CALLED,2026-08-27T02:26:00,451,0.805
P043,P069,CALLED,2026-08-28T09:27:00,493,0.78
P060,P020,CALLED,2026-08-29T16:28:00,1269,0.845
P077,P051,CALLED,2026-08-30T23:29:00,542,0.783
P014,P002,CALLED,2026-08-01T06:30:00,1872,0.809
P031,P033,CALLED,2026-08-02T13:31:00,628,0.973
P048,P064,CALLED,2026-08-03T20:32:00,1300,0.96
P065,P015,CALLED,2026-08-04T03:33:00,501,0.857
P002,P046,CALLED,2026-08-05T10:34:00,365,0.779
P019,P077,CALLED,2026-08-06T17:35:00,1096,0.884
P036,P028,CALLED,2026-08-07T00:36:00,1297,0.835
P053,P059,CALLED,2026-08-08T07:37:00,136,0.827
P070,P010,CALLED,2026-08-09T14:38:00,1243,0.824
P007,P041,CALLED,2026-08-10T21:39:00,1578,0.853
P024,P072,CALLED,2026-08-11T04:40:00,897,0.912
P041,P023,CALLED,2026-08-12T11:41:00,1379,0.861
P058,P054,CALLED,2026-08-13T18:42:00,254,0.814
P075,P005,CALLED,2026-08-14T01:43:00,2196,0.956
P012,P036,CALLED,2026-08-15T08:44:00,1079,0.779
P029,P067,CALLED,2026-08-16T15:45:00,1835,0.951
P046,P018,CALLED,2026-08-17T22:46:00,2075,0.946
P063,P049,CALLED,2026-08-18T05:47:00,1520,0.791
P080,P002,CALLED,2026-08-19T12:48:00,1269,0.975
P017,P031,CALLED,2026-08-20T19:49:00,1432,0.855
P034,P062,CALLED,2026-08-21T02:50:00,1349,0.881
P051,P013,CALLED,2026-08-22T09:51:00,47,0.956
P068,P044,CALLED,2026-08-23T16:52:00,1748,0.773
P005,P075,CALLED,2026-08-24T23:53:00,1371,0.815
P022,P026,CALLED,2026-08-25T06:54:00,1479,0.9
P039,P057,CALLED,2026-08-26T13:55:00,198,0.934
P056,P008,CALLED,2026-08-27T20:56:00,1225,0.81
P073,P039,CALLED,2026-08-28T03:57:00,2041,0.98
P010,P070,CALLED,2026-08-29T10:58:00,1031,0.911
P027,P021,CALLED,2026-08-30T17:59:00,290,0.789
P044,P052,CALLED,2026-08-01T00:00:00,2129,0.899
P061,P003,CALLED,2026-08-02T07:01:00,1508,0.892
P078,P034,CALLED,2026-08-03T14:02:00,1038,0.983
P015,P065,CALLED,2026-08-04T21:03:00,1554,0.765
P032,P016,CALLED,2026-08-05T04:04:00,203,0.829
P049,P047,CALLED,2026-08-06T11:05:00,690,0.862
P066,P078,CALLED,2026-08-07T18:06:00,812,0.921
P003,P029,CALLED,2026-08-08T01:07:00,1768,0.911
P020,P060,CALLED,2026-08-09T08:08:00,2154,0.919
P037,P011,CALLED,2026-08-10T15:09:00,1062,0.77
P054,P042,CALLED,2026-08-11T22:10:00,457,0.914
P071,P073,CALLED,2026-08-12T05:11:00,1386,0.896
P008,P024,CALLED,2026-08-13T12:12:00,377,0.963
P025,P055,CALLED,2026-08-14T19:13:00,267,0.845
P042,P006,CALLED,2026-08-15T02:14:00,381,0.829
P059,P037,CALLED,2026-08-16T09:15:00,1547,0.759
P076,P068,CALLED,2026-08-17T16:16:00,976,0.897
P013,P019,CALLED,2026-08-18T23:17:00,40,0.925
P030,P050,CALLED,2026-08-19T06:18:00,924,0.99
P047,P001,CALLED,2026-08-20T13:19:00,40,0.826
P064,P032,CALLED,2026-08-21T20:20:00,1876,0.894
P001,P063,CALLED,2026-08-22T03:21:00,1583,0.981
P018,P014,CALLED,2026-08-23T10:22:00,1750,0.988
P035,P045,CALLED,2026-08-24T17:23:00,2156,0.824
P052,P076,CALLED,2026-08-25T00:24:00,955,0.969
P069,P027,CALLED,2026-08-26T07:25:00,957,0.911
P006,P058,CALLED,2026-08-27T14:26:00,902,0.808
P023,P009,CALLED,2026-08-28T21:27:00,187,0.949
P040,P042,CALLED,2026-08-29T04:28:00,790,0.883
P057,P071,CALLED,2026-08-30T11:29:00,1481,0.774
P074,P022,CALLED,2026-08-01T18:30:00,1599,0.795
P011,P053,CALLED,2026-08-02T01:31:00,1993,0.984
P028,P004,CALLED,2026-08-03T08:32:00,1619,0.767
P045,P035,CALLED,2026-08-04T15:33:00,199,0.791
P062,P066,CALLED,2026-08-05T22:34:00,2176,0.816
P079,P017,CALLED,2026-08-06T05:35:00,1797,0.906
P016,P048,CALLED,2026-08-07T12:36:00,299,0.986
P033,P079,CALLED,2026-08-08T19:37:00,797,0.792
P050,P030,CALLED,2026-08-09T02:38:00,1965,0.902
P067,P061,CALLED,2026-08-10T09:39:00,926,0.81
P004,P012,CALLED,2026-08-11T16:40:00,1319,0.937
P021,P043,CALLED,2026-08-12T23:41:00,2332,0.775
P038,P074,CALLED,2026-08-13T06:42:00,2314,0.905
P055,P025,CALLED,2026-08-14T13:43:00,1344,0.815
P072,P056,CALLED,2026-08-15T20:44:00,2224,0.821
P009,P007,CALLED,2026-08-16T03:45:00,919,0.922
P026,P038,CALLED,2026-08-17T10:46:00,1318,0.923
P043,P069,CALLED,2026-08-18T17:47:00,1692,0.876
P060,P020,CALLED,2026-08-19T00:48:00,1255,0.81
P077,P051,CALLED,2026-08-20T07:49:00,2357,0.79
P014,P002,CALLED,2026-08-21T14:50:00,1898,0.951
P031,P033,CALLED,2026-08-22T21:51:00,1479,0.952
P048,P064,CALLED,2026-08-23T04:52:00,130,0.912
P065,P015,CALLED,2026-08-24T11:53:00,2386,0.915
P002,P046,CALLED,2026-08-25T18:54:00,552,0.923
P019,P077,CALLED,2026-08-26T01:55:00,1607,0.958
P036,P028,CALLED,2026-08-27T08:56:00,866,0.975
P053,P059,CALLED,2026-08-28T15:57:00,1686,0.909
P070,P010,CALLED,2026-08-29T22:58:00,821,0.949
P007,P041,CALLED,2026-08-30T05:59:00,2106,0.844
P024,P072,CALLED,2026-08-01T12:00:00,507,0.784
P041,P023,CALLED,2026-08-02T19:01:00,394,0.759
P058,P054,CALLED,2026-08-03T02:02:00,1370,0.848
P075,P005,CALLED,2026-08-04T09:03:00,1993,0.92
P012,P036,CALLED,2026-08-05T16:04:00,2161,0.856
P029,P067,CALLED,2026-08-06T23:05:00,1712,0.849
P046,P018,CALLED,2026-08-07T06:06:00,2266,0.845
P063,P049,CALLED,2026-08-08T13:07:00,158,0.908
P080,P002,CALLED,2026-08-09T20:08:00,1098,0.932
P017,P031,CALLED,2026-08-10T03:09:00,1748,0.757
P034,P062,CALLED,2026-08-11T10:10:00,1103,0.814
P051,P013,CALLED,2026-08-12T17:11:00,1670,0.763
P068,P044,CALLED,2026-08-13T00:12:00,2305,0.982
P005,P075,CALLED,2026-08-14T07:13:00,1468,0.756
P022,P026,CALLED,2026-08-15T14:14:00,1456,0.811
P039,P057,CALLED,2026-08-16T21:15:00,2366,0.878
P056,P008,CALLED,2026-08-17T04:16:00,972,0.945
P073,P039,CALLED,2026-08-18T11:17:00,394,0.883
P010,P070,CALLED,2026-08-19T18:18:00,1071,0.974
P027,P021,CALLED,2026-08-20T01:19:00,2123,0.842
P044,P052,CALLED,2026-08-21T08:20:00,552,0.919
P061,P003,CALLED,2026-08-22T15:21:00,1059,0.819
P078,P034,CALLED,2026-08-23T22:22:00,1019,0.892
P015,P065,CALLED,2026-08-24T05:23:00,119,0.868
P032,P016,CALLED,2026-08-25T12:24:00,1226,0.821
P049,P047,CALLED,2026-08-26T19:25:00,874,0.884
P066,P078,CALLED,2026-08-27T02:26:00,1164,0.766
P003,P029,CALLED,2026-08-28T09:27:00,725,0.879
P020,P060,CALLED,2026-08-29T16:28:00,1913,0.881
P037,P011,CALLED,2026-08-30T23:29:00,816,0.834
P054,P042,CALLED,2026-08-01T06:30:00,1979,0.982
P071,P073,CALLED,2026-08-02T13:31:00,1524,0.96
P008,P024,CALLED,2026-08-03T20:32:00,29,0.89
P025,P055,CALLED,2026-08-04T03:33:00,1095,0.76
P042,P006,CALLED,2026-08-05T10:34:00,54,0.777
P059,P037,CALLED,2026-08-06T17:35:00,1869,0.979
P076,P068,CALLED,2026-08-07T00:36:00,1008,0.913
P013,P019,CALLED,2026-08-08T07:37:00,2295,0.779
P030,P050,CALLED,2026-08-09T14:38:00,358,0.917
P047,P001,CALLED,2026-08-10T21:39:00,1185,0.752
P064,P032,CALLED,2026-08-11T04:40:00,1749,0.931
P001,P063,CALLED,2026-08-12T11:41:00,2305,0.812
P018,P014,CALLED,2026-08-13T18:42:00,1166,0.962
P035,P045,CALLED,2026-08-14T01:43:00,160,0.762
P052,P076,CALLED,2026-08-15T08:44:00,151,0.944
P069,P027,CALLED,2026-08-16T15:45:00,1574,0.899
P006,P058,CALLED,2026-08-17T22:46:00,230,0.863
P023,P009,CALLED,2026-08-18T05:47:00,837,0.949
P040,P042,CALLED,2026-08-19T12:48:00,1606,0.772
P057,P071,CALLED,2026-08-20T19:49:00,1646,0.824
P074,P022,CALLED,2026-08-21T02:50:00,635,0.935
P011,P053,CALLED,2026-08-22T09:51:00,352,0.927
P028,P004,CALLED,2026-08-23T16:52:00,2187,0.97
P045,P035,CALLED,2026-08-24T23:53:00,483,0.827
P062,P066,CALLED,2026-08-25T06:54:00,1703,0.814
P079,P017,CALLED,2026-08-26T13:55:00,235,0.96
P016,P048,CALLED,2026-08-27T20:56:00,981,0.927
P033,P079,CALLED,2026-08-28T03:57:00,1697,0.941
P050,P030,CALLED,2026-08-29T10:58:00,1821,0.985
P067,P061,CALLED,2026-08-30T17:59:00,1806,0.905
P004,P012,CALLED,2026-08-01T00:00:00,882,0.786
P021,P043,CALLED,2026-08-02T07:01:00,2276,0.817
P038,P074,CALLED,2026-08-03T14:02:00,1073,0.829
P055,P025,CALLED,2026-08-04T21:03:00,256,0.794
P072,P056,CALLED,2026-08-05T04:04:00,1263,0.902
P009,P007,CALLED,2026-08-06T11:05:00,1141,0.934
P026,P038,CALLED,2026-08-07T18:06:00,505,0.841
P043,P069,CALLED,2026-08-08T01:07:00,542,0.792
P060,P020,CALLED,2026-08-09T08:08:00,1038,0.928
P077,P051,CALLED,2026-08-10T15:09:00,1142,0.821
P014,P002,CALLED,2026-08-11T22:10:00,1191,0.824
P031,P033,CALLED,2026-08-12T05:11:00,167,0.918
P048,P064,CALLED,2026-08-13T12:12:00,180,0.977
P065,P015,CALLED,2026-08-14T19:13:00,1633,0.924
P002,P046,CALLED,2026-08-15T02:14:00,999,0.77
P019,P077,CALLED,2026-08-16T09:15:00,1003,0.794
P036,P028,CALLED,2026-08-17T16:16:00,83,0.804
P053,P059,CALLED,2026-08-18T23:17:00,1031,0.781
P070,P010,CALLED,2026-08-19T06:18:00,2197,0.791
P007,P041,CALLED,2026-08-20T13:19:00,1095,0.835
P024,P072,CALLED,2026-08-21T20:20:00,1800,0.792
P041,P023,CALLED,2026-08-22T03:21:00,2303,0.929
P058,P054,CALLED,2026-08-23T10:22:00,2379,0.967
P075,P005,CALLED,2026-08-24T17:23:00,491,0.979
P012,P036,CALLED,2026-08-25T00:24:00,2384,0.751
P029,P067,CALLED,2026-08-26T07:25:00,655,0.792
P046,P018,CALLED,2026-08-27T14:26:00,863,0.823
P063,P049,CALLED,2026-08-28T21:27:00,1688,0.892
P080,P002,CALLED,2026-08-29T04:28:00,2073,0.88
P017,P031,CALLED,2026-08-30T11:29:00,1373,0.801
P034,P062,CALLED,2026-08-01T18:30:00,15,0.806
P051,P013,CALLED,2026-08-02T01:31:00,858,0.893
P068,P044,CALLED,2026-08-03T08:32:00,2310,0.949
P005,P075,CALLED,2026-08-04T15:33:00,1070,0.822
P022,P026,CALLED,2026-08-05T22:34:00,949,0.958
P039,P057,CALLED,2026-08-06T05:35:00,11,0.811
P056,P008,CALLED,2026-08-07T12:36:00,464,0.954
P073,P039,CALLED,2026-08-08T19:37:00,635,0.809
P010,P070,CALLED,2026-08-09T02:38:00,224,0.946
P027,P021,CALLED,2026-08-10T09:39:00,946,0.811
P044,P052,CALLED,2026-08-11T16:40:00,1259,0.859
P061,P003,CALLED,2026-08-12T23:41:00,521,0.839
P078,P034,CALLED,2026-08-13T06:42:00,1900,0.786
P015,P065,CALLED,2026-08-14T13:43:00,697,0.792
P032,P016,CALLED,2026-08-15T20:44:00,1174,0.989
P049,P047,CALLED,2026-08-16T03:45:00,1071,0.913
P066,P078,CALLED,2026-08-17T10:46:00,423,0.815
P003,P029,CALLED,2026-08-18T17:47:00,355,0.855
P020,P060,CALLED,2026-08-19T00:48:00,552,0.902
P037,P011,CALLED,2026-08-20T07:49:00,137,0.819
P054,P042,CALLED,2026-08-21T14:50:00,356,0.791
P071,P073,CALLED,2026-08-22T21:51:00,729,0.969
P008,P024,CALLED,2026-08-23T04:52:00,1089,0.776
P025,P055,CALLED,2026-08-24T11:53:00,1082,0.778
P042,P006,CALLED,2026-08-25T18:54:00,1979,0.787
P059,P037,CALLED,2026-08-26T01:55:00,98,0.762
P076,P068,CALLED,2026-08-27T08:56:00,2258,0.76
P013,P019,CALLED,2026-08-28T15:57:00,492,0.96
P030,P050,CALLED,2026-08-29T22:58:00,717,0.915
P047,P001,CALLED,2026-08-30T05:59:00,2341,0.803
P064,P032,CALLED,2026-08-01T12:00:00,880,0.919
P001,P063,CALLED,2026-08-02T19:01:00,581,0.797
P018,P014,CALLED,2026-08-03T02:02:00,253,0.94
P035,P045,CALLED,2026-08-04T09:03:00,2068,0.972
P052,P076,CALLED,2026-08-05T16:04:00,2120,0.783
P069,P027,CALLED,2026-08-06T23:05:00,407,0.884
P006,P058,CALLED,2026-08-07T06:06:00,419,0.808
P023,P009,CALLED,2026-08-08T13:07:00,1666,0.932
P040,P042,CALLED,2026-08-09T20:08:00,1960,0.789
P057,P071,CALLED,2026-08-10T03:09:00,608,0.756
P074,P022,CALLED,2026-08-11T10:10:00,113,0.9
P011,P053,CALLED,2026-08-12T17:11:00,503,0.951
P028,P004,CALLED,2026-08-13T00:12:00,1848,0.782
P045,P035,CALLED,2026-08-14T07:13:00,736,0.888
P062,P066,CALLED,2026-08-15T14:14:00,255,0.953
P079,P017,CALLED,2026-08-16T21:15:00,1680,0.783
P016,P048,CALLED,2026-08-17T04:16:00,535,0.935
P033,P079,CALLED,2026-08-18T11:17:00,1030,0.761
P050,P030,CALLED,2026-08-19T18:18:00,1135,0.989
P067,P061,CALLED,2026-08-20T01:19:00,920,0.893
P004,P012,CALLED,2026-08-21T08:20:00,1803,0.926
P021,P043,CALLED,2026-08-22T15:21:00,1741,0.976
P038,P074,CALLED,2026-08-23T22:22:00,1259,0.824
P055,P025,CALLED,2026-08-24T05:23:00,646,0.813
P072,P056,CALLED,2026-08-25T12:24:00,1772,0.814
P009,P007,CALLED,2026-08-26T19:25:00,827,0.983
P026,P038,CALLED,2026-08-27T02:26:00,611,0.882
P043,P069,CALLED,2026-08-28T09:27:00,547,0.905
P060,P020,CALLED,2026-08-29T16:28:00,1996,0.931
P077,P051,CALLED,2026-08-30T23:29:00,1692,0.873
P014,P002,CALLED,2026-08-01T06:30:00,1520,0.819
P031,P033,CALLED,2026-08-02T13:31:00,1095,0.816
P048,P064,CALLED,2026-08-03T20:32:00,1286,0.907
P065,P015,CALLED,2026-08-04T03:33:00,1534,0.977
P002,P046,CALLED,2026-08-05T10:34:00,1130,0.965
P019,P077,CALLED,2026-08-06T17:35:00,2320,0.8
P036,P028,CALLED,2026-08-07T00:36:00,2154,0.919
P053,P059,CALLED,2026-08-08T07:37:00,1603,0.982
P070,P010,CALLED,2026-08-09T14:38:00,2188,0.833
P007,P041,CALLED,2026-08-10T21:39:00,2165,0.94
P024,P072,CALLED,2026-08-11T04:40:00,565,0.889
P041,P023,CALLED,2026-08-12T11:41:00,934,0.985
P058,P054,CALLED,2026-08-13T18:42:00,2089,0.879
P075,P005,CALLED,2026-08-14T01:43:00,1877,0.847
P012,P036,CALLED,2026-08-15T08:44:00,1607,0.909
P029,P067,CALLED,2026-08-16T15:45:00,2319,0.811
P046,P018,CALLED,2026-08-17T22:46:00,934,0.889
P063,P049,CALLED,2026-08-18T05:47:00,672,0.961
P080,P002,CALLED,2026-08-19T12:48:00,2300,0.818
P017,P031,CALLED,2026-08-20T19:49:00,944,0.989
P034,P062,CALLED,2026-08-21T02:50:00,1073,0.973
P051,P013,CALLED,2026-08-22T09:51:00,806,0.897
P068,P044,CALLED,2026-08-23T16:52:00,1625,0.798
P005,P075,CALLED,2026-08-24T23:53:00,802,0.884
P022,P026,CALLED,2026-08-25T06:54:00,142,0.825
P039,P057,CALLED,2026-08-26T13:55:00,1966,0.94
P056,P008,CALLED,2026-08-27T20:56:00,1153,0.802
P073,P039,CALLED,2026-08-28T03:57:00,358,0.911
P010,P070,CALLED,2026-08-29T10:58:00,253,0.97
P027,P021,CALLED,2026-08-30T17:59:00,1501,0.796
P044,P052,CALLED,2026-08-01T00:00:00,1249,0.926
P061,P003,CALLED,2026-08-02T07:01:00,2356,0.932
P078,P034,CALLED,2026-08-03T14:02:00,413,0.893
P015,P065,CALLED,2026-08-04T21:03:00,657,0.77
P032,P016,CALLED,2026-08-05T04:04:00,989,0.891
P049,P047,CALLED,2026-08-06T11:05:00,494,0.944
P066,P078,CALLED,2026-08-07T18:06:00,1904,0.858
P003,P029,CALLED,2026-08-08T01:07:00,1838,0.909
P020,P060,CALLED,2026-08-09T08:08:00,2394,0.843
P037,P011,CALLED,2026-08-10T15:09:00,1629,0.896
P054,P042,CALLED,2026-08-11T22:10:00,1317,0.908
P071,P073,CALLED,2026-08-12T05:11:00,358,0.938
P008,P024,CALLED,2026-08-13T12:12:00,1256,0.97
P025,P055,CALLED,2026-08-14T19:13:00,307,0.9
P042,P006,CALLED,2026-08-15T02:14:00,819,0.957
P059,P037,CALLED,2026-08-16T09:15:00,1674,0.926
P076,P068,CALLED,2026-08-17T16:16:00,1367,0.933
P013,P019,CALLED,2026-08-18T23:17:00,623,0.884
P030,P050,CALLED,2026-08-19T06:18:00,1897,0.97
P047,P001,CALLED,2026-08-20T13:19:00,2114,0.752
P064,P032,CALLED,2026-08-21T20:20:00,651,0.765
P001,P063,CALLED,2026-08-22T03:21:00,1992,0.812
P018,P014,CALLED,2026-08-23T10:22:00,2137,0.768
P035,P045,CALLED,2026-08-24T17:23:00,1650,0.848
P052,P076,CALLED,2026-08-25T00:24:00,111,0.811
P069,P027,CALLED,2026-08-26T07:25:00,900,0.76
P006,P058,CALLED,2026-08-27T14:26:00,1959,0.777
P023,P009,CALLED,2026-08-28T21:27:00,1319,0.949
P040,P042,CALLED,2026-08-29T04:28:00,1704,0.983
P057,P071,CALLED,2026-08-30T11:29:00,672,0.876
P074,P022,CALLED,2026-08-01T18:30:00,2250,0.883
P011,P053,CALLED,2026-08-02T01:31:00,357,0.945
P028,P004,CALLED,2026-08-03T08:32:00,719,0.94
P045,P035,CALLED,2026-08-04T15:33:00,833,0.764
P062,P066,CALLED,2026-08-05T22:34:00,1257,0.982
P079,P017,CALLED,2026-08-06T05:35:00,1071,0.979
P016,P048,CALLED,2026-08-07T12:36:00,907,0.9
P033,P079,CALLED,2026-08-08T19:37:00,89,0.809
P050,P030,CALLED,2026-08-09T02:38:00,1838,0.776
P067,P061,CALLED,2026-08-10T09:39:00,993,0.824
P004,P012,CALLED,2026-08-11T16:40:00,53,0.847
P021,P043,CALLED,2026-08-12T23:41:00,1193,0.951
P038,P074,CALLED,2026-08-13T06:42:00,690,0.948
P055,P025,CALLED,2026-08-14T13:43:00,463,0.92
P072,P056,CALLED,2026-08-15T20:44:00,1953,0.788
P009,P007,CALLED,2026-08-16T03:45:00,1584,0.819
P026,P038,CALLED,2026-08-17T10:46:00,593,0.771
P043,P069,CALLED,2026-08-18T17:47:00,1089,0.948
P060,P020,CALLED,2026-08-19T00:48:00,1495,0.867
P077,P051,CALLED,2026-08-20T07:49:00,617,0.75
P014,P002,CALLED,2026-08-21T14:50:00,501,0.934
P031,P033,CALLED,2026-08-22T21:51:00,54,0.799
P048,P064,CALLED,2026-08-23T04:52:00,128,0.883
P065,P015,CALLED,2026-08-24T11:53:00,114,0.898
P002,P046,CALLED,2026-08-25T18:54:00,95,0.784
P019,P077,CALLED,2026-08-26T01:55:00,580,0.914
P036,P028,CALLED,2026-08-27T08:56:00,138,0.932
P053,P059,CALLED,2026-08-28T15:57:00,28,0.807
P070,P010,CALLED,2026-08-29T22:58:00,28,0.959
P007,P041,CALLED,2026-08-30T05:59:00,1554,0.79
P024,P072,CALLED,2026-08-01T12:00:00,944,0.929
P041,P023,CALLED,2026-08-02T19:01:00,219,0.82
P058,P054,CALLED,2026-08-03T02:02:00,992,0.971
P075,P005,CALLED,2026-08-04T09:03:00,987,0.771
P012,P036,CALLED,2026-08-05T16:04:00,1874,0.946
P029,P067,CALLED,2026-08-06T23:05:00,2396,0.942
P046,P018,CALLED,2026-08-07T06:06:00,2101,0.854
P063,P049,CALLED,2026-08-08T13:07:00,170,0.839
P080,P002,CALLED,2026-08-09T20:08:00,785,0.867
P017,P031,CALLED,2026-08-10T03:09:00,826,0.976
P034,P062,CALLED,2026-08-11T10:10:00,1826,0.987
P051,P013,CALLED,2026-08-12T17:11:00,296,0.851
P068,P044,CALLED,2026-08-13T00:12:00,1860,0.753
P005,P075,CALLED,2026-08-14T07:13:00,1883,0.903
P022,P026,CALLED,2026-08-15T14:14:00,583,0.962
P039,P057,CALLED,2026-08-16T21:15:00,402,0.797
P056,P008,CALLED,2026-08-17T04:16:00,2083,0.957
P073,P039,CALLED,2026-08-18T11:17:00,1538,0.751
P010,P070,CALLED,2026-08-19T18:18:00,126,0.981
P027,P021,CALLED,2026-08-20T01:19:00,1579,0.792
P044,P052,CALLED,2026-08-21T08:20:00,836,0.795
P061,P003,CALLED,2026-08-22T15:21:00,2173,0.887
P078,P034,CALLED,2026-08-23T22:22:00,1783,0.942
P015,P065,CALLED,2026-08-24T05:23:00,1912,0.786
P032,P016,CALLED,2026-08-25T12:24:00,1676,0.822
P049,P047,CALLED,2026-08-26T19:25:00,907,0.926
P066,P078,CALLED,2026-08-27T02:26:00,1140,0.866
P003,P029,CALLED,2026-08-28T09:27:00,914,0.954
P020,P060,CALLED,2026-08-29T16:28:00,413,0.753
P037,P011,CALLED,2026-08-30T23:29:00,410,0.942
P054,P042,CALLED,2026-08-01T06:30:00,508,0.882
P071,P073,CALLED,2026-08-02T13:31:00,420,0.812
P008,P024,CALLED,2026-08-03T20:32:00,2114,0.939
P025,P055,CALLED,2026-08-04T03:33:00,257,0.926
P042,P006,CALLED,2026-08-05T10:34:00,493,0.765
P059,P037,CALLED,2026-08-06T17:35:00,931,0.839
P076,P068,CALLED,2026-08-07T00:36:00,348,0.94
P013,P019,CALLED,2026-08-08T07:37:00,1335,0.898
P030,P050,CALLED,2026-08-09T14:38:00,639,0.844
P047,P001,CALLED,2026-08-10T21:39:00,446,0.788
P064,P032,CALLED,2026-08-11T04:40:00,362,0.76
P001,P063,CALLED,2026-08-12T11:41:00,2086,0.881
P018,P014,CALLED,2026-08-13T18:42:00,517,0.763
P035,P045,CALLED,2026-08-14T01:43:00,511,0.95
P052,P076,CALLED,2026-08-15T08:44:00,1356,0.791
P069,P027,CALLED,2026-08-16T15:45:00,886,0.966
P006,P058,CALLED,2026-08-17T22:46:00,1508,0.781
P023,P009,CALLED,2026-08-18T05:47:00,1458,0.984
P040,P042,CALLED,2026-08-19T12:48:00,674,0.88
P057,P071,CALLED,2026-08-20T19:49:00,677,0.954
P074,P022,CALLED,2026-08-21T02:50:00,1165,0.913
P011,P053,CALLED,2026-08-22T09:51:00,71,0.779
P028,P004,CALLED,2026-08-23T16:52:00,2310,0.965
P045,P035,CALLED,2026-08-24T23:53:00,1306,0.941
P062,P066,CALLED,2026-08-25T06:54:00,1658,0.77
P079,P017,CALLED,2026-08-26T13:55:00,881,0.788
P016,P048,CALLED,2026-08-27T20:56:00,1855,0.914
P033,P079,CALLED,2026-08-28T03:57:00,468,0.817
P050,P030,CALLED,2026-08-29T10:58:00,2354,0.877
P067,P061,CALLED,2026-08-30T17:59:00,2094,0.959
P004,P012,CALLED,2026-08-01T00:00:00,2058,0.964
P021,P043,CALLED,2026-08-02T07:01:00,37,0.909
P038,P074,CALLED,2026-08-03T14:02:00,1678,0.752
P055,P025,CALLED,2026-08-04T21:03:00,1357,0.817
P072,P056,CALLED,2026-08-05T04:04:00,1426,0.951
P009,P007,CALLED,2026-08-06T11:05:00,2129,0.803
P026,P038,CALLED,2026-08-07T18:06:00,158,0.83
P043,P069,CALLED,2026-08-08T01:07:00,544,0.773
P060,P020,CALLED,2026-08-09T08:08:00,1477,0.819
P077,P051,CALLED,2026-08-10T15:09:00,2319,0.94
P014,P002,CALLED,2026-08-11T22:10:00,1807,0.974
P031,P033,CALLED,2026-08-12T05:11:00,378,0.901
P048,P064,CALLED,2026-08-13T12:12:00,1561,0.966
P065,P015,CALLED,2026-08-14T19:13:00,844,0.927
P002,P046,CALLED,2026-08-15T02:14:00,1283,0.859
P019,P077,CALLED,2026-08-16T09:15:00,774,0.762
P036,P028,CALLED,2026-08-17T16:16:00,795,0.986
P053,P059,CALLED,2026-08-18T23:17:00,1228,0.768
P070,P010,CALLED,2026-08-19T06:18:00,27,0.825
P007,P041,CALLED,2026-08-20T13:19:00,1120,0.772
P024,P072,CALLED,2026-08-21T20:20:00,1794,0.8
P041,P023,CALLED,2026-08-22T03:21:00,1818,0.877
P058,P054,CALLED,2026-08-23T10:22:00,683,0.965
P075,P005,CALLED,2026-08-24T17:23:00,1539,0.779
P012,P036,CALLED,2026-08-25T00:24:00,579,0.782
P029,P067,CALLED,2026-08-26T07:25:00,1418,0.979
P046,P018,CALLED,2026-08-27T14:26:00,535,0.99
P063,P049,CALLED,2026-08-28T21:27:00,2332,0.869
P080,P002,CALLED,2026-08-29T04:28:00,138,0.774
P017,P031,CALLED,2026-08-30T11:29:00,982,0.836
P034,P062,CALLED,2026-08-01T18:30:00,752,0.865
P051,P013,CALLED,2026-08-02T01:31:00,1511,0.775
P068,P044,CALLED,2026-08-03T08:32:00,801,0.845
P005,P075,CALLED,2026-08-04T15:33:00,397,0.876
P022,P026,CALLED,2026-08-05T22:34:00,1391,0.928
P039,P057,CALLED,2026-08-06T05:35:00,1169,0.985
P056,P008,CALLED,2026-08-07T12:36:00,1656,0.962
P073,P039,CALLED,2026-08-08T19:37:00,953,0.93
P010,P070,CALLED,2026-08-09T02:38:00,933,0.93
P027,P021,CALLED,2026-08-10T09:39:00,643,0.906
P044,P052,CALLED,2026-08-11T16:40:00,130,0.785
P061,P003,CALLED,2026-08-12T23:41:00,296,0.764
P078,P034,CALLED,2026-08-13T06:42:00,106,0.872
P015,P065,CALLED,2026-08-14T13:43:00,1522,0.8
P032,P016,CALLED,2026-08-15T20:44:00,1352,0.965
P049,P047,CALLED,2026-08-16T03:45:00,102,0.939
P066,P078,CALLED,2026-08-17T10:46:00,628,0.786
P003,P029,CALLED,2026-08-18T17:47:00,1609,0.927
P020,P060,CALLED,2026-08-19T00:48:00,1383,0.923
P037,P011,CALLED,2026-08-20T07:49:00,1720,0.767
P054,P042,CALLED,2026-08-21T14:50:00,209,0.78
P071,P073,CALLED,2026-08-22T21:51:00,1932,0.949
P008,P024,CALLED,2026-08-23T04:52:00,729,0.978
P025,P055,CALLED,2026-08-24T11:53:00,1367,0.938
P042,P006,CALLED,2026-08-25T18:54:00,2128,0.983
P059,P037,CALLED,2026-08-26T01:55:00,704,0.755
P076,P068,CALLED,2026-08-27T08:56:00,604,0.84
P013,P019,CALLED,2026-08-28T15:57:00,83,0.899
P030,P050,CALLED,2026-08-29T22:58:00,1314,0.775
P047,P001,CALLED,2026-08-30T05:59:00,2323,0.757
P064,P032,CALLED,2026-08-01T12:00:00,1866,0.753
P001,P063,CALLED,2026-08-02T19:01:00,1302,0.938
P018,P014,CALLED,2026-08-03T02:02:00,1882,0.801
P035,P045,CALLED,2026-08-04T09:03:00,1636,0.974
P052,P076,CALLED,2026-08-05T16:04:00,526,0.977
P069,P027,CALLED,2026-08-06T23:05:00,1750,0.918
P006,P058,CALLED,2026-08-07T06:06:00,760,0.958
P023,P009,CALLED,2026-08-08T13:07:00,1346,0.905
P040,P042,CALLED,2026-08-09T20:08:00,480,0.789
P057,P071,CALLED,2026-08-10T03:09:00,802,0.751
P074,P022,CALLED,2026-08-11T10:10:00,581,0.968
P011,P053,CALLED,2026-08-12T17:11:00,1255,0.757
P028,P004,CALLED,2026-08-13T00:12:00,1030,0.989
P045,P035,CALLED,2026-08-14T07:13:00,2176,0.931
P062,P066,CALLED,2026-08-15T14:14:00,1335,0.925
P079,P017,CALLED,2026-08-16T21:15:00,811,0.959
P016,P048,CALLED,2026-08-17T04:16:00,192,0.925
P033,P079,CALLED,2026-08-18T11:17:00,2197,0.835
P050,P030,CALLED,2026-08-19T18:18:00,2104,0.975
P067,P061,CALLED,2026-08-20T01:19:00,1954,0.883
P004,P012,CALLED,2026-08-21T08:20:00,284,0.788
P021,P043,CALLED,2026-08-22T15:21:00,271,0.805
P038,P074,CALLED,2026-08-23T22:22:00,1257,0.828
P055,P025,CALLED,2026-08-24T05:23:00,2399,0.813
P072,P056,CALLED,2026-08-25T12:24:00,413,0.805
P009,P007,CALLED,2026-08-26T19:25:00,191,0.794
P026,P038,CALLED,2026-08-27T02:26:00,566,0.887
P043,P069,CALLED,2026-08-28T09:27:00,192,0.769
P060,P020,CALLED,2026-08-29T16:28:00,2215,0.91
P077,P051,CALLED,2026-08-30T23:29:00,1167,0.931
P014,P002,CALLED,2026-08-01T06:30:00,328,0.785
P031,P033,CALLED,2026-08-02T13:31:00,2383,0.789
P048,P064,CALLED,2026-08-03T20:32:00,1732,0.89
P065,P015,CALLED,2026-08-04T03:33:00,224,0.893
P002,P046,CALLED,2026-08-05T10:34:00,1292,0.762
P019,P077,CALLED,2026-08-06T17:35:00,1686,0.927
P036,P028,CALLED,2026-08-07T00:36:00,1561,0.919
P053,P059,CALLED,2026-08-08T07:37:00,1905,0.925
P070,P010,CALLED,2026-08-09T14:38:00,10,0.81
P007,P041,CALLED,2026-08-10T21:39:00,402,0.955
P024,P072,CALLED,2026-08-11T04:40:00,1027,0.873
P041,P023,CALLED,2026-08-12T11:41:00,1310,0.752
P058,P054,CALLED,2026-08-13T18:42:00,1191,0.832
P075,P005,CALLED,2026-08-14T01:43:00,1523,0.772
P012,P036,CALLED,2026-08-15T08:44:00,41,0.864
P029,P067,CALLED,2026-08-16T15:45:00,1897,0.932
P046,P018,CALLED,2026-08-17T22:46:00,543,0.864
P063,P049,CALLED,2026-08-18T05:47:00,1776,0.983
P080,P002,CALLED,2026-08-19T12:48:00,1283,0.772
P017,P031,CALLED,2026-08-20T19:49:00,1451,0.948
P034,P062,CALLED,2026-08-21T02:50:00,1134,0.816
P051,P013,CALLED,2026-08-22T09:51:00,145,0.932
P068,P044,CALLED,2026-08-23T16:52:00,139,0.795
P005,P075,CALLED,2026-08-24T23:53:00,1846,0.858
P022,P026,CALLED,2026-08-25T06:54:00,668,0.92
P039,P057,CALLED,2026-08-26T13:55:00,1647,0.967
P056,P008,CALLED,2026-08-27T20:56:00,1918,0.905
P073,P039,CALLED,2026-08-28T03:57:00,1750,0.917
P010,P070,CALLED,2026-08-29T10:58:00,895,0.837
P027,P021,CALLED,2026-08-30T17:59:00,189,0.852
P044,P052,CALLED,2026-08-01T00:00:00,1100,0.885
P061,P003,CALLED,2026-08-02T07:01:00,40,0.902
P078,P034,CALLED,2026-08-03T14:02:00,520,0.916
P015,P065,CALLED,2026-08-04T21:03:00,1565,0.81
P032,P016,CALLED,2026-08-05T04:04:00,1674,0.859
P049,P047,CALLED,2026-08-06T11:05:00,1963,0.84
P066,P078,CALLED,2026-08-07T18:06:00,1947,0.771
P003,P029,CALLED,2026-08-08T01:07:00,40,0.933
P020,P060,CALLED,2026-08-09T08:08:00,61,0.852
P037,P011,CALLED,2026-08-10T15:09:00,608,0.817
P054,P042,CALLED,2026-08-11T22:10:00,720,0.952
P071,P073,CALLED,2026-08-12T05:11:00,1611,0.837
P008,P024,CALLED,2026-08-13T12:12:00,90,0.84
P025,P055,CALLED,2026-08-14T19:13:00,1111,0.766
P042,P006,CALLED,2026-08-15T02:14:00,1484,0.824
P059,P037,CALLED,2026-08-16T09:15:00,1917,0.822
P076,P068,CALLED,2026-08-17T16:16:00,188,0.772
P013,P019,CALLED,2026-08-18T23:17:00,1492,0.96
P030,P050,CALLED,2026-08-19T06:18:00,326,0.876
P047,P001,CALLED,2026-08-20T13:19:00,844,0.932
P064,P032,CALLED,2026-08-21T20:20:00,2328,0.836
P001,P063,CALLED,2026-08-22T03:21:00,1027,0.92
P018,P014,CALLED,2026-08-23T10:22:00,406,0.864
P035,P045,CALLED,2026-08-24T17:23:00,579,0.932
P052,P076,CALLED,2026-08-25T00:24:00,592,0.914
P069,P027,CALLED,2026-08-26T07:25:00,1174,0.795
P006,P058,CALLED,2026-08-27T14:26:00,850,0.982
P023,P009,CALLED,2026-08-28T21:27:00,1148,0.841
P040,P042,CALLED,2026-08-29T04:28:00,1230,0.949
P057,P071,CALLED,2026-08-30T11:29:00,2108,0.935
P074,P022,CALLED,2026-08-01T18:30:00,1867,0.878
P011,P053,CALLED,2026-08-02T01:31:00,1827,0.828
P028,P004,CALLED,2026-08-03T08:32:00,1165,0.859
P045,P035,CALLED,2026-08-04T15:33:00,598,0.782
P062,P066,CALLED,2026-08-05T22:34:00,1546,0.751
P079,P017,CALLED,2026-08-06T05:35:00,2163,0.91
P016,P048,CALLED,2026-08-07T12:36:00,1582,0.797
P033,P079,CALLED,2026-08-08T19:37:00,893,0.761
P050,P030,CALLED,2026-08-09T02:38:00,2252,0.833
P067,P061,CALLED,2026-08-10T09:39:00,2327,0.899
P004,P012,CALLED,2026-08-11T16:40:00,1978,0.99
P021,P043,CALLED,2026-08-12T23:41:00,2047,0.957
P038,P074,CALLED,2026-08-13T06:42:00,2374,0.948
P055,P025,CALLED,2026-08-14T13:43:00,1228,0.979
P072,P056,CALLED,2026-08-15T20:44:00,1567,0.848
P009,P007,CALLED,2026-08-16T03:45:00,2119,0.777
P026,P038,CALLED,2026-08-17T10:46:00,1151,0.891
P043,P069,CALLED,2026-08-18T17:47:00,2355,0.76
P060,P020,CALLED,2026-08-19T00:48:00,1855,0.755
P077,P051,CALLED,2026-08-20T07:49:00,719,0.895
P014,P002,CALLED,2026-08-21T14:50:00,2259,0.776
P031,P033,CALLED,2026-08-22T21:51:00,287,0.899
P048,P064,CALLED,2026-08-23T04:52:00,2258,0.925
P065,P015,CALLED,2026-08-24T11:53:00,862,0.93
P002,P046,CALLED,2026-08-25T18:54:00,1930,0.906
P019,P077,CALLED,2026-08-26T01:55:00,2361,0.883
P036,P028,CALLED,2026-08-27T08:56:00,254,0.784
P053,P059,CALLED,2026-08-28T15:57:00,796,0.829
P070,P010,CALLED,2026-08-29T22:58:00,2302,0.985
P007,P041,CALLED,2026-08-30T05:59:00,1474,0.842
P024,P072,CALLED,2026-08-01T12:00:00,2197,0.942
P041,P023,CALLED,2026-08-02T19:01:00,402,0.912
P058,P054,CALLED,2026-08-03T02:02:00,1756,0.953
P075,P005,CALLED,2026-08-04T09:03:00,1987,0.974
P012,P036,CALLED,2026-08-05T16:04:00,2061,0.877
P029,P067,CALLED,2026-08-06T23:05:00,685,0.918
P046,P018,CALLED,2026-08-07T06:06:00,2175,0.966
P063,P049,CALLED,2026-08-08T13:07:00,205,0.857
P080,P002,CALLED,2026-08-09T20:08:00,769,0.833
P017,P031,CALLED,2026-08-10T03:09:00,2125,0.947
P034,P062,CALLED,2026-08-11T10:10:00,563,0.913
P051,P013,CALLED,2026-08-12T17:11:00,2077,0.917
P068,P044,CALLED,2026-08-13T00:12:00,2075,0.846
P005,P075,CALLED,2026-08-14T07:13:00,1552,0.921
P022,P026,CALLED,2026-08-15T14:14:00,1956,0.926
P039,P057,CALLED,2026-08-16T21:15:00,694,0.895
P056,P008,CALLED,2026-08-17T04:16:00,2259,0.809
P073,P039,CALLED,2026-08-18T11:17:00,173,0.918
P010,P070,CALLED,2026-08-19T18:18:00,1049,0.773
P027,P021,CALLED,2026-08-20T01:19:00,534,0.929
P044,P052,CALLED,2026-08-21T08:20:00,1573,0.757
P061,P003,CALLED,2026-08-22T15:21:00,916,0.909
P078,P034,CALLED,2026-08-23T22:22:00,259,0.871
P015,P065,CALLED,2026-08-24T05:23:00,328,0.887
P032,P016,CALLED,2026-08-25T12:24:00,364,0.986
P049,P047,CALLED,2026-08-26T19:25:00,175,0.849
P066,P078,CALLED,2026-08-27T02:26:00,644,0.809
P003,P029,CALLED,2026-08-28T09:27:00,721,0.981
P020,P060,CALLED,2026-08-29T16:28:00,1649,0.929
P037,P011,CALLED,2026-08-30T23:29:00,2371,0.833
P054,P042,CALLED,2026-08-01T06:30:00,559,0.874
P071,P073,CALLED,2026-08-02T13:31:00,1024,0.785
P008,P024,CALLED,2026-08-03T20:32:00,1641,0.851
P025,P055,CALLED,2026-08-04T03:33:00,768,0.804
P042,P006,CALLED,2026-08-05T10:34:00,1173,0.8
P059,P037,CALLED,2026-08-06T17:35:00,1297,0.978
P076,P068,CALLED,2026-08-07T00:36:00,2298,0.952
P013,P019,CALLED,2026-08-08T07:37:00,58,0.859
P030,P050,CALLED,2026-08-09T14:38:00,1406,0.897
P047,P001,CALLED,2026-08-10T21:39:00,1938,0.792
P064,P032,CALLED,2026-08-11T04:40:00,2282,0.969
P001,P063,CALLED,2026-08-12T11:41:00,752,0.892
P018,P014,CALLED,2026-08-13T18:42:00,974,0.82
P035,P045,CALLED,2026-08-14T01:43:00,1526,0.832
P052,P076,CALLED,2026-08-15T08:44:00,189,0.907
P069,P027,CALLED,2026-08-16T15:45:00,638,0.808
P006,P058,CALLED,2026-08-17T22:46:00,451,0.79
P023,P009,CALLED,2026-08-18T05:47:00,590,0.872
P040,P042,CALLED,2026-08-19T12:48:00,2292,0.854
P057,P071,CALLED,2026-08-20T19:49:00,322,0.831
P074,P022,CALLED,2026-08-21T02:50:00,109,0.96
P011,P053,CALLED,2026-08-22T09:51:00,1902,0.807
P028,P004,CALLED,2026-08-23T16:52:00,1433,0.766
P045,P035,CALLED,2026-08-24T23:53:00,1641,0.766
P062,P066,CALLED,2026-08-25T06:54:00,2132,0.88
P079,P017,CALLED,2026-08-26T13:55:00,1907,0.854
P016,P048,CALLED,2026-08-27T20:56:00,433,0.907
P033,P079,CALLED,2026-08-28T03:57:00,1495,0.948
P050,P030,CALLED,2026-08-29T10:58:00,2215,0.766
P067,P061,CALLED,2026-08-30T17:59:00,996,0.764
P004,P012,CALLED,2026-08-01T00:00:00,697,0.964
P021,P043,CALLED,2026-08-02T07:01:00,68,0.913
P038,P074,CALLED,2026-08-03T14:02:00,885,0.978
P055,P025,CALLED,2026-08-04T21:03:00,2387,0.862
P072,P056,CALLED,2026-08-05T04:04:00,545,0.855
P009,P007,CALLED,2026-08-06T11:05:00,986,0.936
P026,P038,CALLED,2026-08-07T18:06:00,899,0.902
P043,P069,CALLED,2026-08-08T01:07:00,2181,0.792
P060,P020,CALLED,2026-08-09T08:08:00,2061,0.923
P077,P051,CALLED,2026-08-10T15:09:00,2255,0.752
P014,P002,CALLED,2026-08-11T22:10:00,2220,0.841
P031,P033,CALLED,2026-08-12T05:11:00,322,0.833
P048,P064,CALLED,2026-08-13T12:12:00,939,0.894
P065,P015,CALLED,2026-08-14T19:13:00,1494,0.866
P002,P046,CALLED,2026-08-15T02:14:00,616,0.845
P019,P077,CALLED,2026-08-16T09:15:00,2349,0.757
P036,P028,CALLED,2026-08-17T16:16:00,1871,0.883
P053,P059,CALLED,2026-08-18T23:17:00,2173,0.808
P070,P010,CALLED,2026-08-19T06:18:00,1548,0.752
P007,P041,CALLED,2026-08-20T13:19:00,1302,0.807
P024,P072,CALLED,2026-08-21T20:20:00,1811,0.77
P041,P023,CALLED,2026-08-22T03:21:00,2193,0.822
P058,P054,CALLED,2026-08-23T10:22:00,563,0.947
P075,P005,CALLED,2026-08-24T17:23:00,633,0.924
P012,P036,CALLED,2026-08-25T00:24:00,729,0.805
P029,P067,CALLED,2026-08-26T07:25:00,1546,0.872
P046,P018,CALLED,2026-08-27T14:26:00,971,0.76
P063,P049,CALLED,2026-08-28T21:27:00,356,0.795
P080,P002,CALLED,2026-08-29T04:28:00,658,0.849
P017,P031,CALLED,2026-08-30T11:29:00,478,0.905
P034,P062,CALLED,2026-08-01T18:30:00,2024,0.98
P051,P013,CALLED,2026-08-02T01:31:00,1115,0.789
P068,P044,CALLED,2026-08-03T08:32:00,1249,0.785
P005,P075,CALLED,2026-08-04T15:33:00,155,0.911
P022,P026,CALLED,2026-08-05T22:34:00,1187,0.913
P039,P057,CALLED,2026-08-06T05:35:00,622,0.781
P056,P008,CALLED,2026-08-07T12:36:00,507,0.825
P073,P039,CALLED,2026-08-08T19:37:00,2265,0.791
P010,P070,CALLED,2026-08-09T02:38:00,575,0.944
P027,P021,CALLED,2026-08-10T09:39:00,1672,0.918
P044,P052,CALLED,2026-08-11T16:40:00,122,0.822
P061,P003,CALLED,2026-08-12T23:41:00,1866,0.92
P078,P034,CALLED,2026-08-13T06:42:00,2210,0.984
P015,P065,CALLED,2026-08-14T13:43:00,779,0.891
P032,P016,CALLED,2026-08-15T20:44:00,557,0.977
P049,P047,CALLED,2026-08-16T03:45:00,2069,0.988
P066,P078,CALLED,2026-08-17T10:46:00,157,0.828
P003,P029,CALLED,2026-08-18T17:47:00,29,0.836
P020,P060,CALLED,2026-08-19T00:48:00,535,0.817
P037,P011,CALLED,2026-08-20T07:49:00,2383,0.779
P054,P042,CALLED,2026-08-21T14:50:00,2336,0.862
P071,P073,CALLED,2026-08-22T21:51:00,753,0.897
P008,P024,CALLED,2026-08-23T04:52:00,778,0.959
P025,P055,CALLED,2026-08-24T11:53:00,1370,0.848
P042,P006,CALLED,2026-08-25T18:54:00,1011,0.859
P059,P037,CALLED,2026-08-26T01:55:00,1753,0.87
P076,P068,CALLED,2026-08-27T08:56:00,1858,0.951
P013,P019,CALLED,2026-08-28T15:57:00,1645,0.89
P030,P050,CALLED,2026-08-29T22:58:00,2282,0.832
P047,P001,CALLED,2026-08-30T05:59:00,1793,0.872
P064,P032,CALLED,2026-08-01T12:00:00,1108,0.826
P001,P063,CALLED,2026-08-02T19:01:00,897,0.963
P018,P014,CALLED,2026-08-03T02:02:00,1489,0.94
P035,P045,CALLED,2026-08-04T09:03:00,1243,0.978
P052,P076,CALLED,2026-08-05T16:04:00,1412,0.983
P069,P027,CALLED,2026-08-06T23:05:00,2260,0.894
P006,P058,CALLED,2026-08-07T06:06:00,538,0.833
P023,P009,CALLED,2026-08-08T13:07:00,45,0.96
P040,P042,CALLED,2026-08-09T20:08:00,961,0.958
P057,P071,CALLED,2026-08-10T03:09:00,1626,0.764
P074,P022,CALLED,2026-08-11T10:10:00,816,0.957
P011,P053,CALLED,2026-08-12T17:11:00,429,0.963
P028,P004,CALLED,2026-08-13T00:12:00,1901,0.877
P045,P035,CALLED,2026-08-14T07:13:00,1903,0.987
P062,P066,CALLED,2026-08-15T14:14:00,883,0.752
P079,P017,CALLED,2026-08-16T21:15:00,116,0.834
P016,P048,CALLED,2026-08-17T04:16:00,924,0.754
P033,P079,CALLED,2026-08-18T11:17:00,2346,0.797
P050,P030,CALLED,2026-08-19T18:18:00,2048,0.989
P067,P061,CALLED,2026-08-20T01:19:00,126,0.782
P004,P012,CALLED,2026-08-21T08:20:00,331,0.986
P021,P043,CALLED,2026-08-22T15:21:00,449,0.954
P038,P074,CALLED,2026-08-23T22:22:00,1744,0.833
P055,P025,CALLED,2026-08-24T05:23:00,2245,0.988
P072,P056,CALLED,2026-08-25T12:24:00,680,0.79
P009,P007,CALLED,2026-08-26T19:25:00,1271,0.808
P026,P038,CALLED,2026-08-27T02:26:00,1460,0.905
P043,P069,CALLED,2026-08-28T09:27:00,897,0.889
P060,P020,CALLED,2026-08-29T16:28:00,1932,0.882
P077,P051,CALLED,2026-08-30T23:29:00,726,0.755
P014,P002,CALLED,2026-08-01T06:30:00,1812,0.82
P031,P033,CALLED,2026-08-02T13:31:00,1896,0.854
P048,P064,CALLED,2026-08-03T20:32:00,1955,0.863
P065,P015,CALLED,2026-08-04T03:33:00,695,0.96
P002,P046,CALLED,2026-08-05T10:34:00,1005,0.789
P019,P077,CALLED,2026-08-06T17:35:00,696,0.936
P036,P028,CALLED,2026-08-07T00:36:00,743,0.842
P053,P059,CALLED,2026-08-08T07:37:00,406,0.954
P070,P010,CALLED,2026-08-09T14:38:00,1499,0.798
P007,P041,CALLED,2026-08-10T21:39:00,442,0.803
P024,P072,CALLED,2026-08-11T04:40:00,2011,0.895
P041,P023,CALLED,2026-08-12T11:41:00,1872,0.787
P058,P054,CALLED,2026-08-13T18:42:00,1839,0.751
P075,P005,CALLED,2026-08-14T01:43:00,1722,0.873
P012,P036,CALLED,2026-08-15T08:44:00,711,0.968
P029,P067,CALLED,2026-08-16T15:45:00,1402,0.882
P046,P018,CALLED,2026-08-17T22:46:00,1780,0.869
P063,P049,CALLED,2026-08-18T05:47:00,792,0.968
P080,P002,CALLED,2026-08-19T12:48:00,25,0.84
P017,P031,CALLED,2026-08-20T19:49:00,1647,0.755
P034,P062,CALLED,2026-08-21T02:50:00,1023,0.935
P051,P013,CALLED,2026-08-22T09:51:00,1028,0.77
P068,P044,CALLED,2026-08-23T16:52:00,1348,0.779
P005,P075,CALLED,2026-08-24T23:53:00,125,0.869
P022,P026,CALLED,2026-08-25T06:54:00,1869,0.792
P039,P057,CALLED,2026-08-26T13:55:00,1818,0.795
P056,P008,CALLED,2026-08-27T20:56:00,1334,0.879
P073,P039,CALLED,2026-08-28T03:57:00,2071,0.837
P010,P070,CALLED,2026-08-29T10:58:00,1162,0.764
P027,P021,CALLED,2026-08-30T17:59:00,1814,0.812
P044,P052,CALLED,2026-08-01T00:00:00,1588,0.933
P061,P003,CALLED,2026-08-02T07:01:00,1263,0.92
P078,P034,CALLED,2026-08-03T14:02:00,2197,0.775
P015,P065,CALLED,2026-08-04T21:03:00,2269,0.958
P032,P016,CALLED,2026-08-05T04:04:00,503,0.82
P049,P047,CALLED,2026-08-06T11:05:00,2123,0.983
P066,P078,CALLED,2026-08-07T18:06:00,2066,0.816
P003,P029,CALLED,2026-08-08T01:07:00,977,0.779
P020,P060,CALLED,2026-08-09T08:08:00,906,0.777
P037,P011,CALLED,2026-08-10T15:09:00,567,0.906
P054,P042,CALLED,2026-08-11T22:10:00,271,0.969
P071,P073,CALLED,2026-08-12T05:11:00,2359,0.897
P008,P024,CALLED,2026-08-13T12:12:00,280,0.95
P025,P055,CALLED,2026-08-14T19:13:00,2357,0.793
P042,P006,CALLED,2026-08-15T02:14:00,2275,0.971
P059,P037,CALLED,2026-08-16T09:15:00,329,0.961
P076,P068,CALLED,2026-08-17T16:16:00,2232,0.797
P013,P019,CALLED,2026-08-18T23:17:00,1367,0.911
P030,P050,CALLED,2026-08-19T06:18:00,44,0.805
P047,P001,CALLED,2026-08-20T13:19:00,2379,0.873
P064,P032,CALLED,2026-08-21T20:20:00,893,0.956
P001,P063,CALLED,2026-08-22T03:21:00,210,0.804
P018,P014,CALLED,2026-08-23T10:22:00,1260,0.844
P035,P045,CALLED,2026-08-24T17:23:00,1280,0.848
P052,P076,CALLED,2026-08-25T00:24:00,1303,0.842
P069,P027,CALLED,2026-08-26T07:25:00,2003,0.897
P006,P058,CALLED,2026-08-27T14:26:00,2211,0.903
P023,P009,CALLED,2026-08-28T21:27:00,1114,0.864
P040,P042,CALLED,2026-08-29T04:28:00,1558,0.834
P057,P071,CALLED,2026-08-30T11:29:00,896,0.943
P074,P022,CALLED,2026-08-01T18:30:00,564,0.978
P011,P053,CALLED,2026-08-02T01:31:00,1879,0.907
P028,P004,CALLED,2026-08-03T08:32:00,1139,0.91
P045,P035,CALLED,2026-08-04T15:33:00,843,0.945
P062,P066,CALLED,2026-08-05T22:34:00,91,0.793
P079,P017,CALLED,2026-08-06T05:35:00,1049,0.889
P016,P048,CALLED,2026-08-07T12:36:00,2316,0.852
P033,P079,CALLED,2026-08-08T19:37:00,1500,0.877
P050,P030,CALLED,2026-08-09T02:38:00,947,0.931
P067,P061,CALLED,2026-08-10T09:39:00,1524,0.95
P004,P012,CALLED,2026-08-11T16:40:00,1020,0.774
P021,P043,CALLED,2026-08-12T23:41:00,1344,0.937
P038,P074,CALLED,2026-08-13T06:42:00,680,0.95
P055,P025,CALLED,2026-08-14T13:43:00,1960,0.861
P072,P056,CALLED,2026-08-15T20:44:00,756,0.96
P009,P007,CALLED,2026-08-16T03:45:00,1218,0.874
P026,P038,CALLED,2026-08-17T10:46:00,588,0.762
P043,P069,CALLED,2026-08-18T17:47:00,116,0.866
P060,P020,CALLED,2026-08-19T00:48:00,992,0.771
P077,P051,CALLED,2026-08-20T07:49:00,1853,0.798
P014,P002,CALLED,2026-08-21T14:50:00,405,0.97
P031,P033,CALLED,2026-08-22T21:51:00,1833,0.808
P048,P064,CALLED,2026-08-23T04:52:00,1237,0.878
P065,P015,CALLED,2026-08-24T11:53:00,104,0.803
P002,P046,CALLED,2026-08-25T18:54:00,1430,0.823
P019,P077,CALLED,2026-08-26T01:55:00,1739,0.795
P036,P028,CALLED,2026-08-27T08:56:00,2354,0.877
P053,P059,CALLED,2026-08-28T15:57:00,770,0.858
P070,P010,CALLED,2026-08-29T22:58:00,840,0.964
P007,P041,CALLED,2026-08-30T05:59:00,359,0.784
P024,P072,CALLED,2026-08-01T12:00:00,191,0.978
P041,P023,CALLED,2026-08-02T19:01:00,2195,0.813
P058,P054,CALLED,2026-08-03T02:02:00,1115,0.907
P075,P005,CALLED,2026-08-04T09:03:00,1046,0.876
P012,P036,CALLED,2026-08-05T16:04:00,1003,0.949
P029,P067,CALLED,2026-08-06T23:05:00,1149,0.925
P046,P018,CALLED,2026-08-07T06:06:00,538,0.953
P063,P049,CALLED,2026-08-08T13:07:00,556,0.85
P080,P002,CALLED,2026-08-09T20:08:00,885,0.974
P017,P031,CALLED,2026-08-10T03:09:00,2315,0.872
P034,P062,CALLED,2026-08-11T10:10:00,1235,0.982
P051,P013,CALLED,2026-08-12T17:11:00,1139,0.824
P068,P044,CALLED,2026-08-13T00:12:00,660,0.798
P005,P075,CALLED,2026-08-14T07:13:00,1955,0.977
P022,P026,CALLED,2026-08-15T14:14:00,1636,0.83
P039,P057,CALLED,2026-08-16T21:15:00,1432,0.89
P056,P008,CALLED,2026-08-17T04:16:00,52,0.752
P073,P039,CALLED,2026-08-18T11:17:00,1257,0.806
P010,P070,CALLED,2026-08-19T18:18:00,527,0.98
P027,P021,CALLED,2026-08-20T01:19:00,950,0.832
P044,P052,CALLED,2026-08-21T08:20:00,895,0.828
P061,P003,CALLED,2026-08-22T15:21:00,1689,0.805
P078,P034,CALLED,2026-08-23T22:22:00,1158,0.752
P015,P065,CALLED,2026-08-24T05:23:00,651,0.8
P032,P016,CALLED,2026-08-25T12:24:00,146,0.852
P049,P047,CALLED,2026-08-26T19:25:00,2020,0.968
P066,P078,CALLED,2026-08-27T02:26:00,916,0.967
P003,P029,CALLED,2026-08-28T09:27:00,1430,0.89
P020,P060,CALLED,2026-08-29T16:28:00,571,0.919
P037,P011,CALLED,2026-08-30T23:29:00,158,0.803
P054,P042,CALLED,2026-08-01T06:30:00,2091,0.946
P071,P073,CALLED,2026-08-02T13:31:00,1082,0.768
P008,P024,CALLED,2026-08-03T20:32:00,2360,0.864
P025,P055,CALLED,2026-08-04T03:33:00,367,0.973
P042,P006,CALLED,2026-08-05T10:34:00,1637,0.949
P059,P037,CALLED,2026-08-06T17:35:00,2392,0.884
P076,P068,CALLED,2026-08-07T00:36:00,1188,0.807
P013,P019,CALLED,2026-08-08T07:37:00,1195,0.86
P030,P050,CALLED,2026-08-09T14:38:00,1498,0.868
P047,P001,CALLED,2026-08-10T21:39:00,1524,0.891
P064,P032,CALLED,2026-08-11T04:40:00,356,0.874
P001,P063,CALLED,2026-08-12T11:41:00,1490,0.9
P018,P014,CALLED,2026-08-13T18:42:00,1745,0.973
P035,P045,CALLED,2026-08-14T01:43:00,1632,0.826
P052,P076,CALLED,2026-08-15T08:44:00,124,0.898
P069,P027,CALLED,2026-08-16T15:45:00,2215,0.943
P006,P058,CALLED,2026-08-17T22:46:00,993,0.892
P023,P009,CALLED,2026-08-18T05:47:00,37,0.94
P040,P042,CALLED,2026-08-19T12:48:00,2219,0.988
P057,P071,CALLED,2026-08-20T19:49:00,512,0.977
P074,P022,CALLED,2026-08-21T02:50:00,275,0.933
P011,P053,CALLED,2026-08-22T09:51:00,2000,0.879
P028,P004,CALLED,2026-08-23T16:52:00,658,0.875
P045,P035,CALLED,2026-08-24T23:53:00,2329,0.878
P062,P066,CALLED,2026-08-25T06:54:00,687,0.862
P079,P017,CALLED,2026-08-26T13:55:00,1964,0.78
P016,P048,CALLED,2026-08-27T20:56:00,759,0.94
P033,P079,CALLED,2026-08-28T03:57:00,1519,0.986
P050,P030,CALLED,2026-08-29T10:58:00,495,0.952
P067,P061,CALLED,2026-08-30T17:59:00,1814,0.785
P004,P012,CALLED,2026-08-01T00:00:00,372,0.912
P021,P043,CALLED,2026-08-02T07:01:00,1604,0.883
P038,P074,CALLED,2026-08-03T14:02:00,1343,0.823
P055,P025,CALLED,2026-08-04T21:03:00,1002,0.856
P072,P056,CALLED,2026-08-05T04:04:00,335,0.787
P009,P007,CALLED,2026-08-06T11:05:00,712,0.763
P026,P038,CALLED,2026-08-07T18:06:00,223,0.964
P043,P069,CALLED,2026-08-08T01:07:00,374,0.775
P060,P020,CALLED,2026-08-09T08:08:00,1252,0.971
P077,P051,CALLED,2026-08-10T15:09:00,778,0.825
P014,P002,CALLED,2026-08-11T22:10:00,233,0.895
P031,P033,CALLED,2026-08-12T05:11:00,185,0.831
P048,P064,CALLED,2026-08-13T12:12:00,107,0.799
P065,P015,CALLED,2026-08-14T19:13:00,343,0.912
P002,P046,CALLED,2026-08-15T02:14:00,731,0.816
P019,P077,CALLED,2026-08-16T09:15:00,1469,0.872
P036,P028,CALLED,2026-08-17T16:16:00,1545,0.863
P053,P059,CALLED,2026-08-18T23:17:00,1530,0.904
P070,P010,CALLED,2026-08-19T06:18:00,1176,0.962
P007,P041,CALLED,2026-08-20T13:19:00,321,0.767
P024,P072,CALLED,2026-08-21T20:20:00,1339,0.911
P041,P023,CALLED,2026-08-22T03:21:00,2265,0.861
P058,P054,CALLED,2026-08-23T10:22:00,635,0.923
P075,P005,CALLED,2026-08-24T17:23:00,705,0.759
P012,P036,CALLED,2026-08-25T00:24:00,1944,0.962
P029,P067,CALLED,2026-08-26T07:25:00,1824,0.882
P046,P018,CALLED,2026-08-27T14:26:00,251,0.982
P063,P049,CALLED,2026-08-28T21:27:00,1237,0.764
P080,P002,CALLED,2026-08-29T04:28:00,2382,0.893
P017,P031,CALLED,2026-08-30T11:29:00,280,0.784
P034,P062,CALLED,2026-08-01T18:30:00,387,0.839
P051,P013,CALLED,2026-08-02T01:31:00,638,0.857
P068,P044,CALLED,2026-08-03T08:32:00,743,0.876
P005,P075,CALLED,2026-08-04T15:33:00,2009,0.754
P022,P026,CALLED,2026-08-05T22:34:00,239,0.773
P039,P057,CALLED,2026-08-06T05:35:00,323,0.759
P056,P008,CALLED,2026-08-07T12:36:00,276,0.875
P073,P039,CALLED,2026-08-08T19:37:00,798,0.838
P010,P070,CALLED,2026-08-09T02:38:00,2272,0.866
P027,P021,CALLED,2026-08-10T09:39:00,2127,0.915
P044,P052,CALLED,2026-08-11T16:40:00,726,0.922
P061,P003,CALLED,2026-08-12T23:41:00,545,0.869
P078,P034,CALLED,2026-08-13T06:42:00,1248,0.949
P015,P065,CALLED,2026-08-14T13:43:00,1292,0.767
P032,P016,CALLED,2026-08-15T20:44:00,453,0.782
P049,P047,CALLED,2026-08-16T03:45:00,1269,0.88
P066,P078,CALLED,2026-08-17T10:46:00,75,0.811
P003,P029,CALLED,2026-08-18T17:47:00,1033,0.753
P020,P060,CALLED,2026-08-19T00:48:00,2161,0.822
P037,P011,CALLED,2026-08-20T07:49:00,318,0.764
P054,P042,CALLED,2026-08-21T14:50:00,2319,0.812
P071,P073,CALLED,2026-08-22T21:51:00,2068,0.815
P008,P024,CALLED,2026-08-23T04:52:00,1691,0.829
P025,P055,CALLED,2026-08-24T11:53:00,857,0.867
P042,P006,CALLED,2026-08-25T18:54:00,19,0.905
P059,P037,CALLED,2026-08-26T01:55:00,235,0.957
P076,P068,CALLED,2026-08-27T08:56:00,1465,0.97
P013,P019,CALLED,2026-08-28T15:57:00,1599,0.851
P030,P050,CALLED,2026-08-29T22:58:00,464,0.906
P047,P001,CALLED,2026-08-30T05:59:00,640,0.83
P064,P032,CALLED,2026-08-01T12:00:00,1140,0.927
P001,P063,CALLED,2026-08-02T19:01:00,263,0.873
P018,P014,CALLED,2026-08-03T02:02:00,426,0.942
P035,P045,CALLED,2026-08-04T09:03:00,2108,0.764
P052,P076,CALLED,2026-08-05T16:04:00,328,0.944
P069,P027,CALLED,2026-08-06T23:05:00,99,0.841
P006,P058,CALLED,2026-08-07T06:06:00,1529,0.836
P023,P009,CALLED,2026-08-08T13:07:00,1610,0.983
P040,P042,CALLED,2026-08-09T20:08:00,1514,0.944
P057,P071,CALLED,2026-08-10T03:09:00,2245,0.824
P074,P022,CALLED,2026-08-11T10:10:00,1762,0.812
P011,P053,CALLED,2026-08-12T17:11:00,1757,0.795
P028,P004,CALLED,2026-08-13T00:12:00,2256,0.924
P045,P035,CALLED,2026-08-14T07:13:00,2196,0.931
P062,P066,CALLED,2026-08-15T14:14:00,1756,0.843
P079,P017,CALLED,2026-08-16T21:15:00,1499,0.802
P016,P048,CALLED,2026-08-17T04:16:00,1602,0.832
P033,P079,CALLED,2026-08-18T11:17:00,761,0.897
P050,P030,CALLED,2026-08-19T18:18:00,1173,0.817
P067,P061,CALLED,2026-08-20T01:19:00,1883,0.969
P004,P012,CALLED,2026-08-21T08:20:00,1882,0.96
P021,P043,CALLED,2026-08-22T15:21:00,2073,0.91
P038,P074,CALLED,2026-08-23T22:22:00,660,0.816
P055,P025,CALLED,2026-08-24T05:23:00,628,0.897
P072,P056,CALLED,2026-08-25T12:24:00,1596,0.927
P009,P007,CALLED,2026-08-26T19:25:00,1779,0.794
P026,P038,CALLED,2026-08-27T02:26:00,780,0.796
P043,P069,CALLED,2026-08-28T09:27:00,2091,0.909
P060,P020,CALLED,2026-08-29T16:28:00,317,0.857
P077,P051,CALLED,2026-08-30T23:29:00,1220,0.988
P014,P002,CALLED,2026-08-01T06:30:00,1834,0.793
P031,P033,CALLED,2026-08-02T13:31:00,259,0.833
P048,P064,CALLED,2026-08-03T20:32:00,844,0.961
P065,P015,CALLED,2026-08-04T03:33:00,521,0.828
P002,P046,CALLED,2026-08-05T10:34:00,1051,0.827
P019,P077,CALLED,2026-08-06T17:35:00,102,0.857
P036,P028,CALLED,2026-08-07T00:36:00,127,0.85
P053,P059,CALLED,2026-08-08T07:37:00,342,0.92
P070,P010,CALLED,2026-08-09T14:38:00,254,0.779
P007,P041,CALLED,2026-08-10T21:39:00,1540,0.936
P024,P072,CALLED,2026-08-11T04:40:00,1631,0.959
P041,P023,CALLED,2026-08-12T11:41:00,454,0.843
P058,P054,CALLED,2026-08-13T18:42:00,2240,0.985
P075,P005,CALLED,2026-08-14T01:43:00,2242,0.891
P012,P036,CALLED,2026-08-15T08:44:00,1801,0.957
P029,P067,CALLED,2026-08-16T15:45:00,2242,0.875
P046,P018,CALLED,2026-08-17T22:46:00,1695,0.97
P063,P049,CALLED,2026-08-18T05:47:00,617,0.871
P080,P002,CALLED,2026-08-19T12:48:00,1414,0.979
P017,P031,CALLED,2026-08-20T19:49:00,2315,0.949
P034,P062,CALLED,2026-08-21T02:50:00,1791,0.797
P051,P013,CALLED,2026-08-22T09:51:00,1966,0.866
P068,P044,CALLED,2026-08-23T16:52:00,1221,0.898
P005,P075,CALLED,2026-08-24T23:53:00,1446,0.803
P022,P026,CALLED,2026-08-25T06:54:00,223,0.899
P039,P057,CALLED,2026-08-26T13:55:00,2076,0.912
P056,P008,CALLED,2026-08-27T20:56:00,675,0.974
P073,P039,CALLED,2026-08-28T03:57:00,625,0.987
P010,P070,CALLED,2026-08-29T10:58:00,1807,0.949
P027,P021,CALLED,2026-08-30T17:59:00,1815,0.794
P044,P052,CALLED,2026-08-01T00:00:00,2231,0.939
P061,P003,CALLED,2026-08-02T07:01:00,251,0.866
P078,P034,CALLED,2026-08-03T14:02:00,2103,0.845
P015,P065,CALLED,2026-08-04T21:03:00,2270,0.823
P032,P016,CALLED,2026-08-05T04:04:00,2055,0.923
P049,P047,CALLED,2026-08-06T11:05:00,973,0.916
P066,P078,CALLED,2026-08-07T18:06:00,753,0.984
P003,P029,CALLED,2026-08-08T01:07:00,1583,0.847
P020,P060,CALLED,2026-08-09T08:08:00,598,0.974
P037,P011,CALLED,2026-08-10T15:09:00,1332,0.834
P054,P042,CALLED,2026-08-11T22:10:00,224,0.871
P071,P073,CALLED,2026-08-12T05:11:00,1723,0.805
P008,P024,CALLED,2026-08-13T12:12:00,1619,0.789
P025,P055,CALLED,2026-08-14T19:13:00,839,0.962
P042,P006,CALLED,2026-08-15T02:14:00,1920,0.985
P059,P037,CALLED,2026-08-16T09:15:00,457,0.8
P076,P068,CALLED,2026-08-17T16:16:00,1409,0.783
P013,P019,CALLED,2026-08-18T23:17:00,2031,0.826
P030,P050,CALLED,2026-08-19T06:18:00,780,0.963
P047,P001,CALLED,2026-08-20T13:19:00,653,0.778
P064,P032,CALLED,2026-08-21T20:20:00,290,0.86
P001,P063,CALLED,2026-08-22T03:21:00,2233,0.858
P018,P014,CALLED,2026-08-23T10:22:00,109,0.873
P035,P045,CALLED,2026-08-24T17:23:00,200,0.88
P052,P076,CALLED,2026-08-25T00:24:00,1167,0.923
P069,P027,CALLED,2026-08-26T07:25:00,393,0.96
P006,P058,CALLED,2026-08-27T14:26:00,1363,0.987
P023,P009,CALLED,2026-08-28T21:27:00,717,0.87
P040,P042,CALLED,2026-08-29T04:28:00,823,0.962
P057,P071,CALLED,2026-08-30T11:29:00,1758,0.97
P074,P022,CALLED,2026-08-01T18:30:00,172,0.819
P011,P053,CALLED,2026-08-02T01:31:00,667,0.797
P028,P004,CALLED,2026-08-03T08:32:00,124,0.968
P045,P035,CALLED,2026-08-04T15:33:00,1361,0.928
P062,P066,CALLED,2026-08-05T22:34:00,783,0.796
P079,P017,CALLED,2026-08-06T05:35:00,1208,0.913
P016,P048,CALLED,2026-08-07T12:36:00,2086,0.911
P033,P079,CALLED,2026-08-08T19:37:00,2379,0.864
P050,P030,CALLED,2026-08-09T02:38:00,1081,0.964
P067,P061,CALLED,2026-08-10T09:39:00,267,0.772
P004,P012,CALLED,2026-08-11T16:40:00,1412,0.804
P021,P043,CALLED,2026-08-12T23:41:00,2253,0.756
P038,P074,CALLED,2026-08-13T06:42:00,2176,0.986
P055,P025,CALLED,2026-08-14T13:43:00,868,0.815
P072,P056,CALLED,2026-08-15T20:44:00,257,0.902
P009,P007,CALLED,2026-08-16T03:45:00,516,0.793
P026,P038,CALLED,2026-08-17T10:46:00,802,0.942
P043,P069,CALLED,2026-08-18T17:47:00,1925,0.962
P060,P020,CALLED,2026-08-19T00:48:00,1915,0.781
P077,P051,CALLED,2026-08-20T07:49:00,1088,0.887
P014,P002,CALLED,2026-08-21T14:50:00,1327,0.767
P031,P033,CALLED,2026-08-22T21:51:00,1913,0.781
P048,P064,CALLED,2026-08-23T04:52:00,1483,0.953
P065,P015,CALLED,2026-08-24T11:53:00,2210,0.855
P002,P046,CALLED,2026-08-25T18:54:00,490,0.927
P019,P077,CALLED,2026-08-26T01:55:00,1998,0.887
P036,P028,CALLED,2026-08-27T08:56:00,1071,0.871
P053,P059,CALLED,2026-08-28T15:57:00,741,0.903
P070,P010,CALLED,2026-08-29T22:58:00,2346,0.948
P007,P041,CALLED,2026-08-30T05:59:00,409,0.87
P024,P072,CALLED,2026-08-01T12:00:00,28,0.874
P041,P023,CALLED,2026-08-02T19:01:00,515,0.893
P058,P054,CALLED,2026-08-03T02:02:00,1131,0.924
P075,P005,CALLED,2026-08-04T09:03:00,802,0.764
P012,P036,CALLED,2026-08-05T16:04:00,626,0.826
P029,P067,CALLED,2026-08-06T23:05:00,86,0.943
P046,P018,CALLED,2026-08-07T06:06:00,2096,0.923
P063,P049,CALLED,2026-08-08T13:07:00,2169,0.843
P080,P002,CALLED,2026-08-09T20:08:00,937,0.976
P017,P031,CALLED,2026-08-10T03:09:00,2158,0.771
P034,P062,CALLED,2026-08-11T10:10:00,1541,0.794
P051,P013,CALLED,2026-08-12T17:11:00,1757,0.952
P068,P044,CALLED,2026-08-13T00:12:00,271,0.885
P005,P075,CALLED,2026-08-14T07:13:00,798,0.853
P022,P026,CALLED,2026-08-15T14:14:00,407,0.959
P039,P057,CALLED,2026-08-16T21:15:00,2323,0.984
P056,P008,CALLED,2026-08-17T04:16:00,1610,0.971
P073,P039,CALLED,2026-08-18T11:17:00,2215,0.906
P010,P070,CALLED,2026-08-19T18:18:00,30,0.831
P027,P021,CALLED,2026-08-20T01:19:00,1876,0.905
P044,P052,CALLED,2026-08-21T08:20:00,2206,0.867
P061,P003,CALLED,2026-08-22T15:21:00,432,0.803
P078,P034,CALLED,2026-08-23T22:22:00,2397,0.949
P015,P065,CALLED,2026-08-24T05:23:00,2080,0.796
P032,P016,CALLED,2026-08-25T12:24:00,184,0.807
P049,P047,CALLED,2026-08-26T19:25:00,175,0.947
P066,P078,CALLED,2026-08-27T02:26:00,24,0.934
P003,P029,CALLED,2026-08-28T09:27:00,761,0.831
P020,P060,CALLED,2026-08-29T16:28:00,1420,0.986
P037,P011,CALLED,2026-08-30T23:29:00,137,0.849
P054,P042,CALLED,2026-08-01T06:30:00,1740,0.857
P071,P073,CALLED,2026-08-02T13:31:00,440,0.821
P008,P024,CALLED,2026-08-03T20:32:00,2097,0.892
P025,P055,CALLED,2026-08-04T03:33:00,1002,0.98
P042,P006,CALLED,2026-08-05T10:34:00,2269,0.831
P059,P037,CALLED,2026-08-06T17:35:00,990,0.76
P076,P068,CALLED,2026-08-07T00:36:00,527,0.863
P013,P019,CALLED,2026-08-08T07:37:00,1585,0.819
P030,P050,CALLED,2026-08-09T14:38:00,1642,0.845
P047,P001,CALLED,2026-08-10T21:39:00,1048,0.768
P064,P032,CALLED,2026-08-11T04:40:00,1678,0.953
P001,P063,CALLED,2026-08-12T11:41:00,998,0.841
P018,P014,CALLED,2026-08-13T18:42:00,1454,0.963
P035,P045,CALLED,2026-08-14T01:43:00,1521,0.944
P052,P076,CALLED,2026-08-15T08:44:00,196,0.795
P069,P027,CALLED,2026-08-16T15:45:00,1705,0.963
P006,P058,CALLED,2026-08-17T22:46:00,2202,0.751
P023,P009,CALLED,2026-08-18T05:47:00,1897,0.866
P040,P042,CALLED,2026-08-19T12:48:00,290,0.981
P057,P071,CALLED,2026-08-20T19:49:00,673,0.864
P074,P022,CALLED,2026-08-21T02:50:00,657,0.961
P011,P053,CALLED,2026-08-22T09:51:00,476,0.774
P028,P004,CALLED,2026-08-23T16:52:00,598,0.819
P045,P035,CALLED,2026-08-24T23:53:00,1143,0.902
P062,P066,CALLED,2026-08-25T06:54:00,673,0.955
P079,P017,CALLED,2026-08-26T13:55:00,623,0.923
P016,P048,CALLED,2026-08-27T20:56:00,40,0.946
P033,P079,CALLED,2026-08-28T03:57:00,1305,0.899
P050,P030,CALLED,2026-08-29T10:58:00,1180,0.961
P067,P061,CALLED,2026-08-30T17:59:00,1065,0.866
P004,P012,CALLED,2026-08-01T00:00:00,972,0.849
P021,P043,CALLED,2026-08-02T07:01:00,2128,0.896
P038,P074,CALLED,2026-08-03T14:02:00,1588,0.755
P055,P025,CALLED,2026-08-04T21:03:00,1392,0.784
P072,P056,CALLED,2026-08-05T04:04:00,1241,0.836
P009,P007,CALLED,2026-08-06T11:05:00,1493,0.806
P026,P038,CALLED,2026-08-07T18:06:00,992,0.791
P043,P069,CALLED,2026-08-08T01:07:00,511,0.845
P060,P020,CALLED,2026-08-09T08:08:00,702,0.781
P077,P051,CALLED,2026-08-10T15:09:00,1184,0.888
P014,P002,CALLED,2026-08-11T22:10:00,462,0.799
P031,P033,CALLED,2026-08-12T05:11:00,1177,0.918
P048,P064,CALLED,2026-08-13T12:12:00,1625,0.78
P065,P015,CALLED,2026-08-14T19:13:00,2128,0.847
P002,P046,CALLED,2026-08-15T02:14:00,452,0.881
P019,P077,CALLED,2026-08-16T09:15:00,577,0.939
P036,P028,CALLED,2026-08-17T16:16:00,1886,0.813
P053,P059,CALLED,2026-08-18T23:17:00,866,0.96
P070,P010,CALLED,2026-08-19T06:18:00,180,0.949
P007,P041,CALLED,2026-08-20T13:19:00,310,0.927
P024,P072,CALLED,2026-08-21T20:20:00,1684,0.83
P041,P023,CALLED,2026-08-22T03:21:00,1046,0.97
P058,P054,CALLED,2026-08-23T10:22:00,1195,0.884
P075,P005,CALLED,2026-08-24T17:23:00,1838,0.915
P012,P036,CALLED,2026-08-25T00:24:00,1569,0.772
P029,P067,CALLED,2026-08-26T07:25:00,597,0.982
P046,P018,CALLED,2026-08-27T14:26:00,586,0.891
P063,P049,CALLED,2026-08-28T21:27:00,628,0.763
P080,P002,CALLED,2026-08-29T04:28:00,1257,0.883
P017,P031,CALLED,2026-08-30T11:29:00,129,0.849
P034,P062,CALLED,2026-08-01T18:30:00,2327,0.951
P051,P013,CALLED,2026-08-02T01:31:00,2397,0.951
P068,P044,CALLED,2026-08-03T08:32:00,1996,0.779
P005,P075,CALLED,2026-08-04T15:33:00,1946,0.838
P022,P026,CALLED,2026-08-05T22:34:00,332,0.753
P039,P057,CALLED,2026-08-06T05:35:00,1484,0.819
P056,P008,CALLED,2026-08-07T12:36:00,786,0.952
P073,P039,CALLED,2026-08-08T19:37:00,748,0.893
P010,P070,CALLED,2026-08-09T02:38:00,1737,0.988
P027,P021,CALLED,2026-08-10T09:39:00,433,0.785
P044,P052,CALLED,2026-08-11T16:40:00,1325,0.87
P061,P003,CALLED,2026-08-12T23:41:00,2276,0.765
P078,P034,CALLED,2026-08-13T06:42:00,1006,0.762
P015,P065,CALLED,2026-08-14T13:43:00,2342,0.901
P032,P016,CALLED,2026-08-15T20:44:00,2021,0.964
P049,P047,CALLED,2026-08-16T03:45:00,483,0.944
P066,P078,CALLED,2026-08-17T10:46:00,781,0.934
P003,P029,CALLED,2026-08-18T17:47:00,855,0.798
P020,P060,CALLED,2026-08-19T00:48:00,2286,0.846
P037,P011,CALLED,2026-08-20T07:49:00,1130,0.784
P054,P042,CALLED,2026-08-21T14:50:00,1078,0.933
P071,P073,CALLED,2026-08-22T21:51:00,2015,0.792
P008,P024,CALLED,2026-08-23T04:52:00,2345,0.883
P025,P055,CALLED,2026-08-24T11:53:00,163,0.793
P042,P006,CALLED,2026-08-25T18:54:00,111,0.823
P059,P037,CALLED,2026-08-26T01:55:00,1959,0.903
P076,P068,CALLED,2026-08-27T08:56:00,2268,0.957
P013,P019,CALLED,2026-08-28T15:57:00,156,0.939
P030,P050,CALLED,2026-08-29T22:58:00,1912,0.98
P047,P001,CALLED,2026-08-30T05:59:00,1936,0.873
P064,P032,CALLED,2026-08-01T12:00:00,119,0.872
P001,P063,CALLED,2026-08-02T19:01:00,1190,0.87
P018,P014,CALLED,2026-08-03T02:02:00,1023,0.786
P035,P045,CALLED,2026-08-04T09:03:00,1480,0.789
P052,P076,CALLED,2026-08-05T16:04:00,430,0.847
P069,P027,CALLED,2026-08-06T23:05:00,797,0.933
P006,P058,CALLED,2026-08-07T06:06:00,1917,0.96
P023,P009,CALLED,2026-08-08T13:07:00,321,0.971
P040,P042,CALLED,2026-08-09T20:08:00,1628,0.836
P057,P071,CALLED,2026-08-10T03:09:00,2172,0.811
P074,P022,CALLED,2026-08-11T10:10:00,1271,0.776
P011,P053,CALLED,2026-08-12T17:11:00,1383,0.89
P028,P004,CALLED,2026-08-13T00:12:00,1392,0.974
P045,P035,CALLED,2026-08-14T07:13:00,609,0.751
P062,P066,CALLED,2026-08-15T14:14:00,550,0.982
P079,P017,CALLED,2026-08-16T21:15:00,1352,0.888
P016,P048,CALLED,2026-08-17T04:16:00,367,0.801
P033,P079,CALLED,2026-08-18T11:17:00,872,0.867
P050,P030,CALLED,2026-08-19T18:18:00,1702,0.905
P067,P061,CALLED,2026-08-20T01:19:00,714,0.91
P004,P012,CALLED,2026-08-21T08:20:00,807,0.831
P021,P043,CALLED,2026-08-22T15:21:00,1050,0.881
P038,P074,CALLED,2026-08-23T22:22:00,742,0.955
P055,P025,CALLED,2026-08-24T05:23:00,1506,0.889
P072,P056,CALLED,2026-08-25T12:24:00,1105,0.943
P009,P007,CALLED,2026-08-26T19:25:00,2365,0.981
P026,P038,CALLED,2026-08-27T02:26:00,720,0.924
P043,P069,CALLED,2026-08-28T09:27:00,437,0.773
P060,P020,CALLED,2026-08-29T16:28:00,2142,0.805
P077,P051,CALLED,2026-08-30T23:29:00,2150,0.905
P014,P002,CALLED,2026-08-01T06:30:00,2211,0.873
P031,P033,CALLED,2026-08-02T13:31:00,1268,0.974
P048,P064,CALLED,2026-08-03T20:32:00,1753,0.799
P065,P015,CALLED,2026-08-04T03:33:00,558,0.768
P002,P046,CALLED,2026-08-05T10:34:00,48,0.9
P019,P077,CALLED,2026-08-06T17:35:00,939,0.766
P036,P028,CALLED,2026-08-07T00:36:00,1994,0.851
P053,P059,CALLED,2026-08-08T07:37:00,159,0.96
P070,P010,CALLED,2026-08-09T14:38:00,52,0.825
P007,P041,CALLED,2026-08-10T21:39:00,1965,0.776
P024,P072,CALLED,2026-08-11T04:40:00,1887,0.968
P041,P023,CALLED,2026-08-12T11:41:00,678,0.846
P058,P054,CALLED,2026-08-13T18:42:00,1565,0.841
P075,P005,CALLED,2026-08-14T01:43:00,1191,0.852
P012,P036,CALLED,2026-08-15T08:44:00,1721,0.872
P029,P067,CALLED,2026-08-16T15:45:00,1489,0.841
P046,P018,CALLED,2026-08-17T22:46:00,1733,0.973
P063,P049,CALLED,2026-08-18T05:47:00,929,0.98
P080,P002,CALLED,2026-08-19T12:48:00,366,0.967
P017,P031,CALLED,2026-08-20T19:49:00,270,0.878
P034,P062,CALLED,2026-08-21T02:50:00,1018,0.989
P051,P013,CALLED,2026-08-22T09:51:00,928,0.933
P068,P044,CALLED,2026-08-23T16:52:00,1601,0.921
P005,P075,CALLED,2026-08-24T23:53:00,884,0.972
P022,P026,CALLED,2026-08-25T06:54:00,1807,0.932
P039,P057,CALLED,2026-08-26T13:55:00,1296,0.847
P056,P008,CALLED,2026-08-27T20:56:00,2104,0.867
P073,P039,CALLED,2026-08-28T03:57:00,1923,0.764
P010,P070,CALLED,2026-08-29T10:58:00,2090,0.762
P027,P021,CALLED,2026-08-30T17:59:00,1454,0.81
P044,P052,CALLED,2026-08-01T00:00:00,2009,0.883
P061,P003,CALLED,2026-08-02T07:01:00,2179,0.896
P078,P034,CALLED,2026-08-03T14:02:00,277,0.962
P015,P065,CALLED,2026-08-04T21:03:00,634,0.961
P032,P016,CALLED,2026-08-05T04:04:00,1752,0.83
P049,P047,CALLED,2026-08-06T11:05:00,2170,0.877
P066,P078,CALLED,2026-08-07T18:06:00,1677,0.817
P003,P029,CALLED,2026-08-08T01:07:00,1316,0.783
P020,P060,CALLED,2026-08-09T08:08:00,887,0.906
P037,P011,CALLED,2026-08-10T15:09:00,2007,0.797
P054,P042,CALLED,2026-08-11T22:10:00,2253,0.961
P071,P073,CALLED,2026-08-12T05:11:00,376,0.905
P008,P024,CALLED,2026-08-13T12:12:00,2159,0.91
P025,P055,CALLED,2026-08-14T19:13:00,1422,0.858
P042,P006,CALLED,2026-08-15T02:14:00,2119,0.899
P059,P037,CALLED,2026-08-16T09:15:00,993,0.824
P076,P068,CALLED,2026-08-17T16:16:00,2067,0.936
P013,P019,CALLED,2026-08-18T23:17:00,1658,0.938
P030,P050,CALLED,2026-08-19T06:18:00,1666,0.836
P047,P001,CALLED,2026-08-20T13:19:00,2295,0.839
P064,P032,CALLED,2026-08-21T20:20:00,1179,0.917
P001,P063,CALLED,2026-08-22T03:21:00,1157,0.806
P018,P014,CALLED,2026-08-23T10:22:00,1140,0.947
P035,P045,CALLED,2026-08-24T17:23:00,2313,0.963
P052,P076,CALLED,2026-08-25T00:24:00,443,0.918
P069,P027,CALLED,2026-08-26T07:25:00,555,0.802
P006,P058,CALLED,2026-08-27T14:26:00,2214,0.918
P023,P009,CALLED,2026-08-28T21:27:00,1284,0.948
P040,P042,CALLED,2026-08-29T04:28:00,1662,0.774
P057,P071,CALLED,2026-08-30T11:29:00,1002,0.769
P074,P022,CALLED,2026-08-01T18:30:00,820,0.828
P011,P053,CALLED,2026-08-02T01:31:00,2053,0.959
P028,P004,CALLED,2026-08-03T08:32:00,119,0.949
P045,P035,CALLED,2026-08-04T15:33:00,565,0.909
P062,P066,CALLED,2026-08-05T22:34:00,656,0.777
P079,P017,CALLED,2026-08-06T05:35:00,2038,0.875
P016,P048,CALLED,2026-08-07T12:36:00,1138,0.751
P033,P079,CALLED,2026-08-08T19:37:00,1114,0.83
P050,P030,CALLED,2026-08-09T02:38:00,2075,0.917
P067,P061,CALLED,2026-08-10T09:39:00,1823,0.75
P004,P012,CALLED,2026-08-11T16:40:00,2130,0.932
P021,P043,CALLED,2026-08-12T23:41:00,1940,0.753
P038,P074,CALLED,2026-08-13T06:42:00,591,0.817
P055,P025,CALLED,2026-08-14T13:43:00,1590,0.76
P072,P056,CALLED,2026-08-15T20:44:00,288,0.935
P009,P007,CALLED,2026-08-16T03:45:00,1491,0.898
P026,P038,CALLED,2026-08-17T10:46:00,537,0.901
P043,P069,CALLED,2026-08-18T17:47:00,2259,0.953
P060,P020,CALLED,2026-08-19T00:48:00,154,0.921
P077,P051,CALLED,2026-08-20T07:49:00,1230,0.758
P014,P002,CALLED,2026-08-21T14:50:00,891,0.984
P031,P033,CALLED,2026-08-22T21:51:00,959,0.885
P048,P064,CALLED,2026-08-23T04:52:00,2248,0.98
P065,P015,CALLED,2026-08-24T11:53:00,553,0.883
P002,P046,CALLED,2026-08-25T18:54:00,954,0.801
P019,P077,CALLED,2026-08-26T01:55:00,948,0.884
P036,P028,CALLED,2026-08-27T08:56:00,2185,0.96
P053,P059,CALLED,2026-08-28T15:57:00,1958,0.875
P070,P010,CALLED,2026-08-29T22:58:00,1729,0.947
P007,P041,CALLED,2026-08-30T05:59:00,751,0.755
P024,P072,CALLED,2026-08-01T12:00:00,43,0.868
P041,P023,CALLED,2026-08-02T19:01:00,1262,0.762
P058,P054,CALLED,2026-08-03T02:02:00,1570,0.761
P075,P005,CALLED,2026-08-04T09:03:00,1580,0.852
P012,P036,CALLED,2026-08-05T16:04:00,1684,0.973
P029,P067,CALLED,2026-08-06T23:05:00,611,0.815
P046,P018,CALLED,2026-08-07T06:06:00,2363,0.771
P063,P049,CALLED,2026-08-08T13:07:00,1921,0.85
P080,P002,CALLED,2026-08-09T20:08:00,672,0.948
P017,P031,CALLED,2026-08-10T03:09:00,396,0.975
P034,P062,CALLED,2026-08-11T10:10:00,880,0.88
P051,P013,CALLED,2026-08-12T17:11:00,2390,0.764
P068,P044,CALLED,2026-08-13T00:12:00,1638,0.95
P005,P075,CALLED,2026-08-14T07:13:00,2239,0.935
P022,P026,CALLED,2026-08-15T14:14:00,1149,0.947
P039,P057,CALLED,2026-08-16T21:15:00,1198,0.985
P056,P008,CALLED,2026-08-17T04:16:00,566,0.829
P073,P039,CALLED,2026-08-18T11:17:00,2241,0.927
P010,P070,CALLED,2026-08-19T18:18:00,1170,0.966
P027,P021,CALLED,2026-08-20T01:19:00,1170,0.988
P044,P052,CALLED,2026-08-21T08:20:00,890,0.876
P061,P003,CALLED,2026-08-22T15:21:00,736,0.787
P078,P034,CALLED,2026-08-23T22:22:00,2267,0.967
P015,P065,CALLED,2026-08-24T05:23:00,1109,0.755
P032,P016,CALLED,2026-08-25T12:24:00,1661,0.801
P049,P047,CALLED,2026-08-26T19:25:00,1668,0.943
P066,P078,CALLED,2026-08-27T02:26:00,1379,0.898
P003,P029,CALLED,2026-08-28T09:27:00,2153,0.763
P020,P060,CALLED,2026-08-29T16:28:00,780,0.937
P037,P011,CALLED,2026-08-30T23:29:00,163,0.933
P054,P042,CALLED,2026-08-01T06:30:00,305,0.851
P071,P073,CALLED,2026-08-02T13:31:00,2129,0.781
P008,P024,CALLED,2026-08-03T20:32:00,1932,0.96
P025,P055,CALLED,2026-08-04T03:33:00,1286,0.966
P042,P006,CALLED,2026-08-05T10:34:00,343,0.763
P059,P037,CALLED,2026-08-06T17:35:00,254,0.868
P076,P068,CALLED,2026-08-07T00:36:00,1234,0.846
P013,P019,CALLED,2026-08-08T07:37:00,1011,0.955
P030,P050,CALLED,2026-08-09T14:38:00,1190,0.796
P047,P001,CALLED,2026-08-10T21:39:00,231,0.871
P064,P032,CALLED,2026-08-11T04:40:00,1502,0.972
P001,P063,CALLED,2026-08-12T11:41:00,332,0.822
P018,P014,CALLED,2026-08-13T18:42:00,543,0.788
P035,P045,CALLED,2026-08-14T01:43:00,502,0.98
P052,P076,CALLED,2026-08-15T08:44:00,2118,0.837
P069,P027,CALLED,2026-08-16T15:45:00,1101,0.845
P006,P058,CALLED,2026-08-17T22:46:00,1739,0.754
P023,P009,CALLED,2026-08-18T05:47:00,2060,0.897
P040,P042,CALLED,2026-08-19T12:48:00,297,0.914
P057,P071,CALLED,2026-08-20T19:49:00,934,0.978
P074,P022,CALLED,2026-08-21T02:50:00,811,0.895
P011,P053,CALLED,2026-08-22T09:51:00,935,0.925
P028,P004,CALLED,2026-08-23T16:52:00,1798,0.823
P045,P035,CALLED,2026-08-24T23:53:00,52,0.777
P062,P066,CALLED,2026-08-25T06:54:00,36,0.948
P079,P017,CALLED,2026-08-26T13:55:00,585,0.88
P016,P048,CALLED,2026-08-27T20:56:00,1785,0.768
P033,P079,CALLED,2026-08-28T03:57:00,1141,0.969
P050,P030,CALLED,2026-08-29T10:58:00,836,0.858
P067,P061,CALLED,2026-08-30T17:59:00,333,0.933
P004,P012,CALLED,2026-08-01T00:00:00,57,0.82
P021,P043,CALLED,2026-08-02T07:01:00,1697,0.857
P038,P074,CALLED,2026-08-03T14:02:00,1126,0.915
P055,P025,CALLED,2026-08-04T21:03:00,2098,0.812
P072,P056,CALLED,2026-08-05T04:04:00,1511,0.787
P009,P007,CALLED,2026-08-06T11:05:00,1761,0.823
P026,P038,CALLED,2026-08-07T18:06:00,2250,0.825
P043,P069,CALLED,2026-08-08T01:07:00,244,0.786
P060,P020,CALLED,2026-08-09T08:08:00,13,0.843
P077,P051,CALLED,2026-08-10T15:09:00,1400,0.833
P014,P002,CALLED,2026-08-11T22:10:00,1508,0.758
P031,P033,CALLED,2026-08-12T05:11:00,2117,0.796
P048,P064,CALLED,2026-08-13T12:12:00,685,0.825
P065,P015,CALLED,2026-08-14T19:13:00,810,0.792
P002,P046,CALLED,2026-08-15T02:14:00,1258,0.828
P019,P077,CALLED,2026-08-16T09:15:00,2395,0.777
P036,P028,CALLED,2026-08-17T16:16:00,787,0.949
P053,P059,CALLED,2026-08-18T23:17:00,1352,0.809
P070,P010,CALLED,2026-08-19T06:18:00,1566,0.864
P007,P041,CALLED,2026-08-20T13:19:00,1230,0.833
P024,P072,CALLED,2026-08-21T20:20:00,725,0.82
P041,P023,CALLED,2026-08-22T03:21:00,1833,0.798
P058,P054,CALLED,2026-08-23T10:22:00,2207,0.809
P075,P005,CALLED,2026-08-24T17:23:00,1720,0.922
P012,P036,CALLED,2026-08-25T00:24:00,566,0.947
P029,P067,CALLED,2026-08-26T07:25:00,1440,0.904
P046,P018,CALLED,2026-08-27T14:26:00,1591,0.9
P063,P049,CALLED,2026-08-28T21:27:00,2262,0.813
P080,P002,CALLED,2026-08-29T04:28:00,1816,0.856
P017,P031,CALLED,2026-08-30T11:29:00,1122,0.751
P034,P062,CALLED,2026-08-01T18:30:00,520,0.897
P051,P013,CALLED,2026-08-02T01:31:00,1503,0.847
P068,P044,CALLED,2026-08-03T08:32:00,1985,0.922
P005,P075,CALLED,2026-08-04T15:33:00,1472,0.989
P022,P026,CALLED,2026-08-05T22:34:00,2121,0.808
P039,P057,CALLED,2026-08-06T05:35:00,828,0.821
P056,P008,CALLED,2026-08-07T12:36:00,2200,0.798
P073,P039,CALLED,2026-08-08T19:37:00,1065,0.807
P010,P070,CALLED,2026-08-09T02:38:00,1974,0.966
P027,P021,CALLED,2026-08-10T09:39:00,1954,0.899
P044,P052,CALLED,2026-08-11T16:40:00,1837,0.778
P061,P003,CALLED,2026-08-12T23:41:00,1575,0.829
P078,P034,CALLED,2026-08-13T06:42:00,614,0.814
P015,P065,CALLED,2026-08-14T13:43:00,871,0.86
P032,P016,CALLED,2026-08-15T20:44:00,2171,0.881
P049,P047,CALLED,2026-08-16T03:45:00,814,0.831
P066,P078,CALLED,2026-08-17T10:46:00,15,0.945
P003,P029,CALLED,2026-08-18T17:47:00,463,0.947
P020,P060,CALLED,2026-08-19T00:48:00,888,0.753
P037,P011,CALLED,2026-08-20T07:49:00,1714,0.79
P054,P042,CALLED,2026-08-21T14:50:00,1907,0.913
P071,P073,CALLED,2026-08-22T21:51:00,2227,0.815
P008,P024,CALLED,2026-08-23T04:52:00,93,0.776
P025,P055,CALLED,2026-08-24T11:53:00,685,0.753
P042,P006,CALLED,2026-08-25T18:54:00,959,0.792
P059,P037,CALLED,2026-08-26T01:55:00,1880,0.772
P076,P068,CALLED,2026-08-27T08:56:00,320,0.971
P013,P019,CALLED,2026-08-28T15:57:00,803,0.953
P030,P050,CALLED,2026-08-29T22:58:00,1827,0.789
P047,P001,CALLED,2026-08-30T05:59:00,954,0.979
P064,P032,CALLED,2026-08-01T12:00:00,1724,0.799
P001,P063,CALLED,2026-08-02T19:01:00,772,0.894
P018,P014,CALLED,2026-08-03T02:02:00,540,0.955
P035,P045,CALLED,2026-08-04T09:03:00,415,0.985
P052,P076,CALLED,2026-08-05T16:04:00,1596,0.803
P069,P027,CALLED,2026-08-06T23:05:00,1207,0.901
P006,P058,CALLED,2026-08-07T06:06:00,2112,0.985
P023,P009,CALLED,2026-08-08T13:07:00,372,0.987
P040,P042,CALLED,2026-08-09T20:08:00,2370,0.759
P057,P071,CALLED,2026-08-10T03:09:00,30,0.974
P074,P022,CALLED,2026-08-11T10:10:00,936,0.818
P011,P053,CALLED,2026-08-12T17:11:00,105,0.863
P028,P004,CALLED,2026-08-13T00:12:00,882,0.833
P045,P035,CALLED,2026-08-14T07:13:00,1688,0.911
P062,P066,CALLED,2026-08-15T14:14:00,1350,0.967
P079,P017,CALLED,2026-08-16T21:15:00,2237,0.755
P016,P048,CALLED,2026-08-17T04:16:00,1226,0.947
P033,P079,CALLED,2026-08-18T11:17:00,706,0.96
P050,P030,CALLED,2026-08-19T18:18:00,1998,0.803
P067,P061,CALLED,2026-08-20T01:19:00,594,0.927
P004,P012,CALLED,2026-08-21T08:20:00,1314,0.751
P021,P043,CALLED,2026-08-22T15:21:00,2375,0.879
P038,P074,CALLED,2026-08-23T22:22:00,1518,0.793
P055,P025,CALLED,2026-08-24T05:23:00,1150,0.94
P072,P056,CALLED,2026-08-25T12:24:00,2078,0.784
P009,P007,CALLED,2026-08-26T19:25:00,2071,0.79
P026,P038,CALLED,2026-08-27T02:26:00,2147,0.935
P043,P069,CALLED,2026-08-28T09:27:00,1482,0.817
P060,P020,CALLED,2026-08-29T16:28:00,2115,0.856
P077,P051,CALLED,2026-08-30T23:29:00,1853,0.961
P014,P002,CALLED,2026-08-01T06:30:00,1523,0.944
P031,P033,CALLED,2026-08-02T13:31:00,1926,0.809
P048,P064,CALLED,2026-08-03T20:32:00,2097,0.79
P065,P015,CALLED,2026-08-04T03:33:00,81,0.813
P002,P046,CALLED,2026-08-05T10:34:00,1649,0.911
P019,P077,CALLED,2026-08-06T17:35:00,1526,0.752
P036,P028,CALLED,2026-08-07T00:36:00,1592,0.881
P053,P059,CALLED,2026-08-08T07:37:00,342,0.76
P070,P010,CALLED,2026-08-09T14:38:00,2283,0.886
P007,P041,CALLED,2026-08-10T21:39:00,977,0.915
P024,P072,CALLED,2026-08-11T04:40:00,639,0.771
P041,P023,CALLED,2026-08-12T11:41:00,1219,0.939
P058,P054,CALLED,2026-08-13T18:42:00,389,0.816
P075,P005,CALLED,2026-08-14T01:43:00,927,0.797
P012,P036,CALLED,2026-08-15T08:44:00,2066,0.823
P029,P067,CALLED,2026-08-16T15:45:00,691,0.778
P046,P018,CALLED,2026-08-17T22:46:00,1493,0.894
P063,P049,CALLED,2026-08-18T05:47:00,2283,0.979
P080,P002,CALLED,2026-08-19T12:48:00,1205,0.752
P017,P031,CALLED,2026-08-20T19:49:00,1921,0.95
P034,P062,CALLED,2026-08-21T02:50:00,34,0.755
P051,P013,CALLED,2026-08-22T09:51:00,284,0.765
P068,P044,CALLED,2026-08-23T16:52:00,1014,0.844
P005,P075,CALLED,2026-08-24T23:53:00,1303,0.837
P022,P026,CALLED,2026-08-25T06:54:00,1422,0.813
P039,P057,CALLED,2026-08-26T13:55:00,2073,0.9
P056,P008,CALLED,2026-08-27T20:56:00,2305,0.859
P073,P039,CALLED,2026-08-28T03:57:00,892,0.919
P010,P070,CALLED,2026-08-29T10:58:00,2058,0.953
P027,P021,CALLED,2026-08-30T17:59:00,1129,0.764
P044,P052,CALLED,2026-08-01T00:00:00,316,0.751
P061,P003,CALLED,2026-08-02T07:01:00,1071,0.955
P078,P034,CALLED,2026-08-03T14:02:00,638,0.812
P015,P065,CALLED,2026-08-04T21:03:00,2063,0.966
P032,P016,CALLED,2026-08-05T04:04:00,2219,0.971
P049,P047,CALLED,2026-08-06T11:05:00,1694,0.963
P066,P078,CALLED,2026-08-07T18:06:00,1559,0.791
P003,P029,CALLED,2026-08-08T01:07:00,194,0.847
P020,P060,CALLED,2026-08-09T08:08:00,447,0.756
P037,P011,CALLED,2026-08-10T15:09:00,2357,0.857
P054,P042,CALLED,2026-08-11T22:10:00,869,0.941
P071,P073,CALLED,2026-08-12T05:11:00,875,0.855
P008,P024,CALLED,2026-08-13T12:12:00,1612,0.828
P025,P055,CALLED,2026-08-14T19:13:00,285,0.773
P042,P006,CALLED,2026-08-15T02:14:00,1433,0.814
P059,P037,CALLED,2026-08-16T09:15:00,1114,0.904
P076,P068,CALLED,2026-08-17T16:16:00,120,0.975
P013,P019,CALLED,2026-08-18T23:17:00,59,0.928
P030,P050,CALLED,2026-08-19T06:18:00,1747,0.768
P047,P001,CALLED,2026-08-20T13:19:00,61,0.823
P064,P032,CALLED,2026-08-21T20:20:00,1794,0.814
P001,P063,CALLED,2026-08-22T03:21:00,649,0.947
P018,P014,CALLED,2026-08-23T10:22:00,281,0.836
P035,P045,CALLED,2026-08-24T17:23:00,248,0.868
P052,P076,CALLED,2026-08-25T00:24:00,1854,0.917
P069,P027,CALLED,2026-08-26T07:25:00,1745,0.948
P006,P058,CALLED,2026-08-27T14:26:00,2040,0.971
P023,P009,CALLED,2026-08-28T21:27:00,2221,0.774
P040,P042,CALLED,2026-08-29T04:28:00,413,0.895
P057,P071,CALLED,2026-08-30T11:29:00,678,0.811
P074,P022,CALLED,2026-08-01T18:30:00,999,0.879
P011,P053,CALLED,2026-08-02T01:31:00,1545,0.945
P028,P004,CALLED,2026-08-03T08:32:00,59,0.782
P045,P035,CALLED,2026-08-04T15:33:00,1668,0.795
P062,P066,CALLED,2026-08-05T22:34:00,1193,0.816
P079,P017,CALLED,2026-08-06T05:35:00,1799,0.951
P016,P048,CALLED,2026-08-07T12:36:00,775,0.859
P033,P079,CALLED,2026-08-08T19:37:00,2245,0.861
P050,P030,CALLED,2026-08-09T02:38:00,2030,0.905
P067,P061,CALLED,2026-08-10T09:39:00,1901,0.873
P004,P012,CALLED,2026-08-11T16:40:00,383,0.931
P021,P043,CALLED,2026-08-12T23:41:00,638,0.957
P038,P074,CALLED,2026-08-13T06:42:00,449,0.943
P055,P025,CALLED,2026-08-14T13:43:00,1002,0.896
P072,P056,CALLED,2026-08-15T20:44:00,272,0.794
P009,P007,CALLED,2026-08-16T03:45:00,569,0.866
P026,P038,CALLED,2026-08-17T10:46:00,194,0.849
P043,P069,CALLED,2026-08-18T17:47:00,1229,0.857
P060,P020,CALLED,2026-08-19T00:48:00,1093,0.986
P077,P051,CALLED,2026-08-20T07:49:00,1113,0.778
P014,P002,CALLED,2026-08-21T14:50:00,926,0.877
P031,P033,CALLED,2026-08-22T21:51:00,1956,0.817
P048,P064,CALLED,2026-08-23T04:52:00,2361,0.939
P065,P015,CALLED,2026-08-24T11:53:00,606,0.932
P002,P046,CALLED,2026-08-25T18:54:00,157,0.847
P019,P077,CALLED,2026-08-26T01:55:00,1661,0.896
P036,P028,CALLED,2026-08-27T08:56:00,775,0.904
P053,P059,CALLED,2026-08-28T15:57:00,2160,0.843
P070,P010,CALLED,2026-08-29T22:58:00,605,0.979
P007,P041,CALLED,2026-08-30T05:59:00,416,0.872
P024,P072,CALLED,2026-08-01T12:00:00,339,0.859
P041,P023,CALLED,2026-08-02T19:01:00,161,0.755
P058,P054,CALLED,2026-08-03T02:02:00,2062,0.99
P075,P005,CALLED,2026-08-04T09:03:00,1273,0.864
P012,P036,CALLED,2026-08-05T16:04:00,1697,0.895
P029,P067,CALLED,2026-08-06T23:05:00,2284,0.851
P046,P018,CALLED,2026-08-07T06:06:00,1452,0.96
P063,P049,CALLED,2026-08-08T13:07:00,1124,0.948
P080,P002,CALLED,2026-08-09T20:08:00,168,0.768
P017,P031,CALLED,2026-08-10T03:09:00,2063,0.834
P034,P062,CALLED,2026-08-11T10:10:00,1968,0.905
P051,P013,CALLED,2026-08-12T17:11:00,1990,0.882
P068,P044,CALLED,2026-08-13T00:12:00,112,0.861
P005,P075,CALLED,2026-08-14T07:13:00,1041,0.783
P022,P026,CALLED,2026-08-15T14:14:00,1440,0.76
P039,P057,CALLED,2026-08-16T21:15:00,302,0.961
P056,P008,CALLED,2026-08-17T04:16:00,1307,0.841
P073,P039,CALLED,2026-08-18T11:17:00,2168,0.775
P010,P070,CALLED,2026-08-19T18:18:00,1614,0.907
P027,P021,CALLED,2026-08-20T01:19:00,426,0.855
P044,P052,CALLED,2026-08-21T08:20:00,1349,0.972
P061,P003,CALLED,2026-08-22T15:21:00,853,0.871
P078,P034,CALLED,2026-08-23T22:22:00,542,0.833
P015,P065,CALLED,2026-08-24T05:23:00,2057,0.91
P032,P016,CALLED,2026-08-25T12:24:00,126,0.886
P049,P047,CALLED,2026-08-26T19:25:00,2300,0.922
P066,P078,CALLED,2026-08-27T02:26:00,27,0.84
P003,P029,CALLED,2026-08-28T09:27:00,110,0.799
P020,P060,CALLED,2026-08-29T16:28:00,1903,0.798
P037,P011,CALLED,2026-08-30T23:29:00,1146,0.976
P054,P042,CALLED,2026-08-01T06:30:00,639,0.927
P071,P073,CALLED,2026-08-02T13:31:00,1541,0.787
P008,P024,CALLED,2026-08-03T20:32:00,476,0.846
P025,P055,CALLED,2026-08-04T03:33:00,1572,0.907
P042,P006,CALLED,2026-08-05T10:34:00,922,0.828
P059,P037,CALLED,2026-08-06T17:35:00,1035,0.965
P076,P068,CALLED,2026-08-07T00:36:00,1781,0.814
P013,P019,CALLED,2026-08-08T07:37:00,2078,0.83
P030,P050,CALLED,2026-08-09T14:38:00,1987,0.872
P047,P001,CALLED,2026-08-10T21:39:00,1911,0.985
P064,P032,CALLED,2026-08-11T04:40:00,1552,0.779
P001,P063,CALLED,2026-08-12T11:41:00,1974,0.943
P018,P014,CALLED,2026-08-13T18:42:00,1631,0.803
P035,P045,CALLED,2026-08-14T01:43:00,1161,0.966
P052,P076,CALLED,2026-08-15T08:44:00,618,0.86
P069,P027,CALLED,2026-08-16T15:45:00,335,0.943
P006,P058,CALLED,2026-08-17T22:46:00,117,0.856
P023,P009,CALLED,2026-08-18T05:47:00,2002,0.822
P040,P042,CALLED,2026-08-19T12:48:00,1972,0.857
P057,P071,CALLED,2026-08-20T19:49:00,1331,0.948
P074,P022,CALLED,2026-08-21T02:50:00,449,0.838
P011,P053,CALLED,2026-08-22T09:51:00,1808,0.889
P028,P004,CALLED,2026-08-23T16:52:00,2011,0.816
P045,P035,CALLED,2026-08-24T23:53:00,1256,0.803
P062,P066,CALLED,2026-08-25T06:54:00,2097,0.773
P079,P017,CALLED,2026-08-26T13:55:00,2275,0.985
P016,P048,CALLED,2026-08-27T20:56:00,425,0.758
P033,P079,CALLED,2026-08-28T03:57:00,172,0.921
P050,P030,CALLED,2026-08-29T10:58:00,1819,0.923
P067,P061,CALLED,2026-08-30T17:59:00,458,0.897
P004,P012,CALLED,2026-08-01T00:00:00,1352,0.989
P021,P043,CALLED,2026-08-02T07:01:00,762,0.785
P038,P074,CALLED,2026-08-03T14:02:00,2343,0.763
P055,P025,CALLED,2026-08-04T21:03:00,1055,0.858
P072,P056,CALLED,2026-08-05T04:04:00,759,0.962
P009,P007,CALLED,2026-08-06T11:05:00,2002,0.832
P026,P038,CALLED,2026-08-07T18:06:00,829,0.809
P043,P069,CALLED,2026-08-08T01:07:00,722,0.814
P060,P020,CALLED,2026-08-09T08:08:00,1331,0.839
P077,P051,CALLED,2026-08-10T15:09:00,2098,0.759
P014,P002,CALLED,2026-08-11T22:10:00,1954,0.775
P031,P033,CALLED,2026-08-12T05:11:00,2061,0.954
P048,P064,CALLED,2026-08-13T12:12:00,1364,0.916
P065,P015,CALLED,2026-08-14T19:13:00,100,0.773
P002,P046,CALLED,2026-08-15T02:14:00,580,0.765
P019,P077,CALLED,2026-08-16T09:15:00,1630,0.884
P036,P028,CALLED,2026-08-17T16:16:00,401,0.764
P053,P059,CALLED,2026-08-18T23:17:00,922,0.917
P070,P010,CALLED,2026-08-19T06:18:00,1288,0.901
P007,P041,CALLED,2026-08-20T13:19:00,1251,0.906
P024,P072,CALLED,2026-08-21T20:20:00,488,0.76
P041,P023,CALLED,2026-08-22T03:21:00,1341,0.945
P058,P054,CALLED,2026-08-23T10:22:00,773,0.88
P075,P005,CALLED,2026-08-24T17:23:00,1419,0.813
P012,P036,CALLED,2026-08-25T00:24:00,920,0.968
P029,P067,CALLED,2026-08-26T07:25:00,2230,0.914
P046,P018,CALLED,2026-08-27T14:26:00,525,0.944
P063,P049,CALLED,2026-08-28T21:27:00,613,0.811
P080,P002,CALLED,2026-08-29T04:28:00,562,0.804
P017,P031,CALLED,2026-08-30T11:29:00,2354,0.952
P034,P062,CALLED,2026-08-01T18:30:00,51,0.771
P051,P013,CALLED,2026-08-02T01:31:00,2282,0.895
P068,P044,CALLED,2026-08-03T08:32:00,383,0.758
P005,P075,CALLED,2026-08-04T15:33:00,1154,0.794
P022,P026,CALLED,2026-08-05T22:34:00,131,0.851
P039,P057,CALLED,2026-08-06T05:35:00,984,0.781
P056,P008,CALLED,2026-08-07T12:36:00,1858,0.905
P073,P039,CALLED,2026-08-08T19:37:00,936,0.753
P010,P070,CALLED,2026-08-09T02:38:00,372,0.856
P027,P021,CALLED,2026-08-10T09:39:00,1020,0.861
P044,P052,CALLED,2026-08-11T16:40:00,435,0.755
P061,P003,CALLED,2026-08-12T23:41:00,1315,0.764
P078,P034,CALLED,2026-08-13T06:42:00,1395,0.763
P015,P065,CALLED,2026-08-14T13:43:00,347,0.953
P032,P016,CALLED,2026-08-15T20:44:00,2148,0.845
P049,P047,CALLED,2026-08-16T03:45:00,2083,0.935
P066,P078,CALLED,2026-08-17T10:46:00,1715,0.967
P003,P029,CALLED,2026-08-18T17:47:00,295,0.806
P020,P060,CALLED,2026-08-19T00:48:00,1250,0.871
P037,P011,CALLED,2026-08-20T07:49:00,1752,0.846
P054,P042,CALLED,2026-08-21T14:50:00,55,0.944
P071,P073,CALLED,2026-08-22T21:51:00,2098,0.857
P008,P024,CALLED,2026-08-23T04:52:00,2072,0.918
P025,P055,CALLED,2026-08-24T11:53:00,519,0.792
P042,P006,CALLED,2026-08-25T18:54:00,2197,0.973
P059,P037,CALLED,2026-08-26T01:55:00,2049,0.874
P076,P068,CALLED,2026-08-27T08:56:00,1476,0.923
P013,P019,CALLED,2026-08-28T15:57:00,207,0.798
P030,P050,CALLED,2026-08-29T22:58:00,1000,0.934
P047,P001,CALLED,2026-08-30T05:59:00,782,0.763
P064,P032,CALLED,2026-08-01T12:00:00,157,0.785
P001,P063,CALLED,2026-08-02T19:01:00,910,0.95
P018,P014,CALLED,2026-08-03T02:02:00,881,0.948
P035,P045,CALLED,2026-08-04T09:03:00,65,0.803
P052,P076,CALLED,2026-08-05T16:04:00,1215,0.895
P069,P027,CALLED,2026-08-06T23:05:00,1537,0.792
P006,P058,CALLED,2026-08-07T06:06:00,1657,0.983
P023,P009,CALLED,2026-08-08T13:07:00,609,0.916
P040,P042,CALLED,2026-08-09T20:08:00,621,0.886
P057,P071,CALLED,2026-08-10T03:09:00,2136,0.836
P074,P022,CALLED,2026-08-11T10:10:00,152,0.949
P011,P053,CALLED,2026-08-12T17:11:00,181,0.831
P028,P004,CALLED,2026-08-13T00:12:00,1569,0.781
P045,P035,CALLED,2026-08-14T07:13:00,1610,0.883
P062,P066,CALLED,2026-08-15T14:14:00,1768,0.79
P079,P017,CALLED,2026-08-16T21:15:00,1004,0.988
P016,P048,CALLED,2026-08-17T04:16:00,1477,0.921
P033,P079,CALLED,2026-08-18T11:17:00,614,0.838
P050,P030,CALLED,2026-08-19T18:18:00,364,0.821
P067,P061,CALLED,2026-08-20T01:19:00,637,0.916
P004,P012,CALLED,2026-08-21T08:20:00,397,0.893
P021,P043,CALLED,2026-08-22T15:21:00,106,0.793
P038,P074,CALLED,2026-08-23T22:22:00,738,0.773
P055,P025,CALLED,2026-08-24T05:23:00,297,0.891
P072,P056,CALLED,2026-08-25T12:24:00,2115,0.751
P009,P007,CALLED,2026-08-26T19:25:00,814,0.966
P026,P038,CALLED,2026-08-27T02:26:00,1537,0.851
P043,P069,CALLED,2026-08-28T09:27:00,692,0.797
P060,P020,CALLED,2026-08-29T16:28:00,89,0.832
P077,P051,CALLED,2026-08-30T23:29:00,459,0.821
P014,P002,CALLED,2026-08-01T06:30:00,1687,0.951
P031,P033,CALLED,2026-08-02T13:31:00,325,0.888
P048,P064,CALLED,2026-08-03T20:32:00,830,0.781
P065,P015,CALLED,2026-08-04T03:33:00,403,0.951
P002,P046,CALLED,2026-08-05T10:34:00,512,0.815
P019,P077,CALLED,2026-08-06T17:35:00,1271,0.923
P036,P028,CALLED,2026-08-07T00:36:00,637,0.823
P053,P059,CALLED,2026-08-08T07:37:00,500,0.77
P070,P010,CALLED,2026-08-09T14:38:00,309,0.792
P007,P041,CALLED,2026-08-10T21:39:00,131,0.897
P024,P072,CALLED,2026-08-11T04:40:00,995,0.785
P041,P023,CALLED,2026-08-12T11:41:00,1548,0.801
P058,P054,CALLED,2026-08-13T18:42:00,901,0.813
P075,P005,CALLED,2026-08-14T01:43:00,820,0.872
P012,P036,CALLED,2026-08-15T08:44:00,1494,0.86
P029,P067,CALLED,2026-08-16T15:45:00,1105,0.927
P046,P018,CALLED,2026-08-17T22:46:00,2085,0.759
P063,P049,CALLED,2026-08-18T05:47:00,845,0.942
P080,P002,CALLED,2026-08-19T12:48:00,151,0.834
P017,P031,CALLED,2026-08-20T19:49:00,348,0.78
P034,P062,CALLED,2026-08-21T02:50:00,1647,0.758
P051,P013,CALLED,2026-08-22T09:51:00,2384,0.862
P068,P044,CALLED,2026-08-23T16:52:00,1019,0.888
P005,P075,CALLED,2026-08-24T23:53:00,1085,0.755
P022,P026,CALLED,2026-08-25T06:54:00,1645,0.94
P039,P057,CALLED,2026-08-26T13:55:00,65,0.834
P056,P008,CALLED,2026-08-27T20:56:00,1458,0.944
P073,P039,CALLED,2026-08-28T03:57:00,726,0.798
P010,P070,CALLED,2026-08-29T10:58:00,1611,0.982
P027,P021,CALLED,2026-08-30T17:59:00,2358,0.851
P044,P052,CALLED,2026-08-01T00:00:00,132,0.887
P061,P003,CALLED,2026-08-02T07:01:00,1946,0.937
P078,P034,CALLED,2026-08-03T14:02:00,1587,0.867
P015,P065,CALLED,2026-08-04T21:03:00,973,0.877
P032,P016,CALLED,2026-08-05T04:04:00,932,0.976
P049,P047,CALLED,2026-08-06T11:05:00,721,0.973
P066,P078,CALLED,2026-08-07T18:06:00,1291,0.777
P003,P029,CALLED,2026-08-08T01:07:00,2290,0.831
P020,P060,CALLED,2026-08-09T08:08:00,1436,0.931
P037,P011,CALLED,2026-08-10T15:09:00,2023,0.811
P054,P042,CALLED,2026-08-11T22:10:00,1802,0.965
P071,P073,CALLED,2026-08-12T05:11:00,2285,0.826
P008,P024,CALLED,2026-08-13T12:12:00,1537,0.767
P025,P055,CALLED,2026-08-14T19:13:00,784,0.815
P042,P006,CALLED,2026-08-15T02:14:00,1168,0.985
P059,P037,CALLED,2026-08-16T09:15:00,621,0.885
P076,P068,CALLED,2026-08-17T16:16:00,1293,0.864
P013,P019,CALLED,2026-08-18T23:17:00,195,0.794
P030,P050,CALLED,2026-08-19T06:18:00,483,0.918
P047,P001,CALLED,2026-08-20T13:19:00,2282,0.844
P064,P032,CALLED,2026-08-21T20:20:00,1642,0.771
P001,P063,CALLED,2026-08-22T03:21:00,2072,0.899
P018,P014,CALLED,2026-08-23T10:22:00,1269,0.901
P035,P045,CALLED,2026-08-24T17:23:00,429,0.773
P052,P076,CALLED,2026-08-25T00:24:00,2261,0.751
P069,P027,CALLED,2026-08-26T07:25:00,574,0.952
P006,P058,CALLED,2026-08-27T14:26:00,433,0.886
P023,P009,CALLED,2026-08-28T21:27:00,239,0.94
P040,P042,CALLED,2026-08-29T04:28:00,358,0.932
P057,P071,CALLED,2026-08-30T11:29:00,1403,0.948
P074,P022,CALLED,2026-08-01T18:30:00,160,0.973
P011,P053,CALLED,2026-08-02T01:31:00,136,0.785
P028,P004,CALLED,2026-08-03T08:32:00,1257,0.866
P045,P035,CALLED,2026-08-04T15:33:00,2305,0.893
P062,P066,CALLED,2026-08-05T22:34:00,2159,0.792
P079,P017,CALLED,2026-08-06T05:35:00,1513,0.929
P016,P048,CALLED,2026-08-07T12:36:00,2299,0.952
P033,P079,CALLED,2026-08-08T19:37:00,1048,0.958
P050,P030,CALLED,2026-08-09T02:38:00,2397,0.873
P067,P061,CALLED,2026-08-10T09:39:00,274,0.841
P004,P012,CALLED,2026-08-11T16:40:00,693,0.804
P021,P043,CALLED,2026-08-12T23:41:00,841,0.82
P038,P074,CALLED,2026-08-13T06:42:00,214,0.762
P055,P025,CALLED,2026-08-14T13:43:00,1734,0.966
P072,P056,CALLED,2026-08-15T20:44:00,2183,0.887
P009,P007,CALLED,2026-08-16T03:45:00,522,0.792
P026,P038,CALLED,2026-08-17T10:46:00,807,0.84
P043,P069,CALLED,2026-08-18T17:47:00,2174,0.829
P060,P020,CALLED,2026-08-19T00:48:00,513,0.772
P077,P051,CALLED,2026-08-20T07:49:00,1908,0.864
P014,P002,CALLED,2026-08-21T14:50:00,1895,0.806
P031,P033,CALLED,2026-08-22T21:51:00,1708,0.782
P048,P064,CALLED,2026-08-23T04:52:00,1082,0.824
P065,P015,CALLED,2026-08-24T11:53:00,608,0.82
P002,P046,CALLED,2026-08-25T18:54:00,721,0.887
P019,P077,CALLED,2026-08-26T01:55:00,945,0.839
P036,P028,CALLED,2026-08-27T08:56:00,1916,0.827
P053,P059,CALLED,2026-08-28T15:57:00,1387,0.775
P070,P010,CALLED,2026-08-29T22:58:00,2311,0.917
P007,P041,CALLED,2026-08-30T05:59:00,1101,0.789
P024,P072,CALLED,2026-08-01T12:00:00,208,0.92
P041,P023,CALLED,2026-08-02T19:01:00,1280,0.902
P058,P054,CALLED,2026-08-03T02:02:00,1958,0.878
P075,P005,CALLED,2026-08-04T09:03:00,1486,0.853
P012,P036,CALLED,2026-08-05T16:04:00,1198,0.784
P029,P067,CALLED,2026-08-06T23:05:00,883,0.752
P046,P018,CALLED,2026-08-07T06:06:00,202,0.811
P063,P049,CALLED,2026-08-08T13:07:00,1745,0.861
P080,P002,CALLED,2026-08-09T20:08:00,1585,0.863
P017,P031,CALLED,2026-08-10T03:09:00,1650,0.801
P034,P062,CALLED,2026-08-11T10:10:00,171,0.85
P051,P013,CALLED,2026-08-12T17:11:00,148,0.814
P068,P044,CALLED,2026-08-13T00:12:00,1283,0.968
P005,P075,CALLED,2026-08-14T07:13:00,2346,0.852
P022,P026,CALLED,2026-08-15T14:14:00,834,0.948
P039,P057,CALLED,2026-08-16T21:15:00,1077,0.925
P056,P008,CALLED,2026-08-17T04:16:00,1016,0.787
P073,P039,CALLED,2026-08-18T11:17:00,2083,0.792
P010,P070,CALLED,2026-08-19T18:18:00,1668,0.854
P027,P021,CALLED,2026-08-20T01:19:00,1179,0.906
P044,P052,CALLED,2026-08-21T08:20:00,356,0.765
P061,P003,CALLED,2026-08-22T15:21:00,755,0.798
P078,P034,CALLED,2026-08-23T22:22:00,669,0.897
P015,P065,CALLED,2026-08-24T05:23:00,1562,0.961
P032,P016,CALLED,2026-08-25T12:24:00,158,0.817
P049,P047,CALLED,2026-08-26T19:25:00,2156,0.926
P066,P078,CALLED,2026-08-27T02:26:00,531,0.911
P003,P029,CALLED,2026-08-28T09:27:00,1709,0.943
P020,P060,CALLED,2026-08-29T16:28:00,1510,0.964
P037,P011,CALLED,2026-08-30T23:29:00,1658,0.948
P054,P042,CALLED,2026-08-01T06:30:00,430,0.903
P071,P073,CALLED,2026-08-02T13:31:00,2033,0.874
P008,P024,CALLED,2026-08-03T20:32:00,1040,0.905
P025,P055,CALLED,2026-08-04T03:33:00,2011,0.979
P042,P006,CALLED,2026-08-05T10:34:00,869,0.968
P059,P037,CALLED,2026-08-06T17:35:00,386,0.961
P076,P068,CALLED,2026-08-07T00:36:00,872,0.98
P013,P019,CALLED,2026-08-08T07:37:00,119,0.754
P030,P050,CALLED,2026-08-09T14:38:00,766,0.928
P047,P001,CALLED,2026-08-10T21:39:00,1479,0.887
P064,P032,CALLED,2026-08-11T04:40:00,1759,0.911
P001,P063,CALLED,2026-08-12T11:41:00,237,0.81
P018,P014,CALLED,2026-08-13T18:42:00,1298,0.81
P035,P045,CALLED,2026-08-14T01:43:00,1590,0.842
P052,P076,CALLED,2026-08-15T08:44:00,972,0.85
P069,P027,CALLED,2026-08-16T15:45:00,1727,0.898
P006,P058,CALLED,2026-08-17T22:46:00,875,0.78
P023,P009,CALLED,2026-08-18T05:47:00,403,0.928
P040,P042,CALLED,2026-08-19T12:48:00,127,0.755
P057,P071,CALLED,2026-08-20T19:49:00,1199,0.954
P074,P022,CALLED,2026-08-21T02:50:00,296,0.948
P011,P053,CALLED,2026-08-22T09:51:00,2325,0.867
P028,P004,CALLED,2026-08-23T16:52:00,420,0.946
P045,P035,CALLED,2026-08-24T23:53:00,1719,0.926
P062,P066,CALLED,2026-08-25T06:54:00,1935,0.93
P079,P017,CALLED,2026-08-26T13:55:00,58,0.869
P016,P048,CALLED,2026-08-27T20:56:00,1046,0.829
P033,P079,CALLED,2026-08-28T03:57:00,1950,0.804
P050,P030,CALLED,2026-08-29T10:58:00,2258,0.909
P067,P061,CALLED,2026-08-30T17:59:00,2135,0.926
P004,P012,CALLED,2026-08-01T00:00:00,1893,0.948
P021,P043,CALLED,2026-08-02T07:01:00,417,0.951
P038,P074,CALLED,2026-08-03T14:02:00,273,0.905
P055,P025,CALLED,2026-08-04T21:03:00,661,0.943
P072,P056,CALLED,2026-08-05T04:04:00,2293,0.902
P009,P007,CALLED,2026-08-06T11:05:00,779,0.752
P026,P038,CALLED,2026-08-07T18:06:00,1656,0.826
P043,P069,CALLED,2026-08-08T01:07:00,1853,0.884
P060,P020,CALLED,2026-08-09T08:08:00,674,0.781
P077,P051,CALLED,2026-08-10T15:09:00,1998,0.883
P014,P002,CALLED,2026-08-11T22:10:00,737,0.817
P031,P033,CALLED,2026-08-12T05:11:00,811,0.815
P048,P064,CALLED,2026-08-13T12:12:00,287,0.988
P065,P015,CALLED,2026-08-14T19:13:00,249,0.751
P002,P046,CALLED,2026-08-15T02:14:00,1463,0.88
P019,P077,CALLED,2026-08-16T09:15:00,407,0.764
P036,P028,CALLED,2026-08-17T16:16:00,936,0.946
P053,P059,CALLED,2026-08-18T23:17:00,784,0.843
P070,P010,CALLED,2026-08-19T06:18:00,1439,0.879
P007,P041,CALLED,2026-08-20T13:19:00,2077,0.9
P024,P072,CALLED,2026-08-21T20:20:00,1193,0.86
P041,P023,CALLED,2026-08-22T03:21:00,370,0.786
P058,P054,CALLED,2026-08-23T10:22:00,1299,0.943
P075,P005,CALLED,2026-08-24T17:23:00,1793,0.978
P012,P036,CALLED,2026-08-25T00:24:00,2287,0.975
P029,P067,CALLED,2026-08-26T07:25:00,1717,0.834
P046,P018,CALLED,2026-08-27T14:26:00,1041,0.799
P063,P049,CALLED,2026-08-28T21:27:00,289,0.854
P080,P002,CALLED,2026-08-29T04:28:00,1926,0.816
P017,P031,CALLED,2026-08-30T11:29:00,377,0.967
P034,P062,CALLED,2026-08-01T18:30:00,1169,0.906
P051,P013,CALLED,2026-08-02T01:31:00,746,0.946
P068,P044,CALLED,2026-08-03T08:32:00,2202,0.754
P005,P075,CALLED,2026-08-04T15:33:00,430,0.751
P022,P026,CALLED,2026-08-05T22:34:00,1883,0.919
P039,P057,CALLED,2026-08-06T05:35:00,893,0.834
P056,P008,CALLED,2026-08-07T12:36:00,1363,0.754
P073,P039,CALLED,2026-08-08T19:37:00,1042,0.791
P010,P070,CALLED,2026-08-09T02:38:00,2170,0.894
P027,P021,CALLED,2026-08-10T09:39:00,278,0.976
P044,P052,CALLED,2026-08-11T16:40:00,1633,0.764
P061,P003,CALLED,2026-08-12T23:41:00,911,0.877
P078,P034,CALLED,2026-08-13T06:42:00,2118,0.856
P015,P065,CALLED,2026-08-14T13:43:00,131,0.903
P032,P016,CALLED,2026-08-15T20:44:00,1470,0.888
P049,P047,CALLED,2026-08-16T03:45:00,713,0.979
P066,P078,CALLED,2026-08-17T10:46:00,2345,0.778
P003,P029,CALLED,2026-08-18T17:47:00,1871,0.895
P020,P060,CALLED,2026-08-19T00:48:00,1901,0.882
P037,P011,CALLED,2026-08-20T07:49:00,1906,0.966
P054,P042,CALLED,2026-08-21T14:50:00,1677,0.796
P071,P073,CALLED,2026-08-22T21:51:00,349,0.928
P008,P024,CALLED,2026-08-23T04:52:00,1600,0.931
P025,P055,CALLED,2026-08-24T11:53:00,1137,0.756
P042,P006,CALLED,2026-08-25T18:54:00,620,0.921
P059,P037,CALLED,2026-08-26T01:55:00,774,0.808
P076,P068,CALLED,2026-08-27T08:56:00,2114,0.773
P013,P019,CALLED,2026-08-28T15:57:00,1609,0.912
P030,P050,CALLED,2026-08-29T22:58:00,560,0.925
P047,P001,CALLED,2026-08-30T05:59:00,344,0.899
P064,P032,CALLED,2026-08-01T12:00:00,1815,0.948
P001,P063,CALLED,2026-08-02T19:01:00,1729,0.958
P018,P014,CALLED,2026-08-03T02:02:00,367,0.856
P035,P045,CALLED,2026-08-04T09:03:00,2129,0.803
P052,P076,CALLED,2026-08-05T16:04:00,1122,0.857
P069,P027,CALLED,2026-08-06T23:05:00,1697,0.879
P006,P058,CALLED,2026-08-07T06:06:00,1404,0.813
P023,P009,CALLED,2026-08-08T13:07:00,1589,0.898
P040,P042,CALLED,2026-08-09T20:08:00,999,0.877
P057,P071,CALLED,2026-08-10T03:09:00,1086,0.974
P074,P022,CALLED,2026-08-11T10:10:00,214,0.873
P011,P053,CALLED,2026-08-12T17:11:00,500,0.989
P028,P004,CALLED,2026-08-13T00:12:00,1264,0.916
P045,P035,CALLED,2026-08-14T07:13:00,1906,0.786
P062,P066,CALLED,2026-08-15T14:14:00,1906,0.777
P079,P017,CALLED,2026-08-16T21:15:00,779,0.792
P016,P048,CALLED,2026-08-17T04:16:00,493,0.919
P033,P079,CALLED,2026-08-18T11:17:00,1026,0.952
P050,P030,CALLED,2026-08-19T18:18:00,2267,0.784
P067,P061,CALLED,2026-08-20T01:19:00,1196,0.787
P004,P012,CALLED,2026-08-21T08:20:00,1986,0.849
P021,P043,CALLED,2026-08-22T15:21:00,1672,0.905
P038,P074,CALLED,2026-08-23T22:22:00,975,0.913
P055,P025,CALLED,2026-08-24T05:23:00,575,0.902
P072,P056,CALLED,2026-08-25T12:24:00,2303,0.861
P009,P007,CALLED,2026-08-26T19:25:00,1822,0.953
P026,P038,CALLED,2026-08-27T02:26:00,1102,0.906
P043,P069,CALLED,2026-08-28T09:27:00,322,0.76
P060,P020,CALLED,2026-08-29T16:28:00,1706,0.772
P077,P051,CALLED,2026-08-30T23:29:00,2192,0.897
P014,P002,CALLED,2026-08-01T06:30:00,860,0.849
P031,P033,CALLED,2026-08-02T13:31:00,1989,0.787
P048,P064,CALLED,2026-08-03T20:32:00,706,0.908
P065,P015,CALLED,2026-08-04T03:33:00,306,0.988
P002,P046,CALLED,2026-08-05T10:34:00,1074,0.981
P019,P077,CALLED,2026-08-06T17:35:00,874,0.914
P036,P028,CALLED,2026-08-07T00:36:00,2297,0.775
P053,P059,CALLED,2026-08-08T07:37:00,1331,0.964
P070,P010,CALLED,2026-08-09T14:38:00,2006,0.849
P007,P041,CALLED,2026-08-10T21:39:00,691,0.964
P024,P072,CALLED,2026-08-11T04:40:00,1900,0.872
P041,P023,CALLED,2026-08-12T11:41:00,871,0.842
P058,P054,CALLED,2026-08-13T18:42:00,2061,0.788
P075,P005,CALLED,2026-08-14T01:43:00,672,0.794
P012,P036,CALLED,2026-08-15T08:44:00,824,0.902
P029,P067,CALLED,2026-08-16T15:45:00,2348,0.893
P046,P018,CALLED,2026-08-17T22:46:00,1411,0.801
P063,P049,CALLED,2026-08-18T05:47:00,947,0.849
P080,P002,CALLED,2026-08-19T12:48:00,324,0.808
P017,P031,CALLED,2026-08-20T19:49:00,1581,0.872
P034,P062,CALLED,2026-08-21T02:50:00,1399,0.761
P051,P013,CALLED,2026-08-22T09:51:00,471,0.786
P068,P044,CALLED,2026-08-23T16:52:00,975,0.855
P005,P075,CALLED,2026-08-24T23:53:00,391,0.796
P022,P026,CALLED,2026-08-25T06:54:00,19,0.816
P039,P057,CALLED,2026-08-26T13:55:00,1569,0.918
P056,P008,CALLED,2026-08-27T20:56:00,30,0.783
P073,P039,CALLED,2026-08-28T03:57:00,395,0.967
P010,P070,CALLED,2026-08-29T10:58:00,1444,0.903
P027,P021,CALLED,2026-08-30T17:59:00,1118,0.883
P044,P052,CALLED,2026-08-01T00:00:00,542,0.926
P061,P003,CALLED,2026-08-02T07:01:00,360,0.876
P078,P034,CALLED,2026-08-03T14:02:00,1815,0.816
P015,P065,CALLED,2026-08-04T21:03:00,347,0.913
P032,P016,CALLED,2026-08-05T04:04:00,458,0.773
P049,P047,CALLED,2026-08-06T11:05:00,1359,0.919
P066,P078,CALLED,2026-08-07T18:06:00,1770,0.791
P003,P029,CALLED,2026-08-08T01:07:00,604,0.947
P020,P060,CALLED,2026-08-09T08:08:00,528,0.905
P037,P011,CALLED,2026-08-10T15:09:00,289,0.845
P054,P042,CALLED,2026-08-11T22:10:00,1363,0.801
P071,P073,CALLED,2026-08-12T05:11:00,1227,0.972
P008,P024,CALLED,2026-08-13T12:12:00,830,0.96
P025,P055,CALLED,2026-08-14T19:13:00,1446,0.781
P042,P006,CALLED,2026-08-15T02:14:00,2063,0.971
P059,P037,CALLED,2026-08-16T09:15:00,284,0.848
P076,P068,CALLED,2026-08-17T16:16:00,380,0.792
P013,P019,CALLED,2026-08-18T23:17:00,2298,0.895
P030,P050,CALLED,2026-08-19T06:18:00,340,0.874
P047,P001,CALLED,2026-08-20T13:19:00,1131,0.922
P064,P032,CALLED,2026-08-21T20:20:00,1547,0.876
P001,P063,CALLED,2026-08-22T03:21:00,1476,0.966
P018,P014,CALLED,2026-08-23T10:22:00,205,0.82
P035,P045,CALLED,2026-08-24T17:23:00,261,0.849
P052,P076,CALLED,2026-08-25T00:24:00,1153,0.873
P069,P027,CALLED,2026-08-26T07:25:00,1811,0.929
P006,P058,CALLED,2026-08-27T14:26:00,795,0.874
P023,P009,CALLED,2026-08-28T21:27:00,1663,0.941
P040,P042,CALLED,2026-08-29T04:28:00,666,0.783
P057,P071,CALLED,2026-08-30T11:29:00,913,0.864
P074,P022,CALLED,2026-08-01T18:30:00,1660,0.836
P011,P053,CALLED,2026-08-02T01:31:00,2039,0.773
P028,P004,CALLED,2026-08-03T08:32:00,1136,0.869
P045,P035,CALLED,2026-08-04T15:33:00,1610,0.926
P062,P066,CALLED,2026-08-05T22:34:00,1009,0.799
P079,P017,CALLED,2026-08-06T05:35:00,2161,0.754
P016,P048,CALLED,2026-08-07T12:36:00,718,0.989
P033,P079,CALLED,2026-08-08T19:37:00,1798,0.868
P050,P030,CALLED,2026-08-09T02:38:00,2355,0.86
P067,P061,CALLED,2026-08-10T09:39:00,211,0.823
P004,P012,CALLED,2026-08-11T16:40:00,647,0.973
P021,P043,CALLED,2026-08-12T23:41:00,1291,0.927
P038,P074,CALLED,2026-08-13T06:42:00,1159,0.927
P055,P025,CALLED,2026-08-14T13:43:00,1220,0.919
P072,P056,CALLED,2026-08-15T20:44:00,1263,0.813
P009,P007,CALLED,2026-08-16T03:45:00,1996,0.86
P026,P038,CALLED,2026-08-17T10:46:00,1100,0.806
P043,P069,CALLED,2026-08-18T17:47:00,1680,0.865
P060,P020,CALLED,2026-08-19T00:48:00,2026,0.76
P077,P051,CALLED,2026-08-20T07:49:00,2351,0.912
P014,P002,CALLED,2026-08-21T14:50:00,853,0.825
P031,P033,CALLED,2026-08-22T21:51:00,1257,0.823
P048,P064,CALLED,2026-08-23T04:52:00,2131,0.798
P065,P015,CALLED,2026-08-24T11:53:00,1942,0.954
P002,P046,CALLED,2026-08-25T18:54:00,2220,0.925
P019,P077,CALLED,2026-08-26T01:55:00,650,0.859
P036,P028,CALLED,2026-08-27T08:56:00,584,0.824
P053,P059,CALLED,2026-08-28T15:57:00,429,0.912
P070,P010,CALLED,2026-08-29T22:58:00,2203,0.861
P007,P041,CALLED,2026-08-30T05:59:00,659,0.761
P024,P072,CALLED,2026-08-01T12:00:00,30,0.968
P041,P023,CALLED,2026-08-02T19:01:00,1521,0.846
P058,P054,CALLED,2026-08-03T02:02:00,22,0.883
P075,P005,CALLED,2026-08-04T09:03:00,394,0.776
P012,P036,CALLED,2026-08-05T16:04:00,1860,0.812
P029,P067,CALLED,2026-08-06T23:05:00,1234,0.841
P046,P018,CALLED,2026-08-07T06:06:00,1009,0.899
P063,P049,CALLED,2026-08-08T13:07:00,2006,0.982
P080,P002,CALLED,2026-08-09T20:08:00,1489,0.877
P017,P031,CALLED,2026-08-10T03:09:00,1467,0.973
P034,P062,CALLED,2026-08-11T10:10:00,2214,0.916
P051,P013,CALLED,2026-08-12T17:11:00,968,0.832
P068,P044,CALLED,2026-08-13T00:12:00,635,0.759
P005,P075,CALLED,2026-08-14T07:13:00,1834,0.989
P022,P026,CALLED,2026-08-15T14:14:00,1747,0.856
P039,P057,CALLED,2026-08-16T21:15:00,750,0.962
P056,P008,CALLED,2026-08-17T04:16:00,54,0.953
P073,P039,CALLED,2026-08-18T11:17:00,2303,0.921
P010,P070,CALLED,2026-08-19T18:18:00,1267,0.882
P027,P021,CALLED,2026-08-20T01:19:00,2180,0.849
P044,P052,CALLED,2026-08-21T08:20:00,61,0.882
P061,P003,CALLED,2026-08-22T15:21:00,957,0.895
P078,P034,CALLED,2026-08-23T22:22:00,2169,0.935
P015,P065,CALLED,2026-08-24T05:23:00,1856,0.875
P032,P016,CALLED,2026-08-25T12:24:00,109,0.89
P049,P047,CALLED,2026-08-26T19:25:00,619,0.787
P066,P078,CALLED,2026-08-27T02:26:00,418,0.814
P003,P029,CALLED,2026-08-28T09:27:00,758,0.773
P020,P060,CALLED,2026-08-29T16:28:00,316,0.829
P037,P011,CALLED,2026-08-30T23:29:00,53,0.839
P054,P042,CALLED,2026-08-01T06:30:00,864,0.921
P071,P073,CALLED,2026-08-02T13:31:00,1834,0.792
P008,P024,CALLED,2026-08-03T20:32:00,1691,0.824
P025,P055,CALLED,2026-08-04T03:33:00,1361,0.895
P042,P006,CALLED,2026-08-05T10:34:00,1609,0.928
P059,P037,CALLED,2026-08-06T17:35:00,1401,0.87
P076,P068,CALLED,2026-08-07T00:36:00,365,0.802
P013,P019,CALLED,2026-08-08T07:37:00,680,0.909
P030,P050,CALLED,2026-08-09T14:38:00,590,0.954
P047,P001,CALLED,2026-08-10T21:39:00,1787,0.803
P064,P032,CALLED,2026-08-11T04:40:00,1193,0.911
P001,P063,CALLED,2026-08-12T11:41:00,2313,0.99
P018,P014,CALLED,2026-08-13T18:42:00,799,0.95
P035,P045,CALLED,2026-08-14T01:43:00,236,0.796
P052,P076,CALLED,2026-08-15T08:44:00,13,0.755
P069,P027,CALLED,2026-08-16T15:45:00,1890,0.936
P006,P058,CALLED,2026-08-17T22:46:00,294,0.826
P023,P009,CALLED,2026-08-18T05:47:00,526,0.837
P040,P042,CALLED,2026-08-19T12:48:00,2226,0.796
P057,P071,CALLED,2026-08-20T19:49:00,2258,0.895
P074,P022,CALLED,2026-08-21T02:50:00,2312,0.987
P011,P053,CALLED,2026-08-22T09:51:00,406,0.771
P028,P004,CALLED,2026-08-23T16:52:00,29,0.811
P045,P035,CALLED,2026-08-24T23:53:00,2071,0.903
P062,P066,CALLED,2026-08-25T06:54:00,792,0.847
P079,P017,CALLED,2026-08-26T13:55:00,1792,0.771
P016,P048,CALLED,2026-08-27T20:56:00,1932,0.774
P033,P079,CALLED,2026-08-28T03:57:00,1486,0.904
P050,P030,CALLED,2026-08-29T10:58:00,1763,0.849
P067,P061,CALLED,2026-08-30T17:59:00,1100,0.947
P004,P012,CALLED,2026-08-01T00:00:00,629,0.892
P021,P043,CALLED,2026-08-02T07:01:00,1142,0.901
P038,P074,CALLED,2026-08-03T14:02:00,309,0.863
P055,P025,CALLED,2026-08-04T21:03:00,2339,0.869
P072,P056,CALLED,2026-08-05T04:04:00,504,0.894
P009,P007,CALLED,2026-08-06T11:05:00,2171,0.864
P026,P038,CALLED,2026-08-07T18:06:00,2251,0.752
P043,P069,CALLED,2026-08-08T01:07:00,1858,0.846
P060,P020,CALLED,2026-08-09T08:08:00,382,0.865
P077,P051,CALLED,2026-08-10T15:09:00,450,0.925
P014,P002,CALLED,2026-08-11T22:10:00,1497,0.915
P031,P033,CALLED,2026-08-12T05:11:00,1750,0.789
P048,P064,CALLED,2026-08-13T12:12:00,1213,0.772
P065,P015,CALLED,2026-08-14T19:13:00,1873,0.806
P002,P046,CALLED,2026-08-15T02:14:00,327,0.948
P019,P077,CALLED,2026-08-16T09:15:00,2294,0.791
P036,P028,CALLED,2026-08-17T16:16:00,2121,0.944
P053,P059,CALLED,2026-08-18T23:17:00,1258,0.847
P070,P010,CALLED,2026-08-19T06:18:00,1431,0.954
P007,P041,CALLED,2026-08-20T13:19:00,2059,0.879
P024,P072,CALLED,2026-08-21T20:20:00,1416,0.897
P041,P023,CALLED,2026-08-22T03:21:00,742,0.796
P058,P054,CALLED,2026-08-23T10:22:00,181,0.922
P075,P005,CALLED,2026-08-24T17:23:00,2217,0.841
P012,P036,CALLED,2026-08-25T00:24:00,512,0.784
P029,P067,CALLED,2026-08-26T07:25:00,130,0.988
P046,P018,CALLED,2026-08-27T14:26:00,1026,0.825
P063,P049,CALLED,2026-08-28T21:27:00,1726,0.929
P080,P002,CALLED,2026-08-29T04:28:00,1419,0.907
P017,P031,CALLED,2026-08-30T11:29:00,472,0.863
P034,P062,CALLED,2026-08-01T18:30:00,1247,0.969
P051,P013,CALLED,2026-08-02T01:31:00,1062,0.929
P068,P044,CALLED,2026-08-03T08:32:00,669,0.873
P005,P075,CALLED,2026-08-04T15:33:00,1948,0.91
P022,P026,CALLED,2026-08-05T22:34:00,1067,0.947
P039,P057,CALLED,2026-08-06T05:35:00,376,0.832
P056,P008,CALLED,2026-08-07T12:36:00,862,0.986
P073,P039,CALLED,2026-08-08T19:37:00,903,0.836
P010,P070,CALLED,2026-08-09T02:38:00,2342,0.964
P027,P021,CALLED,2026-08-10T09:39:00,1236,0.862
P044,P052,CALLED,2026-08-11T16:40:00,2329,0.772
P061,P003,CALLED,2026-08-12T23:41:00,1752,0.77
P078,P034,CALLED,2026-08-13T06:42:00,1504,0.753
P015,P065,CALLED,2026-08-14T13:43:00,1331,0.796
P032,P016,CALLED,2026-08-15T20:44:00,517,0.854
P049,P047,CALLED,2026-08-16T03:45:00,462,0.9
P066,P078,CALLED,2026-08-17T10:46:00,1140,0.838
P003,P029,CALLED,2026-08-18T17:47:00,111,0.943
P020,P060,CALLED,2026-08-19T00:48:00,1874,0.769
P037,P011,CALLED,2026-08-20T07:49:00,1911,0.778
P054,P042,CALLED,2026-08-21T14:50:00,737,0.962
P071,P073,CALLED,2026-08-22T21:51:00,1101,0.912
P008,P024,CALLED,2026-08-23T04:52:00,1429,0.887
P025,P055,CALLED,2026-08-24T11:53:00,1106,0.878
P042,P006,CALLED,2026-08-25T18:54:00,1981,0.86
P059,P037,CALLED,2026-08-26T01:55:00,578,0.772
P076,P068,CALLED,2026-08-27T08:56:00,1595,0.802
P013,P019,CALLED,2026-08-28T15:57:00,1328,0.911
P030,P050,CALLED,2026-08-29T22:58:00,254,0.766
P047,P001,CALLED,2026-08-30T05:59:00,2155,0.875
P064,P032,CALLED,2026-08-01T12:00:00,502,0.812
P001,P063,CALLED,2026-08-02T19:01:00,730,0.759
P018,P014,CALLED,2026-08-03T02:02:00,363,0.983
P035,P045,CALLED,2026-08-04T09:03:00,1060,0.965
P052,P076,CALLED,2026-08-05T16:04:00,1715,0.902
P069,P027,CALLED,2026-08-06T23:05:00,1624,0.934
P006,P058,CALLED,2026-08-07T06:06:00,2131,0.884
P023,P009,CALLED,2026-08-08T13:07:00,1455,0.871
P040,P042,CALLED,2026-08-09T20:08:00,265,0.946
P057,P071,CALLED,2026-08-10T03:09:00,2095,0.848
P074,P022,CALLED,2026-08-11T10:10:00,333,0.868
P011,P053,CALLED,2026-08-12T17:11:00,2214,0.86
P028,P004,CALLED,2026-08-13T00:12:00,423,0.824
P045,P035,CALLED,2026-08-14T07:13:00,122,0.826
P062,P066,CALLED,2026-08-15T14:14:00,1808,0.799
P079,P017,CALLED,2026-08-16T21:15:00,42,0.881
P016,P048,CALLED,2026-08-17T04:16:00,2078,0.825
P033,P079,CALLED,2026-08-18T11:17:00,1917,0.78
P050,P030,CALLED,2026-08-19T18:18:00,475,0.883
P067,P061,CALLED,2026-08-20T01:19:00,1987,0.786
P004,P012,CALLED,2026-08-21T08:20:00,1682,0.845
P021,P043,CALLED,2026-08-22T15:21:00,388,0.922
P038,P074,CALLED,2026-08-23T22:22:00,406,0.944
P055,P025,CALLED,2026-08-24T05:23:00,1169,0.826
P072,P056,CALLED,2026-08-25T12:24:00,1678,0.924
P009,P007,CALLED,2026-08-26T19:25:00,1092,0.812
P026,P038,CALLED,2026-08-27T02:26:00,1647,0.971
P043,P069,CALLED,2026-08-28T09:27:00,767,0.88
P060,P020,CALLED,2026-08-29T16:28:00,1715,0.762
P077,P051,CALLED,2026-08-30T23:29:00,623,0.867
P014,P002,CALLED,2026-08-01T06:30:00,2092,0.864
P031,P033,CALLED,2026-08-02T13:31:00,1600,0.984
P048,P064,CALLED,2026-08-03T20:32:00,275,0.891
P065,P015,CALLED,2026-08-04T03:33:00,1506,0.764
P002,P046,CALLED,2026-08-05T10:34:00,140,0.905
P019,P077,CALLED,2026-08-06T17:35:00,1346,0.876
P036,P028,CALLED,2026-08-07T00:36:00,2353,0.941
P053,P059,CALLED,2026-08-08T07:37:00,1223,0.937
P070,P010,CALLED,2026-08-09T14:38:00,1748,0.852
P007,P041,CALLED,2026-08-10T21:39:00,79,0.837
P024,P072,CALLED,2026-08-11T04:40:00,351,0.768
P041,P023,CALLED,2026-08-12T11:41:00,704,0.951
P058,P054,CALLED,2026-08-13T18:42:00,1032,0.902
P075,P005,CALLED,2026-08-14T01:43:00,1828,0.854
P012,P036,CALLED,2026-08-15T08:44:00,1947,0.866
P029,P067,CALLED,2026-08-16T15:45:00,2081,0.806
P046,P018,CALLED,2026-08-17T22:46:00,2291,0.955
P063,P049,CALLED,2026-08-18T05:47:00,822,0.915
P080,P002,CALLED,2026-08-19T12:48:00,1968,0.754
P017,P031,CALLED,2026-08-20T19:49:00,1802,0.87
P034,P062,CALLED,2026-08-21T02:50:00,313,0.822
P051,P013,CALLED,2026-08-22T09:51:00,1081,0.984
P068,P044,CALLED,2026-08-23T16:52:00,1555,0.864
P005,P075,CALLED,2026-08-24T23:53:00,1737,0.792
P022,P026,CALLED,2026-08-25T06:54:00,246,0.932
P039,P057,CALLED,2026-08-26T13:55:00,181,0.842
P056,P008,CALLED,2026-08-27T20:56:00,1987,0.926
P073,P039,CALLED,2026-08-28T03:57:00,1810,0.846
P010,P070,CALLED,2026-08-29T10:58:00,2120,0.807
P027,P021,CALLED,2026-08-30T17:59:00,1136,0.829
P044,P052,CALLED,2026-08-01T00:00:00,1433,0.758
P061,P003,CALLED,2026-08-02T07:01:00,1812,0.984
P078,P034,CALLED,2026-08-03T14:02:00,926,0.958
P015,P065,CALLED,2026-08-04T21:03:00,1103,0.902
P032,P016,CALLED,2026-08-05T04:04:00,2365,0.801
P049,P047,CALLED,2026-08-06T11:05:00,102,0.819
P066,P078,CALLED,2026-08-07T18:06:00,1298,0.942
P003,P029,CALLED,2026-08-08T01:07:00,1073,0.895
P020,P060,CALLED,2026-08-09T08:08:00,823,0.914
P037,P011,CALLED,2026-08-10T15:09:00,944,0.864
P054,P042,CALLED,2026-08-11T22:10:00,924,0.815
P071,P073,CALLED,2026-08-12T05:11:00,620,0.769
P008,P024,CALLED,2026-08-13T12:12:00,2144,0.936
P025,P055,CALLED,2026-08-14T19:13:00,1616,0.815
P042,P006,CALLED,2026-08-15T02:14:00,530,0.917
P059,P037,CALLED,2026-08-16T09:15:00,698,0.963
P076,P068,CALLED,2026-08-17T16:16:00,1556,0.988
P013,P019,CALLED,2026-08-18T23:17:00,2146,0.82
P030,P050,CALLED,2026-08-19T06:18:00,1623,0.906
P047,P001,CALLED,2026-08-20T13:19:00,2005,0.843
P064,P032,CALLED,2026-08-21T20:20:00,1845,0.834
P001,P063,CALLED,2026-08-22T03:21:00,1972,0.813
P018,P014,CALLED,2026-08-23T10:22:00,490,0.852
P035,P045,CALLED,2026-08-24T17:23:00,1936,0.794
P052,P076,CALLED,2026-08-25T00:24:00,632,0.95
P069,P027,CALLED,2026-08-26T07:25:00,260,0.932
P006,P058,CALLED,2026-08-27T14:26:00,1219,0.954
P023,P009,CALLED,2026-08-28T21:27:00,2141,0.946
P040,P042,CALLED,2026-08-29T04:28:00,897,0.943
P057,P071,CALLED,2026-08-30T11:29:00,1319,0.935
P074,P022,CALLED,2026-08-01T18:30:00,1284,0.853
P011,P053,CALLED,2026-08-02T01:31:00,1697,0.808
P028,P004,CALLED,2026-08-03T08:32:00,1226,0.876
P045,P035,CALLED,2026-08-04T15:33:00,2093,0.794
P062,P066,CALLED,2026-08-05T22:34:00,1740,0.826
P079,P017,CALLED,2026-08-06T05:35:00,870,0.952
P016,P048,CALLED,2026-08-07T12:36:00,1914,0.842
P033,P079,CALLED,2026-08-08T19:37:00,1082,0.988
P050,P030,CALLED,2026-08-09T02:38:00,2364,0.938
P067,P061,CALLED,2026-08-10T09:39:00,975,0.862
P004,P012,CALLED,2026-08-11T16:40:00,117,0.829
P021,P043,CALLED,2026-08-12T23:41:00,1613,0.897
P038,P074,CALLED,2026-08-13T06:42:00,2075,0.812
P055,P025,CALLED,2026-08-14T13:43:00,370,0.922
P072,P056,CALLED,2026-08-15T20:44:00,2232,0.826
P009,P007,CALLED,2026-08-16T03:45:00,1276,0.876
P026,P038,CALLED,2026-08-17T10:46:00,1909,0.922
P043,P069,CALLED,2026-08-18T17:47:00,2331,0.93
P060,P020,CALLED,2026-08-19T00:48:00,1203,0.907
P077,P051,CALLED,2026-08-20T07:49:00,1451,0.833
P014,P002,CALLED,2026-08-21T14:50:00,1418,0.869
P031,P033,CALLED,2026-08-22T21:51:00,1465,0.761
P048,P064,CALLED,2026-08-23T04:52:00,2305,0.922
P065,P015,CALLED,2026-08-24T11:53:00,301,0.862
P002,P046,CALLED,2026-08-25T18:54:00,533,0.857
P019,P077,CALLED,2026-08-26T01:55:00,2355,0.976
P036,P028,CALLED,2026-08-27T08:56:00,1376,0.782
P053,P059,CALLED,2026-08-28T15:57:00,933,0.83
P070,P010,CALLED,2026-08-29T22:58:00,1770,0.983
P007,P041,CALLED,2026-08-30T05:59:00,1695,0.896
P024,P072,CALLED,2026-08-01T12:00:00,2368,0.899
P041,P023,CALLED,2026-08-02T19:01:00,759,0.892
P058,P054,CALLED,2026-08-03T02:02:00,2210,0.867
P075,P005,CALLED,2026-08-04T09:03:00,2223,0.934
P012,P036,CALLED,2026-08-05T16:04:00,1358,0.928
P029,P067,CALLED,2026-08-06T23:05:00,1367,0.755
P046,P018,CALLED,2026-08-07T06:06:00,1737,0.881
P063,P049,CALLED,2026-08-08T13:07:00,2144,0.981
P080,P002,CALLED,2026-08-09T20:08:00,1871,0.802
P017,P031,CALLED,2026-08-10T03:09:00,2180,0.861
P034,P062,CALLED,2026-08-11T10:10:00,710,0.842
P051,P013,CALLED,2026-08-12T17:11:00,1006,0.821
P068,P044,CALLED,2026-08-13T00:12:00,1657,0.865
P005,P075,CALLED,2026-08-14T07:13:00,2184,0.79
P022,P026,CALLED,2026-08-15T14:14:00,1704,0.949
P039,P057,CALLED,2026-08-16T21:15:00,1793,0.864
P056,P008,CALLED,2026-08-17T04:16:00,720,0.951
P073,P039,CALLED,2026-08-18T11:17:00,2230,0.952
P010,P070,CALLED,2026-08-19T18:18:00,735,0.762
P027,P021,CALLED,2026-08-20T01:19:00,1042,0.984
P044,P052,CALLED,2026-08-21T08:20:00,1566,0.933
P061,P003,CALLED,2026-08-22T15:21:00,2144,0.963
P078,P034,CALLED,2026-08-23T22:22:00,1199,0.937
P015,P065,CALLED,2026-08-24T05:23:00,1594,0.772
P032,P016,CALLED,2026-08-25T12:24:00,1252,0.874
P049,P047,CALLED,2026-08-26T19:25:00,507,0.888
P066,P078,CALLED,2026-08-27T02:26:00,350,0.988
P003,P029,CALLED,2026-08-28T09:27:00,426,0.864
P020,P060,CALLED,2026-08-29T16:28:00,2131,0.874
P037,P011,CALLED,2026-08-30T23:29:00,1192,0.985
P054,P042,CALLED,2026-08-01T06:30:00,55,0.766
P071,P073,CALLED,2026-08-02T13:31:00,1689,0.808
P008,P024,CALLED,2026-08-03T20:32:00,177,0.951
P025,P055,CALLED,2026-08-04T03:33:00,1183,0.94
P042,P006,CALLED,2026-08-05T10:34:00,778,0.849
P059,P037,CALLED,2026-08-06T17:35:00,636,0.765
P076,P068,CALLED,2026-08-07T00:36:00,1038,0.926
P013,P019,CALLED,2026-08-08T07:37:00,1071,0.833
P030,P050,CALLED,2026-08-09T14:38:00,1825,0.983
P047,P001,CALLED,2026-08-10T21:39:00,1510,0.928
P064,P032,CALLED,2026-08-11T04:40:00,695,0.915
P001,P063,CALLED,2026-08-12T11:41:00,2231,0.881
P018,P014,CALLED,2026-08-13T18:42:00,1201,0.892
P035,P045,CALLED,2026-08-14T01:43:00,646,0.9
P052,P076,CALLED,2026-08-15T08:44:00,1024,0.871
P069,P027,CALLED,2026-08-16T15:45:00,28,0.846
P006,P058,CALLED,2026-08-17T22:46:00,1345,0.812
P023,P009,CALLED,2026-08-18T05:47:00,333,0.87
P040,P042,CALLED,2026-08-19T12:48:00,1172,0.885
P057,P071,CALLED,2026-08-20T19:49:00,1548,0.894
P074,P022,CALLED,2026-08-21T02:50:00,342,0.822
P011,P053,CALLED,2026-08-22T09:51:00,556,0.954
P028,P004,CALLED,2026-08-23T16:52:00,1793,0.9
P045,P035,CALLED,2026-08-24T23:53:00,546,0.918
P062,P066,CALLED,2026-08-25T06:54:00,1980,0.914
P079,P017,CALLED,2026-08-26T13:55:00,2037,0.791
P016,P048,CALLED,2026-08-27T20:56:00,1393,0.949
P033,P079,CALLED,2026-08-28T03:57:00,1838,0.957
P050,P030,CALLED,2026-08-29T10:58:00,1617,0.896
P067,P061,CALLED,2026-08-30T17:59:00,765,0.895
P004,P012,CALLED,2026-08-01T00:00:00,2162,0.789
P021,P043,CALLED,2026-08-02T07:01:00,2181,0.989
P038,P074,CALLED,2026-08-03T14:02:00,1156,0.764
P055,P025,CALLED,2026-08-04T21:03:00,301,0.834
P072,P056,CALLED,2026-08-05T04:04:00,205,0.791
P009,P007,CALLED,2026-08-06T11:05:00,938,0.972
P026,P038,CALLED,2026-08-07T18:06:00,2097,0.777
P043,P069,CALLED,2026-08-08T01:07:00,1741,0.848
P060,P020,CALLED,2026-08-09T08:08:00,181,0.947
P077,P051,CALLED,2026-08-10T15:09:00,1948,0.964
P014,P002,CALLED,2026-08-11T22:10:00,1404,0.824
P031,P033,CALLED,2026-08-12T05:11:00,2199,0.78
P048,P064,CALLED,2026-08-13T12:12:00,360,0.942
P065,P015,CALLED,2026-08-14T19:13:00,447,0.888
P002,P046,CALLED,2026-08-15T02:14:00,1845,0.924
P019,P077,CALLED,2026-08-16T09:15:00,286,0.763
P036,P028,CALLED,2026-08-17T16:16:00,1746,0.917
P053,P059,CALLED,2026-08-18T23:17:00,1227,0.871
P070,P010,CALLED,2026-08-19T06:18:00,1306,0.867
P007,P041,CALLED,2026-08-20T13:19:00,1103,0.889
P024,P072,CALLED,2026-08-21T20:20:00,1144,0.881
P041,P023,CALLED,2026-08-22T03:21:00,1872,0.76
P058,P054,CALLED,2026-08-23T10:22:00,722,0.884
P075,P005,CALLED,2026-08-24T17:23:00,1592,0.789
P012,P036,CALLED,2026-08-25T00:24:00,1820,0.847
P029,P067,CALLED,2026-08-26T07:25:00,1808,0.784
P046,P018,CALLED,2026-08-27T14:26:00,1935,0.824
P063,P049,CALLED,2026-08-28T21:27:00,1503,0.774
P080,P002,CALLED,2026-08-29T04:28:00,645,0.78
P017,P031,CALLED,2026-08-30T11:29:00,1225,0.962
P034,P062,CALLED,2026-08-01T18:30:00,539,0.767
P051,P013,CALLED,2026-08-02T01:31:00,189,0.843
P068,P044,CALLED,2026-08-03T08:32:00,709,0.901
P005,P075,CALLED,2026-08-04T15:33:00,1668,0.798
P022,P026,CALLED,2026-08-05T22:34:00,1359,0.889
P039,P057,CALLED,2026-08-06T05:35:00,788,0.958
P056,P008,CALLED,2026-08-07T12:36:00,1450,0.885
P073,P039,CALLED,2026-08-08T19:37:00,265,0.984
P010,P070,CALLED,2026-08-09T02:38:00,629,0.936
P027,P021,CALLED,2026-08-10T09:39:00,356,0.931
P044,P052,CALLED,2026-08-11T16:40:00,2188,0.848
P061,P003,CALLED,2026-08-12T23:41:00,1060,0.761
P078,P034,CALLED,2026-08-13T06:42:00,1775,0.912
P015,P065,CALLED,2026-08-14T13:43:00,1463,0.944
P032,P016,CALLED,2026-08-15T20:44:00,1723,0.924
P049,P047,CALLED,2026-08-16T03:45:00,1003,0.97
P066,P078,CALLED,2026-08-17T10:46:00,1468,0.852
P003,P029,CALLED,2026-08-18T17:47:00,1228,0.8
P020,P060,CALLED,2026-08-19T00:48:00,1045,0.797
P037,P011,CALLED,2026-08-20T07:49:00,2284,0.851
P054,P042,CALLED,2026-08-21T14:50:00,2142,0.844
P071,P073,CALLED,2026-08-22T21:51:00,168,0.919
P008,P024,CALLED,2026-08-23T04:52:00,2342,0.837
P025,P055,CALLED,2026-08-24T11:53:00,1745,0.885
P042,P006,CALLED,2026-08-25T18:54:00,2042,0.983
P059,P037,CALLED,2026-08-26T01:55:00,235,0.818
P076,P068,CALLED,2026-08-27T08:56:00,2024,0.841
P013,P019,CALLED,2026-08-28T15:57:00,1117,0.937
P030,P050,CALLED,2026-08-29T22:58:00,1385,0.8
P047,P001,CALLED,2026-08-30T05:59:00,1862,0.884
P064,P032,CALLED,2026-08-01T12:00:00,1024,0.987
P001,P063,CALLED,2026-08-02T19:01:00,489,0.757
P018,P014,CALLED,2026-08-03T02:02:00,711,0.763
P035,P045,CALLED,2026-08-04T09:03:00,1092,0.953
P052,P076,CALLED,2026-08-05T16:04:00,415,0.909
P069,P027,CALLED,2026-08-06T23:05:00,381,0.785
P006,P058,CALLED,2026-08-07T06:06:00,297,0.818
P023,P009,CALLED,2026-08-08T13:07:00,2341,0.91
P040,P042,CALLED,2026-08-09T20:08:00,1597,0.97
P057,P071,CALLED,2026-08-10T03:09:00,739,0.967
P074,P022,CALLED,2026-08-11T10:10:00,1448,0.871
P011,P053,CALLED,2026-08-12T17:11:00,2194,0.833
P028,P004,CALLED,2026-08-13T00:12:00,254,0.847
P045,P035,CALLED,2026-08-14T07:13:00,600,0.759
P062,P066,CALLED,2026-08-15T14:14:00,1186,0.849
P079,P017,CALLED,2026-08-16T21:15:00,952,0.805
P016,P048,CALLED,2026-08-17T04:16:00,741,0.768
P033,P079,CALLED,2026-08-18T11:17:00,1101,0.883
P050,P030,CALLED,2026-08-19T18:18:00,462,0.826
P067,P061,CALLED,2026-08-20T01:19:00,2032,0.854
P004,P012,CALLED,2026-08-21T08:20:00,1254,0.778
P021,P043,CALLED,2026-08-22T15:21:00,824,0.848
P038,P074,CALLED,2026-08-23T22:22:00,368,0.791
P055,P025,CALLED,2026-08-24T05:23:00,1068,0.944
P072,P056,CALLED,2026-08-25T12:24:00,677,0.902
P009,P007,CALLED,2026-08-26T19:25:00,946,0.983
P026,P038,CALLED,2026-08-27T02:26:00,77,0.871
P043,P069,CALLED,2026-08-28T09:27:00,1185,0.808
P060,P020,CALLED,2026-08-29T16:28:00,2201,0.976
P077,P051,CALLED,2026-08-30T23:29:00,1690,0.809
P014,P002,CALLED,2026-08-01T06:30:00,1949,0.83
P031,P033,CALLED,2026-08-02T13:31:00,979,0.823
P048,P064,CALLED,2026-08-03T20:32:00,622,0.916
P065,P015,CALLED,2026-08-04T03:33:00,30,0.929
P002,P046,CALLED,2026-08-05T10:34:00,697,0.977
P019,P077,CALLED,2026-08-06T17:35:00,1230,0.839
P036,P028,CALLED,2026-08-07T00:36:00,687,0.854
P053,P059,CALLED,2026-08-08T07:37:00,259,0.934
P070,P010,CALLED,2026-08-09T14:38:00,1616,0.99
P007,P041,CALLED,2026-08-10T21:39:00,1042,0.989
P024,P072,CALLED,2026-08-11T04:40:00,951,0.983
P041,P023,CALLED,2026-08-12T11:41:00,1719,0.763
P058,P054,CALLED,2026-08-13T18:42:00,617,0.78
P075,P005,CALLED,2026-08-14T01:43:00,533,0.812
P012,P036,CALLED,2026-08-15T08:44:00,749,0.97
P029,P067,CALLED,2026-08-16T15:45:00,949,0.809
P046,P018,CALLED,2026-08-17T22:46:00,225,0.961
P063,P049,CALLED,2026-08-18T05:47:00,2182,0.978
P080,P002,CALLED,2026-08-19T12:48:00,787,0.979
P017,P031,CALLED,2026-08-20T19:49:00,1612,0.838
P034,P062,CALLED,2026-08-21T02:50:00,1472,0.807
P051,P013,CALLED,2026-08-22T09:51:00,1170,0.861
P068,P044,CALLED,2026-08-23T16:52:00,1066,0.854
P005,P075,CALLED,2026-08-24T23:53:00,1326,0.845
P022,P026,CALLED,2026-08-25T06:54:00,489,0.813
P039,P057,CALLED,2026-08-26T13:55:00,2155,0.834
P056,P008,CALLED,2026-08-27T20:56:00,2311,0.821
P073,P039,CALLED,2026-08-28T03:57:00,1281,0.784
P010,P070,CALLED,2026-08-29T10:58:00,402,0.82
P027,P021,CALLED,2026-08-30T17:59:00,1484,0.893
P044,P052,CALLED,2026-08-01T00:00:00,1778,0.778
P061,P003,CALLED,2026-08-02T07:01:00,2243,0.928
P078,P034,CALLED,2026-08-03T14:02:00,2274,0.938
P015,P065,CALLED,2026-08-04T21:03:00,1089,0.928
P032,P016,CALLED,2026-08-05T04:04:00,472,0.771
P049,P047,CALLED,2026-08-06T11:05:00,1524,0.899
P066,P078,CALLED,2026-08-07T18:06:00,681,0.949
P003,P029,CALLED,2026-08-08T01:07:00,1734,0.886
P020,P060,CALLED,2026-08-09T08:08:00,64,0.815
P037,P011,CALLED,2026-08-10T15:09:00,155,0.766
P054,P042,CALLED,2026-08-11T22:10:00,2212,0.859
P071,P073,CALLED,2026-08-12T05:11:00,2393,0.85
P008,P024,CALLED,2026-08-13T12:12:00,482,0.791
P025,P055,CALLED,2026-08-14T19:13:00,1099,0.939
P042,P006,CALLED,2026-08-15T02:14:00,223,0.809
P059,P037,CALLED,2026-08-16T09:15:00,1431,0.898
P076,P068,CALLED,2026-08-17T16:16:00,1308,0.983
P013,P019,CALLED,2026-08-18T23:17:00,1566,0.946
P030,P050,CALLED,2026-08-19T06:18:00,1603,0.922
P047,P001,CALLED,2026-08-20T13:19:00,1068,0.955
P064,P032,CALLED,2026-08-21T20:20:00,1094,0.933
P001,P063,CALLED,2026-08-22T03:21:00,156,0.933
P018,P014,CALLED,2026-08-23T10:22:00,1471,0.833
P035,P045,CALLED,2026-08-24T17:23:00,104,0.954
P052,P076,CALLED,2026-08-25T00:24:00,350,0.903
P069,P027,CALLED,2026-08-26T07:25:00,1410,0.894
P006,P058,CALLED,2026-08-27T14:26:00,1030,0.834
P023,P009,CALLED,2026-08-28T21:27:00,1533,0.836
P040,P042,CALLED,2026-08-29T04:28:00,34,0.839
P057,P071,CALLED,2026-08-30T11:29:00,167,0.874
P074,P022,CALLED,2026-08-01T18:30:00,2094,0.847
P011,P053,CALLED,2026-08-02T01:31:00,1167,0.97
P028,P004,CALLED,2026-08-03T08:32:00,1262,0.761
P045,P035,CALLED,2026-08-04T15:33:00,969,0.975
P062,P066,CALLED,2026-08-05T22:34:00,1365,0.983
P079,P017,CALLED,2026-08-06T05:35:00,1311,0.763
P016,P048,CALLED,2026-08-07T12:36:00,2182,0.753
P033,P079,CALLED,2026-08-08T19:37:00,2010,0.796
P050,P030,CALLED,2026-08-09T02:38:00,1754,0.971
P067,P061,CALLED,2026-08-10T09:39:00,2201,0.805
P004,P012,CALLED,2026-08-11T16:40:00,1608,0.945
P021,P043,CALLED,2026-08-12T23:41:00,1298,0.823
P038,P074,CALLED,2026-08-13T06:42:00,970,0.89
P055,P025,CALLED,2026-08-14T13:43:00,1391,0.773
P072,P056,CALLED,2026-08-15T20:44:00,1858,0.822
P009,P007,CALLED,2026-08-16T03:45:00,437,0.952
P026,P038,CALLED,2026-08-17T10:46:00,536,0.808
P043,P069,CALLED,2026-08-18T17:47:00,1708,0.972
P060,P020,CALLED,2026-08-19T00:48:00,508,0.833
P077,P051,CALLED,2026-08-20T07:49:00,1032,0.78
P014,P002,CALLED,2026-08-21T14:50:00,2108,0.917
P031,P033,CALLED,2026-08-22T21:51:00,528,0.824
P048,P064,CALLED,2026-08-23T04:52:00,1664,0.893
P065,P015,CALLED,2026-08-24T11:53:00,360,0.756
P002,P046,CALLED,2026-08-25T18:54:00,2123,0.82
P019,P077,CALLED,2026-08-26T01:55:00,975,0.884
P036,P028,CALLED,2026-08-27T08:56:00,1443,0.862
P053,P059,CALLED,2026-08-28T15:57:00,834,0.954
P070,P010,CALLED,2026-08-29T22:58:00,1282,0.889
P007,P041,CALLED,2026-08-30T05:59:00,2351,0.974
P024,P072,CALLED,2026-08-01T12:00:00,2332,0.847
P041,P023,CALLED,2026-08-02T19:01:00,360,0.927
P058,P054,CALLED,2026-08-03T02:02:00,228,0.854
P075,P005,CALLED,2026-08-04T09:03:00,1984,0.762
P012,P036,CALLED,2026-08-05T16:04:00,2342,0.79
P029,P067,CALLED,2026-08-06T23:05:00,1534,0.878
P046,P018,CALLED,2026-08-07T06:06:00,1324,0.92
P063,P049,CALLED,2026-08-08T13:07:00,1249,0.798
P080,P002,CALLED,2026-08-09T20:08:00,1390,0.974
P017,P031,CALLED,2026-08-10T03:09:00,2384,0.982
P034,P062,CALLED,2026-08-11T10:10:00,1688,0.914
P051,P013,CALLED,2026-08-12T17:11:00,2284,0.858
P068,P044,CALLED,2026-08-13T00:12:00,163,0.805
P005,P075,CALLED,2026-08-14T07:13:00,2130,0.838
P022,P026,CALLED,2026-08-15T14:14:00,567,0.888
P039,P057,CALLED,2026-08-16T21:15:00,1886,0.765
P056,P008,CALLED,2026-08-17T04:16:00,1825,0.784
P073,P039,CALLED,2026-08-18T11:17:00,982,0.958
P010,P070,CALLED,2026-08-19T18:18:00,1085,0.771
P027,P021,CALLED,2026-08-20T01:19:00,1119,0.763
P044,P052,CALLED,2026-08-21T08:20:00,1122,0.752
P061,P003,CALLED,2026-08-22T15:21:00,1845,0.964
P078,P034,CALLED,2026-08-23T22:22:00,1927,0.92
P015,P065,CALLED,2026-08-24T05:23:00,867,0.965
P032,P016,CALLED,2026-08-25T12:24:00,1969,0.977
P049,P047,CALLED,2026-08-26T19:25:00,401,0.988
P066,P078,CALLED,2026-08-27T02:26:00,136,0.796
P003,P029,CALLED,2026-08-28T09:27:00,1045,0.843
P020,P060,CALLED,2026-08-29T16:28:00,1807,0.949
P037,P011,CALLED,2026-08-30T23:29:00,864,0.961
P054,P042,CALLED,2026-08-01T06:30:00,752,0.875
P071,P073,CALLED,2026-08-02T13:31:00,2317,0.825
P008,P024,CALLED,2026-08-03T20:32:00,899,0.897
P025,P055,CALLED,2026-08-04T03:33:00,1836,0.977
P042,P006,CALLED,2026-08-05T10:34:00,1571,0.768
P059,P037,CALLED,2026-08-06T17:35:00,1995,0.756
P076,P068,CALLED,2026-08-07T00:36:00,1210,0.961
P013,P019,CALLED,2026-08-08T07:37:00,1450,0.882
P030,P050,CALLED,2026-08-09T14:38:00,2112,0.946
P047,P001,CALLED,2026-08-10T21:39:00,1795,0.782
P064,P032,CALLED,2026-08-11T04:40:00,1039,0.753
P001,P063,CALLED,2026-08-12T11:41:00,1189,0.918
P018,P014,CALLED,2026-08-13T18:42:00,1105,0.806
P035,P045,CALLED,2026-08-14T01:43:00,2285,0.968
P052,P076,CALLED,2026-08-15T08:44:00,508,0.939
P069,P027,CALLED,2026-08-16T15:45:00,514,0.902
P006,P058,CALLED,2026-08-17T22:46:00,932,0.916
P023,P009,CALLED,2026-08-18T05:47:00,1806,0.952
P040,P042,CALLED,2026-08-19T12:48:00,1719,0.925
P057,P071,CALLED,2026-08-20T19:49:00,820,0.762
P074,P022,CALLED,2026-08-21T02:50:00,1870,0.808
P011,P053,CALLED,2026-08-22T09:51:00,2393,0.888
P028,P004,CALLED,2026-08-23T16:52:00,1837,0.987
P045,P035,CALLED,2026-08-24T23:53:00,2012,0.892
P062,P066,CALLED,2026-08-25T06:54:00,842,0.757
P079,P017,CALLED,2026-08-26T13:55:00,849,0.903
P016,P048,CALLED,2026-08-27T20:56:00,404,0.762
P033,P079,CALLED,2026-08-28T03:57:00,868,0.832
P050,P030,CALLED,2026-08-29T10:58:00,1927,0.891
P067,P061,CALLED,2026-08-30T17:59:00,634,0.872
P004,P012,CALLED,2026-08-01T00:00:00,1186,0.843
P021,P043,CALLED,2026-08-02T07:01:00,2036,0.865
P038,P074,CALLED,2026-08-03T14:02:00,120,0.839
P055,P025,CALLED,2026-08-04T21:03:00,442,0.812
P072,P056,CALLED,2026-08-05T04:04:00,1621,0.784
P009,P007,CALLED,2026-08-06T11:05:00,1764,0.886
P026,P038,CALLED,2026-08-07T18:06:00,1508,0.951
P043,P069,CALLED,2026-08-08T01:07:00,592,0.78
P060,P020,CALLED,2026-08-09T08:08:00,2299,0.865
P077,P051,CALLED,2026-08-10T15:09:00,105,0.896
P014,P002,CALLED,2026-08-11T22:10:00,471,0.956
P031,P033,CALLED,2026-08-12T05:11:00,863,0.754
P048,P064,CALLED,2026-08-13T12:12:00,1648,0.931
P065,P015,CALLED,2026-08-14T19:13:00,2400,0.838
P002,P046,CALLED,2026-08-15T02:14:00,658,0.887
P019,P077,CALLED,2026-08-16T09:15:00,1152,0.975
P036,P028,CALLED,2026-08-17T16:16:00,1021,0.804
P053,P059,CALLED,2026-08-18T23:17:00,522,0.768
P070,P010,CALLED,2026-08-19T06:18:00,972,0.966
P007,P041,CALLED,2026-08-20T13:19:00,318,0.934
P024,P072,CALLED,2026-08-21T20:20:00,1886,0.926
P041,P023,CALLED,2026-08-22T03:21:00,1072,0.973
P058,P054,CALLED,2026-08-23T10:22:00,2304,0.815
P075,P005,CALLED,2026-08-24T17:23:00,2100,0.871
P012,P036,CALLED,2026-08-25T00:24:00,1563,0.924
P029,P067,CALLED,2026-08-26T07:25:00,1029,0.961
P046,P018,CALLED,2026-08-27T14:26:00,1043,0.776
P063,P049,CALLED,2026-08-28T21:27:00,450,0.826
P080,P002,CALLED,2026-08-29T04:28:00,247,0.803
P017,P031,CALLED,2026-08-30T11:29:00,2285,0.903
P034,P062,CALLED,2026-08-01T18:30:00,238,0.927
P051,P013,CALLED,2026-08-02T01:31:00,821,0.8
P068,P044,CALLED,2026-08-03T08:32:00,15,0.877
P005,P075,CALLED,2026-08-04T15:33:00,500,0.986
P022,P026,CALLED,2026-08-05T22:34:00,1966,0.903
P039,P057,CALLED,2026-08-06T05:35:00,1736,0.855
P056,P008,CALLED,2026-08-07T12:36:00,191,0.868
P073,P039,CALLED,2026-08-08T19:37:00,713,0.974
P010,P070,CALLED,2026-08-09T02:38:00,1973,0.896
P027,P021,CALLED,2026-08-10T09:39:00,2397,0.929
P044,P052,CALLED,2026-08-11T16:40:00,144,0.853
P061,P003,CALLED,2026-08-12T23:41:00,655,0.789
P078,P034,CALLED,2026-08-13T06:42:00,2120,0.843
P015,P065,CALLED,2026-08-14T13:43:00,1283,0.954
P032,P016,CALLED,2026-08-15T20:44:00,2271,0.793
P049,P047,CALLED,2026-08-16T03:45:00,1066,0.818
P066,P078,CALLED,2026-08-17T10:46:00,525,0.919
P003,P029,CALLED,2026-08-18T17:47:00,2038,0.831
P020,P060,CALLED,2026-08-19T00:48:00,158,0.913
P037,P011,CALLED,2026-08-20T07:49:00,1756,0.809
P054,P042,CALLED,2026-08-21T14:50:00,492,0.989
P071,P073,CALLED,2026-08-22T21:51:00,2047,0.919
P008,P024,CALLED,2026-08-23T04:52:00,898,0.92
P025,P055,CALLED,2026-08-24T11:53:00,657,0.924
P042,P006,CALLED,2026-08-25T18:54:00,123,0.892
P059,P037,CALLED,2026-08-26T01:55:00,199,0.88
P076,P068,CALLED,2026-08-27T08:56:00,1059,0.788
P013,P019,CALLED,2026-08-28T15:57:00,1227,0.765
P030,P050,CALLED,2026-08-29T22:58:00,2183,0.802
P047,P001,CALLED,2026-08-30T05:59:00,1380,0.775
P064,P032,CALLED,2026-08-01T12:00:00,2380,0.951
P001,P063,CALLED,2026-08-02T19:01:00,384,0.872
P018,P014,CALLED,2026-08-03T02:02:00,519,0.961
P035,P045,CALLED,2026-08-04T09:03:00,1444,0.973
P052,P076,CALLED,2026-08-05T16:04:00,2147,0.773
P069,P027,CALLED,2026-08-06T23:05:00,130,0.935
P006,P058,CALLED,2026-08-07T06:06:00,326,0.901
P023,P009,CALLED,2026-08-08T13:07:00,2370,0.867
P040,P042,CALLED,2026-08-09T20:08:00,551,0.795
P057,P071,CALLED,2026-08-10T03:09:00,682,0.759
P074,P022,CALLED,2026-08-11T10:10:00,833,0.923
P011,P053,CALLED,2026-08-12T17:11:00,228,0.819
P028,P004,CALLED,2026-08-13T00:12:00,2300,0.873
P045,P035,CALLED,2026-08-14T07:13:00,1922,0.782
P062,P066,CALLED,2026-08-15T14:14:00,864,0.825
P079,P017,CALLED,2026-08-16T21:15:00,1068,0.878
P016,P048,CALLED,2026-08-17T04:16:00,828,0.935
P033,P079,CALLED,2026-08-18T11:17:00,1745,0.894
P050,P030,CALLED,2026-08-19T18:18:00,160,0.788
P067,P061,CALLED,2026-08-20T01:19:00,451,0.801
P004,P012,CALLED,2026-08-21T08:20:00,227,0.921
P021,P043,CALLED,2026-08-22T15:21:00,10,0.834
P038,P074,CALLED,2026-08-23T22:22:00,1368,0.764
P055,P025,CALLED,2026-08-24T05:23:00,2021,0.753
P072,P056,CALLED,2026-08-25T12:24:00,2191,0.912
P009,P007,CALLED,2026-08-26T19:25:00,506,0.925
P026,P038,CALLED,2026-08-27T02:26:00,1772,0.787
P043,P069,CALLED,2026-08-28T09:27:00,753,0.833
P060,P020,CALLED,2026-08-29T16:28:00,996,0.833
P077,P051,CALLED,2026-08-30T23:29:00,963,0.972
P014,P002,CALLED,2026-08-01T06:30:00,1418,0.756
P031,P033,CALLED,2026-08-02T13:31:00,201,0.776
P048,P064,CALLED,2026-08-03T20:32:00,30,0.911
P065,P015,CALLED,2026-08-04T03:33:00,100,0.959
P002,P046,CALLED,2026-08-05T10:34:00,814,0.954
P019,P077,CALLED,2026-08-06T17:35:00,209,0.88
P036,P028,CALLED,2026-08-07T00:36:00,1750,0.968
P053,P059,CALLED,2026-08-08T07:37:00,2260,0.913
P070,P010,CALLED,2026-08-09T14:38:00,1607,0.772
P007,P041,CALLED,2026-08-10T21:39:00,997,0.921
P024,P072,CALLED,2026-08-11T04:40:00,704,0.767
P041,P023,CALLED,2026-08-12T11:41:00,1650,0.871
P058,P054,CALLED,2026-08-13T18:42:00,803,0.966
P075,P005,CALLED,2026-08-14T01:43:00,101,0.798
P012,P036,CALLED,2026-08-15T08:44:00,1076,0.881
P029,P067,CALLED,2026-08-16T15:45:00,932,0.769
P046,P018,CALLED,2026-08-17T22:46:00,1841,0.928
P063,P049,CALLED,2026-08-18T05:47:00,1960,0.755
P080,P002,CALLED,2026-08-19T12:48:00,1319,0.959
P017,P031,CALLED,2026-08-20T19:49:00,2389,0.778
P034,P062,CALLED,2026-08-21T02:50:00,1211,0.829
P051,P013,CALLED,2026-08-22T09:51:00,1575,0.864
P068,P044,CALLED,2026-08-23T16:52:00,222,0.88
P005,P075,CALLED,2026-08-24T23:53:00,1670,0.964
P022,P026,CALLED,2026-08-25T06:54:00,1479,0.928
P039,P057,CALLED,2026-08-26T13:55:00,1082,0.892
P056,P008,CALLED,2026-08-27T20:56:00,1890,0.963
P073,P039,CALLED,2026-08-28T03:57:00,524,0.848
P010,P070,CALLED,2026-08-29T10:58:00,500,0.83
P027,P021,CALLED,2026-08-30T17:59:00,1094,0.849
P044,P052,CALLED,2026-08-01T00:00:00,1577,0.803
P061,P003,CALLED,2026-08-02T07:01:00,1372,0.777
P078,P034,CALLED,2026-08-03T14:02:00,239,0.856
P015,P065,CALLED,2026-08-04T21:03:00,1904,0.956
P032,P016,CALLED,2026-08-05T04:04:00,142,0.763
P049,P047,CALLED,2026-08-06T11:05:00,609,0.909
P066,P078,CALLED,2026-08-07T18:06:00,1085,0.939
P003,P029,CALLED,2026-08-08T01:07:00,2215,0.83
P020,P060,CALLED,2026-08-09T08:08:00,1684,0.872
P037,P011,CALLED,2026-08-10T15:09:00,2041,0.906
P054,P042,CALLED,2026-08-11T22:10:00,835,0.895
P071,P073,CALLED,2026-08-12T05:11:00,1089,0.766
P008,P024,CALLED,2026-08-13T12:12:00,617,0.928
P025,P055,CALLED,2026-08-14T19:13:00,179,0.761
P042,P006,CALLED,2026-08-15T02:14:00,442,0.803
P059,P037,CALLED,2026-08-16T09:15:00,2280,0.814
P076,P068,CALLED,2026-08-17T16:16:00,2038,0.82
P013,P019,CALLED,2026-08-18T23:17:00,447,0.84
P030,P050,CALLED,2026-08-19T06:18:00,2072,0.951
P047,P001,CALLED,2026-08-20T13:19:00,945,0.883
P064,P032,CALLED,2026-08-21T20:20:00,899,0.766
P001,P063,CALLED,2026-08-22T03:21:00,380,0.954
P018,P014,CALLED,2026-08-23T10:22:00,2238,0.77
P035,P045,CALLED,2026-08-24T17:23:00,125,0.851
P052,P076,CALLED,2026-08-25T00:24:00,258,0.983
P069,P027,CALLED,2026-08-26T07:25:00,2039,0.912
P006,P058,CALLED,2026-08-27T14:26:00,120,0.918
P023,P009,CALLED,2026-08-28T21:27:00,1473,0.83
P040,P042,CALLED,2026-08-29T04:28:00,1849,0.926
P057,P071,CALLED,2026-08-30T11:29:00,752,0.805
P074,P022,CALLED,2026-08-01T18:30:00,2396,0.88
P011,P053,CALLED,2026-08-02T01:31:00,595,0.952
P028,P004,CALLED,2026-08-03T08:32:00,1234,0.971
P045,P035,CALLED,2026-08-04T15:33:00,2284,0.901
P062,P066,CALLED,2026-08-05T22:34:00,229,0.932
P079,P017,CALLED,2026-08-06T05:35:00,642,0.826
P016,P048,CALLED,2026-08-07T12:36:00,1336,0.756
P033,P079,CALLED,2026-08-08T19:37:00,1669,0.945
P050,P030,CALLED,2026-08-09T02:38:00,1944,0.783
P067,P061,CALLED,2026-08-10T09:39:00,827,0.926
P004,P012,CALLED,2026-08-11T16:40:00,400,0.924
P021,P043,CALLED,2026-08-12T23:41:00,944,0.795
P038,P074,CALLED,2026-08-13T06:42:00,1682,0.754
P055,P025,CALLED,2026-08-14T13:43:00,757,0.821
P072,P056,CALLED,2026-08-15T20:44:00,1995,0.804
P009,P007,CALLED,2026-08-16T03:45:00,1801,0.936
P026,P038,CALLED,2026-08-17T10:46:00,2347,0.753
P043,P069,CALLED,2026-08-18T17:47:00,187,0.896
P060,P020,CALLED,2026-08-19T00:48:00,2310,0.861
P077,P051,CALLED,2026-08-20T07:49:00,2309,0.988
P014,P002,CALLED,2026-08-21T14:50:00,51,0.967
P031,P033,CALLED,2026-08-22T21:51:00,1149,0.789
P048,P064,CALLED,2026-08-23T04:52:00,274,0.989
P065,P015,CALLED,2026-08-24T11:53:00,1741,0.826
P002,P046,CALLED,2026-08-25T18:54:00,1310,0.906
P019,P077,CALLED,2026-08-26T01:55:00,331,0.919
P036,P028,CALLED,2026-08-27T08:56:00,1067,0.755
P053,P059,CALLED,2026-08-28T15:57:00,331,0.978
P070,P010,CALLED,2026-08-29T22:58:00,1946,0.753
P007,P041,CALLED,2026-08-30T05:59:00,2174,0.914
P024,P072,CALLED,2026-08-01T12:00:00,2310,0.78
P041,P023,CALLED,2026-08-02T19:01:00,1901,0.906
P058,P054,CALLED,2026-08-03T02:02:00,172,0.798
P075,P005,CALLED,2026-08-04T09:03:00,1791,0.787
P012,P036,CALLED,2026-08-05T16:04:00,1210,0.978
P029,P067,CALLED,2026-08-06T23:05:00,1502,0.873
P046,P018,CALLED,2026-08-07T06:06:00,1387,0.927
P063,P049,CALLED,2026-08-08T13:07:00,179,0.928
P080,P002,CALLED,2026-08-09T20:08:00,1262,0.774
P017,P031,CALLED,2026-08-10T03:09:00,2286,0.824
P034,P062,CALLED,2026-08-11T10:10:00,847,0.899
P051,P013,CALLED,2026-08-12T17:11:00,2188,0.856
P068,P044,CALLED,2026-08-13T00:12:00,1739,0.916
P005,P075,CALLED,2026-08-14T07:13:00,634,0.859
P022,P026,CALLED,2026-08-15T14:14:00,2054,0.92
P039,P057,CALLED,2026-08-16T21:15:00,1207,0.898
P056,P008,CALLED,2026-08-17T04:16:00,1289,0.813
P073,P039,CALLED,2026-08-18T11:17:00,702,0.813
P010,P070,CALLED,2026-08-19T18:18:00,199,0.949
P027,P021,CALLED,2026-08-20T01:19:00,796,0.938
P044,P052,CALLED,2026-08-21T08:20:00,804,0.965
P061,P003,CALLED,2026-08-22T15:21:00,2037,0.938
P078,P034,CALLED,2026-08-23T22:22:00,246,0.858
P015,P065,CALLED,2026-08-24T05:23:00,1033,0.908
P032,P016,CALLED,2026-08-25T12:24:00,1045,0.829
P049,P047,CALLED,2026-08-26T19:25:00,1964,0.823
P066,P078,CALLED,2026-08-27T02:26:00,1254,0.982
P003,P029,CALLED,2026-08-28T09:27:00,1829,0.936
P020,P060,CALLED,2026-08-29T16:28:00,998,0.851
P037,P011,CALLED,2026-08-30T23:29:00,1320,0.951
P054,P042,CALLED,2026-08-01T06:30:00,1885,0.767
P071,P073,CALLED,2026-08-02T13:31:00,44,0.936
P008,P024,CALLED,2026-08-03T20:32:00,1931,0.848
P025,P055,CALLED,2026-08-04T03:33:00,1873,0.876
P042,P006,CALLED,2026-08-05T10:34:00,319,0.85
P059,P037,CALLED,2026-08-06T17:35:00,1319,0.951
P076,P068,CALLED,2026-08-07T00:36:00,2323,0.92
P013,P019,CALLED,2026-08-08T07:37:00,2350,0.758
P030,P050,CALLED,2026-08-09T14:38:00,402,0.948
P047,P001,CALLED,2026-08-10T21:39:00,327,0.859
P064,P032,CALLED,2026-08-11T04:40:00,1807,0.928
P001,P063,CALLED,2026-08-12T11:41:00,688,0.973
P018,P014,CALLED,2026-08-13T18:42:00,414,0.873
P035,P045,CALLED,2026-08-14T01:43:00,836,0.858
P052,P076,CALLED,2026-08-15T08:44:00,1322,0.843
P069,P027,CALLED,2026-08-16T15:45:00,1801,0.849
P006,P058,CALLED,2026-08-17T22:46:00,948,0.921
P023,P009,CALLED,2026-08-18T05:47:00,1427,0.773
P040,P042,CALLED,2026-08-19T12:48:00,686,0.789
P057,P071,CALLED,2026-08-20T19:49:00,69,0.883
P074,P022,CALLED,2026-08-21T02:50:00,572,0.956
P011,P053,CALLED,2026-08-22T09:51:00,150,0.915
P028,P004,CALLED,2026-08-23T16:52:00,625,0.837
P045,P035,CALLED,2026-08-24T23:53:00,1039,0.919
P062,P066,CALLED,2026-08-25T06:54:00,78,0.871
P079,P017,CALLED,2026-08-26T13:55:00,1963,0.907
P016,P048,CALLED,2026-08-27T20:56:00,2311,0.769
P033,P079,CALLED,2026-08-28T03:57:00,801,0.96
P050,P030,CALLED,2026-08-29T10:58:00,877,0.886
P067,P061,CALLED,2026-08-30T17:59:00,679,0.87
P004,P012,CALLED,2026-08-01T00:00:00,272,0.848
P021,P043,CALLED,2026-08-02T07:01:00,1828,0.987
P038,P074,CALLED,2026-08-03T14:02:00,914,0.939
P055,P025,CALLED,2026-08-04T21:03:00,1808,0.796
P072,P056,CALLED,2026-08-05T04:04:00,1977,0.819
P009,P007,CALLED,2026-08-06T11:05:00,1378,0.97
P026,P038,CALLED,2026-08-07T18:06:00,170,0.82
P043,P069,CALLED,2026-08-08T01:07:00,2383,0.944
P060,P020,CALLED,2026-08-09T08:08:00,1556,0.902
P077,P051,CALLED,2026-08-10T15:09:00,690,0.907
P014,P002,CALLED,2026-08-11T22:10:00,1972,0.907
P031,P033,CALLED,2026-08-12T05:11:00,1859,0.784
P048,P064,CALLED,2026-08-13T12:12:00,746,0.815
P065,P015,CALLED,2026-08-14T19:13:00,952,0.85
P002,P046,CALLED,2026-08-15T02:14:00,705,0.983
P019,P077,CALLED,2026-08-16T09:15:00,1526,0.923
P036,P028,CALLED,2026-08-17T16:16:00,1415,0.772
P053,P059,CALLED,2026-08-18T23:17:00,1129,0.871
P070,P010,CALLED,2026-08-19T06:18:00,2217,0.986
P007,P041,CALLED,2026-08-20T13:19:00,2307,0.882
P024,P072,CALLED,2026-08-21T20:20:00,1247,0.756
P041,P023,CALLED,2026-08-22T03:21:00,888,0.792
P058,P054,CALLED,2026-08-23T10:22:00,143,0.75
P075,P005,CALLED,2026-08-24T17:23:00,654,0.86
P012,P036,CALLED,2026-08-25T00:24:00,1060,0.758
P029,P067,CALLED,2026-08-26T07:25:00,2145,0.793
P046,P018,CALLED,2026-08-27T14:26:00,109,0.84
P063,P049,CALLED,2026-08-28T21:27:00,2126,0.814
P080,P002,CALLED,2026-08-29T04:28:00,1790,0.859
P017,P031,CALLED,2026-08-30T11:29:00,2197,0.905
P034,P062,CALLED,2026-08-01T18:30:00,2204,0.906
P051,P013,CALLED,2026-08-02T01:31:00,2157,0.876
P068,P044,CALLED,2026-08-03T08:32:00,381,0.782
P005,P075,CALLED,2026-08-04T15:33:00,709,0.854
P022,P026,CALLED,2026-08-05T22:34:00,2362,0.762
P039,P057,CALLED,2026-08-06T05:35:00,2336,0.753
P056,P008,CALLED,2026-08-07T12:36:00,727,0.806
P073,P039,CALLED,2026-08-08T19:37:00,971,0.847
P010,P070,CALLED,2026-08-09T02:38:00,288,0.846
P027,P021,CALLED,2026-08-10T09:39:00,901,0.889
P044,P052,CALLED,2026-08-11T16:40:00,2110,0.895
P061,P003,CALLED,2026-08-12T23:41:00,1815,0.899
P078,P034,CALLED,2026-08-13T06:42:00,1066,0.87
P015,P065,CALLED,2026-08-14T13:43:00,860,0.983
P032,P016,CALLED,2026-08-15T20:44:00,1307,0.824
P049,P047,CALLED,2026-08-16T03:45:00,1337,0.905
P066,P078,CALLED,2026-08-17T10:46:00,493,0.966
P003,P029,CALLED,2026-08-18T17:47:00,1075,0.796
P020,P060,CALLED,2026-08-19T00:48:00,2384,0.78
P037,P011,CALLED,2026-08-20T07:49:00,1451,0.795
P054,P042,CALLED,2026-08-21T14:50:00,159,0.809
P071,P073,CALLED,2026-08-22T21:51:00,821,0.987
P008,P024,CALLED,2026-08-23T04:52:00,936,0.987
P025,P055,CALLED,2026-08-24T11:53:00,44,0.924
P042,P006,CALLED,2026-08-25T18:54:00,512,0.861
P059,P037,CALLED,2026-08-26T01:55:00,657,0.946
P076,P068,CALLED,2026-08-27T08:56:00,1455,0.852
P013,P019,CALLED,2026-08-28T15:57:00,1230,0.769
P030,P050,CALLED,2026-08-29T22:58:00,1737,0.941
P047,P001,CALLED,2026-08-30T05:59:00,1165,0.766
P064,P032,CALLED,2026-08-01T12:00:00,1902,0.962
P001,P063,CALLED,2026-08-02T19:01:00,274,0.867
P018,P014,CALLED,2026-08-03T02:02:00,455,0.796
P035,P045,CALLED,2026-08-04T09:03:00,2065,0.927
P052,P076,CALLED,2026-08-05T16:04:00,81,0.817
P069,P027,CALLED,2026-08-06T23:05:00,1284,0.782
P006,P058,CALLED,2026-08-07T06:06:00,2138,0.892
P023,P009,CALLED,2026-08-08T13:07:00,873,0.911
P040,P042,CALLED,2026-08-09T20:08:00,1987,0.773
P057,P071,CALLED,2026-08-10T03:09:00,1614,0.773
P074,P022,CALLED,2026-08-11T10:10:00,1010,0.905
P011,P053,CALLED,2026-08-12T17:11:00,1762,0.907
P028,P004,CALLED,2026-08-13T00:12:00,950,0.78
P045,P035,CALLED,2026-08-14T07:13:00,1320,0.948
P062,P066,CALLED,2026-08-15T14:14:00,1343,0.846
P079,P017,CALLED,2026-08-16T21:15:00,1903,0.847
P016,P048,CALLED,2026-08-17T04:16:00,1287,0.78
P033,P079,CALLED,2026-08-18T11:17:00,2059,0.805
P050,P030,CALLED,2026-08-19T18:18:00,978,0.844
P067,P061,CALLED,2026-08-20T01:19:00,1224,0.766
P004,P012,CALLED,2026-08-21T08:20:00,877,0.987
P021,P043,CALLED,2026-08-22T15:21:00,1549,0.84
P038,P074,CALLED,2026-08-23T22:22:00,1966,0.86
P055,P025,CALLED,2026-08-24T05:23:00,1568,0.911
P072,P056,CALLED,2026-08-25T12:24:00,1189,0.88
P009,P007,CALLED,2026-08-26T19:25:00,478,0.978
P026,P038,CALLED,2026-08-27T02:26:00,1962,0.833
P043,P069,CALLED,2026-08-28T09:27:00,1787,0.936
P060,P020,CALLED,2026-08-29T16:28:00,790,0.804
P077,P051,CALLED,2026-08-30T23:29:00,1863,0.92
P014,P002,CALLED,2026-08-01T06:30:00,678,0.886
P031,P033,CALLED,2026-08-02T13:31:00,1563,0.832
P048,P064,CALLED,2026-08-03T20:32:00,1693,0.849
P065,P015,CALLED,2026-08-04T03:33:00,379,0.845
P002,P046,CALLED,2026-08-05T10:34:00,2319,0.852
P019,P077,CALLED,2026-08-06T17:35:00,790,0.888
P036,P028,CALLED,2026-08-07T00:36:00,1901,0.757
P053,P059,CALLED,2026-08-08T07:37:00,2140,0.957
P070,P010,CALLED,2026-08-09T14:38:00,1790,0.796
P007,P041,CALLED,2026-08-10T21:39:00,810,0.929
P024,P072,CALLED,2026-08-11T04:40:00,10,0.848
P041,P023,CALLED,2026-08-12T11:41:00,1659,0.8
P058,P054,CALLED,2026-08-13T18:42:00,1743,0.877
P075,P005,CALLED,2026-08-14T01:43:00,2015,0.874
P012,P036,CALLED,2026-08-15T08:44:00,2225,0.832
P029,P067,CALLED,2026-08-16T15:45:00,85,0.793
P046,P018,CALLED,2026-08-17T22:46:00,1775,0.987
P063,P049,CALLED,2026-08-18T05:47:00,2179,0.97
P080,P002,CALLED,2026-08-19T12:48:00,2297,0.954
P017,P031,CALLED,2026-08-20T19:49:00,1852,0.96
P034,P062,CALLED,2026-08-21T02:50:00,435,0.987
P051,P013,CALLED,2026-08-22T09:51:00,1366,0.892
P068,P044,CALLED,2026-08-23T16:52:00,2150,0.956
P005,P075,CALLED,2026-08-24T23:53:00,839,0.851
P022,P026,CALLED,2026-08-25T06:54:00,69,0.858
P039,P057,CALLED,2026-08-26T13:55:00,1337,0.895
P056,P008,CALLED,2026-08-27T20:56:00,2346,0.938
P073,P039,CALLED,2026-08-28T03:57:00,1842,0.821
P010,P070,CALLED,2026-08-29T10:58:00,1823,0.805
P027,P021,CALLED,2026-08-30T17:59:00,1792,0.867
P044,P052,CALLED,2026-08-01T00:00:00,2232,0.954
P061,P003,CALLED,2026-08-02T07:01:00,205,0.841
P078,P034,CALLED,2026-08-03T14:02:00,1103,0.958
P015,P065,CALLED,2026-08-04T21:03:00,2330,0.884
P032,P016,CALLED,2026-08-05T04:04:00,2225,0.79
P049,P047,CALLED,2026-08-06T11:05:00,870,0.837
P066,P078,CALLED,2026-08-07T18:06:00,2151,0.779
P003,P029,CALLED,2026-08-08T01:07:00,1939,0.767
P020,P060,CALLED,2026-08-09T08:08:00,1551,0.8
P037,P011,CALLED,2026-08-10T15:09:00,589,0.848
P054,P042,CALLED,2026-08-11T22:10:00,1760,0.812
P071,P073,CALLED,2026-08-12T05:11:00,155,0.835
P008,P024,CALLED,2026-08-13T12:12:00,1079,0.915
P025,P055,CALLED,2026-08-14T19:13:00,1503,0.823
P042,P006,CALLED,2026-08-15T02:14:00,64,0.772
P059,P037,CALLED,2026-08-16T09:15:00,536,0.897
P076,P068,CALLED,2026-08-17T16:16:00,2155,0.864
P013,P019,CALLED,2026-08-18T23:17:00,1955,0.975
P030,P050,CALLED,2026-08-19T06:18:00,1550,0.817
P047,P001,CALLED,2026-08-20T13:19:00,1002,0.775
P064,P032,CALLED,2026-08-21T20:20:00,598,0.865
P001,P063,CALLED,2026-08-22T03:21:00,1662,0.918
P018,P014,CALLED,2026-08-23T10:22:00,1094,0.889
P035,P045,CALLED,2026-08-24T17:23:00,815,0.801
P052,P076,CALLED,2026-08-25T00:24:00,1572,0.917
P069,P027,CALLED,2026-08-26T07:25:00,701,0.814
P006,P058,CALLED,2026-08-27T14:26:00,566,0.897
P023,P009,CALLED,2026-08-28T21:27:00,438,0.876
P040,P042,CALLED,2026-08-29T04:28:00,1262,0.773
P057,P071,CALLED,2026-08-30T11:29:00,269,0.89
P074,P022,CALLED,2026-08-01T18:30:00,1944,0.916
P011,P053,CALLED,2026-08-02T01:31:00,779,0.908
P028,P004,CALLED,2026-08-03T08:32:00,891,0.774
P045,P035,CALLED,2026-08-04T15:33:00,2114,0.837
P062,P066,CALLED,2026-08-05T22:34:00,1548,0.752
P079,P017,CALLED,2026-08-06T05:35:00,2213,0.882
P016,P048,CALLED,2026-08-07T12:36:00,2149,0.754
P033,P079,CALLED,2026-08-08T19:37:00,2046,0.859
P050,P030,CALLED,2026-08-09T02:38:00,1860,0.804
P067,P061,CALLED,2026-08-10T09:39:00,865,0.861
P004,P012,CALLED,2026-08-11T16:40:00,2226,0.862
P021,P043,CALLED,2026-08-12T23:41:00,1991,0.916
P038,P074,CALLED,2026-08-13T06:42:00,2350,0.964
P055,P025,CALLED,2026-08-14T13:43:00,363,0.968
P072,P056,CALLED,2026-08-15T20:44:00,978,0.948
P009,P007,CALLED,2026-08-16T03:45:00,1911,0.829
P026,P038,CALLED,2026-08-17T10:46:00,287,0.872
P043,P069,CALLED,2026-08-18T17:47:00,709,0.818
P060,P020,CALLED,2026-08-19T00:48:00,495,0.935
P077,P051,CALLED,2026-08-20T07:49:00,1510,0.764
P014,P002,CALLED,2026-08-21T14:50:00,1675,0.963
P031,P033,CALLED,2026-08-22T21:51:00,1850,0.88
P048,P064,CALLED,2026-08-23T04:52:00,1229,0.806
P065,P015,CALLED,2026-08-24T11:53:00,1647,0.928
P002,P046,CALLED,2026-08-25T18:54:00,1646,0.978
P019,P077,CALLED,2026-08-26T01:55:00,1283,0.89
P036,P028,CALLED,2026-08-27T08:56:00,559,0.862
P053,P059,CALLED,2026-08-28T15:57:00,1004,0.833
P070,P010,CALLED,2026-08-29T22:58:00,2126,0.814
P007,P041,CALLED,2026-08-30T05:59:00,2026,0.973
P024,P072,CALLED,2026-08-01T12:00:00,1690,0.982
P041,P023,CALLED,2026-08-02T19:01:00,1232,0.823
P058,P054,CALLED,2026-08-03T02:02:00,1672,0.988
P075,P005,CALLED,2026-08-04T09:03:00,554,0.898
P012,P036,CALLED,2026-08-05T16:04:00,1453,0.921
P029,P067,CALLED,2026-08-06T23:05:00,754,0.851
P046,P018,CALLED,2026-08-07T06:06:00,414,0.835
P063,P049,CALLED,2026-08-08T13:07:00,2035,0.89
P080,P002,CALLED,2026-08-09T20:08:00,1391,0.973
P017,P031,CALLED,2026-08-10T03:09:00,1927,0.986
P034,P062,CALLED,2026-08-11T10:10:00,839,0.76
P051,P013,CALLED,2026-08-12T17:11:00,882,0.8
P068,P044,CALLED,2026-08-13T00:12:00,229,0.817
P005,P075,CALLED,2026-08-14T07:13:00,1088,0.774
P022,P026,CALLED,2026-08-15T14:14:00,856,0.769
P039,P057,CALLED,2026-08-16T21:15:00,1933,0.771
P056,P008,CALLED,2026-08-17T04:16:00,1366,0.92
P073,P039,CALLED,2026-08-18T11:17:00,1648,0.76
P010,P070,CALLED,2026-08-19T18:18:00,479,0.848
P027,P021,CALLED,2026-08-20T01:19:00,1498,0.815
P044,P052,CALLED,2026-08-21T08:20:00,1697,0.806
P061,P003,CALLED,2026-08-22T15:21:00,317,0.983
P078,P034,CALLED,2026-08-23T22:22:00,1450,0.798
P015,P065,CALLED,2026-08-24T05:23:00,1424,0.895
P032,P016,CALLED,2026-08-25T12:24:00,1897,0.918
P049,P047,CALLED,2026-08-26T19:25:00,538,0.868
P066,P078,CALLED,2026-08-27T02:26:00,1838,0.773
P003,P029,CALLED,2026-08-28T09:27:00,80,0.763
P020,P060,CALLED,2026-08-29T16:28:00,1469,0.861
P037,P011,CALLED,2026-08-30T23:29:00,262,0.834
P054,P042,CALLED,2026-08-01T06:30:00,1119,0.82
P071,P073,CALLED,2026-08-02T13:31:00,763,0.852
P008,P024,CALLED,2026-08-03T20:32:00,1117,0.835
P025,P055,CALLED,2026-08-04T03:33:00,1218,0.859
P042,P006,CALLED,2026-08-05T10:34:00,1314,0.806
P059,P037,CALLED,2026-08-06T17:35:00,2303,0.909
P076,P068,CALLED,2026-08-07T00:36:00,609,0.982
P013,P019,CALLED,2026-08-08T07:37:00,17,0.798
P030,P050,CALLED,2026-08-09T14:38:00,907,0.92
P047,P001,CALLED,2026-08-10T21:39:00,1925,0.777
P064,P032,CALLED,2026-08-11T04:40:00,528,0.834
P001,P063,CALLED,2026-08-12T11:41:00,1847,0.948
P018,P014,CALLED,2026-08-13T18:42:00,1098,0.758
P035,P045,CALLED,2026-08-14T01:43:00,579,0.812
P052,P076,CALLED,2026-08-15T08:44:00,802,0.979
P069,P027,CALLED,2026-08-16T15:45:00,1897,0.809
P006,P058,CALLED,2026-08-17T22:46:00,1787,0.971
P023,P009,CALLED,2026-08-18T05:47:00,2161,0.777
P040,P042,CALLED,2026-08-19T12:48:00,1317,0.854
P057,P071,CALLED,2026-08-20T19:49:00,100,0.791
P074,P022,CALLED,2026-08-21T02:50:00,1267,0.806
P011,P053,CALLED,2026-08-22T09:51:00,870,0.916
P028,P004,CALLED,2026-08-23T16:52:00,1909,0.827
P045,P035,CALLED,2026-08-24T23:53:00,1958,0.868
P062,P066,CALLED,2026-08-25T06:54:00,283,0.845
P079,P017,CALLED,2026-08-26T13:55:00,698,0.81
P016,P048,CALLED,2026-08-27T20:56:00,74,0.92
P033,P079,CALLED,2026-08-28T03:57:00,1273,0.777
P050,P030,CALLED,2026-08-29T10:58:00,2086,0.894
P067,P061,CALLED,2026-08-30T17:59:00,423,0.969
P004,P012,CALLED,2026-08-01T00:00:00,1023,0.755
P021,P043,CALLED,2026-08-02T07:01:00,544,0.759
P038,P074,CALLED,2026-08-03T14:02:00,324,0.829
P055,P025,CALLED,2026-08-04T21:03:00,1738,0.845
P072,P056,CALLED,2026-08-05T04:04:00,2031,0.812
P009,P007,CALLED,2026-08-06T11:05:00,93,0.771
P026,P038,CALLED,2026-08-07T18:06:00,863,0.775
P043,P069,CALLED,2026-08-08T01:07:00,2259,0.811
P060,P020,CALLED,2026-08-09T08:08:00,1841,0.954
P077,P051,CALLED,2026-08-10T15:09:00,1930,0.911
P014,P002,CALLED,2026-08-11T22:10:00,2319,0.824
P031,P033,CALLED,2026-08-12T05:11:00,31,0.824
P048,P064,CALLED,2026-08-13T12:12:00,92,0.988
P065,P015,CALLED,2026-08-14T19:13:00,2057,0.819
P002,P046,CALLED,2026-08-15T02:14:00,1981,0.752
P019,P077,CALLED,2026-08-16T09:15:00,1162,0.846
P036,P028,CALLED,2026-08-17T16:16:00,131,0.898
P053,P059,CALLED,2026-08-18T23:17:00,417,0.938
P070,P010,CALLED,2026-08-19T06:18:00,2137,0.773
P007,P041,CALLED,2026-08-20T13:19:00,1916,0.781
P024,P072,CALLED,2026-08-21T20:20:00,1835,0.901
P041,P023,CALLED,2026-08-22T03:21:00,84,0.871
P058,P054,CALLED,2026-08-23T10:22:00,949,0.918
P075,P005,CALLED,2026-08-24T17:23:00,83,0.872
P012,P036,CALLED,2026-08-25T00:24:00,1340,0.835
P029,P067,CALLED,2026-08-26T07:25:00,1396,0.903
P046,P018,CALLED,2026-08-27T14:26:00,756,0.753
P063,P049,CALLED,2026-08-28T21:27:00,2250,0.873
P080,P002,CALLED,2026-08-29T04:28:00,1076,0.842
P017,P031,CALLED,2026-08-30T11:29:00,49,0.974
P034,P062,CALLED,2026-08-01T18:30:00,1364,0.795
P051,P013,CALLED,2026-08-02T01:31:00,539,0.797
P068,P044,CALLED,2026-08-03T08:32:00,810,0.945
P005,P075,CALLED,2026-08-04T15:33:00,2105,0.984
P022,P026,CALLED,2026-08-05T22:34:00,1336,0.771
P039,P057,CALLED,2026-08-06T05:35:00,368,0.787
P056,P008,CALLED,2026-08-07T12:36:00,21,0.933
P073,P039,CALLED,2026-08-08T19:37:00,1484,0.848
P010,P070,CALLED,2026-08-09T02:38:00,1764,0.755
P027,P021,CALLED,2026-08-10T09:39:00,785,0.828
P044,P052,CALLED,2026-08-11T16:40:00,2387,0.933
P061,P003,CALLED,2026-08-12T23:41:00,1923,0.915
P078,P034,CALLED,2026-08-13T06:42:00,850,0.856
P015,P065,CALLED,2026-08-14T13:43:00,568,0.817
P032,P016,CALLED,2026-08-15T20:44:00,1351,0.774
P049,P047,CALLED,2026-08-16T03:45:00,1509,0.851
P066,P078,CALLED,2026-08-17T10:46:00,2164,0.884
P003,P029,CALLED,2026-08-18T17:47:00,793,0.803
P020,P060,CALLED,2026-08-19T00:48:00,1077,0.965
P037,P011,CALLED,2026-08-20T07:49:00,1211,0.79
P054,P042,CALLED,2026-08-21T14:50:00,1346,0.957
P071,P073,CALLED,2026-08-22T21:51:00,1755,0.834
P008,P024,CALLED,2026-08-23T04:52:00,673,0.977
P025,P055,CALLED,2026-08-24T11:53:00,218,0.827
P042,P006,CALLED,2026-08-25T18:54:00,1588,0.855
P059,P037,CALLED,2026-08-26T01:55:00,262,0.805
P076,P068,CALLED,2026-08-27T08:56:00,1396,0.909
P013,P019,CALLED,2026-08-28T15:57:00,2357,0.794
P030,P050,CALLED,2026-08-29T22:58:00,719,0.786
P047,P001,CALLED,2026-08-30T05:59:00,942,0.792
P064,P032,CALLED,2026-08-01T12:00:00,2069,0.776
P001,P063,CALLED,2026-08-02T19:01:00,850,0.765
P018,P014,CALLED,2026-08-03T02:02:00,1282,0.87
P035,P045,CALLED,2026-08-04T09:03:00,1647,0.758
P052,P076,CALLED,2026-08-05T16:04:00,1966,0.833
P069,P027,CALLED,2026-08-06T23:05:00,1082,0.867
P006,P058,CALLED,2026-08-07T06:06:00,1044,0.888
P023,P009,CALLED,2026-08-08T13:07:00,2225,0.884
P040,P042,CALLED,2026-08-09T20:08:00,1425,0.909
P057,P071,CALLED,2026-08-10T03:09:00,190,0.968
P074,P022,CALLED,2026-08-11T10:10:00,136,0.837
P011,P053,CALLED,2026-08-12T17:11:00,2039,0.882
P028,P004,CALLED,2026-08-13T00:12:00,491,0.963
P045,P035,CALLED,2026-08-14T07:13:00,790,0.989
P062,P066,CALLED,2026-08-15T14:14:00,1076,0.99
P079,P017,CALLED,2026-08-16T21:15:00,1150,0.756
P016,P048,CALLED,2026-08-17T04:16:00,363,0.908
P033,P079,CALLED,2026-08-18T11:17:00,49,0.89
P050,P030,CALLED,2026-08-19T18:18:00,1525,0.784
P067,P061,CALLED,2026-08-20T01:19:00,132,0.839
