source,target,relation,timestamp,location,confidence
V003,P005,USED,2026-08-01T00:00:00,"Sector 1, Delhi NCR",0.796
V008,P014,USED,2026-08-02T03:01:00,"Sector 2, Delhi NCR",0.872
V013,P023,USED,2026-08-03T06:02:00,"Sector 3, Delhi NCR",0.862
V018,P032,USED,2026-08-04T09:03:00,"Sector 4, Delhi NCR",0.799
V023,P041,USED,2026-08-05T12:04:00,"Sector 5, Delhi NCR",0.781
V028,P050,USED,2026-08-06T15:05:00,"Sector 6, Delhi NCR",0.787
V003,P059,USED,2026-08-07T18:06:00,"Sector 7, Delhi NCR",0.878
V008,P068,USED,2026-08-08T21:07:00,"Sector 8, Delhi NCR",0.921
V013,P077,USED,2026-08-09T00:08:00,"Sector 9, Delhi NCR",0.789
V018,P006,USED,2026-08-10T03:09:00,"Sector 10, Delhi NCR",0.903
V023,P015,USED,2026-08-11T06:10:00,"Sector 11, Delhi NCR",0.768
V028,P024,USED,2026-08-12T09:11:00,"Sector 12, Delhi NCR",0.902
V003,P033,USED,2026-08-13T12:12:00,"Sector 13, Delhi NCR",0.943
V008,P042,USED,2026-08-14T15:13:00,"Sector 14, Delhi NCR",0.917
V013,P051,USED,2026-08-15T18:14:00,"Sector 15, Delhi NCR",0.964
V018,P060,USED,2026-08-16T21:15:00,"Sector 16, Delhi NCR",0.822
V023,P069,USED,2026-08-17T00:16:00,"Sector 17, Delhi NCR",0.87
V028,P078,USED,2026-08-18T03:17:00,"Sector 18, Delhi NCR",0.897
V003,P007,USED,2026-08-19T06:18:00,"Sector 19, Delhi NCR",0.866
V008,P016,USED,2026-08-20T09:19:00,"Sector 20, Delhi NCR",0.819
V013,P025,USED,2026-08-21T12:20:00,"Sector 21, Delhi NCR",0.77
V018,P034,USED,2026-08-22T15:21:00,"Sector 22, Delhi NCR",0.847
V023,P043,USED,2026-08-23T18:22:00,"Sector 23, Delhi NCR",0.797
V028,P052,USED,2026-08-24T21:23:00,"Sector 24, Delhi NCR",0.766
V003,P061,USED,2026-08-25T00:24:00,"Sector 25, Delhi NCR",0.959
V008,P070,USED,2026-08-26T03:25:00,"Sector 26, Delhi NCR",0.794
V013,P079,USED,2026-08-27T06:26:00,"Sector 27, Delhi NCR",0.9
V018,P008,USED,2026-08-28T09:27:00,"Sector 28, Delhi NCR",0.874
V023,P017,USED,2026-08-29T12:28:00,"Sector 29, Delhi NCR",0.926
V028,P026,USED,2026-08-30T15:29:00,"Sector 30, Delhi NCR",0.951
V003,P035,USED,2026-08-01T18:30:00,"Sector 31, Delhi NCR",0.89
V008,P044,USED,2026-08-02T21:31:00,"Sector 32, Delhi NCR",0.908
V013,P053,USED,2026-08-03T00:32:00,"Sector 33, Delhi NCR",0.807
V018,P062,USED,2026-08-04T03:33:00,"Sector 34, Delhi NCR",0.763
V023,P071,USED,2026-08-05T06:34:00,"Sector 35, Delhi NCR",0.829
V028,P080,USED,2026-08-06T09:35:00,"Sector 36, Delhi NCR",0.846
V003,P009,USED,2026-08-07T12:36:00,"Sector 37, Delhi NCR",0.794
V008,P018,USED,2026-08-08T15:37:00,"Sector 38, Delhi NCR",0.92
V013,P027,USED,2026-08-09T18:38:00,"Sector 39, Delhi NCR",0.871
V018,P036,USED,2026-08-10T21:39:00,"Sector 40, Delhi NCR",0.935
V023,P045,USED,2026-08-11T00:40:00,"Sector 41, Delhi NCR",0.82
V028,P054,USED,2026-08-12T03:41:00,"Sector 42, Delhi NCR",0.813
V003,P063,USED,2026-08-13T06:42:00,"Sector 43, Delhi NCR",0.961
V008,P072,USED,2026-08-14T09:43:00,"Sector 44, Delhi NCR",0.952
V013,P001,USED,2026-08-15T12:44:00,"Sector 45, Delhi NCR",0.907
V018,P010,USED,2026-08-16T15:45:00,"Sector 46, Delhi NCR",0.819
V023,P019,USED,2026-08-17T18:46:00,"Sector 47, Delhi NCR",0.855
V028,P028,USED,2026-08-18T21:47:00,"Sector 48, Delhi NCR",0.9
V003,P037,USED,2026-08-19T00:48:00,"Sector 49, Delhi NCR",0.848
V008,P046,USED,2026-08-20T03:49:00,"Sector 50, Delhi NCR",0.875
V013,P055,USED,2026-08-21T06:50:00,"Sector 51, Delhi NCR",0.957
V018,P064,USED,2026-08-22T09:51:00,"Sector 52, Delhi NCR",0.859
V023,P073,USED,2026-08-23T12:52:00,"Sector 53, Delhi NCR",0.966
V028,P002,USED,2026-08-24T15:53:00,"Sector 54, Delhi NCR",0.911
V003,P011,USED,2026-08-25T18:54:00,"Sector 55, Delhi NCR",0.889
V008,P020,USED,2026-08-26T21:55:00,"Sector 56, Delhi NCR",0.812
V013,P029,USED,2026-08-27T00:56:00,"Sector 57, Delhi NCR",0.907
V018,P038,USED,2026-08-28T03:57:00,"Sector 58, Delhi NCR",0.77
V023,P047,USED,2026-08-29T06:58:00,"Sector 59, Delhi NCR",0.872
V028,P056,USED,2026-08-30T09:59:00,"Sector 60, Delhi NCR",0.952
V003,P065,USED,2026-08-01T12:00:00,"Sector 61, Delhi NCR",0.974
V008,P074,USED,2026-08-02T15:01:00,"Sector 62, Delhi NCR",0.837
V013,P003,USED,2026-08-03T18:02:00,"Sector 63, Delhi NCR",0.786
V018,P012,USED,2026-08-04T21:03:00,"Sector 64, Delhi NCR",0.905
V023,P021,USED,2026-08-05T00:04:00,"Sector 65, Delhi NCR",0.953
V028,P030,USED,2026-08-06T03:05:00,"Sector 66, Delhi NCR",0.82
V003,P039,USED,2026-08-07T06:06:00,"Sector 67, Delhi NCR",0.895
V008,P048,USED,2026-08-08T09:07:00,"Sector 68, Delhi NCR",0.866
V013,P057,USED,2026-08-09T12:08:00,"Sector 69, Delhi NCR",0.931
V018,P066,USED,2026-08-10T15:09:00,"Sector 70, Delhi NCR",0.957
V023,P075,USED,2026-08-11T18:10:00,"Sector 71, Delhi NCR",0.962
V028,P004,USED,2026-08-12T21:11:00,"Sector 72, Delhi NCR",0.787
V003,P013,USED,2026-08-13T00:12:00,"Sector 73, Delhi NCR",0.785
V008,P022,USED,2026-08-14T03:13:00,"Sector 74, Delhi NCR",0.911
V013,P031,USED,2026-08-15T06:14:00,"Sector 75, Delhi NCR",0.826
V018,P040,USED,2026-08-16T09:15:00,"Sector 76, Delhi NCR",0.783
V023,P049,USED,2026-08-17T12:16:00,"Sector 77, Delhi NCR",0.806
V028,P058,USED,2026-08-18T15:17:00,"Sector 78, Delhi NCR",0.972
V003,P067,USED,2026-08-19T18:18:00,"Sector 79, Delhi NCR",0.898
V008,P076,USED,2026-08-20T21:19:00,"Sector 80, Delhi NCR",0.907
V013,P005,USED,2026-08-21T00:20:00,"Sector 81, Delhi NCR",0.812
V018,P014,USED,2026-08-22T03:21:00,"Sector 82, Delhi NCR",0.916
V023,P023,USED,2026-08-23T06:22:00,"Sector 83, Delhi NCR",0.874
V028,P032,USED,2026-08-24T09:23:00,"Sector 84, Delhi NCR",0.793
V003,P041,USED,2026-08-25T12:24:00,"Sector 85, Delhi NCR",0.859
V008,P050,USED,2026-08-26T15:25:00,"Sector 86, Delhi NCR",0.923
V013,P059,USED,2026-08-27T18:26:00,"Sector 87, Delhi NCR",0.778
V018,P068,USED,2026-08-28T21:27:00,"Sector 88, Delhi NCR",0.823
V023,P077,USED,2026-08-29T00:28:00,"Sector 89, Delhi NCR",0.774
V028,P006,USED,2026-08-30T03:29:00,"Sector 90, Delhi NCR",0.763
V003,P015,USED,2026-08-01T06:30:00,"Sector 1, Delhi NCR",0.959
V008,P024,USED,2026-08-02T09:31:00,"Sector 2, Delhi NCR",0.943
V013,P033,USED,2026-08-03T12:32:00,"Sector 3, Delhi NCR",0.87
V018,P042,USED,2026-08-04T15:33:00,"Sector 4, Delhi NCR",0.908
V023,P051,USED,2026-08-05T18:34:00,"Sector 5, Delhi NCR",0.836
V028,P060,USED,2026-08-06T21:35:00,"Sector 6, Delhi NCR",0.886
V003,P069,USED,2026-08-07T00:36:00,"Sector 7, Delhi NCR",0.771
V008,P078,USED,2026-08-08T03:37:00,"Sector 8, Delhi NCR",0.941
V013,P007,USED,2026-08-09T06:38:00,"Sector 9, Delhi NCR",0.883
V018,P016,USED,2026-08-10T09:39:00,"Sector 10, Delhi NCR",0.856
V023,P025,USED,2026-08-11T12:40:00,"Sector 11, Delhi NCR",0.839
V028,P034,USED,2026-08-12T15:41:00,"Sector 12, Delhi NCR",0.915
V003,P043,USED,2026-08-13T18:42:00,"Sector 13, Delhi NCR",0.889
V008,P052,USED,2026-08-14T21:43:00,"Sector 14, Delhi NCR",0.932
V013,P061,USED,2026-08-15T00:44:00,"Sector 15, Delhi NCR",0.929
V018,P070,USED,2026-08-16T03:45:00,"Sector 16, Delhi NCR",0.897
V023,P079,USED,2026-08-17T06:46:00,"Sector 17, Delhi NCR",0.96
V028,P008,USED,2026-08-18T09:47:00,"Sector 18, Delhi NCR",0.977
V003,P017,USED,2026-08-19T12:48:00,"Sector 19, Delhi NCR",0.767
V008,P026,USED,2026-08-20T15:49:00,"Sector 20, Delhi NCR",0.894
V013,P035,USED,2026-08-21T18:50:00,"Sector 21, Delhi NCR",0.821
V018,P044,USED,2026-08-22T21:51:00,"Sector 22, Delhi NCR",0.913
V023,P053,USED,2026-08-23T00:52:00,"Sector 23, Delhi NCR",0.905
V028,P062,USED,2026-08-24T03:53:00,"Sector 24, Delhi NCR",0.802
V003,P071,USED,2026-08-25T06:54:00,"Sector 25, Delhi NCR",0.867
V008,P080,USED,2026-08-26T09:55:00,"Sector 26, Delhi NCR",0.871
V013,P009,USED,2026-08-27T12:56:00,"Sector 27, Delhi NCR",0.771
V018,P018,USED,2026-08-28T15:57:00,"Sector 28, Delhi NCR",0.771
V023,P027,USED,2026-08-29T18:58:00,"Sector 29, Delhi NCR",0.81
V028,P036,USED,2026-08-30T21:59:00,"Sector 30, Delhi NCR",0.762
V003,P045,USED,2026-08-01T00:00:00,"Sector 31, Delhi NCR",0.926
V008,P054,USED,2026-08-02T03:01:00,"Sector 32, Delhi NCR",0.766
V013,P063,USED,2026-08-03T06:02:00,"Sector 33, Delhi NCR",0.817
V018,P072,USED,2026-08-04T09:03:00,"Sector 34, Delhi NCR",0.968
V023,P001,USED,2026-08-05T12:04:00,"Sector 35, Delhi NCR",0.972
V028,P010,USED,2026-08-06T15:05:00,"Sector 36, Delhi NCR",0.783
V003,P019,USED,2026-08-07T18:06:00,"Sector 37, Delhi NCR",0.808
V008,P028,USED,2026-08-08T21:07:00,"Sector 38, Delhi NCR",0.974
V013,P037,USED,2026-08-09T00:08:00,"Sector 39, Delhi NCR",0.917
V018,P046,USED,2026-08-10T03:09:00,"Sector 40, Delhi NCR",0.805
V023,P055,USED,2026-08-11T06:10:00,"Sector 41, Delhi NCR",0.904
V028,P064,USED,2026-08-12T09:11:00,"Sector 42, Delhi NCR",0.891
V003,P073,USED,2026-08-13T12:12:00,"Sector 43, Delhi NCR",0.86
V008,P002,USED,2026-08-14T15:13:00,"Sector 44, Delhi NCR",0.861
V013,P011,USED,2026-08-15T18:14:00,"Sector 45, Delhi NCR",0.959
V018,P020,USED,2026-08-16T21:15:00,"Sector 46, Delhi NCR",0.788
V023,P029,USED,2026-08-17T00:16:00,"Sector 47, Delhi NCR",0.853
V028,P038,USED,2026-08-18T03:17:00,"Sector 48, Delhi NCR",0.81
V003,P047,USED,2026-08-19T06:18:00,"Sector 49, Delhi NCR",0.762
V008,P056,USED,2026-08-20T09:19:00,"Sector 50, Delhi NCR",0.867
V013,P065,USED,2026-08-21T12:20:00,"Sector 51, Delhi NCR",0.974
V018,P074,USED,2026-08-22T15:21:00,"Sector 52, Delhi NCR",0.956
V023,P003,USED,2026-08-23T18:22:00,"Sector 53, Delhi NCR",0.908
V028,P012,USED,2026-08-24T21:23:00,"Sector 54, Delhi NCR",0.917
V003,P021,USED,2026-08-25T00:24:00,"Sector 55, Delhi NCR",0.856
V008,P030,USED,2026-08-26T03:25:00,"Sector 56, Delhi NCR",0.871
V013,P039,USED,2026-08-27T06:26:00,"Sector 57, Delhi NCR",0.769
V018,P048,USED,2026-08-28T09:27:00,"Sector 58, Delhi NCR",0.937
V023,P057,USED,2026-08-29T12:28:00,"Sector 59, Delhi NCR",0.812
V028,P066,USED,2026-08-30T15:29:00,"Sector 60, Delhi NCR",0.77
V003,P075,USED,2026-08-01T18:30:00,"Sector 61, Delhi NCR",0.849
V008,P004,USED,2026-08-02T21:31:00,"Sector 62, Delhi NCR",0.844
V013,P013,USED,2026-08-03T00:32:00,"Sector 63, Delhi NCR",0.854
V018,P022,USED,2026-08-04T03:33:00,"Sector 64, Delhi NCR",0.776
V023,P031,USED,2026-08-05T06:34:00,"Sector 65, Delhi NCR",0.763
V028,P040,USED,2026-08-06T09:35:00,"Sector 66, Delhi NCR",0.935
V003,P049,USED,2026-08-07T12:36:00,"Sector 67, Delhi NCR",0.794
V008,P058,USED,2026-08-08T15:37:00,"Sector 68, Delhi NCR",0.818
V013,P067,USED,2026-08-09T18:38:00,"Sector 69, Delhi NCR",0.826
V018,P076,USED,2026-08-10T21:39:00,"Sector 70, Delhi NCR",0.769
V023,P005,USED,2026-08-11T00:40:00,"Sector 71, Delhi NCR",0.931
V028,P014,USED,2026-08-12T03:41:00,"Sector 72, Delhi NCR",0.888
V003,P023,USED,2026-08-13T06:42:00,"Sector 73, Delhi NCR",0.914
V008,P032,USED,2026-08-14T09:43:00,"Sector 74, Delhi NCR",0.86
V013,P041,USED,2026-08-15T12:44:00,"Sector 75, Delhi NCR",0.86
V018,P050,USED,2026-08-16T15:45:00,"Sector 76, Delhi NCR",0.903
V023,P059,USED,2026-08-17T18:46:00,"Sector 77, Delhi NCR",0.878
V028,P068,USED,2026-08-18T21:47:00,"Sector 78, Delhi NCR",0.897
V003,P077,USED,2026-08-19T00:48:00,"Sector 79, Delhi NCR",0.97
V008,P006,USED,2026-08-20T03:49:00,"Sector 80, Delhi NCR",0.935
V013,P015,USED,2026-08-21T06:50:00,"Sector 81, Delhi NCR",0.871
V018,P024,USED,2026-08-22T09:51:00,"Sector 82, Delhi NCR",0.867
V023,P033,USED,2026-08-23T12:52:00,"Sector 83, Delhi NCR",0.899
V028,P042,USED,2026-08-24T15:53:00,"Sector 84, Delhi NCR",0.819
V003,P051,USED,2026-08-25T18:54:00,"Sector 85, Delhi NCR",0.893
V008,P060,USED,2026-08-26T21:55:00,"Sector 86, Delhi NCR",0.965
V013,P069,USED,2026-08-27T00:56:00,"Sector 87, Delhi NCR",0.972
V018,P078,USED,2026-08-28T03:57:00,"Sector 88, Delhi NCR",0.957
V023,P007,USED,2026-08-29T06:58:00,"Sector 89, Delhi NCR",0.899
V028,P016,USED,2026-08-30T09:59:00,"Sector 90, Delhi NCR",0.826
V003,P025,USED,2026-08-01T12:00:00,"Sector 1, Delhi NCR",0.8
V008,P034,USED,2026-08-02T15:01:00,"Sector 2, Delhi NCR",0.781
V013,P043,USED,2026-08-03T18:02:00,"Sector 3, Delhi NCR",0.812
V018,P052,USED,2026-08-04T21:03:00,"Sector 4, Delhi NCR",0.768
V023,P061,USED,2026-08-05T00:04:00,"Sector 5, Delhi NCR",0.768
V028,P070,USED,2026-08-06T03:05:00,"Sector 6, Delhi NCR",0.917
V003,P079,USED,2026-08-07T06:06:00,"Sector 7, Delhi NCR",0.864
V008,P008,USED,2026-08-08T09:07:00,"Sector 8, Delhi NCR",0.96
V013,P017,USED,2026-08-09T12:08:00,"Sector 9, Delhi NCR",0.805
V018,P026,USED,2026-08-10T15:09:00,"Sector 10, Delhi NCR",0.779
V023,P035,USED,2026-08-11T18:10:00,"Sector 11, Delhi NCR",0.784
V028,P044,USED,2026-08-12T21:11:00,"Sector 12, Delhi NCR",0.776
V003,P053,USED,2026-08-13T00:12:00,"Sector 13, Delhi NCR",0.841
V008,P062,USED,2026-08-14T03:13:00,"Sector 14, Delhi NCR",0.878
V013,P071,USED,2026-08-15T06:14:00,"Sector 15, Delhi NCR",0.869
V018,P080,USED,2026-08-16T09:15:00,"Sector 16, Delhi NCR",0.814
V023,P009,USED,2026-08-17T12:16:00,"Sector 17, Delhi NCR",0.947
V028,P018,USED,2026-08-18T15:17:00,"Sector 18, Delhi NCR",0.945
V003,P027,USED,2026-08-19T18:18:00,"Sector 19, Delhi NCR",0.955
V008,P036,USED,2026-08-20T21:19:00,"Sector 20, Delhi NCR",0.798
V013,P045,USED,2026-08-21T00:20:00,"Sector 21, Delhi NCR",0.903
V018,P054,USED,2026-08-22T03:21:00,"Sector 22, Delhi NCR",0.773
V023,P063,USED,2026-08-23T06:22:00,"Sector 23, Delhi NCR",0.861
V028,P072,USED,2026-08-24T09:23:00,"Sector 24, Delhi NCR",0.974
V003,P001,USED,2026-08-25T12:24:00,"Sector 25, Delhi NCR",0.786
V008,P010,USED,2026-08-26T15:25:00,"Sector 26, Delhi NCR",0.933
V013,P019,USED,2026-08-27T18:26:00,"Sector 27, Delhi NCR",0.913
V018,P028,USED,2026-08-28T21:27:00,"Sector 28, Delhi NCR",0.957
V023,P037,USED,2026-08-29T00:28:00,"Sector 29, Delhi NCR",0.934
V028,P046,USED,2026-08-30T03:29:00,"Sector 30, Delhi NCR",0.81
V003,P055,USED,2026-08-01T06:30:00,"Sector 31, Delhi NCR",0.971
V008,P064,USED,2026-08-02T09:31:00,"Sector 32, Delhi NCR",0.786
V013,P073,USED,2026-08-03T12:32:00,"Sector 33, Delhi NCR",0.847
V018,P002,USED,2026-08-04T15:33:00,"Sector 34, Delhi NCR",0.806
V023,P011,USED,2026-08-05T18:34:00,"Sector 35, Delhi NCR",0.835
V028,P020,USED,2026-08-06T21:35:00,"Sector 36, Delhi NCR",0.815
V003,P029,USED,2026-08-07T00:36:00,"Sector 37, Delhi NCR",0.912
V008,P038,USED,2026-08-08T03:37:00,"Sector 38, Delhi NCR",0.897
V013,P047,USED,2026-08-09T06:38:00,"Sector 39, Delhi NCR",0.796
V018,P056,USED,2026-08-10T09:39:00,"Sector 40, Delhi NCR",0.762
V023,P065,USED,2026-08-11T12:40:00,"Sector 41, Delhi NCR",0.773
V028,P074,USED,2026-08-12T15:41:00,"Sector 42, Delhi NCR",0.829
V003,P003,USED,2026-08-13T18:42:00,"Sector 43, Delhi NCR",0.872
V008,P012,USED,2026-08-14T21:43:00,"Sector 44, Delhi NCR",0.864
V013,P021,USED,2026-08-15T00:44:00,"Sector 45, Delhi NCR",0.766
V018,P030,USED,2026-08-16T03:45:00,"Sector 46, Delhi NCR",0.836
V023,P039,USED,2026-08-17T06:46:00,"Sector 47, Delhi NCR",0.79
V028,P048,USED,2026-08-18T09:47:00,"Sector 48, Delhi NCR",0.871
V003,P057,USED,2026-08-19T12:48:00,"Sector 49, Delhi NCR",0.794
V008,P066,USED,2026-08-20T15:49:00,"Sector 50, Delhi NCR",0.975
V013,P075,USED,2026-08-21T18:50:00,"Sector 51, Delhi NCR",0.791
V018,P004,USED,2026-08-22T21:51:00,"Sector 52, Delhi NCR",0.971
V023,P013,USED,2026-08-23T00:52:00,"Sector 53, Delhi NCR",0.839
V028,P022,USED,2026-08-24T03:53:00,"Sector 54, Delhi NCR",0.837
V003,P031,USED,2026-08-25T06:54:00,"Sector 55, Delhi NCR",0.814
V008,P040,USED,2026-08-26T09:55:00,"Sector 56, Delhi NCR",0.816
V013,P049,USED,2026-08-27T12:56:00,"Sector 57, Delhi NCR",0.901
V018,P058,USED,2026-08-28T15:57:00,"Sector 58, Delhi NCR",0.889
V023,P067,USED,2026-08-29T18:58:00,"Sector 59, Delhi NCR",0.772
V028,P076,USED,2026-08-30T21:59:00,"Sector 60, Delhi NCR",0.879
V003,P005,USED,2026-08-01T00:00:00,"Sector 61, Delhi NCR",0.862
V008,P014,USED,2026-08-02T03:01:00,"Sector 62, Delhi NCR",0.909
V013,P023,USED,2026-08-03T06:02:00,"Sector 63, Delhi NCR",0.805
V018,P032,USED,2026-08-04T09:03:00,"Sector 64, Delhi NCR",0.885
V023,P041,USED,2026-08-05T12:04:00,"Sector 65, Delhi NCR",0.919
V028,P050,USED,2026-08-06T15:05:00,"Sector 66, Delhi NCR",0.861
V003,P059,USED,2026-08-07T18:06:00,"Sector 67, Delhi NCR",0.946
V008,P068,USED,2026-08-08T21:07:00,"Sector 68, Delhi NCR",0.904
V013,P077,USED,2026-08-09T00:08:00,"Sector 69, Delhi NCR",0.902
V018,P006,USED,2026-08-10T03:09:00,"Sector 70, Delhi NCR",0.814
V023,P015,USED,2026-08-11T06:10:00,"Sector 71, Delhi NCR",0.912
V028,P024,USED,2026-08-12T09:11:00,"Sector 72, Delhi NCR",0.954
V003,P033,USED,2026-08-13T12:12:00,"Sector 73, Delhi NCR",0.764
V008,P042,USED,2026-08-14T15:13:00,"Sector 74, Delhi NCR",0.824
V013,P051,USED,2026-08-15T18:14:00,"Sector 75, Delhi NCR",0.78
V018,P060,USED,2026-08-16T21:15:00,"Sector 76, Delhi NCR",0.9
V023,P069,USED,2026-08-17T00:16:00,"Sector 77, Delhi NCR",0.763
V028,P078,USED,2026-08-18T03:17:00,"Sector 78, Delhi NCR",0.974
V003,P007,USED,2026-08-19T06:18:00,"Sector 79, Delhi NCR",0.97
V008,P016,USED,2026-08-20T09:19:00,"Sector 80, Delhi NCR",0.811
V013,P025,USED,2026-08-21T12:20:00,"Sector 81, Delhi NCR",0.967
V018,P034,USED,2026-08-22T15:21:00,"Sector 82, Delhi NCR",0.975
V023,P043,USED,2026-08-23T18:22:00,"Sector 83, Delhi NCR",0.868
V028,P052,USED,2026-08-24T21:23:00,"Sector 84, Delhi NCR",0.829
V003,P061,USED,2026-08-25T00:24:00,"Sector 85, Delhi NCR",0.784
V008,P070,USED,2026-08-26T03:25:00,"Sector 86, Delhi NCR",0.937
V013,P079,USED,2026-08-27T06:26:00,"Sector 87, Delhi NCR",0.896
V018,P008,USED,2026-08-28T09:27:00,"Sector 88, Delhi NCR",0.802
V023,P017,USED,2026-08-29T12:28:00,"Sector 89, Delhi NCR",0.887
V028,P026,USED,2026-08-30T15:29:00,"Sector 90, Delhi NCR",0.894
V003,P035,USED,2026-08-01T18:30:00,"Sector 1, Delhi NCR",0.91
V008,P044,USED,2026-08-02T21:31:00,"Sector 2, Delhi NCR",0.799
V013,P053,USED,2026-08-03T00:32:00,"Sector 3, Delhi NCR",0.867
V018,P062,USED,2026-08-04T03:33:00,"Sector 4, Delhi NCR",0.928
V023,P071,USED,2026-08-05T06:34:00,"Sector 5, Delhi NCR",0.94
V028,P080,USED,2026-08-06T09:35:00,"Sector 6, Delhi NCR",0.927
V003,P009,USED,2026-08-07T12:36:00,"Sector 7, Delhi NCR",0.868
V008,P018,USED,2026-08-08T15:37:00,"Sector 8, Delhi NCR",0.881
V013,P027,USED,2026-08-09T18:38:00,"Sector 9, Delhi NCR",0.965
V018,P036,USED,2026-08-10T21:39:00,"Sector 10, Delhi NCR",0.855
V023,P045,USED,2026-08-11T00:40:00,"Sector 11, Delhi NCR",0.803
V028,P054,USED,2026-08-12T03:41:00,"Sector 12, Delhi NCR",0.858
V003,P063,USED,2026-08-13T06:42:00,"Sector 13, Delhi NCR",0.81
V008,P072,USED,2026-08-14T09:43:00,"Sector 14, Delhi NCR",0.81
V013,P001,USED,2026-08-15T12:44:00,"Sector 15, Delhi NCR",0.77
V018,P010,USED,2026-08-16T15:45:00,"Sector 16, Delhi NCR",0.941
V023,P019,USED,2026-08-17T18:46:00,"Sector 17, Delhi NCR",0.968
V028,P028,USED,2026-08-18T21:47:00,"Sector 18, Delhi NCR",0.926
V003,P037,USED,2026-08-19T00:48:00,"Sector 19, Delhi NCR",0.971
V008,P046,USED,2026-08-20T03:49:00,"Sector 20, Delhi NCR",0.824
V013,P055,USED,2026-08-21T06:50:00,"Sector 21, Delhi NCR",0.768
V018,P064,USED,2026-08-22T09:51:00,"Sector 22, Delhi NCR",0.884
V023,P073,USED,2026-08-23T12:52:00,"Sector 23, Delhi NCR",0.792
V028,P002,USED,2026-08-24T15:53:00,"Sector 24, Delhi NCR",0.923
V003,P011,USED,2026-08-25T18:54:00,"Sector 25, Delhi NCR",0.761
V008,P020,USED,2026-08-26T21:55:00,"Sector 26, Delhi NCR",0.965
V013,P029,USED,2026-08-27T00:56:00,"Sector 27, Delhi NCR",0.905
V018,P038,USED,2026-08-28T03:57:00,"Sector 28, Delhi NCR",0.85
V023,P047,USED,2026-08-29T06:58:00,"Sector 29, Delhi NCR",0.789
V028,P056,USED,2026-08-30T09:59:00,"Sector 30, Delhi NCR",0.974
V003,P065,USED,2026-08-01T12:00:00,"Sector 31, Delhi NCR",0.828
V008,P074,USED,2026-08-02T15:01:00,"Sector 32, Delhi NCR",0.908
V013,P003,USED,2026-08-03T18:02:00,"Sector 33, Delhi NCR",0.834
V018,P012,USED,2026-08-04T21:03:00,"Sector 34, Delhi NCR",0.919
V023,P021,USED,2026-08-05T00:04:00,"Sector 35, Delhi NCR",0.845
V028,P030,USED,2026-08-06T03:05:00,"Sector 36, Delhi NCR",0.837
V003,P039,USED,2026-08-07T06:06:00,"Sector 37, Delhi NCR",0.92
V008,P048,USED,2026-08-08T09:07:00,"Sector 38, Delhi NCR",0.763
V013,P057,USED,2026-08-09T12:08:00,"Sector 39, Delhi NCR",0.865
V018,P066,USED,2026-08-10T15:09:00,"Sector 40, Delhi NCR",0.917
V023,P075,USED,2026-08-11T18:10:00,"Sector 41, Delhi NCR",0.911
V028,P004,USED,2026-08-12T21:11:00,"Sector 42, Delhi NCR",0.829
V003,P013,USED,2026-08-13T00:12:00,"Sector 43, Delhi NCR",0.816
V008,P022,USED,2026-08-14T03:13:00,"Sector 44, Delhi NCR",0.972
V013,P031,USED,2026-08-15T06:14:00,"Sector 45, Delhi NCR",0.827
V018,P040,USED,2026-08-16T09:15:00,"Sector 46, Delhi NCR",0.886
V023,P049,USED,2026-08-17T12:16:00,"Sector 47, Delhi NCR",0.822
V028,P058,USED,2026-08-18T15:17:00,"Sector 48, Delhi NCR",0.832
V003,P067,USED,2026-08-19T18:18:00,"Sector 49, Delhi NCR",0.815
V008,P076,USED,2026-08-20T21:19:00,"Sector 50, Delhi NCR",0.871
V013,P005,USED,2026-08-21T00:20:00,"Sector 51, Delhi NCR",0.869
V018,P014,USED,2026-08-22T03:21:00,"Sector 52, Delhi NCR",0.79
V023,P023,USED,2026-08-23T06:22:00,"Sector 53, Delhi NCR",0.801
V028,P032,USED,2026-08-24T09:23:00,"Sector 54, Delhi NCR",0.949
V003,P041,USED,2026-08-25T12:24:00,"Sector 55, Delhi NCR",0.888
V008,P050,USED,2026-08-26T15:25:00,"Sector 56, Delhi NCR",0.961
V013,P059,USED,2026-08-27T18:26:00,"Sector 57, Delhi NCR",0.911
V018,P068,USED,2026-08-28T21:27:00,"Sector 58, Delhi NCR",0.876
V023,P077,USED,2026-08-29T00:28:00,"Sector 59, Delhi NCR",0.839
V028,P006,USED,2026-08-30T03:29:00,"Sector 60, Delhi NCR",0.972
V003,P015,USED,2026-08-01T06:30:00,"Sector 61, Delhi NCR",0.856
V008,P024,USED,2026-08-02T09:31:00,"Sector 62, Delhi NCR",0.926
V013,P033,USED,2026-08-03T12:32:00,"Sector 63, Delhi NCR",0.813
V018,P042,USED,2026-08-04T15:33:00,"Sector 64, Delhi NCR",0.872
V023,P051,USED,2026-08-05T18:34:00,"Sector 65, Delhi NCR",0.906
V028,P060,USED,2026-08-06T21:35:00,"Sector 66, Delhi NCR",0.939
V003,P069,USED,2026-08-07T00:36:00,"Sector 67, Delhi NCR",0.922
V008,P078,USED,2026-08-08T03:37:00,"Sector 68, Delhi NCR",0.922
V013,P007,USED,2026-08-09T06:38:00,"Sector 69, Delhi NCR",0.904
V018,P016,USED,2026-08-10T09:39:00,"Sector 70, Delhi NCR",0.764
V023,P025,USED,2026-08-11T12:40:00,"Sector 71, Delhi NCR",0.822
V028,P034,USED,2026-08-12T15:41:00,"Sector 72, Delhi NCR",0.9
V003,P043,USED,2026-08-13T18:42:00,"Sector 73, Delhi NCR",0.869
V008,P052,USED,2026-08-14T21:43:00,"Sector 74, Delhi NCR",0.774
V013,P061,USED,2026-08-15T00:44:00,"Sector 75, Delhi NCR",0.954
V018,P070,USED,2026-08-16T03:45:00,"Sector 76, Delhi NCR",0.969
V023,P079,USED,2026-08-17T06:46:00,"Sector 77, Delhi NCR",0.784
V028,P008,USED,2026-08-18T09:47:00,"Sector 78, Delhi NCR",0.936
V003,P017,USED,2026-08-19T12:48:00,"Sector 79, Delhi NCR",0.893
V008,P026,USED,2026-08-20T15:49:00,"Sector 80, Delhi NCR",0.878
V013,P035,USED,2026-08-21T18:50:00,"Sector 81, Delhi NCR",0.947
V018,P044,USED,2026-08-22T21:51:00,"Sector 82, Delhi NCR",0.812
V023,P053,USED,2026-08-23T00:52:00,"Sector 83, Delhi NCR",0.896
V028,P062,USED,2026-08-24T03:53:00,"Sector 84, Delhi NCR",0.978
V003,P071,USED,2026-08-25T06:54:00,"Sector 85, Delhi NCR",0.761
V008,P080,USED,2026-08-26T09:55:00,"Sector 86, Delhi NCR",0.899
V013,P009,USED,2026-08-27T12:56:00,"Sector 87, Delhi NCR",0.914
V018,P018,USED,2026-08-28T15:57:00,"Sector 88, Delhi NCR",0.803
V023,P027,USED,2026-08-29T18:58:00,"Sector 89, Delhi NCR",0.844
V028,P036,USED,2026-08-30T21:59:00,"Sector 90, Delhi NCR",0.917
V003,P045,USED,2026-08-01T00:00:00,"Sector 1, Delhi NCR",0.953
V008,P054,USED,2026-08-02T03:01:00,"Sector 2, Delhi NCR",0.976
V013,P063,USED,2026-08-03T06:02:00,"Sector 3, Delhi NCR",0.866
V018,P072,USED,2026-08-04T09:03:00,"Sector 4, Delhi NCR",0.863
V023,P001,USED,2026-08-05T12:04:00,"Sector 5, Delhi NCR",0.963
V028,P010,USED,2026-08-06T15:05:00,"Sector 6, Delhi NCR",0.847
V003,P019,USED,2026-08-07T18:06:00,"Sector 7, Delhi NCR",0.9
V008,P028,USED,2026-08-08T21:07:00,"Sector 8, Delhi NCR",0.876
V013,P037,USED,2026-08-09T00:08:00,"Sector 9, Delhi NCR",0.923
V018,P046,USED,2026-08-10T03:09:00,"Sector 10, Delhi NCR",0.979
V023,P055,USED,2026-08-11T06:10:00,"Sector 11, Delhi NCR",0.912
V028,P064,USED,2026-08-12T09:11:00,"Sector 12, Delhi NCR",0.98
V003,P073,USED,2026-08-13T12:12:00,"Sector 13, Delhi NCR",0.949
V008,P002,USED,2026-08-14T15:13:00,"Sector 14, Delhi NCR",0.917
V013,P011,USED,2026-08-15T18:14:00,"Sector 15, Delhi NCR",0.918
V018,P020,USED,2026-08-16T21:15:00,"Sector 16, Delhi NCR",0.893
V023,P029,USED,2026-08-17T00:16:00,"Sector 17, Delhi NCR",0.934
V028,P038,USED,2026-08-18T03:17:00,"Sector 18, Delhi NCR",0.877
V003,P047,USED,2026-08-19T06:18:00,"Sector 19, Delhi NCR",0.825
V008,P056,USED,2026-08-20T09:19:00,"Sector 20, Delhi NCR",0.898
V013,P065,USED,2026-08-21T12:20:00,"Sector 21, Delhi NCR",0.939
V018,P074,USED,2026-08-22T15:21:00,"Sector 22, Delhi NCR",0.773
V023,P003,USED,2026-08-23T18:22:00,"Sector 23, Delhi NCR",0.796
V028,P012,USED,2026-08-24T21:23:00,"Sector 24, Delhi NCR",0.786
V003,P021,USED,2026-08-25T00:24:00,"Sector 25, Delhi NCR",0.803
V008,P030,USED,2026-08-26T03:25:00,"Sector 26, Delhi NCR",0.974
V013,P039,USED,2026-08-27T06:26:00,"Sector 27, Delhi NCR",0.802
V018,P048,USED,2026-08-28T09:27:00,"Sector 28, Delhi NCR",0.925
V023,P057,USED,2026-08-29T12:28:00,"Sector 29, Delhi NCR",0.943
V028,P066,USED,2026-08-30T15:29:00,"Sector 30, Delhi NCR",0.908
V003,P075,USED,2026-08-01T18:30:00,"Sector 31, Delhi NCR",0.842
V008,P004,USED,2026-08-02T21:31:00,"Sector 32, Delhi NCR",0.787
V013,P013,USED,2026-08-03T00:32:00,"Sector 33, Delhi NCR",0.877
V018,P022,USED,2026-08-04T03:33:00,"Sector 34, Delhi NCR",0.808
V023,P031,USED,2026-08-05T06:34:00,"Sector 35, Delhi NCR",0.82
V028,P040,USED,2026-08-06T09:35:00,"Sector 36, Delhi NCR",0.881
V003,P049,USED,2026-08-07T12:36:00,"Sector 37, Delhi NCR",0.869
V008,P058,USED,2026-08-08T15:37:00,"Sector 38, Delhi NCR",0.976
V013,P067,USED,2026-08-09T18:38:00,"Sector 39, Delhi NCR",0.954
V018,P076,USED,2026-08-10T21:39:00,"Sector 40, Delhi NCR",0.97
V023,P005,USED,2026-08-11T00:40:00,"Sector 41, Delhi NCR",0.938
V028,P014,USED,2026-08-12T03:41:00,"Sector 42, Delhi NCR",0.899
V003,P023,USED,2026-08-13T06:42:00,"Sector 43, Delhi NCR",0.877
V008,P032,USED,2026-08-14T09:43:00,"Sector 44, Delhi NCR",0.908
V013,P041,USED,2026-08-15T12:44:00,"Sector 45, Delhi NCR",0.821
V018,P050,USED,2026-08-16T15:45:00,"Sector 46, Delhi NCR",0.904
V023,P059,USED,2026-08-17T18:46:00,"Sector 47, Delhi NCR",0.795
V028,P068,USED,2026-08-18T21:47:00,"Sector 48, Delhi NCR",0.818
V003,P077,USED,2026-08-19T00:48:00,"Sector 49, Delhi NCR",0.926
V008,P006,USED,2026-08-20T03:49:00,"Sector 50, Delhi NCR",0.932
V013,P015,USED,2026-08-21T06:50:00,"Sector 51, Delhi NCR",0.809
V018,P024,USED,2026-08-22T09:51:00,"Sector 52, Delhi NCR",0.961
V023,P033,USED,2026-08-23T12:52:00,"Sector 53, Delhi NCR",0.822
V028,P042,USED,2026-08-24T15:53:00,"Sector 54, Delhi NCR",0.777
V003,P051,USED,2026-08-25T18:54:00,"Sector 55, Delhi NCR",0.938
V008,P060,USED,2026-08-26T21:55:00,"Sector 56, Delhi NCR",0.765
V013,P069,USED,2026-08-27T00:56:00,"Sector 57, Delhi NCR",0.846
V018,P078,USED,2026-08-28T03:57:00,"Sector 58, Delhi NCR",0.938
V023,P007,USED,2026-08-29T06:58:00,"Sector 59, Delhi NCR",0.772
V028,P016,USED,2026-08-30T09:59:00,"Sector 60, Delhi NCR",0.798
V003,P025,USED,2026-08-01T12:00:00,"Sector 61, Delhi NCR",0.774
V008,P034,USED,2026-08-02T15:01:00,"Sector 62, Delhi NCR",0.87
V013,P043,USED,2026-08-03T18:02:00,"Sector 63, Delhi NCR",0.935
V018,P052,USED,2026-08-04T21:03:00,"Sector 64, Delhi NCR",0.819
V023,P061,USED,2026-08-05T00:04:00,"Sector 65, Delhi NCR",0.857
V028,P070,USED,2026-08-06T03:05:00,"Sector 66, Delhi NCR",0.858
V003,P079,USED,2026-08-07T06:06:00,"Sector 67, Delhi NCR",0.867
V008,P008,USED,2026-08-08T09:07:00,"Sector 68, Delhi NCR",0.807
V013,P017,USED,2026-08-09T12:08:00,"Sector 69, Delhi NCR",0.871
V018,P026,USED,2026-08-10T15:09:00,"Sector 70, Delhi NCR",0.826
V023,P035,USED,2026-08-11T18:10:00,"Sector 71, Delhi NCR",0.887
V028,P044,USED,2026-08-12T21:11:00,"Sector 72, Delhi NCR",0.967
V003,P053,USED,2026-08-13T00:12:00,"Sector 73, Delhi NCR",0.771
V008,P062,USED,2026-08-14T03:13:00,"Sector 74, Delhi NCR",0.768
V013,P071,USED,2026-08-15T06:14:00,"Sector 75, Delhi NCR",0.97
V018,P080,USED,2026-08-16T09:15:00,"Sector 76, Delhi NCR",0.793
V023,P009,USED,2026-08-17T12:16:00,"Sector 77, Delhi NCR",0.81
V028,P018,USED,2026-08-18T15:17:00,"Sector 78, Delhi NCR",0.821
V003,P027,USED,2026-08-19T18:18:00,"Sector 79, Delhi NCR",0.814
V008,P036,USED,2026-08-20T21:19:00,"Sector 80, Delhi NCR",0.969
V013,P045,USED,2026-08-21T00:20:00,"Sector 81, Delhi NCR",0.96
V018,P054,USED,2026-08-22T03:21:00,"Sector 82, Delhi NCR",0.787
V023,P063,USED,2026-08-23T06:22:00,"Sector 83, Delhi NCR",0.836
V028,P072,USED,2026-08-24T09:23:00,"Sector 84, Delhi NCR",0.866
V003,P001,USED,2026-08-25T12:24:00,"Sector 85, Delhi NCR",0.935
V008,P010,USED,2026-08-26T15:25:00,"Sector 86, Delhi NCR",0.844
V013,P019,USED,2026-08-27T18:26:00,"Sector 87, Delhi NCR",0.88
V018,P028,USED,2026-08-28T21:27:00,"Sector 88, Delhi NCR",0.862
V023,P037,USED,2026-08-29T00:28:00,"Sector 89, Delhi NCR",0.953
V028,P046,USED,2026-08-30T03:29:00,"Sector 90, Delhi NCR",0.812
V003,P055,USED,2026-08-01T06:30:00,"Sector 1, Delhi NCR",0.879
V008,P064,USED,2026-08-02T09:31:00,"Sector 2, Delhi NCR",0.82
V013,P073,USED,2026-08-03T12:32:00,"Sector 3, Delhi NCR",0.837
V018,P002,USED,2026-08-04T15:33:00,"Sector 4, Delhi NCR",0.85
V023,P011,USED,2026-08-05T18:34:00,"Sector 5, Delhi NCR",0.896
V028,P020,USED,2026-08-06T21:35:00,"Sector 6, Delhi NCR",0.906
V003,P029,USED,2026-08-07T00:36:00,"Sector 7, Delhi NCR",0.969
V008,P038,USED,2026-08-08T03:37:00,"Sector 8, Delhi NCR",0.79
V013,P047,USED,2026-08-09T06:38:00,"Sector 9, Delhi NCR",0.924
V018,P056,USED,2026-08-10T09:39:00,"Sector 10, Delhi NCR",0.93
V023,P065,USED,2026-08-11T12:40:00,"Sector 11, Delhi NCR",0.897
V028,P074,USED,2026-08-12T15:41:00,"Sector 12, Delhi NCR",0.801
V003,P003,USED,2026-08-13T18:42:00,"Sector 13, Delhi NCR",0.921
V008,P012,USED,2026-08-14T21:43:00,"Sector 14, Delhi NCR",0.866
V013,P021,USED,2026-08-15T00:44:00,"Sector 15, Delhi NCR",0.958
V018,P030,USED,2026-08-16T03:45:00,"Sector 16, Delhi NCR",0.859
V023,P039,USED,2026-08-17T06:46:00,"Sector 17, Delhi NCR",0.8
V028,P048,USED,2026-08-18T09:47:00,"Sector 18, Delhi NCR",0.946
V003,P057,USED,2026-08-19T12:48:00,"Sector 19, Delhi NCR",0.79
V008,P066,USED,2026-08-20T15:49:00,"Sector 20, Delhi NCR",0.851
V013,P075,USED,2026-08-21T18:50:00,"Sector 21, Delhi NCR",0.908
V018,P004,USED,2026-08-22T21:51:00,"Sector 22, Delhi NCR",0.959
V023,P013,USED,2026-08-23T00:52:00,"Sector 23, Delhi NCR",0.791
V028,P022,USED,2026-08-24T03:53:00,"Sector 24, Delhi NCR",0.787
V003,P031,USED,2026-08-25T06:54:00,"Sector 25, Delhi NCR",0.892
V008,P040,USED,2026-08-26T09:55:00,"Sector 26, Delhi NCR",0.966
V013,P049,USED,2026-08-27T12:56:00,"Sector 27, Delhi NCR",0.961
V018,P058,USED,2026-08-28T15:57:00,"Sector 28, Delhi NCR",0.878
V023,P067,USED,2026-08-29T18:58:00,"Sector 29, Delhi NCR",0.823
V028,P076,USED,2026-08-30T21:59:00,"Sector 30, Delhi NCR",0.942
V003,P005,USED,2026-08-01T00:00:00,"Sector 31, Delhi NCR",0.821
V008,P014,USED,2026-08-02T03:01:00,"Sector 32, Delhi NCR",0.879
V013,P023,USED,2026-08-03T06:02:00,"Sector 33, Delhi NCR",0.956
V018,P032,USED,2026-08-04T09:03:00,"Sector 34, Delhi NCR",0.807
V023,P041,USED,2026-08-05T12:04:00,"Sector 35, Delhi NCR",0.9
V028,P050,USED,2026-08-06T15:05:00,"Sector 36, Delhi NCR",0.785
V003,P059,USED,2026-08-07T18:06:00,"Sector 37, Delhi NCR",0.882
V008,P068,USED,2026-08-08T21:07:00,"Sector 38, Delhi NCR",0.935
V013,P077,USED,2026-08-09T00:08:00,"Sector 39, Delhi NCR",0.939
V018,P006,USED,2026-08-10T03:09:00,"Sector 40, Delhi NCR",0.948
V023,P015,USED,2026-08-11T06:10:00,"Sector 41, Delhi NCR",0.954
V028,P024,USED,2026-08-12T09:11:00,"Sector 42, Delhi NCR",0.813
V003,P033,USED,2026-08-13T12:12:00,"Sector 43, Delhi NCR",0.962
V008,P042,USED,2026-08-14T15:13:00,"Sector 44, Delhi NCR",0.943
V013,P051,USED,2026-08-15T18:14:00,"Sector 45, Delhi NCR",0.808
V018,P060,USED,2026-08-16T21:15:00,"Sector 46, Delhi NCR",0.949
V023,P069,USED,2026-08-17T00:16:00,"Sector 47, Delhi NCR",0.819
V028,P078,USED,2026-08-18T03:17:00,"Sector 48, Delhi NCR",0.909
V003,P007,USED,2026-08-19T06:18:00,"Sector 49, Delhi NCR",0.81
V008,P016,USED,2026-08-20T09:19:00,"Sector 50, Delhi NCR",0.787
V013,P025,USED,2026-08-21T12:20:00,"Sector 51, Delhi NCR",0.929
V018,P034,USED,2026-08-22T15:21:00,"Sector 52, Delhi NCR",0.866
V023,P043,USED,2026-08-23T18:22:00,"Sector 53, Delhi NCR",0.955
V028,P052,USED,2026-08-24T21:23:00,"Sector 54, Delhi NCR",0.83
V003,P061,USED,2026-08-25T00:24:00,"Sector 55, Delhi NCR",0.951
V008,P070,USED,2026-08-26T03:25:00,"Sector 56, Delhi NCR",0.766
V013,P079,USED,2026-08-27T06:26:00,"Sector 57, Delhi NCR",0.88
V018,P008,USED,2026-08-28T09:27:00,"Sector 58, Delhi NCR",0.795
V023,P017,USED,2026-08-29T12:28:00,"Sector 59, Delhi NCR",0.887
V028,P026,USED,2026-08-30T15:29:00,"Sector 60, Delhi NCR",0.918
V003,P035,USED,2026-08-01T18:30:00,"Sector 61, Delhi NCR",0.784
V008,P044,USED,2026-08-02T21:31:00,"Sector 62, Delhi NCR",0.788
V013,P053,USED,2026-08-03T00:32:00,"Sector 63, Delhi NCR",0.88
V018,P062,USED,2026-08-04T03:33:00,"Sector 64, Delhi NCR",0.845
V023,P071,USED,2026-08-05T06:34:00,"Sector 65, Delhi NCR",0.78
V028,P080,USED,2026-08-06T09:35:00,"Sector 66, Delhi NCR",0.825
V003,P009,USED,2026-08-07T12:36:00,"Sector 67, Delhi NCR",0.864
V008,P018,USED,2026-08-08T15:37:00,"Sector 68, Delhi NCR",0.952
V013,P027,USED,2026-08-09T18:38:00,"Sector 69, Delhi NCR",0.892
V018,P036,USED,2026-08-10T21:39:00,"Sector 70, Delhi NCR",0.972
V023,P045,USED,2026-08-11T00:40:00,"Sector 71, Delhi NCR",0.894
V028,P054,USED,2026-08-12T03:41:00,"Sector 72, Delhi NCR",0.81
V003,P063,USED,2026-08-13T06:42:00,"Sector 73, Delhi NCR",0.958
V008,P072,USED,2026-08-14T09:43:00,"Sector 74, Delhi NCR",0.813
V013,P001,USED,2026-08-15T12:44:00,"Sector 75, Delhi NCR",0.774
V018,P010,USED,2026-08-16T15:45:00,"Sector 76, Delhi NCR",0.764
V023,P019,USED,2026-08-17T18:46:00,"Sector 77, Delhi NCR",0.851
V028,P028,USED,2026-08-18T21:47:00,"Sector 78, Delhi NCR",0.85
V003,P037,USED,2026-08-19T00:48:00,"Sector 79, Delhi NCR",0.832
V008,P046,USED,2026-08-20T03:49:00,"Sector 80, Delhi NCR",0.83
V013,P055,USED,2026-08-21T06:50:00,"Sector 81, Delhi NCR",0.826
V018,P064,USED,2026-08-22T09:51:00,"Sector 82, Delhi NCR",0.945
V023,P073,USED,2026-08-23T12:52:00,"Sector 83, Delhi NCR",0.792
V028,P002,USED,2026-08-24T15:53:00,"Sector 84, Delhi NCR",0.837
V003,P011,USED,2026-08-25T18:54:00,"Sector 85, Delhi NCR",0.912
V008,P020,USED,2026-08-26T21:55:00,"Sector 86, Delhi NCR",0.931
V013,P029,USED,2026-08-27T00:56:00,"Sector 87, Delhi NCR",0.888
V018,P038,USED,2026-08-28T03:57:00,"Sector 88, Delhi NCR",0.884
V023,P047,USED,2026-08-29T06:58:00,"Sector 89, Delhi NCR",0.962
V028,P056,USED,2026-08-30T09:59:00,"Sector 90, Delhi NCR",0.887
V003,P065,USED,2026-08-01T12:00:00,"Sector 1, Delhi NCR",0.859
V008,P074,USED,2026-08-02T15:01:00,"Sector 2, Delhi NCR",0.906
V013,P003,USED,2026-08-03T18:02:00,"Sector 3, Delhi NCR",0.816
V018,P012,USED,2026-08-04T21:03:00,"Sector 4, Delhi NCR",0.762
V023,P021,USED,2026-08-05T00:04:00,"Sector 5, Delhi NCR",0.871
V028,P030,USED,2026-08-06T03:05:00,"Sector 6, Delhi NCR",0.973
V003,P039,USED,2026-08-07T06:06:00,"Sector 7, Delhi NCR",0.973
V008,P048,USED,2026-08-08T09:07:00,"Sector 8, Delhi NCR",0.918
V013,P057,USED,2026-08-09T12:08:00,"Sector 9, Delhi NCR",0.925
V018,P066,USED,2026-08-10T15:09:00,"Sector 10, Delhi NCR",0.955
V023,P075,USED,2026-08-11T18:10:00,"Sector 11, Delhi NCR",0.893
V028,P004,USED,2026-08-12T21:11:00,"Sector 12, Delhi NCR",0.956
V003,P013,USED,2026-08-13T00:12:00,"Sector 13, Delhi NCR",0.795
V008,P022,USED,2026-08-14T03:13:00,"Sector 14, Delhi NCR",0.87
V013,P031,USED,2026-08-15T06:14:00,"Sector 15, Delhi NCR",0.936
V018,P040,USED,2026-08-16T09:15:00,"Sector 16, Delhi NCR",0.776
V023,P049,USED,2026-08-17T12:16:00,"Sector 17, Delhi NCR",0.93
V028,P058,USED,2026-08-18T15:17:00,"Sector 18, Delhi NCR",0.949
V003,P067,USED,2026-08-19T18:18:00,"Sector 19, Delhi NCR",0.898
V008,P076,USED,2026-08-20T21:19:00,"Sector 20, Delhi NCR",0.91
V013,P005,USED,2026-08-21T00:20:00,"Sector 21, Delhi NCR",0.769
V018,P014,USED,2026-08-22T03:21:00,"Sector 22, Delhi NCR",0.809
V023,P023,USED,2026-08-23T06:22:00,"Sector 23, Delhi NCR",0.89
V028,P032,USED,2026-08-24T09:23:00,"Sector 24, Delhi NCR",0.786
V003,P041,USED,2026-08-25T12:24:00,"Sector 25, Delhi NCR",0.79
V008,P050,USED,2026-08-26T15:25:00,"Sector 26, Delhi NCR",0.921
V013,P059,USED,2026-08-27T18:26:00,"Sector 27, Delhi NCR",0.948
V018,P068,USED,2026-08-28T21:27:00,"Sector 28, Delhi NCR",0.823
V023,P077,USED,2026-08-29T00:28:00,"Sector 29, Delhi NCR",0.843
V028,P006,USED,2026-08-30T03:29:00,"Sector 30, Delhi NCR",0.865
V003,P015,USED,2026-08-01T06:30:00,"Sector 31, Delhi NCR",0.933
V008,P024,USED,2026-08-02T09:31:00,"Sector 32, Delhi NCR",0.836
V013,P033,USED,2026-08-03T12:32:00,"Sector 33, Delhi NCR",0.803
V018,P042,USED,2026-08-04T15:33:00,"Sector 34, Delhi NCR",0.916
V023,P051,USED,2026-08-05T18:34:00,"Sector 35, Delhi NCR",0.927
V028,P060,USED,2026-08-06T21:35:00,"Sector 36, Delhi NCR",0.874
V003,P069,USED,2026-08-07T00:36:00,"Sector 37, Delhi NCR",0.932
V008,P078,USED,2026-08-08T03:37:00,"Sector 38, Delhi NCR",0.82
V013,P007,USED,2026-08-09T06:38:00,"Sector 39, Delhi NCR",0.898
V018,P016,USED,2026-08-10T09:39:00,"Sector 40, Delhi NCR",0.909
V023,P025,USED,2026-08-11T12:40:00,"Sector 41, Delhi NCR",0.778
V028,P034,USED,2026-08-12T15:41:00,"Sector 42, Delhi NCR",0.761
V003,P043,USED,2026-08-13T18:42:00,"Sector 43, Delhi NCR",0.838
V008,P052,USED,2026-08-14T21:43:00,"Sector 44, Delhi NCR",0.852
V013,P061,USED,2026-08-15T00:44:00,"Sector 45, Delhi NCR",0.796
V018,P070,USED,2026-08-16T03:45:00,"Sector 46, Delhi NCR",0.81
V023,P079,USED,2026-08-17T06:46:00,"Sector 47, Delhi NCR",0.937
V028,P008,USED,2026-08-18T09:47:00,"Sector 48, Delhi NCR",0.841
V003,P017,USED,2026-08-19T12:48:00,"Sector 49, Delhi NCR",0.821
V008,P026,USED,2026-08-20T15:49:00,"Sector 50, Delhi NCR",0.939
V013,P035,USED,2026-08-21T18:50:00,"Sector 51, Delhi NCR",0.764
V018,P044,USED,2026-08-22T21:51:00,"Sector 52, Delhi NCR",0.778
V023,P053,USED,2026-08-23T00:52:00,"Sector 53, Delhi NCR",0.897
V028,P062,USED,2026-08-24T03:53:00,"Sector 54, Delhi NCR",0.945
V003,P071,USED,2026-08-25T06:54:00,"Sector 55, Delhi NCR",0.953
V008,P080,USED,2026-08-26T09:55:00,"Sector 56, Delhi NCR",0.844
V013,P009,USED,2026-08-27T12:56:00,"Sector 57, Delhi NCR",0.763
V018,P018,USED,2026-08-28T15:57:00,"Sector 58, Delhi NCR",0.93
V023,P027,USED,2026-08-29T18:58:00,"Sector 59, Delhi NCR",0.944
V028,P036,USED,2026-08-30T21:59:00,"Sector 60, Delhi NCR",0.923
V003,P045,USED,2026-08-01T00:00:00,"Sector 61, Delhi NCR",0.766
V008,P054,USED,2026-08-02T03:01:00,"Sector 62, Delhi NCR",0.762
V013,P063,USED,2026-08-03T06:02:00,"Sector 63, Delhi NCR",0.914
V018,P072,USED,2026-08-04T09:03:00,"Sector 64, Delhi NCR",0.769
V023,P001,USED,2026-08-05T12:04:00,"Sector 65, Delhi NCR",0.924
V028,P010,USED,2026-08-06T15:05:00,"Sector 66, Delhi NCR",0.834
V003,P019,USED,2026-08-07T18:06:00,"Sector 67, Delhi NCR",0.935
V008,P028,USED,2026-08-08T21:07:00,"Sector 68, Delhi NCR",0.778
V013,P037,USED,2026-08-09T00:08:00,"Sector 69, Delhi NCR",0.98
V018,P046,USED,2026-08-10T03:09:00,"Sector 70, Delhi NCR",0.95
V023,P055,USED,2026-08-11T06:10:00,"Sector 71, Delhi NCR",0.77
V028,P064,USED,2026-08-12T09:11:00,"Sector 72, Delhi NCR",0.942
V003,P073,USED,2026-08-13T12:12:00,"Sector 73, Delhi NCR",0.973
V008,P002,USED,2026-08-14T15:13:00,"Sector 74, Delhi NCR",0.907
V013,P011,USED,2026-08-15T18:14:00,"Sector 75, Delhi NCR",0.764
V018,P020,USED,2026-08-16T21:15:00,"Sector 76, Delhi NCR",0.785
V023,P029,USED,2026-08-17T00:16:00,"Sector 77, Delhi NCR",0.93
V028,P038,USED,2026-08-18T03:17:00,"Sector 78, Delhi NCR",0.857
V003,P047,USED,2026-08-19T06:18:00,"Sector 79, Delhi NCR",0.856
V008,P056,USED,2026-08-20T09:19:00,"Sector 80, Delhi NCR",0.835
V013,P065,USED,2026-08-21T12:20:00,"Sector 81, Delhi NCR",0.873
V018,P074,USED,2026-08-22T15:21:00,"Sector 82, Delhi NCR",0.846
V023,P003,USED,2026-08-23T18:22:00,"Sector 83, Delhi NCR",0.888
V028,P012,USED,2026-08-24T21:23:00,"Sector 84, Delhi NCR",0.949
V003,P021,USED,2026-08-25T00:24:00,"Sector 85, Delhi NCR",0.784
V008,P030,USED,2026-08-26T03:25:00,"Sector 86, Delhi NCR",0.814
V013,P039,USED,2026-08-27T06:26:00,"Sector 87, Delhi NCR",0.84
V018,P048,USED,2026-08-28T09:27:00,"Sector 88, Delhi NCR",0.943
V023,P057,USED,2026-08-29T12:28:00,"Sector 89, Delhi NCR",0.888
V028,P066,USED,2026-08-30T15:29:00,"Sector 90, Delhi NCR",0.83
V003,P075,USED,2026-08-01T18:30:00,"Sector 1, Delhi NCR",0.9
V008,P004,USED,2026-08-02T21:31:00,"Sector 2, Delhi NCR",0.818
V013,P013,USED,2026-08-03T00:32:00,"Sector 3, Delhi NCR",0.803
V018,P022,USED,2026-08-04T03:33:00,"Sector 4, Delhi NCR",0.944
V023,P031,USED,2026-08-05T06:34:00,"Sector 5, Delhi NCR",0.866
V028,P040,USED,2026-08-06T09:35:00,"Sector 6, Delhi NCR",0.959
V003,P049,USED,2026-08-07T12:36:00,"Sector 7, Delhi NCR",0.977
V008,P058,USED,2026-08-08T15:37:00,"Sector 8, Delhi NCR",0.879
V013,P067,USED,2026-08-09T18:38:00,"Sector 9, Delhi NCR",0.949
V018,P076,USED,2026-08-10T21:39:00,"Sector 10, Delhi NCR",0.783
V023,P005,USED,2026-08-11T00:40:00,"Sector 11, Delhi NCR",0.787
V028,P014,USED,2026-08-12T03:41:00,"Sector 12, Delhi NCR",0.829
V003,P023,USED,2026-08-13T06:42:00,"Sector 13, Delhi NCR",0.948
V008,P032,USED,2026-08-14T09:43:00,"Sector 14, Delhi NCR",0.877
V013,P041,USED,2026-08-15T12:44:00,"Sector 15, Delhi NCR",0.819
V018,P050,USED,2026-08-16T15:45:00,"Sector 16, Delhi NCR",0.979
V023,P059,USED,2026-08-17T18:46:00,"Sector 17, Delhi NCR",0.972
V028,P068,USED,2026-08-18T21:47:00,"Sector 18, Delhi NCR",0.93
V003,P077,USED,2026-08-19T00:48:00,"Sector 19, Delhi NCR",0.802
V008,P006,USED,2026-08-20T03:49:00,"Sector 20, Delhi NCR",0.978
V013,P015,USED,2026-08-21T06:50:00,"Sector 21, Delhi NCR",0.889
V018,P024,USED,2026-08-22T09:51:00,"Sector 22, Delhi NCR",0.935
V023,P033,USED,2026-08-23T12:52:00,"Sector 23, Delhi NCR",0.906
V028,P042,USED,2026-08-24T15:53:00,"Sector 24, Delhi NCR",0.888
V003,P051,USED,2026-08-25T18:54:00,"Sector 25, Delhi NCR",0.768
V008,P060,USED,2026-08-26T21:55:00,"Sector 26, Delhi NCR",0.779
V013,P069,USED,2026-08-27T00:56:00,"Sector 27, Delhi NCR",0.897
V018,P078,USED,2026-08-28T03:57:00,"Sector 28, Delhi NCR",0.818
V023,P007,USED,2026-08-29T06:58:00,"Sector 29, Delhi NCR",0.885
V028,P016,USED,2026-08-30T09:59:00,"Sector 30, Delhi NCR",0.817
V003,P025,USED,2026-08-01T12:00:00,"Sector 31, Delhi NCR",0.921
V008,P034,USED,2026-08-02T15:01:00,"Sector 32, Delhi NCR",0.856
V013,P043,USED,2026-08-03T18:02:00,"Sector 33, Delhi NCR",0.793
V018,P052,USED,2026-08-04T21:03:00,"Sector 34, Delhi NCR",0.868
V023,P061,USED,2026-08-05T00:04:00,"Sector 35, Delhi NCR",0.805
V028,P070,USED,2026-08-06T03:05:00,"Sector 36, Delhi NCR",0.87
V003,P079,USED,2026-08-07T06:06:00,"Sector 37, Delhi NCR",0.959
V008,P008,USED,2026-08-08T09:07:00,"Sector 38, Delhi NCR",0.842
V013,P017,USED,2026-08-09T12:08:00,"Sector 39, Delhi NCR",0.762
V018,P026,USED,2026-08-10T15:09:00,"Sector 40, Delhi NCR",0.915
V023,P035,USED,2026-08-11T18:10:00,"Sector 41, Delhi NCR",0.859
V028,P044,USED,2026-08-12T21:11:00,"Sector 42, Delhi NCR",0.853
V003,P053,USED,2026-08-13T00:12:00,"Sector 43, Delhi NCR",0.815
V008,P062,USED,2026-08-14T03:13:00,"Sector 44, Delhi NCR",0.925
V013,P071,USED,2026-08-15T06:14:00,"Sector 45, Delhi NCR",0.891
V018,P080,USED,2026-08-16T09:15:00,"Sector 46, Delhi NCR",0.82
V023,P009,USED,2026-08-17T12:16:00,"Sector 47, Delhi NCR",0.788
V028,P018,USED,2026-08-18T15:17:00,"Sector 48, Delhi NCR",0.887
V003,P027,USED,2026-08-19T18:18:00,"Sector 49, Delhi NCR",0.903
V008,P036,USED,2026-08-20T21:19:00,"Sector 50, Delhi NCR",0.832
V013,P045,USED,2026-08-21T00:20:00,"Sector 51, Delhi NCR",0.778
V018,P054,USED,2026-08-22T03:21:00,"Sector 52, Delhi NCR",0.772
V023,P063,USED,2026-08-23T06:22:00,"Sector 53, Delhi NCR",0.783
V028,P072,USED,2026-08-24T09:23:00,"Sector 54, Delhi NCR",0.867
V003,P001,USED,2026-08-25T12:24:00,"Sector 55, Delhi NCR",0.782
V008,P010,USED,2026-08-26T15:25:00,"Sector 56, Delhi NCR",0.851
V013,P019,USED,2026-08-27T18:26:00,"Sector 57, Delhi NCR",0.972
V018,P028,USED,2026-08-28T21:27:00,"Sector 58, Delhi NCR",0.892
V023,P037,USED,2026-08-29T00:28:00,"Sector 59, Delhi NCR",0.811
V028,P046,USED,2026-08-30T03:29:00,"Sector 60, Delhi NCR",0.852
V003,P055,USED,2026-08-01T06:30:00,"Sector 61, Delhi NCR",0.902
V008,P064,USED,2026-08-02T09:31:00,"Sector 62, Delhi NCR",0.887
V013,P073,USED,2026-08-03T12:32:00,"Sector 63, Delhi NCR",0.843
V018,P002,USED,2026-08-04T15:33:00,"Sector 64, Delhi NCR",0.8
V023,P011,USED,2026-08-05T18:34:00,"Sector 65, Delhi NCR",0.863
V028,P020,USED,2026-08-06T21:35:00,"Sector 66, Delhi NCR",0.863
V003,P029,USED,2026-08-07T00:36:00,"Sector 67, Delhi NCR",0.849
V008,P038,USED,2026-08-08T03:37:00,"Sector 68, Delhi NCR",0.85
V013,P047,USED,2026-08-09T06:38:00,"Sector 69, Delhi NCR",0.774
V018,P056,USED,2026-08-10T09:39:00,"Sector 70, Delhi NCR",0.834
V023,P065,USED,2026-08-11T12:40:00,"Sector 71, Delhi NCR",0.81
V028,P074,USED,2026-08-12T15:41:00,"Sector 72, Delhi NCR",0.856
V003,P003,USED,2026-08-13T18:42:00,"Sector 73, Delhi NCR",0.898
V008,P012,USED,2026-08-14T21:43:00,"Sector 74, Delhi NCR",0.873
V013,P021,USED,2026-08-15T00:44:00,"Sector 75, Delhi NCR",0.927
V018,P030,USED,2026-08-16T03:45:00,"Sector 76, Delhi NCR",0.86
V023,P039,USED,2026-08-17T06:46:00,"Sector 77, Delhi NCR",0.779
V028,P048,USED,2026-08-18T09:47:00,"Sector 78, Delhi NCR",0.886
V003,P057,USED,2026-08-19T12:48:00,"Sector 79, Delhi NCR",0.846
V008,P066,USED,2026-08-20T15:49:00,"Sector 80, Delhi NCR",0.917
V013,P075,USED,2026-08-21T18:50:00,"Sector 81, Delhi NCR",0.874
V018,P004,USED,2026-08-22T21:51:00,"Sector 82, Delhi NCR",0.924
V023,P013,USED,2026-08-23T00:52:00,"Sector 83, Delhi NCR",0.939
V028,P022,USED,2026-08-24T03:53:00,"Sector 84, Delhi NCR",0.813
V003,P031,USED,2026-08-25T06:54:00,"Sector 85, Delhi NCR",0.773
V008,P040,USED,2026-08-26T09:55:00,"Sector 86, Delhi NCR",0.853
V013,P049,USED,2026-08-27T12:56:00,"Sector 87, Delhi NCR",0.765
V018,P058,USED,2026-08-28T15:57:00,"Sector 88, Delhi NCR",0.763
V023,P067,USED,2026-08-29T18:58:00,"Sector 89, Delhi NCR",0.964
V028,P076,USED,2026-08-30T21:59:00,"Sector 90, Delhi NCR",0.761
V003,P005,USED,2026-08-01T00:00:00,"Sector 1, Delhi NCR",0.786
V008,P014,USED,2026-08-02T03:01:00,"Sector 2, Delhi NCR",0.94
V013,P023,USED,2026-08-03T06:02:00,"Sector 3, Delhi NCR",0.949
V018,P032,USED,2026-08-04T09:03:00,"Sector 4, Delhi NCR",0.971
V023,P041,USED,2026-08-05T12:04:00,"Sector 5, Delhi NCR",0.762
V028,P050,USED,2026-08-06T15:05:00,"Sector 6, Delhi NCR",0.88
V003,P059,USED,2026-08-07T18:06:00,"Sector 7, Delhi NCR",0.978
V008,P068,USED,2026-08-08T21:07:00,"Sector 8, Delhi NCR",0.947
V013,P077,USED,2026-08-09T00:08:00,"Sector 9, Delhi NCR",0.824
V018,P006,USED,2026-08-10T03:09:00,"Sector 10, Delhi NCR",0.817
V023,P015,USED,2026-08-11T06:10:00,"Sector 11, Delhi NCR",0.949
V028,P024,USED,2026-08-12T09:11:00,"Sector 12, Delhi NCR",0.872
V003,P033,USED,2026-08-13T12:12:00,"Sector 13, Delhi NCR",0.977
V008,P042,USED,2026-08-14T15:13:00,"Sector 14, Delhi NCR",0.788
V013,P051,USED,2026-08-15T18:14:00,"Sector 15, Delhi NCR",0.903
V018,P060,USED,2026-08-16T21:15:00,"Sector 16, Delhi NCR",0.779
V023,P069,USED,2026-08-17T00:16:00,"Sector 17, Delhi NCR",0.977
V028,P078,USED,2026-08-18T03:17:00,"Sector 18, Delhi NCR",0.973
V003,P007,USED,2026-08-19T06:18:00,"Sector 19, Delhi NCR",0.775
V008,P016,USED,2026-08-20T09:19:00,"Sector 20, Delhi NCR",0.816
V013,P025,USED,2026-08-21T12:20:00,"Sector 21, Delhi NCR",0.84
V018,P034,USED,2026-08-22T15:21:00,"Sector 22, Delhi NCR",0.965
V023,P043,USED,2026-08-23T18:22:00,"Sector 23, Delhi NCR",0.883
V028,P052,USED,2026-08-24T21:23:00,"Sector 24, Delhi NCR",0.82
V003,P061,USED,2026-08-25T00:24:00,"Sector 25, Delhi NCR",0.879
V008,P070,USED,2026-08-26T03:25:00,"Sector 26, Delhi NCR",0.87
V013,P079,USED,2026-08-27T06:26:00,"Sector 27, Delhi NCR",0.892
V018,P008,USED,2026-08-28T09:27:00,"Sector 28, Delhi NCR",0.775
V023,P017,USED,2026-08-29T12:28:00,"Sector 29, Delhi NCR",0.959
V028,P026,USED,2026-08-30T15:29:00,"Sector 30, Delhi NCR",0.87
V003,P035,USED,2026-08-01T18:30:00,"Sector 31, Delhi NCR",0.934
V008,P044,USED,2026-08-02T21:31:00,"Sector 32, Delhi NCR",0.863
V013,P053,USED,2026-08-03T00:32:00,"Sector 33, Delhi NCR",0.871
V018,P062,USED,2026-08-04T03:33:00,"Sector 34, Delhi NCR",0.839
V023,P071,USED,2026-08-05T06:34:00,"Sector 35, Delhi NCR",0.781
V028,P080,USED,2026-08-06T09:35:00,"Sector 36, Delhi NCR",0.865
V003,P009,USED,2026-08-07T12:36:00,"Sector 37, Delhi NCR",0.764
V008,P018,USED,2026-08-08T15:37:00,"Sector 38, Delhi NCR",0.768
V013,P027,USED,2026-08-09T18:38:00,"Sector 39, Delhi NCR",0.893
V018,P036,USED,2026-08-10T21:39:00,"Sector 40, Delhi NCR",0.97
V023,P045,USED,2026-08-11T00:40:00,"Sector 41, Delhi NCR",0.825
V028,P054,USED,2026-08-12T03:41:00,"Sector 42, Delhi NCR",0.945
V003,P063,USED,2026-08-13T06:42:00,"Sector 43, Delhi NCR",0.865
V008,P072,USED,2026-08-14T09:43:00,"Sector 44, Delhi NCR",0.874
V013,P001,USED,2026-08-15T12:44:00,"Sector 45, Delhi NCR",0.909
V018,P010,USED,2026-08-16T15:45:00,"Sector 46, Delhi NCR",0.91
V023,P019,USED,2026-08-17T18:46:00,"Sector 47, Delhi NCR",0.968
V028,P028,USED,2026-08-18T21:47:00,"Sector 48, Delhi NCR",0.782
V003,P037,USED,2026-08-19T00:48:00,"Sector 49, Delhi NCR",0.938
V008,P046,USED,2026-08-20T03:49:00,"Sector 50, Delhi NCR",0.813
V013,P055,USED,2026-08-21T06:50:00,"Sector 51, Delhi NCR",0.897
V018,P064,USED,2026-08-22T09:51:00,"Sector 52, Delhi NCR",0.93
V023,P073,USED,2026-08-23T12:52:00,"Sector 53, Delhi NCR",0.964
V028,P002,USED,2026-08-24T15:53:00,"Sector 54, Delhi NCR",0.775
V003,P011,USED,2026-08-25T18:54:00,"Sector 55, Delhi NCR",0.837
V008,P020,USED,2026-08-26T21:55:00,"Sector 56, Delhi NCR",0.849
V013,P029,USED,2026-08-27T00:56:00,"Sector 57, Delhi NCR",0.895
V018,P038,USED,2026-08-28T03:57:00,"Sector 58, Delhi NCR",0.899
V023,P047,USED,2026-08-29T06:58:00,"Sector 59, Delhi NCR",0.883
V028,P056,USED,2026-08-30T09:59:00,"Sector 60, Delhi NCR",0.89
V003,P065,USED,2026-08-01T12:00:00,"Sector 61, Delhi NCR",0.931
V008,P074,USED,2026-08-02T15:01:00,"Sector 62, Delhi NCR",0.923
V013,P003,USED,2026-08-03T18:02:00,"Sector 63, Delhi NCR",0.906
V018,P012,USED,2026-08-04T21:03:00,"Sector 64, Delhi NCR",0.761
V023,P021,USED,2026-08-05T00:04:00,"Sector 65, Delhi NCR",0.959
V028,P030,USED,2026-08-06T03:05:00,"Sector 66, Delhi NCR",0.941
V003,P039,USED,2026-08-07T06:06:00,"Sector 67, Delhi NCR",0.892
V008,P048,USED,2026-08-08T09:07:00,"Sector 68, Delhi NCR",0.934
V013,P057,USED,2026-08-09T12:08:00,"Sector 69, Delhi NCR",0.797
V018,P066,USED,2026-08-10T15:09:00,"Sector 70, Delhi NCR",0.769
V023,P075,USED,2026-08-11T18:10:00,"Sector 71, Delhi NCR",0.894
V028,P004,USED,2026-08-12T21:11:00,"Sector 72, Delhi NCR",0.955
V003,P013,USED,2026-08-13T00:12:00,"Sector 73, Delhi NCR",0.767
V008,P022,USED,2026-08-14T03:13:00,"Sector 74, Delhi NCR",0.961
V013,P031,USED,2026-08-15T06:14:00,"Sector 75, Delhi NCR",0.825
V018,P040,USED,2026-08-16T09:15:00,"Sector 76, Delhi NCR",0.811
V023,P049,USED,2026-08-17T12:16:00,"Sector 77, Delhi NCR",0.83
V028,P058,USED,2026-08-18T15:17:00,"Sector 78, Delhi NCR",0.97
V003,P067,USED,2026-08-19T18:18:00,"Sector 79, Delhi NCR",0.811
V008,P076,USED,2026-08-20T21:19:00,"Sector 80, Delhi NCR",0.795
V013,P005,USED,2026-08-21T00:20:00,"Sector 81, Delhi NCR",0.875
V018,P014,USED,2026-08-22T03:21:00,"Sector 82, Delhi NCR",0.966
V023,P023,USED,2026-08-23T06:22:00,"Sector 83, Delhi NCR",0.925
V028,P032,USED,2026-08-24T09:23:00,"Sector 84, Delhi NCR",0.772
V003,P041,USED,2026-08-25T12:24:00,"Sector 85, Delhi NCR",0.921
V008,P050,USED,2026-08-26T15:25:00,"Sector 86, Delhi NCR",0.807
V013,P059,USED,2026-08-27T18:26:00,"Sector 87, Delhi NCR",0.879
V018,P068,USED,2026-08-28T21:27:00,"Sector 88, Delhi NCR",0.963
V023,P077,USED,2026-08-29T00:28:00,"Sector 89, Delhi NCR",0.902
V028,P006,USED,2026-08-30T03:29:00,"Sector 90, Delhi NCR",0.961
V003,P015,USED,2026-08-01T06:30:00,"Sector 1, Delhi NCR",0.831
V008,P024,USED,2026-08-02T09:31:00,"Sector 2, Delhi NCR",0.842
V013,P033,USED,2026-08-03T12:32:00,"Sector 3, Delhi NCR",0.868
V018,P042,USED,2026-08-04T15:33:00,"Sector 4, Delhi NCR",0.956
V023,P051,USED,2026-08-05T18:34:00,"Sector 5, Delhi NCR",0.871
V028,P060,USED,2026-08-06T21:35:00,"Sector 6, Delhi NCR",0.872
V003,P069,USED,2026-08-07T00:36:00,"Sector 7, Delhi NCR",0.821
V008,P078,USED,2026-08-08T03:37:00,"Sector 8, Delhi NCR",0.914
V013,P007,USED,2026-08-09T06:38:00,"Sector 9, Delhi NCR",0.961
V018,P016,USED,2026-08-10T09:39:00,"Sector 10, Delhi NCR",0.928
V023,P025,USED,2026-08-11T12:40:00,"Sector 11, Delhi NCR",0.82
V028,P034,USED,2026-08-12T15:41:00,"Sector 12, Delhi NCR",0.871
V003,P043,USED,2026-08-13T18:42:00,"Sector 13, Delhi NCR",0.789
V008,P052,USED,2026-08-14T21:43:00,"Sector 14, Delhi NCR",0.976
V013,P061,USED,2026-08-15T00:44:00,"Sector 15, Delhi NCR",0.871
V018,P070,USED,2026-08-16T03:45:00,"Sector 16, Delhi NCR",0.931
V023,P079,USED,2026-08-17T06:46:00,"Sector 17, Delhi NCR",0.829
V028,P008,USED,2026-08-18T09:47:00,"Sector 18, Delhi NCR",0.762
V003,P017,USED,2026-08-19T12:48:00,"Sector 19, Delhi NCR",0.818
V008,P026,USED,2026-08-20T15:49:00,"Sector 20, Delhi NCR",0.977
V013,P035,USED,2026-08-21T18:50:00,"Sector 21, Delhi NCR",0.931
V018,P044,USED,2026-08-22T21:51:00,"Sector 22, Delhi NCR",0.882
V023,P053,USED,2026-08-23T00:52:00,"Sector 23, Delhi NCR",0.906
V028,P062,USED,2026-08-24T03:53:00,"Sector 24, Delhi NCR",0.764
V003,P071,USED,2026-08-25T06:54:00,"Sector 25, Delhi NCR",0.798
V008,P080,USED,2026-08-26T09:55:00,"Sector 26, Delhi NCR",0.819
V013,P009,USED,2026-08-27T12:56:00,"Sector 27, Delhi NCR",0.975
V018,P018,USED,2026-08-28T15:57:00,"Sector 28, Delhi NCR",0.868
V023,P027,USED,2026-08-29T18:58:00,"Sector 29, Delhi NCR",0.844
V028,P036,USED,2026-08-30T21:59:00,"Sector 30, Delhi NCR",0.925
V003,P045,USED,2026-08-01T00:00:00,"Sector 31, Delhi NCR",0.933
V008,P054,USED,2026-08-02T03:01:00,"Sector 32, Delhi NCR",0.823
V013,P063,USED,2026-08-03T06:02:00,"Sector 33, Delhi NCR",0.868
V018,P072,USED,2026-08-04T09:03:00,"Sector 34, Delhi NCR",0.888
V023,P001,USED,2026-08-05T12:04:00,"Sector 35, Delhi NCR",0.78
V028,P010,USED,2026-08-06T15:05:00,"Sector 36, Delhi NCR",0.838
V003,P019,USED,2026-08-07T18:06:00,"Sector 37, Delhi NCR",0.966
V008,P028,USED,2026-08-08T21:07:00,"Sector 38, Delhi NCR",0.978
V013,P037,USED,2026-08-09T00:08:00,"Sector 39, Delhi NCR",0.882
V018,P046,USED,2026-08-10T03:09:00,"Sector 40, Delhi NCR",0.769
V023,P055,USED,2026-08-11T06:10:00,"Sector 41, Delhi NCR",0.857
V028,P064,USED,2026-08-12T09:11:00,"Sector 42, Delhi NCR",0.913
V003,P073,USED,2026-08-13T12:12:00,"Sector 43, Delhi NCR",0.879
V008,P002,USED,2026-08-14T15:13:00,"Sector 44, Delhi NCR",0.825
V013,P011,USED,2026-08-15T18:14:00,"Sector 45, Delhi NCR",0.921
V018,P020,USED,2026-08-16T21:15:00,"Sector 46, Delhi NCR",0.845
V023,P029,USED,2026-08-17T00:16:00,"Sector 47, Delhi NCR",0.783
V028,P038,USED,2026-08-18T03:17:00,"Sector 48, Delhi NCR",0.838
V003,P047,USED,2026-08-19T06:18:00,"Sector 49, Delhi NCR",0.856
V008,P056,USED,2026-08-20T09:19:00,"Sector 50, Delhi NCR",0.971
V013,P065,USED,2026-08-21T12:20:00,"Sector 51, Delhi NCR",0.772
V018,P074,USED,2026-08-22T15:21:00,"Sector 52, Delhi NCR",0.783
V023,P003,USED,2026-08-23T18:22:00,"Sector 53, Delhi NCR",0.912
V028,P012,USED,2026-08-24T21:23:00,"Sector 54, Delhi NCR",0.799
V003,P021,USED,2026-08-25T00:24:00,"Sector 55, Delhi NCR",0.879
V008,P030,USED,2026-08-26T03:25:00,"Sector 56, Delhi NCR",0.97
V013,P039,USED,2026-08-27T06:26:00,"Sector 57, Delhi NCR",0.915
V018,P048,USED,2026-08-28T09:27:00,"Sector 58, Delhi NCR",0.912
V023,P057,USED,2026-08-29T12:28:00,"Sector 59, Delhi NCR",0.904
V028,P066,USED,2026-08-30T15:29:00,"Sector 60, Delhi NCR",0.772
V003,P075,USED,2026-08-01T18:30:00,"Sector 61, Delhi NCR",0.925
V008,P004,USED,2026-08-02T21:31:00,"Sector 62, Delhi NCR",0.827
V013,P013,USED,2026-08-03T00:32:00,"Sector 63, Delhi NCR",0.952
V018,P022,USED,2026-08-04T03:33:00,"Sector 64, Delhi NCR",0.816
V023,P031,USED,2026-08-05T06:34:00,"Sector 65, Delhi NCR",0.87
V028,P040,USED,2026-08-06T09:35:00,"Sector 66, Delhi NCR",0.965
V003,P049,USED,2026-08-07T12:36:00,"Sector 67, Delhi NCR",0.82
V008,P058,USED,2026-08-08T15:37:00,"Sector 68, Delhi NCR",0.833
V013,P067,USED,2026-08-09T18:38:00,"Sector 69, Delhi NCR",0.79
V018,P076,USED,2026-08-10T21:39:00,"Sector 70, Delhi NCR",0.874
V023,P005,USED,2026-08-11T00:40:00,"Sector 71, Delhi NCR",0.814
V028,P014,USED,2026-08-12T03:41:00,"Sector 72, Delhi NCR",0.956
V003,P023,USED,2026-08-13T06:42:00,"Sector 73, Delhi NCR",0.865
V008,P032,USED,2026-08-14T09:43:00,"Sector 74, Delhi NCR",0.887
V013,P041,USED,2026-08-15T12:44:00,"Sector 75, Delhi NCR",0.817
V018,P050,USED,2026-08-16T15:45:00,"Sector 76, Delhi NCR",0.858
V023,P059,USED,2026-08-17T18:46:00,"Sector 77, Delhi NCR",0.858
V028,P068,USED,2026-08-18T21:47:00,"Sector 78, Delhi NCR",0.878
V003,P077,USED,2026-08-19T00:48:00,"Sector 79, Delhi NCR",0.808
V008,P006,USED,2026-08-20T03:49:00,"Sector 80, Delhi NCR",0.787
V013,P015,USED,2026-08-21T06:50:00,"Sector 81, Delhi NCR",0.791
V018,P024,USED,2026-08-22T09:51:00,"Sector 82, Delhi NCR",0.902
V023,P033,USED,2026-08-23T12:52:00,"Sector 83, Delhi NCR",0.923
V028,P042,USED,2026-08-24T15:53:00,"Sector 84, Delhi NCR",0.86
V003,P051,USED,2026-08-25T18:54:00,"Sector 85, Delhi NCR",0.854
V008,P060,USED,2026-08-26T21:55:00,"Sector 86, Delhi NCR",0.888
V013,P069,USED,2026-08-27T00:56:00,"Sector 87, Delhi NCR",0.975
V018,P078,USED,2026-08-28T03:57:00,"Sector 88, Delhi NCR",0.847
V023,P007,USED,2026-08-29T06:58:00,"Sector 89, Delhi NCR",0.931
V028,P016,USED,2026-08-30T09:59:00,"Sector 90, Delhi NCR",0.919
V003,P025,USED,2026-08-01T12:00:00,"Sector 1, Delhi NCR",0.842
V008,P034,USED,2026-08-02T15:01:00,"Sector 2, Delhi NCR",0.842
V013,P043,USED,2026-08-03T18:02:00,"Sector 3, Delhi NCR",0.879
V018,P052,USED,2026-08-04T21:03:00,"Sector 4, Delhi NCR",0.919
V023,P061,USED,2026-08-05T00:04:00,"Sector 5, Delhi NCR",0.861
V028,P070,USED,2026-08-06T03:05:00,"Sector 6, Delhi NCR",0.805
V003,P079,USED,2026-08-07T06:06:00,"Sector 7, Delhi NCR",0.83
V008,P008,USED,2026-08-08T09:07:00,"Sector 8, Delhi NCR",0.892
V013,P017,USED,2026-08-09T12:08:00,"Sector 9, Delhi NCR",0.775
V018,P026,USED,2026-08-10T15:09:00,"Sector 10, Delhi NCR",0.778
V023,P035,USED,2026-08-11T18:10:00,"Sector 11, Delhi NCR",0.894
V028,P044,USED,2026-08-12T21:11:00,"Sector 12, Delhi NCR",0.936
V003,P053,USED,2026-08-13T00:12:00,"Sector 13, Delhi NCR",0.925
V008,P062,USED,2026-08-14T03:13:00,"Sector 14, Delhi NCR",0.887
V013,P071,USED,2026-08-15T06:14:00,"Sector 15, Delhi NCR",0.776
V018,P080,USED,2026-08-16T09:15:00,"Sector 16, Delhi NCR",0.901
V023,P009,USED,2026-08-17T12:16:00,"Sector 17, Delhi NCR",0.952
V028,P018,USED,2026-08-18T15:17:00,"Sector 18, Delhi NCR",0.77
V003,P027,USED,2026-08-19T18:18:00,"Sector 19, Delhi NCR",0.839
V008,P036,USED,2026-08-20T21:19:00,"Sector 20, Delhi NCR",0.772
V013,P045,USED,2026-08-21T00:20:00,"Sector 21, Delhi NCR",0.831
V018,P054,USED,2026-08-22T03:21:00,"Sector 22, Delhi NCR",0.958
V023,P063,USED,2026-08-23T06:22:00,"Sector 23, Delhi NCR",0.793
V028,P072,USED,2026-08-24T09:23:00,"Sector 24, Delhi NCR",0.892
V003,P001,USED,2026-08-25T12:24:00,"Sector 25, Delhi NCR",0.969
V008,P010,USED,2026-08-26T15:25:00,"Sector 26, Delhi NCR",0.822
V013,P019,USED,2026-08-27T18:26:00,"Sector 27, Delhi NCR",0.884
V018,P028,USED,2026-08-28T21:27:00,"Sector 28, Delhi NCR",0.945
V023,P037,USED,2026-08-29T00:28:00,"Sector 29, Delhi NCR",0.917
V028,P046,USED,2026-08-30T03:29:00,"Sector 30, Delhi NCR",0.872
V003,P055,USED,2026-08-01T06:30:00,"Sector 31, Delhi NCR",0.847
V008,P064,USED,2026-08-02T09:31:00,"Sector 32, Delhi NCR",0.896
V013,P073,USED,2026-08-03T12:32:00,"Sector 33, Delhi NCR",0.867
V018,P002,USED,2026-08-04T15:33:00,"Sector 34, Delhi NCR",0.803
V023,P011,USED,2026-08-05T18:34:00,"Sector 35, Delhi NCR",0.962
V028,P020,USED,2026-08-06T21:35:00,"Sector 36, Delhi NCR",0.959
V003,P029,USED,2026-08-07T00:36:00,"Sector 37, Delhi NCR",0.809
V008,P038,USED,2026-08-08T03:37:00,"Sector 38, Delhi NCR",0.887
V013,P047,USED,2026-08-09T06:38:00,"Sector 39, Delhi NCR",0.974
V018,P056,USED,2026-08-10T09:39:00,"Sector 40, Delhi NCR",0.777
V023,P065,USED,2026-08-11T12:40:00,"Sector 41, Delhi NCR",0.837
V028,P074,USED,2026-08-12T15:41:00,"Sector 42, Delhi NCR",0.873
V003,P003,USED,2026-08-13T18:42:00,"Sector 43, Delhi NCR",0.903
V008,P012,USED,2026-08-14T21:43:00,"Sector 44, Delhi NCR",0.827
V013,P021,USED,2026-08-15T00:44:00,"Sector 45, Delhi NCR",0.87
V018,P030,USED,2026-08-16T03:45:00,"Sector 46, Delhi NCR",0.928
V023,P039,USED,2026-08-17T06:46:00,"Sector 47, Delhi NCR",0.968
V028,P048,USED,2026-08-18T09:47:00,"Sector 48, Delhi NCR",0.896
V003,P057,USED,2026-08-19T12:48:00,"Sector 49, Delhi NCR",0.779
V008,P066,USED,2026-08-20T15:49:00,"Sector 50, Delhi NCR",0.84
V013,P075,USED,2026-08-21T18:50:00,"Sector 51, Delhi NCR",0.964
V018,P004,USED,2026-08-22T21:51:00,"Sector 52, Delhi NCR",0.775
V023,P013,USED,2026-08-23T00:52:00,"Sector 53, Delhi NCR",0.776
V028,P022,USED,2026-08-24T03:53:00,"Sector 54, Delhi NCR",0.83
V003,P031,USED,2026-08-25T06:54:00,"Sector 55, Delhi NCR",0.92
V008,P040,USED,2026-08-26T09:55:00,"Sector 56, Delhi NCR",0.793
V013,P049,USED,2026-08-27T12:56:00,"Sector 57, Delhi NCR",0.879
V018,P058,USED,2026-08-28T15:57:00,"Sector 58, Delhi NCR",0.967
V023,P067,USED,2026-08-29T18:58:00,"Sector 59, Delhi NCR",0.887
V028,P076,USED,2026-08-30T21:59:00,"Sector 60, Delhi NCR",0.877
V003,P005,USED,2026-08-01T00:00:00,"Sector 61, Delhi NCR",0.95
V008,P014,USED,2026-08-02T03:01:00,"Sector 62, Delhi NCR",0.933
V013,P023,USED,2026-08-03T06:02:00,"Sector 63, Delhi NCR",0.809
V018,P032,USED,2026-08-04T09:03:00,"Sector 64, Delhi NCR",0.902
V023,P041,USED,2026-08-05T12:04:00,"Sector 65, Delhi NCR",0.819
V028,P050,USED,2026-08-06T15:05:00,"Sector 66, Delhi NCR",0.8
V003,P059,USED,2026-08-07T18:06:00,"Sector 67, Delhi NCR",0.863
V008,P068,USED,2026-08-08T21:07:00,"Sector 68, Delhi NCR",0.791
V013,P077,USED,2026-08-09T00:08:00,"Sector 69, Delhi NCR",0.916
V018,P006,USED,2026-08-10T03:09:00,"Sector 70, Delhi NCR",0.91
V023,P015,USED,2026-08-11T06:10:00,"Sector 71, Delhi NCR",0.957
V028,P024,USED,2026-08-12T09:11:00,"Sector 72, Delhi NCR",0.93
V003,P033,USED,2026-08-13T12:12:00,"Sector 73, Delhi NCR",0.809
V008,P042,USED,2026-08-14T15:13:00,"Sector 74, Delhi NCR",0.79
V013,P051,USED,2026-08-15T18:14:00,"Sector 75, Delhi NCR",0.853
V018,P060,USED,2026-08-16T21:15:00,"Sector 76, Delhi NCR",0.97
V023,P069,USED,2026-08-17T00:16:00,"Sector 77, Delhi NCR",0.764
V028,P078,USED,2026-08-18T03:17:00,"Sector 78, Delhi NCR",0.773
V003,P007,USED,2026-08-19T06:18:00,"Sector 79, Delhi NCR",0.927
V008,P016,USED,2026-08-20T09:19:00,"Sector 80, Delhi NCR",0.829
V013,P025,USED,2026-08-21T12:20:00,"Sector 81, Delhi NCR",0.761
V018,P034,USED,2026-08-22T15:21:00,"Sector 82, Delhi NCR",0.826
V023,P043,USED,2026-08-23T18:22:00,"Sector 83, Delhi NCR",0.967
V028,P052,USED,2026-08-24T21:23:00,"Sector 84, Delhi NCR",0.845
V003,P061,USED,2026-08-25T00:24:00,"Sector 85, Delhi NCR",0.781
V008,P070,USED,2026-08-26T03:25:00,"Sector 86, Delhi NCR",0.93
V013,P079,USED,2026-08-27T06:26:00,"Sector 87, Delhi NCR",0.846
V018,P008,USED,2026-08-28T09:27:00,"Sector 88, Delhi NCR",0.931
V023,P017,USED,2026-08-29T12:28:00,"Sector 89, Delhi NCR",0.807
V028,P026,USED,2026-08-30T15:29:00,"Sector 90, Delhi NCR",0.819
V003,P035,USED,2026-08-01T18:30:00,"Sector 1, Delhi NCR",0.785
V008,P044,USED,2026-08-02T21:31:00,"Sector 2, Delhi NCR",0.909
V013,P053,USED,2026-08-03T00:32:00,"Sector 3, Delhi NCR",0.871
V018,P062,USED,2026-08-04T03:33:00,"Sector 4, Delhi NCR",0.925
V023,P071,USED,2026-08-05T06:34:00,"Sector 5, Delhi NCR",0.961
V028,P080,USED,2026-08-06T09:35:00,"Sector 6, Delhi NCR",0.87
V003,P009,USED,2026-08-07T12:36:00,"Sector 7, Delhi NCR",0.774
V008,P018,USED,2026-08-08T15:37:00,"Sector 8, Delhi NCR",0.902
V013,P027,USED,2026-08-09T18:38:00,"Sector 9, Delhi NCR",0.83
V018,P036,USED,2026-08-10T21:39:00,"Sector 10, Delhi NCR",0.847
V023,P045,USED,2026-08-11T00:40:00,"Sector 11, Delhi NCR",0.849
V028,P054,USED,2026-08-12T03:41:00,"Sector 12, Delhi NCR",0.843
V003,P063,USED,2026-08-13T06:42:00,"Sector 13, Delhi NCR",0.811
V008,P072,USED,2026-08-14T09:43:00,"Sector 14, Delhi NCR",0.792
V013,P001,USED,2026-08-15T12:44:00,"Sector 15, Delhi NCR",0.949
V018,P010,USED,2026-08-16T15:45:00,"Sector 16, Delhi NCR",0.941
V023,P019,USED,2026-08-17T18:46:00,"Sector 17, Delhi NCR",0.902
V028,P028,USED,2026-08-18T21:47:00,"Sector 18, Delhi NCR",0.885
V003,P037,USED,2026-08-19T00:48:00,"Sector 19, Delhi NCR",0.819
V008,P046,USED,2026-08-20T03:49:00,"Sector 20, Delhi NCR",0.891
V013,P055,USED,2026-08-21T06:50:00,"Sector 21, Delhi NCR",0.912
V018,P064,USED,2026-08-22T09:51:00,"Sector 22, Delhi NCR",0.96
V023,P073,USED,2026-08-23T12:52:00,"Sector 23, Delhi NCR",0.972
V028,P002,USED,2026-08-24T15:53:00,"Sector 24, Delhi NCR",0.957
V003,P011,USED,2026-08-25T18:54:00,"Sector 25, Delhi NCR",0.887
V008,P020,USED,2026-08-26T21:55:00,"Sector 26, Delhi NCR",0.973
V013,P029,USED,2026-08-27T00:56:00,"Sector 27, Delhi NCR",0.95
V018,P038,USED,2026-08-28T03:57:00,"Sector 28, Delhi NCR",0.808
V023,P047,USED,2026-08-29T06:58:00,"Sector 29, Delhi NCR",0.892
V028,P056,USED,2026-08-30T09:59:00,"Sector 30, Delhi NCR",0.969
V003,P065,USED,2026-08-01T12:00:00,"Sector 31, Delhi NCR",0.868
V008,P074,USED,2026-08-02T15:01:00,"Sector 32, Delhi NCR",0.932
V013,P003,USED,2026-08-03T18:02:00,"Sector 33, Delhi NCR",0.954
V018,P012,USED,2026-08-04T21:03:00,"Sector 34, Delhi NCR",0.917
V023,P021,USED,2026-08-05T00:04:00,"Sector 35, Delhi NCR",0.873
V028,P030,USED,2026-08-06T03:05:00,"Sector 36, Delhi NCR",0.934
V003,P039,USED,2026-08-07T06:06:00,"Sector 37, Delhi NCR",0.891
V008,P048,USED,2026-08-08T09:07:00,"Sector 38, Delhi NCR",0.761
V013,P057,USED,2026-08-09T12:08:00,"Sector 39, Delhi NCR",0.913
V018,P066,USED,2026-08-10T15:09:00,"Sector 40, Delhi NCR",0.878
V023,P075,USED,2026-08-11T18:10:00,"Sector 41, Delhi NCR",0.784
V028,P004,USED,2026-08-12T21:11:00,"Sector 42, Delhi NCR",0.782
V003,P013,USED,2026-08-13T00:12:00,"Sector 43, Delhi NCR",0.843
V008,P022,USED,2026-08-14T03:13:00,"Sector 44, Delhi NCR",0.884
V013,P031,USED,2026-08-15T06:14:00,"Sector 45, Delhi NCR",0.972
V018,P040,USED,2026-08-16T09:15:00,"Sector 46, Delhi NCR",0.804
V023,P049,USED,2026-08-17T12:16:00,"Sector 47, Delhi NCR",0.98
V028,P058,USED,2026-08-18T15:17:00,"Sector 48, Delhi NCR",0.979
V003,P067,USED,2026-08-19T18:18:00,"Sector 49, Delhi NCR",0.951
V008,P076,USED,2026-08-20T21:19:00,"Sector 50, Delhi NCR",0.927
V013,P005,USED,2026-08-21T00:20:00,"Sector 51, Delhi NCR",0.788
V018,P014,USED,2026-08-22T03:21:00,"Sector 52, Delhi NCR",0.803
V023,P023,USED,2026-08-23T06:22:00,"Sector 53, Delhi NCR",0.857
V028,P032,USED,2026-08-24T09:23:00,"Sector 54, Delhi NCR",0.978
V003,P041,USED,2026-08-25T12:24:00,"Sector 55, Delhi NCR",0.912
V008,P050,USED,2026-08-26T15:25:00,"Sector 56, Delhi NCR",0.763
V013,P059,USED,2026-08-27T18:26:00,"Sector 57, Delhi NCR",0.88
V018,P068,USED,2026-08-28T21:27:00,"Sector 58, Delhi NCR",0.843
V023,P077,USED,2026-08-29T00:28:00,"Sector 59, Delhi NCR",0.791
V028,P006,USED,2026-08-30T03:29:00,"Sector 60, Delhi NCR",0.833
V003,P015,USED,2026-08-01T06:30:00,"Sector 61, Delhi NCR",0.786
V008,P024,USED,2026-08-02T09:31:00,"Sector 62, Delhi NCR",0.874
V013,P033,USED,2026-08-03T12:32:00,"Sector 63, Delhi NCR",0.965
V018,P042,USED,2026-08-04T15:33:00,"Sector 64, Delhi NCR",0.855
V023,P051,USED,2026-08-05T18:34:00,"Sector 65, Delhi NCR",0.794
V028,P060,USED,2026-08-06T21:35:00,"Sector 66, Delhi NCR",0.916
V003,P069,USED,2026-08-07T00:36:00,"Sector 67, Delhi NCR",0.818
V008,P078,USED,2026-08-08T03:37:00,"Sector 68, Delhi NCR",0.866
V013,P007,USED,2026-08-09T06:38:00,"Sector 69, Delhi NCR",0.826
V018,P016,USED,2026-08-10T09:39:00,"Sector 70, Delhi NCR",0.934
V023,P025,USED,2026-08-11T12:40:00,"Sector 71, Delhi NCR",0.94
V028,P034,USED,2026-08-12T15:41:00,"Sector 72, Delhi NCR",0.842
V003,P043,USED,2026-08-13T18:42:00,"Sector 73, Delhi NCR",0.925
V008,P052,USED,2026-08-14T21:43:00,"Sector 74, Delhi NCR",0.841
V013,P061,USED,2026-08-15T00:44:00,"Sector 75, Delhi NCR",0.84
V018,P070,USED,2026-08-16T03:45:00,"Sector 76, Delhi NCR",0.929
V023,P079,USED,2026-08-17T06:46:00,"Sector 77, Delhi NCR",0.878
V028,P008,USED,2026-08-18T09:47:00,"Sector 78, Delhi NCR",0.805
V003,P017,USED,2026-08-19T12:48:00,"Sector 79, Delhi NCR",0.937
V008,P026,USED,2026-08-20T15:49:00,"Sector 80, Delhi NCR",0.927
V013,P035,USED,2026-08-21T18:50:00,"Sector 81, Delhi NCR",0.844
V018,P044,USED,2026-08-22T21:51:00,"Sector 82, Delhi NCR",0.922
V023,P053,USED,2026-08-23T00:52:00,"Sector 83, Delhi NCR",0.925
V028,P062,USED,2026-08-24T03:53:00,"Sector 84, Delhi NCR",0.975
V003,P071,USED,2026-08-25T06:54:00,"Sector 85, Delhi NCR",0.792
V008,P080,USED,2026-08-26T09:55:00,"Sector 86, Delhi NCR",0.946
V013,P009,USED,2026-08-27T12:56:00,"Sector 87, Delhi NCR",0.925
V018,P018,USED,2026-08-28T15:57:00,"Sector 88, Delhi NCR",0.836
V023,P027,USED,2026-08-29T18:58:00,"Sector 89, Delhi NCR",0.775
V028,P036,USED,2026-08-30T21:59:00,"Sector 90, Delhi NCR",0.817
V003,P045,USED,2026-08-01T00:00:00,"Sector 1, Delhi NCR",0.86
V008,P054,USED,2026-08-02T03:01:00,"Sector 2, Delhi NCR",0.844
V013,P063,USED,2026-08-03T06:02:00,"Sector 3, Delhi NCR",0.806
V018,P072,USED,2026-08-04T09:03:00,"Sector 4, Delhi NCR",0.772
V023,P001,USED,2026-08-05T12:04:00,"Sector 5, Delhi NCR",0.881
V028,P010,USED,2026-08-06T15:05:00,"Sector 6, Delhi NCR",0.825
V003,P019,USED,2026-08-07T18:06:00,"Sector 7, Delhi NCR",0.841
V008,P028,USED,2026-08-08T21:07:00,"Sector 8, Delhi NCR",0.848
V013,P037,USED,2026-08-09T00:08:00,"Sector 9, Delhi NCR",0.879
V018,P046,USED,2026-08-10T03:09:00,"Sector 10, Delhi NCR",0.807
V023,P055,USED,2026-08-11T06:10:00,"Sector 11, Delhi NCR",0.944
V028,P064,USED,2026-08-12T09:11:00,"Sector 12, Delhi NCR",0.96
V003,P073,USED,2026-08-13T12:12:00,"Sector 13, Delhi NCR",0.954
V008,P002,USED,2026-08-14T15:13:00,"Sector 14, Delhi NCR",0.761
V013,P011,USED,2026-08-15T18:14:00,"Sector 15, Delhi NCR",0.847
V018,P020,USED,2026-08-16T21:15:00,"Sector 16, Delhi NCR",0.86
V023,P029,USED,2026-08-17T00:16:00,"Sector 17, Delhi NCR",0.914
V028,P038,USED,2026-08-18T03:17:00,"Sector 18, Delhi NCR",0.94
V003,P047,USED,2026-08-19T06:18:00,"Sector 19, Delhi NCR",0.836
V008,P056,USED,2026-08-20T09:19:00,"Sector 20, Delhi NCR",0.93
V013,P065,USED,2026-08-21T12:20:00,"Sector 21, Delhi NCR",0.904
V018,P074,USED,2026-08-22T15:21:00,"Sector 22, Delhi NCR",0.77
V023,P003,USED,2026-08-23T18:22:00,"Sector 23, Delhi NCR",0.774
V028,P012,USED,2026-08-24T21:23:00,"Sector 24, Delhi NCR",0.909
V003,P021,USED,2026-08-25T00:24:00,"Sector 25, Delhi NCR",0.883
V008,P030,USED,2026-08-26T03:25:00,"Sector 26, Delhi NCR",0.83
V013,P039,USED,2026-08-27T06:26:00,"Sector 27, Delhi NCR",0.943
V018,P048,USED,2026-08-28T09:27:00,"Sector 28, Delhi NCR",0.94
V023,P057,USED,2026-08-29T12:28:00,"Sector 29, Delhi NCR",0.921
V028,P066,USED,2026-08-30T15:29:00,"Sector 30, Delhi NCR",0.819
V003,P075,USED,2026-08-01T18:30:00,"Sector 31, Delhi NCR",0.875
V008,P004,USED,2026-08-02T21:31:00,"Sector 32, Delhi NCR",0.792
V013,P013,USED,2026-08-03T00:32:00,"Sector 33, Delhi NCR",0.816
V018,P022,USED,2026-08-04T03:33:00,"Sector 34, Delhi NCR",0.805
V023,P031,USED,2026-08-05T06:34:00,"Sector 35, Delhi NCR",0.905
V028,P040,USED,2026-08-06T09:35:00,"Sector 36, Delhi NCR",0.876
V003,P049,USED,2026-08-07T12:36:00,"Sector 37, Delhi NCR",0.832
V008,P058,USED,2026-08-08T15:37:00,"Sector 38, Delhi NCR",0.788
V013,P067,USED,2026-08-09T18:38:00,"Sector 39, Delhi NCR",0.965
V018,P076,USED,2026-08-10T21:39:00,"Sector 40, Delhi NCR",0.783
V023,P005,USED,2026-08-11T00:40:00,"Sector 41, Delhi NCR",0.932
V028,P014,USED,2026-08-12T03:41:00,"Sector 42, Delhi NCR",0.924
V003,P023,USED,2026-08-13T06:42:00,"Sector 43, Delhi NCR",0.846
V008,P032,USED,2026-08-14T09:43:00,"Sector 44, Delhi NCR",0.892
V013,P041,USED,2026-08-15T12:44:00,"Sector 45, Delhi NCR",0.79
V018,P050,USED,2026-08-16T15:45:00,"Sector 46, Delhi NCR",0.827
V023,P059,USED,2026-08-17T18:46:00,"Sector 47, Delhi NCR",0.899
V028,P068,USED,2026-08-18T21:47:00,"Sector 48, Delhi NCR",0.846
V003,P077,USED,2026-08-19T00:48:00,"Sector 49, Delhi NCR",0.821
V008,P006,USED,2026-08-20T03:49:00,"Sector 50, Delhi NCR",0.907
V013,P015,USED,2026-08-21T06:50:00,"Sector 51, Delhi NCR",0.819
V018,P024,USED,2026-08-22T09:51:00,"Sector 52, Delhi NCR",0.772
V023,P033,USED,2026-08-23T12:52:00,"Sector 53, Delhi NCR",0.786
V028,P042,USED,2026-08-24T15:53:00,"Sector 54, Delhi NCR",0.968
V003,P051,USED,2026-08-25T18:54:00,"Sector 55, Delhi NCR",0.877
V008,P060,USED,2026-08-26T21:55:00,"Sector 56, Delhi NCR",0.833
V013,P069,USED,2026-08-27T00:56:00,"Sector 57, Delhi NCR",0.778
V018,P078,USED,2026-08-28T03:57:00,"Sector 58, Delhi NCR",0.762
V023,P007,USED,2026-08-29T06:58:00,"Sector 59, Delhi NCR",0.956
V028,P016,USED,2026-08-30T09:59:00,"Sector 60, Delhi NCR",0.963
V003,P025,USED,2026-08-01T12:00:00,"Sector 61, Delhi NCR",0.94
V008,P034,USED,2026-08-02T15:01:00,"Sector 62, Delhi NCR",0.917
V013,P043,USED,2026-08-03T18:02:00,"Sector 63, Delhi NCR",0.974
V018,P052,USED,2026-08-04T21:03:00,"Sector 64, Delhi NCR",0.926
V023,P061,USED,2026-08-05T00:04:00,"Sector 65, Delhi NCR",0.953
V028,P070,USED,2026-08-06T03:05:00,"Sector 66, Delhi NCR",0.866
V003,P079,USED,2026-08-07T06:06:00,"Sector 67, Delhi NCR",0.966
V008,P008,USED,2026-08-08T09:07:00,"Sector 68, Delhi NCR",0.834
V013,P017,USED,2026-08-09T12:08:00,"Sector 69, Delhi NCR",0.852
V018,P026,USED,2026-08-10T15:09:00,"Sector 70, Delhi NCR",0.776
V023,P035,USED,2026-08-11T18:10:00,"Sector 71, Delhi NCR",0.762
V028,P044,USED,2026-08-12T21:11:00,"Sector 72, Delhi NCR",0.846
V003,P053,USED,2026-08-13T00:12:00,"Sector 73, Delhi NCR",0.777
V008,P062,USED,2026-08-14T03:13:00,"Sector 74, Delhi NCR",0.862
V013,P071,USED,2026-08-15T06:14:00,"Sector 75, Delhi NCR",0.794
V018,P080,USED,2026-08-16T09:15:00,"Sector 76, Delhi NCR",0.958
V023,P009,USED,2026-08-17T12:16:00,"Sector 77, Delhi NCR",0.895
V028,P018,USED,2026-08-18T15:17:00,"Sector 78, Delhi NCR",0.825
V003,P027,USED,2026-08-19T18:18:00,"Sector 79, Delhi NCR",0.846
V008,P036,USED,2026-08-20T21:19:00,"Sector 80, Delhi NCR",0.891
V013,P045,USED,2026-08-21T00:20:00,"Sector 81, Delhi NCR",0.885
V018,P054,USED,2026-08-22T03:21:00,"Sector 82, Delhi NCR",0.766
V023,P063,USED,2026-08-23T06:22:00,"Sector 83, Delhi NCR",0.941
V028,P072,USED,2026-08-24T09:23:00,"Sector 84, Delhi NCR",0.956
V003,P001,USED,2026-08-25T12:24:00,"Sector 85, Delhi NCR",0.966
V008,P010,USED,2026-08-26T15:25:00,"Sector 86, Delhi NCR",0.913
V013,P019,USED,2026-08-27T18:26:00,"Sector 87, Delhi NCR",0.933
V018,P028,USED,2026-08-28T21:27:00,"Sector 88, Delhi NCR",0.941
V023,P037,USED,2026-08-29T00:28:00,"Sector 89, Delhi NCR",0.784
V028,P046,USED,2026-08-30T03:29:00,"Sector 90, Delhi NCR",0.931
V003,P055,USED,2026-08-01T06:30:00,"Sector 1, Delhi NCR",0.896
V008,P064,USED,2026-08-02T09:31:00,"Sector 2, Delhi NCR",0.844
V013,P073,USED,2026-08-03T12:32:00,"Sector 3, Delhi NCR",0.789
V018,P002,USED,2026-08-04T15:33:00,"Sector 4, Delhi NCR",0.78
V023,P011,USED,2026-08-05T18:34:00,"Sector 5, Delhi NCR",0.782
V028,P020,USED,2026-08-06T21:35:00,"Sector 6, Delhi NCR",0.77
V003,P029,USED,2026-08-07T00:36:00,"Sector 7, Delhi NCR",0.934
V008,P038,USED,2026-08-08T03:37:00,"Sector 8, Delhi NCR",0.926
V013,P047,USED,2026-08-09T06:38:00,"Sector 9, Delhi NCR",0.768
V018,P056,USED,2026-08-10T09:39:00,"Sector 10, Delhi NCR",0.968
V023,P065,USED,2026-08-11T12:40:00,"Sector 11, Delhi NCR",0.908
V028,P074,USED,2026-08-12T15:41:00,"Sector 12, Delhi NCR",0.832
V003,P003,USED,2026-08-13T18:42:00,"Sector 13, Delhi NCR",0.848
V008,P012,USED,2026-08-14T21:43:00,"Sector 14, Delhi NCR",0.935
V013,P021,USED,2026-08-15T00:44:00,"Sector 15, Delhi NCR",0.889
V018,P030,USED,2026-08-16T03:45:00,"Sector 16, Delhi NCR",0.792
V023,P039,USED,2026-08-17T06:46:00,"Sector 17, Delhi NCR",0.945
V028,P048,USED,2026-08-18T09:47:00,"Sector 18, Delhi NCR",0.78
V003,P057,USED,2026-08-19T12:48:00,"Sector 19, Delhi NCR",0.787
V008,P066,USED,2026-08-20T15:49:00,"Sector 20, Delhi NCR",0.869
V013,P075,USED,2026-08-21T18:50:00,"Sector 21, Delhi NCR",0.846
V018,P004,USED,2026-08-22T21:51:00,"Sector 22, Delhi NCR",0.933
V023,P013,USED,2026-08-23T00:52:00,"Sector 23, Delhi NCR",0.874
V028,P022,USED,2026-08-24T03:53:00,"Sector 24, Delhi NCR",0.812
V003,P031,USED,2026-08-25T06:54:00,"Sector 25, Delhi NCR",0.762
V008,P040,USED,2026-08-26T09:55:00,"Sector 26, Delhi NCR",0.804
V013,P049,USED,2026-08-27T12:56:00,"Sector 27, Delhi NCR",0.787
V018,P058,USED,2026-08-28T15:57:00,"Sector 28, Delhi NCR",0.892
V023,P067,USED,2026-08-29T18:58:00,"Sector 29, Delhi NCR",0.832
V028,P076,USED,2026-08-30T21:59:00,"Sector 30, Delhi NCR",0.782
V003,P005,USED,2026-08-01T00:00:00,"Sector 31, Delhi NCR",0.819
V008,P014,USED,2026-08-02T03:01:00,"Sector 32, Delhi NCR",0.869
V013,P023,USED,2026-08-03T06:02:00,"Sector 33, Delhi NCR",0.887
V018,P032,USED,2026-08-04T09:03:00,"Sector 34, Delhi NCR",0.8
V023,P041,USED,2026-08-05T12:04:00,"Sector 35, Delhi NCR",0.94
V028,P050,USED,2026-08-06T15:05:00,"Sector 36, Delhi NCR",0.866
V003,P059,USED,2026-08-07T18:06:00,"Sector 37, Delhi NCR",0.901
V008,P068,USED,2026-08-08T21:07:00,"Sector 38, Delhi NCR",0.791
V013,P077,USED,2026-08-09T00:08:00,"Sector 39, Delhi NCR",0.972
V018,P006,USED,2026-08-10T03:09:00,"Sector 40, Delhi NCR",0.806
V023,P015,USED,2026-08-11T06:10:00,"Sector 41, Delhi NCR",0.766
V028,P024,USED,2026-08-12T09:11:00,"Sector 42, Delhi NCR",0.764
V003,P033,USED,2026-08-13T12:12:00,"Sector 43, Delhi NCR",0.797
V008,P042,USED,2026-08-14T15:13:00,"Sector 44, Delhi NCR",0.818
V013,P051,USED,2026-08-15T18:14:00,"Sector 45, Delhi NCR",0.793
V018,P060,USED,2026-08-16T21:15:00,"Sector 46, Delhi NCR",0.877
V023,P069,USED,2026-08-17T00:16:00,"Sector 47, Delhi NCR",0.976
V028,P078,USED,2026-08-18T03:17:00,"Sector 48, Delhi NCR",0.786
V003,P007,USED,2026-08-19T06:18:00,"Sector 49, Delhi NCR",0.949
V008,P016,USED,2026-08-20T09:19:00,"Sector 50, Delhi NCR",0.906
V013,P025,USED,2026-08-21T12:20:00,"Sector 51, Delhi NCR",0.896
V018,P034,USED,2026-08-22T15:21:00,"Sector 52, Delhi NCR",0.969
V023,P043,USED,2026-08-23T18:22:00,"Sector 53, Delhi NCR",0.799
V028,P052,USED,2026-08-24T21:23:00,"Sector 54, Delhi NCR",0.912
V003,P061,USED,2026-08-25T00:24:00,"Sector 55, Delhi NCR",0.761
V008,P070,USED,2026-08-26T03:25:00,"Sector 56, Delhi NCR",0.794
V013,P079,USED,2026-08-27T06:26:00,"Sector 57, Delhi NCR",0.878
V018,P008,USED,2026-08-28T09:27:00,"Sector 58, Delhi NCR",0.937
V023,P017,USED,2026-08-29T12:28:00,"Sector 59, Delhi NCR",0.978
V028,P026,USED,2026-08-30T15:29:00,"Sector 60, Delhi NCR",0.902
V003,P035,USED,2026-08-01T18:30:00,"Sector 61, Delhi NCR",0.922
V008,P044,USED,2026-08-02T21:31:00,"Sector 62, Delhi NCR",0.803
V013,P053,USED,2026-08-03T00:32:00,"Sector 63, Delhi NCR",0.775
V018,P062,USED,2026-08-04T03:33:00,"Sector 64, Delhi NCR",0.772
V023,P071,USED,2026-08-05T06:34:00,"Sector 65, Delhi NCR",0.784
V028,P080,USED,2026-08-06T09:35:00,"Sector 66, Delhi NCR",0.853
V003,P009,USED,2026-08-07T12:36:00,"Sector 67, Delhi NCR",0.915
V008,P018,USED,2026-08-08T15:37:00,"Sector 68, Delhi NCR",0.868
V013,P027,USED,2026-08-09T18:38:00,"Sector 69, Delhi NCR",0.774
V018,P036,USED,2026-08-10T21:39:00,"Sector 70, Delhi NCR",0.904
V023,P045,USED,2026-08-11T00:40:00,"Sector 71, Delhi NCR",0.924
V028,P054,USED,2026-08-12T03:41:00,"Sector 72, Delhi NCR",0.839
V003,P063,USED,2026-08-13T06:42:00,"Sector 73, Delhi NCR",0.959
V008,P072,USED,2026-08-14T09:43:00,"Sector 74, Delhi NCR",0.972
V013,P001,USED,2026-08-15T12:44:00,"Sector 75, Delhi NCR",0.906
V018,P010,USED,2026-08-16T15:45:00,"Sector 76, Delhi NCR",0.892
V023,P019,USED,2026-08-17T18:46:00,"Sector 77, Delhi NCR",0.962
V028,P028,USED,2026-08-18T21:47:00,"Sector 78, Delhi NCR",0.823
V003,P037,USED,2026-08-19T00:48:00,"Sector 79, Delhi NCR",0.868
V008,P046,USED,2026-08-20T03:49:00,"Sector 80, Delhi NCR",0.942
V013,P055,USED,2026-08-21T06:50:00,"Sector 81, Delhi NCR",0.764
V018,P064,USED,2026-08-22T09:51:00,"Sector 82, Delhi NCR",0.947
V023,P073,USED,2026-08-23T12:52:00,"Sector 83, Delhi NCR",0.906
V028,P002,USED,2026-08-24T15:53:00,"Sector 84, Delhi NCR",0.797
V003,P011,USED,2026-08-25T18:54:00,"Sector 85, Delhi NCR",0.892
V008,P020,USED,2026-08-26T21:55:00,"Sector 86, Delhi NCR",0.979
V013,P029,USED,2026-08-27T00:56:00,"Sector 87, Delhi NCR",0.849
V018,P038,USED,2026-08-28T03:57:00,"Sector 88, Delhi NCR",0.847
V023,P047,USED,2026-08-29T06:58:00,"Sector 89, Delhi NCR",0.832
V028,P056,USED,2026-08-30T09:59:00,"Sector 90, Delhi NCR",0.767
V003,P065,USED,2026-08-01T12:00:00,"Sector 1, Delhi NCR",0.888
V008,P074,USED,2026-08-02T15:01:00,"Sector 2, Delhi NCR",0.821
V013,P003,USED,2026-08-03T18:02:00,"Sector 3, Delhi NCR",0.844
V018,P012,USED,2026-08-04T21:03:00,"Sector 4, Delhi NCR",0.917
V023,P021,USED,2026-08-05T00:04:00,"Sector 5, Delhi NCR",0.909
V028,P030,USED,2026-08-06T03:05:00,"Sector 6, Delhi NCR",0.898
V003,P039,USED,2026-08-07T06:06:00,"Sector 7, Delhi NCR",0.872
V008,P048,USED,2026-08-08T09:07:00,"Sector 8, Delhi NCR",0.907
V013,P057,USED,2026-08-09T12:08:00,"Sector 9, Delhi NCR",0.854
V018,P066,USED,2026-08-10T15:09:00,"Sector 10, Delhi NCR",0.965
V023,P075,USED,2026-08-11T18:10:00,"Sector 11, Delhi NCR",0.974
V028,P004,USED,2026-08-12T21:11:00,"Sector 12, Delhi NCR",0.889
V003,P013,USED,2026-08-13T00:12:00,"Sector 13, Delhi NCR",0.777
V008,P022,USED,2026-08-14T03:13:00,"Sector 14, Delhi NCR",0.849
V013,P031,USED,2026-08-15T06:14:00,"Sector 15, Delhi NCR",0.832
V018,P040,USED,2026-08-16T09:15:00,"Sector 16, Delhi NCR",0.789
V023,P049,USED,2026-08-17T12:16:00,"Sector 17, Delhi NCR",0.929
V028,P058,USED,2026-08-18T15:17:00,"Sector 18, Delhi NCR",0.811
V003,P067,USED,2026-08-19T18:18:00,"Sector 19, Delhi NCR",0.819
V008,P076,USED,2026-08-20T21:19:00,"Sector 20, Delhi NCR",0.765
V013,P005,USED,2026-08-21T00:20:00,"Sector 21, Delhi NCR",0.845
V018,P014,USED,2026-08-22T03:21:00,"Sector 22, Delhi NCR",0.925
V023,P023,USED,2026-08-23T06:22:00,"Sector 23, Delhi NCR",0.98
V028,P032,USED,2026-08-24T09:23:00,"Sector 24, Delhi NCR",0.822
V003,P041,USED,2026-08-25T12:24:00,"Sector 25, Delhi NCR",0.887
V008,P050,USED,2026-08-26T15:25:00,"Sector 26, Delhi NCR",0.781
V013,P059,USED,2026-08-27T18:26:00,"Sector 27, Delhi NCR",0.948
V018,P068,USED,2026-08-28T21:27:00,"Sector 28, Delhi NCR",0.959
V023,P077,USED,2026-08-29T00:28:00,"Sector 29, Delhi NCR",0.965
V028,P006,USED,2026-08-30T03:29:00,"Sector 30, Delhi NCR",0.925
V003,P015,USED,2026-08-01T06:30:00,"Sector 31, Delhi NCR",0.84
V008,P024,USED,2026-08-02T09:31:00,"Sector 32, Delhi NCR",0.784
V013,P033,USED,2026-08-03T12:32:00,"Sector 33, Delhi NCR",0.829
V018,P042,USED,2026-08-04T15:33:00,"Sector 34, Delhi NCR",0.881
V023,P051,USED,2026-08-05T18:34:00,"Sector 35, Delhi NCR",0.889
V028,P060,USED,2026-08-06T21:35:00,"Sector 36, Delhi NCR",0.938
V003,P069,USED,2026-08-07T00:36:00,"Sector 37, Delhi NCR",0.917
V008,P078,USED,2026-08-08T03:37:00,"Sector 38, Delhi NCR",0.971
V013,P007,USED,2026-08-09T06:38:00,"Sector 39, Delhi NCR",0.776
V018,P016,USED,2026-08-10T09:39:00,"Sector 40, Delhi NCR",0.805
V023,P025,USED,2026-08-11T12:40:00,"Sector 41, Delhi NCR",0.878
V028,P034,USED,2026-08-12T15:41:00,"Sector 42, Delhi NCR",0.941
V003,P043,USED,2026-08-13T18:42:00,"Sector 43, Delhi NCR",0.847
V008,P052,USED,2026-08-14T21:43:00,"Sector 44, Delhi NCR",0.772
V013,P061,USED,2026-08-15T00:44:00,"Sector 45, Delhi NCR",0.908
V018,P070,USED,2026-08-16T03:45:00,"Sector 46, Delhi NCR",0.974
V023,P079,USED,2026-08-17T06:46:00,"Sector 47, Delhi NCR",0.878
V028,P008,USED,2026-08-18T09:47:00,"Sector 48, Delhi NCR",0.966
V003,P017,USED,2026-08-19T12:48:00,"Sector 49, Delhi NCR",0.836
V008,P026,USED,2026-08-20T15:49:00,"Sector 50, Delhi NCR",0.825
V013,P035,USED,2026-08-21T18:50:00,"Sector 51, Delhi NCR",0.77
V018,P044,USED,2026-08-22T21:51:00,"Sector 52, Delhi NCR",0.942
V023,P053,USED,2026-08-23T00:52:00,"Sector 53, Delhi NCR",0.949
V028,P062,USED,2026-08-24T03:53:00,"Sector 54, Delhi NCR",0.94
V003,P071,USED,2026-08-25T06:54:00,"Sector 55, Delhi NCR",0.836
V008,P080,USED,2026-08-26T09:55:00,"Sector 56, Delhi NCR",0.927
V013,P009,USED,2026-08-27T12:56:00,"Sector 57, Delhi NCR",0.81
V018,P018,USED,2026-08-28T15:57:00,"Sector 58, Delhi NCR",0.765
V023,P027,USED,2026-08-29T18:58:00,"Sector 59, Delhi NCR",0.898
V028,P036,USED,2026-08-30T21:59:00,"Sector 60, Delhi NCR",0.84
V003,P045,USED,2026-08-01T00:00:00,"Sector 61, Delhi NCR",0.889
V008,P054,USED,2026-08-02T03:01:00,"Sector 62, Delhi NCR",0.838
V013,P063,USED,2026-08-03T06:02:00,"Sector 63, Delhi NCR",0.866
V018,P072,USED,2026-08-04T09:03:00,"Sector 64, Delhi NCR",0.955
V023,P001,USED,2026-08-05T12:04:00,"Sector 65, Delhi NCR",0.855
V028,P010,USED,2026-08-06T15:05:00,"Sector 66, Delhi NCR",0.796
V003,P019,USED,2026-08-07T18:06:00,"Sector 67, Delhi NCR",0.833
V008,P028,USED,2026-08-08T21:07:00,"Sector 68, Delhi NCR",0.863
V013,P037,USED,2026-08-09T00:08:00,"Sector 69, Delhi NCR",0.973
V018,P046,USED,2026-08-10T03:09:00,"Sector 70, Delhi NCR",0.832
V023,P055,USED,2026-08-11T06:10:00,"Sector 71, Delhi NCR",0.83
V028,P064,USED,2026-08-12T09:11:00,"Sector 72, Delhi NCR",0.825
V003,P073,USED,2026-08-13T12:12:00,"Sector 73, Delhi NCR",0.859
V008,P002,USED,2026-08-14T15:13:00,"Sector 74, Delhi NCR",0.958
V013,P011,USED,2026-08-15T18:14:00,"Sector 75, Delhi NCR",0.825
V018,P020,USED,2026-08-16T21:15:00,"Sector 76, Delhi NCR",0.971
V023,P029,USED,2026-08-17T00:16:00,"Sector 77, Delhi NCR",0.863
V028,P038,USED,2026-08-18T03:17:00,"Sector 78, Delhi NCR",0.816
V003,P047,USED,2026-08-19T06:18:00,"Sector 79, Delhi NCR",0.786
V008,P056,USED,2026-08-20T09:19:00,"Sector 80, Delhi NCR",0.908
V013,P065,USED,2026-08-21T12:20:00,"Sector 81, Delhi NCR",0.883
V018,P074,USED,2026-08-22T15:21:00,"Sector 82, Delhi NCR",0.869
V023,P003,USED,2026-08-23T18:22:00,"Sector 83, Delhi NCR",0.883
V028,P012,USED,2026-08-24T21:23:00,"Sector 84, Delhi NCR",0.898
V003,P021,USED,2026-08-25T00:24:00,"Sector 85, Delhi NCR",0.9
V008,P030,USED,2026-08-26T03:25:00,"Sector 86, Delhi NCR",0.819
V013,P039,USED,2026-08-27T06:26:00,"Sector 87, Delhi NCR",0.835
V018,P048,USED,2026-08-28T09:27:00,"Sector 88, Delhi NCR",0.765
V023,P057,USED,2026-08-29T12:28:00,"Sector 89, Delhi NCR",0.77
V028,P066,USED,2026-08-30T15:29:00,"Sector 90, Delhi NCR",0.817
V003,P075,USED,2026-08-01T18:30:00,"Sector 1, Delhi NCR",0.861
V008,P004,USED,2026-08-02T21:31:00,"Sector 2, Delhi NCR",0.94
V013,P013,USED,2026-08-03T00:32:00,"Sector 3, Delhi NCR",0.78
V018,P022,USED,2026-08-04T03:33:00,"Sector 4, Delhi NCR",0.967
V023,P031,USED,2026-08-05T06:34:00,"Sector 5, Delhi NCR",0.875
V028,P040,USED,2026-08-06T09:35:00,"Sector 6, Delhi NCR",0.832
V003,P049,USED,2026-08-07T12:36:00,"Sector 7, Delhi NCR",0.963
V008,P058,USED,2026-08-08T15:37:00,"Sector 8, Delhi NCR",0.879
V013,P067,USED,2026-08-09T18:38:00,"Sector 9, Delhi NCR",0.823
V018,P076,USED,2026-08-10T21:39:00,"Sector 10, Delhi NCR",0.797
V023,P005,USED,2026-08-11T00:40:00,"Sector 11, Delhi NCR",0.964
V028,P014,USED,2026-08-12T03:41:00,"Sector 12, Delhi NCR",0.939
V003,P023,USED,2026-08-13T06:42:00,"Sector 13, Delhi NCR",0.963
V008,P032,USED,2026-08-14T09:43:00,"Sector 14, Delhi NCR",0.771
V013,P041,USED,2026-08-15T12:44:00,"Sector 15, Delhi NCR",0.777
V018,P050,USED,2026-08-16T15:45:00,"Sector 16, Delhi NCR",0.762
V023,P059,USED,2026-08-17T18:46:00,"Sector 17, Delhi NCR",0.89
V028,P068,USED,2026-08-18T21:47:00,"Sector 18, Delhi NCR",0.81
V003,P077,USED,2026-08-19T00:48:00,"Sector 19, Delhi NCR",0.796
V008,P006,USED,2026-08-20T03:49:00,"Sector 20, Delhi NCR",0.966
V013,P015,USED,2026-08-21T06:50:00,"Sector 21, Delhi NCR",0.951
V018,P024,USED,2026-08-22T09:51:00,"Sector 22, Delhi NCR",0.769
V023,P033,USED,2026-08-23T12:52:00,"Sector 23, Delhi NCR",0.892
V028,P042,USED,2026-08-24T15:53:00,"Sector 24, Delhi NCR",0.927
V003,P051,USED,2026-08-25T18:54:00,"Sector 25, Delhi NCR",0.811
V008,P060,USED,2026-08-26T21:55:00,"Sector 26, Delhi NCR",0.881
V013,P069,USED,2026-08-27T00:56:00,"Sector 27, Delhi NCR",0.957
V018,P078,USED,2026-08-28T03:57:00,"Sector 28, Delhi NCR",0.83
V023,P007,USED,2026-08-29T06:58:00,"Sector 29, Delhi NCR",0.867
V028,P016,USED,2026-08-30T09:59:00,"Sector 30, Delhi NCR",0.963
V003,P025,USED,2026-08-01T12:00:00,"Sector 31, Delhi NCR",0.96
V008,P034,USED,2026-08-02T15:01:00,"Sector 32, Delhi NCR",0.762
V013,P043,USED,2026-08-03T18:02:00,"Sector 33, Delhi NCR",0.962
V018,P052,USED,2026-08-04T21:03:00,"Sector 34, Delhi NCR",0.947
V023,P061,USED,2026-08-05T00:04:00,"Sector 35, Delhi NCR",0.937
V028,P070,USED,2026-08-06T03:05:00,"Sector 36, Delhi NCR",0.873
V003,P079,USED,2026-08-07T06:06:00,"Sector 37, Delhi NCR",0.797
V008,P008,USED,2026-08-08T09:07:00,"Sector 38, Delhi NCR",0.886
V013,P017,USED,2026-08-09T12:08:00,"Sector 39, Delhi NCR",0.8
V018,P026,USED,2026-08-10T15:09:00,"Sector 40, Delhi NCR",0.863
V023,P035,USED,2026-08-11T18:10:00,"Sector 41, Delhi NCR",0.877
V028,P044,USED,2026-08-12T21:11:00,"Sector 42, Delhi NCR",0.926
V003,P053,USED,2026-08-13T00:12:00,"Sector 43, Delhi NCR",0.821
V008,P062,USED,2026-08-14T03:13:00,"Sector 44, Delhi NCR",0.831
V013,P071,USED,2026-08-15T06:14:00,"Sector 45, Delhi NCR",0.848
V018,P080,USED,2026-08-16T09:15:00,"Sector 46, Delhi NCR",0.963
V023,P009,USED,2026-08-17T12:16:00,"Sector 47, Delhi NCR",0.944
V028,P018,USED,2026-08-18T15:17:00,"Sector 48, Delhi NCR",0.809
V003,P027,USED,2026-08-19T18:18:00,"Sector 49, Delhi NCR",0.972
V008,P036,USED,2026-08-20T21:19:00,"Sector 50, Delhi NCR",0.925
V013,P045,USED,2026-08-21T00:20:00,"Sector 51, Delhi NCR",0.93
V018,P054,USED,2026-08-22T03:21:00,"Sector 52, Delhi NCR",0.771
V023,P063,USED,2026-08-23T06:22:00,"Sector 53, Delhi NCR",0.916
V028,P072,USED,2026-08-24T09:23:00,"Sector 54, Delhi NCR",0.862
V003,P001,USED,2026-08-25T12:24:00,"Sector 55, Delhi NCR",0.88
V008,P010,USED,2026-08-26T15:25:00,"Sector 56, Delhi NCR",0.808
V013,P019,USED,2026-08-27T18:26:00,"Sector 57, Delhi NCR",0.906
V018,P028,USED,2026-08-28T21:27:00,"Sector 58, Delhi NCR",0.77
V023,P037,USED,2026-08-29T00:28:00,"Sector 59, Delhi NCR",0.904
V028,P046,USED,2026-08-30T03:29:00,"Sector 60, Delhi NCR",0.932
V003,P055,USED,2026-08-01T06:30:00,"Sector 61, Delhi NCR",0.762
V008,P064,USED,2026-08-02T09:31:00,"Sector 62, Delhi NCR",0.84
V013,P073,USED,2026-08-03T12:32:00,"Sector 63, Delhi NCR",0.97
V018,P002,USED,2026-08-04T15:33:00,"Sector 64, Delhi NCR",0.791
V023,P011,USED,2026-08-05T18:34:00,"Sector 65, Delhi NCR",0.936
V028,P020,USED,2026-08-06T21:35:00,"Sector 66, Delhi NCR",0.771
V003,P029,USED,2026-08-07T00:36:00,"Sector 67, Delhi NCR",0.951
V008,P038,USED,2026-08-08T03:37:00,"Sector 68, Delhi NCR",0.977
V013,P047,USED,2026-08-09T06:38:00,"Sector 69, Delhi NCR",0.871
V018,P056,USED,2026-08-10T09:39:00,"Sector 70, Delhi NCR",0.92
V023,P065,USED,2026-08-11T12:40:00,"Sector 71, Delhi NCR",0.825
V028,P074,USED,2026-08-12T15:41:00,"Sector 72, Delhi NCR",0.801
V003,P003,USED,2026-08-13T18:42:00,"Sector 73, Delhi NCR",0.912
V008,P012,USED,2026-08-14T21:43:00,"Sector 74, Delhi NCR",0.821
V013,P021,USED,2026-08-15T00:44:00,"Sector 75, Delhi NCR",0.812
V018,P030,USED,2026-08-16T03:45:00,"Sector 76, Delhi NCR",0.762
V023,P039,USED,2026-08-17T06:46:00,"Sector 77, Delhi NCR",0.793
V028,P048,USED,2026-08-18T09:47:00,"Sector 78, Delhi NCR",0.868
V003,P057,USED,2026-08-19T12:48:00,"Sector 79, Delhi NCR",0.869
V008,P066,USED,2026-08-20T15:49:00,"Sector 80, Delhi NCR",0.777
V013,P075,USED,2026-08-21T18:50:00,"Sector 81, Delhi NCR",0.948
V018,P004,USED,2026-08-22T21:51:00,"Sector 82, Delhi NCR",0.943
V023,P013,USED,2026-08-23T00:52:00,"Sector 83, Delhi NCR",0.968
V028,P022,USED,2026-08-24T03:53:00,"Sector 84, Delhi NCR",0.879
V003,P031,USED,2026-08-25T06:54:00,"Sector 85, Delhi NCR",0.967
V008,P040,USED,2026-08-26T09:55:00,"Sector 86, Delhi NCR",0.772
V013,P049,USED,2026-08-27T12:56:00,"Sector 87, Delhi NCR",0.97
V018,P058,USED,2026-08-28T15:57:00,"Sector 88, Delhi NCR",0.795
V023,P067,USED,2026-08-29T18:58:00,"Sector 89, Delhi NCR",0.765
V028,P076,USED,2026-08-30T21:59:00,"Sector 90, Delhi NCR",0.836
V003,P005,USED,2026-08-01T00:00:00,"Sector 1, Delhi NCR",0.831
V008,P014,USED,2026-08-02T03:01:00,"Sector 2, Delhi NCR",0.839
V013,P023,USED,2026-08-03T06:02:00,"Sector 3, Delhi NCR",0.761
V018,P032,USED,2026-08-04T09:03:00,"Sector 4, Delhi NCR",0.797
V023,P041,USED,2026-08-05T12:04:00,"Sector 5, Delhi NCR",0.909
V028,P050,USED,2026-08-06T15:05:00,"Sector 6, Delhi NCR",0.807
V003,P059,USED,2026-08-07T18:06:00,"Sector 7, Delhi NCR",0.814
V008,P068,USED,2026-08-08T21:07:00,"Sector 8, Delhi NCR",0.872
V013,P077,USED,2026-08-09T00:08:00,"Sector 9, Delhi NCR",0.973
V018,P006,USED,2026-08-10T03:09:00,"Sector 10, Delhi NCR",0.973
V023,P015,USED,2026-08-11T06:10:00,"Sector 11, Delhi NCR",0.841
V028,P024,USED,2026-08-12T09:11:00,"Sector 12, Delhi NCR",0.788
V003,P033,USED,2026-08-13T12:12:00,"Sector 13, Delhi NCR",0.965
V008,P042,USED,2026-08-14T15:13:00,"Sector 14, Delhi NCR",0.816
V013,P051,USED,2026-08-15T18:14:00,"Sector 15, Delhi NCR",0.771
V018,P060,USED,2026-08-16T21:15:00,"Sector 16, Delhi NCR",0.942
V023,P069,USED,2026-08-17T00:16:00,"Sector 17, Delhi NCR",0.968
V028,P078,USED,2026-08-18T03:17:00,"Sector 18, Delhi NCR",0.792
V003,P007,USED,2026-08-19T06:18:00,"Sector 19, Delhi NCR",0.915
V008,P016,USED,2026-08-20T09:19:00,"Sector 20, Delhi NCR",0.829
V013,P025,USED,2026-08-21T12:20:00,"Sector 21, Delhi NCR",0.949
V018,P034,USED,2026-08-22T15:21:00,"Sector 22, Delhi NCR",0.94
V023,P043,USED,2026-08-23T18:22:00,"Sector 23, Delhi NCR",0.952
V028,P052,USED,2026-08-24T21:23:00,"Sector 24, Delhi NCR",0.766
V003,P061,USED,2026-08-25T00:24:00,"Sector 25, Delhi NCR",0.945
V008,P070,USED,2026-08-26T03:25:00,"Sector 26, Delhi NCR",0.763
V013,P079,USED,2026-08-27T06:26:00,"Sector 27, Delhi NCR",0.939
V018,P008,USED,2026-08-28T09:27:00,"Sector 28, Delhi NCR",0.877
V023,P017,USED,2026-08-29T12:28:00,"Sector 29, Delhi NCR",0.914
V028,P026,USED,2026-08-30T15:29:00,"Sector 30, Delhi NCR",0.936
V003,P035,USED,2026-08-01T18:30:00,"Sector 31, Delhi NCR",0.821
V008,P044,USED,2026-08-02T21:31:00,"Sector 32, Delhi NCR",0.877
V013,P053,USED,2026-08-03T00:32:00,"Sector 33, Delhi NCR",0.764
V018,P062,USED,2026-08-04T03:33:00,"Sector 34, Delhi NCR",0.878
V023,P071,USED,2026-08-05T06:34:00,"Sector 35, Delhi NCR",0.857
V028,P080,USED,2026-08-06T09:35:00,"Sector 36, Delhi NCR",0.811
V003,P009,USED,2026-08-07T12:36:00,"Sector 37, Delhi NCR",0.937
V008,P018,USED,2026-08-08T15:37:00,"Sector 38, Delhi NCR",0.856
V013,P027,USED,2026-08-09T18:38:00,"Sector 39, Delhi NCR",0.932
V018,P036,USED,2026-08-10T21:39:00,"Sector 40, Delhi NCR",0.827
V023,P045,USED,2026-08-11T00:40:00,"Sector 41, Delhi NCR",0.869
V028,P054,USED,2026-08-12T03:41:00,"Sector 42, Delhi NCR",0.864
V003,P063,USED,2026-08-13T06:42:00,"Sector 43, Delhi NCR",0.948
V008,P072,USED,2026-08-14T09:43:00,"Sector 44, Delhi NCR",0.769
V013,P001,USED,2026-08-15T12:44:00,"Sector 45, Delhi NCR",0.915
V018,P010,USED,2026-08-16T15:45:00,"Sector 46, Delhi NCR",0.898
V023,P019,USED,2026-08-17T18:46:00,"Sector 47, Delhi NCR",0.928
V028,P028,USED,2026-08-18T21:47:00,"Sector 48, Delhi NCR",0.803
V003,P037,USED,2026-08-19T00:48:00,"Sector 49, Delhi NCR",0.913
V008,P046,USED,2026-08-20T03:49:00,"Sector 50, Delhi NCR",0.84
V013,P055,USED,2026-08-21T06:50:00,"Sector 51, Delhi NCR",0.917
V018,P064,USED,2026-08-22T09:51:00,"Sector 52, Delhi NCR",0.854
V023,P073,USED,2026-08-23T12:52:00,"Sector 53, Delhi NCR",0.844
V028,P002,USED,2026-08-24T15:53:00,"Sector 54, Delhi NCR",0.901
V003,P011,USED,2026-08-25T18:54:00,"Sector 55, Delhi NCR",0.951
V008,P020,USED,2026-08-26T21:55:00,"Sector 56, Delhi NCR",0.877
V013,P029,USED,2026-08-27T00:56:00,"Sector 57, Delhi NCR",0.976
V018,P038,USED,2026-08-28T03:57:00,"Sector 58, Delhi NCR",0.84
V023,P047,USED,2026-08-29T06:58:00,"Sector 59, Delhi NCR",0.975
V028,P056,USED,2026-08-30T09:59:00,"Sector 60, Delhi NCR",0.762
V003,P065,USED,2026-08-01T12:00:00,"Sector 61, Delhi NCR",0.906
V008,P074,USED,2026-08-02T15:01:00,"Sector 62, Delhi NCR",0.954
V013,P003,USED,2026-08-03T18:02:00,"Sector 63, Delhi NCR",0.774
V018,P012,USED,2026-08-04T21:03:00,"Sector 64, Delhi NCR",0.891
V023,P021,USED,2026-08-05T00:04:00,"Sector 65, Delhi NCR",0.867
V028,P030,USED,2026-08-06T03:05:00,"Sector 66, Delhi NCR",0.821
V003,P039,USED,2026-08-07T06:06:00,"Sector 67, Delhi NCR",0.91
V008,P048,USED,2026-08-08T09:07:00,"Sector 68, Delhi NCR",0.941
V013,P057,USED,2026-08-09T12:08:00,"Sector 69, Delhi NCR",0.829
V018,P066,USED,2026-08-10T15:09:00,"Sector 70, Delhi NCR",0.821
V023,P075,USED,2026-08-11T18:10:00,"Sector 71, Delhi NCR",0.934
V028,P004,USED,2026-08-12T21:11:00,"Sector 72, Delhi NCR",0.812
V003,P013,USED,2026-08-13T00:12:00,"Sector 73, Delhi NCR",0.945
V008,P022,USED,2026-08-14T03:13:00,"Sector 74, Delhi NCR",0.771
V013,P031,USED,2026-08-15T06:14:00,"Sector 75, Delhi NCR",0.796
V018,P040,USED,2026-08-16T09:15:00,"Sector 76, Delhi NCR",0.924
V023,P049,USED,2026-08-17T12:16:00,"Sector 77, Delhi NCR",0.788
V028,P058,USED,2026-08-18T15:17:00,"Sector 78, Delhi NCR",0.87
V003,P067,USED,2026-08-19T18:18:00,"Sector 79, Delhi NCR",0.945
V008,P076,USED,2026-08-20T21:19:00,"Sector 80, Delhi NCR",0.8
V013,P005,USED,2026-08-21T00:20:00,"Sector 81, Delhi NCR",0.964
V018,P014,USED,2026-08-22T03:21:00,"Sector 82, Delhi NCR",0.959
V023,P023,USED,2026-08-23T06:22:00,"Sector 83, Delhi NCR",0.833
V028,P032,USED,2026-08-24T09:23:00,"Sector 84, Delhi NCR",0.851
V003,P041,USED,2026-08-25T12:24:00,"Sector 85, Delhi NCR",0.794
V008,P050,USED,2026-08-26T15:25:00,"Sector 86, Delhi NCR",0.818
V013,P059,USED,2026-08-27T18:26:00,"Sector 87, Delhi NCR",0.977
V018,P068,USED,2026-08-28T21:27:00,"Sector 88, Delhi NCR",0.796
V023,P077,USED,2026-08-29T00:28:00,"Sector 89, Delhi NCR",0.824
V028,P006,USED,2026-08-30T03:29:00,"Sector 90, Delhi NCR",0.854
V003,P015,USED,2026-08-01T06:30:00,"Sector 1, Delhi NCR",0.81
V008,P024,USED,2026-08-02T09:31:00,"Sector 2, Delhi NCR",0.824
V013,P033,USED,2026-08-03T12:32:00,"Sector 3, Delhi NCR",0.924
V018,P042,USED,2026-08-04T15:33:00,"Sector 4, Delhi NCR",0.904
V023,P051,USED,2026-08-05T18:34:00,"Sector 5, Delhi NCR",0.967
V028,P060,USED,2026-08-06T21:35:00,"Sector 6, Delhi NCR",0.8
V003,P069,USED,2026-08-07T00:36:00,"Sector 7, Delhi NCR",0.78
V008,P078,USED,2026-08-08T03:37:00,"Sector 8, Delhi NCR",0.902
V013,P007,USED,2026-08-09T06:38:00,"Sector 9, Delhi NCR",0.813
V018,P016,USED,2026-08-10T09:39:00,"Sector 10, Delhi NCR",0.845
V023,P025,USED,2026-08-11T12:40:00,"Sector 11, Delhi NCR",0.828
V028,P034,USED,2026-08-12T15:41:00,"Sector 12, Delhi NCR",0.915
V003,P043,USED,2026-08-13T18:42:00,"Sector 13, Delhi NCR",0.901
V008,P052,USED,2026-08-14T21:43:00,"Sector 14, Delhi NCR",0.837
V013,P061,USED,2026-08-15T00:44:00,"Sector 15, Delhi NCR",0.762
V018,P070,USED,2026-08-16T03:45:00,"Sector 16, Delhi NCR",0.865
V023,P079,USED,2026-08-17T06:46:00,"Sector 17, Delhi NCR",0.8
V028,P008,USED,2026-08-18T09:47:00,"Sector 18, Delhi NCR",0.769
V003,P017,USED,2026-08-19T12:48:00,"Sector 19, Delhi NCR",0.778
V008,P026,USED,2026-08-20T15:49:00,"Sector 20, Delhi NCR",0.8
V013,P035,USED,2026-08-21T18:50:00,"Sector 21, Delhi NCR",0.879
V018,P044,USED,2026-08-22T21:51:00,"Sector 22, Delhi NCR",0.853
V023,P053,USED,2026-08-23T00:52:00,"Sector 23, Delhi NCR",0.901
V028,P062,USED,2026-08-24T03:53:00,"Sector 24, Delhi NCR",0.879
V003,P071,USED,2026-08-25T06:54:00,"Sector 25, Delhi NCR",0.97
V008,P080,USED,2026-08-26T09:55:00,"Sector 26, Delhi NCR",0.817
V013,P009,USED,2026-08-27T12:56:00,"Sector 27, Delhi NCR",0.801
V018,P018,USED,2026-08-28T15:57:00,"Sector 28, Delhi NCR",0.808
V023,P027,USED,2026-08-29T18:58:00,"Sector 29, Delhi NCR",0.808
V028,P036,USED,2026-08-30T21:59:00,"Sector 30, Delhi NCR",0.961
V003,P045,USED,2026-08-01T00:00:00,"Sector 31, Delhi NCR",0.831
V008,P054,USED,2026-08-02T03:01:00,"Sector 32, Delhi NCR",0.824
V013,P063,USED,2026-08-03T06:02:00,"Sector 33, Delhi NCR",0.885
V018,P072,USED,2026-08-04T09:03:00,"Sector 34, Delhi NCR",0.782
V023,P001,USED,2026-08-05T12:04:00,"Sector 35, Delhi NCR",0.876
V028,P010,USED,2026-08-06T15:05:00,"Sector 36, Delhi NCR",0.892
V003,P019,USED,2026-08-07T18:06:00,"Sector 37, Delhi NCR",0.786
V008,P028,USED,2026-08-08T21:07:00,"Sector 38, Delhi NCR",0.958
V013,P037,USED,2026-08-09T00:08:00,"Sector 39, Delhi NCR",0.953
V018,P046,USED,2026-08-10T03:09:00,"Sector 40, Delhi NCR",0.791
V023,P055,USED,2026-08-11T06:10:00,"Sector 41, Delhi NCR",0.892
V028,P064,USED,2026-08-12T09:11:00,"Sector 42, Delhi NCR",0.921
V003,P073,USED,2026-08-13T12:12:00,"Sector 43, Delhi NCR",0.85
V008,P002,USED,2026-08-14T15:13:00,"Sector 44, Delhi NCR",0.966
V013,P011,USED,2026-08-15T18:14:00,"Sector 45, Delhi NCR",0.862
V018,P020,USED,2026-08-16T21:15:00,"Sector 46, Delhi NCR",0.967
V023,P029,USED,2026-08-17T00:16:00,"Sector 47, Delhi NCR",0.96
V028,P038,USED,2026-08-18T03:17:00,"Sector 48, Delhi NCR",0.889
V003,P047,USED,2026-08-19T06:18:00,"Sector 49, Delhi NCR",0.808
V008,P056,USED,2026-08-20T09:19:00,"Sector 50, Delhi NCR",0.888
V013,P065,USED,2026-08-21T12:20:00,"Sector 51, Delhi NCR",0.846
V018,P074,USED,2026-08-22T15:21:00,"Sector 52, Delhi NCR",0.961
V023,P003,USED,2026-08-23T18:22:00,"Sector 53, Delhi NCR",0.907
V028,P012,USED,2026-08-24T21:23:00,"Sector 54, Delhi NCR",0.946
V003,P021,USED,2026-08-25T00:24:00,"Sector 55, Delhi NCR",0.966
V008,P030,USED,2026-08-26T03:25:00,"Sector 56, Delhi NCR",0.863
V013,P039,USED,2026-08-27T06:26:00,"Sector 57, Delhi NCR",0.926
V018,P048,USED,2026-08-28T09:27:00,"Sector 58, Delhi NCR",0.793
V023,P057,USED,2026-08-29T12:28:00,"Sector 59, Delhi NCR",0.777
V028,P066,USED,2026-08-30T15:29:00,"Sector 60, Delhi NCR",0.846
V003,P075,USED,2026-08-01T18:30:00,"Sector 61, Delhi NCR",0.935
V008,P004,USED,2026-08-02T21:31:00,"Sector 62, Delhi NCR",0.957
V013,P013,USED,2026-08-03T00:32:00,"Sector 63, Delhi NCR",0.883
V018,P022,USED,2026-08-04T03:33:00,"Sector 64, Delhi NCR",0.778
V023,P031,USED,2026-08-05T06:34:00,"Sector 65, Delhi NCR",0.846
V028,P040,USED,2026-08-06T09:35:00,"Sector 66, Delhi NCR",0.786
V003,P049,USED,2026-08-07T12:36:00,"Sector 67, Delhi NCR",0.781
V008,P058,USED,2026-08-08T15:37:00,"Sector 68, Delhi NCR",0.835
V013,P067,USED,2026-08-09T18:38:00,"Sector 69, Delhi NCR",0.819
V018,P076,USED,2026-08-10T21:39:00,"Sector 70, Delhi NCR",0.91
V023,P005,USED,2026-08-11T00:40:00,"Sector 71, Delhi NCR",0.933
V028,P014,USED,2026-08-12T03:41:00,"Sector 72, Delhi NCR",0.912
V003,P023,USED,2026-08-13T06:42:00,"Sector 73, Delhi NCR",0.951
V008,P032,USED,2026-08-14T09:43:00,"Sector 74, Delhi NCR",0.866
V013,P041,USED,2026-08-15T12:44:00,"Sector 75, Delhi NCR",0.916
V018,P050,USED,2026-08-16T15:45:00,"Sector 76, Delhi NCR",0.827
V023,P059,USED,2026-08-17T18:46:00,"Sector 77, Delhi NCR",0.876
V028,P068,USED,2026-08-18T21:47:00,"Sector 78, Delhi NCR",0.903
V003,P077,USED,2026-08-19T00:48:00,"Sector 79, Delhi NCR",0.77
V008,P006,USED,2026-08-20T03:49:00,"Sector 80, Delhi NCR",0.795
V013,P015,USED,2026-08-21T06:50:00,"Sector 81, Delhi NCR",0.919
V018,P024,USED,2026-08-22T09:51:00,"Sector 82, Delhi NCR",0.967
V023,P033,USED,2026-08-23T12:52:00,"Sector 83, Delhi NCR",0.798
V028,P042,USED,2026-08-24T15:53:00,"Sector 84, Delhi NCR",0.885
V003,P051,USED,2026-08-25T18:54:00,"Sector 85, Delhi NCR",0.962
V008,P060,USED,2026-08-26T21:55:00,"Sector 86, Delhi NCR",0.821
V013,P069,USED,2026-08-27T00:56:00,"Sector 87, Delhi NCR",0.901
V018,P078,USED,2026-08-28T03:57:00,"Sector 88, Delhi NCR",0.809
V023,P007,USED,2026-08-29T06:58:00,"Sector 89, Delhi NCR",0.869
V028,P016,USED,2026-08-30T09:59:00,"Sector 90, Delhi NCR",0.961
V003,P025,USED,2026-08-01T12:00:00,"Sector 1, Delhi NCR",0.769
V008,P034,USED,2026-08-02T15:01:00,"Sector 2, Delhi NCR",0.802
V013,P043,USED,2026-08-03T18:02:00,"Sector 3, Delhi NCR",0.803
V018,P052,USED,2026-08-04T21:03:00,"Sector 4, Delhi NCR",0.85
V023,P061,USED,2026-08-05T00:04:00,"Sector 5, Delhi NCR",0.852
V028,P070,USED,2026-08-06T03:05:00,"Sector 6, Delhi NCR",0.813
V003,P079,USED,2026-08-07T06:06:00,"Sector 7, Delhi NCR",0.95
V008,P008,USED,2026-08-08T09:07:00,"Sector 8, Delhi NCR",0.874
V013,P017,USED,2026-08-09T12:08:00,"Sector 9, Delhi NCR",0.806
V018,P026,USED,2026-08-10T15:09:00,"Sector 10, Delhi NCR",0.869
V023,P035,USED,2026-08-11T18:10:00,"Sector 11, Delhi NCR",0.814
V028,P044,USED,2026-08-12T21:11:00,"Sector 12, Delhi NCR",0.792
V003,P053,USED,2026-08-13T00:12:00,"Sector 13, Delhi NCR",0.853
V008,P062,USED,2026-08-14T03:13:00,"Sector 14, Delhi NCR",0.864
V013,P071,USED,2026-08-15T06:14:00,"Sector 15, Delhi NCR",0.917
V018,P080,USED,2026-08-16T09:15:00,"Sector 16, Delhi NCR",0.837
V023,P009,USED,2026-08-17T12:16:00,"Sector 17, Delhi NCR",0.892
V028,P018,USED,2026-08-18T15:17:00,"Sector 18, Delhi NCR",0.814
V003,P027,USED,2026-08-19T18:18:00,"Sector 19, Delhi NCR",0.935
V008,P036,USED,2026-08-20T21:19:00,"Sector 20, Delhi NCR",0.794
V013,P045,USED,2026-08-21T00:20:00,"Sector 21, Delhi NCR",0.803
V018,P054,USED,2026-08-22T03:21:00,"Sector 22, Delhi NCR",0.928
V023,P063,USED,2026-08-23T06:22:00,"Sector 23, Delhi NCR",0.945
V028,P072,USED,2026-08-24T09:23:00,"Sector 24, Delhi NCR",0.938
V003,P001,USED,2026-08-25T12:24:00,"Sector 25, Delhi NCR",0.834
V008,P010,USED,2026-08-26T15:25:00,"Sector 26, Delhi NCR",0.84
V013,P019,USED,2026-08-27T18:26:00,"Sector 27, Delhi NCR",0.819
V018,P028,USED,2026-08-28T21:27:00,"Sector 28, Delhi NCR",0.944
V023,P037,USED,2026-08-29T00:28:00,"Sector 29, Delhi NCR",0.883
V028,P046,USED,2026-08-30T03:29:00,"Sector 30, Delhi NCR",0.936
V003,P055,USED,2026-08-01T06:30:00,"Sector 31, Delhi NCR",0.826
V008,P064,USED,2026-08-02T09:31:00,"Sector 32, Delhi NCR",0.777
V013,P073,USED,2026-08-03T12:32:00,"Sector 33, Delhi NCR",0.844
V018,P002,USED,2026-08-04T15:33:00,"Sector 34, Delhi NCR",0.968
V023,P011,USED,2026-08-05T18:34:00,"Sector 35, Delhi NCR",0.802
V028,P020,USED,2026-08-06T21:35:00,"Sector 36, Delhi NCR",0.896
V003,P029,USED,2026-08-07T00:36:00,"Sector 37, Delhi NCR",0.935
V008,P038,USED,2026-08-08T03:37:00,"Sector 38, Delhi NCR",0.818
V013,P047,USED,2026-08-09T06:38:00,"Sector 39, Delhi NCR",0.82
V018,P056,USED,2026-08-10T09:39:00,"Sector 40, Delhi NCR",0.811
V023,P065,USED,2026-08-11T12:40:00,"Sector 41, Delhi NCR",0.875
V028,P074,USED,2026-08-12T15:41:00,"Sector 42, Delhi NCR",0.964
V003,P003,USED,2026-08-13T18:42:00,"Sector 43, Delhi NCR",0.806
V008,P012,USED,2026-08-14T21:43:00,"Sector 44, Delhi NCR",0.813
V013,P021,USED,2026-08-15T00:44:00,"Sector 45, Delhi NCR",0.773
V018,P030,USED,2026-08-16T03:45:00,"Sector 46, Delhi NCR",0.927
V023,P039,USED,2026-08-17T06:46:00,"Sector 47, Delhi NCR",0.841
V028,P048,USED,2026-08-18T09:47:00,"Sector 48, Delhi NCR",0.881
V003,P057,USED,2026-08-19T12:48:00,"Sector 49, Delhi NCR",0.96
V008,P066,USED,2026-08-20T15:49:00,"Sector 50, Delhi NCR",0.82
V013,P075,USED,2026-08-21T18:50:00,"Sector 51, Delhi NCR",0.885
V018,P004,USED,2026-08-22T21:51:00,"Sector 52, Delhi NCR",0.949
V023,P013,USED,2026-08-23T00:52:00,"Sector 53, Delhi NCR",0.953
V028,P022,USED,2026-08-24T03:53:00,"Sector 54, Delhi NCR",0.808
V003,P031,USED,2026-08-25T06:54:00,"Sector 55, Delhi NCR",0.811
V008,P040,USED,2026-08-26T09:55:00,"Sector 56, Delhi NCR",0.969
V013,P049,USED,2026-08-27T12:56:00,"Sector 57, Delhi NCR",0.788
V018,P058,USED,2026-08-28T15:57:00,"Sector 58, Delhi NCR",0.828
V023,P067,USED,2026-08-29T18:58:00,"Sector 59, Delhi NCR",0.822
V028,P076,USED,2026-08-30T21:59:00,"Sector 60, Delhi NCR",0.961
V003,P005,USED,2026-08-01T00:00:00,"Sector 61, Delhi NCR",0.881
V008,P014,USED,2026-08-02T03:01:00,"Sector 62, Delhi NCR",0.91
V013,P023,USED,2026-08-03T06:02:00,"Sector 63, Delhi NCR",0.891
V018,P032,USED,2026-08-04T09:03:00,"Sector 64, Delhi NCR",0.873
V023,P041,USED,2026-08-05T12:04:00,"Sector 65, Delhi NCR",0.803
V028,P050,USED,2026-08-06T15:05:00,"Sector 66, Delhi NCR",0.976
V003,P059,USED,2026-08-07T18:06:00,"Sector 67, Delhi NCR",0.832
V008,P068,USED,2026-08-08T21:07:00,"Sector 68, Delhi NCR",0.838
V013,P077,USED,2026-08-09T00:08:00,"Sector 69, Delhi NCR",0.821
V018,P006,USED,2026-08-10T03:09:00,"Sector 70, Delhi NCR",0.937
V023,P015,USED,2026-08-11T06:10:00,"Sector 71, Delhi NCR",0.826
V028,P024,USED,2026-08-12T09:11:00,"Sector 72, Delhi NCR",0.96
V003,P033,USED,2026-08-13T12:12:00,"Sector 73, Delhi NCR",0.885
V008,P042,USED,2026-08-14T15:13:00,"Sector 74, Delhi NCR",0.936
V013,P051,USED,2026-08-15T18:14:00,"Sector 75, Delhi NCR",0.866
V018,P060,USED,2026-08-16T21:15:00,"Sector 76, Delhi NCR",0.925
V023,P069,USED,2026-08-17T00:16:00,"Sector 77, Delhi NCR",0.761
V028,P078,USED,2026-08-18T03:17:00,"Sector 78, Delhi NCR",0.778
V003,P007,USED,2026-08-19T06:18:00,"Sector 79, Delhi NCR",0.906
V008,P016,USED,2026-08-20T09:19:00,"Sector 80, Delhi NCR",0.876
V013,P025,USED,2026-08-21T12:20:00,"Sector 81, Delhi NCR",0.832
V018,P034,USED,2026-08-22T15:21:00,"Sector 82, Delhi NCR",0.948
V023,P043,USED,2026-08-23T18:22:00,"Sector 83, Delhi NCR",0.84
V028,P052,USED,2026-08-24T21:23:00,"Sector 84, Delhi NCR",0.777
V003,P061,USED,2026-08-25T00:24:00,"Sector 85, Delhi NCR",0.918
V008,P070,USED,2026-08-26T03:25:00,"Sector 86, Delhi NCR",0.949
V013,P079,USED,2026-08-27T06:26:00,"Sector 87, Delhi NCR",0.801
V018,P008,USED,2026-08-28T09:27:00,"Sector 88, Delhi NCR",0.856
V023,P017,USED,2026-08-29T12:28:00,"Sector 89, Delhi NCR",0.906
V028,P026,USED,2026-08-30T15:29:00,"Sector 90, Delhi NCR",0.943
V003,P035,USED,2026-08-01T18:30:00,"Sector 1, Delhi NCR",0.881
V008,P044,USED,2026-08-02T21:31:00,"Sector 2, Delhi NCR",0.848
V013,P053,USED,2026-08-03T00:32:00,"Sector 3, Delhi NCR",0.841
V018,P062,USED,2026-08-04T03:33:00,"Sector 4, Delhi NCR",0.875
V023,P071,USED,2026-08-05T06:34:00,"Sector 5, Delhi NCR",0.774
V028,P080,USED,2026-08-06T09:35:00,"Sector 6, Delhi NCR",0.762
V003,P009,USED,2026-08-07T12:36:00,"Sector 7, Delhi NCR",0.787
V008,P018,USED,2026-08-08T15:37:00,"Sector 8, Delhi NCR",0.791
V013,P027,USED,2026-08-09T18:38:00,"Sector 9, Delhi NCR",0.909
V018,P036,USED,2026-08-10T21:39:00,"Sector 10, Delhi NCR",0.77
V023,P045,USED,2026-08-11T00:40:00,"Sector 11, Delhi NCR",0.789
V028,P054,USED,2026-08-12T03:41:00,"Sector 12, Delhi NCR",0.947
V003,P063,USED,2026-08-13T06:42:00,"Sector 13, Delhi NCR",0.925
V008,P072,USED,2026-08-14T09:43:00,"Sector 14, Delhi NCR",0.92
V013,P001,USED,2026-08-15T12:44:00,"Sector 15, Delhi NCR",0.815
V018,P010,USED,2026-08-16T15:45:00,"Sector 16, Delhi NCR",0.836
V023,P019,USED,2026-08-17T18:46:00,"Sector 17, Delhi NCR",0.852
V028,P028,USED,2026-08-18T21:47:00,"Sector 18, Delhi NCR",0.859
V003,P037,USED,2026-08-19T00:48:00,"Sector 19, Delhi NCR",0.773
V008,P046,USED,2026-08-20T03:49:00,"Sector 20, Delhi NCR",0.809
V013,P055,USED,2026-08-21T06:50:00,"Sector 21, Delhi NCR",0.971
V018,P064,USED,2026-08-22T09:51:00,"Sector 22, Delhi NCR",0.914
V023,P073,USED,2026-08-23T12:52:00,"Sector 23, Delhi NCR",0.897
V028,P002,USED,2026-08-24T15:53:00,"Sector 24, Delhi NCR",0.82
V003,P011,USED,2026-08-25T18:54:00,"Sector 25, Delhi NCR",0.979
V008,P020,USED,2026-08-26T21:55:00,"Sector 26, Delhi NCR",0.9
V013,P029,USED,2026-08-27T00:56:00,"Sector 27, Delhi NCR",0.909
V018,P038,USED,2026-08-28T03:57:00,"Sector 28, Delhi NCR",0.915
V023,P047,USED,2026-08-29T06:58:00,"Sector 29, Delhi NCR",0.841
V028,P056,USED,2026-08-30T09:59:00,"Sector 30, Delhi NCR",0.901
V003,P065,USED,2026-08-01T12:00:00,"Sector 31, Delhi NCR",0.769
V008,P074,USED,2026-08-02T15:01:00,"Sector 32, Delhi NCR",0.926
V013,P003,USED,2026-08-03T18:02:00,"Sector 33, Delhi NCR",0.93
V018,P012,USED,2026-08-04T21:03:00,"Sector 34, Delhi NCR",0.846
V023,P021,USED,2026-08-05T00:04:00,"Sector 35, Delhi NCR",0.877
V028,P030,USED,2026-08-06T03:05:00,"Sector 36, Delhi NCR",0.813
V003,P039,USED,2026-08-07T06:06:00,"Sector 37, Delhi NCR",0.901
V008,P048,USED,2026-08-08T09:07:00,"Sector 38, Delhi NCR",0.851
V013,P057,USED,2026-08-09T12:08:00,"Sector 39, Delhi NCR",0.862
V018,P066,USED,2026-08-10T15:09:00,"Sector 40, Delhi NCR",0.908
V023,P075,USED,2026-08-11T18:10:00,"Sector 41, Delhi NCR",0.902
V028,P004,USED,2026-08-12T21:11:00,"Sector 42, Delhi NCR",0.857
V003,P013,USED,2026-08-13T00:12:00,"Sector 43, Delhi NCR",0.859
V008,P022,USED,2026-08-14T03:13:00,"Sector 44, Delhi NCR",0.816
V013,P031,USED,2026-08-15T06:14:00,"Sector 45, Delhi NCR",0.847
V018,P040,USED,2026-08-16T09:15:00,"Sector 46, Delhi NCR",0.883
V023,P049,USED,2026-08-17T12:16:00,"Sector 47, Delhi NCR",0.911
V028,P058,USED,2026-08-18T15:17:00,"Sector 48, Delhi NCR",0.945
V003,P067,USED,2026-08-19T18:18:00,"Sector 49, Delhi NCR",0.871
V008,P076,USED,2026-08-20T21:19:00,"Sector 50, Delhi NCR",0.764
V013,P005,USED,2026-08-21T00:20:00,"Sector 51, Delhi NCR",0.824
V018,P014,USED,2026-08-22T03:21:00,"Sector 52, Delhi NCR",0.951
V023,P023,USED,2026-08-23T06:22:00,"Sector 53, Delhi NCR",0.828
V028,P032,USED,2026-08-24T09:23:00,"Sector 54, Delhi NCR",0.777
V003,P041,USED,2026-08-25T12:24:00,"Sector 55, Delhi NCR",0.892
V008,P050,USED,2026-08-26T15:25:00,"Sector 56, Delhi NCR",0.952
V013,P059,USED,2026-08-27T18:26:00,"Sector 57, Delhi NCR",0.964
V018,P068,USED,2026-08-28T21:27:00,"Sector 58, Delhi NCR",0.855
V023,P077,USED,2026-08-29T00:28:00,"Sector 59, Delhi NCR",0.833
V028,P006,USED,2026-08-30T03:29:00,"Sector 60, Delhi NCR",0.837
V003,P015,USED,2026-08-01T06:30:00,"Sector 61, Delhi NCR",0.801
V008,P024,USED,2026-08-02T09:31:00,"Sector 62, Delhi NCR",0.779
V013,P033,USED,2026-08-03T12:32:00,"Sector 63, Delhi NCR",0.842
V018,P042,USED,2026-08-04T15:33:00,"Sector 64, Delhi NCR",0.954
V023,P051,USED,2026-08-05T18:34:00,"Sector 65, Delhi NCR",0.811
V028,P060,USED,2026-08-06T21:35:00,"Sector 66, Delhi NCR",0.773
V003,P069,USED,2026-08-07T00:36:00,"Sector 67, Delhi NCR",0.79
V008,P078,USED,2026-08-08T03:37:00,"Sector 68, Delhi NCR",0.932
V013,P007,USED,2026-08-09T06:38:00,"Sector 69, Delhi NCR",0.894
V018,P016,USED,2026-08-10T09:39:00,"Sector 70, Delhi NCR",0.869
V023,P025,USED,2026-08-11T12:40:00,"Sector 71, Delhi NCR",0.851
V028,P034,USED,2026-08-12T15:41:00,"Sector 72, Delhi NCR",0.952
V003,P043,USED,2026-08-13T18:42:00,"Sector 73, Delhi NCR",0.866
V008,P052,USED,2026-08-14T21:43:00,"Sector 74, Delhi NCR",0.912
V013,P061,USED,2026-08-15T00:44:00,"Sector 75, Delhi NCR",0.814
V018,P070,USED,2026-08-16T03:45:00,"Sector 76, Delhi NCR",0.781
V023,P079,USED,2026-08-17T06:46:00,"Sector 77, Delhi NCR",0.763
V028,P008,USED,2026-08-18T09:47:00,"Sector 78, Delhi NCR",0.974
V003,P017,USED,2026-08-19T12:48:00,"Sector 79, Delhi NCR",0.793
V008,P026,USED,2026-08-20T15:49:00,"Sector 80, Delhi NCR",0.827
V013,P035,USED,2026-08-21T18:50:00,"Sector 81, Delhi NCR",0.797
V018,P044,USED,2026-08-22T21:51:00,"Sector 82, Delhi NCR",0.823
V023,P053,USED,2026-08-23T00:52:00,"Sector 83, Delhi NCR",0.968
V028,P062,USED,2026-08-24T03:53:00,"Sector 84, Delhi NCR",0.779
V003,P071,USED,2026-08-25T06:54:00,"Sector 85, Delhi NCR",0.907
V008,P080,USED,2026-08-26T09:55:00,"Sector 86, Delhi NCR",0.82
V013,P009,USED,2026-08-27T12:56:00,"Sector 87, Delhi NCR",0.96
V018,P018,USED,2026-08-28T15:57:00,"Sector 88, Delhi NCR",0.807
V023,P027,USED,2026-08-29T18:58:00,"Sector 89, Delhi NCR",0.826
V028,P036,USED,2026-08-30T21:59:00,"Sector 90, Delhi NCR",0.813
V003,P045,USED,2026-08-01T00:00:00,"Sector 1, Delhi NCR",0.977
V008,P054,USED,2026-08-02T03:01:00,"Sector 2, Delhi NCR",0.807
V013,P063,USED,2026-08-03T06:02:00,"Sector 3, Delhi NCR",0.807
V018,P072,USED,2026-08-04T09:03:00,"Sector 4, Delhi NCR",0.855
V023,P001,USED,2026-08-05T12:04:00,"Sector 5, Delhi NCR",0.828
V028,P010,USED,2026-08-06T15:05:00,"Sector 6, Delhi NCR",0.793
V003,P019,USED,2026-08-07T18:06:00,"Sector 7, Delhi NCR",0.861
V008,P028,USED,2026-08-08T21:07:00,"Sector 8, Delhi NCR",0.957
V013,P037,USED,2026-08-09T00:08:00,"Sector 9, Delhi NCR",0.786
V018,P046,USED,2026-08-10T03:09:00,"Sector 10, Delhi NCR",0.855
V023,P055,USED,2026-08-11T06:10:00,"Sector 11, Delhi NCR",0.845
V028,P064,USED,2026-08-12T09:11:00,"Sector 12, Delhi NCR",0.883
V003,P073,USED,2026-08-13T12:12:00,"Sector 13, Delhi NCR",0.941
V008,P002,USED,2026-08-14T15:13:00,"Sector 14, Delhi NCR",0.819
V013,P011,USED,2026-08-15T18:14:00,"Sector 15, Delhi NCR",0.965
V018,P020,USED,2026-08-16T21:15:00,"Sector 16, Delhi NCR",0.793
V023,P029,USED,2026-08-17T00:16:00,"Sector 17, Delhi NCR",0.824
V028,P038,USED,2026-08-18T03:17:00,"Sector 18, Delhi NCR",0.893
V003,P047,USED,2026-08-19T06:18:00,"Sector 19, Delhi NCR",0.797
V008,P056,USED,2026-08-20T09:19:00,"Sector 20, Delhi NCR",0.91
V013,P065,USED,2026-08-21T12:20:00,"Sector 21, Delhi NCR",0.953
V018,P074,USED,2026-08-22T15:21:00,"Sector 22, Delhi NCR",0.857
V023,P003,USED,2026-08-23T18:22:00,"Sector 23, Delhi NCR",0.943
V028,P012,USED,2026-08-24T21:23:00,"Sector 24, Delhi NCR",0.821
V003,P021,USED,2026-08-25T00:24:00,"Sector 25, Delhi NCR",0.829
V008,P030,USED,2026-08-26T03:25:00,"Sector 26, Delhi NCR",0.898
V013,P039,USED,2026-08-27T06:26:00,"Sector 27, Delhi NCR",0.896
V018,P048,USED,2026-08-28T09:27:00,"Sector 28, Delhi NCR",0.88
V023,P057,USED,2026-08-29T12:28:00,"Sector 29, Delhi NCR",0.967
V028,P066,USED,2026-08-30T15:29:00,"Sector 30, Delhi NCR",0.938
V003,P075,USED,2026-08-01T18:30:00,"Sector 31, Delhi NCR",0.767
V008,P004,USED,2026-08-02T21:31:00,"Sector 32, Delhi NCR",0.952
V013,P013,USED,2026-08-03T00:32:00,"Sector 33, Delhi NCR",0.918
V018,P022,USED,2026-08-04T03:33:00,"Sector 34, Delhi NCR",0.857
V023,P031,USED,2026-08-05T06:34:00,"Sector 35, Delhi NCR",0.828
V028,P040,USED,2026-08-06T09:35:00,"Sector 36, Delhi NCR",0.862
V003,P049,USED,2026-08-07T12:36:00,"Sector 37, Delhi NCR",0.79
V008,P058,USED,2026-08-08T15:37:00,"Sector 38, Delhi NCR",0.923
V013,P067,USED,2026-08-09T18:38:00,"Sector 39, Delhi NCR",0.874
V018,P076,USED,2026-08-10T21:39:00,"Sector 40, Delhi NCR",0.899
V023,P005,USED,2026-08-11T00:40:00,"Sector 41, Delhi NCR",0.912
V028,P014,USED,2026-08-12T03:41:00,"Sector 42, Delhi NCR",0.906
V003,P023,USED,2026-08-13T06:42:00,"Sector 43, Delhi NCR",0.881
V008,P032,USED,2026-08-14T09:43:00,"Sector 44, Delhi NCR",0.769
V013,P041,USED,2026-08-15T12:44:00,"Sector 45, Delhi NCR",0.888
V018,P050,USED,2026-08-16T15:45:00,"Sector 46, Delhi NCR",0.922
V023,P059,USED,2026-08-17T18:46:00,"Sector 47, Delhi NCR",0.87
V028,P068,USED,2026-08-18T21:47:00,"Sector 48, Delhi NCR",0.764
V003,P077,USED,2026-08-19T00:48:00,"Sector 49, Delhi NCR",0.79
V008,P006,USED,2026-08-20T03:49:00,"Sector 50, Delhi NCR",0.917
V013,P015,USED,2026-08-21T06:50:00,"Sector 51, Delhi NCR",0.822
V018,P024,USED,2026-08-22T09:51:00,"Sector 52, Delhi NCR",0.931
V023,P033,USED,2026-08-23T12:52:00,"Sector 53, Delhi NCR",0.849
V028,P042,USED,2026-08-24T15:53:00,"Sector 54, Delhi NCR",0.957
V003,P051,USED,2026-08-25T18:54:00,"Sector 55, Delhi NCR",0.856
V008,P060,USED,2026-08-26T21:55:00,"Sector 56, Delhi NCR",0.966
V013,P069,USED,2026-08-27T00:56:00,"Sector 57, Delhi NCR",0.834
V018,P078,USED,2026-08-28T03:57:00,"Sector 58, Delhi NCR",0.788
V023,P007,USED,2026-08-29T06:58:00,"Sector 59, Delhi NCR",0.936
V028,P016,USED,2026-08-30T09:59:00,"Sector 60, Delhi NCR",0.93
V003,P025,USED,2026-08-01T12:00:00,"Sector 61, Delhi NCR",0.912
V008,P034,USED,2026-08-02T15:01:00,"Sector 62, Delhi NCR",0.803
V013,P043,USED,2026-08-03T18:02:00,"Sector 63, Delhi NCR",0.809
V018,P052,USED,2026-08-04T21:03:00,"Sector 64, Delhi NCR",0.939
V023,P061,USED,2026-08-05T00:04:00,"Sector 65, Delhi NCR",0.856
V028,P070,USED,2026-08-06T03:05:00,"Sector 66, Delhi NCR",0.774
V003,P079,USED,2026-08-07T06:06:00,"Sector 67, Delhi NCR",0.902
V008,P008,USED,2026-08-08T09:07:00,"Sector 68, Delhi NCR",0.862
V013,P017,USED,2026-08-09T12:08:00,"Sector 69, Delhi NCR",0.795
V018,P026,USED,2026-08-10T15:09:00,"Sector 70, Delhi NCR",0.921
V023,P035,USED,2026-08-11T18:10:00,"Sector 71, Delhi NCR",0.807
V028,P044,USED,2026-08-12T21:11:00,"Sector 72, Delhi NCR",0.844
V003,P053,USED,2026-08-13T00:12:00,"Sector 73, Delhi NCR",0.898
V008,P062,USED,2026-08-14T03:13:00,"Sector 74, Delhi NCR",0.853
V013,P071,USED,2026-08-15T06:14:00,"Sector 75, Delhi NCR",0.958
V018,P080,USED,2026-08-16T09:15:00,"Sector 76, Delhi NCR",0.904
V023,P009,USED,2026-08-17T12:16:00,"Sector 77, Delhi NCR",0.924
V028,P018,USED,2026-08-18T15:17:00,"Sector 78, Delhi NCR",0.881
V003,P027,USED,2026-08-19T18:18:00,"Sector 79, Delhi NCR",0.88
V008,P036,USED,2026-08-20T21:19:00,"Sector 80, Delhi NCR",0.828
V013,P045,USED,2026-08-21T00:20:00,"Sector 81, Delhi NCR",0.924
V018,P054,USED,2026-08-22T03:21:00,"Sector 82, Delhi NCR",0.806
V023,P063,USED,2026-08-23T06:22:00,"Sector 83, Delhi NCR",0.82
V028,P072,USED,2026-08-24T09:23:00,"Sector 84, Delhi NCR",0.782
V003,P001,USED,2026-08-25T12:24:00,"Sector 85, Delhi NCR",0.975
V008,P010,USED,2026-08-26T15:25:00,"Sector 86, Delhi NCR",0.918
V013,P019,USED,2026-08-27T18:26:00,"Sector 87, Delhi NCR",0.964
V018,P028,USED,2026-08-28T21:27:00,"Sector 88, Delhi NCR",0.838
V023,P037,USED,2026-08-29T00:28:00,"Sector 89, Delhi NCR",0.798
V028,P046,USED,2026-08-30T03:29:00,"Sector 90, Delhi NCR",0.938
V003,P055,USED,2026-08-01T06:30:00,"Sector 1, Delhi NCR",0.848
V008,P064,USED,2026-08-02T09:31:00,"Sector 2, Delhi NCR",0.818
V013,P073,USED,2026-08-03T12:32:00,"Sector 3, Delhi NCR",0.948
V018,P002,USED,2026-08-04T15:33:00,"Sector 4, Delhi NCR",0.977
V023,P011,USED,2026-08-05T18:34:00,"Sector 5, Delhi NCR",0.884
V028,P020,USED,2026-08-06T21:35:00,"Sector 6, Delhi NCR",0.862
V003,P029,USED,2026-08-07T00:36:00,"Sector 7, Delhi NCR",0.83
V008,P038,USED,2026-08-08T03:37:00,"Sector 8, Delhi NCR",0.787
V013,P047,USED,2026-08-09T06:38:00,"Sector 9, Delhi NCR",0.787
V018,P056,USED,2026-08-10T09:39:00,"Sector 10, Delhi NCR",0.961
V023,P065,USED,2026-08-11T12:40:00,"Sector 11, Delhi NCR",0.964
V028,P074,USED,2026-08-12T15:41:00,"Sector 12, Delhi NCR",0.853
V003,P003,USED,2026-08-13T18:42:00,"Sector 13, Delhi NCR",0.854
V008,P012,USED,2026-08-14T21:43:00,"Sector 14, Delhi NCR",0.791
V013,P021,USED,2026-08-15T00:44:00,"Sector 15, Delhi NCR",0.968
V018,P030,USED,2026-08-16T03:45:00,"Sector 16, Delhi NCR",0.844
V023,P039,USED,2026-08-17T06:46:00,"Sector 17, Delhi NCR",0.774
V028,P048,USED,2026-08-18T09:47:00,"Sector 18, Delhi NCR",0.904
V003,P057,USED,2026-08-19T12:48:00,"Sector 19, Delhi NCR",0.796
V008,P066,USED,2026-08-20T15:49:00,"Sector 20, Delhi NCR",0.942
V013,P075,USED,2026-08-21T18:50:00,"Sector 21, Delhi NCR",0.957
V018,P004,USED,2026-08-22T21:51:00,"Sector 22, Delhi NCR",0.813
V023,P013,USED,2026-08-23T00:52:00,"Sector 23, Delhi NCR",0.885
V028,P022,USED,2026-08-24T03:53:00,"Sector 24, Delhi NCR",0.973
V003,P031,USED,2026-08-25T06:54:00,"Sector 25, Delhi NCR",0.866
V008,P040,USED,2026-08-26T09:55:00,"Sector 26, Delhi NCR",0.797
V013,P049,USED,2026-08-27T12:56:00,"Sector 27, Delhi NCR",0.844
V018,P058,USED,2026-08-28T15:57:00,"Sector 28, Delhi NCR",0.867
V023,P067,USED,2026-08-29T18:58:00,"Sector 29, Delhi NCR",0.842
V028,P076,USED,2026-08-30T21:59:00,"Sector 30, Delhi NCR",0.864
V003,P005,USED,2026-08-01T00:00:00,"Sector 31, Delhi NCR",0.87
V008,P014,USED,2026-08-02T03:01:00,"Sector 32, Delhi NCR",0.966
V013,P023,USED,2026-08-03T06:02:00,"Sector 33, Delhi NCR",0.956
V018,P032,USED,2026-08-04T09:03:00,"Sector 34, Delhi NCR",0.956
V023,P041,USED,2026-08-05T12:04:00,"Sector 35, Delhi NCR",0.94
V028,P050,USED,2026-08-06T15:05:00,"Sector 36, Delhi NCR",0.778
V003,P059,USED,2026-08-07T18:06:00,"Sector 37, Delhi NCR",0.966
V008,P068,USED,2026-08-08T21:07:00,"Sector 38, Delhi NCR",0.911
V013,P077,USED,2026-08-09T00:08:00,"Sector 39, Delhi NCR",0.877
V018,P006,USED,2026-08-10T03:09:00,"Sector 40, Delhi NCR",0.92
V023,P015,USED,2026-08-11T06:10:00,"Sector 41, Delhi NCR",0.942
V028,P024,USED,2026-08-12T09:11:00,"Sector 42, Delhi NCR",0.824
V003,P033,USED,2026-08-13T12:12:00,"Sector 43, Delhi NCR",0.938
V008,P042,USED,2026-08-14T15:13:00,"Sector 44, Delhi NCR",0.88
V013,P051,USED,2026-08-15T18:14:00,"Sector 45, Delhi NCR",0.881
V018,P060,USED,2026-08-16T21:15:00,"Sector 46, Delhi NCR",0.978
V023,P069,USED,2026-08-17T00:16:00,"Sector 47, Delhi NCR",0.832
V028,P078,USED,2026-08-18T03:17:00,"Sector 48, Delhi NCR",0.84
V003,P007,USED,2026-08-19T06:18:00,"Sector 49, Delhi NCR",0.92
V008,P016,USED,2026-08-20T09:19:00,"Sector 50, Delhi NCR",0.769
V013,P025,USED,2026-08-21T12:20:00,"Sector 51, Delhi NCR",0.762
V018,P034,USED,2026-08-22T15:21:00,"Sector 52, Delhi NCR",0.905
V023,P043,USED,2026-08-23T18:22:00,"Sector 53, Delhi NCR",0.819
V028,P052,USED,2026-08-24T21:23:00,"Sector 54, Delhi NCR",0.894
V003,P061,USED,2026-08-25T00:24:00,"Sector 55, Delhi NCR",0.829
V008,P070,USED,2026-08-26T03:25:00,"Sector 56, Delhi NCR",0.841
V013,P079,USED,2026-08-27T06:26:00,"Sector 57, Delhi NCR",0.944
V018,P008,USED,2026-08-28T09:27:00,"Sector 58, Delhi NCR",0.766
V023,P017,USED,2026-08-29T12:28:00,"Sector 59, Delhi NCR",0.874
V028,P026,USED,2026-08-30T15:29:00,"Sector 60, Delhi NCR",0.771
V003,P035,USED,2026-08-01T18:30:00,"Sector 61, Delhi NCR",0.934
V008,P044,USED,2026-08-02T21:31:00,"Sector 62, Delhi NCR",0.977
V013,P053,USED,2026-08-03T00:32:00,"Sector 63, Delhi NCR",0.938
V018,P062,USED,2026-08-04T03:33:00,"Sector 64, Delhi NCR",0.768
V023,P071,USED,2026-08-05T06:34:00,"Sector 65, Delhi NCR",0.849
V028,P080,USED,2026-08-06T09:35:00,"Sector 66, Delhi NCR",0.84
V003,P009,USED,2026-08-07T12:36:00,"Sector 67, Delhi NCR",0.952
V008,P018,USED,2026-08-08T15:37:00,"Sector 68, Delhi NCR",0.813
V013,P027,USED,2026-08-09T18:38:00,"Sector 69, Delhi NCR",0.866
V018,P036,USED,2026-08-10T21:39:00,"Sector 70, Delhi NCR",0.811
V023,P045,USED,2026-08-11T00:40:00,"Sector 71, Delhi NCR",0.904
V028,P054,USED,2026-08-12T03:41:00,"Sector 72, Delhi NCR",0.872
V003,P063,USED,2026-08-13T06:42:00,"Sector 73, Delhi NCR",0.933
V008,P072,USED,2026-08-14T09:43:00,"Sector 74, Delhi NCR",0.819
V013,P001,USED,2026-08-15T12:44:00,"Sector 75, Delhi NCR",0.809
V018,P010,USED,2026-08-16T15:45:00,"Sector 76, Delhi NCR",0.97
V023,P019,USED,2026-08-17T18:46:00,"Sector 77, Delhi NCR",0.844
V028,P028,USED,2026-08-18T21:47:00,"Sector 78, Delhi NCR",0.896
V003,P037,USED,2026-08-19T00:48:00,"Sector 79, Delhi NCR",0.914
V008,P046,USED,2026-08-20T03:49:00,"Sector 80, Delhi NCR",0.803
V013,P055,USED,2026-08-21T06:50:00,"Sector 81, Delhi NCR",0.905
V018,P064,USED,2026-08-22T09:51:00,"Sector 82, Delhi NCR",0.962
V023,P073,USED,2026-08-23T12:52:00,"Sector 83, Delhi NCR",0.766
V028,P002,USED,2026-08-24T15:53:00,"Sector 84, Delhi NCR",0.951
V003,P011,USED,2026-08-25T18:54:00,"Sector 85, Delhi NCR",0.931
V008,P020,USED,2026-08-26T21:55:00,"Sector 86, Delhi NCR",0.919
V013,P029,USED,2026-08-27T00:56:00,"Sector 87, Delhi NCR",0.951
V018,P038,USED,2026-08-28T03:57:00,"Sector 88, Delhi NCR",0.844
V023,P047,USED,2026-08-29T06:58:00,"Sector 89, Delhi NCR",0.785
V028,P056,USED,2026-08-30T09:59:00,"Sector 90, Delhi NCR",0.802
V003,P065,USED,2026-08-01T12:00:00,"Sector 1, Delhi NCR",0.852
V008,P074,USED,2026-08-02T15:01:00,"Sector 2, Delhi NCR",0.853
V013,P003,USED,2026-08-03T18:02:00,"Sector 3, Delhi NCR",0.835
V018,P012,USED,2026-08-04T21:03:00,"Sector 4, Delhi NCR",0.831
V023,P021,USED,2026-08-05T00:04:00,"Sector 5, Delhi NCR",0.931
V028,P030,USED,2026-08-06T03:05:00,"Sector 6, Delhi NCR",0.863
V003,P039,USED,2026-08-07T06:06:00,"Sector 7, Delhi NCR",0.955
V008,P048,USED,2026-08-08T09:07:00,"Sector 8, Delhi NCR",0.869
V013,P057,USED,2026-08-09T12:08:00,"Sector 9, Delhi NCR",0.92
V018,P066,USED,2026-08-10T15:09:00,"Sector 10, Delhi NCR",0.976
V023,P075,USED,2026-08-11T18:10:00,"Sector 11, Delhi NCR",0.907
V028,P004,USED,2026-08-12T21:11:00,"Sector 12, Delhi NCR",0.867
V003,P013,USED,2026-08-13T00:12:00,"Sector 13, Delhi NCR",0.956
V008,P022,USED,2026-08-14T03:13:00,"Sector 14, Delhi NCR",0.967
V013,P031,USED,2026-08-15T06:14:00,"Sector 15, Delhi NCR",0.832
V018,P040,USED,2026-08-16T09:15:00,"Sector 16, Delhi NCR",0.822
V023,P049,USED,2026-08-17T12:16:00,"Sector 17, Delhi NCR",0.815
V028,P058,USED,2026-08-18T15:17:00,"Sector 18, Delhi NCR",0.907
V003,P067,USED,2026-08-19T18:18:00,"Sector 19, Delhi NCR",0.909
V008,P076,USED,2026-08-20T21:19:00,"Sector 20, Delhi NCR",0.778
V013,P005,USED,2026-08-21T00:20:00,"Sector 21, Delhi NCR",0.95
V018,P014,USED,2026-08-22T03:21:00,"Sector 22, Delhi NCR",0.859
V023,P023,USED,2026-08-23T06:22:00,"Sector 23, Delhi NCR",0.76
V028,P032,USED,2026-08-24T09:23:00,"Sector 24, Delhi NCR",0.904
V003,P041,USED,2026-08-25T12:24:00,"Sector 25, Delhi NCR",0.823
V008,P050,USED,2026-08-26T15:25:00,"Sector 26, Delhi NCR",0.939
V013,P059,USED,2026-08-27T18:26:00,"Sector 27, Delhi NCR",0.775
V018,P068,USED,2026-08-28T21:27:00,"Sector 28, Delhi NCR",0.816
V023,P077,USED,2026-08-29T00:28:00,"Sector 29, Delhi NCR",0.802
V028,P006,USED,2026-08-30T03:29:00,"Sector 30, Delhi NCR",0.824
V003,P015,USED,2026-08-01T06:30:00,"Sector 31, Delhi NCR",0.833
V008,P024,USED,2026-08-02T09:31:00,"Sector 32, Delhi NCR",0.96
V013,P033,USED,2026-08-03T12:32:00,"Sector 33, Delhi NCR",0.885
V018,P042,USED,2026-08-04T15:33:00,"Sector 34, Delhi NCR",0.816
V023,P051,USED,2026-08-05T18:34:00,"Sector 35, Delhi NCR",0.979
V028,P060,USED,2026-08-06T21:35:00,"Sector 36, Delhi NCR",0.955
V003,P069,USED,2026-08-07T00:36:00,"Sector 37, Delhi NCR",0.864
V008,P078,USED,2026-08-08T03:37:00,"Sector 38, Delhi NCR",0.899
V013,P007,USED,2026-08-09T06:38:00,"Sector 39, Delhi NCR",0.799
V018,P016,USED,2026-08-10T09:39:00,"Sector 40, Delhi NCR",0.838
V023,P025,USED,2026-08-11T12:40:00,"Sector 41, Delhi NCR",0.918
V028,P034,USED,2026-08-12T15:41:00,"Sector 42, Delhi NCR",0.837
V003,P043,USED,2026-08-13T18:42:00,"Sector 43, Delhi NCR",0.963
V008,P052,USED,2026-08-14T21:43:00,"Sector 44, Delhi NCR",0.862
V013,P061,USED,2026-08-15T00:44:00,"Sector 45, Delhi NCR",0.801
V018,P070,USED,2026-08-16T03:45:00,"Sector 46, Delhi NCR",0.975
V023,P079,USED,2026-08-17T06:46:00,"Sector 47, Delhi NCR",0.796
V028,P008,USED,2026-08-18T09:47:00,"Sector 48, Delhi NCR",0.834
V003,P017,USED,2026-08-19T12:48:00,"Sector 49, Delhi NCR",0.797
V008,P026,USED,2026-08-20T15:49:00,"Sector 50, Delhi NCR",0.793
V013,P035,USED,2026-08-21T18:50:00,"Sector 51, Delhi NCR",0.951
V018,P044,USED,2026-08-22T21:51:00,"Sector 52, Delhi NCR",0.825
V023,P053,USED,2026-08-23T00:52:00,"Sector 53, Delhi NCR",0.94
V028,P062,USED,2026-08-24T03:53:00,"Sector 54, Delhi NCR",0.833
V003,P071,USED,2026-08-25T06:54:00,"Sector 55, Delhi NCR",0.967
V008,P080,USED,2026-08-26T09:55:00,"Sector 56, Delhi NCR",0.817
V013,P009,USED,2026-08-27T12:56:00,"Sector 57, Delhi NCR",0.828
V018,P018,USED,2026-08-28T15:57:00,"Sector 58, Delhi NCR",0.927
V023,P027,USED,2026-08-29T18:58:00,"Sector 59, Delhi NCR",0.96
V028,P036,USED,2026-08-30T21:59:00,"Sector 60, Delhi NCR",0.875
V003,P045,USED,2026-08-01T00:00:00,"Sector 61, Delhi NCR",0.842
V008,P054,USED,2026-08-02T03:01:00,"Sector 62, Delhi NCR",0.778
V013,P063,USED,2026-08-03T06:02:00,"Sector 63, Delhi NCR",0.783
V018,P072,USED,2026-08-04T09:03:00,"Sector 64, Delhi NCR",0.817
V023,P001,USED,2026-08-05T12:04:00,"Sector 65, Delhi NCR",0.972
V028,P010,USED,2026-08-06T15:05:00,"Sector 66, Delhi NCR",0.92
V003,P019,USED,2026-08-07T18:06:00,"Sector 67, Delhi NCR",0.932
V008,P028,USED,2026-08-08T21:07:00,"Sector 68, Delhi NCR",0.917
V013,P037,USED,2026-08-09T00:08:00,"Sector 69, Delhi NCR",0.908
V018,P046,USED,2026-08-10T03:09:00,"Sector 70, Delhi NCR",0.92
V023,P055,USED,2026-08-11T06:10:00,"Sector 71, Delhi NCR",0.92
V028,P064,USED,2026-08-12T09:11:00,"Sector 72, Delhi NCR",0.764
V003,P073,USED,2026-08-13T12:12:00,"Sector 73, Delhi NCR",0.863
V008,P002,USED,2026-08-14T15:13:00,"Sector 74, Delhi NCR",0.859
V013,P011,USED,2026-08-15T18:14:00,"Sector 75, Delhi NCR",0.926
V018,P020,USED,2026-08-16T21:15:00,"Sector 76, Delhi NCR",0.934
V023,P029,USED,2026-08-17T00:16:00,"Sector 77, Delhi NCR",0.796
V028,P038,USED,2026-08-18T03:17:00,"Sector 78, Delhi NCR",0.864
V003,P047,USED,2026-08-19T06:18:00,"Sector 79, Delhi NCR",0.803
V008,P056,USED,2026-08-20T09:19:00,"Sector 80, Delhi NCR",0.953
V013,P065,USED,2026-08-21T12:20:00,"Sector 81, Delhi NCR",0.857
V018,P074,USED,2026-08-22T15:21:00,"Sector 82, Delhi NCR",0.957
V023,P003,USED,2026-08-23T18:22:00,"Sector 83, Delhi NCR",0.774
V028,P012,USED,2026-08-24T21:23:00,"Sector 84, Delhi NCR",0.822
V003,P021,USED,2026-08-25T00:24:00,"Sector 85, Delhi NCR",0.84
V008,P030,USED,2026-08-26T03:25:00,"Sector 86, Delhi NCR",0.904
V013,P039,USED,2026-08-27T06:26:00,"Sector 87, Delhi NCR",0.832
V018,P048,USED,2026-08-28T09:27:00,"Sector 88, Delhi NCR",0.845
V023,P057,USED,2026-08-29T12:28:00,"Sector 89, Delhi NCR",0.936
V028,P066,USED,2026-08-30T15:29:00,"Sector 90, Delhi NCR",0.936
V003,P075,USED,2026-08-01T18:30:00,"Sector 1, Delhi NCR",0.868
V008,P004,USED,2026-08-02T21:31:00,"Sector 2, Delhi NCR",0.909
V013,P013,USED,2026-08-03T00:32:00,"Sector 3, Delhi NCR",0.878
V018,P022,USED,2026-08-04T03:33:00,"Sector 4, Delhi NCR",0.885
V023,P031,USED,2026-08-05T06:34:00,"Sector 5, Delhi NCR",0.837
V028,P040,USED,2026-08-06T09:35:00,"Sector 6, Delhi NCR",0.924
V003,P049,USED,2026-08-07T12:36:00,"Sector 7, Delhi NCR",0.968
V008,P058,USED,2026-08-08T15:37:00,"Sector 8, Delhi NCR",0.897
V013,P067,USED,2026-08-09T18:38:00,"Sector 9, Delhi NCR",0.962
V018,P076,USED,2026-08-10T21:39:00,"Sector 10, Delhi NCR",0.977
V023,P005,USED,2026-08-11T00:40:00,"Sector 11, Delhi NCR",0.977
V028,P014,USED,2026-08-12T03:41:00,"Sector 12, Delhi NCR",0.951
V003,P023,USED,2026-08-13T06:42:00,"Sector 13, Delhi NCR",0.763
V008,P032,USED,2026-08-14T09:43:00,"Sector 14, Delhi NCR",0.939
V013,P041,USED,2026-08-15T12:44:00,"Sector 15, Delhi NCR",0.761
V018,P050,USED,2026-08-16T15:45:00,"Sector 16, Delhi NCR",0.927
V023,P059,USED,2026-08-17T18:46:00,"Sector 17, Delhi NCR",0.968
V028,P068,USED,2026-08-18T21:47:00,"Sector 18, Delhi NCR",0.87
V003,P077,USED,2026-08-19T00:48:00,"Sector 19, Delhi NCR",0.793
V008,P006,USED,2026-08-20T03:49:00,"Sector 20, Delhi NCR",0.895
V013,P015,USED,2026-08-21T06:50:00,"Sector 21, Delhi NCR",0.857
V018,P024,USED,2026-08-22T09:51:00,"Sector 22, Delhi NCR",0.934
V023,P033,USED,2026-08-23T12:52:00,"Sector 23, Delhi NCR",0.865
V028,P042,USED,2026-08-24T15:53:00,"Sector 24, Delhi NCR",0.846
V003,P051,USED,2026-08-25T18:54:00,"Sector 25, Delhi NCR",0.814
V008,P060,USED,2026-08-26T21:55:00,"Sector 26, Delhi NCR",0.945
V013,P069,USED,2026-08-27T00:56:00,"Sector 27, Delhi NCR",0.916
V018,P078,USED,2026-08-28T03:57:00,"Sector 28, Delhi NCR",0.841
V023,P007,USED,2026-08-29T06:58:00,"Sector 29, Delhi NCR",0.926
V028,P016,USED,2026-08-30T09:59:00,"Sector 30, Delhi NCR",0.959
V003,P025,USED,2026-08-01T12:00:00,"Sector 31, Delhi NCR",0.768
V008,P034,USED,2026-08-02T15:01:00,"Sector 32, Delhi NCR",0.848
V013,P043,USED,2026-08-03T18:02:00,"Sector 33, Delhi NCR",0.862
V018,P052,USED,2026-08-04T21:03:00,"Sector 34, Delhi NCR",0.868
V023,P061,USED,2026-08-05T00:04:00,"Sector 35, Delhi NCR",0.842
V028,P070,USED,2026-08-06T03:05:00,"Sector 36, Delhi NCR",0.894
V003,P079,USED,2026-08-07T06:06:00,"Sector 37, Delhi NCR",0.826
V008,P008,USED,2026-08-08T09:07:00,"Sector 38, Delhi NCR",0.921
V013,P017,USED,2026-08-09T12:08:00,"Sector 39, Delhi NCR",0.916
V018,P026,USED,2026-08-10T15:09:00,"Sector 40, Delhi NCR",0.762
V023,P035,USED,2026-08-11T18:10:00,"Sector 41, Delhi NCR",0.857
V028,P044,USED,2026-08-12T21:11:00,"Sector 42, Delhi NCR",0.933
V003,P053,USED,2026-08-13T00:12:00,"Sector 43, Delhi NCR",0.965
V008,P062,USED,2026-08-14T03:13:00,"Sector 44, Delhi NCR",0.818
V013,P071,USED,2026-08-15T06:14:00,"Sector 45, Delhi NCR",0.976
V018,P080,USED,2026-08-16T09:15:00,"Sector 46, Delhi NCR",0.823
V023,P009,USED,2026-08-17T12:16:00,"Sector 47, Delhi NCR",0.957
V028,P018,USED,2026-08-18T15:17:00,"Sector 48, Delhi NCR",0.894
V003,P027,USED,2026-08-19T18:18:00,"Sector 49, Delhi NCR",0.777
V008,P036,USED,2026-08-20T21:19:00,"Sector 50, Delhi NCR",0.895
V013,P045,USED,2026-08-21T00:20:00,"Sector 51, Delhi NCR",0.91
V018,P054,USED,2026-08-22T03:21:00,"Sector 52, Delhi NCR",0.902
V023,P063,USED,2026-08-23T06:22:00,"Sector 53, Delhi NCR",0.811
V028,P072,USED,2026-08-24T09:23:00,"Sector 54, Delhi NCR",0.792
V003,P001,USED,2026-08-25T12:24:00,"Sector 55, Delhi NCR",0.963
V008,P010,USED,2026-08-26T15:25:00,"Sector 56, Delhi NCR",0.882
V013,P019,USED,2026-08-27T18:26:00,"Sector 57, Delhi NCR",0.78
V018,P028,USED,2026-08-28T21:27:00,"Sector 58, Delhi NCR",0.867
V023,P037,USED,2026-08-29T00:28:00,"Sector 59, Delhi NCR",0.853
V028,P046,USED,2026-08-30T03:29:00,"Sector 60, Delhi NCR",0.801
V003,P055,USED,2026-08-01T06:30:00,"Sector 61, Delhi NCR",0.829
V008,P064,USED,2026-08-02T09:31:00,"Sector 62, Delhi NCR",0.863
V013,P073,USED,2026-08-03T12:32:00,"Sector 63, Delhi NCR",0.908
V018,P002,USED,2026-08-04T15:33:00,"Sector 64, Delhi NCR",0.797
V023,P011,USED,2026-08-05T18:34:00,"Sector 65, Delhi NCR",0.815
V028,P020,USED,2026-08-06T21:35:00,"Sector 66, Delhi NCR",0.85
V003,P029,USED,2026-08-07T00:36:00,"Sector 67, Delhi NCR",0.861
V008,P038,USED,2026-08-08T03:37:00,"Sector 68, Delhi NCR",0.791
V013,P047,USED,2026-08-09T06:38:00,"Sector 69, Delhi NCR",0.942
V018,P056,USED,2026-08-10T09:39:00,"Sector 70, Delhi NCR",0.951
V023,P065,USED,2026-08-11T12:40:00,"Sector 71, Delhi NCR",0.968
V028,P074,USED,2026-08-12T15:41:00,"Sector 72, Delhi NCR",0.917
V003,P003,USED,2026-08-13T18:42:00,"Sector 73, Delhi NCR",0.906
V008,P012,USED,2026-08-14T21:43:00,"Sector 74, Delhi NCR",0.964
V013,P021,USED,2026-08-15T00:44:00,"Sector 75, Delhi NCR",0.785
V018,P030,USED,2026-08-16T03:45:00,"Sector 76, Delhi NCR",0.948
V023,P039,USED,2026-08-17T06:46:00,"Sector 77, Delhi NCR",0.807
V028,P048,USED,2026-08-18T09:47:00,"Sector 78, Delhi NCR",0.957
V003,P057,USED,2026-08-19T12:48:00,"Sector 79, Delhi NCR",0.979
V008,P066,USED,2026-08-20T15:49:00,"Sector 80, Delhi NCR",0.815
V013,P075,USED,2026-08-21T18:50:00,"Sector 81, Delhi NCR",0.794
V018,P004,USED,2026-08-22T21:51:00,"Sector 82, Delhi NCR",0.797
V023,P013,USED,2026-08-23T00:52:00,"Sector 83, Delhi NCR",0.916
V028,P022,USED,2026-08-24T03:53:00,"Sector 84, Delhi NCR",0.916
V003,P031,USED,2026-08-25T06:54:00,"Sector 85, Delhi NCR",0.79
V008,P040,USED,2026-08-26T09:55:00,"Sector 86, Delhi NCR",0.924
V013,P049,USED,2026-08-27T12:56:00,"Sector 87, Delhi NCR",0.788
V018,P058,USED,2026-08-28T15:57:00,"Sector 88, Delhi NCR",0.872
V023,P067,USED,2026-08-29T18:58:00,"Sector 89, Delhi NCR",0.962
V028,P076,USED,2026-08-30T21:59:00,"Sector 90, Delhi NCR",0.915
V003,P005,USED,2026-08-01T00:00:00,"Sector 1, Delhi NCR",0.96
V008,P014,USED,2026-08-02T03:01:00,"Sector 2, Delhi NCR",0.855
V013,P023,USED,2026-08-03T06:02:00,"Sector 3, Delhi NCR",0.908
V018,P032,USED,2026-08-04T09:03:00,"Sector 4, Delhi NCR",0.952
V023,P041,USED,2026-08-05T12:04:00,"Sector 5, Delhi NCR",0.834
V028,P050,USED,2026-08-06T15:05:00,"Sector 6, Delhi NCR",0.883
V003,P059,USED,2026-08-07T18:06:00,"Sector 7, Delhi NCR",0.812
V008,P068,USED,2026-08-08T21:07:00,"Sector 8, Delhi NCR",0.945
V013,P077,USED,2026-08-09T00:08:00,"Sector 9, Delhi NCR",0.822
V018,P006,USED,2026-08-10T03:09:00,"Sector 10, Delhi NCR",0.976
V023,P015,USED,2026-08-11T06:10:00,"Sector 11, Delhi NCR",0.949
V028,P024,USED,2026-08-12T09:11:00,"Sector 12, Delhi NCR",0.96
V003,P033,USED,2026-08-13T12:12:00,"Sector 13, Delhi NCR",0.968
V008,P042,USED,2026-08-14T15:13:00,"Sector 14, Delhi NCR",0.927
V013,P051,USED,2026-08-15T18:14:00,"Sector 15, Delhi NCR",0.92
V018,P060,USED,2026-08-16T21:15:00,"Sector 16, Delhi NCR",0.896
V023,P069,USED,2026-08-17T00:16:00,"Sector 17, Delhi NCR",0.778
V028,P078,USED,2026-08-18T03:17:00,"Sector 18, Delhi NCR",0.779
V003,P007,USED,2026-08-19T06:18:00,"Sector 19, Delhi NCR",0.964
V008,P016,USED,2026-08-20T09:19:00,"Sector 20, Delhi NCR",0.959
V013,P025,USED,2026-08-21T12:20:00,"Sector 21, Delhi NCR",0.866
V018,P034,USED,2026-08-22T15:21:00,"Sector 22, Delhi NCR",0.948
V023,P043,USED,2026-08-23T18:22:00,"Sector 23, Delhi NCR",0.977
V028,P052,USED,2026-08-24T21:23:00,"Sector 24, Delhi NCR",0.852
V003,P061,USED,2026-08-25T00:24:00,"Sector 25, Delhi NCR",0.875
V008,P070,USED,2026-08-26T03:25:00,"Sector 26, Delhi NCR",0.812
V013,P079,USED,2026-08-27T06:26:00,"Sector 27, Delhi NCR",0.915
V018,P008,USED,2026-08-28T09:27:00,"Sector 28, Delhi NCR",0.914
V023,P017,USED,2026-08-29T12:28:00,"Sector 29, Delhi NCR",0.878
V028,P026,USED,2026-08-30T15:29:00,"Sector 30, Delhi NCR",0.939
V003,P035,USED,2026-08-01T18:30:00,"Sector 31, Delhi NCR",0.891
V008,P044,USED,2026-08-02T21:31:00,"Sector 32, Delhi NCR",0.853
V013,P053,USED,2026-08-03T00:32:00,"Sector 33, Delhi NCR",0.789
V018,P062,USED,2026-08-04T03:33:00,"Sector 34, Delhi NCR",0.938
V023,P071,USED,2026-08-05T06:34:00,"Sector 35, Delhi NCR",0.805
V028,P080,USED,2026-08-06T09:35:00,"Sector 36, Delhi NCR",0.902
V003,P009,USED,2026-08-07T12:36:00,"Sector 37, Delhi NCR",0.823
V008,P018,USED,2026-08-08T15:37:00,"Sector 38, Delhi NCR",0.948
V013,P027,USED,2026-08-09T18:38:00,"Sector 39, Delhi NCR",0.966
V018,P036,USED,2026-08-10T21:39:00,"Sector 40, Delhi NCR",0.762
V023,P045,USED,2026-08-11T00:40:00,"Sector 41, Delhi NCR",0.896
V028,P054,USED,2026-08-12T03:41:00,"Sector 42, Delhi NCR",0.925
V003,P063,USED,2026-08-13T06:42:00,"Sector 43, Delhi NCR",0.846
V008,P072,USED,2026-08-14T09:43:00,"Sector 44, Delhi NCR",0.968
V013,P001,USED,2026-08-15T12:44:00,"Sector 45, Delhi NCR",0.846
V018,P010,USED,2026-08-16T15:45:00,"Sector 46, Delhi NCR",0.968
V023,P019,USED,2026-08-17T18:46:00,"Sector 47, Delhi NCR",0.889
V028,P028,USED,2026-08-18T21:47:00,"Sector 48, Delhi NCR",0.899
V003,P037,USED,2026-08-19T00:48:00,"Sector 49, Delhi NCR",0.909
V008,P046,USED,2026-08-20T03:49:00,"Sector 50, Delhi NCR",0.901
V013,P055,USED,2026-08-21T06:50:00,"Sector 51, Delhi NCR",0.834
V018,P064,USED,2026-08-22T09:51:00,"Sector 52, Delhi NCR",0.945
V023,P073,USED,2026-08-23T12:52:00,"Sector 53, Delhi NCR",0.898
V028,P002,USED,2026-08-24T15:53:00,"Sector 54, Delhi NCR",0.97
V003,P011,USED,2026-08-25T18:54:00,"Sector 55, Delhi NCR",0.918
V008,P020,USED,2026-08-26T21:55:00,"Sector 56, Delhi NCR",0.913
V013,P029,USED,2026-08-27T00:56:00,"Sector 57, Delhi NCR",0.811
V018,P038,USED,2026-08-28T03:57:00,"Sector 58, Delhi NCR",0.89
V023,P047,USED,2026-08-29T06:58:00,"Sector 59, Delhi NCR",0.965
V028,P056,USED,2026-08-30T09:59:00,"Sector 60, Delhi NCR",0.814
V003,P065,USED,2026-08-01T12:00:00,"Sector 61, Delhi NCR",0.786
V008,P074,USED,2026-08-02T15:01:00,"Sector 62, Delhi NCR",0.823
V013,P003,USED,2026-08-03T18:02:00,"Sector 63, Delhi NCR",0.86
V018,P012,USED,2026-08-04T21:03:00,"Sector 64, Delhi NCR",0.785
V023,P021,USED,2026-08-05T00:04:00,"Sector 65, Delhi NCR",0.8
V028,P030,USED,2026-08-06T03:05:00,"Sector 66, Delhi NCR",0.828
V003,P039,USED,2026-08-07T06:06:00,"Sector 67, Delhi NCR",0.882
V008,P048,USED,2026-08-08T09:07:00,"Sector 68, Delhi NCR",0.945
V013,P057,USED,2026-08-09T12:08:00,"Sector 69, Delhi NCR",0.822
V018,P066,USED,2026-08-10T15:09:00,"Sector 70, Delhi NCR",0.802
V023,P075,USED,2026-08-11T18:10:00,"Sector 71, Delhi NCR",0.897
V028,P004,USED,2026-08-12T21:11:00,"Sector 72, Delhi NCR",0.878
V003,P013,USED,2026-08-13T00:12:00,"Sector 73, Delhi NCR",0.914
V008,P022,USED,2026-08-14T03:13:00,"Sector 74, Delhi NCR",0.948
V013,P031,USED,2026-08-15T06:14:00,"Sector 75, Delhi NCR",0.965
V018,P040,USED,2026-08-16T09:15:00,"Sector 76, Delhi NCR",0.905
V023,P049,USED,2026-08-17T12:16:00,"Sector 77, Delhi NCR",0.812
V028,P058,USED,2026-08-18T15:17:00,"Sector 78, Delhi NCR",0.762
V003,P067,USED,2026-08-19T18:18:00,"Sector 79, Delhi NCR",0.886
V008,P076,USED,2026-08-20T21:19:00,"Sector 80, Delhi NCR",0.772
V013,P005,USED,2026-08-21T00:20:00,"Sector 81, Delhi NCR",0.907
V018,P014,USED,2026-08-22T03:21:00,"Sector 82, Delhi NCR",0.952
V023,P023,USED,2026-08-23T06:22:00,"Sector 83, Delhi NCR",0.927
V028,P032,USED,2026-08-24T09:23:00,"Sector 84, Delhi NCR",0.879
V003,P041,USED,2026-08-25T12:24:00,"Sector 85, Delhi NCR",0.765
V008,P050,USED,2026-08-26T15:25:00,"Sector 86, Delhi NCR",0.92
V013,P059,USED,2026-08-27T18:26:00,"Sector 87, Delhi NCR",0.793
V018,P068,USED,2026-08-28T21:27:00,"Sector 88, Delhi NCR",0.823
V023,P077,USED,2026-08-29T00:28:00,"Sector 89, Delhi NCR",0.836
V028,P006,USED,2026-08-30T03:29:00,"Sector 90, Delhi NCR",0.962
V003,P015,USED,2026-08-01T06:30:00,"Sector 1, Delhi NCR",0.795
V008,P024,USED,2026-08-02T09:31:00,"Sector 2, Delhi NCR",0.964
V013,P033,USED,2026-08-03T12:32:00,"Sector 3, Delhi NCR",0.866
V018,P042,USED,2026-08-04T15:33:00,"Sector 4, Delhi NCR",0.922
V023,P051,USED,2026-08-05T18:34:00,"Sector 5, Delhi NCR",0.907
V028,P060,USED,2026-08-06T21:35:00,"Sector 6, Delhi NCR",0.963
V003,P069,USED,2026-08-07T00:36:00,"Sector 7, Delhi NCR",0.891
V008,P078,USED,2026-08-08T03:37:00,"Sector 8, Delhi NCR",0.901
V013,P007,USED,2026-08-09T06:38:00,"Sector 9, Delhi NCR",0.938
V018,P016,USED,2026-08-10T09:39:00,"Sector 10, Delhi NCR",0.944
V023,P025,USED,2026-08-11T12:40:00,"Sector 11, Delhi NCR",0.821
V028,P034,USED,2026-08-12T15:41:00,"Sector 12, Delhi NCR",0.956
V003,P043,USED,2026-08-13T18:42:00,"Sector 13, Delhi NCR",0.875
V008,P052,USED,2026-08-14T21:43:00,"Sector 14, Delhi NCR",0.874
V013,P061,USED,2026-08-15T00:44:00,"Sector 15, Delhi NCR",0.956
V018,P070,USED,2026-08-16T03:45:00,"Sector 16, Delhi NCR",0.937
V023,P079,USED,2026-08-17T06:46:00,"Sector 17, Delhi NCR",0.777
V028,P008,USED,2026-08-18T09:47:00,"Sector 18, Delhi NCR",0.813
V003,P017,USED,2026-08-19T12:48:00,"Sector 19, Delhi NCR",0.795
V008,P026,USED,2026-08-20T15:49:00,"Sector 20, Delhi NCR",0.918
V013,P035,USED,2026-08-21T18:50:00,"Sector 21, Delhi NCR",0.951
V018,P044,USED,2026-08-22T21:51:00,"Sector 22, Delhi NCR",0.956
V023,P053,USED,2026-08-23T00:52:00,"Sector 23, Delhi NCR",0.858
V028,P062,USED,2026-08-24T03:53:00,"Sector 24, Delhi NCR",0.793
V003,P071,USED,2026-08-25T06:54:00,"Sector 25, Delhi NCR",0.957
V008,P080,USED,2026-08-26T09:55:00,"Sector 26, Delhi NCR",0.936
V013,P009,USED,2026-08-27T12:56:00,"Sector 27, Delhi NCR",0.817
V018,P018,USED,2026-08-28T15:57:00,"Sector 28, Delhi NCR",0.776
V023,P027,USED,2026-08-29T18:58:00,"Sector 29, Delhi NCR",0.783
V028,P036,USED,2026-08-30T21:59:00,"Sector 30, Delhi NCR",0.884
V003,P045,USED,2026-08-01T00:00:00,"Sector 31, Delhi NCR",0.772
V008,P054,USED,2026-08-02T03:01:00,"Sector 32, Delhi NCR",0.97
V013,P063,USED,2026-08-03T06:02:00,"Sector 33, Delhi NCR",0.959
V018,P072,USED,2026-08-04T09:03:00,"Sector 34, Delhi NCR",0.82
V023,P001,USED,2026-08-05T12:04:00,"Sector 35, Delhi NCR",0.817
V028,P010,USED,2026-08-06T15:05:00,"Sector 36, Delhi NCR",0.903
V003,P019,USED,2026-08-07T18:06:00,"Sector 37, Delhi NCR",0.972
V008,P028,USED,2026-08-08T21:07:00,"Sector 38, Delhi NCR",0.956
V013,P037,USED,2026-08-09T00:08:00,"Sector 39, Delhi NCR",0.924
V018,P046,USED,2026-08-10T03:09:00,"Sector 40, Delhi NCR",0.889
V023,P055,USED,2026-08-11T06:10:00,"Sector 41, Delhi NCR",0.935
V028,P064,USED,2026-08-12T09:11:00,"Sector 42, Delhi NCR",0.775
V003,P073,USED,2026-08-13T12:12:00,"Sector 43, Delhi NCR",0.905
V008,P002,USED,2026-08-14T15:13:00,"Sector 44, Delhi NCR",0.965
V013,P011,USED,2026-08-15T18:14:00,"Sector 45, Delhi NCR",0.866
V018,P020,USED,2026-08-16T21:15:00,"Sector 46, Delhi NCR",0.922
V023,P029,USED,2026-08-17T00:16:00,"Sector 47, Delhi NCR",0.876
V028,P038,USED,2026-08-18T03:17:00,"Sector 48, Delhi NCR",0.909
V003,P047,USED,2026-08-19T06:18:00,"Sector 49, Delhi NCR",0.886
V008,P056,USED,2026-08-20T09:19:00,"Sector 50, Delhi NCR",0.87
V013,P065,USED,2026-08-21T12:20:00,"Sector 51, Delhi NCR",0.804
V018,P074,USED,2026-08-22T15:21:00,"Sector 52, Delhi NCR",0.973
V023,P003,USED,2026-08-23T18:22:00,"Sector 53, Delhi NCR",0.873
V028,P012,USED,2026-08-24T21:23:00,"Sector 54, Delhi NCR",0.843
V003,P021,USED,2026-08-25T00:24:00,"Sector 55, Delhi NCR",0.862
V008,P030,USED,2026-08-26T03:25:00,"Sector 56, Delhi NCR",0.798
V013,P039,USED,2026-08-27T06:26:00,"Sector 57, Delhi NCR",0.858
V018,P048,USED,2026-08-28T09:27:00,"Sector 58, Delhi NCR",0.884
V023,P057,USED,2026-08-29T12:28:00,"Sector 59, Delhi NCR",0.892
V028,P066,USED,2026-08-30T15:29:00,"Sector 60, Delhi NCR",0.978
V003,P075,USED,2026-08-01T18:30:00,"Sector 61, Delhi NCR",0.932
V008,P004,USED,2026-08-02T21:31:00,"Sector 62, Delhi NCR",0.906
V013,P013,USED,2026-08-03T00:32:00,"Sector 63, Delhi NCR",0.912
V018,P022,USED,2026-08-04T03:33:00,"Sector 64, Delhi NCR",0.923
V023,P031,USED,2026-08-05T06:34:00,"Sector 65, Delhi NCR",0.951
V028,P040,USED,2026-08-06T09:35:00,"Sector 66, Delhi NCR",0.933
V003,P049,USED,2026-08-07T12:36:00,"Sector 67, Delhi NCR",0.896
V008,P058,USED,2026-08-08T15:37:00,"Sector 68, Delhi NCR",0.969
V013,P067,USED,2026-08-09T18:38:00,"Sector 69, Delhi NCR",0.942
V018,P076,USED,2026-08-10T21:39:00,"Sector 70, Delhi NCR",0.942
V023,P005,USED,2026-08-11T00:40:00,"Sector 71, Delhi NCR",0.785
V028,P014,USED,2026-08-12T03:41:00,"Sector 72, Delhi NCR",0.78
V003,P023,USED,2026-08-13T06:42:00,"Sector 73, Delhi NCR",0.89
V008,P032,USED,2026-08-14T09:43:00,"Sector 74, Delhi NCR",0.768
V013,P041,USED,2026-08-15T12:44:00,"Sector 75, Delhi NCR",0.968
V018,P050,USED,2026-08-16T15:45:00,"Sector 76, Delhi NCR",0.911
V023,P059,USED,2026-08-17T18:46:00,"Sector 77, Delhi NCR",0.93
V028,P068,USED,2026-08-18T21:47:00,"Sector 78, Delhi NCR",0.839
V003,P077,USED,2026-08-19T00:48:00,"Sector 79, Delhi NCR",0.774
V008,P006,USED,2026-08-20T03:49:00,"Sector 80, Delhi NCR",0.94
V013,P015,USED,2026-08-21T06:50:00,"Sector 81, Delhi NCR",0.968
V018,P024,USED,2026-08-22T09:51:00,"Sector 82, Delhi NCR",0.93
V023,P033,USED,2026-08-23T12:52:00,"Sector 83, Delhi NCR",0.916
V028,P042,USED,2026-08-24T15:53:00,"Sector 84, Delhi NCR",0.964
V003,P051,USED,2026-08-25T18:54:00,"Sector 85, Delhi NCR",0.957
V008,P060,USED,2026-08-26T21:55:00,"Sector 86, Delhi NCR",0.826
V013,P069,USED,2026-08-27T00:56:00,"Sector 87, Delhi NCR",0.94
V018,P078,USED,2026-08-28T03:57:00,"Sector 88, Delhi NCR",0.886
V023,P007,USED,2026-08-29T06:58:00,"Sector 89, Delhi NCR",0.923
V028,P016,USED,2026-08-30T09:59:00,"Sector 90, Delhi NCR",0.973
V003,P025,USED,2026-08-01T12:00:00,"Sector 1, Delhi NCR",0.866
V008,P034,USED,2026-08-02T15:01:00,"Sector 2, Delhi NCR",0.978
V013,P043,USED,2026-08-03T18:02:00,"Sector 3, Delhi NCR",0.962
V018,P052,USED,2026-08-04T21:03:00,"Sector 4, Delhi NCR",0.94
V023,P061,USED,2026-08-05T00:04:00,"Sector 5, Delhi NCR",0.804
V028,P070,USED,2026-08-06T03:05:00,"Sector 6, Delhi NCR",0.938
V003,P079,USED,2026-08-07T06:06:00,"Sector 7, Delhi NCR",0.882
V008,P008,USED,2026-08-08T09:07:00,"Sector 8, Delhi NCR",0.816
V013,P017,USED,2026-08-09T12:08:00,"Sector 9, Delhi NCR",0.978
V018,P026,USED,2026-08-10T15:09:00,"Sector 10, Delhi NCR",0.813
V023,P035,USED,2026-08-11T18:10:00,"Sector 11, Delhi NCR",0.798
V028,P044,USED,2026-08-12T21:11:00,"Sector 12, Delhi NCR",0.843
V003,P053,USED,2026-08-13T00:12:00,"Sector 13, Delhi NCR",0.801
V008,P062,USED,2026-08-14T03:13:00,"Sector 14, Delhi NCR",0.841
V013,P071,USED,2026-08-15T06:14:00,"Sector 15, Delhi NCR",0.972
V018,P080,USED,2026-08-16T09:15:00,"Sector 16, Delhi NCR",0.824
V023,P009,USED,2026-08-17T12:16:00,"Sector 17, Delhi NCR",0.821
V028,P018,USED,2026-08-18T15:17:00,"Sector 18, Delhi NCR",0.763
V003,P027,USED,2026-08-19T18:18:00,"Sector 19, Delhi NCR",0.829
V008,P036,USED,2026-08-20T21:19:00,"Sector 20, Delhi NCR",0.78
V013,P045,USED,2026-08-21T00:20:00,"Sector 21, Delhi NCR",0.916
V018,P054,USED,2026-08-22T03:21:00,"Sector 22, Delhi NCR",0.952
V023,P063,USED,2026-08-23T06:22:00,"Sector 23, Delhi NCR",0.806
V028,P072,USED,2026-08-24T09:23:00,"Sector 24, Delhi NCR",0.859
V003,P001,USED,2026-08-25T12:24:00,"Sector 25, Delhi NCR",0.828
V008,P010,USED,2026-08-26T15:25:00,"Sector 26, Delhi NCR",0.913
V013,P019,USED,2026-08-27T18:26:00,"Sector 27, Delhi NCR",0.843
V018,P028,USED,2026-08-28T21:27:00,"Sector 28, Delhi NCR",0.915
V023,P037,USED,2026-08-29T00:28:00,"Sector 29, Delhi NCR",0.784
V028,P046,USED,2026-08-30T03:29:00,"Sector 30, Delhi NCR",0.863
V003,P055,USED,2026-08-01T06:30:00,"Sector 31, Delhi NCR",0.908
V008,P064,USED,2026-08-02T09:31:00,"Sector 32, Delhi NCR",0.96
V013,P073,USED,2026-08-03T12:32:00,"Sector 33, Delhi NCR",0.79
V018,P002,USED,2026-08-04T15:33:00,"Sector 34, Delhi NCR",0.887
V023,P011,USED,2026-08-05T18:34:00,"Sector 35, Delhi NCR",0.856
V028,P020,USED,2026-08-06T21:35:00,"Sector 36, Delhi NCR",0.81
V003,P029,USED,2026-08-07T00:36:00,"Sector 37, Delhi NCR",0.812
V008,P038,USED,2026-08-08T03:37:00,"Sector 38, Delhi NCR",0.783
V013,P047,USED,2026-08-09T06:38:00,"Sector 39, Delhi NCR",0.847
V018,P056,USED,2026-08-10T09:39:00,"Sector 40, Delhi NCR",0.947
V023,P065,USED,2026-08-11T12:40:00,"Sector 41, Delhi NCR",0.957
V028,P074,USED,2026-08-12T15:41:00,"Sector 42, Delhi NCR",0.779
V003,P003,USED,2026-08-13T18:42:00,"Sector 43, Delhi NCR",0.785
V008,P012,USED,2026-08-14T21:43:00,"Sector 44, Delhi NCR",0.902
V013,P021,USED,2026-08-15T00:44:00,"Sector 45, Delhi NCR",0.891
V018,P030,USED,2026-08-16T03:45:00,"Sector 46, Delhi NCR",0.813
V023,P039,USED,2026-08-17T06:46:00,"Sector 47, Delhi NCR",0.897
V028,P048,USED,2026-08-18T09:47:00,"Sector 48, Delhi NCR",0.792
V003,P057,USED,2026-08-19T12:48:00,"Sector 49, Delhi NCR",0.895
V008,P066,USED,2026-08-20T15:49:00,"Sector 50, Delhi NCR",0.909
V013,P075,USED,2026-08-21T18:50:00,"Sector 51, Delhi NCR",0.952
V018,P004,USED,2026-08-22T21:51:00,"Sector 52, Delhi NCR",0.861
V023,P013,USED,2026-08-23T00:52:00,"Sector 53, Delhi NCR",0.931
V028,P022,USED,2026-08-24T03:53:00,"Sector 54, Delhi NCR",0.979
V003,P031,USED,2026-08-25T06:54:00,"Sector 55, Delhi NCR",0.949
V008,P040,USED,2026-08-26T09:55:00,"Sector 56, Delhi NCR",0.93
V013,P049,USED,2026-08-27T12:56:00,"Sector 57, Delhi NCR",0.959
V018,P058,USED,2026-08-28T15:57:00,"Sector 58, Delhi NCR",0.848
V023,P067,USED,2026-08-29T18:58:00,"Sector 59, Delhi NCR",0.798
V028,P076,USED,2026-08-30T21:59:00,"Sector 60, Delhi NCR",0.895
V003,P005,USED,2026-08-01T00:00:00,"Sector 61, Delhi NCR",0.856
V008,P014,USED,2026-08-02T03:01:00,"Sector 62, Delhi NCR",0.824
V013,P023,USED,2026-08-03T06:02:00,"Sector 63, Delhi NCR",0.793
V018,P032,USED,2026-08-04T09:03:00,"Sector 64, Delhi NCR",0.943
V023,P041,USED,2026-08-05T12:04:00,"Sector 65, Delhi NCR",0.979
V028,P050,USED,2026-08-06T15:05:00,"Sector 66, Delhi NCR",0.764
V003,P059,USED,2026-08-07T18:06:00,"Sector 67, Delhi NCR",0.889
V008,P068,USED,2026-08-08T21:07:00,"Sector 68, Delhi NCR",0.87
V013,P077,USED,2026-08-09T00:08:00,"Sector 69, Delhi NCR",0.891
V018,P006,USED,2026-08-10T03:09:00,"Sector 70, Delhi NCR",0.891
V023,P015,USED,2026-08-11T06:10:00,"Sector 71, Delhi NCR",0.928
V028,P024,USED,2026-08-12T09:11:00,"Sector 72, Delhi NCR",0.889
V003,P033,USED,2026-08-13T12:12:00,"Sector 73, Delhi NCR",0.813
V008,P042,USED,2026-08-14T15:13:00,"Sector 74, Delhi NCR",0.978
V013,P051,USED,2026-08-15T18:14:00,"Sector 75, Delhi NCR",0.816
V018,P060,USED,2026-08-16T21:15:00,"Sector 76, Delhi NCR",0.949
V023,P069,USED,2026-08-17T00:16:00,"Sector 77, Delhi NCR",0.949
V028,P078,USED,2026-08-18T03:17:00,"Sector 78, Delhi NCR",0.856
V003,P007,USED,2026-08-19T06:18:00,"Sector 79, Delhi NCR",0.765
V008,P016,USED,2026-08-20T09:19:00,"Sector 80, Delhi NCR",0.871
V013,P025,USED,2026-08-21T12:20:00,"Sector 81, Delhi NCR",0.785
V018,P034,USED,2026-08-22T15:21:00,"Sector 82, Delhi NCR",0.827
V023,P043,USED,2026-08-23T18:22:00,"Sector 83, Delhi NCR",0.88
V028,P052,USED,2026-08-24T21:23:00,"Sector 84, Delhi NCR",0.807
V003,P061,USED,2026-08-25T00:24:00,"Sector 85, Delhi NCR",0.859
V008,P070,USED,2026-08-26T03:25:00,"Sector 86, Delhi NCR",0.918
V013,P079,USED,2026-08-27T06:26:00,"Sector 87, Delhi NCR",0.884
V018,P008,USED,2026-08-28T09:27:00,"Sector 88, Delhi NCR",0.849
V023,P017,USED,2026-08-29T12:28:00,"Sector 89, Delhi NCR",0.877
V028,P026,USED,2026-08-30T15:29:00,"Sector 90, Delhi NCR",0.923
V003,P035,USED,2026-08-01T18:30:00,"Sector 1, Delhi NCR",0.762
V008,P044,USED,2026-08-02T21:31:00,"Sector 2, Delhi NCR",0.905
V013,P053,USED,2026-08-03T00:32:00,"Sector 3, Delhi NCR",0.785
V018,P062,USED,2026-08-04T03:33:00,"Sector 4, Delhi NCR",0.85
V023,P071,USED,2026-08-05T06:34:00,"Sector 5, Delhi NCR",0.85
V028,P080,USED,2026-08-06T09:35:00,"Sector 6, Delhi NCR",0.869
V003,P009,USED,2026-08-07T12:36:00,"Sector 7, Delhi NCR",0.961
V008,P018,USED,2026-08-08T15:37:00,"Sector 8, Delhi NCR",0.811
V013,P027,USED,2026-08-09T18:38:00,"Sector 9, Delhi NCR",0.961
V018,P036,USED,2026-08-10T21:39:00,"Sector 10, Delhi NCR",0.959
V023,P045,USED,2026-08-11T00:40:00,"Sector 11, Delhi NCR",0.968
V028,P054,USED,2026-08-12T03:41:00,"Sector 12, Delhi NCR",0.845
V003,P063,USED,2026-08-13T06:42:00,"Sector 13, Delhi NCR",0.762
V008,P072,USED,2026-08-14T09:43:00,"Sector 14, Delhi NCR",0.874
V013,P001,USED,2026-08-15T12:44:00,"Sector 15, Delhi NCR",0.76
V018,P010,USED,2026-08-16T15:45:00,"Sector 16, Delhi NCR",0.812
V023,P019,USED,2026-08-17T18:46:00,"Sector 17, Delhi NCR",0.979
V028,P028,USED,2026-08-18T21:47:00,"Sector 18, Delhi NCR",0.91
V003,P037,USED,2026-08-19T00:48:00,"Sector 19, Delhi NCR",0.97
V008,P046,USED,2026-08-20T03:49:00,"Sector 20, Delhi NCR",0.772
V013,P055,USED,2026-08-21T06:50:00,"Sector 21, Delhi NCR",0.882
V018,P064,USED,2026-08-22T09:51:00,"Sector 22, Delhi NCR",0.768
V023,P073,USED,2026-08-23T12:52:00,"Sector 23, Delhi NCR",0.772
V028,P002,USED,2026-08-24T15:53:00,"Sector 24, Delhi NCR",0.848
V003,P011,USED,2026-08-25T18:54:00,"Sector 25, Delhi NCR",0.818
V008,P020,USED,2026-08-26T21:55:00,"Sector 26, Delhi NCR",0.934
V013,P029,USED,2026-08-27T00:56:00,"Sector 27, Delhi NCR",0.838
V018,P038,USED,2026-08-28T03:57:00,"Sector 28, Delhi NCR",0.915
V023,P047,USED,2026-08-29T06:58:00,"Sector 29, Delhi NCR",0.852
V028,P056,USED,2026-08-30T09:59:00,"Sector 30, Delhi NCR",0.866
V003,P065,USED,2026-08-01T12:00:00,"Sector 31, Delhi NCR",0.841
V008,P074,USED,2026-08-02T15:01:00,"Sector 32, Delhi NCR",0.773
V013,P003,USED,2026-08-03T18:02:00,"Sector 33, Delhi NCR",0.83
V018,P012,USED,2026-08-04T21:03:00,"Sector 34, Delhi NCR",0.859
V023,P021,USED,2026-08-05T00:04:00,"Sector 35, Delhi NCR",0.968
V028,P030,USED,2026-08-06T03:05:00,"Sector 36, Delhi NCR",0.831
V003,P039,USED,2026-08-07T06:06:00,"Sector 37, Delhi NCR",0.86
V008,P048,USED,2026-08-08T09:07:00,"Sector 38, Delhi NCR",0.853
V013,P057,USED,2026-08-09T12:08:00,"Sector 39, Delhi NCR",0.946
V018,P066,USED,2026-08-10T15:09:00,"Sector 40, Delhi NCR",0.955
V023,P075,USED,2026-08-11T18:10:00,"Sector 41, Delhi NCR",0.898
V028,P004,USED,2026-08-12T21:11:00,"Sector 42, Delhi NCR",0.887
V003,P013,USED,2026-08-13T00:12:00,"Sector 43, Delhi NCR",0.853
V008,P022,USED,2026-08-14T03:13:00,"Sector 44, Delhi NCR",0.964
V013,P031,USED,2026-08-15T06:14:00,"Sector 45, Delhi NCR",0.854
V018,P040,USED,2026-08-16T09:15:00,"Sector 46, Delhi NCR",0.871
V023,P049,USED,2026-08-17T12:16:00,"Sector 47, Delhi NCR",0.824
V028,P058,USED,2026-08-18T15:17:00,"Sector 48, Delhi NCR",0.92
V003,P067,USED,2026-08-19T18:18:00,"Sector 49, Delhi NCR",0.938
V008,P076,USED,2026-08-20T21:19:00,"Sector 50, Delhi NCR",0.891
V013,P005,USED,2026-08-21T00:20:00,"Sector 51, Delhi NCR",0.867
V018,P014,USED,2026-08-22T03:21:00,"Sector 52, Delhi NCR",0.895
V023,P023,USED,2026-08-23T06:22:00,"Sector 53, Delhi NCR",0.798
V028,P032,USED,2026-08-24T09:23:00,"Sector 54, Delhi NCR",0.879
V003,P041,USED,2026-08-25T12:24:00,"Sector 55, Delhi NCR",0.808
V008,P050,USED,2026-08-26T15:25:00,"Sector 56, Delhi NCR",0.975
V013,P059,USED,2026-08-27T18:26:00,"Sector 57, Delhi NCR",0.94
V018,P068,USED,2026-08-28T21:27:00,"Sector 58, Delhi NCR",0.965
V023,P077,USED,2026-08-29T00:28:00,"Sector 59, Delhi NCR",0.772
V028,P006,USED,2026-08-30T03:29:00,"Sector 60, Delhi NCR",0.936
V003,P015,USED,2026-08-01T06:30:00,"Sector 61, Delhi NCR",0.959
V008,P024,USED,2026-08-02T09:31:00,"Sector 62, Delhi NCR",0.906
V013,P033,USED,2026-08-03T12:32:00,"Sector 63, Delhi NCR",0.897
V018,P042,USED,2026-08-04T15:33:00,"Sector 64, Delhi NCR",0.85
V023,P051,USED,2026-08-05T18:34:00,"Sector 65, Delhi NCR",0.801
V028,P060,USED,2026-08-06T21:35:00,"Sector 66, Delhi NCR",0.927
V003,P069,USED,2026-08-07T00:36:00,"Sector 67, Delhi NCR",0.897
V008,P078,USED,2026-08-08T03:37:00,"Sector 68, Delhi NCR",0.903
V013,P007,USED,2026-08-09T06:38:00,"Sector 69, Delhi NCR",0.972
V018,P016,USED,2026-08-10T09:39:00,"Sector 70, Delhi NCR",0.881
V023,P025,USED,2026-08-11T12:40:00,"Sector 71, Delhi NCR",0.856
V028,P034,USED,2026-08-12T15:41:00,"Sector 72, Delhi NCR",0.93
V003,P043,USED,2026-08-13T18:42:00,"Sector 73, Delhi NCR",0.895
V008,P052,USED,2026-08-14T21:43:00,"Sector 74, Delhi NCR",0.904
V013,P061,USED,2026-08-15T00:44:00,"Sector 75, Delhi NCR",0.937
V018,P070,USED,2026-08-16T03:45:00,"Sector 76, Delhi NCR",0.878
V023,P079,USED,2026-08-17T06:46:00,"Sector 77, Delhi NCR",0.779
V028,P008,USED,2026-08-18T09:47:00,"Sector 78, Delhi NCR",0.903
V003,P017,USED,2026-08-19T12:48:00,"Sector 79, Delhi NCR",0.797
V008,P026,USED,2026-08-20T15:49:00,"Sector 80, Delhi NCR",0.842
V013,P035,USED,2026-08-21T18:50:00,"Sector 81, Delhi NCR",0.958
V018,P044,USED,2026-08-22T21:51:00,"Sector 82, Delhi NCR",0.878
V023,P053,USED,2026-08-23T00:52:00,"Sector 83, Delhi NCR",0.887
V028,P062,USED,2026-08-24T03:53:00,"Sector 84, Delhi NCR",0.904
V003,P071,USED,2026-08-25T06:54:00,"Sector 85, Delhi NCR",0.864
V008,P080,USED,2026-08-26T09:55:00,"Sector 86, Delhi NCR",0.862
V013,P009,USED,2026-08-27T12:56:00,"Sector 87, Delhi NCR",0.785
V018,P018,USED,2026-08-28T15:57:00,"Sector 88, Delhi NCR",0.817
V023,P027,USED,2026-08-29T18:58:00,"Sector 89, Delhi NCR",0.822
V028,P036,USED,2026-08-30T21:59:00,"Sector 90, Delhi NCR",0.864
V003,P045,USED,2026-08-01T00:00:00,"Sector 1, Delhi NCR",0.904
V008,P054,USED,2026-08-02T03:01:00,"Sector 2, Delhi NCR",0.94
V013,P063,USED,2026-08-03T06:02:00,"Sector 3, Delhi NCR",0.963
V018,P072,USED,2026-08-04T09:03:00,"Sector 4, Delhi NCR",0.815
V023,P001,USED,2026-08-05T12:04:00,"Sector 5, Delhi NCR",0.945
V028,P010,USED,2026-08-06T15:05:00,"Sector 6, Delhi NCR",0.798
V003,P019,USED,2026-08-07T18:06:00,"Sector 7, Delhi NCR",0.942
V008,P028,USED,2026-08-08T21:07:00,"Sector 8, Delhi NCR",0.906
V013,P037,USED,2026-08-09T00:08:00,"Sector 9, Delhi NCR",0.923
V018,P046,USED,2026-08-10T03:09:00,"Sector 10, Delhi NCR",0.805
V023,P055,USED,2026-08-11T06:10:00,"Sector 11, Delhi NCR",0.932
V028,P064,USED,2026-08-12T09:11:00,"Sector 12, Delhi NCR",0.764
V003,P073,USED,2026-08-13T12:12:00,"Sector 13, Delhi NCR",0.969
V008,P002,USED,2026-08-14T15:13:00,"Sector 14, Delhi NCR",0.766
V013,P011,USED,2026-08-15T18:14:00,"Sector 15, Delhi NCR",0.96
V018,P020,USED,2026-08-16T21:15:00,"Sector 16, Delhi NCR",0.938
V023,P029,USED,2026-08-17T00:16:00,"Sector 17, Delhi NCR",0.963
V028,P038,USED,2026-08-18T03:17:00,"Sector 18, Delhi NCR",0.853
V003,P047,USED,2026-08-19T06:18:00,"Sector 19, Delhi NCR",0.822
V008,P056,USED,2026-08-20T09:19:00,"Sector 20, Delhi NCR",0.779
V013,P065,USED,2026-08-21T12:20:00,"Sector 21, Delhi NCR",0.823
V018,P074,USED,2026-08-22T15:21:00,"Sector 22, Delhi NCR",0.828
V023,P003,USED,2026-08-23T18:22:00,"Sector 23, Delhi NCR",0.953
V028,P012,USED,2026-08-24T21:23:00,"Sector 24, Delhi NCR",0.825
V003,P021,USED,2026-08-25T00:24:00,"Sector 25, Delhi NCR",0.897
V008,P030,USED,2026-08-26T03:25:00,"Sector 26, Delhi NCR",0.794
V013,P039,USED,2026-08-27T06:26:00,"Sector 27, Delhi NCR",0.832
V018,P048,USED,2026-08-28T09:27:00,"Sector 28, Delhi NCR",0.828
V023,P057,USED,2026-08-29T12:28:00,"Sector 29, Delhi NCR",0.788
V028,P066,USED,2026-08-30T15:29:00,"Sector 30, Delhi NCR",0.902
V003,P075,USED,2026-08-01T18:30:00,"Sector 31, Delhi NCR",0.809
V008,P004,USED,2026-08-02T21:31:00,"Sector 32, Delhi NCR",0.897
V013,P013,USED,2026-08-03T00:32:00,"Sector 33, Delhi NCR",0.921
V018,P022,USED,2026-08-04T03:33:00,"Sector 34, Delhi NCR",0.916
V023,P031,USED,2026-08-05T06:34:00,"Sector 35, Delhi NCR",0.824
V028,P040,USED,2026-08-06T09:35:00,"Sector 36, Delhi NCR",0.807
V003,P049,USED,2026-08-07T12:36:00,"Sector 37, Delhi NCR",0.96
V008,P058,USED,2026-08-08T15:37:00,"Sector 38, Delhi NCR",0.884
V013,P067,USED,2026-08-09T18:38:00,"Sector 39, Delhi NCR",0.911
V018,P076,USED,2026-08-10T21:39:00,"Sector 40, Delhi NCR",0.843
V023,P005,USED,2026-08-11T00:40:00,"Sector 41, Delhi NCR",0.949
V028,P014,USED,2026-08-12T03:41:00,"Sector 42, Delhi NCR",0.772
V003,P023,USED,2026-08-13T06:42:00,"Sector 43, Delhi NCR",0.938
V008,P032,USED,2026-08-14T09:43:00,"Sector 44, Delhi NCR",0.86
V013,P041,USED,2026-08-15T12:44:00,"Sector 45, Delhi NCR",0.892
V018,P050,USED,2026-08-16T15:45:00,"Sector 46, Delhi NCR",0.769
V023,P059,USED,2026-08-17T18:46:00,"Sector 47, Delhi NCR",0.874
V028,P068,USED,2026-08-18T21:47:00,"Sector 48, Delhi NCR",0.977
V003,P077,USED,2026-08-19T00:48:00,"Sector 49, Delhi NCR",0.969
V008,P006,USED,2026-08-20T03:49:00,"Sector 50, Delhi NCR",0.831
V013,P015,USED,2026-08-21T06:50:00,"Sector 51, Delhi NCR",0.848
V018,P024,USED,2026-08-22T09:51:00,"Sector 52, Delhi NCR",0.87
V023,P033,USED,2026-08-23T12:52:00,"Sector 53, Delhi NCR",0.842
V028,P042,USED,2026-08-24T15:53:00,"Sector 54, Delhi NCR",0.847
V003,P051,USED,2026-08-25T18:54:00,"Sector 55, Delhi NCR",0.883
V008,P060,USED,2026-08-26T21:55:00,"Sector 56, Delhi NCR",0.88
V013,P069,USED,2026-08-27T00:56:00,"Sector 57, Delhi NCR",0.923
V018,P078,USED,2026-08-28T03:57:00,"Sector 58, Delhi NCR",0.924
V023,P007,USED,2026-08-29T06:58:00,"Sector 59, Delhi NCR",0.941
V028,P016,USED,2026-08-30T09:59:00,"Sector 60, Delhi NCR",0.95
V003,P025,USED,2026-08-01T12:00:00,"Sector 61, Delhi NCR",0.93
V008,P034,USED,2026-08-02T15:01:00,"Sector 62, Delhi NCR",0.941
V013,P043,USED,2026-08-03T18:02:00,"Sector 63, Delhi NCR",0.967
V018,P052,USED,2026-08-04T21:03:00,"Sector 64, Delhi NCR",0.932
V023,P061,USED,2026-08-05T00:04:00,"Sector 65, Delhi NCR",0.836
V028,P070,USED,2026-08-06T03:05:00,"Sector 66, Delhi NCR",0.896
V003,P079,USED,2026-08-07T06:06:00,"Sector 67, Delhi NCR",0.936
V008,P008,USED,2026-08-08T09:07:00,"Sector 68, Delhi NCR",0.861
V013,P017,USED,2026-08-09T12:08:00,"Sector 69, Delhi NCR",0.905
V018,P026,USED,2026-08-10T15:09:00,"Sector 70, Delhi NCR",0.95
V023,P035,USED,2026-08-11T18:10:00,"Sector 71, Delhi NCR",0.888
V028,P044,USED,2026-08-12T21:11:00,"Sector 72, Delhi NCR",0.968
V003,P053,USED,2026-08-13T00:12:00,"Sector 73, Delhi NCR",0.774
V008,P062,USED,2026-08-14T03:13:00,"Sector 74, Delhi NCR",0.873
V013,P071,USED,2026-08-15T06:14:00,"Sector 75, Delhi NCR",0.85
V018,P080,USED,2026-08-16T09:15:00,"Sector 76, Delhi NCR",0.923
V023,P009,USED,2026-08-17T12:16:00,"Sector 77, Delhi NCR",0.912
V028,P018,USED,2026-08-18T15:17:00,"Sector 78, Delhi NCR",0.932
V003,P027,USED,2026-08-19T18:18:00,"Sector 79, Delhi NCR",0.879
V008,P036,USED,2026-08-20T21:19:00,"Sector 80, Delhi NCR",0.825
V013,P045,USED,2026-08-21T00:20:00,"Sector 81, Delhi NCR",0.835
V018,P054,USED,2026-08-22T03:21:00,"Sector 82, Delhi NCR",0.803
V023,P063,USED,2026-08-23T06:22:00,"Sector 83, Delhi NCR",0.802
V028,P072,USED,2026-08-24T09:23:00,"Sector 84, Delhi NCR",0.848
V003,P001,USED,2026-08-25T12:24:00,"Sector 85, Delhi NCR",0.872
V008,P010,USED,2026-08-26T15:25:00,"Sector 86, Delhi NCR",0.832
V013,P019,USED,2026-08-27T18:26:00,"Sector 87, Delhi NCR",0.775
V018,P028,USED,2026-08-28T21:27:00,"Sector 88, Delhi NCR",0.927
V023,P037,USED,2026-08-29T00:28:00,"Sector 89, Delhi NCR",0.868
V028,P046,USED,2026-08-30T03:29:00,"Sector 90, Delhi NCR",0.849
V003,P055,USED,2026-08-01T06:30:00,"Sector 1, Delhi NCR",0.768
V008,P064,USED,2026-08-02T09:31:00,"Sector 2, Delhi NCR",0.861
V013,P073,USED,2026-08-03T12:32:00,"Sector 3, Delhi NCR",0.812
V018,P002,USED,2026-08-04T15:33:00,"Sector 4, Delhi NCR",0.938
V023,P011,USED,2026-08-05T18:34:00,"Sector 5, Delhi NCR",0.869
V028,P020,USED,2026-08-06T21:35:00,"Sector 6, Delhi NCR",0.898
V003,P029,USED,2026-08-07T00:36:00,"Sector 7, Delhi NCR",0.92
V008,P038,USED,2026-08-08T03:37:00,"Sector 8, Delhi NCR",0.854
V013,P047,USED,2026-08-09T06:38:00,"Sector 9, Delhi NCR",0.884
V018,P056,USED,2026-08-10T09:39:00,"Sector 10, Delhi NCR",0.914
V023,P065,USED,2026-08-11T12:40:00,"Sector 11, Delhi NCR",0.908
V028,P074,USED,2026-08-12T15:41:00,"Sector 12, Delhi NCR",0.89
V003,P003,USED,2026-08-13T18:42:00,"Sector 13, Delhi NCR",0.882
V008,P012,USED,2026-08-14T21:43:00,"Sector 14, Delhi NCR",0.938
V013,P021,USED,2026-08-15T00:44:00,"Sector 15, Delhi NCR",0.778
V018,P030,USED,2026-08-16T03:45:00,"Sector 16, Delhi NCR",0.9
V023,P039,USED,2026-08-17T06:46:00,"Sector 17, Delhi NCR",0.767
V028,P048,USED,2026-08-18T09:47:00,"Sector 18, Delhi NCR",0.857
V003,P057,USED,2026-08-19T12:48:00,"Sector 19, Delhi NCR",0.971
V008,P066,USED,2026-08-20T15:49:00,"Sector 20, Delhi NCR",0.875
V013,P075,USED,2026-08-21T18:50:00,"Sector 21, Delhi NCR",0.837
V018,P004,USED,2026-08-22T21:51:00,"Sector 22, Delhi NCR",0.872
V023,P013,USED,2026-08-23T00:52:00,"Sector 23, Delhi NCR",0.874
V028,P022,USED,2026-08-24T03:53:00,"Sector 24, Delhi NCR",0.901
V003,P031,USED,2026-08-25T06:54:00,"Sector 25, Delhi NCR",0.928
V008,P040,USED,2026-08-26T09:55:00,"Sector 26, Delhi NCR",0.972
V013,P049,USED,2026-08-27T12:56:00,"Sector 27, Delhi NCR",0.886
V018,P058,USED,2026-08-28T15:57:00,"Sector 28, Delhi NCR",0.957
V023,P067,USED,2026-08-29T18:58:00,"Sector 29, Delhi NCR",0.935
V028,P076,USED,2026-08-30T21:59:00,"Sector 30, Delhi NCR",0.946
V003,P005,USED,2026-08-01T00:00:00,"Sector 31, Delhi NCR",0.776
V008,P014,USED,2026-08-02T03:01:00,"Sector 32, Delhi NCR",0.975
V013,P023,USED,2026-08-03T06:02:00,"Sector 33, Delhi NCR",0.888
V018,P032,USED,2026-08-04T09:03:00,"Sector 34, Delhi NCR",0.77
V023,P041,USED,2026-08-05T12:04:00,"Sector 35, Delhi NCR",0.803
V028,P050,USED,2026-08-06T15:05:00,"Sector 36, Delhi NCR",0.936
V003,P059,USED,2026-08-07T18:06:00,"Sector 37, Delhi NCR",0.853
V008,P068,USED,2026-08-08T21:07:00,"Sector 38, Delhi NCR",0.865
V013,P077,USED,2026-08-09T00:08:00,"Sector 39, Delhi NCR",0.818
V018,P006,USED,2026-08-10T03:09:00,"Sector 40, Delhi NCR",0.917
V023,P015,USED,2026-08-11T06:10:00,"Sector 41, Delhi NCR",0.816
V028,P024,USED,2026-08-12T09:11:00,"Sector 42, Delhi NCR",0.783
V003,P033,USED,2026-08-13T12:12:00,"Sector 43, Delhi NCR",0.903
V008,P042,USED,2026-08-14T15:13:00,"Sector 44, Delhi NCR",0.933
V013,P051,USED,2026-08-15T18:14:00,"Sector 45, Delhi NCR",0.79
V018,P060,USED,2026-08-16T21:15:00,"Sector 46, Delhi NCR",0.922
V023,P069,USED,2026-08-17T00:16:00,"Sector 47, Delhi NCR",0.941
V028,P078,USED,2026-08-18T03:17:00,"Sector 48, Delhi NCR",0.815
V003,P007,USED,2026-08-19T06:18:00,"Sector 49, Delhi NCR",0.784
V008,P016,USED,2026-08-20T09:19:00,"Sector 50, Delhi NCR",0.804
V013,P025,USED,2026-08-21T12:20:00,"Sector 51, Delhi NCR",0.806
V018,P034,USED,2026-08-22T15:21:00,"Sector 52, Delhi NCR",0.791
V023,P043,USED,2026-08-23T18:22:00,"Sector 53, Delhi NCR",0.979
V028,P052,USED,2026-08-24T21:23:00,"Sector 54, Delhi NCR",0.965
V003,P061,USED,2026-08-25T00:24:00,"Sector 55, Delhi NCR",0.951
V008,P070,USED,2026-08-26T03:25:00,"Sector 56, Delhi NCR",0.768
V013,P079,USED,2026-08-27T06:26:00,"Sector 57, Delhi NCR",0.849
V018,P008,USED,2026-08-28T09:27:00,"Sector 58, Delhi NCR",0.934
V023,P017,USED,2026-08-29T12:28:00,"Sector 59, Delhi NCR",0.967
V028,P026,USED,2026-08-30T15:29:00,"Sector 60, Delhi NCR",0.778
V003,P035,USED,2026-08-01T18:30:00,"Sector 61, Delhi NCR",0.969
V008,P044,USED,2026-08-02T21:31:00,"Sector 62, Delhi NCR",0.813
V013,P053,USED,2026-08-03T00:32:00,"Sector 63, Delhi NCR",0.827
V018,P062,USED,2026-08-04T03:33:00,"Sector 64, Delhi NCR",0.811
V023,P071,USED,2026-08-05T06:34:00,"Sector 65, Delhi NCR",0.779
V028,P080,USED,2026-08-06T09:35:00,"Sector 66, Delhi NCR",0.803
V003,P009,USED,2026-08-07T12:36:00,"Sector 67, Delhi NCR",0.812
V008,P018,USED,2026-08-08T15:37:00,"Sector 68, Delhi NCR",0.816
V013,P027,USED,2026-08-09T18:38:00,"Sector 69, Delhi NCR",0.811
V018,P036,USED,2026-08-10T21:39:00,"Sector 70, Delhi NCR",0.862
V023,P045,USED,2026-08-11T00:40:00,"Sector 71, Delhi NCR",0.767
V028,P054,USED,2026-08-12T03:41:00,"Sector 72, Delhi NCR",0.818
V003,P063,USED,2026-08-13T06:42:00,"Sector 73, Delhi NCR",0.869
V008,P072,USED,2026-08-14T09:43:00,"Sector 74, Delhi NCR",0.871
V013,P001,USED,2026-08-15T12:44:00,"Sector 75, Delhi NCR",0.81
V018,P010,USED,2026-08-16T15:45:00,"Sector 76, Delhi NCR",0.819
V023,P019,USED,2026-08-17T18:46:00,"Sector 77, Delhi NCR",0.856
V028,P028,USED,2026-08-18T21:47:00,"Sector 78, Delhi NCR",0.823
V003,P037,USED,2026-08-19T00:48:00,"Sector 79, Delhi NCR",0.945
V008,P046,USED,2026-08-20T03:49:00,"Sector 80, Delhi NCR",0.894
V013,P055,USED,2026-08-21T06:50:00,"Sector 81, Delhi NCR",0.89
V018,P064,USED,2026-08-22T09:51:00,"Sector 82, Delhi NCR",0.922
V023,P073,USED,2026-08-23T12:52:00,"Sector 83, Delhi NCR",0.929
V028,P002,USED,2026-08-24T15:53:00,"Sector 84, Delhi NCR",0.906
V003,P011,USED,2026-08-25T18:54:00,"Sector 85, Delhi NCR",0.813
V008,P020,USED,2026-08-26T21:55:00,"Sector 86, Delhi NCR",0.78
V013,P029,USED,2026-08-27T00:56:00,"Sector 87, Delhi NCR",0.875
V018,P038,USED,2026-08-28T03:57:00,"Sector 88, Delhi NCR",0.916
V023,P047,USED,2026-08-29T06:58:00,"Sector 89, Delhi NCR",0.972
V028,P056,USED,2026-08-30T09:59:00,"Sector 90, Delhi NCR",0.821
V003,P065,USED,2026-08-01T12:00:00,"Sector 1, Delhi NCR",0.887
V008,P074,USED,2026-08-02T15:01:00,"Sector 2, Delhi NCR",0.929
V013,P003,USED,2026-08-03T18:02:00,"Sector 3, Delhi NCR",0.917
V018,P012,USED,2026-08-04T21:03:00,"Sector 4, Delhi NCR",0.964
V023,P021,USED,2026-08-05T00:04:00,"Sector 5, Delhi NCR",0.844
V028,P030,USED,2026-08-06T03:05:00,"Sector 6, Delhi NCR",0.913
V003,P039,USED,2026-08-07T06:06:00,"Sector 7, Delhi NCR",0.807
V008,P048,USED,2026-08-08T09:07:00,"Sector 8, Delhi NCR",0.958
V013,P057,USED,2026-08-09T12:08:00,"Sector 9, Delhi NCR",0.88
V018,P066,USED,2026-08-10T15:09:00,"Sector 10, Delhi NCR",0.827
V023,P075,USED,2026-08-11T18:10:00,"Sector 11, Delhi NCR",0.804
V028,P004,USED,2026-08-12T21:11:00,"Sector 12, Delhi NCR",0.955
V003,P013,USED,2026-08-13T00:12:00,"Sector 13, Delhi NCR",0.904
V008,P022,USED,2026-08-14T03:13:00,"Sector 14, Delhi NCR",0.792
V013,P031,USED,2026-08-15T06:14:00,"Sector 15, Delhi NCR",0.867
V018,P040,USED,2026-08-16T09:15:00,"Sector 16, Delhi NCR",0.762
V023,P049,USED,2026-08-17T12:16:00,"Sector 17, Delhi NCR",0.871
V028,P058,USED,2026-08-18T15:17:00,"Sector 18, Delhi NCR",0.9
V003,P067,USED,2026-08-19T18:18:00,"Sector 19, Delhi NCR",0.932
V008,P076,USED,2026-08-20T21:19:00,"Sector 20, Delhi NCR",0.851
V013,P005,USED,2026-08-21T00:20:00,"Sector 21, Delhi NCR",0.874
V018,P014,USED,2026-08-22T03:21:00,"Sector 22, Delhi NCR",0.91
V023,P023,USED,2026-08-23T06:22:00,"Sector 23, Delhi NCR",0.876
V028,P032,USED,2026-08-24T09:23:00,"Sector 24, Delhi NCR",0.97
V003,P041,USED,2026-08-25T12:24:00,"Sector 25, Delhi NCR",0.938
V008,P050,USED,2026-08-26T15:25:00,"Sector 26, Delhi NCR",0.837
V013,P059,USED,2026-08-27T18:26:00,"Sector 27, Delhi NCR",0.779
V018,P068,USED,2026-08-28T21:27:00,"Sector 28, Delhi NCR",0.819
V023,P077,USED,2026-08-29T00:28:00,"Sector 29, Delhi NCR",0.929
V028,P006,USED,2026-08-30T03:29:00,"Sector 30, Delhi NCR",0.828
V003,P015,USED,2026-08-01T06:30:00,"Sector 31, Delhi NCR",0.855
V008,P024,USED,2026-08-02T09:31:00,"Sector 32, Delhi NCR",0.906
V013,P033,USED,2026-08-03T12:32:00,"Sector 33, Delhi NCR",0.931
V018,P042,USED,2026-08-04T15:33:00,"Sector 34, Delhi NCR",0.936
V023,P051,USED,2026-08-05T18:34:00,"Sector 35, Delhi NCR",0.784
V028,P060,USED,2026-08-06T21:35:00,"Sector 36, Delhi NCR",0.863
V003,P069,USED,2026-08-07T00:36:00,"Sector 37, Delhi NCR",0.922
V008,P078,USED,2026-08-08T03:37:00,"Sector 38, Delhi NCR",0.954
V013,P007,USED,2026-08-09T06:38:00,"Sector 39, Delhi NCR",0.977
V018,P016,USED,2026-08-10T09:39:00,"Sector 40, Delhi NCR",0.787
V023,P025,USED,2026-08-11T12:40:00,"Sector 41, Delhi NCR",0.853
V028,P034,USED,2026-08-12T15:41:00,"Sector 42, Delhi NCR",0.89
V003,P043,USED,2026-08-13T18:42:00,"Sector 43, Delhi NCR",0.947
V008,P052,USED,2026-08-14T21:43:00,"Sector 44, Delhi NCR",0.921
V013,P061,USED,2026-08-15T00:44:00,"Sector 45, Delhi NCR",0.922
V018,P070,USED,2026-08-16T03:45:00,"Sector 46, Delhi NCR",0.906
V023,P079,USED,2026-08-17T06:46:00,"Sector 47, Delhi NCR",0.975
V028,P008,USED,2026-08-18T09:47:00,"Sector 48, Delhi NCR",0.926
V003,P017,USED,2026-08-19T12:48:00,"Sector 49, Delhi NCR",0.763
V008,P026,USED,2026-08-20T15:49:00,"Sector 50, Delhi NCR",0.786
V013,P035,USED,2026-08-21T18:50:00,"Sector 51, Delhi NCR",0.976
V018,P044,USED,2026-08-22T21:51:00,"Sector 52, Delhi NCR",0.933
V023,P053,USED,2026-08-23T00:52:00,"Sector 53, Delhi NCR",0.86
V028,P062,USED,2026-08-24T03:53:00,"Sector 54, Delhi NCR",0.926
V003,P071,USED,2026-08-25T06:54:00,"Sector 55, Delhi NCR",0.903
V008,P080,USED,2026-08-26T09:55:00,"Sector 56, Delhi NCR",0.795
V013,P009,USED,2026-08-27T12:56:00,"Sector 57, Delhi NCR",0.807
V018,P018,USED,2026-08-28T15:57:00,"Sector 58, Delhi NCR",0.881
V023,P027,USED,2026-08-29T18:58:00,"Sector 59, Delhi NCR",0.891
V028,P036,USED,2026-08-30T21:59:00,"Sector 60, Delhi NCR",0.894
V003,P045,USED,2026-08-01T00:00:00,"Sector 61, Delhi NCR",0.779
V008,P054,USED,2026-08-02T03:01:00,"Sector 62, Delhi NCR",0.975
V013,P063,USED,2026-08-03T06:02:00,"Sector 63, Delhi NCR",0.877
V018,P072,USED,2026-08-04T09:03:00,"Sector 64, Delhi NCR",0.952
V023,P001,USED,2026-08-05T12:04:00,"Sector 65, Delhi NCR",0.765
V028,P010,USED,2026-08-06T15:05:00,"Sector 66, Delhi NCR",0.842
V003,P019,USED,2026-08-07T18:06:00,"Sector 67, Delhi NCR",0.88
V008,P028,USED,2026-08-08T21:07:00,"Sector 68, Delhi NCR",0.927
V013,P037,USED,2026-08-09T00:08:00,"Sector 69, Delhi NCR",0.914
V018,P046,USED,2026-08-10T03:09:00,"Sector 70, Delhi NCR",0.922
V023,P055,USED,2026-08-11T06:10:00,"Sector 71, Delhi NCR",0.887
V028,P064,USED,2026-08-12T09:11:00,"Sector 72, Delhi NCR",0.822
V003,P073,USED,2026-08-13T12:12:00,"Sector 73, Delhi NCR",0.813
V008,P002,USED,2026-08-14T15:13:00,"Sector 74, Delhi NCR",0.797
V013,P011,USED,2026-08-15T18:14:00,"Sector 75, Delhi NCR",0.943
V018,P020,USED,2026-08-16T21:15:00,"Sector 76, Delhi NCR",0.903
V023,P029,USED,2026-08-17T00:16:00,"Sector 77, Delhi NCR",0.852
V028,P038,USED,2026-08-18T03:17:00,"Sector 78, Delhi NCR",0.88
V003,P047,USED,2026-08-19T06:18:00,"Sector 79, Delhi NCR",0.834
V008,P056,USED,2026-08-20T09:19:00,"Sector 80, Delhi NCR",0.839
V013,P065,USED,2026-08-21T12:20:00,"Sector 81, Delhi NCR",0.855
V018,P074,USED,2026-08-22T15:21:00,"Sector 82, Delhi NCR",0.774
V023,P003,USED,2026-08-23T18:22:00,"Sector 83, Delhi NCR",0.781
V028,P012,USED,2026-08-24T21:23:00,"Sector 84, Delhi NCR",0.828
V003,P021,USED,2026-08-25T00:24:00,"Sector 85, Delhi NCR",0.897
V008,P030,USED,2026-08-26T03:25:00,"Sector 86, Delhi NCR",0.833
V013,P039,USED,2026-08-27T06:26:00,"Sector 87, Delhi NCR",0.94
V018,P048,USED,2026-08-28T09:27:00,"Sector 88, Delhi NCR",0.791
V023,P057,USED,2026-08-29T12:28:00,"Sector 89, Delhi NCR",0.914
V028,P066,USED,2026-08-30T15:29:00,"Sector 90, Delhi NCR",0.909
V003,P075,USED,2026-08-01T18:30:00,"Sector 1, Delhi NCR",0.773
V008,P004,USED,2026-08-02T21:31:00,"Sector 2, Delhi NCR",0.784
V013,P013,USED,2026-08-03T00:32:00,"Sector 3, Delhi NCR",0.821
V018,P022,USED,2026-08-04T03:33:00,"Sector 4, Delhi NCR",0.867
V023,P031,USED,2026-08-05T06:34:00,"Sector 5, Delhi NCR",0.951
V028,P040,USED,2026-08-06T09:35:00,"Sector 6, Delhi NCR",0.924
V003,P049,USED,2026-08-07T12:36:00,"Sector 7, Delhi NCR",0.93
V008,P058,USED,2026-08-08T15:37:00,"Sector 8, Delhi NCR",0.771
V013,P067,USED,2026-08-09T18:38:00,"Sector 9, Delhi NCR",0.931
V018,P076,USED,2026-08-10T21:39:00,"Sector 10, Delhi NCR",0.778
V023,P005,USED,2026-08-11T00:40:00,"Sector 11, Delhi NCR",0.786
V028,P014,USED,2026-08-12T03:41:00,"Sector 12, Delhi NCR",0.908
V003,P023,USED,2026-08-13T06:42:00,"Sector 13, Delhi NCR",0.886
V008,P032,USED,2026-08-14T09:43:00,"Sector 14, Delhi NCR",0.812
V013,P041,USED,2026-08-15T12:44:00,"Sector 15, Delhi NCR",0.95
V018,P050,USED,2026-08-16T15:45:00,"Sector 16, Delhi NCR",0.815
V023,P059,USED,2026-08-17T18:46:00,"Sector 17, Delhi NCR",0.916
V028,P068,USED,2026-08-18T21:47:00,"Sector 18, Delhi NCR",0.801
V003,P077,USED,2026-08-19T00:48:00,"Sector 19, Delhi NCR",0.83
V008,P006,USED,2026-08-20T03:49:00,"Sector 20, Delhi NCR",0.881
V013,P015,USED,2026-08-21T06:50:00,"Sector 21, Delhi NCR",0.824
V018,P024,USED,2026-08-22T09:51:00,"Sector 22, Delhi NCR",0.942
V023,P033,USED,2026-08-23T12:52:00,"Sector 23, Delhi NCR",0.93
V028,P042,USED,2026-08-24T15:53:00,"Sector 24, Delhi NCR",0.86
V003,P051,USED,2026-08-25T18:54:00,"Sector 25, Delhi NCR",0.927
V008,P060,USED,2026-08-26T21:55:00,"Sector 26, Delhi NCR",0.963
V013,P069,USED,2026-08-27T00:56:00,"Sector 27, Delhi NCR",0.766
V018,P078,USED,2026-08-28T03:57:00,"Sector 28, Delhi NCR",0.773
V023,P007,USED,2026-08-29T06:58:00,"Sector 29, Delhi NCR",0.972
V028,P016,USED,2026-08-30T09:59:00,"Sector 30, Delhi NCR",0.933
V003,P025,USED,2026-08-01T12:00:00,"Sector 31, Delhi NCR",0.862
V008,P034,USED,2026-08-02T15:01:00,"Sector 32, Delhi NCR",0.793
V013,P043,USED,2026-08-03T18:02:00,"Sector 33, Delhi NCR",0.913
V018,P052,USED,2026-08-04T21:03:00,"Sector 34, Delhi NCR",0.936
V023,P061,USED,2026-08-05T00:04:00,"Sector 35, Delhi NCR",0.913
V028,P070,USED,2026-08-06T03:05:00,"Sector 36, Delhi NCR",0.912
V003,P079,USED,2026-08-07T06:06:00,"Sector 37, Delhi NCR",0.88
V008,P008,USED,2026-08-08T09:07:00,"Sector 38, Delhi NCR",0.961
V013,P017,USED,2026-08-09T12:08:00,"Sector 39, Delhi NCR",0.764
V018,P026,USED,2026-08-10T15:09:00,"Sector 40, Delhi NCR",0.869
V023,P035,USED,2026-08-11T18:10:00,"Sector 41, Delhi NCR",0.907
V028,P044,USED,2026-08-12T21:11:00,"Sector 42, Delhi NCR",0.801
V003,P053,USED,2026-08-13T00:12:00,"Sector 43, Delhi NCR",0.895
V008,P062,USED,2026-08-14T03:13:00,"Sector 44, Delhi NCR",0.812
V013,P071,USED,2026-08-15T06:14:00,"Sector 45, Delhi NCR",0.923
V018,P080,USED,2026-08-16T09:15:00,"Sector 46, Delhi NCR",0.78
V023,P009,USED,2026-08-17T12:16:00,"Sector 47, Delhi NCR",0.787
V028,P018,USED,2026-08-18T15:17:00,"Sector 48, Delhi NCR",0.898
V003,P027,USED,2026-08-19T18:18:00,"Sector 49, Delhi NCR",0.964
V008,P036,USED,2026-08-20T21:19:00,"Sector 50, Delhi NCR",0.859
V013,P045,USED,2026-08-21T00:20:00,"Sector 51, Delhi NCR",0.772
V018,P054,USED,2026-08-22T03:21:00,"Sector 52, Delhi NCR",0.85
V023,P063,USED,2026-08-23T06:22:00,"Sector 53, Delhi NCR",0.823
V028,P072,USED,2026-08-24T09:23:00,"Sector 54, Delhi NCR",0.865
V003,P001,USED,2026-08-25T12:24:00,"Sector 55, Delhi NCR",0.948
V008,P010,USED,2026-08-26T15:25:00,"Sector 56, Delhi NCR",0.914
V013,P019,USED,2026-08-27T18:26:00,"Sector 57, Delhi NCR",0.897
V018,P028,USED,2026-08-28T21:27:00,"Sector 58, Delhi NCR",0.821
V023,P037,USED,2026-08-29T00:28:00,"Sector 59, Delhi NCR",0.848
V028,P046,USED,2026-08-30T03:29:00,"Sector 60, Delhi NCR",0.824
V003,P055,USED,2026-08-01T06:30:00,"Sector 61, Delhi NCR",0.945
V008,P064,USED,2026-08-02T09:31:00,"Sector 62, Delhi NCR",0.861
V013,P073,USED,2026-08-03T12:32:00,"Sector 63, Delhi NCR",0.882
V018,P002,USED,2026-08-04T15:33:00,"Sector 64, Delhi NCR",0.821
V023,P011,USED,2026-08-05T18:34:00,"Sector 65, Delhi NCR",0.953
V028,P020,USED,2026-08-06T21:35:00,"Sector 66, Delhi NCR",0.852
V003,P029,USED,2026-08-07T00:36:00,"Sector 67, Delhi NCR",0.828
V008,P038,USED,2026-08-08T03:37:00,"Sector 68, Delhi NCR",0.964
V013,P047,USED,2026-08-09T06:38:00,"Sector 69, Delhi NCR",0.845
V018,P056,USED,2026-08-10T09:39:00,"Sector 70, Delhi NCR",0.777
V023,P065,USED,2026-08-11T12:40:00,"Sector 71, Delhi NCR",0.79
V028,P074,USED,2026-08-12T15:41:00,"Sector 72, Delhi NCR",0.863
V003,P003,USED,2026-08-13T18:42:00,"Sector 73, Delhi NCR",0.816
V008,P012,USED,2026-08-14T21:43:00,"Sector 74, Delhi NCR",0.805
V013,P021,USED,2026-08-15T00:44:00,"Sector 75, Delhi NCR",0.846
V018,P030,USED,2026-08-16T03:45:00,"Sector 76, Delhi NCR",0.787
V023,P039,USED,2026-08-17T06:46:00,"Sector 77, Delhi NCR",0.763
V028,P048,USED,2026-08-18T09:47:00,"Sector 78, Delhi NCR",0.914
V003,P057,USED,2026-08-19T12:48:00,"Sector 79, Delhi NCR",0.937
V008,P066,USED,2026-08-20T15:49:00,"Sector 80, Delhi NCR",0.901
V013,P075,USED,2026-08-21T18:50:00,"Sector 81, Delhi NCR",0.864
V018,P004,USED,2026-08-22T21:51:00,"Sector 82, Delhi NCR",0.896
V023,P013,USED,2026-08-23T00:52:00,"Sector 83, Delhi NCR",0.863
V028,P022,USED,2026-08-24T03:53:00,"Sector 84, Delhi NCR",0.776
V003,P031,USED,2026-08-25T06:54:00,"Sector 85, Delhi NCR",0.861
V008,P040,USED,2026-08-26T09:55:00,"Sector 86, Delhi NCR",0.775
V013,P049,USED,2026-08-27T12:56:00,"Sector 87, Delhi NCR",0.794
V018,P058,USED,2026-08-28T15:57:00,"Sector 88, Delhi NCR",0.951
V023,P067,USED,2026-08-29T18:58:00,"Sector 89, Delhi NCR",0.803
V028,P076,USED,2026-08-30T21:59:00,"Sector 90, Delhi NCR",0.926
V003,P005,USED,2026-08-01T00:00:00,"Sector 1, Delhi NCR",0.946
V008,P014,USED,2026-08-02T03:01:00,"Sector 2, Delhi NCR",0.789
V013,P023,USED,2026-08-03T06:02:00,"Sector 3, Delhi NCR",0.979
V018,P032,USED,2026-08-04T09:03:00,"Sector 4, Delhi NCR",0.862
V023,P041,USED,2026-08-05T12:04:00,"Sector 5, Delhi NCR",0.78
V028,P050,USED,2026-08-06T15:05:00,"Sector 6, Delhi NCR",0.785
V003,P059,USED,2026-08-07T18:06:00,"Sector 7, Delhi NCR",0.791
V008,P068,USED,2026-08-08T21:07:00,"Sector 8, Delhi NCR",0.767
V013,P077,USED,2026-08-09T00:08:00,"Sector 9, Delhi NCR",0.897
V018,P006,USED,2026-08-10T03:09:00,"Sector 10, Delhi NCR",0.932
V023,P015,USED,2026-08-11T06:10:00,"Sector 11, Delhi NCR",0.77
V028,P024,USED,2026-08-12T09:11:00,"Sector 12, Delhi NCR",0.929
V003,P033,USED,2026-08-13T12:12:00,"Sector 13, Delhi NCR",0.953
V008,P042,USED,2026-08-14T15:13:00,"Sector 14, Delhi NCR",0.946
V013,P051,USED,2026-08-15T18:14:00,"Sector 15, Delhi NCR",0.9
V018,P060,USED,2026-08-16T21:15:00,"Sector 16, Delhi NCR",0.873
V023,P069,USED,2026-08-17T00:16:00,"Sector 17, Delhi NCR",0.84
V028,P078,USED,2026-08-18T03:17:00,"Sector 18, Delhi NCR",0.84
V003,P007,USED,2026-08-19T06:18:00,"Sector 19, Delhi NCR",0.917
V008,P016,USED,2026-08-20T09:19:00,"Sector 20, Delhi NCR",0.891
V013,P025,USED,2026-08-21T12:20:00,"Sector 21, Delhi NCR",0.897
V018,P034,USED,2026-08-22T15:21:00,"Sector 22, Delhi NCR",0.822
V023,P043,USED,2026-08-23T18:22:00,"Sector 23, Delhi NCR",0.87
V028,P052,USED,2026-08-24T21:23:00,"Sector 24, Delhi NCR",0.911
V003,P061,USED,2026-08-25T00:24:00,"Sector 25, Delhi NCR",0.852
V008,P070,USED,2026-08-26T03:25:00,"Sector 26, Delhi NCR",0.952
V013,P079,USED,2026-08-27T06:26:00,"Sector 27, Delhi NCR",0.921
V018,P008,USED,2026-08-28T09:27:00,"Sector 28, Delhi NCR",0.823
V023,P017,USED,2026-08-29T12:28:00,"Sector 29, Delhi NCR",0.952
V028,P026,USED,2026-08-30T15:29:00,"Sector 30, Delhi NCR",0.978
V003,P035,USED,2026-08-01T18:30:00,"Sector 31, Delhi NCR",0.829
V008,P044,USED,2026-08-02T21:31:00,"Sector 32, Delhi NCR",0.806
V013,P053,USED,2026-08-03T00:32:00,"Sector 33, Delhi NCR",0.962
V018,P062,USED,2026-08-04T03:33:00,"Sector 34, Delhi NCR",0.857
V023,P071,USED,2026-08-05T06:34:00,"Sector 35, Delhi NCR",0.899
V028,P080,USED,2026-08-06T09:35:00,"Sector 36, Delhi NCR",0.772
V003,P009,USED,2026-08-07T12:36:00,"Sector 37, Delhi NCR",0.898
V008,P018,USED,2026-08-08T15:37:00,"Sector 38, Delhi NCR",0.872
V013,P027,USED,2026-08-09T18:38:00,"Sector 39, Delhi NCR",0.788
V018,P036,USED,2026-08-10T21:39:00,"Sector 40, Delhi NCR",0.916
V023,P045,USED,2026-08-11T00:40:00,"Sector 41, Delhi NCR",0.816
V028,P054,USED,2026-08-12T03:41:00,"Sector 42, Delhi NCR",0.926
V003,P063,USED,2026-08-13T06:42:00,"Sector 43, Delhi NCR",0.952
V008,P072,USED,2026-08-14T09:43:00,"Sector 44, Delhi NCR",0.782
V013,P001,USED,2026-08-15T12:44:00,"Sector 45, Delhi NCR",0.952
V018,P010,USED,2026-08-16T15:45:00,"Sector 46, Delhi NCR",0.901
V023,P019,USED,2026-08-17T18:46:00,"Sector 47, Delhi NCR",0.777
V028,P028,USED,2026-08-18T21:47:00,"Sector 48, Delhi NCR",0.859
V003,P037,USED,2026-08-19T00:48:00,"Sector 49, Delhi NCR",0.96
V008,P046,USED,2026-08-20T03:49:00,"Sector 50, Delhi NCR",0.919
V013,P055,USED,2026-08-21T06:50:00,"Sector 51, Delhi NCR",0.907
V018,P064,USED,2026-08-22T09:51:00,"Sector 52, Delhi NCR",0.939
V023,P073,USED,2026-08-23T12:52:00,"Sector 53, Delhi NCR",0.843
V028,P002,USED,2026-08-24T15:53:00,"Sector 54, Delhi NCR",0.851
V003,P011,USED,2026-08-25T18:54:00,"Sector 55, Delhi NCR",0.97
V008,P020,USED,2026-08-26T21:55:00,"Sector 56, Delhi NCR",0.79
V013,P029,USED,2026-08-27T00:56:00,"Sector 57, Delhi NCR",0.947
V018,P038,USED,2026-08-28T03:57:00,"Sector 58, Delhi NCR",0.949
V023,P047,USED,2026-08-29T06:58:00,"Sector 59, Delhi NCR",0.906
V028,P056,USED,2026-08-30T09:59:00,"Sector 60, Delhi NCR",0.765
V003,P065,USED,2026-08-01T12:00:00,"Sector 61, Delhi NCR",0.777
V008,P074,USED,2026-08-02T15:01:00,"Sector 62, Delhi NCR",0.923
V013,P003,USED,2026-08-03T18:02:00,"Sector 63, Delhi NCR",0.881
V018,P012,USED,2026-08-04T21:03:00,"Sector 64, Delhi NCR",0.796
V023,P021,USED,2026-08-05T00:04:00,"Sector 65, Delhi NCR",0.905
V028,P030,USED,2026-08-06T03:05:00,"Sector 66, Delhi NCR",0.935
V003,P039,USED,2026-08-07T06:06:00,"Sector 67, Delhi NCR",0.785
V008,P048,USED,2026-08-08T09:07:00,"Sector 68, Delhi NCR",0.87
V013,P057,USED,2026-08-09T12:08:00,"Sector 69, Delhi NCR",0.855
V018,P066,USED,2026-08-10T15:09:00,"Sector 70, Delhi NCR",0.783
V023,P075,USED,2026-08-11T18:10:00,"Sector 71, Delhi NCR",0.898
V028,P004,USED,2026-08-12T21:11:00,"Sector 72, Delhi NCR",0.845
V003,P013,USED,2026-08-13T00:12:00,"Sector 73, Delhi NCR",0.974
V008,P022,USED,2026-08-14T03:13:00,"Sector 74, Delhi NCR",0.877
V013,P031,USED,2026-08-15T06:14:00,"Sector 75, Delhi NCR",0.87
V018,P040,USED,2026-08-16T09:15:00,"Sector 76, Delhi NCR",0.882
V023,P049,USED,2026-08-17T12:16:00,"Sector 77, Delhi NCR",0.789
V028,P058,USED,2026-08-18T15:17:00,"Sector 78, Delhi NCR",0.76
V003,P067,USED,2026-08-19T18:18:00,"Sector 79, Delhi NCR",0.79
V008,P076,USED,2026-08-20T21:19:00,"Sector 80, Delhi NCR",0.926
V013,P005,USED,2026-08-21T00:20:00,"Sector 81, Delhi NCR",0.89
V018,P014,USED,2026-08-22T03:21:00,"Sector 82, Delhi NCR",0.916
V023,P023,USED,2026-08-23T06:22:00,"Sector 83, Delhi NCR",0.823
V028,P032,USED,2026-08-24T09:23:00,"Sector 84, Delhi NCR",0.777
V003,P041,USED,2026-08-25T12:24:00,"Sector 85, Delhi NCR",0.774
V008,P050,USED,2026-08-26T15:25:00,"Sector 86, Delhi NCR",0.937
V013,P059,USED,2026-08-27T18:26:00,"Sector 87, Delhi NCR",0.962
V018,P068,USED,2026-08-28T21:27:00,"Sector 88, Delhi NCR",0.948
V023,P077,USED,2026-08-29T00:28:00,"Sector 89, Delhi NCR",0.896
V028,P006,USED,2026-08-30T03:29:00,"Sector 90, Delhi NCR",0.978
V003,P015,USED,2026-08-01T06:30:00,"Sector 1, Delhi NCR",0.931
V008,P024,USED,2026-08-02T09:31:00,"Sector 2, Delhi NCR",0.771
V013,P033,USED,2026-08-03T12:32:00,"Sector 3, Delhi NCR",0.91
V018,P042,USED,2026-08-04T15:33:00,"Sector 4, Delhi NCR",0.821
V023,P051,USED,2026-08-05T18:34:00,"Sector 5, Delhi NCR",0.836
V028,P060,USED,2026-08-06T21:35:00,"Sector 6, Delhi NCR",0.968
V003,P069,USED,2026-08-07T00:36:00,"Sector 7, Delhi NCR",0.915
V008,P078,USED,2026-08-08T03:37:00,"Sector 8, Delhi NCR",0.977
V013,P007,USED,2026-08-09T06:38:00,"Sector 9, Delhi NCR",0.884
V018,P016,USED,2026-08-10T09:39:00,"Sector 10, Delhi NCR",0.786
V023,P025,USED,2026-08-11T12:40:00,"Sector 11, Delhi NCR",0.939
V028,P034,USED,2026-08-12T15:41:00,"Sector 12, Delhi NCR",0.901
V003,P043,USED,2026-08-13T18:42:00,"Sector 13, Delhi NCR",0.921
V008,P052,USED,2026-08-14T21:43:00,"Sector 14, Delhi NCR",0.958
V013,P061,USED,2026-08-15T00:44:00,"Sector 15, Delhi NCR",0.918
V018,P070,USED,2026-08-16T03:45:00,"Sector 16, Delhi NCR",0.945
V023,P079,USED,2026-08-17T06:46:00,"Sector 17, Delhi NCR",0.803
V028,P008,USED,2026-08-18T09:47:00,"Sector 18, Delhi NCR",0.917
V003,P017,USED,2026-08-19T12:48:00,"Sector 19, Delhi NCR",0.786
V008,P026,USED,2026-08-20T15:49:00,"Sector 20, Delhi NCR",0.975
V013,P035,USED,2026-08-21T18:50:00,"Sector 21, Delhi NCR",0.892
V018,P044,USED,2026-08-22T21:51:00,"Sector 22, Delhi NCR",0.875
V023,P053,USED,2026-08-23T00:52:00,"Sector 23, Delhi NCR",0.801
V028,P062,USED,2026-08-24T03:53:00,"Sector 24, Delhi NCR",0.822
V003,P071,USED,2026-08-25T06:54:00,"Sector 25, Delhi NCR",0.933
V008,P080,USED,2026-08-26T09:55:00,"Sector 26, Delhi NCR",0.812
V013,P009,USED,2026-08-27T12:56:00,"Sector 27, Delhi NCR",0.778
V018,P018,USED,2026-08-28T15:57:00,"Sector 28, Delhi NCR",0.942
V023,P027,USED,2026-08-29T18:58:00,"Sector 29, Delhi NCR",0.805
V028,P036,USED,2026-08-30T21:59:00,"Sector 30, Delhi NCR",0.79
V003,P045,USED,2026-08-01T00:00:00,"Sector 31, Delhi NCR",0.851
V008,P054,USED,2026-08-02T03:01:00,"Sector 32, Delhi NCR",0.767
V013,P063,USED,2026-08-03T06:02:00,"Sector 33, Delhi NCR",0.92
V018,P072,USED,2026-08-04T09:03:00,"Sector 34, Delhi NCR",0.875
V023,P001,USED,2026-08-05T12:04:00,"Sector 35, Delhi NCR",0.939
V028,P010,USED,2026-08-06T15:05:00,"Sector 36, Delhi NCR",0.91
V003,P019,USED,2026-08-07T18:06:00,"Sector 37, Delhi NCR",0.925
V008,P028,USED,2026-08-08T21:07:00,"Sector 38, Delhi NCR",0.88
V013,P037,USED,2026-08-09T00:08:00,"Sector 39, Delhi NCR",0.814
V018,P046,USED,2026-08-10T03:09:00,"Sector 40, Delhi NCR",0.809
V023,P055,USED,2026-08-11T06:10:00,"Sector 41, Delhi NCR",0.941
V028,P064,USED,2026-08-12T09:11:00,"Sector 42, Delhi NCR",0.941
V003,P073,USED,2026-08-13T12:12:00,"Sector 43, Delhi NCR",0.92
V008,P002,USED,2026-08-14T15:13:00,"Sector 44, Delhi NCR",0.844
V013,P011,USED,2026-08-15T18:14:00,"Sector 45, Delhi NCR",0.92
V018,P020,USED,2026-08-16T21:15:00,"Sector 46, Delhi NCR",0.838
V023,P029,USED,2026-08-17T00:16:00,"Sector 47, Delhi NCR",0.872
V028,P038,USED,2026-08-18T03:17:00,"Sector 48, Delhi NCR",0.926
V003,P047,USED,2026-08-19T06:18:00,"Sector 49, Delhi NCR",0.884
V008,P056,USED,2026-08-20T09:19:00,"Sector 50, Delhi NCR",0.863
V013,P065,USED,2026-08-21T12:20:00,"Sector 51, Delhi NCR",0.942
V018,P074,USED,2026-08-22T15:21:00,"Sector 52, Delhi NCR",0.856
V023,P003,USED,2026-08-23T18:22:00,"Sector 53, Delhi NCR",0.849
V028,P012,USED,2026-08-24T21:23:00,"Sector 54, Delhi NCR",0.851
V003,P021,USED,2026-08-25T00:24:00,"Sector 55, Delhi NCR",0.974
V008,P030,USED,2026-08-26T03:25:00,"Sector 56, Delhi NCR",0.883
V013,P039,USED,2026-08-27T06:26:00,"Sector 57, Delhi NCR",0.908
V018,P048,USED,2026-08-28T09:27:00,"Sector 58, Delhi NCR",0.922
V023,P057,USED,2026-08-29T12:28:00,"Sector 59, Delhi NCR",0.88
V028,P066,USED,2026-08-30T15:29:00,"Sector 60, Delhi NCR",0.878
V003,P075,USED,2026-08-01T18:30:00,"Sector 61, Delhi NCR",0.806
V008,P004,USED,2026-08-02T21:31:00,"Sector 62, Delhi NCR",0.87
V013,P013,USED,2026-08-03T00:32:00,"Sector 63, Delhi NCR",0.805
V018,P022,USED,2026-08-04T03:33:00,"Sector 64, Delhi NCR",0.961
V023,P031,USED,2026-08-05T06:34:00,"Sector 65, Delhi NCR",0.899
V028,P040,USED,2026-08-06T09:35:00,"Sector 66, Delhi NCR",0.911
V003,P049,USED,2026-08-07T12:36:00,"Sector 67, Delhi NCR",0.856
V008,P058,USED,2026-08-08T15:37:00,"Sector 68, Delhi NCR",0.937
V013,P067,USED,2026-08-09T18:38:00,"Sector 69, Delhi NCR",0.783
V018,P076,USED,2026-08-10T21:39:00,"Sector 70, Delhi NCR",0.887
V023,P005,USED,2026-08-11T00:40:00,"Sector 71, Delhi NCR",0.829
V028,P014,USED,2026-08-12T03:41:00,"Sector 72, Delhi NCR",0.894
V003,P023,USED,2026-08-13T06:42:00,"Sector 73, Delhi NCR",0.801
V008,P032,USED,2026-08-14T09:43:00,"Sector 74, Delhi NCR",0.822
V013,P041,USED,2026-08-15T12:44:00,"Sector 75, Delhi NCR",0.899
V018,P050,USED,2026-08-16T15:45:00,"Sector 76, Delhi NCR",0.979
V023,P059,USED,2026-08-17T18:46:00,"Sector 77, Delhi NCR",0.944
V028,P068,USED,2026-08-18T21:47:00,"Sector 78, Delhi NCR",0.793
V003,P077,USED,2026-08-19T00:48:00,"Sector 79, Delhi NCR",0.769
V008,P006,USED,2026-08-20T03:49:00,"Sector 80, Delhi NCR",0.794
V013,P015,USED,2026-08-21T06:50:00,"Sector 81, Delhi NCR",0.782
V018,P024,USED,2026-08-22T09:51:00,"Sector 82, Delhi NCR",0.97
V023,P033,USED,2026-08-23T12:52:00,"Sector 83, Delhi NCR",0.929
V028,P042,USED,2026-08-24T15:53:00,"Sector 84, Delhi NCR",0.966
V003,P051,USED,2026-08-25T18:54:00,"Sector 85, Delhi NCR",0.825
V008,P060,USED,2026-08-26T21:55:00,"Sector 86, Delhi NCR",0.957
V013,P069,USED,2026-08-27T00:56:00,"Sector 87, Delhi NCR",0.765
V018,P078,USED,2026-08-28T03:57:00,"Sector 88, Delhi NCR",0.936
V023,P007,USED,2026-08-29T06:58:00,"Sector 89, Delhi NCR",0.763
V028,P016,USED,2026-08-30T09:59:00,"Sector 90, Delhi NCR",0.93
V003,P025,USED,2026-08-01T12:00:00,"Sector 1, Delhi NCR",0.901
V008,P034,USED,2026-08-02T15:01:00,"Sector 2, Delhi NCR",0.948
V013,P043,USED,2026-08-03T18:02:00,"Sector 3, Delhi NCR",0.885
V018,P052,USED,2026-08-04T21:03:00,"Sector 4, Delhi NCR",0.894
V023,P061,USED,2026-08-05T00:04:00,"Sector 5, Delhi NCR",0.81
V028,P070,USED,2026-08-06T03:05:00,"Sector 6, Delhi NCR",0.799
V003,P079,USED,2026-08-07T06:06:00,"Sector 7, Delhi NCR",0.812
V008,P008,USED,2026-08-08T09:07:00,"Sector 8, Delhi NCR",0.838
V013,P017,USED,2026-08-09T12:08:00,"Sector 9, Delhi NCR",0.814
V018,P026,USED,2026-08-10T15:09:00,"Sector 10, Delhi NCR",0.885
V023,P035,USED,2026-08-11T18:10:00,"Sector 11, Delhi NCR",0.808
V028,P044,USED,2026-08-12T21:11:00,"Sector 12, Delhi NCR",0.957
V003,P053,USED,2026-08-13T00:12:00,"Sector 13, Delhi NCR",0.906
V008,P062,USED,2026-08-14T03:13:00,"Sector 14, Delhi NCR",0.778
V013,P071,USED,2026-08-15T06:14:00,"Sector 15, Delhi NCR",0.848
V018,P080,USED,2026-08-16T09:15:00,"Sector 16, Delhi NCR",0.817
V023,P009,USED,2026-08-17T12:16:00,"Sector 17, Delhi NCR",0.94
V028,P018,USED,2026-08-18T15:17:00,"Sector 18, Delhi NCR",0.954
V003,P027,USED,2026-08-19T18:18:00,"Sector 19, Delhi NCR",0.8
V008,P036,USED,2026-08-20T21:19:00,"Sector 20, Delhi NCR",0.788
V013,P045,USED,2026-08-21T00:20:00,"Sector 21, Delhi NCR",0.957
V018,P054,USED,2026-08-22T03:21:00,"Sector 22, Delhi NCR",0.841
V023,P063,USED,2026-08-23T06:22:00,"Sector 23, Delhi NCR",0.979
V028,P072,USED,2026-08-24T09:23:00,"Sector 24, Delhi NCR",0.971
V003,P001,USED,2026-08-25T12:24:00,"Sector 25, Delhi NCR",0.859
V008,P010,USED,2026-08-26T15:25:00,"Sector 26, Delhi NCR",0.896
V013,P019,USED,2026-08-27T18:26:00,"Sector 27, Delhi NCR",0.822
V018,P028,USED,2026-08-28T21:27:00,"Sector 28, Delhi NCR",0.851
V023,P037,USED,2026-08-29T00:28:00,"Sector 29, Delhi NCR",0.821
V028,P046,USED,2026-08-30T03:29:00,"Sector 30, Delhi NCR",0.848
V003,P055,USED,2026-08-01T06:30:00,"Sector 31, Delhi NCR",0.768
V008,P064,USED,2026-08-02T09:31:00,"Sector 32, Delhi NCR",0.962
V013,P073,USED,2026-08-03T12:32:00,"Sector 33, Delhi NCR",0.815
V018,P002,USED,2026-08-04T15:33:00,"Sector 34, Delhi NCR",0.934
V023,P011,USED,2026-08-05T18:34:00,"Sector 35, Delhi NCR",0.84
V028,P020,USED,2026-08-06T21:35:00,"Sector 36, Delhi NCR",0.925
V003,P029,USED,2026-08-07T00:36:00,"Sector 37, Delhi NCR",0.919
V008,P038,USED,2026-08-08T03:37:00,"Sector 38, Delhi NCR",0.942
V013,P047,USED,2026-08-09T06:38:00,"Sector 39, Delhi NCR",0.862
V018,P056,USED,2026-08-10T09:39:00,"Sector 40, Delhi NCR",0.931
V023,P065,USED,2026-08-11T12:40:00,"Sector 41, Delhi NCR",0.792
V028,P074,USED,2026-08-12T15:41:00,"Sector 42, Delhi NCR",0.941
V003,P003,USED,2026-08-13T18:42:00,"Sector 43, Delhi NCR",0.871
V008,P012,USED,2026-08-14T21:43:00,"Sector 44, Delhi NCR",0.866
V013,P021,USED,2026-08-15T00:44:00,"Sector 45, Delhi NCR",0.873
V018,P030,USED,2026-08-16T03:45:00,"Sector 46, Delhi NCR",0.937
V023,P039,USED,2026-08-17T06:46:00,"Sector 47, Delhi NCR",0.779
V028,P048,USED,2026-08-18T09:47:00,"Sector 48, Delhi NCR",0.858
V003,P057,USED,2026-08-19T12:48:00,"Sector 49, Delhi NCR",0.912
V008,P066,USED,2026-08-20T15:49:00,"Sector 50, Delhi NCR",0.973
V013,P075,USED,2026-08-21T18:50:00,"Sector 51, Delhi NCR",0.804
V018,P004,USED,2026-08-22T21:51:00,"Sector 52, Delhi NCR",0.947
V023,P013,USED,2026-08-23T00:52:00,"Sector 53, Delhi NCR",0.944
V028,P022,USED,2026-08-24T03:53:00,"Sector 54, Delhi NCR",0.887
V003,P031,USED,2026-08-25T06:54:00,"Sector 55, Delhi NCR",0.771
V008,P040,USED,2026-08-26T09:55:00,"Sector 56, Delhi NCR",0.821
V013,P049,USED,2026-08-27T12:56:00,"Sector 57, Delhi NCR",0.824
V018,P058,USED,2026-08-28T15:57:00,"Sector 58, Delhi NCR",0.951
V023,P067,USED,2026-08-29T18:58:00,"Sector 59, Delhi NCR",0.879
V028,P076,USED,2026-08-30T21:59:00,"Sector 60, Delhi NCR",0.939
V003,P005,USED,2026-08-01T00:00:00,"Sector 61, Delhi NCR",0.841
V008,P014,USED,2026-08-02T03:01:00,"Sector 62, Delhi NCR",0.941
V013,P023,USED,2026-08-03T06:02:00,"Sector 63, Delhi NCR",0.885
V018,P032,USED,2026-08-04T09:03:00,"Sector 64, Delhi NCR",0.874
V023,P041,USED,2026-08-05T12:04:00,"Sector 65, Delhi NCR",0.931
V028,P050,USED,2026-08-06T15:05:00,"Sector 66, Delhi NCR",0.835
V003,P059,USED,2026-08-07T18:06:00,"Sector 67, Delhi NCR",0.886
V008,P068,USED,2026-08-08T21:07:00,"Sector 68, Delhi NCR",0.852
V013,P077,USED,2026-08-09T00:08:00,"Sector 69, Delhi NCR",0.929
V018,P006,USED,2026-08-10T03:09:00,"Sector 70, Delhi NCR",0.79
V023,P015,USED,2026-08-11T06:10:00,"Sector 71, Delhi NCR",0.782
V028,P024,USED,2026-08-12T09:11:00,"Sector 72, Delhi NCR",0.826
V003,P033,USED,2026-08-13T12:12:00,"Sector 73, Delhi NCR",0.783
V008,P042,USED,2026-08-14T15:13:00,"Sector 74, Delhi NCR",0.795
V013,P051,USED,2026-08-15T18:14:00,"Sector 75, Delhi NCR",0.933
V018,P060,USED,2026-08-16T21:15:00,"Sector 76, Delhi NCR",0.783
V023,P069,USED,2026-08-17T00:16:00,"Sector 77, Delhi NCR",0.864
V028,P078,USED,2026-08-18T03:17:00,"Sector 78, Delhi NCR",0.892
V003,P007,USED,2026-08-19T06:18:00,"Sector 79, Delhi NCR",0.881
V008,P016,USED,2026-08-20T09:19:00,"Sector 80, Delhi NCR",0.799
V013,P025,USED,2026-08-21T12:20:00,"Sector 81, Delhi NCR",0.834
V018,P034,USED,2026-08-22T15:21:00,"Sector 82, Delhi NCR",0.836
V023,P043,USED,2026-08-23T18:22:00,"Sector 83, Delhi NCR",0.763
V028,P052,USED,2026-08-24T21:23:00,"Sector 84, Delhi NCR",0.922
V003,P061,USED,2026-08-25T00:24:00,"Sector 85, Delhi NCR",0.902
V008,P070,USED,2026-08-26T03:25:00,"Sector 86, Delhi NCR",0.908
V013,P079,USED,2026-08-27T06:26:00,"Sector 87, Delhi NCR",0.831
V018,P008,USED,2026-08-28T09:27:00,"Sector 88, Delhi NCR",0.882
V023,P017,USED,2026-08-29T12:28:00,"Sector 89, Delhi NCR",0.774
V028,P026,USED,2026-08-30T15:29:00,"Sector 90, Delhi NCR",0.803
V003,P035,USED,2026-08-01T18:30:00,"Sector 1, Delhi NCR",0.79
V008,P044,USED,2026-08-02T21:31:00,"Sector 2, Delhi NCR",0.928
V013,P053,USED,2026-08-03T00:32:00,"Sector 3, Delhi NCR",0.885
V018,P062,USED,2026-08-04T03:33:00,"Sector 4, Delhi NCR",0.788
V023,P071,USED,2026-08-05T06:34:00,"Sector 5, Delhi NCR",0.862
V028,P080,USED,2026-08-06T09:35:00,"Sector 6, Delhi NCR",0.904
V003,P009,USED,2026-08-07T12:36:00,"Sector 7, Delhi NCR",0.966
V008,P018,USED,2026-08-08T15:37:00,"Sector 8, Delhi NCR",0.949
V013,P027,USED,2026-08-09T18:38:00,"Sector 9, Delhi NCR",0.909
V018,P036,USED,2026-08-10T21:39:00,"Sector 10, Delhi NCR",0.899
V023,P045,USED,2026-08-11T00:40:00,"Sector 11, Delhi NCR",0.808
V028,P054,USED,2026-08-12T03:41:00,"Sector 12, Delhi NCR",0.966
V003,P063,USED,2026-08-13T06:42:00,"Sector 13, Delhi NCR",0.791
V008,P072,USED,2026-08-14T09:43:00,"Sector 14, Delhi NCR",0.887
V013,P001,USED,2026-08-15T12:44:00,"Sector 15, Delhi NCR",0.808
V018,P010,USED,2026-08-16T15:45:00,"Sector 16, Delhi NCR",0.775
V023,P019,USED,2026-08-17T18:46:00,"Sector 17, Delhi NCR",0.814
V028,P028,USED,2026-08-18T21:47:00,"Sector 18, Delhi NCR",0.97
V003,P037,USED,2026-08-19T00:48:00,"Sector 19, Delhi NCR",0.964
V008,P046,USED,2026-08-20T03:49:00,"Sector 20, Delhi NCR",0.945
V013,P055,USED,2026-08-21T06:50:00,"Sector 21, Delhi NCR",0.848
V018,P064,USED,2026-08-22T09:51:00,"Sector 22, Delhi NCR",0.844
V023,P073,USED,2026-08-23T12:52:00,"Sector 23, Delhi NCR",0.771
V028,P002,USED,2026-08-24T15:53:00,"Sector 24, Delhi NCR",0.8
V003,P011,USED,2026-08-25T18:54:00,"Sector 25, Delhi NCR",0.839
V008,P020,USED,2026-08-26T21:55:00,"Sector 26, Delhi NCR",0.821
V013,P029,USED,2026-08-27T00:56:00,"Sector 27, Delhi NCR",0.787
V018,P038,USED,2026-08-28T03:57:00,"Sector 28, Delhi NCR",0.827
V023,P047,USED,2026-08-29T06:58:00,"Sector 29, Delhi NCR",0.936
V028,P056,USED,2026-08-30T09:59:00,"Sector 30, Delhi NCR",0.832
V003,P065,USED,2026-08-01T12:00:00,"Sector 31, Delhi NCR",0.789
V008,P074,USED,2026-08-02T15:01:00,"Sector 32, Delhi NCR",0.854
V013,P003,USED,2026-08-03T18:02:00,"Sector 33, Delhi NCR",0.774
V018,P012,USED,2026-08-04T21:03:00,"Sector 34, Delhi NCR",0.842
V023,P021,USED,2026-08-05T00:04:00,"Sector 35, Delhi NCR",0.781
V028,P030,USED,2026-08-06T03:05:00,"Sector 36, Delhi NCR",0.777
V003,P039,USED,2026-08-07T06:06:00,"Sector 37, Delhi NCR",0.907
V008,P048,USED,2026-08-08T09:07:00,"Sector 38, Delhi NCR",0.826
V013,P057,USED,2026-08-09T12:08:00,"Sector 39, Delhi NCR",0.824
V018,P066,USED,2026-08-10T15:09:00,"Sector 40, Delhi NCR",0.896
V023,P075,USED,2026-08-11T18:10:00,"Sector 41, Delhi NCR",0.772
V028,P004,USED,2026-08-12T21:11:00,"Sector 42, Delhi NCR",0.881
V003,P013,USED,2026-08-13T00:12:00,"Sector 43, Delhi NCR",0.827
V008,P022,USED,2026-08-14T03:13:00,"Sector 44, Delhi NCR",0.891
V013,P031,USED,2026-08-15T06:14:00,"Sector 45, Delhi NCR",0.873
V018,P040,USED,2026-08-16T09:15:00,"Sector 46, Delhi NCR",0.855
V023,P049,USED,2026-08-17T12:16:00,"Sector 47, Delhi NCR",0.826
V028,P058,USED,2026-08-18T15:17:00,"Sector 48, Delhi NCR",0.928
V003,P067,USED,2026-08-19T18:18:00,"Sector 49, Delhi NCR",0.766
V008,P076,USED,2026-08-20T21:19:00,"Sector 50, Delhi NCR",0.949
V013,P005,USED,2026-08-21T00:20:00,"Sector 51, Delhi NCR",0.849
V018,P014,USED,2026-08-22T03:21:00,"Sector 52, Delhi NCR",0.815
V023,P023,USED,2026-08-23T06:22:00,"Sector 53, Delhi NCR",0.878
V028,P032,USED,2026-08-24T09:23:00,"Sector 54, Delhi NCR",0.895
V003,P041,USED,2026-08-25T12:24:00,"Sector 55, Delhi NCR",0.958
V008,P050,USED,2026-08-26T15:25:00,"Sector 56, Delhi NCR",0.932
V013,P059,USED,2026-08-27T18:26:00,"Sector 57, Delhi NCR",0.967
V018,P068,USED,2026-08-28T21:27:00,"Sector 58, Delhi NCR",0.796
V023,P077,USED,2026-08-29T00:28:00,"Sector 59, Delhi NCR",0.828
V028,P006,USED,2026-08-30T03:29:00,"Sector 60, Delhi NCR",0.96
V003,P015,USED,2026-08-01T06:30:00,"Sector 61, Delhi NCR",0.791
V008,P024,USED,2026-08-02T09:31:00,"Sector 62, Delhi NCR",0.804
V013,P033,USED,2026-08-03T12:32:00,"Sector 63, Delhi NCR",0.764
V018,P042,USED,2026-08-04T15:33:00,"Sector 64, Delhi NCR",0.813
V023,P051,USED,2026-08-05T18:34:00,"Sector 65, Delhi NCR",0.826
V028,P060,USED,2026-08-06T21:35:00,"Sector 66, Delhi NCR",0.774
V003,P069,USED,2026-08-07T00:36:00,"Sector 67, Delhi NCR",0.969
V008,P078,USED,2026-08-08T03:37:00,"Sector 68, Delhi NCR",0.908
V013,P007,USED,2026-08-09T06:38:00,"Sector 69, Delhi NCR",0.83
V018,P016,USED,2026-08-10T09:39:00,"Sector 70, Delhi NCR",0.776
V023,P025,USED,2026-08-11T12:40:00,"Sector 71, Delhi NCR",0.838
V028,P034,USED,2026-08-12T15:41:00,"Sector 72, Delhi NCR",0.801
V003,P043,USED,2026-08-13T18:42:00,"Sector 73, Delhi NCR",0.934
V008,P052,USED,2026-08-14T21:43:00,"Sector 74, Delhi NCR",0.925
V013,P061,USED,2026-08-15T00:44:00,"Sector 75, Delhi NCR",0.851
V018,P070,USED,2026-08-16T03:45:00,"Sector 76, Delhi NCR",0.811
V023,P079,USED,2026-08-17T06:46:00,"Sector 77, Delhi NCR",0.799
V028,P008,USED,2026-08-18T09:47:00,"Sector 78, Delhi NCR",0.81
V003,P017,USED,2026-08-19T12:48:00,"Sector 79, Delhi NCR",0.926
V008,P026,USED,2026-08-20T15:49:00,"Sector 80, Delhi NCR",0.882
V013,P035,USED,2026-08-21T18:50:00,"Sector 81, Delhi NCR",0.794
V018,P044,USED,2026-08-22T21:51:00,"Sector 82, Delhi NCR",0.897
V023,P053,USED,2026-08-23T00:52:00,"Sector 83, Delhi NCR",0.863
V028,P062,USED,2026-08-24T03:53:00,"Sector 84, Delhi NCR",0.973
V003,P071,USED,2026-08-25T06:54:00,"Sector 85, Delhi NCR",0.872
V008,P080,USED,2026-08-26T09:55:00,"Sector 86, Delhi NCR",0.947
V013,P009,USED,2026-08-27T12:56:00,"Sector 87, Delhi NCR",0.949
V018,P018,USED,2026-08-28T15:57:00,"Sector 88, Delhi NCR",0.887
V023,P027,USED,2026-08-29T18:58:00,"Sector 89, Delhi NCR",0.792
V028,P036,USED,2026-08-30T21:59:00,"Sector 90, Delhi NCR",0.944
V003,P045,USED,2026-08-01T00:00:00,"Sector 1, Delhi NCR",0.825
V008,P054,USED,2026-08-02T03:01:00,"Sector 2, Delhi NCR",0.92
V013,P063,USED,2026-08-03T06:02:00,"Sector 3, Delhi NCR",0.948
V018,P072,USED,2026-08-04T09:03:00,"Sector 4, Delhi NCR",0.871
V023,P001,USED,2026-08-05T12:04:00,"Sector 5, Delhi NCR",0.972
V028,P010,USED,2026-08-06T15:05:00,"Sector 6, Delhi NCR",0.879
V003,P019,USED,2026-08-07T18:06:00,"Sector 7, Delhi NCR",0.929
V008,P028,USED,2026-08-08T21:07:00,"Sector 8, Delhi NCR",0.978
V013,P037,USED,2026-08-09T00:08:00,"Sector 9, Delhi NCR",0.844
V018,P046,USED,2026-08-10T03:09:00,"Sector 10, Delhi NCR",0.791
V023,P055,USED,2026-08-11T06:10:00,"Sector 11, Delhi NCR",0.804
V028,P064,USED,2026-08-12T09:11:00,"Sector 12, Delhi NCR",0.858
V003,P073,USED,2026-08-13T12:12:00,"Sector 13, Delhi NCR",0.972
V008,P002,USED,2026-08-14T15:13:00,"Sector 14, Delhi NCR",0.912
V013,P011,USED,2026-08-15T18:14:00,"Sector 15, Delhi NCR",0.904
V018,P020,USED,2026-08-16T21:15:00,"Sector 16, Delhi NCR",0.933
V023,P029,USED,2026-08-17T00:16:00,"Sector 17, Delhi NCR",0.962
V028,P038,USED,2026-08-18T03:17:00,"Sector 18, Delhi NCR",0.931
V003,P047,USED,2026-08-19T06:18:00,"Sector 19, Delhi NCR",0.842
V008,P056,USED,2026-08-20T09:19:00,"Sector 20, Delhi NCR",0.794
V013,P065,USED,2026-08-21T12:20:00,"Sector 21, Delhi NCR",0.911
V018,P074,USED,2026-08-22T15:21:00,"Sector 22, Delhi NCR",0.838
V023,P003,USED,2026-08-23T18:22:00,"Sector 23, Delhi NCR",0.867
V028,P012,USED,2026-08-24T21:23:00,"Sector 24, Delhi NCR",0.767
V003,P021,USED,2026-08-25T00:24:00,"Sector 25, Delhi NCR",0.897
V008,P030,USED,2026-08-26T03:25:00,"Sector 26, Delhi NCR",0.958
V013,P039,USED,2026-08-27T06:26:00,"Sector 27, Delhi NCR",0.836
V018,P048,USED,2026-08-28T09:27:00,"Sector 28, Delhi NCR",0.907
V023,P057,USED,2026-08-29T12:28:00,"Sector 29, Delhi NCR",0.829
V028,P066,USED,2026-08-30T15:29:00,"Sector 30, Delhi NCR",0.897
V003,P075,USED,2026-08-01T18:30:00,"Sector 31, Delhi NCR",0.833
V008,P004,USED,2026-08-02T21:31:00,"Sector 32, Delhi NCR",0.979
V013,P013,USED,2026-08-03T00:32:00,"Sector 33, Delhi NCR",0.934
V018,P022,USED,2026-08-04T03:33:00,"Sector 34, Delhi NCR",0.867
V023,P031,USED,2026-08-05T06:34:00,"Sector 35, Delhi NCR",0.843
V028,P040,USED,2026-08-06T09:35:00,"Sector 36, Delhi NCR",0.946
V003,P049,USED,2026-08-07T12:36:00,"Sector 37, Delhi NCR",0.876
V008,P058,USED,2026-08-08T15:37:00,"Sector 38, Delhi NCR",0.839
V013,P067,USED,2026-08-09T18:38:00,"Sector 39, Delhi NCR",0.925
V018,P076,USED,2026-08-10T21:39:00,"Sector 40, Delhi NCR",0.924
V023,P005,USED,2026-08-11T00:40:00,"Sector 41, Delhi NCR",0.776
V028,P014,USED,2026-08-12T03:41:00,"Sector 42, Delhi NCR",0.862
V003,P023,USED,2026-08-13T06:42:00,"Sector 43, Delhi NCR",0.853
V008,P032,USED,2026-08-14T09:43:00,"Sector 44, Delhi NCR",0.9
V013,P041,USED,2026-08-15T12:44:00,"Sector 45, Delhi NCR",0.94
V018,P050,USED,2026-08-16T15:45:00,"Sector 46, Delhi NCR",0.832
V023,P059,USED,2026-08-17T18:46:00,"Sector 47, Delhi NCR",0.936
V028,P068,USED,2026-08-18T21:47:00,"Sector 48, Delhi NCR",0.822
V003,P077,USED,2026-08-19T00:48:00,"Sector 49, Delhi NCR",0.802
V008,P006,USED,2026-08-20T03:49:00,"Sector 50, Delhi NCR",0.782
V013,P015,USED,2026-08-21T06:50:00,"Sector 51, Delhi NCR",0.847
V018,P024,USED,2026-08-22T09:51:00,"Sector 52, Delhi NCR",0.86
V023,P033,USED,2026-08-23T12:52:00,"Sector 53, Delhi NCR",0.956
V028,P042,USED,2026-08-24T15:53:00,"Sector 54, Delhi NCR",0.93
V003,P051,USED,2026-08-25T18:54:00,"Sector 55, Delhi NCR",0.802
V008,P060,USED,2026-08-26T21:55:00,"Sector 56, Delhi NCR",0.852
V013,P069,USED,2026-08-27T00:56:00,"Sector 57, Delhi NCR",0.82
V018,P078,USED,2026-08-28T03:57:00,"Sector 58, Delhi NCR",0.976
V023,P007,USED,2026-08-29T06:58:00,"Sector 59, Delhi NCR",0.916
V028,P016,USED,2026-08-30T09:59:00,"Sector 60, Delhi NCR",0.778
V003,P025,USED,2026-08-01T12:00:00,"Sector 61, Delhi NCR",0.945
V008,P034,USED,2026-08-02T15:01:00,"Sector 62, Delhi NCR",0.863
V013,P043,USED,2026-08-03T18:02:00,"Sector 63, Delhi NCR",0.875
V018,P052,USED,2026-08-04T21:03:00,"Sector 64, Delhi NCR",0.9
V023,P061,USED,2026-08-05T00:04:00,"Sector 65, Delhi NCR",0.977
V028,P070,USED,2026-08-06T03:05:00,"Sector 66, Delhi NCR",0.809
V003,P079,USED,2026-08-07T06:06:00,"Sector 67, Delhi NCR",0.846
V008,P008,USED,2026-08-08T09:07:00,"Sector 68, Delhi NCR",0.859
V013,P017,USED,2026-08-09T12:08:00,"Sector 69, Delhi NCR",0.885
V018,P026,USED,2026-08-10T15:09:00,"Sector 70, Delhi NCR",0.831
V023,P035,USED,2026-08-11T18:10:00,"Sector 71, Delhi NCR",0.963
V028,P044,USED,2026-08-12T21:11:00,"Sector 72, Delhi NCR",0.819
V003,P053,USED,2026-08-13T00:12:00,"Sector 73, Delhi NCR",0.954
V008,P062,USED,2026-08-14T03:13:00,"Sector 74, Delhi NCR",0.824
V013,P071,USED,2026-08-15T06:14:00,"Sector 75, Delhi NCR",0.973
V018,P080,USED,2026-08-16T09:15:00,"Sector 76, Delhi NCR",0.913
V023,P009,USED,2026-08-17T12:16:00,"Sector 77, Delhi NCR",0.874
V028,P018,USED,2026-08-18T15:17:00,"Sector 78, Delhi NCR",0.853
V003,P027,USED,2026-08-19T18:18:00,"Sector 79, Delhi NCR",0.818
V008,P036,USED,2026-08-20T21:19:00,"Sector 80, Delhi NCR",0.813
V013,P045,USED,2026-08-21T00:20:00,"Sector 81, Delhi NCR",0.846
V018,P054,USED,2026-08-22T03:21:00,"Sector 82, Delhi NCR",0.879
V023,P063,USED,2026-08-23T06:22:00,"Sector 83, Delhi NCR",0.87
V028,P072,USED,2026-08-24T09:23:00,"Sector 84, Delhi NCR",0.862
V003,P001,USED,2026-08-25T12:24:00,"Sector 85, Delhi NCR",0.896
V008,P010,USED,2026-08-26T15:25:00,"Sector 86, Delhi NCR",0.96
V013,P019,USED,2026-08-27T18:26:00,"Sector 87, Delhi NCR",0.854
V018,P028,USED,2026-08-28T21:27:00,"Sector 88, Delhi NCR",0.861
V023,P037,USED,2026-08-29T00:28:00,"Sector 89, Delhi NCR",0.98
V028,P046,USED,2026-08-30T03:29:00,"Sector 90, Delhi NCR",0.869
V003,P055,USED,2026-08-01T06:30:00,"Sector 1, Delhi NCR",0.772
V008,P064,USED,2026-08-02T09:31:00,"Sector 2, Delhi NCR",0.876
V013,P073,USED,2026-08-03T12:32:00,"Sector 3, Delhi NCR",0.834
V018,P002,USED,2026-08-04T15:33:00,"Sector 4, Delhi NCR",0.876
V023,P011,USED,2026-08-05T18:34:00,"Sector 5, Delhi NCR",0.871
V028,P020,USED,2026-08-06T21:35:00,"Sector 6, Delhi NCR",0.761
V003,P029,USED,2026-08-07T00:36:00,"Sector 7, Delhi NCR",0.772
V008,P038,USED,2026-08-08T03:37:00,"Sector 8, Delhi NCR",0.846
V013,P047,USED,2026-08-09T06:38:00,"Sector 9, Delhi NCR",0.933
V018,P056,USED,2026-08-10T09:39:00,"Sector 10, Delhi NCR",0.812
V023,P065,USED,2026-08-11T12:40:00,"Sector 11, Delhi NCR",0.944
V028,P074,USED,2026-08-12T15:41:00,"Sector 12, Delhi NCR",0.888
V003,P003,USED,2026-08-13T18:42:00,"Sector 13, Delhi NCR",0.879
V008,P012,USED,2026-08-14T21:43:00,"Sector 14, Delhi NCR",0.817
V013,P021,USED,2026-08-15T00:44:00,"Sector 15, Delhi NCR",0.84
V018,P030,USED,2026-08-16T03:45:00,"Sector 16, Delhi NCR",0.794
V023,P039,USED,2026-08-17T06:46:00,"Sector 17, Delhi NCR",0.782
V028,P048,USED,2026-08-18T09:47:00,"Sector 18, Delhi NCR",0.835
V003,P057,USED,2026-08-19T12:48:00,"Sector 19, Delhi NCR",0.864
V008,P066,USED,2026-08-20T15:49:00,"Sector 20, Delhi NCR",0.909
V013,P075,USED,2026-08-21T18:50:00,"Sector 21, Delhi NCR",0.958
V018,P004,USED,2026-08-22T21:51:00,"Sector 22, Delhi NCR",0.793
V023,P013,USED,2026-08-23T00:52:00,"Sector 23, Delhi NCR",0.96
V028,P022,USED,2026-08-24T03:53:00,"Sector 24, Delhi NCR",0.86
V003,P031,USED,2026-08-25T06:54:00,"Sector 25, Delhi NCR",0.825
V008,P040,USED,2026-08-26T09:55:00,"Sector 26, Delhi NCR",0.793
V013,P049,USED,2026-08-27T12:56:00,"Sector 27, Delhi NCR",0.903
V018,P058,USED,2026-08-28T15:57:00,"Sector 28, Delhi NCR",0.848
V023,P067,USED,2026-08-29T18:58:00,"Sector 29, Delhi NCR",0.888
V028,P076,USED,2026-08-30T21:59:00,"Sector 30, Delhi NCR",0.796
V003,P005,USED,2026-08-01T00:00:00,"Sector 31, Delhi NCR",0.809
V008,P014,USED,2026-08-02T03:01:00,"Sector 32, Delhi NCR",0.925
V013,P023,USED,2026-08-03T06:02:00,"Sector 33, Delhi NCR",0.922
V018,P032,USED,2026-08-04T09:03:00,"Sector 34, Delhi NCR",0.82
V023,P041,USED,2026-08-05T12:04:00,"Sector 35, Delhi NCR",0.899
V028,P050,USED,2026-08-06T15:05:00,"Sector 36, Delhi NCR",0.77
V003,P059,USED,2026-08-07T18:06:00,"Sector 37, Delhi NCR",0.812
V008,P068,USED,2026-08-08T21:07:00,"Sector 38, Delhi NCR",0.9
V013,P077,USED,2026-08-09T00:08:00,"Sector 39, Delhi NCR",0.877
V018,P006,USED,2026-08-10T03:09:00,"Sector 40, Delhi NCR",0.861
V023,P015,USED,2026-08-11T06:10:00,"Sector 41, Delhi NCR",0.789
V028,P024,USED,2026-08-12T09:11:00,"Sector 42, Delhi NCR",0.833
V003,P033,USED,2026-08-13T12:12:00,"Sector 43, Delhi NCR",0.789
V008,P042,USED,2026-08-14T15:13:00,"Sector 44, Delhi NCR",0.823
V013,P051,USED,2026-08-15T18:14:00,"Sector 45, Delhi NCR",0.853
V018,P060,USED,2026-08-16T21:15:00,"Sector 46, Delhi NCR",0.847
V023,P069,USED,2026-08-17T00:16:00,"Sector 47, Delhi NCR",0.799
V028,P078,USED,2026-08-18T03:17:00,"Sector 48, Delhi NCR",0.937
V003,P007,USED,2026-08-19T06:18:00,"Sector 49, Delhi NCR",0.866
V008,P016,USED,2026-08-20T09:19:00,"Sector 50, Delhi NCR",0.837
V013,P025,USED,2026-08-21T12:20:00,"Sector 51, Delhi NCR",0.816
V018,P034,USED,2026-08-22T15:21:00,"Sector 52, Delhi NCR",0.762
V023,P043,USED,2026-08-23T18:22:00,"Sector 53, Delhi NCR",0.828
V028,P052,USED,2026-08-24T21:23:00,"Sector 54, Delhi NCR",0.936
V003,P061,USED,2026-08-25T00:24:00,"Sector 55, Delhi NCR",0.816
V008,P070,USED,2026-08-26T03:25:00,"Sector 56, Delhi NCR",0.918
V013,P079,USED,2026-08-27T06:26:00,"Sector 57, Delhi NCR",0.953
V018,P008,USED,2026-08-28T09:27:00,"Sector 58, Delhi NCR",0.873
V023,P017,USED,2026-08-29T12:28:00,"Sector 59, Delhi NCR",0.844
V028,P026,USED,2026-08-30T15:29:00,"Sector 60, Delhi NCR",0.865
V003,P035,USED,2026-08-01T18:30:00,"Sector 61, Delhi NCR",0.863
V008,P044,USED,2026-08-02T21:31:00,"Sector 62, Delhi NCR",0.965
V013,P053,USED,2026-08-03T00:32:00,"Sector 63, Delhi NCR",0.806
V018,P062,USED,2026-08-04T03:33:00,"Sector 64, Delhi NCR",0.828
V023,P071,USED,2026-08-05T06:34:00,"Sector 65, Delhi NCR",0.834
V028,P080,USED,2026-08-06T09:35:00,"Sector 66, Delhi NCR",0.846
V003,P009,USED,2026-08-07T12:36:00,"Sector 67, Delhi NCR",0.839
V008,P018,USED,2026-08-08T15:37:00,"Sector 68, Delhi NCR",0.81
V013,P027,USED,2026-08-09T18:38:00,"Sector 69, Delhi NCR",0.806
V018,P036,USED,2026-08-10T21:39:00,"Sector 70, Delhi NCR",0.955
V023,P045,USED,2026-08-11T00:40:00,"Sector 71, Delhi NCR",0.793
V028,P054,USED,2026-08-12T03:41:00,"Sector 72, Delhi NCR",0.926
V003,P063,USED,2026-08-13T06:42:00,"Sector 73, Delhi NCR",0.857
V008,P072,USED,2026-08-14T09:43:00,"Sector 74, Delhi NCR",0.917
V013,P001,USED,2026-08-15T12:44:00,"Sector 75, Delhi NCR",0.844
V018,P010,USED,2026-08-16T15:45:00,"Sector 76, Delhi NCR",0.79
V023,P019,USED,2026-08-17T18:46:00,"Sector 77, Delhi NCR",0.853
V028,P028,USED,2026-08-18T21:47:00,"Sector 78, Delhi NCR",0.84
V003,P037,USED,2026-08-19T00:48:00,"Sector 79, Delhi NCR",0.922
V008,P046,USED,2026-08-20T03:49:00,"Sector 80, Delhi NCR",0.873
V013,P055,USED,2026-08-21T06:50:00,"Sector 81, Delhi NCR",0.965
V018,P064,USED,2026-08-22T09:51:00,"Sector 82, Delhi NCR",0.9
V023,P073,USED,2026-08-23T12:52:00,"Sector 83, Delhi NCR",0.898
V028,P002,USED,2026-08-24T15:53:00,"Sector 84, Delhi NCR",0.785
V003,P011,USED,2026-08-25T18:54:00,"Sector 85, Delhi NCR",0.868
V008,P020,USED,2026-08-26T21:55:00,"Sector 86, Delhi NCR",0.958
V013,P029,USED,2026-08-27T00:56:00,"Sector 87, Delhi NCR",0.794
V018,P038,USED,2026-08-28T03:57:00,"Sector 88, Delhi NCR",0.937
V023,P047,USED,2026-08-29T06:58:00,"Sector 89, Delhi NCR",0.782
V028,P056,USED,2026-08-30T09:59:00,"Sector 90, Delhi NCR",0.89
V003,P065,USED,2026-08-01T12:00:00,"Sector 1, Delhi NCR",0.828
V008,P074,USED,2026-08-02T15:01:00,"Sector 2, Delhi NCR",0.883
V013,P003,USED,2026-08-03T18:02:00,"Sector 3, Delhi NCR",0.952
V018,P012,USED,2026-08-04T21:03:00,"Sector 4, Delhi NCR",0.832
V023,P021,USED,2026-08-05T00:04:00,"Sector 5, Delhi NCR",0.771
V028,P030,USED,2026-08-06T03:05:00,"Sector 6, Delhi NCR",0.916
V003,P039,USED,2026-08-07T06:06:00,"Sector 7, Delhi NCR",0.774
V008,P048,USED,2026-08-08T09:07:00,"Sector 8, Delhi NCR",0.792
V013,P057,USED,2026-08-09T12:08:00,"Sector 9, Delhi NCR",0.862
V018,P066,USED,2026-08-10T15:09:00,"Sector 10, Delhi NCR",0.767
V023,P075,USED,2026-08-11T18:10:00,"Sector 11, Delhi NCR",0.824
V028,P004,USED,2026-08-12T21:11:00,"Sector 12, Delhi NCR",0.904
V003,P013,USED,2026-08-13T00:12:00,"Sector 13, Delhi NCR",0.774
V008,P022,USED,2026-08-14T03:13:00,"Sector 14, Delhi NCR",0.78
V013,P031,USED,2026-08-15T06:14:00,"Sector 15, Delhi NCR",0.936
V018,P040,USED,2026-08-16T09:15:00,"Sector 16, Delhi NCR",0.884
V023,P049,USED,2026-08-17T12:16:00,"Sector 17, Delhi NCR",0.801
V028,P058,USED,2026-08-18T15:17:00,"Sector 18, Delhi NCR",0.804
V003,P067,USED,2026-08-19T18:18:00,"Sector 19, Delhi NCR",0.96
V008,P076,USED,2026-08-20T21:19:00,"Sector 20, Delhi NCR",0.815
V013,P005,USED,2026-08-21T00:20:00,"Sector 21, Delhi NCR",0.883
V018,P014,USED,2026-08-22T03:21:00,"Sector 22, Delhi NCR",0.82
V023,P023,USED,2026-08-23T06:22:00,"Sector 23, Delhi NCR",0.942
V028,P032,USED,2026-08-24T09:23:00,"Sector 24, Delhi NCR",0.769
V003,P041,USED,2026-08-25T12:24:00,"Sector 25, Delhi NCR",0.942
V008,P050,USED,2026-08-26T15:25:00,"Sector 26, Delhi NCR",0.854
V013,P059,USED,2026-08-27T18:26:00,"Sector 27, Delhi NCR",0.862
V018,P068,USED,2026-08-28T21:27:00,"Sector 28, Delhi NCR",0.963
V023,P077,USED,2026-08-29T00:28:00,"Sector 29, Delhi NCR",0.816
V028,P006,USED,2026-08-30T03:29:00,"Sector 30, Delhi NCR",0.847
V003,P015,USED,2026-08-01T06:30:00,"Sector 31, Delhi NCR",0.856
V008,P024,USED,2026-08-02T09:31:00,"Sector 32, Delhi NCR",0.878
V013,P033,USED,2026-08-03T12:32:00,"Sector 33, Delhi NCR",0.885
V018,P042,USED,2026-08-04T15:33:00,"Sector 34, Delhi NCR",0.786
V023,P051,USED,2026-08-05T18:34:00,"Sector 35, Delhi NCR",0.795
V028,P060,USED,2026-08-06T21:35:00,"Sector 36, Delhi NCR",0.94
V003,P069,USED,2026-08-07T00:36:00,"Sector 37, Delhi NCR",0.94
V008,P078,USED,2026-08-08T03:37:00,"Sector 38, Delhi NCR",0.925
V013,P007,USED,2026-08-09T06:38:00,"Sector 39, Delhi NCR",0.889
V018,P016,USED,2026-08-10T09:39:00,"Sector 40, Delhi NCR",0.801
V023,P025,USED,2026-08-11T12:40:00,"Sector 41, Delhi NCR",0.976
V028,P034,USED,2026-08-12T15:41:00,"Sector 42, Delhi NCR",0.833
V003,P043,USED,2026-08-13T18:42:00,"Sector 43, Delhi NCR",0.847
V008,P052,USED,2026-08-14T21:43:00,"Sector 44, Delhi NCR",0.767
V013,P061,USED,2026-08-15T00:44:00,"Sector 45, Delhi NCR",0.824
V018,P070,USED,2026-08-16T03:45:00,"Sector 46, Delhi NCR",0.965
V023,P079,USED,2026-08-17T06:46:00,"Sector 47, Delhi NCR",0.939
V028,P008,USED,2026-08-18T09:47:00,"Sector 48, Delhi NCR",0.89
V003,P017,USED,2026-08-19T12:48:00,"Sector 49, Delhi NCR",0.812
V008,P026,USED,2026-08-20T15:49:00,"Sector 50, Delhi NCR",0.962
V013,P035,USED,2026-08-21T18:50:00,"Sector 51, Delhi NCR",0.817
V018,P044,USED,2026-08-22T21:51:00,"Sector 52, Delhi NCR",0.979
V023,P053,USED,2026-08-23T00:52:00,"Sector 53, Delhi NCR",0.885
V028,P062,USED,2026-08-24T03:53:00,"Sector 54, Delhi NCR",0.829
V003,P071,USED,2026-08-25T06:54:00,"Sector 55, Delhi NCR",0.877
V008,P080,USED,2026-08-26T09:55:00,"Sector 56, Delhi NCR",0.854
V013,P009,USED,2026-08-27T12:56:00,"Sector 57, Delhi NCR",0.828
V018,P018,USED,2026-08-28T15:57:00,"Sector 58, Delhi NCR",0.942
V023,P027,USED,2026-08-29T18:58:00,"Sector 59, Delhi NCR",0.809
V028,P036,USED,2026-08-30T21:59:00,"Sector 60, Delhi NCR",0.942
V003,P045,USED,2026-08-01T00:00:00,"Sector 61, Delhi NCR",0.831
V008,P054,USED,2026-08-02T03:01:00,"Sector 62, Delhi NCR",0.848
V013,P063,USED,2026-08-03T06:02:00,"Sector 63, Delhi NCR",0.909
V018,P072,USED,2026-08-04T09:03:00,"Sector 64, Delhi NCR",0.791
V023,P001,USED,2026-08-05T12:04:00,"Sector 65, Delhi NCR",0.965
V028,P010,USED,2026-08-06T15:05:00,"Sector 66, Delhi NCR",0.807
V003,P019,USED,2026-08-07T18:06:00,"Sector 67, Delhi NCR",0.831
V008,P028,USED,2026-08-08T21:07:00,"Sector 68, Delhi NCR",0.794
V013,P037,USED,2026-08-09T00:08:00,"Sector 69, Delhi NCR",0.977
V018,P046,USED,2026-08-10T03:09:00,"Sector 70, Delhi NCR",0.869
V023,P055,USED,2026-08-11T06:10:00,"Sector 71, Delhi NCR",0.894
V028,P064,USED,2026-08-12T09:11:00,"Sector 72, Delhi NCR",0.789
V003,P073,USED,2026-08-13T12:12:00,"Sector 73, Delhi NCR",0.954
V008,P002,USED,2026-08-14T15:13:00,"Sector 74, Delhi NCR",0.895
V013,P011,USED,2026-08-15T18:14:00,"Sector 75, Delhi NCR",0.908
V018,P020,USED,2026-08-16T21:15:00,"Sector 76, Delhi NCR",0.799
V023,P029,USED,2026-08-17T00:16:00,"Sector 77, Delhi NCR",0.805
V028,P038,USED,2026-08-18T03:17:00,"Sector 78, Delhi NCR",0.87
V003,P047,USED,2026-08-19T06:18:00,"Sector 79, Delhi NCR",0.966
V008,P056,USED,2026-08-20T09:19:00,"Sector 80, Delhi NCR",0.843
V013,P065,USED,2026-08-21T12:20:00,"Sector 81, Delhi NCR",0.826
V018,P074,USED,2026-08-22T15:21:00,"Sector 82, Delhi NCR",0.826
V023,P003,USED,2026-08-23T18:22:00,"Sector 83, Delhi NCR",0.821
V028,P012,USED,2026-08-24T21:23:00,"Sector 84, Delhi NCR",0.972
V003,P021,USED,2026-08-25T00:24:00,"Sector 85, Delhi NCR",0.798
V008,P030,USED,2026-08-26T03:25:00,"Sector 86, Delhi NCR",0.935
V013,P039,USED,2026-08-27T06:26:00,"Sector 87, Delhi NCR",0.94
V018,P048,USED,2026-08-28T09:27:00,"Sector 88, Delhi NCR",0.964
V023,P057,USED,2026-08-29T12:28:00,"Sector 89, Delhi NCR",0.956
V028,P066,USED,2026-08-30T15:29:00,"Sector 90, Delhi NCR",0.961
V003,P075,USED,2026-08-01T18:30:00,"Sector 1, Delhi NCR",0.81
V008,P004,USED,2026-08-02T21:31:00,"Sector 2, Delhi NCR",0.928
V013,P013,USED,2026-08-03T00:32:00,"Sector 3, Delhi NCR",0.81
V018,P022,USED,2026-08-04T03:33:00,"Sector 4, Delhi NCR",0.953
V023,P031,USED,2026-08-05T06:34:00,"Sector 5, Delhi NCR",0.779
V028,P040,USED,2026-08-06T09:35:00,"Sector 6, Delhi NCR",0.81
V003,P049,USED,2026-08-07T12:36:00,"Sector 7, Delhi NCR",0.867
V008,P058,USED,2026-08-08T15:37:00,"Sector 8, Delhi NCR",0.83
V013,P067,USED,2026-08-09T18:38:00,"Sector 9, Delhi NCR",0.907
V018,P076,USED,2026-08-10T21:39:00,"Sector 10, Delhi NCR",0.943
V023,P005,USED,2026-08-11T00:40:00,"Sector 11, Delhi NCR",0.894
V028,P014,USED,2026-08-12T03:41:00,"Sector 12, Delhi NCR",0.916
V003,P023,USED,2026-08-13T06:42:00,"Sector 13, Delhi NCR",0.979
V008,P032,USED,2026-08-14T09:43:00,"Sector 14, Delhi NCR",0.923
V013,P041,USED,2026-08-15T12:44:00,"Sector 15, Delhi NCR",0.836
V018,P050,USED,2026-08-16T15:45:00,"Sector 16, Delhi NCR",0.926
V023,P059,USED,2026-08-17T18:46:00,"Sector 17, Delhi NCR",0.887
V028,P068,USED,2026-08-18T21:47:00,"Sector 18, Delhi NCR",0.974
V003,P077,USED,2026-08-19T00:48:00,"Sector 19, Delhi NCR",0.883
V008,P006,USED,2026-08-20T03:49:00,"Sector 20, Delhi NCR",0.951
V013,P015,USED,2026-08-21T06:50:00,"Sector 21, Delhi NCR",0.769
V018,P024,USED,2026-08-22T09:51:00,"Sector 22, Delhi NCR",0.826
V023,P033,USED,2026-08-23T12:52:00,"Sector 23, Delhi NCR",0.814
V028,P042,USED,2026-08-24T15:53:00,"Sector 24, Delhi NCR",0.872
V003,P051,USED,2026-08-25T18:54:00,"Sector 25, Delhi NCR",0.933
V008,P060,USED,2026-08-26T21:55:00,"Sector 26, Delhi NCR",0.889
V013,P069,USED,2026-08-27T00:56:00,"Sector 27, Delhi NCR",0.815
V018,P078,USED,2026-08-28T03:57:00,"Sector 28, Delhi NCR",0.844
V023,P007,USED,2026-08-29T06:58:00,"Sector 29, Delhi NCR",0.873
V028,P016,USED,2026-08-30T09:59:00,"Sector 30, Delhi NCR",0.883
V003,P025,USED,2026-08-01T12:00:00,"Sector 31, Delhi NCR",0.822
V008,P034,USED,2026-08-02T15:01:00,"Sector 32, Delhi NCR",0.905
V013,P043,USED,2026-08-03T18:02:00,"Sector 33, Delhi NCR",0.825
V018,P052,USED,2026-08-04T21:03:00,"Sector 34, Delhi NCR",0.914
V023,P061,USED,2026-08-05T00:04:00,"Sector 35, Delhi NCR",0.895
V028,P070,USED,2026-08-06T03:05:00,"Sector 36, Delhi NCR",0.875
V003,P079,USED,2026-08-07T06:06:00,"Sector 37, Delhi NCR",0.805
V008,P008,USED,2026-08-08T09:07:00,"Sector 38, Delhi NCR",0.843
V013,P017,USED,2026-08-09T12:08:00,"Sector 39, Delhi NCR",0.91
V018,P026,USED,2026-08-10T15:09:00,"Sector 40, Delhi NCR",0.911
V023,P035,USED,2026-08-11T18:10:00,"Sector 41, Delhi NCR",0.901
V028,P044,USED,2026-08-12T21:11:00,"Sector 42, Delhi NCR",0.786
V003,P053,USED,2026-08-13T00:12:00,"Sector 43, Delhi NCR",0.977
V008,P062,USED,2026-08-14T03:13:00,"Sector 44, Delhi NCR",0.812
V013,P071,USED,2026-08-15T06:14:00,"Sector 45, Delhi NCR",0.851
V018,P080,USED,2026-08-16T09:15:00,"Sector 46, Delhi NCR",0.78
V023,P009,USED,2026-08-17T12:16:00,"Sector 47, Delhi NCR",0.896
V028,P018,USED,2026-08-18T15:17:00,"Sector 48, Delhi NCR",0.832
V003,P027,USED,2026-08-19T18:18:00,"Sector 49, Delhi NCR",0.828
V008,P036,USED,2026-08-20T21:19:00,"Sector 50, Delhi NCR",0.791
V013,P045,USED,2026-08-21T00:20:00,"Sector 51, Delhi NCR",0.769
V018,P054,USED,2026-08-22T03:21:00,"Sector 52, Delhi NCR",0.951
V023,P063,USED,2026-08-23T06:22:00,"Sector 53, Delhi NCR",0.822
V028,P072,USED,2026-08-24T09:23:00,"Sector 54, Delhi NCR",0.975
V003,P001,USED,2026-08-25T12:24:00,"Sector 55, Delhi NCR",0.951
V008,P010,USED,2026-08-26T15:25:00,"Sector 56, Delhi NCR",0.814
V013,P019,USED,2026-08-27T18:26:00,"Sector 57, Delhi NCR",0.828
V018,P028,USED,2026-08-28T21:27:00,"Sector 58, Delhi NCR",0.846
V023,P037,USED,2026-08-29T00:28:00,"Sector 59, Delhi NCR",0.923
V028,P046,USED,2026-08-30T03:29:00,"Sector 60, Delhi NCR",0.95
V003,P055,USED,2026-08-01T06:30:00,"Sector 61, Delhi NCR",0.777
V008,P064,USED,2026-08-02T09:31:00,"Sector 62, Delhi NCR",0.941
V013,P073,USED,2026-08-03T12:32:00,"Sector 63, Delhi NCR",0.888
V018,P002,USED,2026-08-04T15:33:00,"Sector 64, Delhi NCR",0.777
V023,P011,USED,2026-08-05T18:34:00,"Sector 65, Delhi NCR",0.817
V028,P020,USED,2026-08-06T21:35:00,"Sector 66, Delhi NCR",0.883
V003,P029,USED,2026-08-07T00:36:00,"Sector 67, Delhi NCR",0.93
V008,P038,USED,2026-08-08T03:37:00,"Sector 68, Delhi NCR",0.764
V013,P047,USED,2026-08-09T06:38:00,"Sector 69, Delhi NCR",0.917
V018,P056,USED,2026-08-10T09:39:00,"Sector 70, Delhi NCR",0.79
V023,P065,USED,2026-08-11T12:40:00,"Sector 71, Delhi NCR",0.835
V028,P074,USED,2026-08-12T15:41:00,"Sector 72, Delhi NCR",0.768
V003,P003,USED,2026-08-13T18:42:00,"Sector 73, Delhi NCR",0.944
V008,P012,USED,2026-08-14T21:43:00,"Sector 74, Delhi NCR",0.954
V013,P021,USED,2026-08-15T00:44:00,"Sector 75, Delhi NCR",0.803
V018,P030,USED,2026-08-16T03:45:00,"Sector 76, Delhi NCR",0.811
V023,P039,USED,2026-08-17T06:46:00,"Sector 77, Delhi NCR",0.835
V028,P048,USED,2026-08-18T09:47:00,"Sector 78, Delhi NCR",0.793
V003,P057,USED,2026-08-19T12:48:00,"Sector 79, Delhi NCR",0.802
V008,P066,USED,2026-08-20T15:49:00,"Sector 80, Delhi NCR",0.95
V013,P075,USED,2026-08-21T18:50:00,"Sector 81, Delhi NCR",0.962
V018,P004,USED,2026-08-22T21:51:00,"Sector 82, Delhi NCR",0.79
V023,P013,USED,2026-08-23T00:52:00,"Sector 83, Delhi NCR",0.86
V028,P022,USED,2026-08-24T03:53:00,"Sector 84, Delhi NCR",0.904
V003,P031,USED,2026-08-25T06:54:00,"Sector 85, Delhi NCR",0.782
V008,P040,USED,2026-08-26T09:55:00,"Sector 86, Delhi NCR",0.928
V013,P049,USED,2026-08-27T12:56:00,"Sector 87, Delhi NCR",0.957
V018,P058,USED,2026-08-28T15:57:00,"Sector 88, Delhi NCR",0.973
V023,P067,USED,2026-08-29T18:58:00,"Sector 89, Delhi NCR",0.906
V028,P076,USED,2026-08-30T21:59:00,"Sector 90, Delhi NCR",0.776
V003,P005,USED,2026-08-01T00:00:00,"Sector 1, Delhi NCR",0.932
V008,P014,USED,2026-08-02T03:01:00,"Sector 2, Delhi NCR",0.811
V013,P023,USED,2026-08-03T06:02:00,"Sector 3, Delhi NCR",0.907
V018,P032,USED,2026-08-04T09:03:00,"Sector 4, Delhi NCR",0.969
V023,P041,USED,2026-08-05T12:04:00,"Sector 5, Delhi NCR",0.915
V028,P050,USED,2026-08-06T15:05:00,"Sector 6, Delhi NCR",0.897
V003,P059,USED,2026-08-07T18:06:00,"Sector 7, Delhi NCR",0.871
V008,P068,USED,2026-08-08T21:07:00,"Sector 8, Delhi NCR",0.859
V013,P077,USED,2026-08-09T00:08:00,"Sector 9, Delhi NCR",0.813
V018,P006,USED,2026-08-10T03:09:00,"Sector 10, Delhi NCR",0.778
V023,P015,USED,2026-08-11T06:10:00,"Sector 11, Delhi NCR",0.801
V028,P024,USED,2026-08-12T09:11:00,"Sector 12, Delhi NCR",0.926
V003,P033,USED,2026-08-13T12:12:00,"Sector 13, Delhi NCR",0.809
V008,P042,USED,2026-08-14T15:13:00,"Sector 14, Delhi NCR",0.941
V013,P051,USED,2026-08-15T18:14:00,"Sector 15, Delhi NCR",0.813
V018,P060,USED,2026-08-16T21:15:00,"Sector 16, Delhi NCR",0.841
V023,P069,USED,2026-08-17T00:16:00,"Sector 17, Delhi NCR",0.832
V028,P078,USED,2026-08-18T03:17:00,"Sector 18, Delhi NCR",0.935
V003,P007,USED,2026-08-19T06:18:00,"Sector 19, Delhi NCR",0.834
V008,P016,USED,2026-08-20T09:19:00,"Sector 20, Delhi NCR",0.866
V013,P025,USED,2026-08-21T12:20:00,"Sector 21, Delhi NCR",0.919
V018,P034,USED,2026-08-22T15:21:00,"Sector 22, Delhi NCR",0.818
V023,P043,USED,2026-08-23T18:22:00,"Sector 23, Delhi NCR",0.883
V028,P052,USED,2026-08-24T21:23:00,"Sector 24, Delhi NCR",0.97
V003,P061,USED,2026-08-25T00:24:00,"Sector 25, Delhi NCR",0.888
V008,P070,USED,2026-08-26T03:25:00,"Sector 26, Delhi NCR",0.942
V013,P079,USED,2026-08-27T06:26:00,"Sector 27, Delhi NCR",0.834
V018,P008,USED,2026-08-28T09:27:00,"Sector 28, Delhi NCR",0.859
V023,P017,USED,2026-08-29T12:28:00,"Sector 29, Delhi NCR",0.936
V028,P026,USED,2026-08-30T15:29:00,"Sector 30, Delhi NCR",0.833
V003,P035,USED,2026-08-01T18:30:00,"Sector 31, Delhi NCR",0.885
V008,P044,USED,2026-08-02T21:31:00,"Sector 32, Delhi NCR",0.891
V013,P053,USED,2026-08-03T00:32:00,"Sector 33, Delhi NCR",0.76
V018,P062,USED,2026-08-04T03:33:00,"Sector 34, Delhi NCR",0.931
V023,P071,USED,2026-08-05T06:34:00,"Sector 35, Delhi NCR",0.892
V028,P080,USED,2026-08-06T09:35:00,"Sector 36, Delhi NCR",0.87
V003,P009,USED,2026-08-07T12:36:00,"Sector 37, Delhi NCR",0.939
V008,P018,USED,2026-08-08T15:37:00,"Sector 38, Delhi NCR",0.872
V013,P027,USED,2026-08-09T18:38:00,"Sector 39, Delhi NCR",0.835
V018,P036,USED,2026-08-10T21:39:00,"Sector 40, Delhi NCR",0.895
V023,P045,USED,2026-08-11T00:40:00,"Sector 41, Delhi NCR",0.954
V028,P054,USED,2026-08-12T03:41:00,"Sector 42, Delhi NCR",0.824
V003,P063,USED,2026-08-13T06:42:00,"Sector 43, Delhi NCR",0.772
V008,P072,USED,2026-08-14T09:43:00,"Sector 44, Delhi NCR",0.842
V013,P001,USED,2026-08-15T12:44:00,"Sector 45, Delhi NCR",0.859
V018,P010,USED,2026-08-16T15:45:00,"Sector 46, Delhi NCR",0.872
V023,P019,USED,2026-08-17T18:46:00,"Sector 47, Delhi NCR",0.811
V028,P028,USED,2026-08-18T21:47:00,"Sector 48, Delhi NCR",0.812
V003,P037,USED,2026-08-19T00:48:00,"Sector 49, Delhi NCR",0.777
V008,P046,USED,2026-08-20T03:49:00,"Sector 50, Delhi NCR",0.945
V013,P055,USED,2026-08-21T06:50:00,"Sector 51, Delhi NCR",0.801
V018,P064,USED,2026-08-22T09:51:00,"Sector 52, Delhi NCR",0.968
V023,P073,USED,2026-08-23T12:52:00,"Sector 53, Delhi NCR",0.883
V028,P002,USED,2026-08-24T15:53:00,"Sector 54, Delhi NCR",0.81
V003,P011,USED,2026-08-25T18:54:00,"Sector 55, Delhi NCR",0.972
V008,P020,USED,2026-08-26T21:55:00,"Sector 56, Delhi NCR",0.895
V013,P029,USED,2026-08-27T00:56:00,"Sector 57, Delhi NCR",0.923
V018,P038,USED,2026-08-28T03:57:00,"Sector 58, Delhi NCR",0.793
V023,P047,USED,2026-08-29T06:58:00,"Sector 59, Delhi NCR",0.914
V028,P056,USED,2026-08-30T09:59:00,"Sector 60, Delhi NCR",0.816
V003,P065,USED,2026-08-01T12:00:00,"Sector 61, Delhi NCR",0.947
V008,P074,USED,2026-08-02T15:01:00,"Sector 62, Delhi NCR",0.839
V013,P003,USED,2026-08-03T18:02:00,"Sector 63, Delhi NCR",0.814
V018,P012,USED,2026-08-04T21:03:00,"Sector 64, Delhi NCR",0.87
V023,P021,USED,2026-08-05T00:04:00,"Sector 65, Delhi NCR",0.8
V028,P030,USED,2026-08-06T03:05:00,"Sector 66, Delhi NCR",0.82
V003,P039,USED,2026-08-07T06:06:00,"Sector 67, Delhi NCR",0.919
V008,P048,USED,2026-08-08T09:07:00,"Sector 68, Delhi NCR",0.889
V013,P057,USED,2026-08-09T12:08:00,"Sector 69, Delhi NCR",0.89
V018,P066,USED,2026-08-10T15:09:00,"Sector 70, Delhi NCR",0.849
V023,P075,USED,2026-08-11T18:10:00,"Sector 71, Delhi NCR",0.805
V028,P004,USED,2026-08-12T21:11:00,"Sector 72, Delhi NCR",0.782
V003,P013,USED,2026-08-13T00:12:00,"Sector 73, Delhi NCR",0.926
V008,P022,USED,2026-08-14T03:13:00,"Sector 74, Delhi NCR",0.873
V013,P031,USED,2026-08-15T06:14:00,"Sector 75, Delhi NCR",0.906
V018,P040,USED,2026-08-16T09:15:00,"Sector 76, Delhi NCR",0.968
V023,P049,USED,2026-08-17T12:16:00,"Sector 77, Delhi NCR",0.835
V028,P058,USED,2026-08-18T15:17:00,"Sector 78, Delhi NCR",0.943
V003,P067,USED,2026-08-19T18:18:00,"Sector 79, Delhi NCR",0.879
V008,P076,USED,2026-08-20T21:19:00,"Sector 80, Delhi NCR",0.947
V013,P005,USED,2026-08-21T00:20:00,"Sector 81, Delhi NCR",0.932
V018,P014,USED,2026-08-22T03:21:00,"Sector 82, Delhi NCR",0.836
V023,P023,USED,2026-08-23T06:22:00,"Sector 83, Delhi NCR",0.897
V028,P032,USED,2026-08-24T09:23:00,"Sector 84, Delhi NCR",0.919
V003,P041,USED,2026-08-25T12:24:00,"Sector 85, Delhi NCR",0.903
V008,P050,USED,2026-08-26T15:25:00,"Sector 86, Delhi NCR",0.783
V013,P059,USED,2026-08-27T18:26:00,"Sector 87, Delhi NCR",0.787
V018,P068,USED,2026-08-28T21:27:00,"Sector 88, Delhi NCR",0.955
V023,P077,USED,2026-08-29T00:28:00,"Sector 89, Delhi NCR",0.778
V028,P006,USED,2026-08-30T03:29:00,"Sector 90, Delhi NCR",0.967
V003,P015,USED,2026-08-01T06:30:00,"Sector 1, Delhi NCR",0.952
V008,P024,USED,2026-08-02T09:31:00,"Sector 2, Delhi NCR",0.897
V013,P033,USED,2026-08-03T12:32:00,"Sector 3, Delhi NCR",0.9
V018,P042,USED,2026-08-04T15:33:00,"Sector 4, Delhi NCR",0.857
V023,P051,USED,2026-08-05T18:34:00,"Sector 5, Delhi NCR",0.868
V028,P060,USED,2026-08-06T21:35:00,"Sector 6, Delhi NCR",0.815
V003,P069,USED,2026-08-07T00:36:00,"Sector 7, Delhi NCR",0.779
V008,P078,USED,2026-08-08T03:37:00,"Sector 8, Delhi NCR",0.896
V013,P007,USED,2026-08-09T06:38:00,"Sector 9, Delhi NCR",0.869
V018,P016,USED,2026-08-10T09:39:00,"Sector 10, Delhi NCR",0.764
V023,P025,USED,2026-08-11T12:40:00,"Sector 11, Delhi NCR",0.886
V028,P034,USED,2026-08-12T15:41:00,"Sector 12, Delhi NCR",0.797
V003,P043,USED,2026-08-13T18:42:00,"Sector 13, Delhi NCR",0.967
V008,P052,USED,2026-08-14T21:43:00,"Sector 14, Delhi NCR",0.829
V013,P061,USED,2026-08-15T00:44:00,"Sector 15, Delhi NCR",0.787
V018,P070,USED,2026-08-16T03:45:00,"Sector 16, Delhi NCR",0.812
V023,P079,USED,2026-08-17T06:46:00,"Sector 17, Delhi NCR",0.975
V028,P008,USED,2026-08-18T09:47:00,"Sector 18, Delhi NCR",0.935
V003,P017,USED,2026-08-19T12:48:00,"Sector 19, Delhi NCR",0.831
V008,P026,USED,2026-08-20T15:49:00,"Sector 20, Delhi NCR",0.858
V013,P035,USED,2026-08-21T18:50:00,"Sector 21, Delhi NCR",0.908
V018,P044,USED,2026-08-22T21:51:00,"Sector 22, Delhi NCR",0.962
V023,P053,USED,2026-08-23T00:52:00,"Sector 23, Delhi NCR",0.917
V028,P062,USED,2026-08-24T03:53:00,"Sector 24, Delhi NCR",0.958
V003,P071,USED,2026-08-25T06:54:00,"Sector 25, Delhi NCR",0.837
V008,P080,USED,2026-08-26T09:55:00,"Sector 26, Delhi NCR",0.971
V013,P009,USED,2026-08-27T12:56:00,"Sector 27, Delhi NCR",0.804
V018,P018,USED,2026-08-28T15:57:00,"Sector 28, Delhi NCR",0.926
V023,P027,USED,2026-08-29T18:58:00,"Sector 29, Delhi NCR",0.817
V028,P036,USED,2026-08-30T21:59:00,"Sector 30, Delhi NCR",0.971
V003,P045,USED,2026-08-01T00:00:00,"Sector 31, Delhi NCR",0.835
V008,P054,USED,2026-08-02T03:01:00,"Sector 32, Delhi NCR",0.814
V013,P063,USED,2026-08-03T06:02:00,"Sector 33, Delhi NCR",0.872
V018,P072,USED,2026-08-04T09:03:00,"Sector 34, Delhi NCR",0.804
V023,P001,USED,2026-08-05T12:04:00,"Sector 35, Delhi NCR",0.928
V028,P010,USED,2026-08-06T15:05:00,"Sector 36, Delhi NCR",0.971
V003,P019,USED,2026-08-07T18:06:00,"Sector 37, Delhi NCR",0.832
V008,P028,USED,2026-08-08T21:07:00,"Sector 38, Delhi NCR",0.916
V013,P037,USED,2026-08-09T00:08:00,"Sector 39, Delhi NCR",0.97
V018,P046,USED,2026-08-10T03:09:00,"Sector 40, Delhi NCR",0.839
V023,P055,USED,2026-08-11T06:10:00,"Sector 41, Delhi NCR",0.785
V028,P064,USED,2026-08-12T09:11:00,"Sector 42, Delhi NCR",0.945
V003,P073,USED,2026-08-13T12:12:00,"Sector 43, Delhi NCR",0.863
V008,P002,USED,2026-08-14T15:13:00,"Sector 44, Delhi NCR",0.779
V013,P011,USED,2026-08-15T18:14:00,"Sector 45, Delhi NCR",0.793
V018,P020,USED,2026-08-16T21:15:00,"Sector 46, Delhi NCR",0.763
V023,P029,USED,2026-08-17T00:16:00,"Sector 47, Delhi NCR",0.828
V028,P038,USED,2026-08-18T03:17:00,"Sector 48, Delhi NCR",0.769
V003,P047,USED,2026-08-19T06:18:00,"Sector 49, Delhi NCR",0.956
V008,P056,USED,2026-08-20T09:19:00,"Sector 50, Delhi NCR",0.783
V013,P065,USED,2026-08-21T12:20:00,"Sector 51, Delhi NCR",0.898
V018,P074,USED,2026-08-22T15:21:00,"Sector 52, Delhi NCR",0.853
V023,P003,USED,2026-08-23T18:22:00,"Sector 53, Delhi NCR",0.795
V028,P012,USED,2026-08-24T21:23:00,"Sector 54, Delhi NCR",0.979
V003,P021,USED,2026-08-25T00:24:00,"Sector 55, Delhi NCR",0.804
V008,P030,USED,2026-08-26T03:25:00,"Sector 56, Delhi NCR",0.897
V013,P039,USED,2026-08-27T06:26:00,"Sector 57, Delhi NCR",0.919
V018,P048,USED,2026-08-28T09:27:00,"Sector 58, Delhi NCR",0.91
V023,P057,USED,2026-08-29T12:28:00,"Sector 59, Delhi NCR",0.814
V028,P066,USED,2026-08-30T15:29:00,"Sector 60, Delhi NCR",0.938
V003,P075,USED,2026-08-01T18:30:00,"Sector 61, Delhi NCR",0.8
V008,P004,USED,2026-08-02T21:31:00,"Sector 62, Delhi NCR",0.903
V013,P013,USED,2026-08-03T00:32:00,"Sector 63, Delhi NCR",0.786
V018,P022,USED,2026-08-04T03:33:00,"Sector 64, Delhi NCR",0.798
V023,P031,USED,2026-08-05T06:34:00,"Sector 65, Delhi NCR",0.963
V028,P040,USED,2026-08-06T09:35:00,"Sector 66, Delhi NCR",0.879
V003,P049,USED,2026-08-07T12:36:00,"Sector 67, Delhi NCR",0.801
V008,P058,USED,2026-08-08T15:37:00,"Sector 68, Delhi NCR",0.791
V013,P067,USED,2026-08-09T18:38:00,"Sector 69, Delhi NCR",0.793
V018,P076,USED,2026-08-10T21:39:00,"Sector 70, Delhi NCR",0.825
V023,P005,USED,2026-08-11T00:40:00,"Sector 71, Delhi NCR",0.901
V028,P014,USED,2026-08-12T03:41:00,"Sector 72, Delhi NCR",0.876
V003,P023,USED,2026-08-13T06:42:00,"Sector 73, Delhi NCR",0.891
V008,P032,USED,2026-08-14T09:43:00,"Sector 74, Delhi NCR",0.978
V013,P041,USED,2026-08-15T12:44:00,"Sector 75, Delhi NCR",0.801
V018,P050,USED,2026-08-16T15:45:00,"Sector 76, Delhi NCR",0.82
V023,P059,USED,2026-08-17T18:46:00,"Sector 77, Delhi NCR",0.85
V028,P068,USED,2026-08-18T21:47:00,"Sector 78, Delhi NCR",0.871
V003,P077,USED,2026-08-19T00:48:00,"Sector 79, Delhi NCR",0.767
V008,P006,USED,2026-08-20T03:49:00,"Sector 80, Delhi NCR",0.856
V013,P015,USED,2026-08-21T06:50:00,"Sector 81, Delhi NCR",0.876
V018,P024,USED,2026-08-22T09:51:00,"Sector 82, Delhi NCR",0.906
V023,P033,USED,2026-08-23T12:52:00,"Sector 83, Delhi NCR",0.951
V028,P042,USED,2026-08-24T15:53:00,"Sector 84, Delhi NCR",0.851
V003,P051,USED,2026-08-25T18:54:00,"Sector 85, Delhi NCR",0.822
V008,P060,USED,2026-08-26T21:55:00,"Sector 86, Delhi NCR",0.775
V013,P069,USED,2026-08-27T00:56:00,"Sector 87, Delhi NCR",0.863
V018,P078,USED,2026-08-28T03:57:00,"Sector 88, Delhi NCR",0.815
V023,P007,USED,2026-08-29T06:58:00,"Sector 89, Delhi NCR",0.87
V028,P016,USED,2026-08-30T09:59:00,"Sector 90, Delhi NCR",0.871
V003,P025,USED,2026-08-01T12:00:00,"Sector 1, Delhi NCR",0.84
V008,P034,USED,2026-08-02T15:01:00,"Sector 2, Delhi NCR",0.956
V013,P043,USED,2026-08-03T18:02:00,"Sector 3, Delhi NCR",0.81
V018,P052,USED,2026-08-04T21:03:00,"Sector 4, Delhi NCR",0.951
V023,P061,USED,2026-08-05T00:04:00,"Sector 5, Delhi NCR",0.935
V028,P070,USED,2026-08-06T03:05:00,"Sector 6, Delhi NCR",0.892
V003,P079,USED,2026-08-07T06:06:00,"Sector 7, Delhi NCR",0.98
V008,P008,USED,2026-08-08T09:07:00,"Sector 8, Delhi NCR",0.898
V013,P017,USED,2026-08-09T12:08:00,"Sector 9, Delhi NCR",0.899
V018,P026,USED,2026-08-10T15:09:00,"Sector 10, Delhi NCR",0.788
V023,P035,USED,2026-08-11T18:10:00,"Sector 11, Delhi NCR",0.822
V028,P044,USED,2026-08-12T21:11:00,"Sector 12, Delhi NCR",0.869
V003,P053,USED,2026-08-13T00:12:00,"Sector 13, Delhi NCR",0.845
V008,P062,USED,2026-08-14T03:13:00,"Sector 14, Delhi NCR",0.977
V013,P071,USED,2026-08-15T06:14:00,"Sector 15, Delhi NCR",0.799
V018,P080,USED,2026-08-16T09:15:00,"Sector 16, Delhi NCR",0.84
V023,P009,USED,2026-08-17T12:16:00,"Sector 17, Delhi NCR",0.761
V028,P018,USED,2026-08-18T15:17:00,"Sector 18, Delhi NCR",0.854
V003,P027,USED,2026-08-19T18:18:00,"Sector 19, Delhi NCR",0.974
V008,P036,USED,2026-08-20T21:19:00,"Sector 20, Delhi NCR",0.949
V013,P045,USED,2026-08-21T00:20:00,"Sector 21, Delhi NCR",0.927
V018,P054,USED,2026-08-22T03:21:00,"Sector 22, Delhi NCR",0.824
V023,P063,USED,2026-08-23T06:22:00,"Sector 23, Delhi NCR",0.764
V028,P072,USED,2026-08-24T09:23:00,"Sector 24, Delhi NCR",0.895
V003,P001,USED,2026-08-25T12:24:00,"Sector 25, Delhi NCR",0.888
V008,P010,USED,2026-08-26T15:25:00,"Sector 26, Delhi NCR",0.802
V013,P019,USED,2026-08-27T18:26:00,"Sector 27, Delhi NCR",0.779
V018,P028,USED,2026-08-28T21:27:00,"Sector 28, Delhi NCR",0.949
V023,P037,USED,2026-08-29T00:28:00,"Sector 29, Delhi NCR",0.906
V028,P046,USED,2026-08-30T03:29:00,"Sector 30, Delhi NCR",0.969
V003,P055,USED,2026-08-01T06:30:00,"Sector 31, Delhi NCR",0.956
V008,P064,USED,2026-08-02T09:31:00,"Sector 32, Delhi NCR",0.926
V013,P073,USED,2026-08-03T12:32:00,"Sector 33, Delhi NCR",0.884
V018,P002,USED,2026-08-04T15:33:00,"Sector 34, Delhi NCR",0.775
V023,P011,USED,2026-08-05T18:34:00,"Sector 35, Delhi NCR",0.829
V028,P020,USED,2026-08-06T21:35:00,"Sector 36, Delhi NCR",0.87
V003,P029,USED,2026-08-07T00:36:00,"Sector 37, Delhi NCR",0.926
V008,P038,USED,2026-08-08T03:37:00,"Sector 38, Delhi NCR",0.965
V013,P047,USED,2026-08-09T06:38:00,"Sector 39, Delhi NCR",0.977
V018,P056,USED,2026-08-10T09:39:00,"Sector 40, Delhi NCR",0.79
V023,P065,USED,2026-08-11T12:40:00,"Sector 41, Delhi NCR",0.85
V028,P074,USED,2026-08-12T15:41:00,"Sector 42, Delhi NCR",0.802
V003,P003,USED,2026-08-13T18:42:00,"Sector 43, Delhi NCR",0.869
V008,P012,USED,2026-08-14T21:43:00,"Sector 44, Delhi NCR",0.971
V013,P021,USED,2026-08-15T00:44:00,"Sector 45, Delhi NCR",0.943
V018,P030,USED,2026-08-16T03:45:00,"Sector 46, Delhi NCR",0.802
V023,P039,USED,2026-08-17T06:46:00,"Sector 47, Delhi NCR",0.875
V028,P048,USED,2026-08-18T09:47:00,"Sector 48, Delhi NCR",0.945
V003,P057,USED,2026-08-19T12:48:00,"Sector 49, Delhi NCR",0.931
V008,P066,USED,2026-08-20T15:49:00,"Sector 50, Delhi NCR",0.782
V013,P075,USED,2026-08-21T18:50:00,"Sector 51, Delhi NCR",0.821
V018,P004,USED,2026-08-22T21:51:00,"Sector 52, Delhi NCR",0.774
V023,P013,USED,2026-08-23T00:52:00,"Sector 53, Delhi NCR",0.821
V028,P022,USED,2026-08-24T03:53:00,"Sector 54, Delhi NCR",0.958
V003,P031,USED,2026-08-25T06:54:00,"Sector 55, Delhi NCR",0.925
V008,P040,USED,2026-08-26T09:55:00,"Sector 56, Delhi NCR",0.873
V013,P049,USED,2026-08-27T12:56:00,"Sector 57, Delhi NCR",0.916
V018,P058,USED,2026-08-28T15:57:00,"Sector 58, Delhi NCR",0.956
V023,P067,USED,2026-08-29T18:58:00,"Sector 59, Delhi NCR",0.919
V028,P076,USED,2026-08-30T21:59:00,"Sector 60, Delhi NCR",0.833
V003,P005,USED,2026-08-01T00:00:00,"Sector 61, Delhi NCR",0.832
V008,P014,USED,2026-08-02T03:01:00,"Sector 62, Delhi NCR",0.776
V013,P023,USED,2026-08-03T06:02:00,"Sector 63, Delhi NCR",0.835
V018,P032,USED,2026-08-04T09:03:00,"Sector 64, Delhi NCR",0.819
V023,P041,USED,2026-08-05T12:04:00,"Sector 65, Delhi NCR",0.928
V028,P050,USED,2026-08-06T15:05:00,"Sector 66, Delhi NCR",0.79
V003,P059,USED,2026-08-07T18:06:00,"Sector 67, Delhi NCR",0.837
V008,P068,USED,2026-08-08T21:07:00,"Sector 68, Delhi NCR",0.837
V013,P077,USED,2026-08-09T00:08:00,"Sector 69, Delhi NCR",0.763
V018,P006,USED,2026-08-10T03:09:00,"Sector 70, Delhi NCR",0.872
V023,P015,USED,2026-08-11T06:10:00,"Sector 71, Delhi NCR",0.91
V028,P024,USED,2026-08-12T09:11:00,"Sector 72, Delhi NCR",0.861
V003,P033,USED,2026-08-13T12:12:00,"Sector 73, Delhi NCR",0.771
V008,P042,USED,2026-08-14T15:13:00,"Sector 74, Delhi NCR",0.883
V013,P051,USED,2026-08-15T18:14:00,"Sector 75, Delhi NCR",0.852
V018,P060,USED,2026-08-16T21:15:00,"Sector 76, Delhi NCR",0.843
V023,P069,USED,2026-08-17T00:16:00,"Sector 77, Delhi NCR",0.895
V028,P078,USED,2026-08-18T03:17:00,"Sector 78, Delhi NCR",0.909
V003,P007,USED,2026-08-19T06:18:00,"Sector 79, Delhi NCR",0.824
V008,P016,USED,2026-08-20T09:19:00,"Sector 80, Delhi NCR",0.895
V013,P025,USED,2026-08-21T12:20:00,"Sector 81, Delhi NCR",0.895
V018,P034,USED,2026-08-22T15:21:00,"Sector 82, Delhi NCR",0.901
V023,P043,USED,2026-08-23T18:22:00,"Sector 83, Delhi NCR",0.761
V028,P052,USED,2026-08-24T21:23:00,"Sector 84, Delhi NCR",0.975
V003,P061,USED,2026-08-25T00:24:00,"Sector 85, Delhi NCR",0.762
V008,P070,USED,2026-08-26T03:25:00,"Sector 86, Delhi NCR",0.892
V013,P079,USED,2026-08-27T06:26:00,"Sector 87, Delhi NCR",0.854
V018,P008,USED,2026-08-28T09:27:00,"Sector 88, Delhi NCR",0.903
V023,P017,USED,2026-08-29T12:28:00,"Sector 89, Delhi NCR",0.906
V028,P026,USED,2026-08-30T15:29:00,"Sector 90, Delhi NCR",0.89
V003,P035,USED,2026-08-01T18:30:00,"Sector 1, Delhi NCR",0.859
V008,P044,USED,2026-08-02T21:31:00,"Sector 2, Delhi NCR",0.922
V013,P053,USED,2026-08-03T00:32:00,"Sector 3, Delhi NCR",0.801
V018,P062,USED,2026-08-04T03:33:00,"Sector 4, Delhi NCR",0.866
V023,P071,USED,2026-08-05T06:34:00,"Sector 5, Delhi NCR",0.812
V028,P080,USED,2026-08-06T09:35:00,"Sector 6, Delhi NCR",0.836
V003,P009,USED,2026-08-07T12:36:00,"Sector 7, Delhi NCR",0.85
V008,P018,USED,2026-08-08T15:37:00,"Sector 8, Delhi NCR",0.812
V013,P027,USED,2026-08-09T18:38:00,"Sector 9, Delhi NCR",0.781
V018,P036,USED,2026-08-10T21:39:00,"Sector 10, Delhi NCR",0.868
V023,P045,USED,2026-08-11T00:40:00,"Sector 11, Delhi NCR",0.834
V028,P054,USED,2026-08-12T03:41:00,"Sector 12, Delhi NCR",0.843
V003,P063,USED,2026-08-13T06:42:00,"Sector 13, Delhi NCR",0.921
V008,P072,USED,2026-08-14T09:43:00,"Sector 14, Delhi NCR",0.795
V013,P001,USED,2026-08-15T12:44:00,"Sector 15, Delhi NCR",0.838
V018,P010,USED,2026-08-16T15:45:00,"Sector 16, Delhi NCR",0.886
V023,P019,USED,2026-08-17T18:46:00,"Sector 17, Delhi NCR",0.822
V028,P028,USED,2026-08-18T21:47:00,"Sector 18, Delhi NCR",0.871
V003,P037,USED,2026-08-19T00:48:00,"Sector 19, Delhi NCR",0.861
V008,P046,USED,2026-08-20T03:49:00,"Sector 20, Delhi NCR",0.766
V013,P055,USED,2026-08-21T06:50:00,"Sector 21, Delhi NCR",0.834
V018,P064,USED,2026-08-22T09:51:00,"Sector 22, Delhi NCR",0.813
V023,P073,USED,2026-08-23T12:52:00,"Sector 23, Delhi NCR",0.794
V028,P002,USED,2026-08-24T15:53:00,"Sector 24, Delhi NCR",0.964
V003,P011,USED,2026-08-25T18:54:00,"Sector 25, Delhi NCR",0.861
V008,P020,USED,2026-08-26T21:55:00,"Sector 26, Delhi NCR",0.853
V013,P029,USED,2026-08-27T00:56:00,"Sector 27, Delhi NCR",0.83
V018,P038,USED,2026-08-28T03:57:00,"Sector 28, Delhi NCR",0.941
V023,P047,USED,2026-08-29T06:58:00,"Sector 29, Delhi NCR",0.867
V028,P056,USED,2026-08-30T09:59:00,"Sector 30, Delhi NCR",0.812
V003,P065,USED,2026-08-01T12:00:00,"Sector 31, Delhi NCR",0.961
V008,P074,USED,2026-08-02T15:01:00,"Sector 32, Delhi NCR",0.85
V013,P003,USED,2026-08-03T18:02:00,"Sector 33, Delhi NCR",0.877
V018,P012,USED,2026-08-04T21:03:00,"Sector 34, Delhi NCR",0.813
V023,P021,USED,2026-08-05T00:04:00,"Sector 35, Delhi NCR",0.82
V028,P030,USED,2026-08-06T03:05:00,"Sector 36, Delhi NCR",0.76
V003,P039,USED,2026-08-07T06:06:00,"Sector 37, Delhi NCR",0.876
V008,P048,USED,2026-08-08T09:07:00,"Sector 38, Delhi NCR",0.776
V013,P057,USED,2026-08-09T12:08:00,"Sector 39, Delhi NCR",0.798
V018,P066,USED,2026-08-10T15:09:00,"Sector 40, Delhi NCR",0.843
V023,P075,USED,2026-08-11T18:10:00,"Sector 41, Delhi NCR",0.921
V028,P004,USED,2026-08-12T21:11:00,"Sector 42, Delhi NCR",0.903
V003,P013,USED,2026-08-13T00:12:00,"Sector 43, Delhi NCR",0.948
V008,P022,USED,2026-08-14T03:13:00,"Sector 44, Delhi NCR",0.896
V013,P031,USED,2026-08-15T06:14:00,"Sector 45, Delhi NCR",0.763
V018,P040,USED,2026-08-16T09:15:00,"Sector 46, Delhi NCR",0.854
V023,P049,USED,2026-08-17T12:16:00,"Sector 47, Delhi NCR",0.972
V028,P058,USED,2026-08-18T15:17:00,"Sector 48, Delhi NCR",0.925
V003,P067,USED,2026-08-19T18:18:00,"Sector 49, Delhi NCR",0.84
V008,P076,USED,2026-08-20T21:19:00,"Sector 50, Delhi NCR",0.945
V013,P005,USED,2026-08-21T00:20:00,"Sector 51, Delhi NCR",0.857
V018,P014,USED,2026-08-22T03:21:00,"Sector 52, Delhi NCR",0.856
V023,P023,USED,2026-08-23T06:22:00,"Sector 53, Delhi NCR",0.794
V028,P032,USED,2026-08-24T09:23:00,"Sector 54, Delhi NCR",0.913
V003,P041,USED,2026-08-25T12:24:00,"Sector 55, Delhi NCR",0.907
V008,P050,USED,2026-08-26T15:25:00,"Sector 56, Delhi NCR",0.911
V013,P059,USED,2026-08-27T18:26:00,"Sector 57, Delhi NCR",0.827
V018,P068,USED,2026-08-28T21:27:00,"Sector 58, Delhi NCR",0.977
V023,P077,USED,2026-08-29T00:28:00,"Sector 59, Delhi NCR",0.921
V028,P006,USED,2026-08-30T03:29:00,"Sector 60, Delhi NCR",0.828
V003,P015,USED,2026-08-01T06:30:00,"Sector 61, Delhi NCR",0.86
V008,P024,USED,2026-08-02T09:31:00,"Sector 62, Delhi NCR",0.913
V013,P033,USED,2026-08-03T12:32:00,"Sector 63, Delhi NCR",0.863
V018,P042,USED,2026-08-04T15:33:00,"Sector 64, Delhi NCR",0.969
V023,P051,USED,2026-08-05T18:34:00,"Sector 65, Delhi NCR",0.894
V028,P060,USED,2026-08-06T21:35:00,"Sector 66, Delhi NCR",0.767
V003,P069,USED,2026-08-07T00:36:00,"Sector 67, Delhi NCR",0.869
V008,P078,USED,2026-08-08T03:37:00,"Sector 68, Delhi NCR",0.924
V013,P007,USED,2026-08-09T06:38:00,"Sector 69, Delhi NCR",0.819
V018,P016,USED,2026-08-10T09:39:00,"Sector 70, Delhi NCR",0.924
V023,P025,USED,2026-08-11T12:40:00,"Sector 71, Delhi NCR",0.975
V028,P034,USED,2026-08-12T15:41:00,"Sector 72, Delhi NCR",0.931
V003,P043,USED,2026-08-13T18:42:00,"Sector 73, Delhi NCR",0.839
V008,P052,USED,2026-08-14T21:43:00,"Sector 74, Delhi NCR",0.804
V013,P061,USED,2026-08-15T00:44:00,"Sector 75, Delhi NCR",0.889
V018,P070,USED,2026-08-16T03:45:00,"Sector 76, Delhi NCR",0.808
V023,P079,USED,2026-08-17T06:46:00,"Sector 77, Delhi NCR",0.853
V028,P008,USED,2026-08-18T09:47:00,"Sector 78, Delhi NCR",0.944
V003,P017,USED,2026-08-19T12:48:00,"Sector 79, Delhi NCR",0.837
V008,P026,USED,2026-08-20T15:49:00,"Sector 80, Delhi NCR",0.968
V013,P035,USED,2026-08-21T18:50:00,"Sector 81, Delhi NCR",0.865
V018,P044,USED,2026-08-22T21:51:00,"Sector 82, Delhi NCR",0.772
V023,P053,USED,2026-08-23T00:52:00,"Sector 83, Delhi NCR",0.903
V028,P062,USED,2026-08-24T03:53:00,"Sector 84, Delhi NCR",0.803
V003,P071,USED,2026-08-25T06:54:00,"Sector 85, Delhi NCR",0.958
V008,P080,USED,2026-08-26T09:55:00,"Sector 86, Delhi NCR",0.958
V013,P009,USED,2026-08-27T12:56:00,"Sector 87, Delhi NCR",0.967
V018,P018,USED,2026-08-28T15:57:00,"Sector 88, Delhi NCR",0.948
V023,P027,USED,2026-08-29T18:58:00,"Sector 89, Delhi NCR",0.945
V028,P036,USED,2026-08-30T21:59:00,"Sector 90, Delhi NCR",0.886
V003,P045,USED,2026-08-01T00:00:00,"Sector 1, Delhi NCR",0.901
V008,P054,USED,2026-08-02T03:01:00,"Sector 2, Delhi NCR",0.968
V013,P063,USED,2026-08-03T06:02:00,"Sector 3, Delhi NCR",0.96
V018,P072,USED,2026-08-04T09:03:00,"Sector 4, Delhi NCR",0.777
V023,P001,USED,2026-08-05T12:04:00,"Sector 5, Delhi NCR",0.864
V028,P010,USED,2026-08-06T15:05:00,"Sector 6, Delhi NCR",0.894
V003,P019,USED,2026-08-07T18:06:00,"Sector 7, Delhi NCR",0.884
V008,P028,USED,2026-08-08T21:07:00,"Sector 8, Delhi NCR",0.977
V013,P037,USED,2026-08-09T00:08:00,"Sector 9, Delhi NCR",0.841
V018,P046,USED,2026-08-10T03:09:00,"Sector 10, Delhi NCR",0.788
V023,P055,USED,2026-08-11T06:10:00,"Sector 11, Delhi NCR",0.949
V028,P064,USED,2026-08-12T09:11:00,"Sector 12, Delhi NCR",0.881
V003,P073,USED,2026-08-13T12:12:00,"Sector 13, Delhi NCR",0.965
V008,P002,USED,2026-08-14T15:13:00,"Sector 14, Delhi NCR",0.775
V013,P011,USED,2026-08-15T18:14:00,"Sector 15, Delhi NCR",0.911
V018,P020,USED,2026-08-16T21:15:00,"Sector 16, Delhi NCR",0.965
V023,P029,USED,2026-08-17T00:16:00,"Sector 17, Delhi NCR",0.825
V028,P038,USED,2026-08-18T03:17:00,"Sector 18, Delhi NCR",0.921
V003,P047,USED,2026-08-19T06:18:00,"Sector 19, Delhi NCR",0.828
V008,P056,USED,2026-08-20T09:19:00,"Sector 20, Delhi NCR",0.761
V013,P065,USED,2026-08-21T12:20:00,"Sector 21, Delhi NCR",0.839
V018,P074,USED,2026-08-22T15:21:00,"Sector 22, Delhi NCR",0.939
V023,P003,USED,2026-08-23T18:22:00,"Sector 23, Delhi NCR",0.925
V028,P012,USED,2026-08-24T21:23:00,"Sector 24, Delhi NCR",0.777
V003,P021,USED,2026-08-25T00:24:00,"Sector 25, Delhi NCR",0.844
V008,P030,USED,2026-08-26T03:25:00,"Sector 26, Delhi NCR",0.842
V013,P039,USED,2026-08-27T06:26:00,"Sector 27, Delhi NCR",0.781
V018,P048,USED,2026-08-28T09:27:00,"Sector 28, Delhi NCR",0.944
V023,P057,USED,2026-08-29T12:28:00,"Sector 29, Delhi NCR",0.922
V028,P066,USED,2026-08-30T15:29:00,"Sector 30, Delhi NCR",0.897
V003,P075,USED,2026-08-01T18:30:00,"Sector 31, Delhi NCR",0.799
V008,P004,USED,2026-08-02T21:31:00,"Sector 32, Delhi NCR",0.951
V013,P013,USED,2026-08-03T00:32:00,"Sector 33, Delhi NCR",0.895
V018,P022,USED,2026-08-04T03:33:00,"Sector 34, Delhi NCR",0.969
V023,P031,USED,2026-08-05T06:34:00,"Sector 35, Delhi NCR",0.839
V028,P040,USED,2026-08-06T09:35:00,"Sector 36, Delhi NCR",0.927
V003,P049,USED,2026-08-07T12:36:00,"Sector 37, Delhi NCR",0.83
V008,P058,USED,2026-08-08T15:37:00,"Sector 38, Delhi NCR",0.865
V013,P067,USED,2026-08-09T18:38:00,"Sector 39, Delhi NCR",0.933
V018,P076,USED,2026-08-10T21:39:00,"Sector 40, Delhi NCR",0.857
