event_id,source,vehicle,event_time,location,relation,confidence,case_number
VEH-EXT-000001,P011,DL32TC7932,2026-08-17T08:01:00,L031,SEEN_NEAR,0.973,CASE-2026-202
VEH-EXT-000002,P064,DL60HV9768,2026-08-08T00:39:00,L028,USED,0.826,CASE-2026-203
VEH-EXT-000003,P040,DL41GX5949,2026-08-06T06:17:00,L041,USED,0.857,CASE-2026-204
VEH-EXT-000004,P008,DL60PX9735,2026-08-17T04:21:00,L014,REGISTERED_TO,0.939,CASE-2026-201
VEH-EXT-000005,P026,DL54IH5621,2026-08-18T14:44:00,L018,USED,0.803,CASE-2026-202
VEH-EXT-000006,P083,DL04JV9196,2026-08-24T12:01:00,L039,USED,0.846,CASE-2026-203
VEH-EXT-000007,P118,DL88TU6321,2026-08-17T14:22:00,L027,REGISTERED_TO,0.832,CASE-2026-204
VEH-EXT-000008,P049,DL02DI9818,2026-08-17T19:59:00,L037,USED,0.867,CASE-2026-201
VEH-EXT-000009,P041,DL87UB2945,2026-08-04T08:05:00,L010,USED,0.99,CASE-2026-202
VEH-EXT-000010,P057,DL54IH5621,2026-08-06T20:53:00,L007,USED,0.867,CASE-2026-203
VEH-EXT-000011,P004,DL82IT8140,2026-08-22T23:36:00,L050,SEEN_NEAR,0.854,CASE-2026-204
VEH-EXT-000012,P013,DL91QF4618,2026-08-28T05:33:00,L021,USED,0.843,CASE-2026-201
VEH-EXT-000013,P058,DL16HB2805,2026-08-02T01:37:00,L006,USED,0.875,CASE-2026-202
VEH-EXT-000014,P055,DL85LZ6022,2026-08-01T11:37:00,L046,SEEN_NEAR,0.861,CASE-2026-203
VEH-EXT-000015,P093,DL39UR4920,2026-08-13T14:20:00,L025,USED,0.972,CASE-2026-204
VEH-EXT-000016,P019,DL05LU5710,2026-08-04T03:10:00,L035,SEEN_NEAR,0.868,CASE-2026-201
VEH-EXT-000017,P051,DL79FI6946,2026-08-14T01:57:00,L029,SEEN_NEAR,0.872,CASE-2026-202
VEH-EXT-000018,P049,DL87WU7148,2026-08-12T09:04:00,L016,REGISTERED_TO,0.845,CASE-2026-203
VEH-EXT-000019,P008,DL08LO7279,2026-08-13T23:09:00,L006,REGISTERED_TO,0.884,CASE-2026-204
VEH-EXT-000020,P010,DL87WU7148,2026-08-08T09:10:00,L054,SEEN_NEAR,0.917,CASE-2026-201
VEH-EXT-000021,P071,DL39KO3630,2026-08-14T20:15:00,L060,USED,0.932,CASE-2026-202
VEH-EXT-000022,P069,DL40GM3739,2026-08-24T02:18:00,L028,REGISTERED_TO,0.912,CASE-2026-203
VEH-EXT-000023,P096,DL24MH626,2026-08-08T05:45:00,L006,USED,0.9,CASE-2026-204
VEH-EXT-000024,P073,DL95WC1257,2026-08-01T05:19:00,L008,USED,0.966,CASE-2026-201
VEH-EXT-000025,P091,DL09NH8413,2026-08-05T14:56:00,L037,SEEN_NEAR,0.808,CASE-2026-202
VEH-EXT-000026,P076,DL66UN3298,2026-08-04T00:12:00,L011,SEEN_NEAR,0.881,CASE-2026-203
VEH-EXT-000027,P083,DL50AJ3222,2026-08-23T02:31:00,L023,REGISTERED_TO,0.955,CASE-2026-204
VEH-EXT-000028,P104,DL37ZL3820,2026-08-17T01:25:00,L043,USED,0.963,CASE-2026-201
VEH-EXT-000029,P112,DL89YG8738,2026-08-02T00:50:00,L047,SEEN_NEAR,0.808,CASE-2026-202
VEH-EXT-000030,P059,DL32ME5177,2026-08-18T07:35:00,L055,USED,0.987,CASE-2026-203
VEH-EXT-000031,P044,DL60HV9768,2026-08-31T08:36:00,L051,SEEN_NEAR,0.969,CASE-2026-204
VEH-EXT-000032,P014,DL88SX6044,2026-08-29T18:59:00,L048,SEEN_NEAR,0.876,CASE-2026-201
VEH-EXT-000033,P062,DL37ZL3820,2026-08-05T06:00:00,L012,SEEN_NEAR,0.907,CASE-2026-202
VEH-EXT-000034,P002,DL86XA3578,2026-08-08T22:31:00,L051,USED,0.895,CASE-2026-203
VEH-EXT-000035,P057,DL62IT2591,2026-08-30T16:59:00,L026,USED,0.902,CASE-2026-204
VEH-EXT-000036,P091,DL92OY5424,2026-08-27T12:51:00,L039,REGISTERED_TO,0.824,CASE-2026-201
VEH-EXT-000037,P054,DL81WK7335,2026-08-31T04:41:00,L014,SEEN_NEAR,0.885,CASE-2026-202
VEH-EXT-000038,P001,DL90BO260,2026-08-28T10:18:00,L030,REGISTERED_TO,0.868,CASE-2026-203
VEH-EXT-000039,P036,DL55HK5801,2026-08-14T13:18:00,L048,SEEN_NEAR,0.941,CASE-2026-204
VEH-EXT-000040,P108,DL39UR4920,2026-08-03T21:27:00,L019,REGISTERED_TO,0.936,CASE-2026-201
VEH-EXT-000041,P078,DL40KE1882,2026-08-19T22:56:00,L011,SEEN_NEAR,0.806,CASE-2026-202
VEH-EXT-000042,P116,DL96VS1319,2026-08-13T16:45:00,L010,USED,0.879,CASE-2026-203
VEH-EXT-000043,P060,DL09HU7907,2026-08-05T15:53:00,L013,USED,0.9,CASE-2026-204
VEH-EXT-000044,P074,DL57KK8244,2026-08-09T22:49:00,L028,REGISTERED_TO,0.831,CASE-2026-201
VEH-EXT-000045,P094,DL11LW2713,2026-08-25T04:39:00,L003,USED,0.945,CASE-2026-202
VEH-EXT-000046,P067,DL02DI9818,2026-08-21T17:43:00,L036,USED,0.895,CASE-2026-203
VEH-EXT-000047,P058,DL25EU426,2026-08-07T07:44:00,L049,USED,0.899,CASE-2026-204
VEH-EXT-000048,P011,DL02DI9818,2026-08-16T16:25:00,L048,REGISTERED_TO,0.932,CASE-2026-201
VEH-EXT-000049,P003,DL97KE9646,2026-08-03T15:03:00,L022,SEEN_NEAR,0.915,CASE-2026-202
VEH-EXT-000050,P052,DL78RJ114,2026-08-06T10:15:00,L055,USED,0.822,CASE-2026-203
VEH-EXT-000051,P108,DL75AQ7501,2026-08-22T16:42:00,L009,REGISTERED_TO,0.926,CASE-2026-204
VEH-EXT-000052,P006,DL96VS1319,2026-08-29T09:55:00,L042,SEEN_NEAR,0.935,CASE-2026-201
VEH-EXT-000053,P007,DL04JV9196,2026-08-24T18:18:00,L001,REGISTERED_TO,0.986,CASE-2026-202
VEH-EXT-000054,P096,DL54IH5621,2026-08-14T20:35:00,L035,REGISTERED_TO,0.876,CASE-2026-203
VEH-EXT-000055,P091,DL60UM9514,2026-08-13T01:56:00,L031,SEEN_NEAR,0.838,CASE-2026-204
VEH-EXT-000056,P084,DL90JQ8495,2026-08-12T05:50:00,L053,REGISTERED_TO,0.913,CASE-2026-201
VEH-EXT-000057,P116,DL86XA3578,2026-08-27T23:06:00,L027,SEEN_NEAR,0.927,CASE-2026-202
VEH-EXT-000058,P102,DL02HV3719,2026-08-24T18:52:00,L007,SEEN_NEAR,0.88,CASE-2026-203
VEH-EXT-000059,P061,DL34VM1567,2026-08-17T08:13:00,L051,REGISTERED_TO,0.869,CASE-2026-204
VEH-EXT-000060,P101,DL37ZL3820,2026-08-14T01:29:00,L012,REGISTERED_TO,0.819,CASE-2026-201
VEH-EXT-000061,P013,DL04JV9196,2026-08-29T11:19:00,L036,SEEN_NEAR,0.962,CASE-2026-202
VEH-EXT-000062,P080,DL04ES2001,2026-08-22T18:34:00,L010,USED,0.983,CASE-2026-203
VEH-EXT-000063,P060,DL43ON9088,2026-08-12T22:31:00,L025,REGISTERED_TO,0.876,CASE-2026-204
VEH-EXT-000064,P062,DL88SX6044,2026-08-26T06:50:00,L044,USED,0.939,CASE-2026-201
VEH-EXT-000065,P036,DL05LU5710,2026-08-04T22:58:00,L057,USED,0.855,CASE-2026-202
VEH-EXT-000066,P118,DL39GZ1214,2026-08-30T22:49:00,L029,REGISTERED_TO,0.853,CASE-2026-203
VEH-EXT-000067,P067,DL11RY5327,2026-08-20T03:07:00,L060,REGISTERED_TO,0.958,CASE-2026-204
VEH-EXT-000068,P087,DL52CI2878,2026-08-11T13:26:00,L044,REGISTERED_TO,0.92,CASE-2026-201
VEH-EXT-000069,P080,DL32ME5177,2026-08-05T15:01:00,L008,USED,0.867,CASE-2026-202
VEH-EXT-000070,P050,DL08LO7279,2026-08-04T01:31:00,L042,USED,0.833,CASE-2026-203
VEH-EXT-000071,P069,DL47RB786,2026-08-13T20:56:00,L003,SEEN_NEAR,0.836,CASE-2026-204
VEH-EXT-000072,P085,DL65MS3221,2026-08-16T16:41:00,L033,REGISTERED_TO,0.824,CASE-2026-201
VEH-EXT-000073,P036,DL04PO5412,2026-08-31T00:20:00,L015,REGISTERED_TO,0.867,CASE-2026-202
VEH-EXT-000074,P070,DL50AJ3222,2026-08-04T19:14:00,L001,REGISTERED_TO,0.969,CASE-2026-203
VEH-EXT-000075,P107,DL81KA7608,2026-08-28T04:03:00,L022,REGISTERED_TO,0.884,CASE-2026-204
VEH-EXT-000076,P010,DL11LW2713,2026-08-26T13:24:00,L028,SEEN_NEAR,0.966,CASE-2026-201
VEH-EXT-000077,P036,DL54IH5621,2026-08-25T12:12:00,L036,USED,0.933,CASE-2026-202
VEH-EXT-000078,P051,DL85RA6801,2026-08-13T06:02:00,L036,USED,0.864,CASE-2026-203
VEH-EXT-000079,P031,DL49SF8485,2026-08-10T07:32:00,L035,USED,0.925,CASE-2026-204
VEH-EXT-000080,P089,DL08OD4328,2026-08-05T18:41:00,L002,SEEN_NEAR,0.873,CASE-2026-201
VEH-EXT-000081,P029,DL87WU7148,2026-08-27T15:45:00,L058,USED,0.949,CASE-2026-202
VEH-EXT-000082,P078,DL90JQ8495,2026-08-21T00:42:00,L057,REGISTERED_TO,0.816,CASE-2026-203
VEH-EXT-000083,P102,DL44KV6735,2026-08-24T02:58:00,L009,USED,0.92,CASE-2026-204
VEH-EXT-000084,P020,DL30XV997,2026-08-15T12:00:00,L016,REGISTERED_TO,0.885,CASE-2026-201
VEH-EXT-000085,P012,DL41GX5949,2026-08-01T21:46:00,L013,USED,0.854,CASE-2026-202
VEH-EXT-000086,P040,DL39UR4920,2026-08-16T15:01:00,L027,SEEN_NEAR,0.98,CASE-2026-203
VEH-EXT-000087,P110,DL60HV9768,2026-08-09T22:50:00,L024,REGISTERED_TO,0.863,CASE-2026-204
VEH-EXT-000088,P112,DL64KI2394,2026-08-13T22:48:00,L001,REGISTERED_TO,0.904,CASE-2026-201
VEH-EXT-000089,P045,DL24MH626,2026-08-13T17:25:00,L053,SEEN_NEAR,0.802,CASE-2026-202
VEH-EXT-000090,P001,DL79FI6946,2026-08-15T22:25:00,L013,REGISTERED_TO,0.977,CASE-2026-203
VEH-EXT-000091,P036,DL05LU5710,2026-08-20T12:26:00,L026,SEEN_NEAR,0.92,CASE-2026-204
VEH-EXT-000092,P022,DL44KV6735,2026-08-17T18:17:00,L015,SEEN_NEAR,0.843,CASE-2026-201
VEH-EXT-000093,P057,DL60UM9514,2026-08-24T04:34:00,L041,REGISTERED_TO,0.907,CASE-2026-202
VEH-EXT-000094,P113,DL92OY5424,2026-08-22T20:45:00,L016,USED,0.946,CASE-2026-203
VEH-EXT-000095,P039,DL32ME5177,2026-08-23T09:38:00,L014,SEEN_NEAR,0.92,CASE-2026-204
VEH-EXT-000096,P043,DL60UM9514,2026-08-08T11:48:00,L056,REGISTERED_TO,0.964,CASE-2026-201
VEH-EXT-000097,P107,DL41GX5949,2026-08-04T09:45:00,L036,USED,0.845,CASE-2026-202
VEH-EXT-000098,P018,DL96VS1319,2026-08-02T18:46:00,L056,REGISTERED_TO,0.89,CASE-2026-203
VEH-EXT-000099,P101,DL60PX9735,2026-08-23T07:14:00,L047,SEEN_NEAR,0.94,CASE-2026-204
VEH-EXT-000100,P087,DL85LZ6022,2026-08-31T22:28:00,L026,USED,0.82,CASE-2026-201
VEH-EXT-000101,P062,DL09HU7907,2026-08-03T12:46:00,L047,SEEN_NEAR,0.931,CASE-2026-202
VEH-EXT-000102,P090,DL90JQ8495,2026-08-09T16:03:00,L031,USED,0.832,CASE-2026-203
VEH-EXT-000103,P096,DL24MH626,2026-08-29T08:51:00,L005,REGISTERED_TO,0.854,CASE-2026-204
VEH-EXT-000104,P062,DL65MS3221,2026-08-06T03:55:00,L057,REGISTERED_TO,0.92,CASE-2026-201
VEH-EXT-000105,P078,DL40GM3739,2026-08-20T00:08:00,L045,SEEN_NEAR,0.988,CASE-2026-202
VEH-EXT-000106,P098,DL87WU7148,2026-08-05T01:08:00,L004,REGISTERED_TO,0.977,CASE-2026-203
VEH-EXT-000107,P022,DL85RA6801,2026-08-17T14:18:00,L057,SEEN_NEAR,0.844,CASE-2026-204
VEH-EXT-000108,P094,DL32TC7932,2026-08-31T01:44:00,L018,USED,0.817,CASE-2026-201
VEH-EXT-000109,P092,DL40KE1882,2026-08-17T03:27:00,L060,REGISTERED_TO,0.918,CASE-2026-202
VEH-EXT-000110,P038,DL50AJ3222,2026-08-05T01:40:00,L057,REGISTERED_TO,0.967,CASE-2026-203
VEH-EXT-000111,P025,DL55MZ1375,2026-08-03T22:01:00,L053,REGISTERED_TO,0.966,CASE-2026-204
VEH-EXT-000112,P113,DL40KE1882,2026-08-18T16:50:00,L031,SEEN_NEAR,0.842,CASE-2026-201
VEH-EXT-000113,P067,DL55MZ1375,2026-08-29T08:41:00,L028,SEEN_NEAR,0.872,CASE-2026-202
VEH-EXT-000114,P044,DL02DI9818,2026-08-11T23:29:00,L031,USED,0.898,CASE-2026-203
VEH-EXT-000115,P107,DL19RP402,2026-08-19T15:29:00,L051,REGISTERED_TO,0.82,CASE-2026-204
VEH-EXT-000116,P041,DL29NQ1521,2026-08-17T21:35:00,L047,USED,0.967,CASE-2026-201
VEH-EXT-000117,P026,DL52CI2878,2026-08-12T13:32:00,L012,USED,0.987,CASE-2026-202
VEH-EXT-000118,P075,DL55HK5801,2026-08-21T00:18:00,L060,REGISTERED_TO,0.925,CASE-2026-203
VEH-EXT-000119,P070,DL39GZ1214,2026-08-05T15:56:00,L029,REGISTERED_TO,0.867,CASE-2026-204
VEH-EXT-000120,P110,DL64KI2394,2026-08-14T14:56:00,L030,REGISTERED_TO,0.941,CASE-2026-201
VEH-EXT-000121,P103,DL75AQ7501,2026-08-07T04:05:00,L059,USED,0.97,CASE-2026-202
VEH-EXT-000122,P015,DL55MZ1375,2026-08-19T03:30:00,L059,USED,0.815,CASE-2026-203
VEH-EXT-000123,P114,DL83IA4683,2026-08-31T22:48:00,L042,SEEN_NEAR,0.886,CASE-2026-204
VEH-EXT-000124,P116,DL55HK5801,2026-08-21T09:01:00,L041,REGISTERED_TO,0.834,CASE-2026-201
VEH-EXT-000125,P048,DL66UN3298,2026-08-01T07:29:00,L031,USED,0.925,CASE-2026-202
VEH-EXT-000126,P037,DL60HV9768,2026-08-31T15:15:00,L044,USED,0.896,CASE-2026-203
VEH-EXT-000127,P008,DL37ZL3820,2026-08-11T08:45:00,L018,SEEN_NEAR,0.837,CASE-2026-204
VEH-EXT-000128,P065,DL95WC1257,2026-08-15T09:20:00,L048,SEEN_NEAR,0.951,CASE-2026-201
VEH-EXT-000129,P077,DL37ZL3820,2026-08-08T03:11:00,L010,REGISTERED_TO,0.837,CASE-2026-202
VEH-EXT-000130,P104,DL16HB2805,2026-08-25T16:58:00,L008,REGISTERED_TO,0.981,CASE-2026-203
VEH-EXT-000131,P063,DL47TY509,2026-08-01T22:40:00,L015,SEEN_NEAR,0.86,CASE-2026-204
VEH-EXT-000132,P056,DL07HB2247,2026-08-08T15:57:00,L033,USED,0.829,CASE-2026-201
VEH-EXT-000133,P059,DL25EU426,2026-08-04T17:13:00,L009,USED,0.942,CASE-2026-202
VEH-EXT-000134,P035,DL91QF4618,2026-08-18T15:29:00,L031,REGISTERED_TO,0.864,CASE-2026-203
VEH-EXT-000135,P012,DL25EU426,2026-08-16T03:45:00,L014,USED,0.891,CASE-2026-204
VEH-EXT-000136,P027,DL19RP402,2026-08-31T19:42:00,L017,SEEN_NEAR,0.985,CASE-2026-201
VEH-EXT-000137,P073,DL44KV6735,2026-08-03T21:56:00,L059,SEEN_NEAR,0.812,CASE-2026-202
VEH-EXT-000138,P080,DL40KE1882,2026-08-16T06:15:00,L036,REGISTERED_TO,0.886,CASE-2026-203
VEH-EXT-000139,P116,DL75AQ7501,2026-08-02T05:00:00,L045,USED,0.815,CASE-2026-204
VEH-EXT-000140,P028,DL95WC1257,2026-08-21T10:48:00,L035,REGISTERED_TO,0.822,CASE-2026-201
VEH-EXT-000141,P108,DL79FI6946,2026-08-01T08:12:00,L016,REGISTERED_TO,0.807,CASE-2026-202
VEH-EXT-000142,P080,DL50AJ3222,2026-08-15T03:11:00,L059,USED,0.937,CASE-2026-203
VEH-EXT-000143,P006,DL16HB2805,2026-08-29T15:07:00,L025,USED,0.884,CASE-2026-204
VEH-EXT-000144,P025,DL08LO7279,2026-08-27T05:41:00,L008,USED,0.982,CASE-2026-201
VEH-EXT-000145,P079,DL87UB2945,2026-08-09T10:37:00,L006,USED,0.91,CASE-2026-202
VEH-EXT-000146,P076,DL66UN3298,2026-08-19T18:03:00,L015,SEEN_NEAR,0.906,CASE-2026-203
VEH-EXT-000147,P107,DL24MH626,2026-08-30T15:21:00,L024,SEEN_NEAR,0.835,CASE-2026-204
VEH-EXT-000148,P081,DL05LU5710,2026-08-04T15:58:00,L058,SEEN_NEAR,0.893,CASE-2026-201
VEH-EXT-000149,P045,DL52CI2878,2026-08-06T14:44:00,L032,SEEN_NEAR,0.808,CASE-2026-202
VEH-EXT-000150,P051,DL75AQ7501,2026-08-06T12:32:00,L038,SEEN_NEAR,0.916,CASE-2026-203
VEH-EXT-000151,P027,DL34VM1567,2026-08-30T07:17:00,L018,REGISTERED_TO,0.976,CASE-2026-204
VEH-EXT-000152,P037,DL09HU7907,2026-08-13T04:51:00,L030,SEEN_NEAR,0.933,CASE-2026-201
VEH-EXT-000153,P017,DL09NH8413,2026-08-19T12:18:00,L056,SEEN_NEAR,0.804,CASE-2026-202
VEH-EXT-000154,P007,DL35GZ4233,2026-08-22T12:26:00,L038,SEEN_NEAR,0.922,CASE-2026-203
VEH-EXT-000155,P070,DL88SX6044,2026-08-14T22:37:00,L004,USED,0.985,CASE-2026-204
VEH-EXT-000156,P054,DL49SF8485,2026-08-31T22:53:00,L050,REGISTERED_TO,0.906,CASE-2026-201
VEH-EXT-000157,P013,DL41GX5949,2026-08-20T15:08:00,L054,REGISTERED_TO,0.823,CASE-2026-202
VEH-EXT-000158,P072,DL87UB2945,2026-08-11T06:48:00,L049,REGISTERED_TO,0.912,CASE-2026-203
VEH-EXT-000159,P119,DL34VM1567,2026-08-26T04:33:00,L057,SEEN_NEAR,0.885,CASE-2026-204
VEH-EXT-000160,P064,DL60UM9514,2026-08-22T09:23:00,L049,USED,0.972,CASE-2026-201
VEH-EXT-000161,P003,DL30XV997,2026-08-19T14:45:00,L048,USED,0.898,CASE-2026-202
VEH-EXT-000162,P115,DL35GZ4233,2026-08-03T04:17:00,L035,SEEN_NEAR,0.943,CASE-2026-203
VEH-EXT-000163,P005,DL04ES2001,2026-08-19T19:46:00,L054,USED,0.949,CASE-2026-204
VEH-EXT-000164,P021,DL45KA6894,2026-08-22T18:11:00,L010,SEEN_NEAR,0.949,CASE-2026-201
VEH-EXT-000165,P042,DL85RA6801,2026-08-07T09:42:00,L022,USED,0.943,CASE-2026-202
VEH-EXT-000166,P045,DL25EU426,2026-08-08T03:50:00,L050,REGISTERED_TO,0.865,CASE-2026-203
VEH-EXT-000167,P038,DL54IH5621,2026-08-14T12:39:00,L032,USED,0.829,CASE-2026-204
VEH-EXT-000168,P017,DL60HV9768,2026-08-06T08:40:00,L017,REGISTERED_TO,0.96,CASE-2026-201
VEH-EXT-000169,P094,DL88TU6321,2026-08-03T10:13:00,L050,SEEN_NEAR,0.811,CASE-2026-202
VEH-EXT-000170,P089,DL47TY509,2026-08-05T06:03:00,L008,REGISTERED_TO,0.861,CASE-2026-203
VEH-EXT-000171,P018,DL60HV9768,2026-08-29T04:59:00,L060,USED,0.801,CASE-2026-204
VEH-EXT-000172,P086,DL86XA3578,2026-08-28T00:39:00,L003,USED,0.897,CASE-2026-201
VEH-EXT-000173,P020,DL37ZL3820,2026-08-21T08:34:00,L025,REGISTERED_TO,0.916,CASE-2026-202
VEH-EXT-000174,P075,DL02HV3719,2026-08-24T17:21:00,L005,SEEN_NEAR,0.84,CASE-2026-203
VEH-EXT-000175,P099,DL62IT2591,2026-08-15T21:03:00,L019,REGISTERED_TO,0.85,CASE-2026-204
VEH-EXT-000176,P094,DL16HB2805,2026-08-29T03:43:00,L020,SEEN_NEAR,0.922,CASE-2026-201
VEH-EXT-000177,P100,DL81KA7608,2026-08-11T22:27:00,L012,REGISTERED_TO,0.947,CASE-2026-202
VEH-EXT-000178,P045,DL83IA4683,2026-08-29T05:40:00,L060,REGISTERED_TO,0.803,CASE-2026-203
VEH-EXT-000179,P102,DL37ZL3820,2026-08-25T03:22:00,L023,USED,0.957,CASE-2026-204
VEH-EXT-000180,P055,DL32ME5177,2026-08-04T03:56:00,L006,REGISTERED_TO,0.9,CASE-2026-201
VEH-EXT-000181,P034,DL78RJ114,2026-08-14T11:01:00,L005,REGISTERED_TO,0.847,CASE-2026-202
VEH-EXT-000182,P054,DL65MS3221,2026-08-11T09:43:00,L034,REGISTERED_TO,0.808,CASE-2026-203
VEH-EXT-000183,P001,DL81WK7335,2026-08-25T20:42:00,L049,USED,0.986,CASE-2026-204
VEH-EXT-000184,P081,DL39UR4920,2026-08-09T17:26:00,L014,SEEN_NEAR,0.941,CASE-2026-201
VEH-EXT-000185,P011,DL16HB2805,2026-08-23T19:05:00,L003,SEEN_NEAR,0.903,CASE-2026-202
VEH-EXT-000186,P103,DL60PX9735,2026-08-12T09:34:00,L001,USED,0.909,CASE-2026-203
VEH-EXT-000187,P051,DL16HB2805,2026-08-24T13:04:00,L005,USED,0.933,CASE-2026-204
VEH-EXT-000188,P029,DL29HQ8356,2026-08-27T05:30:00,L054,SEEN_NEAR,0.912,CASE-2026-201
VEH-EXT-000189,P072,DL90BO260,2026-08-09T18:51:00,L046,USED,0.971,CASE-2026-202
VEH-EXT-000190,P028,DL52CI2878,2026-08-25T16:40:00,L023,REGISTERED_TO,0.982,CASE-2026-203
VEH-EXT-000191,P032,DL65MS3221,2026-08-06T02:29:00,L005,USED,0.881,CASE-2026-204
VEH-EXT-000192,P045,DL24MH626,2026-08-11T14:24:00,L022,REGISTERED_TO,0.93,CASE-2026-201
VEH-EXT-000193,P051,DL81WK7335,2026-08-10T07:50:00,L009,REGISTERED_TO,0.918,CASE-2026-202
VEH-EXT-000194,P030,DL34VM1567,2026-08-04T00:34:00,L058,USED,0.94,CASE-2026-203
VEH-EXT-000195,P038,DL44KV6735,2026-08-31T01:57:00,L043,SEEN_NEAR,0.924,CASE-2026-204
VEH-EXT-000196,P095,DL40KE1882,2026-08-17T21:41:00,L012,SEEN_NEAR,0.92,CASE-2026-201
VEH-EXT-000197,P085,DL95WC1257,2026-08-18T02:12:00,L009,SEEN_NEAR,0.892,CASE-2026-202
VEH-EXT-000198,P063,DL50AJ3222,2026-08-09T16:50:00,L030,SEEN_NEAR,0.925,CASE-2026-203
VEH-EXT-000199,P037,DL28QO9746,2026-08-21T22:05:00,L006,SEEN_NEAR,0.948,CASE-2026-204
VEH-EXT-000200,P099,DL85RA6801,2026-08-16T00:04:00,L008,USED,0.931,CASE-2026-201
VEH-EXT-000201,P110,DL30XV997,2026-08-16T13:24:00,L028,REGISTERED_TO,0.818,CASE-2026-202
VEH-EXT-000202,P064,DL55MZ1375,2026-08-10T01:22:00,L051,USED,0.949,CASE-2026-203
VEH-EXT-000203,P093,DL83IA4683,2026-08-01T19:45:00,L007,REGISTERED_TO,0.801,CASE-2026-204
VEH-EXT-000204,P099,DL29NQ1521,2026-08-04T19:08:00,L057,REGISTERED_TO,0.912,CASE-2026-201
VEH-EXT-000205,P115,DL32TC7932,2026-08-30T00:50:00,L010,SEEN_NEAR,0.933,CASE-2026-202
VEH-EXT-000206,P116,DL78RJ114,2026-08-21T15:57:00,L020,USED,0.977,CASE-2026-203
VEH-EXT-000207,P115,DL47RB786,2026-08-18T05:41:00,L057,USED,0.876,CASE-2026-204
VEH-EXT-000208,P025,DL32TC7932,2026-08-09T13:53:00,L012,REGISTERED_TO,0.914,CASE-2026-201
VEH-EXT-000209,P119,DL27TR2259,2026-08-28T05:00:00,L038,REGISTERED_TO,0.872,CASE-2026-202
VEH-EXT-000210,P004,DL81KA7608,2026-08-30T22:56:00,L023,SEEN_NEAR,0.943,CASE-2026-203
VEH-EXT-000211,P044,DL55MZ1375,2026-08-24T05:16:00,L010,REGISTERED_TO,0.894,CASE-2026-204
VEH-EXT-000212,P068,DL90BO260,2026-08-03T14:57:00,L032,USED,0.988,CASE-2026-201
VEH-EXT-000213,P005,DL45KA6894,2026-08-01T15:26:00,L040,REGISTERED_TO,0.831,CASE-2026-202
VEH-EXT-000214,P017,DL85LZ6022,2026-08-31T20:22:00,L040,USED,0.804,CASE-2026-203
VEH-EXT-000215,P021,DL88SX6044,2026-08-21T09:05:00,L029,USED,0.82,CASE-2026-204
VEH-EXT-000216,P080,DL39GZ1214,2026-08-21T16:21:00,L042,REGISTERED_TO,0.934,CASE-2026-201
VEH-EXT-000217,P063,DL11LW2713,2026-08-29T15:03:00,L013,USED,0.834,CASE-2026-202
VEH-EXT-000218,P043,DL62IT2591,2026-08-22T06:54:00,L023,REGISTERED_TO,0.832,CASE-2026-203
VEH-EXT-000219,P109,DL40GM3739,2026-08-10T09:36:00,L021,USED,0.874,CASE-2026-204
VEH-EXT-000220,P027,DL47TY509,2026-08-14T19:06:00,L052,REGISTERED_TO,0.957,CASE-2026-201
VEH-EXT-000221,P039,DL88SX6044,2026-08-05T11:14:00,L045,USED,0.948,CASE-2026-202
VEH-EXT-000222,P064,DL11LW2713,2026-08-11T03:18:00,L054,SEEN_NEAR,0.918,CASE-2026-203
VEH-EXT-000223,P096,DL39KO3630,2026-08-30T05:37:00,L028,SEEN_NEAR,0.929,CASE-2026-204
VEH-EXT-000224,P118,DL24MH626,2026-08-27T07:17:00,L036,SEEN_NEAR,0.97,CASE-2026-201
VEH-EXT-000225,P072,DL64KI2394,2026-08-21T15:18:00,L020,SEEN_NEAR,0.937,CASE-2026-202
VEH-EXT-000226,P066,DL54IS4434,2026-08-17T18:11:00,L042,SEEN_NEAR,0.875,CASE-2026-203
VEH-EXT-000227,P072,DL32TC7932,2026-08-09T19:57:00,L034,REGISTERED_TO,0.887,CASE-2026-204
VEH-EXT-000228,P112,DL50AJ3222,2026-08-09T14:05:00,L003,USED,0.952,CASE-2026-201
VEH-EXT-000229,P002,DL95WC1257,2026-08-22T09:53:00,L028,SEEN_NEAR,0.857,CASE-2026-202
VEH-EXT-000230,P068,DL85LZ6022,2026-08-28T03:10:00,L013,SEEN_NEAR,0.969,CASE-2026-203
VEH-EXT-000231,P074,DL02DI9818,2026-08-18T21:49:00,L041,SEEN_NEAR,0.819,CASE-2026-204
VEH-EXT-000232,P007,DL95WC1257,2026-08-05T13:35:00,L028,USED,0.804,CASE-2026-201
VEH-EXT-000233,P054,DL76KI5135,2026-08-30T11:42:00,L042,USED,0.819,CASE-2026-202
VEH-EXT-000234,P009,DL63HW1705,2026-08-26T10:49:00,L029,REGISTERED_TO,0.85,CASE-2026-203
VEH-EXT-000235,P103,DL47RB786,2026-08-16T19:32:00,L035,USED,0.967,CASE-2026-204
VEH-EXT-000236,P036,DL47RB786,2026-08-05T01:21:00,L005,REGISTERED_TO,0.913,CASE-2026-201
VEH-EXT-000237,P071,DL34VM1567,2026-08-30T20:09:00,L042,REGISTERED_TO,0.822,CASE-2026-202
VEH-EXT-000238,P017,DL89YG8738,2026-08-22T23:45:00,L006,REGISTERED_TO,0.852,CASE-2026-203
VEH-EXT-000239,P032,DL65MS3221,2026-08-07T13:06:00,L015,USED,0.801,CASE-2026-204
VEH-EXT-000240,P074,DL85LZ6022,2026-08-22T02:14:00,L059,USED,0.909,CASE-2026-201
VEH-EXT-000241,P105,DL97KE9646,2026-08-22T22:05:00,L038,USED,0.901,CASE-2026-202
VEH-EXT-000242,P080,DL81KA7608,2026-08-07T08:32:00,L020,USED,0.982,CASE-2026-203
VEH-EXT-000243,P088,DL88SX6044,2026-08-30T14:51:00,L014,USED,0.859,CASE-2026-204
VEH-EXT-000244,P056,DL78RJ114,2026-08-01T21:29:00,L023,SEEN_NEAR,0.964,CASE-2026-201
VEH-EXT-000245,P055,DL88SX6044,2026-08-17T10:19:00,L029,REGISTERED_TO,0.98,CASE-2026-202
VEH-EXT-000246,P113,DL47RB786,2026-08-30T17:24:00,L036,REGISTERED_TO,0.988,CASE-2026-203
VEH-EXT-000247,P013,DL86XA3578,2026-08-21T13:40:00,L057,REGISTERED_TO,0.808,CASE-2026-204
VEH-EXT-000248,P076,DL83IA4683,2026-08-31T22:59:00,L041,REGISTERED_TO,0.842,CASE-2026-201
VEH-EXT-000249,P075,DL21CR2848,2026-08-27T13:51:00,L008,REGISTERED_TO,0.904,CASE-2026-202
VEH-EXT-000250,P005,DL90JQ8495,2026-08-20T05:32:00,L005,REGISTERED_TO,0.83,CASE-2026-203
VEH-EXT-000251,P040,DL82IT8140,2026-08-18T04:53:00,L057,USED,0.852,CASE-2026-204
VEH-EXT-000252,P073,DL32TC7932,2026-08-21T16:01:00,L007,USED,0.976,CASE-2026-201
VEH-EXT-000253,P054,DL40GM3739,2026-08-12T06:12:00,L011,REGISTERED_TO,0.914,CASE-2026-202
VEH-EXT-000254,P113,DL30XV997,2026-08-26T22:19:00,L044,REGISTERED_TO,0.898,CASE-2026-203
VEH-EXT-000255,P038,DL90BO260,2026-08-13T08:15:00,L025,REGISTERED_TO,0.866,CASE-2026-204
VEH-EXT-000256,P029,DL55HK5801,2026-08-25T11:24:00,L038,REGISTERED_TO,0.835,CASE-2026-201
VEH-EXT-000257,P038,DL54IH5621,2026-08-28T07:15:00,L017,SEEN_NEAR,0.811,CASE-2026-202
VEH-EXT-000258,P095,DL32TC7932,2026-08-24T15:23:00,L042,REGISTERED_TO,0.962,CASE-2026-203
VEH-EXT-000259,P007,DL19RP402,2026-08-18T00:14:00,L013,SEEN_NEAR,0.813,CASE-2026-204
VEH-EXT-000260,P096,DL52CI2878,2026-08-01T14:42:00,L019,USED,0.918,CASE-2026-201
VEH-EXT-000261,P060,DL95WC1257,2026-08-12T02:17:00,L043,SEEN_NEAR,0.863,CASE-2026-202
VEH-EXT-000262,P008,DL79FI6946,2026-08-25T20:25:00,L028,SEEN_NEAR,0.937,CASE-2026-203
VEH-EXT-000263,P119,DL30XV997,2026-08-29T18:33:00,L044,SEEN_NEAR,0.933,CASE-2026-204
VEH-EXT-000264,P031,DL82IT8140,2026-08-01T02:27:00,L053,REGISTERED_TO,0.806,CASE-2026-201
VEH-EXT-000265,P031,DL16HB2805,2026-08-04T20:58:00,L023,REGISTERED_TO,0.832,CASE-2026-202
VEH-EXT-000266,P054,DL09NH8413,2026-08-10T04:54:00,L046,REGISTERED_TO,0.855,CASE-2026-203
VEH-EXT-000267,P035,DL55MZ1375,2026-08-15T01:12:00,L058,SEEN_NEAR,0.981,CASE-2026-204
VEH-EXT-000268,P048,DL85RA6801,2026-08-26T19:48:00,L047,USED,0.823,CASE-2026-201
VEH-EXT-000269,P056,DL52CI2878,2026-08-02T01:38:00,L055,SEEN_NEAR,0.981,CASE-2026-202
VEH-EXT-000270,P089,DL85LZ6022,2026-08-20T21:43:00,L044,SEEN_NEAR,0.933,CASE-2026-203
VEH-EXT-000271,P018,DL62IT2591,2026-08-24T02:20:00,L030,REGISTERED_TO,0.972,CASE-2026-204
VEH-EXT-000272,P010,DL85LZ6022,2026-08-24T17:26:00,L011,USED,0.954,CASE-2026-201
VEH-EXT-000273,P005,DL02DI9818,2026-08-23T15:12:00,L036,REGISTERED_TO,0.976,CASE-2026-202
VEH-EXT-000274,P105,DL21CR2848,2026-08-22T10:58:00,L045,SEEN_NEAR,0.889,CASE-2026-203
VEH-EXT-000275,P030,DL60PX9735,2026-08-19T20:28:00,L014,REGISTERED_TO,0.842,CASE-2026-204
VEH-EXT-000276,P021,DL75AQ7501,2026-08-23T07:33:00,L040,SEEN_NEAR,0.81,CASE-2026-201
VEH-EXT-000277,P013,DL55MZ1375,2026-08-27T20:31:00,L003,SEEN_NEAR,0.826,CASE-2026-202
VEH-EXT-000278,P059,DL60HV9768,2026-08-27T23:28:00,L026,SEEN_NEAR,0.888,CASE-2026-203
VEH-EXT-000279,P021,DL64KI2394,2026-08-01T00:41:00,L017,SEEN_NEAR,0.971,CASE-2026-204
VEH-EXT-000280,P062,DL50AJ3222,2026-08-05T08:37:00,L020,USED,0.929,CASE-2026-201
VEH-EXT-000281,P107,DL50AJ3222,2026-08-14T01:59:00,L041,REGISTERED_TO,0.863,CASE-2026-202
VEH-EXT-000282,P082,DL21CR2848,2026-08-02T18:03:00,L045,REGISTERED_TO,0.949,CASE-2026-203
VEH-EXT-000283,P118,DL04JV9196,2026-08-10T07:22:00,L041,SEEN_NEAR,0.856,CASE-2026-204
VEH-EXT-000284,P038,DL85LZ6022,2026-08-11T18:47:00,L046,USED,0.812,CASE-2026-201
VEH-EXT-000285,P110,DL02DI9818,2026-08-07T15:45:00,L021,REGISTERED_TO,0.907,CASE-2026-202
VEH-EXT-000286,P066,DL97KE9646,2026-08-20T04:40:00,L042,SEEN_NEAR,0.925,CASE-2026-203
VEH-EXT-000287,P091,DL60PX9735,2026-08-23T13:35:00,L033,REGISTERED_TO,0.867,CASE-2026-204
VEH-EXT-000288,P117,DL55MZ1375,2026-08-26T09:54:00,L047,REGISTERED_TO,0.89,CASE-2026-201
VEH-EXT-000289,P022,DL07HB2247,2026-08-04T06:38:00,L013,REGISTERED_TO,0.945,CASE-2026-202
VEH-EXT-000290,P007,DL60PX9735,2026-08-14T22:31:00,L042,SEEN_NEAR,0.854,CASE-2026-203
VEH-EXT-000291,P009,DL29HQ8356,2026-08-07T18:36:00,L026,SEEN_NEAR,0.861,CASE-2026-204
VEH-EXT-000292,P042,DL81KA7608,2026-08-01T11:44:00,L015,USED,0.943,CASE-2026-201
VEH-EXT-000293,P016,DL50AJ3222,2026-08-30T01:07:00,L023,USED,0.819,CASE-2026-202
VEH-EXT-000294,P017,DL43ON9088,2026-08-08T09:58:00,L053,REGISTERED_TO,0.92,CASE-2026-203
VEH-EXT-000295,P102,DL19RP402,2026-08-24T05:48:00,L016,SEEN_NEAR,0.986,CASE-2026-204
VEH-EXT-000296,P048,DL04PO5412,2026-08-29T00:32:00,L054,REGISTERED_TO,0.85,CASE-2026-201
VEH-EXT-000297,P063,DL39UR4920,2026-08-04T17:34:00,L036,SEEN_NEAR,0.975,CASE-2026-202
VEH-EXT-000298,P006,DL79FI6946,2026-08-14T18:27:00,L003,USED,0.829,CASE-2026-203
VEH-EXT-000299,P094,DL50AJ3222,2026-08-31T13:39:00,L012,REGISTERED_TO,0.86,CASE-2026-204
VEH-EXT-000300,P007,DL40GM3739,2026-08-22T00:52:00,L053,SEEN_NEAR,0.897,CASE-2026-201
VEH-EXT-000301,P074,DL47TY509,2026-08-07T09:51:00,L005,SEEN_NEAR,0.847,CASE-2026-202
VEH-EXT-000302,P084,DL54IH5621,2026-08-02T00:46:00,L026,REGISTERED_TO,0.938,CASE-2026-203
VEH-EXT-000303,P086,DL04ES2001,2026-08-11T06:26:00,L008,SEEN_NEAR,0.981,CASE-2026-204
VEH-EXT-000304,P079,DL60UM9514,2026-08-14T14:06:00,L055,REGISTERED_TO,0.804,CASE-2026-201
VEH-EXT-000305,P006,DL23OP9685,2026-08-21T13:02:00,L002,SEEN_NEAR,0.868,CASE-2026-202
VEH-EXT-000306,P091,DL88SX6044,2026-08-04T16:45:00,L035,USED,0.928,CASE-2026-203
VEH-EXT-000307,P118,DL63HW1705,2026-08-23T14:57:00,L014,USED,0.967,CASE-2026-204
VEH-EXT-000308,P079,DL82LI7730,2026-08-24T13:38:00,L021,SEEN_NEAR,0.901,CASE-2026-201
VEH-EXT-000309,P089,DL34VM1567,2026-08-10T03:15:00,L020,REGISTERED_TO,0.923,CASE-2026-202
VEH-EXT-000310,P021,DL11LW2713,2026-08-18T03:18:00,L027,SEEN_NEAR,0.944,CASE-2026-203
VEH-EXT-000311,P020,DL39UR4920,2026-08-19T18:23:00,L012,USED,0.932,CASE-2026-204
VEH-EXT-000312,P005,DL66UN3298,2026-08-02T18:40:00,L022,REGISTERED_TO,0.864,CASE-2026-201
VEH-EXT-000313,P008,DL95WC1257,2026-08-15T09:32:00,L054,REGISTERED_TO,0.866,CASE-2026-202
VEH-EXT-000314,P107,DL97KE9646,2026-08-25T19:07:00,L057,USED,0.84,CASE-2026-203
VEH-EXT-000315,P104,DL57KK8244,2026-08-23T15:40:00,L057,USED,0.909,CASE-2026-204
VEH-EXT-000316,P026,DL76KI5135,2026-08-08T16:31:00,L020,REGISTERED_TO,0.909,CASE-2026-201
VEH-EXT-000317,P077,DL75AQ7501,2026-08-31T07:22:00,L041,REGISTERED_TO,0.929,CASE-2026-202
VEH-EXT-000318,P014,DL07HB2247,2026-08-21T11:57:00,L040,USED,0.953,CASE-2026-203
VEH-EXT-000319,P018,DL97KE9646,2026-08-29T09:30:00,L002,SEEN_NEAR,0.929,CASE-2026-204
VEH-EXT-000320,P099,DL81WK7335,2026-08-09T15:11:00,L051,USED,0.858,CASE-2026-201
VEH-EXT-000321,P039,DL90JQ8495,2026-08-29T22:49:00,L025,SEEN_NEAR,0.876,CASE-2026-202
VEH-EXT-000322,P025,DL49SF8485,2026-08-12T03:50:00,L041,SEEN_NEAR,0.861,CASE-2026-203
VEH-EXT-000323,P095,DL32ME5177,2026-08-08T05:49:00,L013,SEEN_NEAR,0.983,CASE-2026-204
VEH-EXT-000324,P048,DL09NH8413,2026-08-11T07:37:00,L049,REGISTERED_TO,0.922,CASE-2026-201
VEH-EXT-000325,P097,DL04ES2001,2026-08-17T19:17:00,L004,SEEN_NEAR,0.964,CASE-2026-202
VEH-EXT-000326,P059,DL24MH626,2026-08-06T14:41:00,L047,SEEN_NEAR,0.913,CASE-2026-203
VEH-EXT-000327,P089,DL90BO260,2026-08-27T02:24:00,L045,REGISTERED_TO,0.846,CASE-2026-204
VEH-EXT-000328,P002,DL02DI9818,2026-08-22T22:22:00,L060,USED,0.874,CASE-2026-201
VEH-EXT-000329,P027,DL02HV3719,2026-08-06T12:02:00,L024,REGISTERED_TO,0.884,CASE-2026-202
VEH-EXT-000330,P109,DL04JV9196,2026-08-27T09:58:00,L046,SEEN_NEAR,0.905,CASE-2026-203
VEH-EXT-000331,P106,DL04JV9196,2026-08-26T16:50:00,L011,USED,0.931,CASE-2026-204
VEH-EXT-000332,P012,DL82IT8140,2026-08-21T14:15:00,L024,USED,0.891,CASE-2026-201
VEH-EXT-000333,P109,DL88SX6044,2026-08-25T08:49:00,L049,SEEN_NEAR,0.829,CASE-2026-202
VEH-EXT-000334,P111,DL52CI2878,2026-08-06T19:14:00,L056,SEEN_NEAR,0.876,CASE-2026-203
VEH-EXT-000335,P038,DL21CR2848,2026-08-25T18:53:00,L027,SEEN_NEAR,0.823,CASE-2026-204
VEH-EXT-000336,P044,DL35GZ4233,2026-08-30T12:07:00,L022,USED,0.942,CASE-2026-201
VEH-EXT-000337,P108,DL34VM1567,2026-08-31T05:36:00,L015,REGISTERED_TO,0.968,CASE-2026-202
VEH-EXT-000338,P090,DL09NH8413,2026-08-07T16:07:00,L038,USED,0.903,CASE-2026-203
VEH-EXT-000339,P071,DL47RB786,2026-08-02T06:44:00,L027,SEEN_NEAR,0.832,CASE-2026-204
VEH-EXT-000340,P060,DL57KK8244,2026-08-17T02:53:00,L007,REGISTERED_TO,0.827,CASE-2026-201
VEH-EXT-000341,P052,DL30XV997,2026-08-23T17:22:00,L051,REGISTERED_TO,0.913,CASE-2026-202
VEH-EXT-000342,P103,DL34VM1567,2026-08-18T21:38:00,L005,REGISTERED_TO,0.881,CASE-2026-203
VEH-EXT-000343,P108,DL88SX6044,2026-08-18T22:16:00,L059,REGISTERED_TO,0.927,CASE-2026-204
VEH-EXT-000344,P108,DL47RB786,2026-08-27T19:19:00,L002,USED,0.835,CASE-2026-201
VEH-EXT-000345,P048,DL11RY5327,2026-08-16T06:12:00,L030,SEEN_NEAR,0.94,CASE-2026-202
VEH-EXT-000346,P025,DL41GX5949,2026-08-12T07:28:00,L004,REGISTERED_TO,0.84,CASE-2026-203
VEH-EXT-000347,P093,DL25EU426,2026-08-25T16:11:00,L048,REGISTERED_TO,0.965,CASE-2026-204
VEH-EXT-000348,P087,DL39KO3630,2026-08-07T21:52:00,L024,USED,0.975,CASE-2026-201
VEH-EXT-000349,P120,DL97KE9646,2026-08-22T14:13:00,L052,REGISTERED_TO,0.914,CASE-2026-202
VEH-EXT-000350,P107,DL49SF8485,2026-08-21T15:40:00,L027,REGISTERED_TO,0.834,CASE-2026-203
VEH-EXT-000351,P044,DL32TC7932,2026-08-26T00:56:00,L055,USED,0.83,CASE-2026-204
VEH-EXT-000352,P045,DL09HU7907,2026-08-01T15:16:00,L020,USED,0.83,CASE-2026-201
VEH-EXT-000353,P026,DL90BO260,2026-08-14T16:56:00,L024,USED,0.882,CASE-2026-202
VEH-EXT-000354,P018,DL39KO3630,2026-08-02T10:08:00,L041,SEEN_NEAR,0.974,CASE-2026-203
VEH-EXT-000355,P048,DL27TR2259,2026-08-15T05:18:00,L007,REGISTERED_TO,0.961,CASE-2026-204
VEH-EXT-000356,P068,DL91QF4618,2026-08-31T05:51:00,L032,REGISTERED_TO,0.976,CASE-2026-201
VEH-EXT-000357,P039,DL86XA3578,2026-08-30T12:57:00,L029,SEEN_NEAR,0.834,CASE-2026-202
VEH-EXT-000358,P009,DL21CR2848,2026-08-13T12:33:00,L022,SEEN_NEAR,0.964,CASE-2026-203
VEH-EXT-000359,P098,DL55HK5801,2026-08-19T20:02:00,L032,USED,0.809,CASE-2026-204
VEH-EXT-000360,P003,DL57KK8244,2026-08-04T19:32:00,L019,SEEN_NEAR,0.85,CASE-2026-201
VEH-EXT-000361,P015,DL88TU6321,2026-08-01T04:45:00,L051,USED,0.886,CASE-2026-202
VEH-EXT-000362,P040,DL04ES2001,2026-08-19T05:21:00,L048,SEEN_NEAR,0.924,CASE-2026-203
VEH-EXT-000363,P005,DL97KE9646,2026-08-14T09:13:00,L006,SEEN_NEAR,0.813,CASE-2026-204
VEH-EXT-000364,P028,DL35GZ4233,2026-08-10T23:43:00,L027,SEEN_NEAR,0.899,CASE-2026-201
VEH-EXT-000365,P004,DL92OY5424,2026-08-24T17:45:00,L017,USED,0.93,CASE-2026-202
VEH-EXT-000366,P033,DL28QO9746,2026-08-26T01:24:00,L007,SEEN_NEAR,0.878,CASE-2026-203
VEH-EXT-000367,P111,DL82LI7730,2026-08-01T02:08:00,L041,REGISTERED_TO,0.889,CASE-2026-204
VEH-EXT-000368,P060,DL49SF8485,2026-08-11T08:31:00,L051,SEEN_NEAR,0.915,CASE-2026-201
VEH-EXT-000369,P015,DL81WK7335,2026-08-31T12:10:00,L046,REGISTERED_TO,0.819,CASE-2026-202
VEH-EXT-000370,P011,DL78RJ114,2026-08-15T00:58:00,L002,REGISTERED_TO,0.903,CASE-2026-203
VEH-EXT-000371,P002,DL24MH626,2026-08-13T13:37:00,L035,SEEN_NEAR,0.833,CASE-2026-204
VEH-EXT-000372,P101,DL83IA4683,2026-08-26T04:54:00,L027,USED,0.814,CASE-2026-201
VEH-EXT-000373,P013,DL65MS3221,2026-08-28T09:49:00,L017,REGISTERED_TO,0.831,CASE-2026-202
VEH-EXT-000374,P095,DL35GZ4233,2026-08-29T02:26:00,L006,SEEN_NEAR,0.931,CASE-2026-203
VEH-EXT-000375,P029,DL55MZ1375,2026-08-15T19:42:00,L017,USED,0.968,CASE-2026-204
VEH-EXT-000376,P041,DL32TC7932,2026-08-24T17:17:00,L017,REGISTERED_TO,0.828,CASE-2026-201
VEH-EXT-000377,P109,DL52CI2878,2026-08-31T15:27:00,L052,USED,0.892,CASE-2026-202
VEH-EXT-000378,P031,DL24MH626,2026-08-31T06:48:00,L043,SEEN_NEAR,0.956,CASE-2026-203
VEH-EXT-000379,P023,DL16HB2805,2026-08-29T18:12:00,L002,SEEN_NEAR,0.937,CASE-2026-204
VEH-EXT-000380,P022,DL82LI7730,2026-08-21T03:08:00,L015,REGISTERED_TO,0.906,CASE-2026-201
VEH-EXT-000381,P051,DL62IT2591,2026-08-04T20:46:00,L035,REGISTERED_TO,0.823,CASE-2026-202
VEH-EXT-000382,P042,DL65MS3221,2026-08-19T10:26:00,L029,USED,0.831,CASE-2026-203
VEH-EXT-000383,P008,DL85LZ6022,2026-08-14T17:57:00,L017,REGISTERED_TO,0.928,CASE-2026-204
VEH-EXT-000384,P105,DL09HU7907,2026-08-08T18:42:00,L048,REGISTERED_TO,0.826,CASE-2026-201
VEH-EXT-000385,P050,DL65MS3221,2026-08-27T11:20:00,L003,REGISTERED_TO,0.801,CASE-2026-202
VEH-EXT-000386,P061,DL28QO9746,2026-08-02T09:41:00,L018,REGISTERED_TO,0.938,CASE-2026-203
VEH-EXT-000387,P058,DL29HQ8356,2026-08-26T15:01:00,L047,REGISTERED_TO,0.801,CASE-2026-204
VEH-EXT-000388,P059,DL79FI6946,2026-08-07T04:50:00,L058,SEEN_NEAR,0.921,CASE-2026-201
VEH-EXT-000389,P002,DL54IH5621,2026-08-02T18:35:00,L024,SEEN_NEAR,0.811,CASE-2026-202
VEH-EXT-000390,P102,DL49SF8485,2026-08-12T02:29:00,L011,USED,0.851,CASE-2026-203
VEH-EXT-000391,P045,DL29HQ8356,2026-08-01T05:13:00,L009,REGISTERED_TO,0.942,CASE-2026-204
VEH-EXT-000392,P094,DL87UB2945,2026-08-29T15:03:00,L034,USED,0.825,CASE-2026-201
VEH-EXT-000393,P058,DL88SX6044,2026-08-14T01:18:00,L015,USED,0.856,CASE-2026-202
VEH-EXT-000394,P072,DL27TR2259,2026-08-28T21:32:00,L037,REGISTERED_TO,0.876,CASE-2026-203
VEH-EXT-000395,P112,DL40GM3739,2026-08-05T21:34:00,L004,USED,0.829,CASE-2026-204
VEH-EXT-000396,P034,DL89YG8738,2026-08-24T12:52:00,L040,SEEN_NEAR,0.922,CASE-2026-201
VEH-EXT-000397,P038,DL60PX9735,2026-08-13T14:00:00,L043,USED,0.892,CASE-2026-202
VEH-EXT-000398,P013,DL09HU7907,2026-08-22T14:06:00,L015,SEEN_NEAR,0.939,CASE-2026-203
VEH-EXT-000399,P010,DL76KI5135,2026-08-21T16:05:00,L009,SEEN_NEAR,0.852,CASE-2026-204
VEH-EXT-000400,P108,DL44KV6735,2026-08-18T12:03:00,L035,USED,0.904,CASE-2026-201
VEH-EXT-000401,P095,DL90JQ8495,2026-08-10T19:32:00,L017,USED,0.83,CASE-2026-202
VEH-EXT-000402,P118,DL32TC7932,2026-08-07T07:42:00,L047,REGISTERED_TO,0.911,CASE-2026-203
VEH-EXT-000403,P005,DL85RA6801,2026-08-25T18:15:00,L046,USED,0.904,CASE-2026-204
VEH-EXT-000404,P031,DL04PO5412,2026-08-06T00:54:00,L011,REGISTERED_TO,0.99,CASE-2026-201
VEH-EXT-000405,P013,DL54IS4434,2026-08-13T13:29:00,L050,USED,0.926,CASE-2026-202
VEH-EXT-000406,P008,DL02DI9818,2026-08-13T12:08:00,L010,USED,0.888,CASE-2026-203
VEH-EXT-000407,P095,DL78RJ114,2026-08-25T01:33:00,L015,SEEN_NEAR,0.917,CASE-2026-204
VEH-EXT-000408,P003,DL60UM9514,2026-08-19T02:20:00,L021,USED,0.801,CASE-2026-201
VEH-EXT-000409,P054,DL02HV3719,2026-08-04T14:32:00,L034,REGISTERED_TO,0.912,CASE-2026-202
VEH-EXT-000410,P054,DL04PO5412,2026-08-29T16:22:00,L038,SEEN_NEAR,0.827,CASE-2026-203
VEH-EXT-000411,P049,DL08LO7279,2026-08-28T06:17:00,L037,SEEN_NEAR,0.894,CASE-2026-204
VEH-EXT-000412,P057,DL02DI9818,2026-08-03T01:56:00,L028,REGISTERED_TO,0.901,CASE-2026-201
VEH-EXT-000413,P095,DL90BO260,2026-08-04T01:59:00,L051,REGISTERED_TO,0.935,CASE-2026-202
VEH-EXT-000414,P056,DL45KA6894,2026-08-23T11:00:00,L002,USED,0.899,CASE-2026-203
VEH-EXT-000415,P092,DL29NQ1521,2026-08-30T23:46:00,L031,USED,0.842,CASE-2026-204
VEH-EXT-000416,P052,DL75AQ7501,2026-08-01T18:06:00,L009,USED,0.875,CASE-2026-201
VEH-EXT-000417,P102,DL63HW1705,2026-08-06T16:21:00,L008,SEEN_NEAR,0.899,CASE-2026-202
VEH-EXT-000418,P039,DL96VS1319,2026-08-11T22:47:00,L012,USED,0.82,CASE-2026-203
VEH-EXT-000419,P109,DL47TY509,2026-08-05T03:01:00,L049,REGISTERED_TO,0.85,CASE-2026-204
VEH-EXT-000420,P103,DL41GX5949,2026-08-11T12:53:00,L021,REGISTERED_TO,0.854,CASE-2026-201
VEH-EXT-000421,P010,DL09HU7907,2026-08-03T01:12:00,L010,REGISTERED_TO,0.877,CASE-2026-202
VEH-EXT-000422,P101,DL92OY5424,2026-08-06T19:01:00,L018,REGISTERED_TO,0.924,CASE-2026-203
VEH-EXT-000423,P074,DL83IA4683,2026-08-10T15:13:00,L003,SEEN_NEAR,0.874,CASE-2026-204
VEH-EXT-000424,P017,DL83IA4683,2026-08-23T19:24:00,L045,USED,0.934,CASE-2026-201
VEH-EXT-000425,P103,DL04PO5412,2026-08-05T19:47:00,L015,REGISTERED_TO,0.973,CASE-2026-202
VEH-EXT-000426,P117,DL49SF8485,2026-08-04T15:50:00,L015,REGISTERED_TO,0.945,CASE-2026-203
VEH-EXT-000427,P006,DL82IT8140,2026-08-27T23:00:00,L053,SEEN_NEAR,0.917,CASE-2026-204
VEH-EXT-000428,P090,DL45KA6894,2026-08-23T14:15:00,L030,SEEN_NEAR,0.98,CASE-2026-201
VEH-EXT-000429,P093,DL09NH8413,2026-08-26T00:54:00,L037,USED,0.863,CASE-2026-202
VEH-EXT-000430,P023,DL89YG8738,2026-08-08T18:53:00,L007,USED,0.81,CASE-2026-203
VEH-EXT-000431,P081,DL55HK5801,2026-08-12T12:35:00,L039,USED,0.887,CASE-2026-204
VEH-EXT-000432,P118,DL85LZ6022,2026-08-17T02:35:00,L053,REGISTERED_TO,0.967,CASE-2026-201
VEH-EXT-000433,P037,DL82IT8140,2026-08-19T03:46:00,L029,SEEN_NEAR,0.933,CASE-2026-202
VEH-EXT-000434,P096,DL32TC7932,2026-08-29T01:30:00,L015,SEEN_NEAR,0.875,CASE-2026-203
VEH-EXT-000435,P076,DL28QO9746,2026-08-20T21:09:00,L041,USED,0.949,CASE-2026-204
VEH-EXT-000436,P078,DL44KV6735,2026-08-17T13:47:00,L042,REGISTERED_TO,0.95,CASE-2026-201
VEH-EXT-000437,P093,DL04PO5412,2026-08-15T12:35:00,L027,USED,0.962,CASE-2026-202
VEH-EXT-000438,P112,DL54IS4434,2026-08-29T18:04:00,L005,REGISTERED_TO,0.932,CASE-2026-203
VEH-EXT-000439,P030,DL19RP402,2026-08-06T17:29:00,L048,REGISTERED_TO,0.898,CASE-2026-204
VEH-EXT-000440,P118,DL35GZ4233,2026-08-03T08:34:00,L008,REGISTERED_TO,0.918,CASE-2026-201
VEH-EXT-000441,P033,DL04PO5412,2026-08-14T05:01:00,L044,USED,0.863,CASE-2026-202
VEH-EXT-000442,P049,DL81WK7335,2026-08-26T06:46:00,L031,USED,0.966,CASE-2026-203
VEH-EXT-000443,P017,DL89YG8738,2026-08-23T05:21:00,L041,SEEN_NEAR,0.815,CASE-2026-204
VEH-EXT-000444,P115,DL60UM9514,2026-08-10T22:32:00,L042,REGISTERED_TO,0.908,CASE-2026-201
VEH-EXT-000445,P083,DL32TC7932,2026-08-05T03:39:00,L003,REGISTERED_TO,0.856,CASE-2026-202
VEH-EXT-000446,P109,DL54IH5621,2026-08-29T21:41:00,L030,SEEN_NEAR,0.809,CASE-2026-203
VEH-EXT-000447,P038,DL47RB786,2026-08-21T00:51:00,L038,SEEN_NEAR,0.8,CASE-2026-204
VEH-EXT-000448,P088,DL62IT2591,2026-08-15T13:35:00,L015,SEEN_NEAR,0.814,CASE-2026-201
VEH-EXT-000449,P005,DL39KO3630,2026-08-27T18:26:00,L041,REGISTERED_TO,0.876,CASE-2026-202
VEH-EXT-000450,P093,DL44KV6735,2026-08-31T20:21:00,L016,REGISTERED_TO,0.973,CASE-2026-203
VEH-EXT-000451,P063,DL34VM1567,2026-08-06T09:07:00,L030,REGISTERED_TO,0.868,CASE-2026-204
VEH-EXT-000452,P073,DL63HW1705,2026-08-11T21:08:00,L049,USED,0.87,CASE-2026-201
VEH-EXT-000453,P102,DL39GZ1214,2026-08-28T14:28:00,L011,SEEN_NEAR,0.925,CASE-2026-202
VEH-EXT-000454,P089,DL21CR2848,2026-08-16T17:11:00,L009,REGISTERED_TO,0.895,CASE-2026-203
VEH-EXT-000455,P094,DL50AJ3222,2026-08-12T13:22:00,L020,REGISTERED_TO,0.813,CASE-2026-204
VEH-EXT-000456,P109,DL60HV9768,2026-08-23T10:10:00,L010,REGISTERED_TO,0.926,CASE-2026-201
VEH-EXT-000457,P041,DL11RY5327,2026-08-21T17:05:00,L019,USED,0.913,CASE-2026-202
VEH-EXT-000458,P084,DL92OY5424,2026-08-02T10:12:00,L011,USED,0.975,CASE-2026-203
VEH-EXT-000459,P086,DL60PX9735,2026-08-06T20:28:00,L027,USED,0.87,CASE-2026-204
VEH-EXT-000460,P071,DL25EU426,2026-08-20T12:31:00,L009,SEEN_NEAR,0.807,CASE-2026-201
VEH-EXT-000461,P087,DL21CR2848,2026-08-18T05:48:00,L015,USED,0.831,CASE-2026-202
VEH-EXT-000462,P075,DL78RJ114,2026-08-28T06:10:00,L036,USED,0.871,CASE-2026-203
VEH-EXT-000463,P002,DL24MH626,2026-08-08T19:12:00,L060,SEEN_NEAR,0.868,CASE-2026-204
VEH-EXT-000464,P086,DL37ZL3820,2026-08-11T10:57:00,L011,USED,0.858,CASE-2026-201
VEH-EXT-000465,P042,DL04ES2001,2026-08-18T19:45:00,L002,REGISTERED_TO,0.959,CASE-2026-202
VEH-EXT-000466,P045,DL88SX6044,2026-08-08T19:02:00,L005,USED,0.806,CASE-2026-203
VEH-EXT-000467,P021,DL39GZ1214,2026-08-24T23:41:00,L027,SEEN_NEAR,0.813,CASE-2026-204
VEH-EXT-000468,P018,DL75AQ7501,2026-08-01T08:06:00,L001,REGISTERED_TO,0.916,CASE-2026-201
VEH-EXT-000469,P069,DL52CI2878,2026-08-21T17:20:00,L020,USED,0.953,CASE-2026-202
VEH-EXT-000470,P093,DL66UN3298,2026-08-31T18:17:00,L034,SEEN_NEAR,0.889,CASE-2026-203
VEH-EXT-000471,P001,DL09HU7907,2026-08-25T07:29:00,L037,USED,0.908,CASE-2026-204
VEH-EXT-000472,P012,DL09NH8413,2026-08-09T07:04:00,L040,REGISTERED_TO,0.971,CASE-2026-201
VEH-EXT-000473,P092,DL65MS3221,2026-08-12T09:21:00,L025,SEEN_NEAR,0.843,CASE-2026-202
VEH-EXT-000474,P007,DL63HW1705,2026-08-23T01:00:00,L053,REGISTERED_TO,0.883,CASE-2026-203
VEH-EXT-000475,P097,DL39KO3630,2026-08-13T13:51:00,L015,SEEN_NEAR,0.877,CASE-2026-204
VEH-EXT-000476,P069,DL27TR2259,2026-08-07T16:48:00,L049,REGISTERED_TO,0.977,CASE-2026-201
VEH-EXT-000477,P072,DL95WC1257,2026-08-24T04:57:00,L003,SEEN_NEAR,0.926,CASE-2026-202
VEH-EXT-000478,P008,DL60HV9768,2026-08-03T18:14:00,L036,SEEN_NEAR,0.812,CASE-2026-203
VEH-EXT-000479,P051,DL88TU6321,2026-08-03T21:55:00,L020,SEEN_NEAR,0.889,CASE-2026-204
VEH-EXT-000480,P028,DL47TY509,2026-08-13T16:20:00,L056,REGISTERED_TO,0.846,CASE-2026-201
VEH-EXT-000481,P040,DL65MS3221,2026-08-10T06:29:00,L006,REGISTERED_TO,0.97,CASE-2026-202
VEH-EXT-000482,P022,DL60PX9735,2026-08-02T06:25:00,L014,USED,0.863,CASE-2026-203
VEH-EXT-000483,P076,DL89YG8738,2026-08-19T04:07:00,L009,SEEN_NEAR,0.872,CASE-2026-204
VEH-EXT-000484,P024,DL04PO5412,2026-08-21T01:36:00,L006,SEEN_NEAR,0.906,CASE-2026-201
VEH-EXT-000485,P001,DL08LO7279,2026-08-19T01:52:00,L057,REGISTERED_TO,0.84,CASE-2026-202
VEH-EXT-000486,P070,DL97KE9646,2026-08-11T05:10:00,L056,SEEN_NEAR,0.816,CASE-2026-203
VEH-EXT-000487,P046,DL75AQ7501,2026-08-11T16:29:00,L012,REGISTERED_TO,0.811,CASE-2026-204
VEH-EXT-000488,P022,DL40KE1882,2026-08-13T11:43:00,L028,USED,0.846,CASE-2026-201
VEH-EXT-000489,P115,DL11RY5327,2026-08-18T01:57:00,L017,USED,0.809,CASE-2026-202
VEH-EXT-000490,P023,DL64KI2394,2026-08-25T10:00:00,L012,USED,0.825,CASE-2026-203
VEH-EXT-000491,P095,DL60PX9735,2026-08-31T08:50:00,L005,SEEN_NEAR,0.902,CASE-2026-204
VEH-EXT-000492,P057,DL37ZL3820,2026-08-18T18:04:00,L012,REGISTERED_TO,0.923,CASE-2026-201
VEH-EXT-000493,P067,DL81KA7608,2026-08-29T18:52:00,L043,REGISTERED_TO,0.835,CASE-2026-202
VEH-EXT-000494,P118,DL95WC1257,2026-08-24T21:42:00,L059,SEEN_NEAR,0.913,CASE-2026-203
VEH-EXT-000495,P104,DL55HK5801,2026-08-05T19:17:00,L055,SEEN_NEAR,0.932,CASE-2026-204
VEH-EXT-000496,P038,DL76KI5135,2026-08-14T12:40:00,L007,SEEN_NEAR,0.926,CASE-2026-201
VEH-EXT-000497,P009,DL76KI5135,2026-08-29T01:40:00,L026,REGISTERED_TO,0.892,CASE-2026-202
VEH-EXT-000498,P021,DL43ON9088,2026-08-09T11:35:00,L001,USED,0.917,CASE-2026-203
VEH-EXT-000499,P005,DL62IT2591,2026-08-10T22:22:00,L047,USED,0.943,CASE-2026-204
VEH-EXT-000500,P009,DL91QF4618,2026-08-07T10:11:00,L012,SEEN_NEAR,0.801,CASE-2026-201
VEH-EXT-000501,P078,DL82LI7730,2026-08-24T01:02:00,L043,REGISTERED_TO,0.887,CASE-2026-202
VEH-EXT-000502,P109,DL97KE9646,2026-08-04T17:12:00,L010,USED,0.833,CASE-2026-203
VEH-EXT-000503,P048,DL66UN3298,2026-08-19T22:11:00,L023,REGISTERED_TO,0.982,CASE-2026-204
VEH-EXT-000504,P055,DL54IS4434,2026-08-05T03:42:00,L024,USED,0.878,CASE-2026-201
VEH-EXT-000505,P105,DL21CR2848,2026-08-23T08:54:00,L049,USED,0.836,CASE-2026-202
VEH-EXT-000506,P005,DL43ON9088,2026-08-06T19:32:00,L046,REGISTERED_TO,0.965,CASE-2026-203
VEH-EXT-000507,P118,DL81KA7608,2026-08-17T02:01:00,L035,REGISTERED_TO,0.886,CASE-2026-204
VEH-EXT-000508,P044,DL60PX9735,2026-08-14T23:31:00,L044,REGISTERED_TO,0.944,CASE-2026-201
VEH-EXT-000509,P002,DL60UM9514,2026-08-22T20:18:00,L003,SEEN_NEAR,0.848,CASE-2026-202
VEH-EXT-000510,P072,DL65MS3221,2026-08-09T14:40:00,L046,USED,0.843,CASE-2026-203
VEH-EXT-000511,P030,DL97KE9646,2026-08-26T16:16:00,L016,REGISTERED_TO,0.867,CASE-2026-204
VEH-EXT-000512,P015,DL85LZ6022,2026-08-22T21:29:00,L003,SEEN_NEAR,0.88,CASE-2026-201
VEH-EXT-000513,P085,DL60PX9735,2026-08-16T08:01:00,L058,REGISTERED_TO,0.884,CASE-2026-202
VEH-EXT-000514,P065,DL91QF4618,2026-08-07T03:47:00,L031,REGISTERED_TO,0.975,CASE-2026-203
VEH-EXT-000515,P031,DL88TU6321,2026-08-07T18:13:00,L048,SEEN_NEAR,0.99,CASE-2026-204
VEH-EXT-000516,P021,DL49SF8485,2026-08-02T14:06:00,L057,REGISTERED_TO,0.952,CASE-2026-201
VEH-EXT-000517,P068,DL28QO9746,2026-08-22T11:59:00,L046,SEEN_NEAR,0.866,CASE-2026-202
VEH-EXT-000518,P035,DL44KV6735,2026-08-29T22:39:00,L040,REGISTERED_TO,0.819,CASE-2026-203
VEH-EXT-000519,P073,DL64KI2394,2026-08-13T06:55:00,L013,SEEN_NEAR,0.881,CASE-2026-204
VEH-EXT-000520,P119,DL85RA6801,2026-08-02T13:53:00,L001,USED,0.824,CASE-2026-201
VEH-EXT-000521,P006,DL66UN3298,2026-08-30T03:54:00,L013,SEEN_NEAR,0.875,CASE-2026-202
VEH-EXT-000522,P052,DL30XV997,2026-08-17T03:27:00,L053,SEEN_NEAR,0.914,CASE-2026-203
VEH-EXT-000523,P086,DL47RB786,2026-08-29T00:04:00,L032,USED,0.897,CASE-2026-204
VEH-EXT-000524,P079,DL85LZ6022,2026-08-27T11:44:00,L049,USED,0.908,CASE-2026-201
VEH-EXT-000525,P060,DL04PO5412,2026-08-04T00:27:00,L030,SEEN_NEAR,0.985,CASE-2026-202
VEH-EXT-000526,P024,DL52CI2878,2026-08-09T12:15:00,L001,USED,0.954,CASE-2026-203
VEH-EXT-000527,P050,DL16HB2805,2026-08-12T04:45:00,L019,REGISTERED_TO,0.814,CASE-2026-204
VEH-EXT-000528,P061,DL79FI6946,2026-08-26T01:13:00,L058,REGISTERED_TO,0.98,CASE-2026-201
VEH-EXT-000529,P009,DL60UM9514,2026-08-30T21:31:00,L036,REGISTERED_TO,0.946,CASE-2026-202
VEH-EXT-000530,P020,DL08LO7279,2026-08-19T02:32:00,L014,SEEN_NEAR,0.986,CASE-2026-203
VEH-EXT-000531,P098,DL54IS4434,2026-08-12T12:19:00,L028,SEEN_NEAR,0.965,CASE-2026-204
VEH-EXT-000532,P064,DL97KE9646,2026-08-16T10:53:00,L052,SEEN_NEAR,0.922,CASE-2026-201
VEH-EXT-000533,P006,DL07HB2247,2026-08-30T13:17:00,L036,REGISTERED_TO,0.952,CASE-2026-202
VEH-EXT-000534,P016,DL96VS1319,2026-08-22T21:23:00,L032,REGISTERED_TO,0.912,CASE-2026-203
VEH-EXT-000535,P117,DL54IS4434,2026-08-02T07:49:00,L022,SEEN_NEAR,0.885,CASE-2026-204
VEH-EXT-000536,P089,DL29NQ1521,2026-08-15T04:52:00,L038,USED,0.891,CASE-2026-201
VEH-EXT-000537,P004,DL09NH8413,2026-08-03T08:56:00,L054,USED,0.84,CASE-2026-202
VEH-EXT-000538,P064,DL52CI2878,2026-08-22T01:19:00,L004,SEEN_NEAR,0.884,CASE-2026-203
VEH-EXT-000539,P099,DL47TY509,2026-08-15T04:09:00,L052,SEEN_NEAR,0.924,CASE-2026-204
VEH-EXT-000540,P067,DL23OP9685,2026-08-28T13:46:00,L015,USED,0.914,CASE-2026-201
VEH-EXT-000541,P074,DL37ZL3820,2026-08-20T15:32:00,L012,REGISTERED_TO,0.928,CASE-2026-202
VEH-EXT-000542,P050,DL23OP9685,2026-08-13T23:20:00,L028,REGISTERED_TO,0.899,CASE-2026-203
VEH-EXT-000543,P088,DL76KI5135,2026-08-11T18:50:00,L026,REGISTERED_TO,0.949,CASE-2026-204
VEH-EXT-000544,P096,DL08LO7279,2026-08-28T05:53:00,L038,SEEN_NEAR,0.934,CASE-2026-201
VEH-EXT-000545,P095,DL34VM1567,2026-08-06T19:27:00,L011,USED,0.965,CASE-2026-202
VEH-EXT-000546,P098,DL50AJ3222,2026-08-02T05:05:00,L006,REGISTERED_TO,0.868,CASE-2026-203
VEH-EXT-000547,P049,DL24MH626,2026-08-28T08:08:00,L052,REGISTERED_TO,0.899,CASE-2026-204
VEH-EXT-000548,P108,DL91QF4618,2026-08-17T02:22:00,L024,REGISTERED_TO,0.921,CASE-2026-201
VEH-EXT-000549,P114,DL16HB2805,2026-08-01T09:30:00,L021,USED,0.82,CASE-2026-202
VEH-EXT-000550,P065,DL78RJ114,2026-08-06T10:17:00,L030,USED,0.931,CASE-2026-203
VEH-EXT-000551,P102,DL60HV9768,2026-08-07T09:04:00,L049,USED,0.91,CASE-2026-204
VEH-EXT-000552,P091,DL34VM1567,2026-08-25T10:42:00,L018,USED,0.942,CASE-2026-201
VEH-EXT-000553,P047,DL57KK8244,2026-08-23T08:29:00,L027,REGISTERED_TO,0.82,CASE-2026-202
VEH-EXT-000554,P114,DL39GZ1214,2026-08-15T06:10:00,L003,USED,0.834,CASE-2026-203
VEH-EXT-000555,P041,DL86XA3578,2026-08-09T22:13:00,L045,REGISTERED_TO,0.827,CASE-2026-204
VEH-EXT-000556,P108,DL88SX6044,2026-08-05T05:43:00,L029,REGISTERED_TO,0.882,CASE-2026-201
VEH-EXT-000557,P064,DL32TC7932,2026-08-31T04:59:00,L009,REGISTERED_TO,0.9,CASE-2026-202
VEH-EXT-000558,P082,DL90BO260,2026-08-27T06:34:00,L049,REGISTERED_TO,0.939,CASE-2026-203
VEH-EXT-000559,P111,DL04JV9196,2026-08-27T20:54:00,L047,USED,0.816,CASE-2026-204
VEH-EXT-000560,P105,DL08LO7279,2026-08-06T05:13:00,L026,SEEN_NEAR,0.865,CASE-2026-201
VEH-EXT-000561,P036,DL85RA6801,2026-08-26T04:40:00,L015,REGISTERED_TO,0.931,CASE-2026-202
VEH-EXT-000562,P018,DL35GZ4233,2026-08-31T04:49:00,L002,SEEN_NEAR,0.931,CASE-2026-203
VEH-EXT-000563,P117,DL55HK5801,2026-08-19T02:41:00,L054,USED,0.892,CASE-2026-204
VEH-EXT-000564,P027,DL45KA6894,2026-08-07T15:02:00,L046,USED,0.983,CASE-2026-201
VEH-EXT-000565,P061,DL44KV6735,2026-08-28T03:53:00,L026,USED,0.979,CASE-2026-202
VEH-EXT-000566,P088,DL43ON9088,2026-08-07T06:09:00,L020,REGISTERED_TO,0.909,CASE-2026-203
VEH-EXT-000567,P078,DL08LO7279,2026-08-02T02:04:00,L041,REGISTERED_TO,0.899,CASE-2026-204
VEH-EXT-000568,P029,DL88TU6321,2026-08-01T09:11:00,L004,SEEN_NEAR,0.834,CASE-2026-201
VEH-EXT-000569,P034,DL83IA4683,2026-08-21T13:06:00,L028,USED,0.857,CASE-2026-202
VEH-EXT-000570,P001,DL66UN3298,2026-08-09T05:00:00,L042,SEEN_NEAR,0.867,CASE-2026-203
VEH-EXT-000571,P095,DL78RJ114,2026-08-23T10:13:00,L042,USED,0.928,CASE-2026-204
VEH-EXT-000572,P113,DL65MS3221,2026-08-12T04:41:00,L004,USED,0.92,CASE-2026-201
VEH-EXT-000573,P004,DL39UR4920,2026-08-29T23:00:00,L038,USED,0.957,CASE-2026-202
VEH-EXT-000574,P075,DL92OY5424,2026-08-14T01:18:00,L043,SEEN_NEAR,0.872,CASE-2026-203
VEH-EXT-000575,P062,DL87UB2945,2026-08-19T02:30:00,L033,USED,0.806,CASE-2026-204
VEH-EXT-000576,P074,DL82IT8140,2026-08-09T08:19:00,L013,SEEN_NEAR,0.977,CASE-2026-201
VEH-EXT-000577,P053,DL39KO3630,2026-08-12T18:54:00,L048,SEEN_NEAR,0.987,CASE-2026-202
VEH-EXT-000578,P075,DL11LW2713,2026-08-05T17:56:00,L001,SEEN_NEAR,0.97,CASE-2026-203
VEH-EXT-000579,P076,DL88SX6044,2026-08-30T00:41:00,L041,USED,0.918,CASE-2026-204
VEH-EXT-000580,P034,DL57KK8244,2026-08-14T07:06:00,L054,REGISTERED_TO,0.818,CASE-2026-201
VEH-EXT-000581,P088,DL04ES2001,2026-08-31T13:51:00,L014,SEEN_NEAR,0.863,CASE-2026-202
VEH-EXT-000582,P108,DL66UN3298,2026-08-28T02:11:00,L060,SEEN_NEAR,0.972,CASE-2026-203
VEH-EXT-000583,P008,DL02DI9818,2026-08-17T23:01:00,L039,REGISTERED_TO,0.85,CASE-2026-204
VEH-EXT-000584,P116,DL60PX9735,2026-08-01T15:18:00,L039,REGISTERED_TO,0.879,CASE-2026-201
VEH-EXT-000585,P051,DL43ON9088,2026-08-15T06:37:00,L042,SEEN_NEAR,0.813,CASE-2026-202
VEH-EXT-000586,P021,DL82LI7730,2026-08-22T03:16:00,L019,SEEN_NEAR,0.898,CASE-2026-203
VEH-EXT-000587,P036,DL32ME5177,2026-08-14T13:00:00,L021,USED,0.987,CASE-2026-204
VEH-EXT-000588,P050,DL08LO7279,2026-08-20T18:58:00,L015,USED,0.91,CASE-2026-201
VEH-EXT-000589,P072,DL21CR2848,2026-08-04T14:59:00,L006,SEEN_NEAR,0.975,CASE-2026-202
VEH-EXT-000590,P060,DL23OP9685,2026-08-15T07:42:00,L008,USED,0.816,CASE-2026-203
VEH-EXT-000591,P032,DL50AJ3222,2026-08-30T18:25:00,L053,USED,0.895,CASE-2026-204
VEH-EXT-000592,P118,DL49SF8485,2026-08-23T13:28:00,L045,REGISTERED_TO,0.981,CASE-2026-201
VEH-EXT-000593,P092,DL39UR4920,2026-08-24T03:01:00,L007,REGISTERED_TO,0.898,CASE-2026-202
VEH-EXT-000594,P066,DL55MZ1375,2026-08-03T15:22:00,L044,USED,0.977,CASE-2026-203
VEH-EXT-000595,P014,DL08LO7279,2026-08-01T07:01:00,L026,REGISTERED_TO,0.868,CASE-2026-204
VEH-EXT-000596,P031,DL08OD4328,2026-08-11T05:12:00,L007,REGISTERED_TO,0.837,CASE-2026-201
VEH-EXT-000597,P117,DL79FI6946,2026-08-25T03:01:00,L039,SEEN_NEAR,0.89,CASE-2026-202
VEH-EXT-000598,P044,DL32TC7932,2026-08-03T13:40:00,L058,SEEN_NEAR,0.822,CASE-2026-203
VEH-EXT-000599,P050,DL97KE9646,2026-08-11T07:28:00,L011,REGISTERED_TO,0.912,CASE-2026-204
VEH-EXT-000600,P081,DL60PX9735,2026-08-25T15:16:00,L008,USED,0.969,CASE-2026-201
VEH-EXT-000601,P059,DL83IA4683,2026-08-01T10:52:00,L039,USED,0.856,CASE-2026-202
VEH-EXT-000602,P038,DL87WU7148,2026-08-08T06:29:00,L025,USED,0.873,CASE-2026-203
VEH-EXT-000603,P055,DL82LI7730,2026-08-15T02:54:00,L052,REGISTERED_TO,0.909,CASE-2026-204
VEH-EXT-000604,P067,DL45KA6894,2026-08-09T08:14:00,L049,REGISTERED_TO,0.95,CASE-2026-201
VEH-EXT-000605,P078,DL11LW2713,2026-08-20T08:16:00,L018,REGISTERED_TO,0.919,CASE-2026-202
VEH-EXT-000606,P002,DL96VS1319,2026-08-05T04:57:00,L046,REGISTERED_TO,0.889,CASE-2026-203
VEH-EXT-000607,P053,DL30XV997,2026-08-20T09:36:00,L006,SEEN_NEAR,0.955,CASE-2026-204
VEH-EXT-000608,P117,DL87UB2945,2026-08-25T09:47:00,L029,REGISTERED_TO,0.838,CASE-2026-201
VEH-EXT-000609,P118,DL85RA6801,2026-08-24T04:31:00,L011,SEEN_NEAR,0.885,CASE-2026-202
VEH-EXT-000610,P058,DL92OY5424,2026-08-20T23:10:00,L043,USED,0.949,CASE-2026-203
VEH-EXT-000611,P002,DL40KE1882,2026-08-03T12:37:00,L016,SEEN_NEAR,0.901,CASE-2026-204
VEH-EXT-000612,P028,DL87WU7148,2026-08-10T15:21:00,L024,REGISTERED_TO,0.906,CASE-2026-201
VEH-EXT-000613,P064,DL60PX9735,2026-08-30T12:47:00,L017,REGISTERED_TO,0.928,CASE-2026-202
VEH-EXT-000614,P092,DL82IT8140,2026-08-05T04:03:00,L058,USED,0.818,CASE-2026-203
VEH-EXT-000615,P034,DL82IT8140,2026-08-01T09:35:00,L053,SEEN_NEAR,0.957,CASE-2026-204
VEH-EXT-000616,P037,DL83IA4683,2026-08-28T19:40:00,L007,REGISTERED_TO,0.834,CASE-2026-201
VEH-EXT-000617,P069,DL23OP9685,2026-08-18T07:50:00,L025,USED,0.914,CASE-2026-202
VEH-EXT-000618,P061,DL87WU7148,2026-08-01T20:18:00,L048,REGISTERED_TO,0.943,CASE-2026-203
VEH-EXT-000619,P080,DL35GZ4233,2026-08-08T09:31:00,L043,SEEN_NEAR,0.915,CASE-2026-204
VEH-EXT-000620,P112,DL50AJ3222,2026-08-06T15:55:00,L045,SEEN_NEAR,0.962,CASE-2026-201
VEH-EXT-000621,P037,DL32ME5177,2026-08-30T09:06:00,L005,REGISTERED_TO,0.968,CASE-2026-202
VEH-EXT-000622,P011,DL41GX5949,2026-08-21T14:18:00,L009,REGISTERED_TO,0.884,CASE-2026-203
VEH-EXT-000623,P020,DL85LZ6022,2026-08-18T05:49:00,L022,USED,0.887,CASE-2026-204
VEH-EXT-000624,P116,DL65MS3221,2026-08-23T09:46:00,L015,SEEN_NEAR,0.968,CASE-2026-201
VEH-EXT-000625,P044,DL09NH8413,2026-08-02T18:14:00,L048,REGISTERED_TO,0.984,CASE-2026-202
VEH-EXT-000626,P095,DL83IA4683,2026-08-08T23:52:00,L003,REGISTERED_TO,0.972,CASE-2026-203
VEH-EXT-000627,P086,DL86XA3578,2026-08-25T07:42:00,L005,REGISTERED_TO,0.961,CASE-2026-204
VEH-EXT-000628,P050,DL97KE9646,2026-08-30T19:44:00,L042,USED,0.892,CASE-2026-201
VEH-EXT-000629,P085,DL02DI9818,2026-08-10T09:11:00,L002,USED,0.945,CASE-2026-202
VEH-EXT-000630,P057,DL08OD4328,2026-08-06T14:27:00,L035,SEEN_NEAR,0.826,CASE-2026-203
VEH-EXT-000631,P095,DL39KO3630,2026-08-10T14:46:00,L047,REGISTERED_TO,0.938,CASE-2026-204
VEH-EXT-000632,P085,DL44KV6735,2026-08-18T09:37:00,L043,REGISTERED_TO,0.861,CASE-2026-201
VEH-EXT-000633,P062,DL90JQ8495,2026-08-03T15:22:00,L013,REGISTERED_TO,0.909,CASE-2026-202
VEH-EXT-000634,P087,DL16HB2805,2026-08-07T04:05:00,L012,REGISTERED_TO,0.851,CASE-2026-203
VEH-EXT-000635,P057,DL32TC7932,2026-08-12T11:42:00,L010,REGISTERED_TO,0.897,CASE-2026-204
VEH-EXT-000636,P008,DL04ES2001,2026-08-14T07:04:00,L014,SEEN_NEAR,0.813,CASE-2026-201
VEH-EXT-000637,P070,DL55MZ1375,2026-08-22T13:27:00,L056,SEEN_NEAR,0.803,CASE-2026-202
VEH-EXT-000638,P082,DL05LU5710,2026-08-07T03:33:00,L026,REGISTERED_TO,0.926,CASE-2026-203
VEH-EXT-000639,P054,DL90BO260,2026-08-27T21:27:00,L027,REGISTERED_TO,0.937,CASE-2026-204
VEH-EXT-000640,P058,DL90BO260,2026-08-05T01:50:00,L014,SEEN_NEAR,0.883,CASE-2026-201
VEH-EXT-000641,P088,DL89YG8738,2026-08-04T22:55:00,L054,REGISTERED_TO,0.902,CASE-2026-202
VEH-EXT-000642,P027,DL34VM1567,2026-08-20T22:23:00,L008,SEEN_NEAR,0.924,CASE-2026-203
VEH-EXT-000643,P077,DL40KE1882,2026-08-22T03:34:00,L011,SEEN_NEAR,0.818,CASE-2026-204
VEH-EXT-000644,P119,DL83IA4683,2026-08-27T15:23:00,L024,USED,0.846,CASE-2026-201
VEH-EXT-000645,P054,DL89YG8738,2026-08-19T03:06:00,L050,USED,0.91,CASE-2026-202
VEH-EXT-000646,P061,DL23OP9685,2026-08-03T23:16:00,L009,REGISTERED_TO,0.967,CASE-2026-203
VEH-EXT-000647,P079,DL30XV997,2026-08-31T11:05:00,L049,SEEN_NEAR,0.976,CASE-2026-204
VEH-EXT-000648,P027,DL39UR4920,2026-08-08T06:49:00,L049,REGISTERED_TO,0.828,CASE-2026-201
VEH-EXT-000649,P099,DL85RA6801,2026-08-20T09:36:00,L038,SEEN_NEAR,0.911,CASE-2026-202
VEH-EXT-000650,P064,DL47TY509,2026-08-03T22:42:00,L054,SEEN_NEAR,0.88,CASE-2026-203
VEH-EXT-000651,P010,DL29NQ1521,2026-08-10T02:27:00,L024,USED,0.963,CASE-2026-204
VEH-EXT-000652,P076,DL04ES2001,2026-08-23T10:42:00,L044,USED,0.96,CASE-2026-201
VEH-EXT-000653,P053,DL04ES2001,2026-08-29T22:43:00,L029,SEEN_NEAR,0.925,CASE-2026-202
VEH-EXT-000654,P064,DL81KA7608,2026-08-20T05:27:00,L051,USED,0.914,CASE-2026-203
VEH-EXT-000655,P064,DL45KA6894,2026-08-22T03:42:00,L060,USED,0.81,CASE-2026-204
VEH-EXT-000656,P066,DL04ES2001,2026-08-20T17:44:00,L008,USED,0.887,CASE-2026-201
VEH-EXT-000657,P019,DL95WC1257,2026-08-10T10:59:00,L034,SEEN_NEAR,0.877,CASE-2026-202
VEH-EXT-000658,P073,DL11RY5327,2026-08-18T21:59:00,L005,USED,0.881,CASE-2026-203
VEH-EXT-000659,P095,DL32ME5177,2026-08-19T23:46:00,L047,REGISTERED_TO,0.935,CASE-2026-204
VEH-EXT-000660,P048,DL95WC1257,2026-08-01T00:11:00,L046,SEEN_NEAR,0.944,CASE-2026-201
VEH-EXT-000661,P004,DL75AQ7501,2026-08-19T08:15:00,L055,SEEN_NEAR,0.888,CASE-2026-202
VEH-EXT-000662,P062,DL25EU426,2026-08-23T02:19:00,L016,SEEN_NEAR,0.88,CASE-2026-203
VEH-EXT-000663,P001,DL41GX5949,2026-08-15T22:09:00,L049,REGISTERED_TO,0.865,CASE-2026-204
VEH-EXT-000664,P073,DL32TC7932,2026-08-08T16:08:00,L044,USED,0.976,CASE-2026-201
VEH-EXT-000665,P036,DL57KK8244,2026-08-29T17:26:00,L056,REGISTERED_TO,0.831,CASE-2026-202
VEH-EXT-000666,P095,DL52CI2878,2026-08-22T03:22:00,L047,USED,0.953,CASE-2026-203
VEH-EXT-000667,P095,DL50AJ3222,2026-08-23T05:20:00,L049,SEEN_NEAR,0.896,CASE-2026-204
VEH-EXT-000668,P036,DL04ES2001,2026-08-09T00:21:00,L050,SEEN_NEAR,0.978,CASE-2026-201
VEH-EXT-000669,P059,DL87WU7148,2026-08-29T14:44:00,L007,USED,0.884,CASE-2026-202
VEH-EXT-000670,P025,DL91QF4618,2026-08-29T16:19:00,L045,USED,0.96,CASE-2026-203
VEH-EXT-000671,P093,DL41GX5949,2026-08-05T01:20:00,L003,USED,0.912,CASE-2026-204
VEH-EXT-000672,P079,DL92OY5424,2026-08-14T22:55:00,L012,USED,0.825,CASE-2026-201
VEH-EXT-000673,P115,DL83IA4683,2026-08-20T01:57:00,L006,REGISTERED_TO,0.892,CASE-2026-202
VEH-EXT-000674,P087,DL90BO260,2026-08-02T00:16:00,L039,USED,0.99,CASE-2026-203
VEH-EXT-000675,P016,DL87WU7148,2026-08-06T19:24:00,L034,USED,0.944,CASE-2026-204
VEH-EXT-000676,P018,DL32TC7932,2026-08-22T13:01:00,L043,REGISTERED_TO,0.874,CASE-2026-201
VEH-EXT-000677,P039,DL89YG8738,2026-08-01T14:05:00,L045,REGISTERED_TO,0.926,CASE-2026-202
VEH-EXT-000678,P033,DL19RP402,2026-08-08T16:17:00,L055,USED,0.981,CASE-2026-203
VEH-EXT-000679,P054,DL82IT8140,2026-08-26T05:29:00,L052,REGISTERED_TO,0.896,CASE-2026-204
VEH-EXT-000680,P073,DL25EU426,2026-08-29T10:28:00,L036,REGISTERED_TO,0.836,CASE-2026-201
VEH-EXT-000681,P074,DL47TY509,2026-08-11T21:18:00,L031,REGISTERED_TO,0.921,CASE-2026-202
VEH-EXT-000682,P060,DL82LI7730,2026-08-15T02:54:00,L057,USED,0.96,CASE-2026-203
VEH-EXT-000683,P070,DL88TU6321,2026-08-03T18:36:00,L007,SEEN_NEAR,0.953,CASE-2026-204
VEH-EXT-000684,P017,DL55MZ1375,2026-08-28T02:46:00,L016,SEEN_NEAR,0.847,CASE-2026-201
VEH-EXT-000685,P020,DL02DI9818,2026-08-27T00:17:00,L017,REGISTERED_TO,0.886,CASE-2026-202
VEH-EXT-000686,P044,DL08LO7279,2026-08-13T04:27:00,L048,REGISTERED_TO,0.949,CASE-2026-203
VEH-EXT-000687,P097,DL81WK7335,2026-08-02T18:05:00,L003,SEEN_NEAR,0.875,CASE-2026-204
VEH-EXT-000688,P115,DL45KA6894,2026-08-19T03:14:00,L054,SEEN_NEAR,0.832,CASE-2026-201
VEH-EXT-000689,P068,DL21CR2848,2026-08-09T14:21:00,L018,USED,0.857,CASE-2026-202
VEH-EXT-000690,P017,DL85RA6801,2026-08-01T20:00:00,L020,SEEN_NEAR,0.88,CASE-2026-203
VEH-EXT-000691,P012,DL50AJ3222,2026-08-28T04:08:00,L058,USED,0.972,CASE-2026-204
VEH-EXT-000692,P054,DL35GZ4233,2026-08-10T00:45:00,L039,USED,0.88,CASE-2026-201
VEH-EXT-000693,P001,DL52CI2878,2026-08-12T19:29:00,L001,USED,0.925,CASE-2026-202
VEH-EXT-000694,P061,DL82IT8140,2026-08-21T21:56:00,L038,SEEN_NEAR,0.884,CASE-2026-203
VEH-EXT-000695,P095,DL55HK5801,2026-08-06T08:16:00,L014,REGISTERED_TO,0.849,CASE-2026-204
VEH-EXT-000696,P043,DL21CR2848,2026-08-03T03:33:00,L057,SEEN_NEAR,0.887,CASE-2026-201
VEH-EXT-000697,P091,DL04PO5412,2026-08-12T12:06:00,L037,SEEN_NEAR,0.97,CASE-2026-202
VEH-EXT-000698,P033,DL28QO9746,2026-08-13T16:50:00,L007,USED,0.906,CASE-2026-203
VEH-EXT-000699,P062,DL60UM9514,2026-08-06T15:36:00,L022,USED,0.828,CASE-2026-204
VEH-EXT-000700,P051,DL40GM3739,2026-08-19T23:13:00,L013,REGISTERED_TO,0.821,CASE-2026-201
VEH-EXT-000701,P094,DL08OD4328,2026-08-11T07:45:00,L042,SEEN_NEAR,0.959,CASE-2026-202
VEH-EXT-000702,P106,DL44KV6735,2026-08-04T16:26:00,L035,REGISTERED_TO,0.961,CASE-2026-203
VEH-EXT-000703,P034,DL91QF4618,2026-08-27T20:04:00,L020,REGISTERED_TO,0.82,CASE-2026-204
VEH-EXT-000704,P100,DL90BO260,2026-08-10T18:41:00,L038,USED,0.891,CASE-2026-201
VEH-EXT-000705,P026,DL81KA7608,2026-08-11T14:36:00,L014,SEEN_NEAR,0.96,CASE-2026-202
VEH-EXT-000706,P007,DL04JV9196,2026-08-14T07:15:00,L015,REGISTERED_TO,0.936,CASE-2026-203
VEH-EXT-000707,P104,DL62IT2591,2026-08-04T15:26:00,L010,SEEN_NEAR,0.919,CASE-2026-204
VEH-EXT-000708,P113,DL83IA4683,2026-08-08T10:40:00,L005,REGISTERED_TO,0.87,CASE-2026-201
VEH-EXT-000709,P073,DL11RY5327,2026-08-05T21:34:00,L038,USED,0.93,CASE-2026-202
VEH-EXT-000710,P025,DL23OP9685,2026-08-16T11:02:00,L019,SEEN_NEAR,0.87,CASE-2026-203
VEH-EXT-000711,P040,DL35GZ4233,2026-08-15T09:12:00,L038,REGISTERED_TO,0.885,CASE-2026-204
VEH-EXT-000712,P043,DL88SX6044,2026-08-11T15:33:00,L001,REGISTERED_TO,0.921,CASE-2026-201
VEH-EXT-000713,P116,DL57KK8244,2026-08-19T03:04:00,L060,SEEN_NEAR,0.803,CASE-2026-202
VEH-EXT-000714,P084,DL40KE1882,2026-08-27T15:42:00,L004,USED,0.909,CASE-2026-203
VEH-EXT-000715,P003,DL09HU7907,2026-08-18T21:05:00,L045,USED,0.875,CASE-2026-204
VEH-EXT-000716,P028,DL02DI9818,2026-08-20T23:03:00,L008,REGISTERED_TO,0.876,CASE-2026-201
VEH-EXT-000717,P026,DL02DI9818,2026-08-24T07:32:00,L027,USED,0.93,CASE-2026-202
VEH-EXT-000718,P087,DL78RJ114,2026-08-26T18:22:00,L026,REGISTERED_TO,0.806,CASE-2026-203
VEH-EXT-000719,P108,DL85RA6801,2026-08-03T05:48:00,L014,REGISTERED_TO,0.879,CASE-2026-204
VEH-EXT-000720,P104,DL97KE9646,2026-08-26T01:49:00,L045,USED,0.891,CASE-2026-201
VEH-EXT-000721,P095,DL52CI2878,2026-08-11T07:18:00,L006,REGISTERED_TO,0.832,CASE-2026-202
VEH-EXT-000722,P021,DL62IT2591,2026-08-02T13:46:00,L058,USED,0.839,CASE-2026-203
VEH-EXT-000723,P052,DL52CI2878,2026-08-19T02:07:00,L010,SEEN_NEAR,0.821,CASE-2026-204
VEH-EXT-000724,P074,DL44KV6735,2026-08-06T22:28:00,L012,REGISTERED_TO,0.919,CASE-2026-201
VEH-EXT-000725,P020,DL16HB2805,2026-08-06T04:45:00,L058,USED,0.881,CASE-2026-202
VEH-EXT-000726,P032,DL79FI6946,2026-08-18T12:29:00,L030,SEEN_NEAR,0.966,CASE-2026-203
VEH-EXT-000727,P025,DL39GZ1214,2026-08-12T22:49:00,L044,USED,0.966,CASE-2026-204
VEH-EXT-000728,P031,DL86XA3578,2026-08-29T03:57:00,L047,SEEN_NEAR,0.978,CASE-2026-201
VEH-EXT-000729,P042,DL55HK5801,2026-08-07T17:22:00,L032,USED,0.811,CASE-2026-202
VEH-EXT-000730,P064,DL62IT2591,2026-08-06T08:57:00,L039,SEEN_NEAR,0.81,CASE-2026-203
VEH-EXT-000731,P069,DL04ES2001,2026-08-28T12:23:00,L007,SEEN_NEAR,0.843,CASE-2026-204
VEH-EXT-000732,P094,DL65MS3221,2026-08-27T22:55:00,L048,REGISTERED_TO,0.895,CASE-2026-201
VEH-EXT-000733,P093,DL34VM1567,2026-08-15T03:39:00,L051,SEEN_NEAR,0.831,CASE-2026-202
VEH-EXT-000734,P102,DL11LW2713,2026-08-07T13:46:00,L048,REGISTERED_TO,0.828,CASE-2026-203
VEH-EXT-000735,P036,DL88TU6321,2026-08-17T09:41:00,L039,USED,0.925,CASE-2026-204
VEH-EXT-000736,P063,DL21CR2848,2026-08-29T10:05:00,L006,USED,0.847,CASE-2026-201
VEH-EXT-000737,P055,DL49SF8485,2026-08-16T01:06:00,L053,SEEN_NEAR,0.84,CASE-2026-202
VEH-EXT-000738,P099,DL83IA4683,2026-08-23T15:44:00,L013,USED,0.883,CASE-2026-203
VEH-EXT-000739,P110,DL08LO7279,2026-08-17T00:35:00,L039,SEEN_NEAR,0.825,CASE-2026-204
VEH-EXT-000740,P097,DL34VM1567,2026-08-11T10:19:00,L001,SEEN_NEAR,0.866,CASE-2026-201
VEH-EXT-000741,P015,DL11RY5327,2026-08-10T20:49:00,L006,REGISTERED_TO,0.816,CASE-2026-202
VEH-EXT-000742,P021,DL43ON9088,2026-08-17T12:45:00,L046,SEEN_NEAR,0.958,CASE-2026-203
VEH-EXT-000743,P107,DL79FI6946,2026-08-06T01:39:00,L017,SEEN_NEAR,0.867,CASE-2026-204
VEH-EXT-000744,P057,DL04PO5412,2026-08-23T09:44:00,L013,USED,0.802,CASE-2026-201
VEH-EXT-000745,P006,DL21CR2848,2026-08-02T11:16:00,L016,SEEN_NEAR,0.889,CASE-2026-202
VEH-EXT-000746,P036,DL11RY5327,2026-08-12T18:14:00,L011,USED,0.837,CASE-2026-203
VEH-EXT-000747,P034,DL90BO260,2026-08-08T11:49:00,L025,USED,0.98,CASE-2026-204
VEH-EXT-000748,P120,DL04ES2001,2026-08-02T07:57:00,L030,SEEN_NEAR,0.86,CASE-2026-201
VEH-EXT-000749,P105,DL52CI2878,2026-08-27T01:16:00,L013,REGISTERED_TO,0.929,CASE-2026-202
VEH-EXT-000750,P057,DL97KE9646,2026-08-09T20:35:00,L039,REGISTERED_TO,0.859,CASE-2026-203
VEH-EXT-000751,P021,DL49SF8485,2026-08-08T02:56:00,L014,REGISTERED_TO,0.911,CASE-2026-204
VEH-EXT-000752,P056,DL54IS4434,2026-08-02T15:30:00,L004,REGISTERED_TO,0.89,CASE-2026-201
VEH-EXT-000753,P026,DL90JQ8495,2026-08-06T09:11:00,L007,SEEN_NEAR,0.967,CASE-2026-202
VEH-EXT-000754,P054,DL97KE9646,2026-08-28T09:12:00,L011,USED,0.944,CASE-2026-203
VEH-EXT-000755,P072,DL24MH626,2026-08-08T21:48:00,L038,REGISTERED_TO,0.94,CASE-2026-204
VEH-EXT-000756,P098,DL07HB2247,2026-08-30T14:42:00,L025,REGISTERED_TO,0.87,CASE-2026-201
VEH-EXT-000757,P027,DL27TR2259,2026-08-10T04:02:00,L016,REGISTERED_TO,0.864,CASE-2026-202
VEH-EXT-000758,P005,DL85LZ6022,2026-08-31T01:39:00,L001,SEEN_NEAR,0.801,CASE-2026-203
VEH-EXT-000759,P063,DL82IT8140,2026-08-03T10:31:00,L027,REGISTERED_TO,0.969,CASE-2026-204
VEH-EXT-000760,P006,DL87WU7148,2026-08-10T17:44:00,L015,SEEN_NEAR,0.933,CASE-2026-201
VEH-EXT-000761,P100,DL44KV6735,2026-08-23T13:30:00,L024,REGISTERED_TO,0.879,CASE-2026-202
VEH-EXT-000762,P002,DL24MH626,2026-08-08T13:42:00,L038,REGISTERED_TO,0.886,CASE-2026-203
VEH-EXT-000763,P078,DL25EU426,2026-08-21T17:50:00,L035,USED,0.988,CASE-2026-204
VEH-EXT-000764,P099,DL04JV9196,2026-08-25T17:58:00,L029,SEEN_NEAR,0.901,CASE-2026-201
VEH-EXT-000765,P097,DL09NH8413,2026-08-24T13:25:00,L019,REGISTERED_TO,0.867,CASE-2026-202
VEH-EXT-000766,P094,DL27TR2259,2026-08-26T17:59:00,L049,REGISTERED_TO,0.945,CASE-2026-203
VEH-EXT-000767,P081,DL43ON9088,2026-08-14T14:53:00,L057,REGISTERED_TO,0.896,CASE-2026-204
VEH-EXT-000768,P054,DL87UB2945,2026-08-28T11:54:00,L051,SEEN_NEAR,0.886,CASE-2026-201
VEH-EXT-000769,P036,DL39GZ1214,2026-08-03T03:31:00,L025,REGISTERED_TO,0.903,CASE-2026-202
VEH-EXT-000770,P108,DL64KI2394,2026-08-11T06:12:00,L002,SEEN_NEAR,0.927,CASE-2026-203
VEH-EXT-000771,P098,DL57KK8244,2026-08-16T23:51:00,L031,SEEN_NEAR,0.909,CASE-2026-204
VEH-EXT-000772,P103,DL08OD4328,2026-08-20T06:40:00,L046,USED,0.944,CASE-2026-201
VEH-EXT-000773,P045,DL57KK8244,2026-08-03T09:43:00,L016,USED,0.989,CASE-2026-202
VEH-EXT-000774,P106,DL55HK5801,2026-08-03T06:44:00,L043,USED,0.953,CASE-2026-203
VEH-EXT-000775,P024,DL41GX5949,2026-08-24T13:12:00,L041,REGISTERED_TO,0.969,CASE-2026-204
VEH-EXT-000776,P069,DL97KE9646,2026-08-11T10:21:00,L030,REGISTERED_TO,0.842,CASE-2026-201
VEH-EXT-000777,P086,DL04PO5412,2026-08-04T00:23:00,L037,SEEN_NEAR,0.854,CASE-2026-202
VEH-EXT-000778,P081,DL76KI5135,2026-08-04T18:41:00,L037,SEEN_NEAR,0.919,CASE-2026-203
VEH-EXT-000779,P037,DL50AJ3222,2026-08-07T20:31:00,L046,REGISTERED_TO,0.85,CASE-2026-204
VEH-EXT-000780,P065,DL23OP9685,2026-08-15T03:43:00,L004,REGISTERED_TO,0.89,CASE-2026-201
VEH-EXT-000781,P104,DL23OP9685,2026-08-06T10:44:00,L015,SEEN_NEAR,0.841,CASE-2026-202
VEH-EXT-000782,P047,DL39UR4920,2026-08-30T20:15:00,L017,SEEN_NEAR,0.965,CASE-2026-203
VEH-EXT-000783,P046,DL23OP9685,2026-08-15T22:43:00,L021,USED,0.935,CASE-2026-204
VEH-EXT-000784,P111,DL60UM9514,2026-08-18T19:04:00,L024,USED,0.958,CASE-2026-201
VEH-EXT-000785,P089,DL64KI2394,2026-08-03T23:30:00,L019,USED,0.816,CASE-2026-202
VEH-EXT-000786,P094,DL85LZ6022,2026-08-04T11:17:00,L010,REGISTERED_TO,0.925,CASE-2026-203
VEH-EXT-000787,P034,DL08LO7279,2026-08-24T03:52:00,L038,USED,0.922,CASE-2026-204
VEH-EXT-000788,P072,DL90BO260,2026-08-03T03:27:00,L006,USED,0.975,CASE-2026-201
VEH-EXT-000789,P055,DL39KO3630,2026-08-28T04:19:00,L051,REGISTERED_TO,0.888,CASE-2026-202
VEH-EXT-000790,P071,DL82IT8140,2026-08-24T08:48:00,L036,USED,0.886,CASE-2026-203
VEH-EXT-000791,P083,DL34VM1567,2026-08-02T18:21:00,L005,USED,0.929,CASE-2026-204
VEH-EXT-000792,P042,DL91QF4618,2026-08-20T08:14:00,L017,SEEN_NEAR,0.923,CASE-2026-201
VEH-EXT-000793,P068,DL81WK7335,2026-08-14T00:30:00,L043,SEEN_NEAR,0.83,CASE-2026-202
VEH-EXT-000794,P001,DL32ME5177,2026-08-24T13:56:00,L035,REGISTERED_TO,0.923,CASE-2026-203
VEH-EXT-000795,P052,DL85LZ6022,2026-08-21T15:00:00,L043,SEEN_NEAR,0.943,CASE-2026-204
VEH-EXT-000796,P086,DL83IA4683,2026-08-22T16:38:00,L051,USED,0.859,CASE-2026-201
VEH-EXT-000797,P085,DL63HW1705,2026-08-25T02:41:00,L045,SEEN_NEAR,0.988,CASE-2026-202
VEH-EXT-000798,P100,DL76KI5135,2026-08-31T14:24:00,L042,SEEN_NEAR,0.966,CASE-2026-203
VEH-EXT-000799,P049,DL60PX9735,2026-08-30T07:38:00,L052,USED,0.827,CASE-2026-204
VEH-EXT-000800,P079,DL04JV9196,2026-08-20T17:43:00,L042,SEEN_NEAR,0.91,CASE-2026-201
VEH-EXT-000801,P106,DL52CI2878,2026-08-15T08:32:00,L015,USED,0.961,CASE-2026-202
VEH-EXT-000802,P014,DL86XA3578,2026-08-18T14:50:00,L032,SEEN_NEAR,0.87,CASE-2026-203
VEH-EXT-000803,P014,DL04PO5412,2026-08-10T05:38:00,L015,SEEN_NEAR,0.891,CASE-2026-204
VEH-EXT-000804,P111,DL28QO9746,2026-08-21T08:14:00,L046,SEEN_NEAR,0.886,CASE-2026-201
VEH-EXT-000805,P040,DL09NH8413,2026-08-06T16:33:00,L002,USED,0.854,CASE-2026-202
VEH-EXT-000806,P087,DL39GZ1214,2026-08-21T04:13:00,L046,SEEN_NEAR,0.888,CASE-2026-203
VEH-EXT-000807,P043,DL08OD4328,2026-08-29T20:57:00,L052,SEEN_NEAR,0.95,CASE-2026-204
VEH-EXT-000808,P057,DL28QO9746,2026-08-24T08:59:00,L049,REGISTERED_TO,0.932,CASE-2026-201
VEH-EXT-000809,P062,DL95WC1257,2026-08-25T13:21:00,L037,USED,0.99,CASE-2026-202
VEH-EXT-000810,P116,DL11LW2713,2026-08-10T20:55:00,L041,USED,0.848,CASE-2026-203
VEH-EXT-000811,P049,DL28QO9746,2026-08-02T16:55:00,L035,REGISTERED_TO,0.822,CASE-2026-204
VEH-EXT-000812,P059,DL92OY5424,2026-08-28T12:12:00,L055,REGISTERED_TO,0.909,CASE-2026-201
VEH-EXT-000813,P065,DL88SX6044,2026-08-10T00:36:00,L005,USED,0.98,CASE-2026-202
VEH-EXT-000814,P083,DL54IH5621,2026-08-26T23:46:00,L048,USED,0.821,CASE-2026-203
VEH-EXT-000815,P056,DL82LI7730,2026-08-11T10:14:00,L025,REGISTERED_TO,0.886,CASE-2026-204
VEH-EXT-000816,P031,DL92OY5424,2026-08-11T03:03:00,L004,SEEN_NEAR,0.953,CASE-2026-201
VEH-EXT-000817,P042,DL29NQ1521,2026-08-03T21:37:00,L004,USED,0.878,CASE-2026-202
VEH-EXT-000818,P005,DL60HV9768,2026-08-02T19:53:00,L060,SEEN_NEAR,0.987,CASE-2026-203
VEH-EXT-000819,P096,DL08LO7279,2026-08-08T05:57:00,L007,REGISTERED_TO,0.824,CASE-2026-204
VEH-EXT-000820,P014,DL96VS1319,2026-08-20T07:57:00,L054,SEEN_NEAR,0.932,CASE-2026-201
VEH-EXT-000821,P102,DL23OP9685,2026-08-18T15:14:00,L050,REGISTERED_TO,0.952,CASE-2026-202
VEH-EXT-000822,P105,DL54IS4434,2026-08-20T08:13:00,L038,REGISTERED_TO,0.974,CASE-2026-203
VEH-EXT-000823,P086,DL91QF4618,2026-08-23T18:58:00,L027,REGISTERED_TO,0.854,CASE-2026-204
VEH-EXT-000824,P009,DL08LO7279,2026-08-17T23:54:00,L018,REGISTERED_TO,0.882,CASE-2026-201
VEH-EXT-000825,P002,DL85RA6801,2026-08-22T02:48:00,L001,REGISTERED_TO,0.854,CASE-2026-202
VEH-EXT-000826,P105,DL19RP402,2026-08-25T17:13:00,L026,SEEN_NEAR,0.986,CASE-2026-203
VEH-EXT-000827,P096,DL47RB786,2026-08-28T12:29:00,L005,REGISTERED_TO,0.961,CASE-2026-204
VEH-EXT-000828,P020,DL08OD4328,2026-08-21T10:34:00,L013,REGISTERED_TO,0.888,CASE-2026-201
VEH-EXT-000829,P047,DL30XV997,2026-08-23T18:30:00,L039,REGISTERED_TO,0.976,CASE-2026-202
VEH-EXT-000830,P004,DL50AJ3222,2026-08-24T00:36:00,L014,SEEN_NEAR,0.805,CASE-2026-203
VEH-EXT-000831,P118,DL85RA6801,2026-08-10T10:58:00,L049,REGISTERED_TO,0.806,CASE-2026-204
VEH-EXT-000832,P098,DL54IS4434,2026-08-18T10:44:00,L041,REGISTERED_TO,0.865,CASE-2026-201
VEH-EXT-000833,P093,DL66UN3298,2026-08-04T20:42:00,L037,USED,0.803,CASE-2026-202
VEH-EXT-000834,P092,DL30XV997,2026-08-17T17:29:00,L044,USED,0.894,CASE-2026-203
VEH-EXT-000835,P099,DL57KK8244,2026-08-01T07:13:00,L026,REGISTERED_TO,0.833,CASE-2026-204
VEH-EXT-000836,P015,DL86XA3578,2026-08-15T22:56:00,L001,SEEN_NEAR,0.801,CASE-2026-201
VEH-EXT-000837,P113,DL82LI7730,2026-08-21T06:27:00,L054,SEEN_NEAR,0.888,CASE-2026-202
VEH-EXT-000838,P057,DL32ME5177,2026-08-30T12:57:00,L060,SEEN_NEAR,0.868,CASE-2026-203
VEH-EXT-000839,P023,DL39UR4920,2026-08-17T15:52:00,L038,REGISTERED_TO,0.839,CASE-2026-204
VEH-EXT-000840,P001,DL28QO9746,2026-08-18T06:55:00,L044,REGISTERED_TO,0.961,CASE-2026-201
VEH-EXT-000841,P095,DL40GM3739,2026-08-09T21:52:00,L030,SEEN_NEAR,0.96,CASE-2026-202
VEH-EXT-000842,P097,DL78RJ114,2026-08-21T12:11:00,L060,SEEN_NEAR,0.827,CASE-2026-203
VEH-EXT-000843,P011,DL08OD4328,2026-08-10T18:16:00,L055,USED,0.924,CASE-2026-204
VEH-EXT-000844,P086,DL11LW2713,2026-08-08T23:30:00,L056,USED,0.829,CASE-2026-201
VEH-EXT-000845,P004,DL32ME5177,2026-08-05T03:18:00,L030,SEEN_NEAR,0.928,CASE-2026-202
VEH-EXT-000846,P068,DL32TC7932,2026-08-03T15:53:00,L058,SEEN_NEAR,0.835,CASE-2026-203
VEH-EXT-000847,P017,DL92OY5424,2026-08-18T15:53:00,L011,REGISTERED_TO,0.975,CASE-2026-204
VEH-EXT-000848,P080,DL62IT2591,2026-08-23T00:06:00,L034,USED,0.811,CASE-2026-201
VEH-EXT-000849,P104,DL40GM3739,2026-08-07T06:17:00,L046,USED,0.895,CASE-2026-202
VEH-EXT-000850,P022,DL87WU7148,2026-08-29T18:52:00,L030,SEEN_NEAR,0.856,CASE-2026-203
VEH-EXT-000851,P086,DL52CI2878,2026-08-05T02:03:00,L049,SEEN_NEAR,0.908,CASE-2026-204
VEH-EXT-000852,P054,DL07HB2247,2026-08-26T07:52:00,L036,REGISTERED_TO,0.886,CASE-2026-201
VEH-EXT-000853,P093,DL55MZ1375,2026-08-24T12:08:00,L003,SEEN_NEAR,0.879,CASE-2026-202
VEH-EXT-000854,P030,DL08OD4328,2026-08-18T05:32:00,L003,SEEN_NEAR,0.849,CASE-2026-203
VEH-EXT-000855,P069,DL32TC7932,2026-08-11T10:17:00,L033,SEEN_NEAR,0.968,CASE-2026-204
VEH-EXT-000856,P076,DL24MH626,2026-08-24T09:57:00,L033,REGISTERED_TO,0.896,CASE-2026-201
VEH-EXT-000857,P024,DL40GM3739,2026-08-22T14:23:00,L060,REGISTERED_TO,0.919,CASE-2026-202
VEH-EXT-000858,P102,DL60UM9514,2026-08-17T00:47:00,L004,SEEN_NEAR,0.961,CASE-2026-203
VEH-EXT-000859,P093,DL16HB2805,2026-08-18T06:56:00,L018,SEEN_NEAR,0.914,CASE-2026-204
VEH-EXT-000860,P041,DL76KI5135,2026-08-27T10:00:00,L027,SEEN_NEAR,0.945,CASE-2026-201
VEH-EXT-000861,P059,DL04PO5412,2026-08-07T23:14:00,L020,REGISTERED_TO,0.888,CASE-2026-202
VEH-EXT-000862,P088,DL55HK5801,2026-08-22T11:28:00,L028,REGISTERED_TO,0.975,CASE-2026-203
VEH-EXT-000863,P091,DL29NQ1521,2026-08-06T11:11:00,L039,USED,0.834,CASE-2026-204
VEH-EXT-000864,P098,DL54IS4434,2026-08-15T09:19:00,L007,SEEN_NEAR,0.872,CASE-2026-201
VEH-EXT-000865,P039,DL11RY5327,2026-08-22T04:07:00,L020,REGISTERED_TO,0.926,CASE-2026-202
VEH-EXT-000866,P027,DL60HV9768,2026-08-28T17:37:00,L060,USED,0.863,CASE-2026-203
VEH-EXT-000867,P006,DL43ON9088,2026-08-03T00:57:00,L023,SEEN_NEAR,0.911,CASE-2026-204
VEH-EXT-000868,P064,DL97KE9646,2026-08-21T13:40:00,L026,REGISTERED_TO,0.965,CASE-2026-201
VEH-EXT-000869,P026,DL57KK8244,2026-08-24T14:50:00,L005,USED,0.925,CASE-2026-202
VEH-EXT-000870,P022,DL85LZ6022,2026-08-31T23:21:00,L017,REGISTERED_TO,0.934,CASE-2026-203
VEH-EXT-000871,P079,DL37ZL3820,2026-08-02T02:07:00,L010,USED,0.812,CASE-2026-204
VEH-EXT-000872,P089,DL44KV6735,2026-08-02T16:09:00,L011,REGISTERED_TO,0.88,CASE-2026-201
VEH-EXT-000873,P112,DL19RP402,2026-08-19T16:20:00,L034,USED,0.916,CASE-2026-202
VEH-EXT-000874,P117,DL47RB786,2026-08-14T17:35:00,L019,USED,0.848,CASE-2026-203
VEH-EXT-000875,P002,DL16HB2805,2026-08-13T03:17:00,L021,USED,0.902,CASE-2026-204
VEH-EXT-000876,P051,DL52CI2878,2026-08-31T21:36:00,L013,REGISTERED_TO,0.819,CASE-2026-201
VEH-EXT-000877,P053,DL02DI9818,2026-08-10T21:16:00,L059,SEEN_NEAR,0.88,CASE-2026-202
VEH-EXT-000878,P032,DL88TU6321,2026-08-12T19:32:00,L044,REGISTERED_TO,0.975,CASE-2026-203
VEH-EXT-000879,P049,DL90JQ8495,2026-08-03T06:38:00,L056,REGISTERED_TO,0.826,CASE-2026-204
VEH-EXT-000880,P061,DL39UR4920,2026-08-17T14:22:00,L008,SEEN_NEAR,0.957,CASE-2026-201
VEH-EXT-000881,P021,DL97KE9646,2026-08-16T17:19:00,L056,SEEN_NEAR,0.836,CASE-2026-202
VEH-EXT-000882,P062,DL92OY5424,2026-08-07T21:32:00,L021,REGISTERED_TO,0.803,CASE-2026-203
VEH-EXT-000883,P066,DL54IS4434,2026-08-22T12:48:00,L060,SEEN_NEAR,0.987,CASE-2026-204
VEH-EXT-000884,P037,DL08OD4328,2026-08-15T14:30:00,L010,SEEN_NEAR,0.938,CASE-2026-201
VEH-EXT-000885,P011,DL39GZ1214,2026-08-04T02:58:00,L037,USED,0.93,CASE-2026-202
VEH-EXT-000886,P065,DL08OD4328,2026-08-15T10:11:00,L003,SEEN_NEAR,0.957,CASE-2026-203
VEH-EXT-000887,P027,DL11RY5327,2026-08-03T20:22:00,L059,REGISTERED_TO,0.986,CASE-2026-204
VEH-EXT-000888,P067,DL63HW1705,2026-08-24T12:54:00,L052,SEEN_NEAR,0.852,CASE-2026-201
VEH-EXT-000889,P104,DL62IT2591,2026-08-18T00:07:00,L025,SEEN_NEAR,0.98,CASE-2026-202
VEH-EXT-000890,P034,DL04JV9196,2026-08-16T00:40:00,L036,REGISTERED_TO,0.848,CASE-2026-203
VEH-EXT-000891,P044,DL11RY5327,2026-08-17T03:35:00,L012,USED,0.821,CASE-2026-204
VEH-EXT-000892,P056,DL66UN3298,2026-08-17T18:01:00,L003,REGISTERED_TO,0.933,CASE-2026-201
VEH-EXT-000893,P084,DL08OD4328,2026-08-24T19:36:00,L032,REGISTERED_TO,0.808,CASE-2026-202
VEH-EXT-000894,P066,DL81KA7608,2026-08-24T04:33:00,L004,USED,0.958,CASE-2026-203
VEH-EXT-000895,P039,DL54IS4434,2026-08-19T02:54:00,L052,REGISTERED_TO,0.849,CASE-2026-204
VEH-EXT-000896,P085,DL88TU6321,2026-08-27T23:06:00,L019,USED,0.97,CASE-2026-201
VEH-EXT-000897,P119,DL45KA6894,2026-08-19T05:01:00,L003,USED,0.981,CASE-2026-202
VEH-EXT-000898,P029,DL09NH8413,2026-08-02T13:35:00,L043,USED,0.807,CASE-2026-203
VEH-EXT-000899,P104,DL35GZ4233,2026-08-25T10:21:00,L014,REGISTERED_TO,0.841,CASE-2026-204
VEH-EXT-000900,P105,DL79FI6946,2026-08-30T11:54:00,L018,SEEN_NEAR,0.919,CASE-2026-201
VEH-EXT-000901,P116,DL76KI5135,2026-08-22T17:03:00,L005,SEEN_NEAR,0.822,CASE-2026-202
VEH-EXT-000902,P022,DL81WK7335,2026-08-04T09:28:00,L044,SEEN_NEAR,0.865,CASE-2026-203
VEH-EXT-000903,P067,DL60UM9514,2026-08-17T22:33:00,L019,REGISTERED_TO,0.817,CASE-2026-204
VEH-EXT-000904,P099,DL43ON9088,2026-08-29T11:29:00,L012,SEEN_NEAR,0.934,CASE-2026-201
VEH-EXT-000905,P022,DL29NQ1521,2026-08-16T21:19:00,L030,SEEN_NEAR,0.942,CASE-2026-202
VEH-EXT-000906,P058,DL63HW1705,2026-08-19T12:00:00,L033,SEEN_NEAR,0.923,CASE-2026-203
VEH-EXT-000907,P002,DL85LZ6022,2026-08-20T00:57:00,L026,USED,0.859,CASE-2026-204
VEH-EXT-000908,P098,DL92OY5424,2026-08-17T12:38:00,L006,USED,0.94,CASE-2026-201
VEH-EXT-000909,P119,DL87WU7148,2026-08-09T00:02:00,L049,SEEN_NEAR,0.915,CASE-2026-202
VEH-EXT-000910,P079,DL07HB2247,2026-08-01T09:57:00,L056,REGISTERED_TO,0.863,CASE-2026-203
VEH-EXT-000911,P063,DL81KA7608,2026-08-06T04:05:00,L053,USED,0.975,CASE-2026-204
VEH-EXT-000912,P077,DL11LW2713,2026-08-05T15:29:00,L050,SEEN_NEAR,0.91,CASE-2026-201
VEH-EXT-000913,P071,DL95WC1257,2026-08-22T12:30:00,L021,USED,0.988,CASE-2026-202
VEH-EXT-000914,P032,DL47TY509,2026-08-30T05:51:00,L045,REGISTERED_TO,0.985,CASE-2026-203
VEH-EXT-000915,P040,DL60PX9735,2026-08-10T18:05:00,L031,USED,0.836,CASE-2026-204
VEH-EXT-000916,P116,DL09HU7907,2026-08-16T06:48:00,L004,USED,0.903,CASE-2026-201
VEH-EXT-000917,P005,DL35GZ4233,2026-08-12T05:03:00,L055,USED,0.826,CASE-2026-202
VEH-EXT-000918,P100,DL90BO260,2026-08-23T03:45:00,L028,SEEN_NEAR,0.886,CASE-2026-203
VEH-EXT-000919,P030,DL11LW2713,2026-08-21T11:08:00,L030,SEEN_NEAR,0.909,CASE-2026-204
VEH-EXT-000920,P068,DL04ES2001,2026-08-01T18:14:00,L036,USED,0.976,CASE-2026-201
VEH-EXT-000921,P002,DL35GZ4233,2026-08-15T05:24:00,L020,USED,0.938,CASE-2026-202
VEH-EXT-000922,P090,DL90BO260,2026-08-04T09:13:00,L028,USED,0.957,CASE-2026-203
VEH-EXT-000923,P039,DL37ZL3820,2026-08-23T06:43:00,L005,USED,0.916,CASE-2026-204
VEH-EXT-000924,P044,DL32ME5177,2026-08-15T03:25:00,L004,SEEN_NEAR,0.852,CASE-2026-201
VEH-EXT-000925,P095,DL97KE9646,2026-08-31T02:36:00,L022,REGISTERED_TO,0.83,CASE-2026-202
VEH-EXT-000926,P099,DL29HQ8356,2026-08-16T07:44:00,L015,USED,0.933,CASE-2026-203
VEH-EXT-000927,P011,DL55MZ1375,2026-08-18T00:03:00,L053,REGISTERED_TO,0.848,CASE-2026-204
VEH-EXT-000928,P071,DL55MZ1375,2026-08-17T16:51:00,L044,USED,0.926,CASE-2026-201
VEH-EXT-000929,P008,DL64KI2394,2026-08-30T20:21:00,L015,SEEN_NEAR,0.982,CASE-2026-202
VEH-EXT-000930,P090,DL30XV997,2026-08-15T02:46:00,L057,REGISTERED_TO,0.803,CASE-2026-203
VEH-EXT-000931,P081,DL32TC7932,2026-08-07T00:04:00,L038,USED,0.9,CASE-2026-204
VEH-EXT-000932,P107,DL90JQ8495,2026-08-27T12:58:00,L012,REGISTERED_TO,0.832,CASE-2026-201
VEH-EXT-000933,P111,DL75AQ7501,2026-08-27T09:34:00,L002,SEEN_NEAR,0.963,CASE-2026-202
VEH-EXT-000934,P061,DL39UR4920,2026-08-03T01:41:00,L050,REGISTERED_TO,0.943,CASE-2026-203
VEH-EXT-000935,P113,DL29HQ8356,2026-08-09T22:19:00,L033,USED,0.856,CASE-2026-204
VEH-EXT-000936,P091,DL81WK7335,2026-08-12T07:05:00,L006,REGISTERED_TO,0.896,CASE-2026-201
VEH-EXT-000937,P026,DL88TU6321,2026-08-02T05:32:00,L004,USED,0.871,CASE-2026-202
VEH-EXT-000938,P063,DL47RB786,2026-08-17T01:02:00,L037,USED,0.89,CASE-2026-203
VEH-EXT-000939,P096,DL85LZ6022,2026-08-25T18:38:00,L046,SEEN_NEAR,0.824,CASE-2026-204
VEH-EXT-000940,P074,DL09HU7907,2026-08-30T18:23:00,L028,USED,0.97,CASE-2026-201
VEH-EXT-000941,P034,DL28QO9746,2026-08-17T13:42:00,L034,REGISTERED_TO,0.854,CASE-2026-202
VEH-EXT-000942,P033,DL63HW1705,2026-08-19T19:20:00,L036,SEEN_NEAR,0.82,CASE-2026-203
VEH-EXT-000943,P102,DL09HU7907,2026-08-03T21:14:00,L042,REGISTERED_TO,0.92,CASE-2026-204
VEH-EXT-000944,P099,DL39KO3630,2026-08-09T04:32:00,L017,USED,0.976,CASE-2026-201
VEH-EXT-000945,P080,DL44KV6735,2026-08-12T02:09:00,L056,USED,0.968,CASE-2026-202
VEH-EXT-000946,P005,DL11LW2713,2026-08-03T09:43:00,L026,REGISTERED_TO,0.811,CASE-2026-203
VEH-EXT-000947,P077,DL08LO7279,2026-08-30T12:16:00,L045,REGISTERED_TO,0.882,CASE-2026-204
VEH-EXT-000948,P120,DL43ON9088,2026-08-25T16:38:00,L005,USED,0.842,CASE-2026-201
VEH-EXT-000949,P111,DL04ES2001,2026-08-09T17:05:00,L044,USED,0.951,CASE-2026-202
VEH-EXT-000950,P054,DL04JV9196,2026-08-17T07:10:00,L031,SEEN_NEAR,0.856,CASE-2026-203
VEH-EXT-000951,P076,DL37ZL3820,2026-08-27T22:33:00,L045,SEEN_NEAR,0.902,CASE-2026-204
VEH-EXT-000952,P096,DL75AQ7501,2026-08-08T22:32:00,L019,SEEN_NEAR,0.882,CASE-2026-201
VEH-EXT-000953,P013,DL40GM3739,2026-08-06T18:54:00,L042,SEEN_NEAR,0.912,CASE-2026-202
VEH-EXT-000954,P098,DL28QO9746,2026-08-27T16:02:00,L053,USED,0.929,CASE-2026-203
VEH-EXT-000955,P049,DL11RY5327,2026-08-21T17:08:00,L054,SEEN_NEAR,0.974,CASE-2026-204
VEH-EXT-000956,P005,DL16HB2805,2026-08-02T07:52:00,L044,SEEN_NEAR,0.974,CASE-2026-201
VEH-EXT-000957,P113,DL02DI9818,2026-08-02T11:39:00,L037,REGISTERED_TO,0.881,CASE-2026-202
VEH-EXT-000958,P009,DL19RP402,2026-08-30T18:50:00,L017,SEEN_NEAR,0.861,CASE-2026-203
VEH-EXT-000959,P003,DL87WU7148,2026-08-09T23:24:00,L021,USED,0.886,CASE-2026-204
VEH-EXT-000960,P040,DL83IA4683,2026-08-10T17:47:00,L053,SEEN_NEAR,0.853,CASE-2026-201
VEH-EXT-000961,P045,DL37ZL3820,2026-08-23T00:13:00,L025,USED,0.986,CASE-2026-202
VEH-EXT-000962,P109,DL81KA7608,2026-08-04T19:02:00,L023,USED,0.832,CASE-2026-203
VEH-EXT-000963,P058,DL09HU7907,2026-08-17T19:15:00,L004,REGISTERED_TO,0.887,CASE-2026-204
VEH-EXT-000964,P110,DL16HB2805,2026-08-13T03:09:00,L028,SEEN_NEAR,0.864,CASE-2026-201
VEH-EXT-000965,P013,DL08OD4328,2026-08-07T21:06:00,L031,SEEN_NEAR,0.939,CASE-2026-202
VEH-EXT-000966,P007,DL09NH8413,2026-08-30T16:13:00,L057,SEEN_NEAR,0.962,CASE-2026-203
VEH-EXT-000967,P109,DL86XA3578,2026-08-02T11:08:00,L025,SEEN_NEAR,0.988,CASE-2026-204
VEH-EXT-000968,P009,DL63HW1705,2026-08-27T01:46:00,L028,USED,0.916,CASE-2026-201
VEH-EXT-000969,P002,DL04ES2001,2026-08-10T16:08:00,L053,USED,0.979,CASE-2026-202
VEH-EXT-000970,P035,DL91QF4618,2026-08-07T12:18:00,L027,SEEN_NEAR,0.94,CASE-2026-203
VEH-EXT-000971,P080,DL62IT2591,2026-08-05T05:42:00,L055,REGISTERED_TO,0.904,CASE-2026-204
VEH-EXT-000972,P054,DL34VM1567,2026-08-08T04:24:00,L034,REGISTERED_TO,0.947,CASE-2026-201
VEH-EXT-000973,P010,DL60PX9735,2026-08-16T09:22:00,L012,REGISTERED_TO,0.81,CASE-2026-202
VEH-EXT-000974,P019,DL02HV3719,2026-08-13T07:30:00,L005,REGISTERED_TO,0.828,CASE-2026-203
VEH-EXT-000975,P120,DL76KI5135,2026-08-19T09:30:00,L026,REGISTERED_TO,0.891,CASE-2026-204
VEH-EXT-000976,P116,DL32ME5177,2026-08-20T02:05:00,L021,SEEN_NEAR,0.846,CASE-2026-201
VEH-EXT-000977,P068,DL88TU6321,2026-08-31T16:28:00,L060,USED,0.896,CASE-2026-202
VEH-EXT-000978,P109,DL91QF4618,2026-08-03T09:45:00,L050,USED,0.863,CASE-2026-203
VEH-EXT-000979,P084,DL47RB786,2026-08-03T06:32:00,L031,REGISTERED_TO,0.851,CASE-2026-204
VEH-EXT-000980,P101,DL45KA6894,2026-08-25T14:30:00,L036,SEEN_NEAR,0.888,CASE-2026-201
VEH-EXT-000981,P014,DL41GX5949,2026-08-12T07:57:00,L045,SEEN_NEAR,0.916,CASE-2026-202
VEH-EXT-000982,P010,DL02HV3719,2026-08-27T01:50:00,L036,SEEN_NEAR,0.976,CASE-2026-203
VEH-EXT-000983,P003,DL39UR4920,2026-08-07T15:19:00,L059,SEEN_NEAR,0.871,CASE-2026-204
VEH-EXT-000984,P078,DL07HB2247,2026-08-18T22:49:00,L036,REGISTERED_TO,0.88,CASE-2026-201
VEH-EXT-000985,P015,DL39UR4920,2026-08-07T16:44:00,L050,SEEN_NEAR,0.975,CASE-2026-202
VEH-EXT-000986,P055,DL57KK8244,2026-08-09T00:11:00,L046,SEEN_NEAR,0.939,CASE-2026-203
VEH-EXT-000987,P084,DL91QF4618,2026-08-09T10:16:00,L030,USED,0.837,CASE-2026-204
VEH-EXT-000988,P074,DL65MS3221,2026-08-01T19:33:00,L019,USED,0.819,CASE-2026-201
VEH-EXT-000989,P077,DL04ES2001,2026-08-14T18:32:00,L050,REGISTERED_TO,0.929,CASE-2026-202
VEH-EXT-000990,P118,DL02HV3719,2026-08-12T14:07:00,L058,SEEN_NEAR,0.985,CASE-2026-203
VEH-EXT-000991,P106,DL34VM1567,2026-08-20T11:24:00,L019,REGISTERED_TO,0.81,CASE-2026-204
VEH-EXT-000992,P029,DL52CI2878,2026-08-02T12:10:00,L038,USED,0.831,CASE-2026-201
VEH-EXT-000993,P062,DL89YG8738,2026-08-07T06:43:00,L050,REGISTERED_TO,0.897,CASE-2026-202
VEH-EXT-000994,P001,DL81KA7608,2026-08-31T03:32:00,L005,USED,0.924,CASE-2026-203
VEH-EXT-000995,P096,DL87WU7148,2026-08-23T00:46:00,L001,SEEN_NEAR,0.843,CASE-2026-204
VEH-EXT-000996,P083,DL65MS3221,2026-08-18T23:02:00,L021,REGISTERED_TO,0.828,CASE-2026-201
VEH-EXT-000997,P004,DL39GZ1214,2026-08-29T19:48:00,L052,SEEN_NEAR,0.828,CASE-2026-202
VEH-EXT-000998,P017,DL27TR2259,2026-08-10T17:49:00,L031,SEEN_NEAR,0.929,CASE-2026-203
VEH-EXT-000999,P051,DL97KE9646,2026-08-14T20:07:00,L059,SEEN_NEAR,0.886,CASE-2026-204
VEH-EXT-001000,P005,DL40KE1882,2026-08-20T21:56:00,L017,USED,0.834,CASE-2026-201
VEH-EXT-001001,P015,DL02HV3719,2026-08-12T21:06:00,L031,USED,0.916,CASE-2026-202
VEH-EXT-001002,P061,DL88SX6044,2026-08-21T20:10:00,L055,USED,0.935,CASE-2026-203
VEH-EXT-001003,P028,DL54IH5621,2026-08-14T06:10:00,L057,REGISTERED_TO,0.818,CASE-2026-204
VEH-EXT-001004,P061,DL40KE1882,2026-08-25T07:57:00,L051,USED,0.821,CASE-2026-201
VEH-EXT-001005,P005,DL43ON9088,2026-08-09T17:28:00,L034,USED,0.898,CASE-2026-202
VEH-EXT-001006,P108,DL64KI2394,2026-08-12T11:02:00,L031,SEEN_NEAR,0.863,CASE-2026-203
VEH-EXT-001007,P051,DL29HQ8356,2026-08-06T06:31:00,L057,SEEN_NEAR,0.936,CASE-2026-204
VEH-EXT-001008,P044,DL60HV9768,2026-08-09T14:23:00,L020,USED,0.989,CASE-2026-201
VEH-EXT-001009,P012,DL81WK7335,2026-08-23T08:33:00,L057,REGISTERED_TO,0.856,CASE-2026-202
VEH-EXT-001010,P016,DL02HV3719,2026-08-30T13:42:00,L049,SEEN_NEAR,0.855,CASE-2026-203
VEH-EXT-001011,P092,DL39KO3630,2026-08-05T16:32:00,L058,SEEN_NEAR,0.83,CASE-2026-204
VEH-EXT-001012,P069,DL45KA6894,2026-08-05T02:31:00,L041,SEEN_NEAR,0.935,CASE-2026-201
VEH-EXT-001013,P093,DL54IH5621,2026-08-19T16:49:00,L016,REGISTERED_TO,0.972,CASE-2026-202
VEH-EXT-001014,P093,DL49SF8485,2026-08-02T23:36:00,L059,REGISTERED_TO,0.855,CASE-2026-203
VEH-EXT-001015,P088,DL32TC7932,2026-08-04T11:18:00,L034,REGISTERED_TO,0.949,CASE-2026-204
VEH-EXT-001016,P064,DL55HK5801,2026-08-30T08:02:00,L026,SEEN_NEAR,0.981,CASE-2026-201
VEH-EXT-001017,P045,DL04PO5412,2026-08-05T21:46:00,L052,SEEN_NEAR,0.851,CASE-2026-202
VEH-EXT-001018,P009,DL52CI2878,2026-08-02T23:06:00,L025,REGISTERED_TO,0.836,CASE-2026-203
VEH-EXT-001019,P058,DL07HB2247,2026-08-21T07:04:00,L008,SEEN_NEAR,0.815,CASE-2026-204
VEH-EXT-001020,P010,DL35GZ4233,2026-08-14T18:00:00,L058,USED,0.978,CASE-2026-201
VEH-EXT-001021,P028,DL91QF4618,2026-08-22T02:30:00,L055,SEEN_NEAR,0.927,CASE-2026-202
VEH-EXT-001022,P076,DL28QO9746,2026-08-07T08:42:00,L024,SEEN_NEAR,0.873,CASE-2026-203
VEH-EXT-001023,P075,DL60PX9735,2026-08-26T22:22:00,L018,SEEN_NEAR,0.861,CASE-2026-204
VEH-EXT-001024,P079,DL90BO260,2026-08-01T07:20:00,L057,REGISTERED_TO,0.889,CASE-2026-201
VEH-EXT-001025,P043,DL54IH5621,2026-08-28T16:25:00,L060,REGISTERED_TO,0.894,CASE-2026-202
VEH-EXT-001026,P043,DL24MH626,2026-08-23T07:16:00,L059,SEEN_NEAR,0.815,CASE-2026-203
VEH-EXT-001027,P032,DL34VM1567,2026-08-17T01:35:00,L049,REGISTERED_TO,0.819,CASE-2026-204
VEH-EXT-001028,P024,DL60PX9735,2026-08-15T00:10:00,L007,SEEN_NEAR,0.876,CASE-2026-201
VEH-EXT-001029,P078,DL92OY5424,2026-08-22T15:08:00,L021,REGISTERED_TO,0.86,CASE-2026-202
VEH-EXT-001030,P102,DL08LO7279,2026-08-04T13:06:00,L060,SEEN_NEAR,0.816,CASE-2026-203
VEH-EXT-001031,P107,DL32ME5177,2026-08-16T15:04:00,L025,USED,0.893,CASE-2026-204
VEH-EXT-001032,P070,DL04ES2001,2026-08-30T09:03:00,L024,REGISTERED_TO,0.812,CASE-2026-201
VEH-EXT-001033,P001,DL88TU6321,2026-08-03T22:52:00,L049,USED,0.873,CASE-2026-202
VEH-EXT-001034,P115,DL02HV3719,2026-08-01T16:08:00,L056,SEEN_NEAR,0.968,CASE-2026-203
VEH-EXT-001035,P071,DL49SF8485,2026-08-06T16:22:00,L033,REGISTERED_TO,0.93,CASE-2026-204
VEH-EXT-001036,P029,DL32TC7932,2026-08-09T11:05:00,L052,REGISTERED_TO,0.94,CASE-2026-201
VEH-EXT-001037,P100,DL88TU6321,2026-08-12T10:16:00,L003,USED,0.877,CASE-2026-202
VEH-EXT-001038,P029,DL11LW2713,2026-08-04T00:09:00,L020,REGISTERED_TO,0.978,CASE-2026-203
VEH-EXT-001039,P018,DL19RP402,2026-08-04T17:02:00,L038,USED,0.985,CASE-2026-204
VEH-EXT-001040,P077,DL29NQ1521,2026-08-31T18:21:00,L023,SEEN_NEAR,0.946,CASE-2026-201
VEH-EXT-001041,P056,DL97KE9646,2026-08-25T21:51:00,L028,REGISTERED_TO,0.879,CASE-2026-202
VEH-EXT-001042,P044,DL88TU6321,2026-08-19T10:03:00,L048,USED,0.921,CASE-2026-203
VEH-EXT-001043,P064,DL09HU7907,2026-08-16T10:11:00,L009,USED,0.826,CASE-2026-204
VEH-EXT-001044,P016,DL95WC1257,2026-08-28T20:06:00,L023,SEEN_NEAR,0.986,CASE-2026-201
VEH-EXT-001045,P052,DL32TC7932,2026-08-22T15:01:00,L043,REGISTERED_TO,0.974,CASE-2026-202
VEH-EXT-001046,P039,DL82IT8140,2026-08-13T23:16:00,L027,SEEN_NEAR,0.874,CASE-2026-203
VEH-EXT-001047,P063,DL55HK5801,2026-08-04T02:27:00,L055,REGISTERED_TO,0.806,CASE-2026-204
VEH-EXT-001048,P088,DL27TR2259,2026-08-29T02:27:00,L044,REGISTERED_TO,0.933,CASE-2026-201
VEH-EXT-001049,P042,DL16HB2805,2026-08-16T03:03:00,L060,SEEN_NEAR,0.858,CASE-2026-202
VEH-EXT-001050,P012,DL39GZ1214,2026-08-27T04:55:00,L036,SEEN_NEAR,0.948,CASE-2026-203
VEH-EXT-001051,P075,DL87WU7148,2026-08-05T13:20:00,L027,USED,0.893,CASE-2026-204
VEH-EXT-001052,P091,DL95WC1257,2026-08-19T19:34:00,L021,USED,0.972,CASE-2026-201
VEH-EXT-001053,P047,DL09HU7907,2026-08-21T04:30:00,L023,USED,0.89,CASE-2026-202
VEH-EXT-001054,P092,DL41GX5949,2026-08-03T21:21:00,L012,REGISTERED_TO,0.949,CASE-2026-203
VEH-EXT-001055,P018,DL24MH626,2026-08-14T06:37:00,L004,USED,0.818,CASE-2026-204
VEH-EXT-001056,P055,DL89YG8738,2026-08-15T15:25:00,L031,REGISTERED_TO,0.844,CASE-2026-201
VEH-EXT-001057,P010,DL66UN3298,2026-08-14T21:29:00,L042,SEEN_NEAR,0.869,CASE-2026-202
VEH-EXT-001058,P048,DL81WK7335,2026-08-25T18:48:00,L042,USED,0.912,CASE-2026-203
VEH-EXT-001059,P083,DL32ME5177,2026-08-27T07:32:00,L027,USED,0.943,CASE-2026-204
VEH-EXT-001060,P039,DL82LI7730,2026-08-22T09:49:00,L056,SEEN_NEAR,0.94,CASE-2026-201
VEH-EXT-001061,P004,DL87WU7148,2026-08-01T17:09:00,L017,USED,0.924,CASE-2026-202
VEH-EXT-001062,P048,DL54IH5621,2026-08-30T21:34:00,L033,REGISTERED_TO,0.867,CASE-2026-203
VEH-EXT-001063,P083,DL49SF8485,2026-08-29T05:14:00,L050,REGISTERED_TO,0.93,CASE-2026-204
VEH-EXT-001064,P033,DL21CR2848,2026-08-14T17:39:00,L057,USED,0.826,CASE-2026-201
VEH-EXT-001065,P044,DL92OY5424,2026-08-27T14:17:00,L045,SEEN_NEAR,0.884,CASE-2026-202
VEH-EXT-001066,P119,DL05LU5710,2026-08-23T16:09:00,L043,REGISTERED_TO,0.805,CASE-2026-203
VEH-EXT-001067,P035,DL44KV6735,2026-08-11T05:47:00,L056,SEEN_NEAR,0.885,CASE-2026-204
VEH-EXT-001068,P062,DL66UN3298,2026-08-28T09:52:00,L034,SEEN_NEAR,0.805,CASE-2026-201
VEH-EXT-001069,P007,DL41GX5949,2026-08-16T00:16:00,L010,SEEN_NEAR,0.914,CASE-2026-202
VEH-EXT-001070,P077,DL08OD4328,2026-08-11T14:03:00,L053,REGISTERED_TO,0.835,CASE-2026-203
VEH-EXT-001071,P071,DL11RY5327,2026-08-22T10:49:00,L044,USED,0.819,CASE-2026-204
VEH-EXT-001072,P014,DL39UR4920,2026-08-17T10:09:00,L017,SEEN_NEAR,0.836,CASE-2026-201
VEH-EXT-001073,P108,DL82IT8140,2026-08-11T02:46:00,L007,USED,0.892,CASE-2026-202
VEH-EXT-001074,P044,DL23OP9685,2026-08-27T18:55:00,L001,SEEN_NEAR,0.988,CASE-2026-203
VEH-EXT-001075,P071,DL29HQ8356,2026-08-22T14:48:00,L027,SEEN_NEAR,0.958,CASE-2026-204
VEH-EXT-001076,P112,DL09NH8413,2026-08-20T07:41:00,L029,USED,0.82,CASE-2026-201
VEH-EXT-001077,P109,DL86XA3578,2026-08-02T03:52:00,L023,SEEN_NEAR,0.841,CASE-2026-202
VEH-EXT-001078,P119,DL11LW2713,2026-08-21T20:47:00,L015,USED,0.906,CASE-2026-203
VEH-EXT-001079,P044,DL64KI2394,2026-08-15T10:12:00,L036,USED,0.878,CASE-2026-204
VEH-EXT-001080,P049,DL86XA3578,2026-08-26T12:03:00,L034,REGISTERED_TO,0.873,CASE-2026-201
VEH-EXT-001081,P109,DL08OD4328,2026-08-19T15:52:00,L010,REGISTERED_TO,0.813,CASE-2026-202
VEH-EXT-001082,P013,DL81WK7335,2026-08-23T18:19:00,L010,REGISTERED_TO,0.912,CASE-2026-203
VEH-EXT-001083,P120,DL85RA6801,2026-08-07T11:14:00,L048,SEEN_NEAR,0.887,CASE-2026-204
VEH-EXT-001084,P055,DL64KI2394,2026-08-28T22:51:00,L010,REGISTERED_TO,0.97,CASE-2026-201
VEH-EXT-001085,P059,DL35GZ4233,2026-08-04T15:06:00,L052,USED,0.938,CASE-2026-202
VEH-EXT-001086,P024,DL09HU7907,2026-08-30T13:44:00,L042,SEEN_NEAR,0.938,CASE-2026-203
VEH-EXT-001087,P074,DL49SF8485,2026-08-11T16:26:00,L045,SEEN_NEAR,0.923,CASE-2026-204
VEH-EXT-001088,P012,DL92OY5424,2026-08-06T20:24:00,L016,SEEN_NEAR,0.95,CASE-2026-201
VEH-EXT-001089,P054,DL95WC1257,2026-08-16T03:07:00,L004,USED,0.98,CASE-2026-202
VEH-EXT-001090,P016,DL24MH626,2026-08-02T10:06:00,L008,REGISTERED_TO,0.941,CASE-2026-203
VEH-EXT-001091,P001,DL02HV3719,2026-08-12T17:38:00,L043,SEEN_NEAR,0.818,CASE-2026-204
VEH-EXT-001092,P011,DL88TU6321,2026-08-15T10:57:00,L053,SEEN_NEAR,0.94,CASE-2026-201
VEH-EXT-001093,P113,DL82IT8140,2026-08-26T13:03:00,L017,SEEN_NEAR,0.835,CASE-2026-202
VEH-EXT-001094,P052,DL02HV3719,2026-08-20T02:31:00,L026,USED,0.856,CASE-2026-203
VEH-EXT-001095,P001,DL95WC1257,2026-08-05T13:42:00,L007,USED,0.806,CASE-2026-204
VEH-EXT-001096,P104,DL78RJ114,2026-08-28T08:08:00,L008,REGISTERED_TO,0.817,CASE-2026-201
VEH-EXT-001097,P106,DL81KA7608,2026-08-19T20:36:00,L044,USED,0.974,CASE-2026-202
VEH-EXT-001098,P024,DL81WK7335,2026-08-11T22:53:00,L021,USED,0.819,CASE-2026-203
VEH-EXT-001099,P074,DL60HV9768,2026-08-27T11:36:00,L004,SEEN_NEAR,0.98,CASE-2026-204
VEH-EXT-001100,P008,DL16HB2805,2026-08-31T15:23:00,L015,SEEN_NEAR,0.971,CASE-2026-201
VEH-EXT-001101,P090,DL96VS1319,2026-08-04T03:15:00,L003,USED,0.878,CASE-2026-202
VEH-EXT-001102,P033,DL88SX6044,2026-08-11T19:03:00,L010,SEEN_NEAR,0.884,CASE-2026-203
VEH-EXT-001103,P104,DL83IA4683,2026-08-28T23:33:00,L023,REGISTERED_TO,0.932,CASE-2026-204
VEH-EXT-001104,P087,DL39KO3630,2026-08-13T06:53:00,L021,USED,0.828,CASE-2026-201
VEH-EXT-001105,P113,DL30XV997,2026-08-16T10:41:00,L037,REGISTERED_TO,0.975,CASE-2026-202
VEH-EXT-001106,P096,DL04ES2001,2026-08-12T19:10:00,L058,REGISTERED_TO,0.892,CASE-2026-203
VEH-EXT-001107,P037,DL54IS4434,2026-08-02T00:29:00,L032,SEEN_NEAR,0.917,CASE-2026-204
VEH-EXT-001108,P048,DL88SX6044,2026-08-25T00:16:00,L021,REGISTERED_TO,0.895,CASE-2026-201
VEH-EXT-001109,P076,DL25EU426,2026-08-28T11:15:00,L036,REGISTERED_TO,0.97,CASE-2026-202
VEH-EXT-001110,P035,DL92OY5424,2026-08-09T22:23:00,L048,SEEN_NEAR,0.859,CASE-2026-203
VEH-EXT-001111,P047,DL29HQ8356,2026-08-31T04:10:00,L005,SEEN_NEAR,0.803,CASE-2026-204
VEH-EXT-001112,P061,DL85LZ6022,2026-08-06T12:23:00,L014,REGISTERED_TO,0.954,CASE-2026-201
VEH-EXT-001113,P003,DL75AQ7501,2026-08-22T04:56:00,L060,REGISTERED_TO,0.844,CASE-2026-202
VEH-EXT-001114,P010,DL66UN3298,2026-08-05T21:47:00,L017,SEEN_NEAR,0.83,CASE-2026-203
VEH-EXT-001115,P007,DL85LZ6022,2026-08-06T15:01:00,L045,SEEN_NEAR,0.918,CASE-2026-204
VEH-EXT-001116,P058,DL89YG8738,2026-08-16T18:35:00,L036,SEEN_NEAR,0.85,CASE-2026-201
VEH-EXT-001117,P115,DL11LW2713,2026-08-08T06:54:00,L019,REGISTERED_TO,0.935,CASE-2026-202
VEH-EXT-001118,P071,DL79FI6946,2026-08-09T02:05:00,L047,REGISTERED_TO,0.812,CASE-2026-203
VEH-EXT-001119,P040,DL39KO3630,2026-08-28T13:20:00,L056,SEEN_NEAR,0.884,CASE-2026-204
VEH-EXT-001120,P111,DL40GM3739,2026-08-23T01:46:00,L004,SEEN_NEAR,0.819,CASE-2026-201
VEH-EXT-001121,P079,DL82LI7730,2026-08-01T15:35:00,L025,SEEN_NEAR,0.852,CASE-2026-202
VEH-EXT-001122,P024,DL90JQ8495,2026-08-03T03:15:00,L009,SEEN_NEAR,0.86,CASE-2026-203
VEH-EXT-001123,P037,DL02HV3719,2026-08-16T05:42:00,L041,USED,0.904,CASE-2026-204
VEH-EXT-001124,P114,DL07HB2247,2026-08-13T12:31:00,L023,USED,0.978,CASE-2026-201
VEH-EXT-001125,P099,DL50AJ3222,2026-08-26T21:55:00,L041,USED,0.857,CASE-2026-202
VEH-EXT-001126,P101,DL25EU426,2026-08-26T05:18:00,L053,SEEN_NEAR,0.966,CASE-2026-203
VEH-EXT-001127,P053,DL90JQ8495,2026-08-05T23:55:00,L004,SEEN_NEAR,0.988,CASE-2026-204
VEH-EXT-001128,P044,DL55HK5801,2026-08-27T12:59:00,L030,SEEN_NEAR,0.91,CASE-2026-201
VEH-EXT-001129,P063,DL34VM1567,2026-08-31T11:52:00,L056,SEEN_NEAR,0.91,CASE-2026-202
VEH-EXT-001130,P081,DL21CR2848,2026-08-29T10:33:00,L042,USED,0.896,CASE-2026-203
VEH-EXT-001131,P096,DL49SF8485,2026-08-03T18:11:00,L011,USED,0.976,CASE-2026-204
VEH-EXT-001132,P048,DL91QF4618,2026-08-03T06:55:00,L023,REGISTERED_TO,0.808,CASE-2026-201
VEH-EXT-001133,P101,DL75AQ7501,2026-08-17T21:32:00,L019,REGISTERED_TO,0.831,CASE-2026-202
VEH-EXT-001134,P048,DL88TU6321,2026-08-28T08:36:00,L050,REGISTERED_TO,0.979,CASE-2026-203
VEH-EXT-001135,P010,DL81KA7608,2026-08-28T05:05:00,L058,SEEN_NEAR,0.845,CASE-2026-204
VEH-EXT-001136,P082,DL85RA6801,2026-08-12T18:42:00,L003,REGISTERED_TO,0.803,CASE-2026-201
VEH-EXT-001137,P022,DL65MS3221,2026-08-20T18:52:00,L020,USED,0.801,CASE-2026-202
VEH-EXT-001138,P068,DL45KA6894,2026-08-15T16:16:00,L057,REGISTERED_TO,0.851,CASE-2026-203
VEH-EXT-001139,P038,DL85LZ6022,2026-08-10T17:40:00,L016,SEEN_NEAR,0.986,CASE-2026-204
VEH-EXT-001140,P034,DL64KI2394,2026-08-24T16:40:00,L022,SEEN_NEAR,0.805,CASE-2026-201
VEH-EXT-001141,P111,DL28QO9746,2026-08-13T14:01:00,L016,SEEN_NEAR,0.975,CASE-2026-202
VEH-EXT-001142,P119,DL34VM1567,2026-08-06T23:58:00,L004,REGISTERED_TO,0.913,CASE-2026-203
VEH-EXT-001143,P047,DL25EU426,2026-08-31T11:45:00,L051,USED,0.957,CASE-2026-204
VEH-EXT-001144,P107,DL09NH8413,2026-08-05T20:33:00,L030,REGISTERED_TO,0.977,CASE-2026-201
VEH-EXT-001145,P100,DL88TU6321,2026-08-22T22:33:00,L034,REGISTERED_TO,0.885,CASE-2026-202
VEH-EXT-001146,P025,DL54IH5621,2026-08-03T04:38:00,L044,REGISTERED_TO,0.896,CASE-2026-203
VEH-EXT-001147,P098,DL87UB2945,2026-08-11T17:45:00,L005,REGISTERED_TO,0.948,CASE-2026-204
VEH-EXT-001148,P104,DL81WK7335,2026-08-28T13:51:00,L053,REGISTERED_TO,0.973,CASE-2026-201
VEH-EXT-001149,P035,DL60HV9768,2026-08-20T14:49:00,L044,REGISTERED_TO,0.867,CASE-2026-202
VEH-EXT-001150,P043,DL49SF8485,2026-08-18T11:07:00,L032,SEEN_NEAR,0.893,CASE-2026-203
VEH-EXT-001151,P038,DL34VM1567,2026-08-10T13:25:00,L048,USED,0.963,CASE-2026-204
VEH-EXT-001152,P075,DL04ES2001,2026-08-14T05:01:00,L023,REGISTERED_TO,0.906,CASE-2026-201
VEH-EXT-001153,P087,DL50AJ3222,2026-08-11T21:51:00,L046,REGISTERED_TO,0.891,CASE-2026-202
VEH-EXT-001154,P065,DL95WC1257,2026-08-30T03:41:00,L010,USED,0.942,CASE-2026-203
VEH-EXT-001155,P095,DL41GX5949,2026-08-21T19:09:00,L020,REGISTERED_TO,0.871,CASE-2026-204
VEH-EXT-001156,P036,DL75AQ7501,2026-08-20T01:56:00,L023,REGISTERED_TO,0.96,CASE-2026-201
VEH-EXT-001157,P069,DL76KI5135,2026-08-15T00:06:00,L020,SEEN_NEAR,0.811,CASE-2026-202
VEH-EXT-001158,P118,DL55MZ1375,2026-08-21T11:52:00,L040,USED,0.816,CASE-2026-203
VEH-EXT-001159,P022,DL23OP9685,2026-08-30T18:38:00,L058,USED,0.904,CASE-2026-204
VEH-EXT-001160,P039,DL50AJ3222,2026-08-06T06:40:00,L013,SEEN_NEAR,0.913,CASE-2026-201
VEH-EXT-001161,P049,DL45KA6894,2026-08-31T10:31:00,L032,SEEN_NEAR,0.945,CASE-2026-202
VEH-EXT-001162,P044,DL47TY509,2026-08-08T18:44:00,L006,USED,0.974,CASE-2026-203
VEH-EXT-001163,P118,DL90JQ8495,2026-08-19T03:08:00,L040,SEEN_NEAR,0.969,CASE-2026-204
VEH-EXT-001164,P032,DL08LO7279,2026-08-27T15:12:00,L046,USED,0.949,CASE-2026-201
VEH-EXT-001165,P117,DL40KE1882,2026-08-16T00:56:00,L044,SEEN_NEAR,0.983,CASE-2026-202
VEH-EXT-001166,P071,DL47TY509,2026-08-17T15:26:00,L046,REGISTERED_TO,0.921,CASE-2026-203
VEH-EXT-001167,P019,DL39GZ1214,2026-08-20T12:11:00,L003,USED,0.847,CASE-2026-204
VEH-EXT-001168,P068,DL78RJ114,2026-08-09T18:06:00,L052,SEEN_NEAR,0.866,CASE-2026-201
VEH-EXT-001169,P036,DL75AQ7501,2026-08-26T20:27:00,L038,USED,0.902,CASE-2026-202
VEH-EXT-001170,P109,DL28QO9746,2026-08-24T06:11:00,L013,USED,0.878,CASE-2026-203
VEH-EXT-001171,P015,DL11RY5327,2026-08-31T04:50:00,L012,SEEN_NEAR,0.854,CASE-2026-204
VEH-EXT-001172,P096,DL64KI2394,2026-08-12T10:53:00,L026,USED,0.943,CASE-2026-201
VEH-EXT-001173,P041,DL39KO3630,2026-08-02T03:39:00,L039,REGISTERED_TO,0.899,CASE-2026-202
VEH-EXT-001174,P057,DL90JQ8495,2026-08-11T21:11:00,L014,USED,0.869,CASE-2026-203
VEH-EXT-001175,P061,DL08OD4328,2026-08-12T15:13:00,L060,REGISTERED_TO,0.875,CASE-2026-204
VEH-EXT-001176,P093,DL27TR2259,2026-08-25T07:00:00,L036,USED,0.887,CASE-2026-201
VEH-EXT-001177,P020,DL55MZ1375,2026-08-15T15:19:00,L008,USED,0.955,CASE-2026-202
VEH-EXT-001178,P019,DL19RP402,2026-08-15T06:00:00,L056,USED,0.909,CASE-2026-203
VEH-EXT-001179,P101,DL87WU7148,2026-08-15T23:28:00,L029,USED,0.975,CASE-2026-204
VEH-EXT-001180,P012,DL55HK5801,2026-08-23T20:21:00,L048,USED,0.985,CASE-2026-201
VEH-EXT-001181,P094,DL27TR2259,2026-08-07T07:11:00,L003,REGISTERED_TO,0.81,CASE-2026-202
VEH-EXT-001182,P112,DL54IS4434,2026-08-07T18:08:00,L023,SEEN_NEAR,0.824,CASE-2026-203
VEH-EXT-001183,P100,DL43ON9088,2026-08-20T20:51:00,L050,USED,0.807,CASE-2026-204
VEH-EXT-001184,P057,DL45KA6894,2026-08-26T19:32:00,L037,SEEN_NEAR,0.8,CASE-2026-201
VEH-EXT-001185,P108,DL91QF4618,2026-08-19T08:00:00,L029,USED,0.856,CASE-2026-202
VEH-EXT-001186,P094,DL66UN3298,2026-08-27T14:03:00,L051,REGISTERED_TO,0.947,CASE-2026-203
VEH-EXT-001187,P053,DL76KI5135,2026-08-10T18:36:00,L046,USED,0.818,CASE-2026-204
VEH-EXT-001188,P053,DL11LW2713,2026-08-30T06:23:00,L017,USED,0.864,CASE-2026-201
VEH-EXT-001189,P045,DL96VS1319,2026-08-06T15:36:00,L056,REGISTERED_TO,0.809,CASE-2026-202
VEH-EXT-001190,P043,DL34VM1567,2026-08-03T17:51:00,L005,SEEN_NEAR,0.876,CASE-2026-203
VEH-EXT-001191,P004,DL21CR2848,2026-08-31T22:57:00,L049,SEEN_NEAR,0.966,CASE-2026-204
VEH-EXT-001192,P003,DL54IH5621,2026-08-31T16:47:00,L004,SEEN_NEAR,0.957,CASE-2026-201
VEH-EXT-001193,P055,DL39GZ1214,2026-08-22T20:57:00,L044,REGISTERED_TO,0.953,CASE-2026-202
VEH-EXT-001194,P005,DL82LI7730,2026-08-13T12:28:00,L027,REGISTERED_TO,0.88,CASE-2026-203
VEH-EXT-001195,P042,DL83IA4683,2026-08-17T11:41:00,L051,USED,0.826,CASE-2026-204
VEH-EXT-001196,P092,DL49SF8485,2026-08-30T05:21:00,L014,REGISTERED_TO,0.871,CASE-2026-201
VEH-EXT-001197,P003,DL54IH5621,2026-08-02T01:46:00,L017,SEEN_NEAR,0.89,CASE-2026-202
VEH-EXT-001198,P059,DL78RJ114,2026-08-30T06:56:00,L026,REGISTERED_TO,0.98,CASE-2026-203
VEH-EXT-001199,P044,DL41GX5949,2026-08-07T03:55:00,L029,USED,0.94,CASE-2026-204
VEH-EXT-001200,P039,DL97KE9646,2026-08-21T18:49:00,L009,USED,0.828,CASE-2026-201
VEH-EXT-001201,P101,DL08LO7279,2026-08-09T18:40:00,L053,USED,0.811,CASE-2026-202
VEH-EXT-001202,P008,DL37ZL3820,2026-08-14T17:31:00,L051,USED,0.982,CASE-2026-203
VEH-EXT-001203,P103,DL89YG8738,2026-08-10T15:13:00,L018,USED,0.924,CASE-2026-204
VEH-EXT-001204,P027,DL11RY5327,2026-08-15T08:28:00,L048,REGISTERED_TO,0.978,CASE-2026-201
VEH-EXT-001205,P069,DL62IT2591,2026-08-28T22:53:00,L003,REGISTERED_TO,0.879,CASE-2026-202
VEH-EXT-001206,P059,DL39KO3630,2026-08-25T15:04:00,L035,USED,0.873,CASE-2026-203
VEH-EXT-001207,P111,DL52CI2878,2026-08-11T02:17:00,L003,REGISTERED_TO,0.962,CASE-2026-204
VEH-EXT-001208,P072,DL39KO3630,2026-08-12T12:07:00,L056,REGISTERED_TO,0.977,CASE-2026-201
VEH-EXT-001209,P052,DL50AJ3222,2026-08-25T08:31:00,L051,USED,0.828,CASE-2026-202
VEH-EXT-001210,P023,DL60UM9514,2026-08-23T03:45:00,L044,REGISTERED_TO,0.848,CASE-2026-203
VEH-EXT-001211,P069,DL47RB786,2026-08-26T11:02:00,L027,SEEN_NEAR,0.881,CASE-2026-204
VEH-EXT-001212,P094,DL57KK8244,2026-08-09T05:39:00,L047,SEEN_NEAR,0.929,CASE-2026-201
VEH-EXT-001213,P009,DL92OY5424,2026-08-30T17:03:00,L040,USED,0.871,CASE-2026-202
VEH-EXT-001214,P030,DL32ME5177,2026-08-18T01:03:00,L011,REGISTERED_TO,0.916,CASE-2026-203
VEH-EXT-001215,P035,DL60HV9768,2026-08-21T15:15:00,L033,SEEN_NEAR,0.949,CASE-2026-204
VEH-EXT-001216,P017,DL32TC7932,2026-08-22T04:36:00,L049,USED,0.965,CASE-2026-201
VEH-EXT-001217,P045,DL55MZ1375,2026-08-03T09:03:00,L022,USED,0.81,CASE-2026-202
VEH-EXT-001218,P118,DL85RA6801,2026-08-04T19:48:00,L019,REGISTERED_TO,0.86,CASE-2026-203
VEH-EXT-001219,P023,DL55MZ1375,2026-08-03T16:05:00,L050,REGISTERED_TO,0.953,CASE-2026-204
VEH-EXT-001220,P044,DL09HU7907,2026-08-03T04:13:00,L059,REGISTERED_TO,0.913,CASE-2026-201
VEH-EXT-001221,P054,DL19RP402,2026-08-19T02:41:00,L017,SEEN_NEAR,0.948,CASE-2026-202
VEH-EXT-001222,P083,DL85LZ6022,2026-08-08T04:03:00,L044,REGISTERED_TO,0.817,CASE-2026-203
VEH-EXT-001223,P025,DL76KI5135,2026-08-16T12:51:00,L026,SEEN_NEAR,0.981,CASE-2026-204
VEH-EXT-001224,P053,DL45KA6894,2026-08-04T14:15:00,L037,USED,0.972,CASE-2026-201
VEH-EXT-001225,P116,DL43ON9088,2026-08-04T15:39:00,L003,USED,0.965,CASE-2026-202
VEH-EXT-001226,P068,DL60PX9735,2026-08-10T00:21:00,L044,USED,0.931,CASE-2026-203
VEH-EXT-001227,P035,DL60PX9735,2026-08-17T22:56:00,L014,USED,0.867,CASE-2026-204
VEH-EXT-001228,P115,DL43ON9088,2026-08-10T18:29:00,L018,REGISTERED_TO,0.838,CASE-2026-201
VEH-EXT-001229,P004,DL79FI6946,2026-08-06T14:58:00,L002,REGISTERED_TO,0.833,CASE-2026-202
VEH-EXT-001230,P029,DL28QO9746,2026-08-04T20:29:00,L043,USED,0.829,CASE-2026-203
VEH-EXT-001231,P111,DL79FI6946,2026-08-29T20:03:00,L011,USED,0.815,CASE-2026-204
VEH-EXT-001232,P057,DL11RY5327,2026-08-24T01:19:00,L018,USED,0.989,CASE-2026-201
VEH-EXT-001233,P095,DL57KK8244,2026-08-24T06:07:00,L003,USED,0.983,CASE-2026-202
VEH-EXT-001234,P106,DL09NH8413,2026-08-25T10:07:00,L052,USED,0.811,CASE-2026-203
VEH-EXT-001235,P005,DL02HV3719,2026-08-15T14:10:00,L030,USED,0.848,CASE-2026-204
VEH-EXT-001236,P012,DL90BO260,2026-08-05T17:06:00,L032,SEEN_NEAR,0.815,CASE-2026-201
VEH-EXT-001237,P011,DL78RJ114,2026-08-24T22:57:00,L028,SEEN_NEAR,0.98,CASE-2026-202
VEH-EXT-001238,P075,DL57KK8244,2026-08-31T19:27:00,L011,USED,0.959,CASE-2026-203
VEH-EXT-001239,P088,DL29HQ8356,2026-08-26T14:38:00,L036,SEEN_NEAR,0.825,CASE-2026-204
VEH-EXT-001240,P110,DL45KA6894,2026-08-08T17:38:00,L057,SEEN_NEAR,0.899,CASE-2026-201
VEH-EXT-001241,P019,DL85RA6801,2026-08-12T09:20:00,L026,USED,0.96,CASE-2026-202
VEH-EXT-001242,P097,DL57KK8244,2026-08-16T18:13:00,L048,USED,0.831,CASE-2026-203
VEH-EXT-001243,P071,DL39UR4920,2026-08-02T20:44:00,L044,SEEN_NEAR,0.954,CASE-2026-204
VEH-EXT-001244,P053,DL60HV9768,2026-08-06T10:04:00,L060,REGISTERED_TO,0.911,CASE-2026-201
VEH-EXT-001245,P113,DL64KI2394,2026-08-24T18:15:00,L041,REGISTERED_TO,0.88,CASE-2026-202
VEH-EXT-001246,P017,DL50AJ3222,2026-08-10T18:52:00,L030,USED,0.814,CASE-2026-203
VEH-EXT-001247,P056,DL44KV6735,2026-08-27T16:35:00,L037,REGISTERED_TO,0.959,CASE-2026-204
VEH-EXT-001248,P115,DL32ME5177,2026-08-08T10:12:00,L052,USED,0.899,CASE-2026-201
VEH-EXT-001249,P047,DL29NQ1521,2026-08-13T21:01:00,L048,REGISTERED_TO,0.848,CASE-2026-202
VEH-EXT-001250,P067,DL96VS1319,2026-08-16T21:40:00,L002,SEEN_NEAR,0.851,CASE-2026-203
VEH-EXT-001251,P002,DL37ZL3820,2026-08-05T02:45:00,L032,SEEN_NEAR,0.979,CASE-2026-204
VEH-EXT-001252,P025,DL78RJ114,2026-08-03T07:32:00,L033,REGISTERED_TO,0.941,CASE-2026-201
VEH-EXT-001253,P048,DL95WC1257,2026-08-04T14:45:00,L002,REGISTERED_TO,0.919,CASE-2026-202
VEH-EXT-001254,P044,DL09NH8413,2026-08-29T01:07:00,L047,REGISTERED_TO,0.99,CASE-2026-203
VEH-EXT-001255,P079,DL96VS1319,2026-08-16T16:16:00,L059,SEEN_NEAR,0.828,CASE-2026-204
VEH-EXT-001256,P043,DL39KO3630,2026-08-31T06:36:00,L003,USED,0.846,CASE-2026-201
VEH-EXT-001257,P060,DL32ME5177,2026-08-12T05:41:00,L015,USED,0.966,CASE-2026-202
VEH-EXT-001258,P003,DL09HU7907,2026-08-03T13:29:00,L040,SEEN_NEAR,0.979,CASE-2026-203
VEH-EXT-001259,P109,DL89YG8738,2026-08-05T09:35:00,L035,REGISTERED_TO,0.858,CASE-2026-204
VEH-EXT-001260,P075,DL41GX5949,2026-08-14T05:57:00,L042,REGISTERED_TO,0.86,CASE-2026-201
VEH-EXT-001261,P076,DL78RJ114,2026-08-26T04:49:00,L047,SEEN_NEAR,0.923,CASE-2026-202
VEH-EXT-001262,P014,DL39KO3630,2026-08-15T05:25:00,L019,SEEN_NEAR,0.943,CASE-2026-203
VEH-EXT-001263,P019,DL07HB2247,2026-08-09T15:17:00,L050,SEEN_NEAR,0.969,CASE-2026-204
VEH-EXT-001264,P044,DL62IT2591,2026-08-29T03:11:00,L051,REGISTERED_TO,0.9,CASE-2026-201
VEH-EXT-001265,P080,DL24MH626,2026-08-26T01:32:00,L010,SEEN_NEAR,0.9,CASE-2026-202
VEH-EXT-001266,P027,DL60UM9514,2026-08-24T14:36:00,L008,USED,0.84,CASE-2026-203
VEH-EXT-001267,P113,DL92OY5424,2026-08-01T05:29:00,L045,USED,0.917,CASE-2026-204
VEH-EXT-001268,P036,DL02DI9818,2026-08-19T18:15:00,L041,REGISTERED_TO,0.843,CASE-2026-201
VEH-EXT-001269,P011,DL81KA7608,2026-08-13T04:44:00,L049,SEEN_NEAR,0.985,CASE-2026-202
VEH-EXT-001270,P042,DL47RB786,2026-08-26T15:27:00,L047,REGISTERED_TO,0.921,CASE-2026-203
VEH-EXT-001271,P028,DL05LU5710,2026-08-26T01:55:00,L046,USED,0.844,CASE-2026-204
VEH-EXT-001272,P046,DL04PO5412,2026-08-04T20:54:00,L012,REGISTERED_TO,0.91,CASE-2026-201
VEH-EXT-001273,P040,DL47RB786,2026-08-18T19:34:00,L004,USED,0.948,CASE-2026-202
VEH-EXT-001274,P038,DL11LW2713,2026-08-25T16:19:00,L037,REGISTERED_TO,0.943,CASE-2026-203
VEH-EXT-001275,P020,DL40GM3739,2026-08-21T18:11:00,L055,REGISTERED_TO,0.931,CASE-2026-204
VEH-EXT-001276,P024,DL07HB2247,2026-08-29T04:05:00,L055,SEEN_NEAR,0.947,CASE-2026-201
VEH-EXT-001277,P061,DL54IS4434,2026-08-22T20:57:00,L043,REGISTERED_TO,0.983,CASE-2026-202
VEH-EXT-001278,P046,DL47TY509,2026-08-07T14:33:00,L037,USED,0.948,CASE-2026-203
VEH-EXT-001279,P020,DL81KA7608,2026-08-11T16:51:00,L012,SEEN_NEAR,0.864,CASE-2026-204
VEH-EXT-001280,P118,DL07HB2247,2026-08-18T19:05:00,L001,REGISTERED_TO,0.838,CASE-2026-201
VEH-EXT-001281,P081,DL81WK7335,2026-08-31T04:44:00,L044,USED,0.881,CASE-2026-202
VEH-EXT-001282,P113,DL62IT2591,2026-08-17T11:43:00,L011,SEEN_NEAR,0.972,CASE-2026-203
VEH-EXT-001283,P075,DL88SX6044,2026-08-12T18:29:00,L027,REGISTERED_TO,0.834,CASE-2026-204
VEH-EXT-001284,P041,DL28QO9746,2026-08-26T21:58:00,L015,REGISTERED_TO,0.929,CASE-2026-201
VEH-EXT-001285,P013,DL57KK8244,2026-08-19T09:59:00,L055,SEEN_NEAR,0.868,CASE-2026-202
VEH-EXT-001286,P006,DL75AQ7501,2026-08-05T04:37:00,L043,USED,0.839,CASE-2026-203
VEH-EXT-001287,P075,DL37ZL3820,2026-08-11T03:59:00,L028,REGISTERED_TO,0.933,CASE-2026-204
VEH-EXT-001288,P092,DL65MS3221,2026-08-25T06:14:00,L057,SEEN_NEAR,0.948,CASE-2026-201
VEH-EXT-001289,P073,DL19RP402,2026-08-22T04:47:00,L010,SEEN_NEAR,0.909,CASE-2026-202
VEH-EXT-001290,P117,DL30XV997,2026-08-21T08:53:00,L013,REGISTERED_TO,0.917,CASE-2026-203
VEH-EXT-001291,P052,DL87WU7148,2026-08-15T22:28:00,L030,REGISTERED_TO,0.938,CASE-2026-204
VEH-EXT-001292,P051,DL04ES2001,2026-08-24T06:47:00,L020,REGISTERED_TO,0.905,CASE-2026-201
VEH-EXT-001293,P069,DL87WU7148,2026-08-07T00:12:00,L022,REGISTERED_TO,0.98,CASE-2026-202
VEH-EXT-001294,P029,DL54IH5621,2026-08-06T09:11:00,L058,USED,0.896,CASE-2026-203
VEH-EXT-001295,P065,DL09HU7907,2026-08-01T02:54:00,L047,USED,0.896,CASE-2026-204
VEH-EXT-001296,P019,DL62IT2591,2026-08-12T13:58:00,L040,REGISTERED_TO,0.949,CASE-2026-201
VEH-EXT-001297,P007,DL49SF8485,2026-08-07T14:46:00,L035,REGISTERED_TO,0.948,CASE-2026-202
VEH-EXT-001298,P091,DL65MS3221,2026-08-05T21:13:00,L051,REGISTERED_TO,0.823,CASE-2026-203
VEH-EXT-001299,P115,DL64KI2394,2026-08-24T17:43:00,L029,REGISTERED_TO,0.816,CASE-2026-204
VEH-EXT-001300,P085,DL47TY509,2026-08-05T02:21:00,L005,SEEN_NEAR,0.851,CASE-2026-201
VEH-EXT-001301,P101,DL05LU5710,2026-08-22T04:44:00,L054,SEEN_NEAR,0.807,CASE-2026-202
VEH-EXT-001302,P057,DL24MH626,2026-08-16T16:01:00,L040,REGISTERED_TO,0.837,CASE-2026-203
VEH-EXT-001303,P052,DL29NQ1521,2026-08-26T11:07:00,L013,SEEN_NEAR,0.985,CASE-2026-204
VEH-EXT-001304,P064,DL37ZL3820,2026-08-09T02:04:00,L008,SEEN_NEAR,0.826,CASE-2026-201
VEH-EXT-001305,P024,DL88SX6044,2026-08-16T21:38:00,L036,SEEN_NEAR,0.903,CASE-2026-202
VEH-EXT-001306,P020,DL39UR4920,2026-08-04T16:09:00,L035,REGISTERED_TO,0.874,CASE-2026-203
VEH-EXT-001307,P102,DL90JQ8495,2026-08-25T20:55:00,L011,SEEN_NEAR,0.908,CASE-2026-204
VEH-EXT-001308,P006,DL90JQ8495,2026-08-29T10:40:00,L014,USED,0.853,CASE-2026-201
VEH-EXT-001309,P021,DL55MZ1375,2026-08-02T12:38:00,L009,REGISTERED_TO,0.806,CASE-2026-202
VEH-EXT-001310,P059,DL04PO5412,2026-08-27T04:50:00,L058,REGISTERED_TO,0.988,CASE-2026-203
VEH-EXT-001311,P018,DL05LU5710,2026-08-06T21:16:00,L055,SEEN_NEAR,0.961,CASE-2026-204
VEH-EXT-001312,P119,DL87WU7148,2026-08-05T09:07:00,L001,USED,0.917,CASE-2026-201
VEH-EXT-001313,P038,DL40GM3739,2026-08-31T13:33:00,L032,REGISTERED_TO,0.932,CASE-2026-202
VEH-EXT-001314,P085,DL76KI5135,2026-08-17T23:03:00,L027,USED,0.979,CASE-2026-203
VEH-EXT-001315,P061,DL25EU426,2026-08-14T14:24:00,L016,SEEN_NEAR,0.954,CASE-2026-204
VEH-EXT-001316,P082,DL34VM1567,2026-08-03T23:59:00,L014,USED,0.943,CASE-2026-201
VEH-EXT-001317,P074,DL04ES2001,2026-08-16T15:03:00,L006,REGISTERED_TO,0.891,CASE-2026-202
VEH-EXT-001318,P070,DL88TU6321,2026-08-11T07:35:00,L020,USED,0.839,CASE-2026-203
VEH-EXT-001319,P047,DL60UM9514,2026-08-06T16:04:00,L016,USED,0.953,CASE-2026-204
VEH-EXT-001320,P046,DL04JV9196,2026-08-14T15:13:00,L011,USED,0.886,CASE-2026-201
VEH-EXT-001321,P116,DL32ME5177,2026-08-09T10:26:00,L058,REGISTERED_TO,0.981,CASE-2026-202
VEH-EXT-001322,P102,DL96VS1319,2026-08-03T15:14:00,L034,USED,0.821,CASE-2026-203
VEH-EXT-001323,P067,DL88TU6321,2026-08-09T06:35:00,L056,REGISTERED_TO,0.988,CASE-2026-204
VEH-EXT-001324,P093,DL87WU7148,2026-08-24T21:42:00,L002,REGISTERED_TO,0.858,CASE-2026-201
VEH-EXT-001325,P032,DL41GX5949,2026-08-13T04:00:00,L041,REGISTERED_TO,0.941,CASE-2026-202
VEH-EXT-001326,P062,DL07HB2247,2026-08-30T12:42:00,L052,USED,0.935,CASE-2026-203
VEH-EXT-001327,P096,DL45KA6894,2026-08-28T03:24:00,L053,USED,0.96,CASE-2026-204
VEH-EXT-001328,P082,DL29NQ1521,2026-08-04T11:08:00,L007,REGISTERED_TO,0.922,CASE-2026-201
VEH-EXT-001329,P076,DL85LZ6022,2026-08-01T08:33:00,L021,SEEN_NEAR,0.869,CASE-2026-202
VEH-EXT-001330,P082,DL60PX9735,2026-08-16T18:12:00,L010,USED,0.941,CASE-2026-203
VEH-EXT-001331,P076,DL19RP402,2026-08-17T10:28:00,L007,SEEN_NEAR,0.983,CASE-2026-204
VEH-EXT-001332,P053,DL27TR2259,2026-08-23T09:26:00,L016,REGISTERED_TO,0.981,CASE-2026-201
VEH-EXT-001333,P006,DL02DI9818,2026-08-10T09:20:00,L040,USED,0.87,CASE-2026-202
VEH-EXT-001334,P022,DL82IT8140,2026-08-07T01:11:00,L031,REGISTERED_TO,0.967,CASE-2026-203
VEH-EXT-001335,P027,DL81KA7608,2026-08-12T12:39:00,L060,REGISTERED_TO,0.988,CASE-2026-204
VEH-EXT-001336,P050,DL35GZ4233,2026-08-22T19:35:00,L005,REGISTERED_TO,0.851,CASE-2026-201
VEH-EXT-001337,P115,DL09NH8413,2026-08-29T13:45:00,L048,USED,0.95,CASE-2026-202
VEH-EXT-001338,P075,DL07HB2247,2026-08-25T12:13:00,L009,SEEN_NEAR,0.958,CASE-2026-203
VEH-EXT-001339,P089,DL88TU6321,2026-08-19T09:26:00,L013,USED,0.817,CASE-2026-204
VEH-EXT-001340,P086,DL11LW2713,2026-08-03T19:55:00,L013,USED,0.878,CASE-2026-201
VEH-EXT-001341,P020,DL85LZ6022,2026-08-08T09:10:00,L019,USED,0.853,CASE-2026-202
VEH-EXT-001342,P060,DL54IH5621,2026-08-18T04:36:00,L031,USED,0.821,CASE-2026-203
VEH-EXT-001343,P085,DL45KA6894,2026-08-31T20:51:00,L049,SEEN_NEAR,0.927,CASE-2026-204
VEH-EXT-001344,P109,DL04ES2001,2026-08-21T10:50:00,L013,SEEN_NEAR,0.91,CASE-2026-201
VEH-EXT-001345,P103,DL88TU6321,2026-08-17T10:34:00,L005,SEEN_NEAR,0.816,CASE-2026-202
VEH-EXT-001346,P093,DL11LW2713,2026-08-25T17:00:00,L057,USED,0.823,CASE-2026-203
VEH-EXT-001347,P102,DL32ME5177,2026-08-19T21:14:00,L027,REGISTERED_TO,0.938,CASE-2026-204
VEH-EXT-001348,P115,DL40KE1882,2026-08-08T08:32:00,L008,SEEN_NEAR,0.96,CASE-2026-201
VEH-EXT-001349,P107,DL86XA3578,2026-08-31T19:44:00,L003,USED,0.887,CASE-2026-202
VEH-EXT-001350,P028,DL85RA6801,2026-08-19T16:18:00,L009,USED,0.965,CASE-2026-203
VEH-EXT-001351,P065,DL30XV997,2026-08-30T21:48:00,L038,SEEN_NEAR,0.862,CASE-2026-204
VEH-EXT-001352,P061,DL44KV6735,2026-08-04T01:55:00,L012,REGISTERED_TO,0.988,CASE-2026-201
VEH-EXT-001353,P024,DL02DI9818,2026-08-28T22:34:00,L056,USED,0.926,CASE-2026-202
VEH-EXT-001354,P093,DL62IT2591,2026-08-12T04:13:00,L032,SEEN_NEAR,0.862,CASE-2026-203
VEH-EXT-001355,P045,DL57KK8244,2026-08-14T10:02:00,L053,SEEN_NEAR,0.812,CASE-2026-204
VEH-EXT-001356,P115,DL04JV9196,2026-08-20T10:05:00,L058,REGISTERED_TO,0.848,CASE-2026-201
VEH-EXT-001357,P024,DL65MS3221,2026-08-01T20:54:00,L060,REGISTERED_TO,0.836,CASE-2026-202
VEH-EXT-001358,P068,DL55MZ1375,2026-08-04T10:59:00,L042,SEEN_NEAR,0.862,CASE-2026-203
VEH-EXT-001359,P036,DL19RP402,2026-08-31T00:57:00,L030,REGISTERED_TO,0.807,CASE-2026-204
VEH-EXT-001360,P055,DL90BO260,2026-08-22T07:33:00,L039,USED,0.807,CASE-2026-201
VEH-EXT-001361,P084,DL43ON9088,2026-08-11T19:54:00,L020,REGISTERED_TO,0.874,CASE-2026-202
VEH-EXT-001362,P041,DL54IH5621,2026-08-05T10:47:00,L045,REGISTERED_TO,0.862,CASE-2026-203
VEH-EXT-001363,P076,DL95WC1257,2026-08-11T19:58:00,L056,USED,0.837,CASE-2026-204
VEH-EXT-001364,P098,DL45KA6894,2026-08-23T14:52:00,L003,REGISTERED_TO,0.891,CASE-2026-201
VEH-EXT-001365,P059,DL81WK7335,2026-08-04T19:25:00,L039,USED,0.809,CASE-2026-202
VEH-EXT-001366,P039,DL95WC1257,2026-08-08T22:38:00,L025,SEEN_NEAR,0.882,CASE-2026-203
VEH-EXT-001367,P009,DL19RP402,2026-08-09T12:42:00,L017,USED,0.926,CASE-2026-204
VEH-EXT-001368,P031,DL60PX9735,2026-08-06T12:18:00,L015,SEEN_NEAR,0.889,CASE-2026-201
VEH-EXT-001369,P038,DL08LO7279,2026-08-18T23:38:00,L027,SEEN_NEAR,0.821,CASE-2026-202
VEH-EXT-001370,P002,DL08OD4328,2026-08-03T18:56:00,L015,REGISTERED_TO,0.914,CASE-2026-203
VEH-EXT-001371,P023,DL05LU5710,2026-08-09T17:56:00,L054,SEEN_NEAR,0.88,CASE-2026-204
VEH-EXT-001372,P084,DL88TU6321,2026-08-31T00:59:00,L014,USED,0.956,CASE-2026-201
VEH-EXT-001373,P053,DL66UN3298,2026-08-10T04:56:00,L021,SEEN_NEAR,0.99,CASE-2026-202
VEH-EXT-001374,P041,DL37ZL3820,2026-08-25T01:44:00,L001,USED,0.918,CASE-2026-203
VEH-EXT-001375,P112,DL29HQ8356,2026-08-16T04:20:00,L046,SEEN_NEAR,0.973,CASE-2026-204
VEH-EXT-001376,P098,DL11RY5327,2026-08-18T09:22:00,L035,SEEN_NEAR,0.83,CASE-2026-201
VEH-EXT-001377,P046,DL09NH8413,2026-08-12T02:46:00,L052,SEEN_NEAR,0.98,CASE-2026-202
VEH-EXT-001378,P113,DL40KE1882,2026-08-28T08:12:00,L052,USED,0.831,CASE-2026-203
VEH-EXT-001379,P083,DL60PX9735,2026-08-19T19:23:00,L013,USED,0.805,CASE-2026-204
VEH-EXT-001380,P088,DL65MS3221,2026-08-23T03:58:00,L031,REGISTERED_TO,0.811,CASE-2026-201
VEH-EXT-001381,P008,DL90JQ8495,2026-08-12T01:23:00,L026,SEEN_NEAR,0.982,CASE-2026-202
VEH-EXT-001382,P095,DL39GZ1214,2026-08-31T13:43:00,L050,REGISTERED_TO,0.808,CASE-2026-203
VEH-EXT-001383,P075,DL47TY509,2026-08-08T07:53:00,L052,SEEN_NEAR,0.947,CASE-2026-204
VEH-EXT-001384,P109,DL11RY5327,2026-08-20T01:32:00,L039,USED,0.852,CASE-2026-201
VEH-EXT-001385,P095,DL28QO9746,2026-08-11T20:27:00,L022,USED,0.944,CASE-2026-202
VEH-EXT-001386,P015,DL49SF8485,2026-08-29T14:24:00,L037,USED,0.934,CASE-2026-203
VEH-EXT-001387,P086,DL55HK5801,2026-08-02T01:52:00,L034,REGISTERED_TO,0.894,CASE-2026-204
VEH-EXT-001388,P055,DL02DI9818,2026-08-07T23:38:00,L055,REGISTERED_TO,0.855,CASE-2026-201
VEH-EXT-001389,P028,DL40GM3739,2026-08-27T09:03:00,L017,REGISTERED_TO,0.975,CASE-2026-202
VEH-EXT-001390,P097,DL30XV997,2026-08-14T10:53:00,L055,SEEN_NEAR,0.986,CASE-2026-203
VEH-EXT-001391,P077,DL43ON9088,2026-08-07T06:47:00,L010,REGISTERED_TO,0.895,CASE-2026-204
VEH-EXT-001392,P110,DL88SX6044,2026-08-30T21:16:00,L038,USED,0.983,CASE-2026-201
VEH-EXT-001393,P065,DL02HV3719,2026-08-14T12:41:00,L025,USED,0.988,CASE-2026-202
VEH-EXT-001394,P114,DL55HK5801,2026-08-26T20:14:00,L031,REGISTERED_TO,0.973,CASE-2026-203
VEH-EXT-001395,P059,DL76KI5135,2026-08-02T14:04:00,L004,USED,0.968,CASE-2026-204
VEH-EXT-001396,P114,DL64KI2394,2026-08-03T16:27:00,L003,USED,0.821,CASE-2026-201
VEH-EXT-001397,P107,DL60UM9514,2026-08-16T12:01:00,L008,SEEN_NEAR,0.983,CASE-2026-202
VEH-EXT-001398,P099,DL91QF4618,2026-08-05T15:50:00,L055,SEEN_NEAR,0.812,CASE-2026-203
VEH-EXT-001399,P034,DL02HV3719,2026-08-29T22:55:00,L056,REGISTERED_TO,0.946,CASE-2026-204
VEH-EXT-001400,P038,DL55HK5801,2026-08-28T16:46:00,L020,SEEN_NEAR,0.825,CASE-2026-201
VEH-EXT-001401,P082,DL54IS4434,2026-08-15T02:00:00,L005,SEEN_NEAR,0.847,CASE-2026-202
VEH-EXT-001402,P016,DL16HB2805,2026-08-14T23:17:00,L017,SEEN_NEAR,0.819,CASE-2026-203
VEH-EXT-001403,P060,DL16HB2805,2026-08-02T10:04:00,L021,SEEN_NEAR,0.99,CASE-2026-204
VEH-EXT-001404,P041,DL88SX6044,2026-08-14T05:24:00,L031,USED,0.945,CASE-2026-201
VEH-EXT-001405,P108,DL29HQ8356,2026-08-06T14:46:00,L052,SEEN_NEAR,0.964,CASE-2026-202
VEH-EXT-001406,P057,DL47TY509,2026-08-23T21:24:00,L048,USED,0.872,CASE-2026-203
VEH-EXT-001407,P056,DL11RY5327,2026-08-04T21:12:00,L005,REGISTERED_TO,0.828,CASE-2026-204
VEH-EXT-001408,P011,DL82LI7730,2026-08-25T11:50:00,L022,REGISTERED_TO,0.979,CASE-2026-201
VEH-EXT-001409,P052,DL88SX6044,2026-08-07T06:53:00,L010,USED,0.975,CASE-2026-202
VEH-EXT-001410,P019,DL29NQ1521,2026-08-08T10:47:00,L032,REGISTERED_TO,0.887,CASE-2026-203
VEH-EXT-001411,P020,DL92OY5424,2026-08-30T20:27:00,L022,REGISTERED_TO,0.947,CASE-2026-204
VEH-EXT-001412,P065,DL40GM3739,2026-08-22T22:05:00,L001,SEEN_NEAR,0.962,CASE-2026-201
VEH-EXT-001413,P109,DL29HQ8356,2026-08-31T21:20:00,L045,SEEN_NEAR,0.959,CASE-2026-202
VEH-EXT-001414,P067,DL11LW2713,2026-08-29T09:40:00,L056,REGISTERED_TO,0.925,CASE-2026-203
VEH-EXT-001415,P073,DL65MS3221,2026-08-13T06:49:00,L035,USED,0.956,CASE-2026-204
VEH-EXT-001416,P046,DL78RJ114,2026-08-25T10:01:00,L047,SEEN_NEAR,0.826,CASE-2026-201
VEH-EXT-001417,P086,DL52CI2878,2026-08-24T00:56:00,L048,USED,0.936,CASE-2026-202
VEH-EXT-001418,P069,DL52CI2878,2026-08-22T19:10:00,L042,SEEN_NEAR,0.862,CASE-2026-203
VEH-EXT-001419,P118,DL54IS4434,2026-08-16T23:20:00,L020,SEEN_NEAR,0.935,CASE-2026-204
VEH-EXT-001420,P049,DL32ME5177,2026-08-20T03:01:00,L003,SEEN_NEAR,0.835,CASE-2026-201
VEH-EXT-001421,P026,DL40GM3739,2026-08-01T02:32:00,L060,USED,0.914,CASE-2026-202
VEH-EXT-001422,P016,DL86XA3578,2026-08-06T15:40:00,L046,SEEN_NEAR,0.834,CASE-2026-203
VEH-EXT-001423,P003,DL11RY5327,2026-08-16T10:25:00,L031,SEEN_NEAR,0.979,CASE-2026-204
VEH-EXT-001424,P051,DL86XA3578,2026-08-27T09:38:00,L027,USED,0.888,CASE-2026-201
VEH-EXT-001425,P063,DL85LZ6022,2026-08-18T09:42:00,L012,REGISTERED_TO,0.967,CASE-2026-202
VEH-EXT-001426,P036,DL07HB2247,2026-08-10T01:39:00,L013,SEEN_NEAR,0.922,CASE-2026-203
VEH-EXT-001427,P054,DL04JV9196,2026-08-20T08:08:00,L047,SEEN_NEAR,0.872,CASE-2026-204
VEH-EXT-001428,P065,DL37ZL3820,2026-08-06T06:33:00,L033,REGISTERED_TO,0.925,CASE-2026-201
VEH-EXT-001429,P064,DL52CI2878,2026-08-28T02:53:00,L019,USED,0.923,CASE-2026-202
VEH-EXT-001430,P101,DL19RP402,2026-08-04T21:14:00,L015,REGISTERED_TO,0.956,CASE-2026-203
VEH-EXT-001431,P026,DL96VS1319,2026-08-22T16:29:00,L033,USED,0.939,CASE-2026-204
VEH-EXT-001432,P045,DL27TR2259,2026-08-03T10:01:00,L020,SEEN_NEAR,0.929,CASE-2026-201
VEH-EXT-001433,P083,DL97KE9646,2026-08-09T06:29:00,L019,USED,0.919,CASE-2026-202
VEH-EXT-001434,P102,DL60PX9735,2026-08-28T03:16:00,L037,USED,0.81,CASE-2026-203
VEH-EXT-001435,P054,DL79FI6946,2026-08-01T06:47:00,L009,SEEN_NEAR,0.97,CASE-2026-204
VEH-EXT-001436,P055,DL75AQ7501,2026-08-16T23:53:00,L016,USED,0.874,CASE-2026-201
VEH-EXT-001437,P076,DL88SX6044,2026-08-20T10:09:00,L003,SEEN_NEAR,0.953,CASE-2026-202
VEH-EXT-001438,P083,DL54IH5621,2026-08-17T14:55:00,L020,SEEN_NEAR,0.935,CASE-2026-203
VEH-EXT-001439,P001,DL60HV9768,2026-08-20T22:54:00,L007,USED,0.835,CASE-2026-204
VEH-EXT-001440,P100,DL23OP9685,2026-08-09T07:46:00,L059,REGISTERED_TO,0.951,CASE-2026-201
VEH-EXT-001441,P020,DL85RA6801,2026-08-11T12:47:00,L046,USED,0.808,CASE-2026-202
VEH-EXT-001442,P006,DL04PO5412,2026-08-19T05:39:00,L027,REGISTERED_TO,0.956,CASE-2026-203
VEH-EXT-001443,P022,DL57KK8244,2026-08-30T10:45:00,L053,REGISTERED_TO,0.862,CASE-2026-204
VEH-EXT-001444,P070,DL66UN3298,2026-08-02T03:08:00,L035,USED,0.822,CASE-2026-201
VEH-EXT-001445,P099,DL60PX9735,2026-08-06T20:51:00,L022,USED,0.934,CASE-2026-202
VEH-EXT-001446,P090,DL32ME5177,2026-08-07T00:53:00,L051,REGISTERED_TO,0.957,CASE-2026-203
VEH-EXT-001447,P093,DL85RA6801,2026-08-01T18:44:00,L027,REGISTERED_TO,0.816,CASE-2026-204
VEH-EXT-001448,P119,DL60UM9514,2026-08-17T21:23:00,L031,USED,0.828,CASE-2026-201
VEH-EXT-001449,P104,DL19RP402,2026-08-20T22:20:00,L015,REGISTERED_TO,0.888,CASE-2026-202
VEH-EXT-001450,P053,DL43ON9088,2026-08-21T17:04:00,L044,REGISTERED_TO,0.827,CASE-2026-203
VEH-EXT-001451,P088,DL34VM1567,2026-08-06T17:25:00,L001,SEEN_NEAR,0.987,CASE-2026-204
VEH-EXT-001452,P020,DL41GX5949,2026-08-27T05:45:00,L056,SEEN_NEAR,0.806,CASE-2026-201
VEH-EXT-001453,P038,DL97KE9646,2026-08-02T05:12:00,L054,SEEN_NEAR,0.837,CASE-2026-202
VEH-EXT-001454,P026,DL29NQ1521,2026-08-02T16:05:00,L031,USED,0.822,CASE-2026-203
VEH-EXT-001455,P098,DL79FI6946,2026-08-05T17:19:00,L028,USED,0.832,CASE-2026-204
VEH-EXT-001456,P059,DL34VM1567,2026-08-04T22:08:00,L060,REGISTERED_TO,0.847,CASE-2026-201
VEH-EXT-001457,P030,DL11RY5327,2026-08-27T07:46:00,L007,SEEN_NEAR,0.981,CASE-2026-202
VEH-EXT-001458,P028,DL30XV997,2026-08-02T00:27:00,L021,REGISTERED_TO,0.808,CASE-2026-203
VEH-EXT-001459,P087,DL32ME5177,2026-08-19T09:35:00,L044,SEEN_NEAR,0.96,CASE-2026-204
VEH-EXT-001460,P053,DL11LW2713,2026-08-18T09:58:00,L029,USED,0.949,CASE-2026-201
VEH-EXT-001461,P102,DL60PX9735,2026-08-06T19:12:00,L024,SEEN_NEAR,0.813,CASE-2026-202
VEH-EXT-001462,P072,DL30XV997,2026-08-22T14:59:00,L057,SEEN_NEAR,0.898,CASE-2026-203
VEH-EXT-001463,P005,DL04ES2001,2026-08-18T09:38:00,L030,REGISTERED_TO,0.936,CASE-2026-204
VEH-EXT-001464,P096,DL32ME5177,2026-08-02T23:27:00,L036,USED,0.97,CASE-2026-201
VEH-EXT-001465,P058,DL32TC7932,2026-08-11T07:57:00,L033,SEEN_NEAR,0.876,CASE-2026-202
VEH-EXT-001466,P012,DL28QO9746,2026-08-07T07:23:00,L042,REGISTERED_TO,0.85,CASE-2026-203
VEH-EXT-001467,P117,DL55MZ1375,2026-08-11T21:37:00,L003,SEEN_NEAR,0.951,CASE-2026-204
VEH-EXT-001468,P087,DL08LO7279,2026-08-31T17:44:00,L059,REGISTERED_TO,0.937,CASE-2026-201
VEH-EXT-001469,P099,DL37ZL3820,2026-08-02T21:39:00,L015,REGISTERED_TO,0.824,CASE-2026-202
VEH-EXT-001470,P034,DL43ON9088,2026-08-16T01:40:00,L025,USED,0.84,CASE-2026-203
VEH-EXT-001471,P115,DL08LO7279,2026-08-07T03:04:00,L055,USED,0.926,CASE-2026-204
VEH-EXT-001472,P019,DL65MS3221,2026-08-20T04:10:00,L017,REGISTERED_TO,0.815,CASE-2026-201
VEH-EXT-001473,P117,DL02HV3719,2026-08-20T16:44:00,L054,SEEN_NEAR,0.817,CASE-2026-202
VEH-EXT-001474,P111,DL04PO5412,2026-08-30T02:22:00,L012,USED,0.821,CASE-2026-203
VEH-EXT-001475,P108,DL64KI2394,2026-08-16T15:17:00,L040,SEEN_NEAR,0.901,CASE-2026-204
VEH-EXT-001476,P057,DL91QF4618,2026-08-21T07:21:00,L011,SEEN_NEAR,0.925,CASE-2026-201
VEH-EXT-001477,P038,DL23OP9685,2026-08-10T15:05:00,L060,SEEN_NEAR,0.803,CASE-2026-202
VEH-EXT-001478,P024,DL92OY5424,2026-08-12T09:39:00,L023,USED,0.959,CASE-2026-203
VEH-EXT-001479,P069,DL55MZ1375,2026-08-15T14:50:00,L040,REGISTERED_TO,0.919,CASE-2026-204
VEH-EXT-001480,P110,DL60UM9514,2026-08-29T23:17:00,L006,REGISTERED_TO,0.907,CASE-2026-201
VEH-EXT-001481,P009,DL78RJ114,2026-08-04T13:24:00,L004,SEEN_NEAR,0.925,CASE-2026-202
VEH-EXT-001482,P003,DL44KV6735,2026-08-16T02:10:00,L007,REGISTERED_TO,0.957,CASE-2026-203
VEH-EXT-001483,P069,DL04PO5412,2026-08-19T10:57:00,L031,REGISTERED_TO,0.953,CASE-2026-204
VEH-EXT-001484,P093,DL25EU426,2026-08-26T07:59:00,L040,SEEN_NEAR,0.858,CASE-2026-201
VEH-EXT-001485,P037,DL23OP9685,2026-08-09T00:52:00,L039,USED,0.885,CASE-2026-202
VEH-EXT-001486,P079,DL78RJ114,2026-08-21T08:45:00,L028,SEEN_NEAR,0.823,CASE-2026-203
VEH-EXT-001487,P002,DL27TR2259,2026-08-15T15:19:00,L011,SEEN_NEAR,0.823,CASE-2026-204
VEH-EXT-001488,P013,DL40GM3739,2026-08-17T17:28:00,L010,REGISTERED_TO,0.868,CASE-2026-201
VEH-EXT-001489,P015,DL62IT2591,2026-08-02T00:58:00,L054,USED,0.819,CASE-2026-202
VEH-EXT-001490,P096,DL60UM9514,2026-08-03T15:43:00,L049,SEEN_NEAR,0.853,CASE-2026-203
VEH-EXT-001491,P019,DL08OD4328,2026-08-18T14:56:00,L040,SEEN_NEAR,0.962,CASE-2026-204
VEH-EXT-001492,P046,DL30XV997,2026-08-09T03:09:00,L016,USED,0.935,CASE-2026-201
VEH-EXT-001493,P019,DL30XV997,2026-08-07T12:02:00,L005,SEEN_NEAR,0.926,CASE-2026-202
VEH-EXT-001494,P119,DL40GM3739,2026-08-14T14:51:00,L021,USED,0.825,CASE-2026-203
VEH-EXT-001495,P085,DL43ON9088,2026-08-06T23:10:00,L003,REGISTERED_TO,0.927,CASE-2026-204
VEH-EXT-001496,P008,DL89YG8738,2026-08-22T20:47:00,L006,REGISTERED_TO,0.926,CASE-2026-201
VEH-EXT-001497,P097,DL96VS1319,2026-08-12T19:19:00,L018,SEEN_NEAR,0.938,CASE-2026-202
VEH-EXT-001498,P097,DL11LW2713,2026-08-15T05:12:00,L059,REGISTERED_TO,0.926,CASE-2026-203
VEH-EXT-001499,P001,DL60PX9735,2026-08-23T00:59:00,L049,REGISTERED_TO,0.901,CASE-2026-204
VEH-EXT-001500,P057,DL29NQ1521,2026-08-31T07:23:00,L016,SEEN_NEAR,0.944,CASE-2026-201
VEH-EXT-001501,P110,DL32TC7932,2026-08-27T17:08:00,L014,USED,0.904,CASE-2026-202
VEH-EXT-001502,P087,DL04PO5412,2026-08-08T06:50:00,L006,USED,0.871,CASE-2026-203
VEH-EXT-001503,P055,DL87UB2945,2026-08-30T02:18:00,L054,SEEN_NEAR,0.849,CASE-2026-204
VEH-EXT-001504,P079,DL29HQ8356,2026-08-14T04:35:00,L036,USED,0.911,CASE-2026-201
VEH-EXT-001505,P035,DL04PO5412,2026-08-22T16:56:00,L016,SEEN_NEAR,0.963,CASE-2026-202
VEH-EXT-001506,P086,DL90BO260,2026-08-25T23:05:00,L029,REGISTERED_TO,0.852,CASE-2026-203
VEH-EXT-001507,P029,DL90JQ8495,2026-08-21T23:25:00,L003,SEEN_NEAR,0.85,CASE-2026-204
VEH-EXT-001508,P029,DL66UN3298,2026-08-20T13:06:00,L036,SEEN_NEAR,0.852,CASE-2026-201
VEH-EXT-001509,P113,DL97KE9646,2026-08-28T19:01:00,L001,SEEN_NEAR,0.898,CASE-2026-202
VEH-EXT-001510,P083,DL90BO260,2026-08-27T13:05:00,L011,REGISTERED_TO,0.972,CASE-2026-203
VEH-EXT-001511,P085,DL88SX6044,2026-08-11T15:21:00,L033,USED,0.922,CASE-2026-204
VEH-EXT-001512,P061,DL85LZ6022,2026-08-19T21:47:00,L014,USED,0.828,CASE-2026-201
VEH-EXT-001513,P026,DL02HV3719,2026-08-28T02:24:00,L026,USED,0.968,CASE-2026-202
VEH-EXT-001514,P107,DL09NH8413,2026-08-31T23:18:00,L049,USED,0.835,CASE-2026-203
VEH-EXT-001515,P058,DL90BO260,2026-08-08T08:32:00,L035,USED,0.908,CASE-2026-204
VEH-EXT-001516,P081,DL81WK7335,2026-08-23T13:12:00,L031,REGISTERED_TO,0.844,CASE-2026-201
VEH-EXT-001517,P120,DL97KE9646,2026-08-11T06:07:00,L048,USED,0.822,CASE-2026-202
VEH-EXT-001518,P033,DL02HV3719,2026-08-06T04:34:00,L052,SEEN_NEAR,0.852,CASE-2026-203
VEH-EXT-001519,P115,DL49SF8485,2026-08-17T13:35:00,L017,USED,0.969,CASE-2026-204
VEH-EXT-001520,P048,DL60HV9768,2026-08-21T05:35:00,L057,USED,0.898,CASE-2026-201
VEH-EXT-001521,P041,DL57KK8244,2026-08-25T07:10:00,L011,REGISTERED_TO,0.88,CASE-2026-202
VEH-EXT-001522,P104,DL40GM3739,2026-08-07T05:09:00,L041,USED,0.962,CASE-2026-203
VEH-EXT-001523,P064,DL02DI9818,2026-08-25T11:52:00,L024,SEEN_NEAR,0.876,CASE-2026-204
VEH-EXT-001524,P043,DL76KI5135,2026-08-17T05:17:00,L056,SEEN_NEAR,0.801,CASE-2026-201
VEH-EXT-001525,P032,DL83IA4683,2026-08-11T18:24:00,L040,SEEN_NEAR,0.923,CASE-2026-202
VEH-EXT-001526,P009,DL95WC1257,2026-08-07T15:14:00,L022,REGISTERED_TO,0.901,CASE-2026-203
VEH-EXT-001527,P084,DL40GM3739,2026-08-06T15:40:00,L045,SEEN_NEAR,0.877,CASE-2026-204
VEH-EXT-001528,P069,DL89YG8738,2026-08-20T08:04:00,L033,REGISTERED_TO,0.85,CASE-2026-201
VEH-EXT-001529,P013,DL40KE1882,2026-08-13T16:32:00,L045,REGISTERED_TO,0.824,CASE-2026-202
VEH-EXT-001530,P006,DL27TR2259,2026-08-27T07:43:00,L055,REGISTERED_TO,0.921,CASE-2026-203
VEH-EXT-001531,P021,DL96VS1319,2026-08-22T01:37:00,L007,REGISTERED_TO,0.859,CASE-2026-204
VEH-EXT-001532,P097,DL09NH8413,2026-08-30T20:17:00,L050,USED,0.81,CASE-2026-201
VEH-EXT-001533,P057,DL02DI9818,2026-08-05T03:26:00,L053,USED,0.898,CASE-2026-202
VEH-EXT-001534,P084,DL85RA6801,2026-08-25T22:54:00,L007,REGISTERED_TO,0.837,CASE-2026-203
VEH-EXT-001535,P058,DL39UR4920,2026-08-13T18:21:00,L025,USED,0.95,CASE-2026-204
VEH-EXT-001536,P091,DL52CI2878,2026-08-28T16:41:00,L052,SEEN_NEAR,0.963,CASE-2026-201
VEH-EXT-001537,P061,DL62IT2591,2026-08-04T16:04:00,L012,USED,0.988,CASE-2026-202
VEH-EXT-001538,P016,DL55HK5801,2026-08-06T10:06:00,L022,REGISTERED_TO,0.887,CASE-2026-203
VEH-EXT-001539,P005,DL66UN3298,2026-08-29T12:30:00,L023,SEEN_NEAR,0.813,CASE-2026-204
VEH-EXT-001540,P026,DL45KA6894,2026-08-03T18:26:00,L012,SEEN_NEAR,0.978,CASE-2026-201
VEH-EXT-001541,P066,DL19RP402,2026-08-15T12:18:00,L059,SEEN_NEAR,0.813,CASE-2026-202
VEH-EXT-001542,P042,DL96VS1319,2026-08-02T06:40:00,L028,USED,0.846,CASE-2026-203
VEH-EXT-001543,P065,DL02HV3719,2026-08-05T05:39:00,L047,REGISTERED_TO,0.832,CASE-2026-204
VEH-EXT-001544,P013,DL91QF4618,2026-08-28T16:05:00,L040,USED,0.894,CASE-2026-201
VEH-EXT-001545,P028,DL85RA6801,2026-08-13T09:58:00,L037,REGISTERED_TO,0.895,CASE-2026-202
VEH-EXT-001546,P047,DL08OD4328,2026-08-08T09:51:00,L045,SEEN_NEAR,0.99,CASE-2026-203
VEH-EXT-001547,P036,DL19RP402,2026-08-04T08:28:00,L045,USED,0.972,CASE-2026-204
VEH-EXT-001548,P051,DL09NH8413,2026-08-02T15:58:00,L025,USED,0.881,CASE-2026-201
VEH-EXT-001549,P083,DL60UM9514,2026-08-18T12:00:00,L044,USED,0.894,CASE-2026-202
VEH-EXT-001550,P061,DL08OD4328,2026-08-21T19:46:00,L045,REGISTERED_TO,0.893,CASE-2026-203
VEH-EXT-001551,P111,DL52CI2878,2026-08-11T01:13:00,L026,SEEN_NEAR,0.958,CASE-2026-204
VEH-EXT-001552,P069,DL83IA4683,2026-08-03T03:06:00,L051,REGISTERED_TO,0.964,CASE-2026-201
VEH-EXT-001553,P029,DL43ON9088,2026-08-15T20:17:00,L040,SEEN_NEAR,0.97,CASE-2026-202
VEH-EXT-001554,P118,DL87WU7148,2026-08-27T09:19:00,L019,USED,0.934,CASE-2026-203
VEH-EXT-001555,P069,DL37ZL3820,2026-08-08T10:52:00,L039,USED,0.821,CASE-2026-204
VEH-EXT-001556,P061,DL82LI7730,2026-08-14T08:59:00,L052,REGISTERED_TO,0.902,CASE-2026-201
VEH-EXT-001557,P061,DL45KA6894,2026-08-08T13:11:00,L043,SEEN_NEAR,0.82,CASE-2026-202
VEH-EXT-001558,P020,DL28QO9746,2026-08-31T10:02:00,L028,USED,0.947,CASE-2026-203
VEH-EXT-001559,P017,DL11LW2713,2026-08-18T19:51:00,L022,USED,0.828,CASE-2026-204
VEH-EXT-001560,P016,DL60HV9768,2026-08-26T14:36:00,L032,SEEN_NEAR,0.9,CASE-2026-201
VEH-EXT-001561,P101,DL29HQ8356,2026-08-08T13:06:00,L047,USED,0.981,CASE-2026-202
VEH-EXT-001562,P105,DL62IT2591,2026-08-26T03:47:00,L052,REGISTERED_TO,0.808,CASE-2026-203
VEH-EXT-001563,P088,DL88TU6321,2026-08-18T05:16:00,L037,SEEN_NEAR,0.93,CASE-2026-204
VEH-EXT-001564,P018,DL45KA6894,2026-08-26T04:45:00,L029,SEEN_NEAR,0.937,CASE-2026-201
VEH-EXT-001565,P012,DL90JQ8495,2026-08-27T03:34:00,L022,REGISTERED_TO,0.908,CASE-2026-202
VEH-EXT-001566,P091,DL19RP402,2026-08-04T06:38:00,L050,REGISTERED_TO,0.808,CASE-2026-203
VEH-EXT-001567,P032,DL54IH5621,2026-08-28T19:29:00,L033,REGISTERED_TO,0.971,CASE-2026-204
VEH-EXT-001568,P043,DL08OD4328,2026-08-31T11:22:00,L053,USED,0.989,CASE-2026-201
VEH-EXT-001569,P089,DL50AJ3222,2026-08-06T12:23:00,L013,REGISTERED_TO,0.959,CASE-2026-202
VEH-EXT-001570,P044,DL78RJ114,2026-08-21T22:32:00,L028,USED,0.917,CASE-2026-203
VEH-EXT-001571,P082,DL40GM3739,2026-08-23T00:47:00,L005,USED,0.947,CASE-2026-204
VEH-EXT-001572,P073,DL39UR4920,2026-08-30T16:59:00,L044,USED,0.873,CASE-2026-201
VEH-EXT-001573,P049,DL04JV9196,2026-08-24T13:00:00,L059,SEEN_NEAR,0.911,CASE-2026-202
VEH-EXT-001574,P019,DL23OP9685,2026-08-15T02:26:00,L023,SEEN_NEAR,0.812,CASE-2026-203
VEH-EXT-001575,P085,DL27TR2259,2026-08-20T17:21:00,L053,SEEN_NEAR,0.919,CASE-2026-204
VEH-EXT-001576,P011,DL11RY5327,2026-08-21T10:59:00,L008,REGISTERED_TO,0.951,CASE-2026-201
VEH-EXT-001577,P011,DL37ZL3820,2026-08-09T19:07:00,L038,REGISTERED_TO,0.83,CASE-2026-202
VEH-EXT-001578,P107,DL32TC7932,2026-08-06T06:24:00,L058,SEEN_NEAR,0.845,CASE-2026-203
VEH-EXT-001579,P005,DL09HU7907,2026-08-10T20:03:00,L042,USED,0.932,CASE-2026-204
VEH-EXT-001580,P061,DL55HK5801,2026-08-28T16:59:00,L026,REGISTERED_TO,0.822,CASE-2026-201
VEH-EXT-001581,P051,DL11RY5327,2026-08-29T10:58:00,L001,USED,0.927,CASE-2026-202
VEH-EXT-001582,P107,DL28QO9746,2026-08-25T21:24:00,L019,USED,0.892,CASE-2026-203
VEH-EXT-001583,P047,DL82LI7730,2026-08-26T00:10:00,L009,USED,0.927,CASE-2026-204
VEH-EXT-001584,P085,DL86XA3578,2026-08-25T04:06:00,L019,USED,0.946,CASE-2026-201
VEH-EXT-001585,P081,DL87WU7148,2026-08-29T08:11:00,L006,REGISTERED_TO,0.888,CASE-2026-202
VEH-EXT-001586,P041,DL85LZ6022,2026-08-28T15:43:00,L058,USED,0.886,CASE-2026-203
VEH-EXT-001587,P028,DL97KE9646,2026-08-06T16:50:00,L046,REGISTERED_TO,0.952,CASE-2026-204
VEH-EXT-001588,P004,DL40GM3739,2026-08-15T06:04:00,L058,REGISTERED_TO,0.843,CASE-2026-201
VEH-EXT-001589,P027,DL29NQ1521,2026-08-01T21:14:00,L010,REGISTERED_TO,0.881,CASE-2026-202
VEH-EXT-001590,P030,DL66UN3298,2026-08-30T19:22:00,L006,SEEN_NEAR,0.804,CASE-2026-203
VEH-EXT-001591,P107,DL41GX5949,2026-08-03T14:18:00,L030,SEEN_NEAR,0.938,CASE-2026-204
VEH-EXT-001592,P108,DL34VM1567,2026-08-09T06:00:00,L031,USED,0.988,CASE-2026-201
VEH-EXT-001593,P007,DL43ON9088,2026-08-25T20:43:00,L010,SEEN_NEAR,0.854,CASE-2026-202
VEH-EXT-001594,P005,DL23OP9685,2026-08-28T04:43:00,L007,USED,0.845,CASE-2026-203
VEH-EXT-001595,P115,DL47RB786,2026-08-29T11:05:00,L011,SEEN_NEAR,0.97,CASE-2026-204
VEH-EXT-001596,P109,DL43ON9088,2026-08-16T08:09:00,L046,REGISTERED_TO,0.925,CASE-2026-201
VEH-EXT-001597,P117,DL37ZL3820,2026-08-07T13:03:00,L008,USED,0.979,CASE-2026-202
VEH-EXT-001598,P021,DL64KI2394,2026-08-25T14:55:00,L029,USED,0.859,CASE-2026-203
VEH-EXT-001599,P023,DL41GX5949,2026-08-06T14:57:00,L021,SEEN_NEAR,0.891,CASE-2026-204
VEH-EXT-001600,P082,DL89YG8738,2026-08-29T15:19:00,L007,SEEN_NEAR,0.806,CASE-2026-201
VEH-EXT-001601,P057,DL49SF8485,2026-08-12T23:31:00,L039,REGISTERED_TO,0.87,CASE-2026-202
VEH-EXT-001602,P001,DL30XV997,2026-08-04T03:26:00,L024,SEEN_NEAR,0.869,CASE-2026-203
VEH-EXT-001603,P071,DL55HK5801,2026-08-05T12:39:00,L042,REGISTERED_TO,0.98,CASE-2026-204
VEH-EXT-001604,P023,DL97KE9646,2026-08-24T18:50:00,L016,REGISTERED_TO,0.933,CASE-2026-201
VEH-EXT-001605,P047,DL37ZL3820,2026-08-05T02:05:00,L011,SEEN_NEAR,0.816,CASE-2026-202
VEH-EXT-001606,P031,DL54IS4434,2026-08-03T13:17:00,L004,REGISTERED_TO,0.845,CASE-2026-203
VEH-EXT-001607,P029,DL07HB2247,2026-08-20T18:42:00,L022,USED,0.842,CASE-2026-204
VEH-EXT-001608,P076,DL88TU6321,2026-08-08T09:28:00,L007,USED,0.943,CASE-2026-201
VEH-EXT-001609,P019,DL40KE1882,2026-08-20T07:12:00,L036,SEEN_NEAR,0.88,CASE-2026-202
VEH-EXT-001610,P003,DL11RY5327,2026-08-19T15:20:00,L050,REGISTERED_TO,0.951,CASE-2026-203
VEH-EXT-001611,P041,DL09HU7907,2026-08-07T11:13:00,L014,SEEN_NEAR,0.881,CASE-2026-204
VEH-EXT-001612,P119,DL02DI9818,2026-08-08T22:46:00,L012,USED,0.896,CASE-2026-201
VEH-EXT-001613,P109,DL96VS1319,2026-08-05T06:34:00,L048,SEEN_NEAR,0.935,CASE-2026-202
VEH-EXT-001614,P065,DL29NQ1521,2026-08-10T22:09:00,L003,REGISTERED_TO,0.973,CASE-2026-203
VEH-EXT-001615,P031,DL62IT2591,2026-08-30T03:12:00,L029,REGISTERED_TO,0.963,CASE-2026-204
VEH-EXT-001616,P063,DL89YG8738,2026-08-11T13:09:00,L018,REGISTERED_TO,0.876,CASE-2026-201
VEH-EXT-001617,P072,DL32TC7932,2026-08-13T17:05:00,L031,SEEN_NEAR,0.803,CASE-2026-202
VEH-EXT-001618,P068,DL04JV9196,2026-08-14T09:09:00,L045,SEEN_NEAR,0.902,CASE-2026-203
VEH-EXT-001619,P087,DL08OD4328,2026-08-14T01:42:00,L013,SEEN_NEAR,0.964,CASE-2026-204
VEH-EXT-001620,P064,DL81WK7335,2026-08-08T09:51:00,L033,USED,0.818,CASE-2026-201
VEH-EXT-001621,P043,DL09HU7907,2026-08-11T16:58:00,L016,REGISTERED_TO,0.862,CASE-2026-202
VEH-EXT-001622,P006,DL60UM9514,2026-08-08T21:12:00,L029,USED,0.888,CASE-2026-203
VEH-EXT-001623,P068,DL55MZ1375,2026-08-20T06:16:00,L024,SEEN_NEAR,0.944,CASE-2026-204
VEH-EXT-001624,P089,DL54IH5621,2026-08-20T01:40:00,L054,SEEN_NEAR,0.856,CASE-2026-201
VEH-EXT-001625,P116,DL21CR2848,2026-08-18T21:30:00,L030,REGISTERED_TO,0.937,CASE-2026-202
VEH-EXT-001626,P021,DL96VS1319,2026-08-08T22:34:00,L008,USED,0.891,CASE-2026-203
VEH-EXT-001627,P119,DL39UR4920,2026-08-08T19:51:00,L039,USED,0.869,CASE-2026-204
VEH-EXT-001628,P112,DL85RA6801,2026-08-21T15:43:00,L052,USED,0.909,CASE-2026-201
VEH-EXT-001629,P005,DL52CI2878,2026-08-15T12:38:00,L013,REGISTERED_TO,0.942,CASE-2026-202
VEH-EXT-001630,P049,DL04JV9196,2026-08-19T06:03:00,L058,USED,0.832,CASE-2026-203
VEH-EXT-001631,P070,DL25EU426,2026-08-16T11:38:00,L038,REGISTERED_TO,0.906,CASE-2026-204
VEH-EXT-001632,P058,DL11LW2713,2026-08-31T05:45:00,L020,REGISTERED_TO,0.825,CASE-2026-201
VEH-EXT-001633,P101,DL30XV997,2026-08-15T18:00:00,L019,USED,0.806,CASE-2026-202
VEH-EXT-001634,P093,DL29HQ8356,2026-08-29T14:31:00,L050,REGISTERED_TO,0.916,CASE-2026-203
VEH-EXT-001635,P028,DL85LZ6022,2026-08-13T23:31:00,L025,REGISTERED_TO,0.855,CASE-2026-204
VEH-EXT-001636,P007,DL32ME5177,2026-08-08T02:20:00,L054,USED,0.928,CASE-2026-201
VEH-EXT-001637,P064,DL02DI9818,2026-08-19T04:02:00,L032,USED,0.937,CASE-2026-202
VEH-EXT-001638,P089,DL95WC1257,2026-08-24T17:39:00,L040,USED,0.891,CASE-2026-203
VEH-EXT-001639,P028,DL60HV9768,2026-08-29T02:36:00,L058,SEEN_NEAR,0.911,CASE-2026-204
VEH-EXT-001640,P040,DL28QO9746,2026-08-26T22:05:00,L004,USED,0.903,CASE-2026-201
VEH-EXT-001641,P044,DL24MH626,2026-08-08T17:30:00,L011,SEEN_NEAR,0.843,CASE-2026-202
VEH-EXT-001642,P038,DL29NQ1521,2026-08-22T22:18:00,L053,SEEN_NEAR,0.904,CASE-2026-203
VEH-EXT-001643,P005,DL05LU5710,2026-08-30T00:11:00,L033,REGISTERED_TO,0.806,CASE-2026-204
VEH-EXT-001644,P016,DL29HQ8356,2026-08-08T21:18:00,L040,REGISTERED_TO,0.851,CASE-2026-201
VEH-EXT-001645,P008,DL19RP402,2026-08-07T11:41:00,L003,REGISTERED_TO,0.924,CASE-2026-202
VEH-EXT-001646,P097,DL82IT8140,2026-08-12T13:21:00,L047,SEEN_NEAR,0.935,CASE-2026-203
VEH-EXT-001647,P093,DL87UB2945,2026-08-22T13:14:00,L047,REGISTERED_TO,0.842,CASE-2026-204
VEH-EXT-001648,P057,DL85RA6801,2026-08-08T21:59:00,L013,REGISTERED_TO,0.807,CASE-2026-201
VEH-EXT-001649,P016,DL21CR2848,2026-08-17T21:26:00,L028,USED,0.828,CASE-2026-202
VEH-EXT-001650,P073,DL07HB2247,2026-08-13T09:31:00,L049,USED,0.977,CASE-2026-203
VEH-EXT-001651,P018,DL02DI9818,2026-08-15T00:02:00,L001,SEEN_NEAR,0.962,CASE-2026-204
VEH-EXT-001652,P052,DL66UN3298,2026-08-11T00:44:00,L034,USED,0.807,CASE-2026-201
VEH-EXT-001653,P074,DL81KA7608,2026-08-09T04:26:00,L028,SEEN_NEAR,0.983,CASE-2026-202
VEH-EXT-001654,P096,DL16HB2805,2026-08-23T08:21:00,L054,USED,0.964,CASE-2026-203
VEH-EXT-001655,P028,DL23OP9685,2026-08-12T12:55:00,L006,SEEN_NEAR,0.975,CASE-2026-204
VEH-EXT-001656,P081,DL87UB2945,2026-08-04T18:02:00,L042,SEEN_NEAR,0.925,CASE-2026-201
VEH-EXT-001657,P035,DL79FI6946,2026-08-10T07:14:00,L039,USED,0.955,CASE-2026-202
VEH-EXT-001658,P076,DL97KE9646,2026-08-12T23:46:00,L011,SEEN_NEAR,0.898,CASE-2026-203
VEH-EXT-001659,P112,DL76KI5135,2026-08-18T22:19:00,L054,SEEN_NEAR,0.936,CASE-2026-204
VEH-EXT-001660,P004,DL45KA6894,2026-08-11T17:21:00,L020,SEEN_NEAR,0.965,CASE-2026-201
VEH-EXT-001661,P056,DL43ON9088,2026-08-29T10:48:00,L027,REGISTERED_TO,0.838,CASE-2026-202
VEH-EXT-001662,P072,DL35GZ4233,2026-08-28T19:47:00,L002,SEEN_NEAR,0.819,CASE-2026-203
VEH-EXT-001663,P075,DL41GX5949,2026-08-28T04:03:00,L009,REGISTERED_TO,0.918,CASE-2026-204
VEH-EXT-001664,P084,DL79FI6946,2026-08-30T13:29:00,L035,USED,0.827,CASE-2026-201
VEH-EXT-001665,P010,DL81WK7335,2026-08-16T20:34:00,L040,USED,0.838,CASE-2026-202
VEH-EXT-001666,P052,DL63HW1705,2026-08-04T16:50:00,L040,REGISTERED_TO,0.917,CASE-2026-203
VEH-EXT-001667,P083,DL78RJ114,2026-08-17T07:31:00,L058,REGISTERED_TO,0.928,CASE-2026-204
VEH-EXT-001668,P065,DL21CR2848,2026-08-09T04:30:00,L019,USED,0.934,CASE-2026-201
VEH-EXT-001669,P077,DL08LO7279,2026-08-20T00:57:00,L018,REGISTERED_TO,0.907,CASE-2026-202
VEH-EXT-001670,P033,DL29HQ8356,2026-08-01T05:56:00,L002,USED,0.877,CASE-2026-203
VEH-EXT-001671,P016,DL82LI7730,2026-08-05T07:48:00,L005,REGISTERED_TO,0.868,CASE-2026-204
VEH-EXT-001672,P023,DL50AJ3222,2026-08-11T15:33:00,L021,USED,0.846,CASE-2026-201
VEH-EXT-001673,P027,DL55HK5801,2026-08-10T17:03:00,L027,SEEN_NEAR,0.966,CASE-2026-202
VEH-EXT-001674,P042,DL62IT2591,2026-08-01T12:43:00,L022,SEEN_NEAR,0.83,CASE-2026-203
VEH-EXT-001675,P040,DL35GZ4233,2026-08-14T21:55:00,L040,USED,0.909,CASE-2026-204
VEH-EXT-001676,P019,DL55MZ1375,2026-08-07T15:56:00,L016,USED,0.979,CASE-2026-201
VEH-EXT-001677,P073,DL39UR4920,2026-08-22T13:28:00,L014,USED,0.854,CASE-2026-202
VEH-EXT-001678,P019,DL90JQ8495,2026-08-23T23:11:00,L032,USED,0.937,CASE-2026-203
VEH-EXT-001679,P069,DL11RY5327,2026-08-09T19:34:00,L009,USED,0.876,CASE-2026-204
VEH-EXT-001680,P038,DL79FI6946,2026-08-17T17:40:00,L047,USED,0.874,CASE-2026-201
VEH-EXT-001681,P073,DL96VS1319,2026-08-08T17:18:00,L018,USED,0.804,CASE-2026-202
VEH-EXT-001682,P091,DL81WK7335,2026-08-12T10:07:00,L020,SEEN_NEAR,0.85,CASE-2026-203
VEH-EXT-001683,P002,DL55HK5801,2026-08-11T23:37:00,L050,SEEN_NEAR,0.826,CASE-2026-204
VEH-EXT-001684,P006,DL88TU6321,2026-08-19T02:05:00,L043,REGISTERED_TO,0.858,CASE-2026-201
VEH-EXT-001685,P037,DL87UB2945,2026-08-03T22:39:00,L059,SEEN_NEAR,0.955,CASE-2026-202
VEH-EXT-001686,P107,DL88TU6321,2026-08-29T00:03:00,L052,USED,0.81,CASE-2026-203
VEH-EXT-001687,P057,DL08LO7279,2026-08-09T19:00:00,L039,SEEN_NEAR,0.818,CASE-2026-204
VEH-EXT-001688,P053,DL85RA6801,2026-08-31T18:08:00,L055,REGISTERED_TO,0.819,CASE-2026-201
VEH-EXT-001689,P109,DL41GX5949,2026-08-25T19:57:00,L047,REGISTERED_TO,0.965,CASE-2026-202
VEH-EXT-001690,P072,DL16HB2805,2026-08-23T09:39:00,L007,SEEN_NEAR,0.931,CASE-2026-203
VEH-EXT-001691,P024,DL11LW2713,2026-08-12T07:23:00,L057,SEEN_NEAR,0.943,CASE-2026-204
VEH-EXT-001692,P094,DL82IT8140,2026-08-14T01:09:00,L017,USED,0.803,CASE-2026-201
VEH-EXT-001693,P056,DL90BO260,2026-08-01T11:39:00,L055,USED,0.974,CASE-2026-202
VEH-EXT-001694,P059,DL07HB2247,2026-08-07T04:32:00,L031,REGISTERED_TO,0.889,CASE-2026-203
VEH-EXT-001695,P057,DL19RP402,2026-08-24T06:39:00,L052,USED,0.932,CASE-2026-204
VEH-EXT-001696,P036,DL60UM9514,2026-08-26T14:12:00,L019,SEEN_NEAR,0.953,CASE-2026-201
VEH-EXT-001697,P012,DL90JQ8495,2026-08-30T03:42:00,L058,SEEN_NEAR,0.865,CASE-2026-202
VEH-EXT-001698,P059,DL62IT2591,2026-08-14T23:12:00,L005,USED,0.907,CASE-2026-203
VEH-EXT-001699,P120,DL95WC1257,2026-08-28T10:37:00,L032,USED,0.911,CASE-2026-204
VEH-EXT-001700,P023,DL05LU5710,2026-08-20T15:37:00,L016,USED,0.936,CASE-2026-201
VEH-EXT-001701,P002,DL47RB786,2026-08-13T07:34:00,L033,USED,0.858,CASE-2026-202
VEH-EXT-001702,P073,DL09HU7907,2026-08-17T15:53:00,L039,REGISTERED_TO,0.819,CASE-2026-203
VEH-EXT-001703,P065,DL89YG8738,2026-08-03T17:58:00,L050,USED,0.931,CASE-2026-204
VEH-EXT-001704,P042,DL35GZ4233,2026-08-23T09:50:00,L044,USED,0.973,CASE-2026-201
VEH-EXT-001705,P066,DL60UM9514,2026-08-06T03:48:00,L005,USED,0.95,CASE-2026-202
VEH-EXT-001706,P055,DL65MS3221,2026-08-21T09:55:00,L056,REGISTERED_TO,0.956,CASE-2026-203
VEH-EXT-001707,P077,DL55HK5801,2026-08-04T16:49:00,L029,USED,0.908,CASE-2026-204
VEH-EXT-001708,P068,DL21CR2848,2026-08-05T02:29:00,L023,SEEN_NEAR,0.926,CASE-2026-201
VEH-EXT-001709,P023,DL35GZ4233,2026-08-19T08:48:00,L001,REGISTERED_TO,0.805,CASE-2026-202
VEH-EXT-001710,P109,DL05LU5710,2026-08-24T10:59:00,L041,USED,0.885,CASE-2026-203
VEH-EXT-001711,P022,DL85LZ6022,2026-08-10T14:51:00,L011,USED,0.958,CASE-2026-204
VEH-EXT-001712,P030,DL08LO7279,2026-08-14T10:59:00,L015,USED,0.849,CASE-2026-201
VEH-EXT-001713,P084,DL90BO260,2026-08-22T21:33:00,L026,USED,0.987,CASE-2026-202
VEH-EXT-001714,P003,DL66UN3298,2026-08-24T03:20:00,L006,USED,0.948,CASE-2026-203
VEH-EXT-001715,P001,DL32TC7932,2026-08-30T01:05:00,L034,REGISTERED_TO,0.874,CASE-2026-204
VEH-EXT-001716,P039,DL21CR2848,2026-08-19T04:31:00,L004,REGISTERED_TO,0.834,CASE-2026-201
VEH-EXT-001717,P101,DL63HW1705,2026-08-03T07:29:00,L015,USED,0.91,CASE-2026-202
VEH-EXT-001718,P026,DL63HW1705,2026-08-24T22:47:00,L033,USED,0.947,CASE-2026-203
VEH-EXT-001719,P062,DL78RJ114,2026-08-21T10:59:00,L044,USED,0.8,CASE-2026-204
VEH-EXT-001720,P003,DL57KK8244,2026-08-08T21:01:00,L054,REGISTERED_TO,0.905,CASE-2026-201
VEH-EXT-001721,P014,DL88SX6044,2026-08-16T17:38:00,L060,REGISTERED_TO,0.922,CASE-2026-202
VEH-EXT-001722,P080,DL16HB2805,2026-08-12T05:15:00,L002,SEEN_NEAR,0.917,CASE-2026-203
VEH-EXT-001723,P036,DL32TC7932,2026-08-18T13:53:00,L056,REGISTERED_TO,0.881,CASE-2026-204
VEH-EXT-001724,P094,DL89YG8738,2026-08-16T06:12:00,L026,USED,0.89,CASE-2026-201
VEH-EXT-001725,P063,DL96VS1319,2026-08-22T11:28:00,L011,REGISTERED_TO,0.905,CASE-2026-202
VEH-EXT-001726,P046,DL09NH8413,2026-08-19T08:02:00,L037,REGISTERED_TO,0.844,CASE-2026-203
VEH-EXT-001727,P011,DL11RY5327,2026-08-16T08:09:00,L008,USED,0.882,CASE-2026-204
VEH-EXT-001728,P045,DL81WK7335,2026-08-01T04:34:00,L051,SEEN_NEAR,0.947,CASE-2026-201
VEH-EXT-001729,P007,DL88SX6044,2026-08-16T11:35:00,L038,SEEN_NEAR,0.903,CASE-2026-202
VEH-EXT-001730,P092,DL02HV3719,2026-08-25T07:30:00,L045,USED,0.979,CASE-2026-203
VEH-EXT-001731,P058,DL60PX9735,2026-08-11T01:08:00,L028,REGISTERED_TO,0.864,CASE-2026-204
VEH-EXT-001732,P120,DL91QF4618,2026-08-09T09:10:00,L024,REGISTERED_TO,0.968,CASE-2026-201
VEH-EXT-001733,P101,DL02DI9818,2026-08-09T07:48:00,L009,REGISTERED_TO,0.968,CASE-2026-202
VEH-EXT-001734,P112,DL55HK5801,2026-08-06T18:20:00,L026,REGISTERED_TO,0.822,CASE-2026-203
VEH-EXT-001735,P048,DL08OD4328,2026-08-26T09:40:00,L060,REGISTERED_TO,0.902,CASE-2026-204
VEH-EXT-001736,P005,DL89YG8738,2026-08-07T19:09:00,L019,SEEN_NEAR,0.806,CASE-2026-201
VEH-EXT-001737,P117,DL63HW1705,2026-08-12T12:34:00,L026,REGISTERED_TO,0.945,CASE-2026-202
VEH-EXT-001738,P104,DL50AJ3222,2026-08-29T12:55:00,L050,SEEN_NEAR,0.965,CASE-2026-203
VEH-EXT-001739,P117,DL49SF8485,2026-08-25T22:23:00,L051,REGISTERED_TO,0.917,CASE-2026-204
VEH-EXT-001740,P006,DL62IT2591,2026-08-24T18:15:00,L039,SEEN_NEAR,0.811,CASE-2026-201
VEH-EXT-001741,P051,DL89YG8738,2026-08-30T14:48:00,L025,SEEN_NEAR,0.809,CASE-2026-202
VEH-EXT-001742,P105,DL55HK5801,2026-08-29T03:34:00,L003,USED,0.906,CASE-2026-203
VEH-EXT-001743,P014,DL08LO7279,2026-08-03T05:51:00,L030,USED,0.934,CASE-2026-204
VEH-EXT-001744,P046,DL02DI9818,2026-08-28T01:53:00,L004,USED,0.947,CASE-2026-201
VEH-EXT-001745,P100,DL39GZ1214,2026-08-22T04:55:00,L048,REGISTERED_TO,0.87,CASE-2026-202
VEH-EXT-001746,P052,DL62IT2591,2026-08-09T11:36:00,L050,USED,0.856,CASE-2026-203
VEH-EXT-001747,P029,DL88TU6321,2026-08-20T15:58:00,L012,REGISTERED_TO,0.855,CASE-2026-204
VEH-EXT-001748,P067,DL39KO3630,2026-08-05T05:11:00,L002,SEEN_NEAR,0.905,CASE-2026-201
VEH-EXT-001749,P056,DL81WK7335,2026-08-08T07:48:00,L020,USED,0.907,CASE-2026-202
VEH-EXT-001750,P075,DL88SX6044,2026-08-14T17:11:00,L034,REGISTERED_TO,0.946,CASE-2026-203
VEH-EXT-001751,P103,DL52CI2878,2026-08-10T09:17:00,L025,SEEN_NEAR,0.807,CASE-2026-204
VEH-EXT-001752,P027,DL85LZ6022,2026-08-19T13:43:00,L044,SEEN_NEAR,0.98,CASE-2026-201
VEH-EXT-001753,P018,DL64KI2394,2026-08-01T13:08:00,L039,REGISTERED_TO,0.967,CASE-2026-202
VEH-EXT-001754,P009,DL44KV6735,2026-08-25T03:01:00,L020,REGISTERED_TO,0.914,CASE-2026-203
VEH-EXT-001755,P030,DL75AQ7501,2026-08-14T21:15:00,L052,SEEN_NEAR,0.858,CASE-2026-204
VEH-EXT-001756,P022,DL09HU7907,2026-08-07T09:33:00,L041,SEEN_NEAR,0.968,CASE-2026-201
VEH-EXT-001757,P066,DL32TC7932,2026-08-14T18:26:00,L013,REGISTERED_TO,0.868,CASE-2026-202
VEH-EXT-001758,P075,DL87UB2945,2026-08-14T21:22:00,L033,SEEN_NEAR,0.853,CASE-2026-203
VEH-EXT-001759,P066,DL04ES2001,2026-08-20T07:04:00,L032,SEEN_NEAR,0.835,CASE-2026-204
VEH-EXT-001760,P095,DL44KV6735,2026-08-12T13:52:00,L048,USED,0.811,CASE-2026-201
VEH-EXT-001761,P050,DL54IS4434,2026-08-13T22:33:00,L001,SEEN_NEAR,0.911,CASE-2026-202
VEH-EXT-001762,P093,DL57KK8244,2026-08-27T02:46:00,L015,REGISTERED_TO,0.809,CASE-2026-203
VEH-EXT-001763,P008,DL05LU5710,2026-08-19T20:38:00,L030,REGISTERED_TO,0.971,CASE-2026-204
VEH-EXT-001764,P085,DL35GZ4233,2026-08-09T18:03:00,L042,SEEN_NEAR,0.944,CASE-2026-201
VEH-EXT-001765,P024,DL37ZL3820,2026-08-26T09:19:00,L030,REGISTERED_TO,0.829,CASE-2026-202
VEH-EXT-001766,P098,DL79FI6946,2026-08-16T00:33:00,L026,REGISTERED_TO,0.963,CASE-2026-203
VEH-EXT-001767,P006,DL16HB2805,2026-08-23T17:20:00,L019,REGISTERED_TO,0.989,CASE-2026-204
VEH-EXT-001768,P077,DL91QF4618,2026-08-29T18:06:00,L035,USED,0.857,CASE-2026-201
VEH-EXT-001769,P031,DL09NH8413,2026-08-06T11:38:00,L023,REGISTERED_TO,0.925,CASE-2026-202
VEH-EXT-001770,P021,DL90JQ8495,2026-08-01T12:01:00,L031,REGISTERED_TO,0.924,CASE-2026-203
VEH-EXT-001771,P118,DL52CI2878,2026-08-18T00:18:00,L054,USED,0.93,CASE-2026-204
VEH-EXT-001772,P072,DL81KA7608,2026-08-22T03:43:00,L002,REGISTERED_TO,0.842,CASE-2026-201
VEH-EXT-001773,P072,DL90BO260,2026-08-05T23:08:00,L034,REGISTERED_TO,0.829,CASE-2026-202
VEH-EXT-001774,P041,DL86XA3578,2026-08-02T22:09:00,L010,USED,0.884,CASE-2026-203
VEH-EXT-001775,P098,DL27TR2259,2026-08-05T16:50:00,L012,SEEN_NEAR,0.839,CASE-2026-204
VEH-EXT-001776,P047,DL08OD4328,2026-08-26T06:16:00,L056,REGISTERED_TO,0.824,CASE-2026-201
VEH-EXT-001777,P073,DL82IT8140,2026-08-29T13:31:00,L001,USED,0.963,CASE-2026-202
VEH-EXT-001778,P108,DL41GX5949,2026-08-15T09:51:00,L014,SEEN_NEAR,0.87,CASE-2026-203
VEH-EXT-001779,P061,DL79FI6946,2026-08-15T22:13:00,L022,SEEN_NEAR,0.804,CASE-2026-204
VEH-EXT-001780,P018,DL47RB786,2026-08-21T03:58:00,L025,USED,0.912,CASE-2026-201
VEH-EXT-001781,P101,DL08OD4328,2026-08-20T21:39:00,L032,REGISTERED_TO,0.861,CASE-2026-202
VEH-EXT-001782,P004,DL76KI5135,2026-08-13T18:44:00,L042,REGISTERED_TO,0.838,CASE-2026-203
VEH-EXT-001783,P107,DL90BO260,2026-08-30T03:48:00,L036,SEEN_NEAR,0.905,CASE-2026-204
VEH-EXT-001784,P109,DL88SX6044,2026-08-27T13:42:00,L001,USED,0.909,CASE-2026-201
VEH-EXT-001785,P076,DL21CR2848,2026-08-28T17:14:00,L017,REGISTERED_TO,0.852,CASE-2026-202
VEH-EXT-001786,P030,DL09NH8413,2026-08-16T17:23:00,L046,REGISTERED_TO,0.92,CASE-2026-203
VEH-EXT-001787,P085,DL64KI2394,2026-08-31T12:59:00,L013,REGISTERED_TO,0.903,CASE-2026-204
VEH-EXT-001788,P119,DL29HQ8356,2026-08-10T10:35:00,L036,SEEN_NEAR,0.865,CASE-2026-201
VEH-EXT-001789,P103,DL44KV6735,2026-08-26T07:38:00,L025,USED,0.99,CASE-2026-202
VEH-EXT-001790,P085,DL95WC1257,2026-08-14T08:44:00,L055,SEEN_NEAR,0.827,CASE-2026-203
VEH-EXT-001791,P025,DL64KI2394,2026-08-22T12:18:00,L040,REGISTERED_TO,0.977,CASE-2026-204
VEH-EXT-001792,P004,DL55MZ1375,2026-08-05T00:27:00,L011,REGISTERED_TO,0.813,CASE-2026-201
VEH-EXT-001793,P077,DL81KA7608,2026-08-16T11:16:00,L003,USED,0.89,CASE-2026-202
VEH-EXT-001794,P071,DL54IH5621,2026-08-16T23:19:00,L026,SEEN_NEAR,0.857,CASE-2026-203
VEH-EXT-001795,P067,DL75AQ7501,2026-08-30T08:34:00,L038,SEEN_NEAR,0.804,CASE-2026-204
VEH-EXT-001796,P120,DL66UN3298,2026-08-12T23:28:00,L037,USED,0.971,CASE-2026-201
VEH-EXT-001797,P093,DL39UR4920,2026-08-06T00:15:00,L005,REGISTERED_TO,0.925,CASE-2026-202
VEH-EXT-001798,P108,DL75AQ7501,2026-08-18T05:37:00,L049,REGISTERED_TO,0.873,CASE-2026-203
VEH-EXT-001799,P035,DL65MS3221,2026-08-09T20:06:00,L035,REGISTERED_TO,0.963,CASE-2026-204
VEH-EXT-001800,P002,DL89YG8738,2026-08-09T21:30:00,L058,SEEN_NEAR,0.946,CASE-2026-201
VEH-EXT-001801,P006,DL86XA3578,2026-08-14T05:23:00,L018,USED,0.89,CASE-2026-202
VEH-EXT-001802,P048,DL47TY509,2026-08-20T05:50:00,L056,USED,0.976,CASE-2026-203
VEH-EXT-001803,P097,DL96VS1319,2026-08-09T17:05:00,L025,USED,0.891,CASE-2026-204
VEH-EXT-001804,P007,DL63HW1705,2026-08-29T01:32:00,L016,REGISTERED_TO,0.929,CASE-2026-201
VEH-EXT-001805,P067,DL55HK5801,2026-08-20T18:29:00,L046,USED,0.873,CASE-2026-202
VEH-EXT-001806,P090,DL60UM9514,2026-08-23T10:12:00,L025,SEEN_NEAR,0.855,CASE-2026-203
VEH-EXT-001807,P114,DL82LI7730,2026-08-06T19:10:00,L029,SEEN_NEAR,0.805,CASE-2026-204
VEH-EXT-001808,P113,DL35GZ4233,2026-08-01T18:15:00,L011,REGISTERED_TO,0.866,CASE-2026-201
VEH-EXT-001809,P001,DL57KK8244,2026-08-24T01:40:00,L056,SEEN_NEAR,0.802,CASE-2026-202
VEH-EXT-001810,P032,DL04ES2001,2026-08-01T03:26:00,L055,USED,0.832,CASE-2026-203
VEH-EXT-001811,P005,DL04JV9196,2026-08-08T03:26:00,L023,USED,0.932,CASE-2026-204
VEH-EXT-001812,P067,DL47RB786,2026-08-12T08:03:00,L031,SEEN_NEAR,0.966,CASE-2026-201
VEH-EXT-001813,P046,DL37ZL3820,2026-08-31T11:34:00,L030,SEEN_NEAR,0.829,CASE-2026-202
VEH-EXT-001814,P064,DL92OY5424,2026-08-30T23:38:00,L007,USED,0.866,CASE-2026-203
VEH-EXT-001815,P025,DL76KI5135,2026-08-17T10:02:00,L051,SEEN_NEAR,0.901,CASE-2026-204
VEH-EXT-001816,P062,DL40KE1882,2026-08-19T11:13:00,L010,SEEN_NEAR,0.806,CASE-2026-201
VEH-EXT-001817,P111,DL75AQ7501,2026-08-03T06:18:00,L001,REGISTERED_TO,0.81,CASE-2026-202
VEH-EXT-001818,P115,DL64KI2394,2026-08-17T12:43:00,L036,USED,0.981,CASE-2026-203
VEH-EXT-001819,P077,DL09NH8413,2026-08-19T01:45:00,L038,REGISTERED_TO,0.984,CASE-2026-204
VEH-EXT-001820,P095,DL04JV9196,2026-08-28T04:38:00,L010,USED,0.938,CASE-2026-201
VEH-EXT-001821,P057,DL62IT2591,2026-08-24T15:22:00,L016,SEEN_NEAR,0.904,CASE-2026-202
VEH-EXT-001822,P002,DL11RY5327,2026-08-02T17:09:00,L051,USED,0.972,CASE-2026-203
VEH-EXT-001823,P083,DL24MH626,2026-08-19T09:59:00,L003,REGISTERED_TO,0.892,CASE-2026-204
VEH-EXT-001824,P004,DL02DI9818,2026-08-27T18:00:00,L056,REGISTERED_TO,0.989,CASE-2026-201
VEH-EXT-001825,P046,DL09HU7907,2026-08-04T13:30:00,L031,USED,0.892,CASE-2026-202
VEH-EXT-001826,P041,DL43ON9088,2026-08-15T14:30:00,L058,REGISTERED_TO,0.821,CASE-2026-203
VEH-EXT-001827,P098,DL41GX5949,2026-08-25T19:13:00,L035,SEEN_NEAR,0.938,CASE-2026-204
VEH-EXT-001828,P048,DL81WK7335,2026-08-07T00:48:00,L046,USED,0.981,CASE-2026-201
VEH-EXT-001829,P065,DL21CR2848,2026-08-21T09:53:00,L033,USED,0.857,CASE-2026-202
VEH-EXT-001830,P022,DL02HV3719,2026-08-29T16:29:00,L042,REGISTERED_TO,0.895,CASE-2026-203
VEH-EXT-001831,P022,DL82IT8140,2026-08-08T19:20:00,L040,REGISTERED_TO,0.933,CASE-2026-204
VEH-EXT-001832,P031,DL40GM3739,2026-08-01T15:51:00,L039,SEEN_NEAR,0.823,CASE-2026-201
VEH-EXT-001833,P103,DL08OD4328,2026-08-29T16:33:00,L057,USED,0.806,CASE-2026-202
VEH-EXT-001834,P050,DL47TY509,2026-08-24T19:09:00,L024,REGISTERED_TO,0.83,CASE-2026-203
VEH-EXT-001835,P025,DL40KE1882,2026-08-07T07:55:00,L001,SEEN_NEAR,0.894,CASE-2026-204
VEH-EXT-001836,P091,DL29NQ1521,2026-08-06T02:17:00,L056,REGISTERED_TO,0.95,CASE-2026-201
VEH-EXT-001837,P059,DL66UN3298,2026-08-26T22:40:00,L017,REGISTERED_TO,0.869,CASE-2026-202
VEH-EXT-001838,P016,DL29NQ1521,2026-08-24T01:05:00,L004,SEEN_NEAR,0.947,CASE-2026-203
VEH-EXT-001839,P018,DL32TC7932,2026-08-23T01:21:00,L004,SEEN_NEAR,0.921,CASE-2026-204
VEH-EXT-001840,P081,DL37ZL3820,2026-08-15T22:01:00,L016,SEEN_NEAR,0.84,CASE-2026-201
VEH-EXT-001841,P104,DL64KI2394,2026-08-21T04:59:00,L039,REGISTERED_TO,0.963,CASE-2026-202
VEH-EXT-001842,P026,DL55MZ1375,2026-08-29T23:06:00,L051,USED,0.969,CASE-2026-203
VEH-EXT-001843,P043,DL79FI6946,2026-08-26T04:10:00,L034,SEEN_NEAR,0.964,CASE-2026-204
VEH-EXT-001844,P052,DL83IA4683,2026-08-08T08:33:00,L015,USED,0.846,CASE-2026-201
VEH-EXT-001845,P031,DL97KE9646,2026-08-13T01:03:00,L014,SEEN_NEAR,0.814,CASE-2026-202
VEH-EXT-001846,P085,DL52CI2878,2026-08-22T07:53:00,L058,REGISTERED_TO,0.916,CASE-2026-203
VEH-EXT-001847,P033,DL96VS1319,2026-08-31T12:19:00,L035,REGISTERED_TO,0.803,CASE-2026-204
VEH-EXT-001848,P067,DL05LU5710,2026-08-25T12:36:00,L009,REGISTERED_TO,0.833,CASE-2026-201
VEH-EXT-001849,P113,DL11RY5327,2026-08-06T23:19:00,L057,USED,0.891,CASE-2026-202
VEH-EXT-001850,P117,DL87UB2945,2026-08-29T04:22:00,L040,SEEN_NEAR,0.822,CASE-2026-203
VEH-EXT-001851,P096,DL11RY5327,2026-08-04T10:43:00,L007,REGISTERED_TO,0.862,CASE-2026-204
VEH-EXT-001852,P098,DL88TU6321,2026-08-16T11:07:00,L027,USED,0.826,CASE-2026-201
VEH-EXT-001853,P071,DL47RB786,2026-08-21T07:08:00,L021,USED,0.847,CASE-2026-202
VEH-EXT-001854,P025,DL57KK8244,2026-08-24T11:13:00,L033,SEEN_NEAR,0.833,CASE-2026-203
VEH-EXT-001855,P110,DL52CI2878,2026-08-20T17:34:00,L005,REGISTERED_TO,0.973,CASE-2026-204
VEH-EXT-001856,P088,DL47TY509,2026-08-12T09:51:00,L030,REGISTERED_TO,0.907,CASE-2026-201
VEH-EXT-001857,P093,DL54IH5621,2026-08-31T15:54:00,L024,USED,0.946,CASE-2026-202
VEH-EXT-001858,P074,DL82IT8140,2026-08-31T12:01:00,L027,SEEN_NEAR,0.924,CASE-2026-203
VEH-EXT-001859,P047,DL04ES2001,2026-08-11T11:23:00,L025,SEEN_NEAR,0.885,CASE-2026-204
VEH-EXT-001860,P100,DL39UR4920,2026-08-21T00:53:00,L013,USED,0.907,CASE-2026-201
VEH-EXT-001861,P102,DL05LU5710,2026-08-07T01:11:00,L054,SEEN_NEAR,0.926,CASE-2026-202
VEH-EXT-001862,P085,DL81KA7608,2026-08-12T19:32:00,L038,USED,0.893,CASE-2026-203
VEH-EXT-001863,P109,DL45KA6894,2026-08-06T11:33:00,L034,REGISTERED_TO,0.981,CASE-2026-204
VEH-EXT-001864,P042,DL55MZ1375,2026-08-14T01:14:00,L006,REGISTERED_TO,0.864,CASE-2026-201
VEH-EXT-001865,P110,DL55MZ1375,2026-08-03T22:44:00,L027,REGISTERED_TO,0.892,CASE-2026-202
VEH-EXT-001866,P085,DL55MZ1375,2026-08-02T13:18:00,L020,SEEN_NEAR,0.914,CASE-2026-203
VEH-EXT-001867,P057,DL24MH626,2026-08-04T13:08:00,L058,USED,0.908,CASE-2026-204
VEH-EXT-001868,P116,DL75AQ7501,2026-08-17T01:33:00,L007,SEEN_NEAR,0.84,CASE-2026-201
VEH-EXT-001869,P028,DL34VM1567,2026-08-26T04:44:00,L052,SEEN_NEAR,0.958,CASE-2026-202
VEH-EXT-001870,P058,DL34VM1567,2026-08-29T16:29:00,L010,REGISTERED_TO,0.926,CASE-2026-203
VEH-EXT-001871,P117,DL04JV9196,2026-08-16T01:53:00,L015,SEEN_NEAR,0.936,CASE-2026-204
VEH-EXT-001872,P088,DL60HV9768,2026-08-11T15:14:00,L054,REGISTERED_TO,0.851,CASE-2026-201
VEH-EXT-001873,P106,DL37ZL3820,2026-08-19T11:59:00,L009,USED,0.836,CASE-2026-202
VEH-EXT-001874,P091,DL64KI2394,2026-08-06T17:25:00,L001,SEEN_NEAR,0.85,CASE-2026-203
VEH-EXT-001875,P003,DL19RP402,2026-08-23T20:56:00,L028,USED,0.943,CASE-2026-204
VEH-EXT-001876,P010,DL39KO3630,2026-08-11T19:29:00,L027,SEEN_NEAR,0.894,CASE-2026-201
VEH-EXT-001877,P086,DL34VM1567,2026-08-26T06:59:00,L008,REGISTERED_TO,0.83,CASE-2026-202
VEH-EXT-001878,P107,DL27TR2259,2026-08-05T13:01:00,L059,SEEN_NEAR,0.97,CASE-2026-203
VEH-EXT-001879,P036,DL34VM1567,2026-08-28T16:35:00,L015,USED,0.823,CASE-2026-204
VEH-EXT-001880,P067,DL34VM1567,2026-08-03T19:07:00,L040,REGISTERED_TO,0.884,CASE-2026-201
VEH-EXT-001881,P114,DL55HK5801,2026-08-28T19:16:00,L056,USED,0.847,CASE-2026-202
VEH-EXT-001882,P043,DL40GM3739,2026-08-03T19:47:00,L022,REGISTERED_TO,0.848,CASE-2026-203
VEH-EXT-001883,P072,DL25EU426,2026-08-23T23:28:00,L038,SEEN_NEAR,0.974,CASE-2026-204
VEH-EXT-001884,P006,DL82IT8140,2026-08-28T11:03:00,L055,USED,0.953,CASE-2026-201
VEH-EXT-001885,P046,DL89YG8738,2026-08-11T03:59:00,L009,USED,0.975,CASE-2026-202
VEH-EXT-001886,P063,DL09HU7907,2026-08-29T19:52:00,L023,USED,0.926,CASE-2026-203
VEH-EXT-001887,P078,DL32ME5177,2026-08-31T17:06:00,L019,USED,0.977,CASE-2026-204
VEH-EXT-001888,P014,DL75AQ7501,2026-08-16T05:54:00,L060,REGISTERED_TO,0.973,CASE-2026-201
VEH-EXT-001889,P064,DL40KE1882,2026-08-16T10:54:00,L024,USED,0.814,CASE-2026-202
VEH-EXT-001890,P029,DL50AJ3222,2026-08-23T10:13:00,L020,USED,0.951,CASE-2026-203
VEH-EXT-001891,P002,DL82LI7730,2026-08-01T02:54:00,L041,REGISTERED_TO,0.855,CASE-2026-204
VEH-EXT-001892,P117,DL19RP402,2026-08-24T18:01:00,L047,USED,0.821,CASE-2026-201
VEH-EXT-001893,P050,DL85LZ6022,2026-08-21T00:43:00,L012,USED,0.882,CASE-2026-202
VEH-EXT-001894,P103,DL09NH8413,2026-08-27T21:21:00,L027,REGISTERED_TO,0.93,CASE-2026-203
VEH-EXT-001895,P063,DL32ME5177,2026-08-03T07:56:00,L007,USED,0.837,CASE-2026-204
VEH-EXT-001896,P016,DL92OY5424,2026-08-22T21:32:00,L027,USED,0.965,CASE-2026-201
VEH-EXT-001897,P065,DL92OY5424,2026-08-07T20:40:00,L015,REGISTERED_TO,0.967,CASE-2026-202
VEH-EXT-001898,P027,DL07HB2247,2026-08-28T21:40:00,L018,REGISTERED_TO,0.908,CASE-2026-203
VEH-EXT-001899,P081,DL87WU7148,2026-08-10T00:41:00,L026,SEEN_NEAR,0.865,CASE-2026-204
VEH-EXT-001900,P032,DL40KE1882,2026-08-11T11:17:00,L003,REGISTERED_TO,0.979,CASE-2026-201
VEH-EXT-001901,P051,DL89YG8738,2026-08-22T07:45:00,L060,SEEN_NEAR,0.89,CASE-2026-202
VEH-EXT-001902,P065,DL92OY5424,2026-08-07T17:55:00,L004,SEEN_NEAR,0.92,CASE-2026-203
VEH-EXT-001903,P117,DL16HB2805,2026-08-11T04:06:00,L055,SEEN_NEAR,0.954,CASE-2026-204
VEH-EXT-001904,P111,DL35GZ4233,2026-08-31T21:48:00,L025,USED,0.862,CASE-2026-201
VEH-EXT-001905,P012,DL64KI2394,2026-08-24T14:52:00,L053,USED,0.861,CASE-2026-202
VEH-EXT-001906,P012,DL65MS3221,2026-08-08T11:36:00,L038,USED,0.866,CASE-2026-203
VEH-EXT-001907,P001,DL54IH5621,2026-08-10T09:12:00,L021,USED,0.877,CASE-2026-204
VEH-EXT-001908,P044,DL09HU7907,2026-08-06T15:31:00,L016,USED,0.867,CASE-2026-201
VEH-EXT-001909,P034,DL47TY509,2026-08-12T06:59:00,L002,USED,0.883,CASE-2026-202
VEH-EXT-001910,P032,DL30XV997,2026-08-17T12:16:00,L051,SEEN_NEAR,0.924,CASE-2026-203
VEH-EXT-001911,P118,DL90JQ8495,2026-08-14T10:44:00,L027,USED,0.909,CASE-2026-204
VEH-EXT-001912,P061,DL81KA7608,2026-08-12T05:15:00,L023,REGISTERED_TO,0.866,CASE-2026-201
VEH-EXT-001913,P040,DL63HW1705,2026-08-22T20:26:00,L035,REGISTERED_TO,0.819,CASE-2026-202
VEH-EXT-001914,P088,DL49SF8485,2026-08-03T07:12:00,L013,SEEN_NEAR,0.896,CASE-2026-203
VEH-EXT-001915,P028,DL64KI2394,2026-08-16T21:35:00,L026,REGISTERED_TO,0.826,CASE-2026-204
VEH-EXT-001916,P032,DL11LW2713,2026-08-02T13:48:00,L004,REGISTERED_TO,0.985,CASE-2026-201
VEH-EXT-001917,P083,DL91QF4618,2026-08-10T05:29:00,L032,SEEN_NEAR,0.831,CASE-2026-202
VEH-EXT-001918,P001,DL47RB786,2026-08-09T04:02:00,L025,REGISTERED_TO,0.841,CASE-2026-203
VEH-EXT-001919,P068,DL64KI2394,2026-08-04T04:15:00,L009,USED,0.862,CASE-2026-204
VEH-EXT-001920,P064,DL83IA4683,2026-08-08T01:35:00,L017,REGISTERED_TO,0.902,CASE-2026-201
VEH-EXT-001921,P035,DL35GZ4233,2026-08-21T14:47:00,L008,REGISTERED_TO,0.977,CASE-2026-202
VEH-EXT-001922,P105,DL85RA6801,2026-08-01T11:57:00,L050,SEEN_NEAR,0.865,CASE-2026-203
VEH-EXT-001923,P004,DL90BO260,2026-08-31T15:32:00,L011,USED,0.911,CASE-2026-204
VEH-EXT-001924,P083,DL85RA6801,2026-08-07T00:40:00,L026,USED,0.905,CASE-2026-201
VEH-EXT-001925,P062,DL02HV3719,2026-08-20T01:48:00,L041,REGISTERED_TO,0.845,CASE-2026-202
VEH-EXT-001926,P059,DL41GX5949,2026-08-10T06:32:00,L030,SEEN_NEAR,0.864,CASE-2026-203
VEH-EXT-001927,P099,DL47RB786,2026-08-19T15:19:00,L031,USED,0.917,CASE-2026-204
VEH-EXT-001928,P065,DL02HV3719,2026-08-26T11:16:00,L018,REGISTERED_TO,0.88,CASE-2026-201
VEH-EXT-001929,P021,DL41GX5949,2026-08-18T00:00:00,L056,USED,0.907,CASE-2026-202
VEH-EXT-001930,P088,DL78RJ114,2026-08-12T18:02:00,L037,SEEN_NEAR,0.807,CASE-2026-203
VEH-EXT-001931,P092,DL39KO3630,2026-08-25T17:29:00,L001,SEEN_NEAR,0.879,CASE-2026-204
VEH-EXT-001932,P075,DL76KI5135,2026-08-02T10:53:00,L060,USED,0.968,CASE-2026-201
VEH-EXT-001933,P016,DL89YG8738,2026-08-15T00:37:00,L030,SEEN_NEAR,0.931,CASE-2026-202
VEH-EXT-001934,P036,DL85RA6801,2026-08-22T05:30:00,L038,SEEN_NEAR,0.953,CASE-2026-203
VEH-EXT-001935,P093,DL40GM3739,2026-08-14T17:15:00,L036,REGISTERED_TO,0.921,CASE-2026-204
VEH-EXT-001936,P023,DL28QO9746,2026-08-16T18:56:00,L013,SEEN_NEAR,0.928,CASE-2026-201
VEH-EXT-001937,P002,DL89YG8738,2026-08-25T20:53:00,L041,USED,0.863,CASE-2026-202
VEH-EXT-001938,P090,DL47TY509,2026-08-26T05:26:00,L036,USED,0.804,CASE-2026-203
VEH-EXT-001939,P108,DL88TU6321,2026-08-19T00:15:00,L029,REGISTERED_TO,0.863,CASE-2026-204
VEH-EXT-001940,P005,DL04JV9196,2026-08-07T23:53:00,L036,REGISTERED_TO,0.923,CASE-2026-201
VEH-EXT-001941,P104,DL50AJ3222,2026-08-28T19:33:00,L016,USED,0.831,CASE-2026-202
VEH-EXT-001942,P057,DL39UR4920,2026-08-11T06:47:00,L041,REGISTERED_TO,0.961,CASE-2026-203
VEH-EXT-001943,P008,DL30XV997,2026-08-24T11:24:00,L018,REGISTERED_TO,0.834,CASE-2026-204
VEH-EXT-001944,P057,DL39UR4920,2026-08-23T05:58:00,L041,REGISTERED_TO,0.814,CASE-2026-201
VEH-EXT-001945,P085,DL25EU426,2026-08-02T03:31:00,L044,REGISTERED_TO,0.917,CASE-2026-202
VEH-EXT-001946,P006,DL89YG8738,2026-08-04T18:51:00,L049,USED,0.926,CASE-2026-203
VEH-EXT-001947,P093,DL45KA6894,2026-08-13T09:52:00,L002,USED,0.816,CASE-2026-204
VEH-EXT-001948,P040,DL02DI9818,2026-08-21T15:23:00,L053,REGISTERED_TO,0.94,CASE-2026-201
VEH-EXT-001949,P082,DL34VM1567,2026-08-18T02:25:00,L055,USED,0.933,CASE-2026-202
VEH-EXT-001950,P033,DL87WU7148,2026-08-26T00:44:00,L010,SEEN_NEAR,0.822,CASE-2026-203
VEH-EXT-001951,P079,DL96VS1319,2026-08-30T13:43:00,L031,USED,0.82,CASE-2026-204
VEH-EXT-001952,P114,DL81WK7335,2026-08-28T02:56:00,L023,REGISTERED_TO,0.834,CASE-2026-201
VEH-EXT-001953,P092,DL44KV6735,2026-08-29T21:38:00,L025,USED,0.853,CASE-2026-202
VEH-EXT-001954,P041,DL95WC1257,2026-08-11T13:45:00,L015,USED,0.8,CASE-2026-203
VEH-EXT-001955,P093,DL32TC7932,2026-08-21T17:13:00,L028,REGISTERED_TO,0.963,CASE-2026-204
VEH-EXT-001956,P030,DL79FI6946,2026-08-19T13:52:00,L050,SEEN_NEAR,0.832,CASE-2026-201
VEH-EXT-001957,P108,DL57KK8244,2026-08-25T08:41:00,L002,REGISTERED_TO,0.973,CASE-2026-202
VEH-EXT-001958,P063,DL91QF4618,2026-08-09T17:33:00,L014,REGISTERED_TO,0.844,CASE-2026-203
VEH-EXT-001959,P096,DL52CI2878,2026-08-14T05:04:00,L021,USED,0.843,CASE-2026-204
VEH-EXT-001960,P095,DL11RY5327,2026-08-07T19:01:00,L008,SEEN_NEAR,0.871,CASE-2026-201
VEH-EXT-001961,P098,DL88SX6044,2026-08-26T07:28:00,L001,REGISTERED_TO,0.907,CASE-2026-202
VEH-EXT-001962,P046,DL04PO5412,2026-08-29T14:16:00,L030,USED,0.921,CASE-2026-203
VEH-EXT-001963,P049,DL91QF4618,2026-08-19T16:26:00,L016,REGISTERED_TO,0.825,CASE-2026-204
VEH-EXT-001964,P057,DL39KO3630,2026-08-25T16:34:00,L005,REGISTERED_TO,0.962,CASE-2026-201
VEH-EXT-001965,P095,DL79FI6946,2026-08-08T19:31:00,L015,SEEN_NEAR,0.952,CASE-2026-202
VEH-EXT-001966,P035,DL62IT2591,2026-08-27T10:33:00,L013,REGISTERED_TO,0.855,CASE-2026-203
VEH-EXT-001967,P079,DL11RY5327,2026-08-05T19:31:00,L050,USED,0.916,CASE-2026-204
VEH-EXT-001968,P116,DL09HU7907,2026-08-24T00:23:00,L050,REGISTERED_TO,0.859,CASE-2026-201
VEH-EXT-001969,P031,DL39KO3630,2026-08-08T23:14:00,L029,REGISTERED_TO,0.876,CASE-2026-202
VEH-EXT-001970,P092,DL90JQ8495,2026-08-14T05:59:00,L034,SEEN_NEAR,0.893,CASE-2026-203
VEH-EXT-001971,P108,DL37ZL3820,2026-08-01T07:59:00,L003,USED,0.912,CASE-2026-204
VEH-EXT-001972,P120,DL60UM9514,2026-08-20T12:59:00,L011,REGISTERED_TO,0.857,CASE-2026-201
VEH-EXT-001973,P082,DL30XV997,2026-08-24T05:39:00,L024,REGISTERED_TO,0.875,CASE-2026-202
VEH-EXT-001974,P105,DL05LU5710,2026-08-12T06:20:00,L016,REGISTERED_TO,0.909,CASE-2026-203
VEH-EXT-001975,P028,DL29NQ1521,2026-08-31T22:58:00,L048,REGISTERED_TO,0.845,CASE-2026-204
VEH-EXT-001976,P069,DL35GZ4233,2026-08-15T09:48:00,L025,REGISTERED_TO,0.894,CASE-2026-201
VEH-EXT-001977,P005,DL95WC1257,2026-08-24T20:26:00,L010,USED,0.859,CASE-2026-202
VEH-EXT-001978,P106,DL02DI9818,2026-08-09T14:02:00,L007,USED,0.809,CASE-2026-203
VEH-EXT-001979,P003,DL49SF8485,2026-08-15T12:14:00,L021,USED,0.921,CASE-2026-204
VEH-EXT-001980,P043,DL90BO260,2026-08-22T10:32:00,L055,USED,0.952,CASE-2026-201
VEH-EXT-001981,P071,DL60HV9768,2026-08-08T06:32:00,L017,REGISTERED_TO,0.806,CASE-2026-202
VEH-EXT-001982,P014,DL37ZL3820,2026-08-25T06:35:00,L058,SEEN_NEAR,0.977,CASE-2026-203
VEH-EXT-001983,P059,DL83IA4683,2026-08-08T14:38:00,L024,USED,0.939,CASE-2026-204
VEH-EXT-001984,P016,DL39GZ1214,2026-08-13T02:02:00,L049,SEEN_NEAR,0.9,CASE-2026-201
VEH-EXT-001985,P026,DL49SF8485,2026-08-17T14:48:00,L040,SEEN_NEAR,0.853,CASE-2026-202
VEH-EXT-001986,P017,DL28QO9746,2026-08-06T13:42:00,L018,SEEN_NEAR,0.972,CASE-2026-203
VEH-EXT-001987,P046,DL02DI9818,2026-08-22T04:09:00,L040,USED,0.824,CASE-2026-204
VEH-EXT-001988,P099,DL45KA6894,2026-08-24T17:08:00,L019,SEEN_NEAR,0.942,CASE-2026-201
VEH-EXT-001989,P036,DL54IH5621,2026-08-31T02:44:00,L053,USED,0.898,CASE-2026-202
VEH-EXT-001990,P024,DL34VM1567,2026-08-10T12:14:00,L029,SEEN_NEAR,0.96,CASE-2026-203
VEH-EXT-001991,P090,DL02HV3719,2026-08-01T01:31:00,L038,USED,0.851,CASE-2026-204
VEH-EXT-001992,P112,DL50AJ3222,2026-08-16T14:18:00,L052,SEEN_NEAR,0.864,CASE-2026-201
VEH-EXT-001993,P005,DL54IH5621,2026-08-30T10:14:00,L005,USED,0.817,CASE-2026-202
VEH-EXT-001994,P039,DL24MH626,2026-08-13T04:50:00,L032,USED,0.825,CASE-2026-203
VEH-EXT-001995,P097,DL92OY5424,2026-08-19T13:27:00,L030,SEEN_NEAR,0.847,CASE-2026-204
VEH-EXT-001996,P009,DL89YG8738,2026-08-21T12:50:00,L020,REGISTERED_TO,0.971,CASE-2026-201
VEH-EXT-001997,P072,DL09HU7907,2026-08-11T20:36:00,L023,USED,0.878,CASE-2026-202
VEH-EXT-001998,P116,DL54IH5621,2026-08-09T04:50:00,L022,REGISTERED_TO,0.832,CASE-2026-203
VEH-EXT-001999,P063,DL95WC1257,2026-08-16T16:24:00,L024,SEEN_NEAR,0.989,CASE-2026-204
VEH-EXT-002000,P072,DL02HV3719,2026-08-28T18:20:00,L052,REGISTERED_TO,0.811,CASE-2026-201
VEH-EXT-002001,P036,DL90JQ8495,2026-08-01T02:14:00,L048,USED,0.819,CASE-2026-202
VEH-EXT-002002,P043,DL90JQ8495,2026-08-13T00:46:00,L027,SEEN_NEAR,0.811,CASE-2026-203
VEH-EXT-002003,P082,DL75AQ7501,2026-08-20T01:33:00,L060,REGISTERED_TO,0.896,CASE-2026-204
VEH-EXT-002004,P118,DL44KV6735,2026-08-28T16:49:00,L006,USED,0.867,CASE-2026-201
VEH-EXT-002005,P078,DL79FI6946,2026-08-12T21:24:00,L030,SEEN_NEAR,0.933,CASE-2026-202
VEH-EXT-002006,P004,DL95WC1257,2026-08-15T10:15:00,L023,SEEN_NEAR,0.962,CASE-2026-203
VEH-EXT-002007,P062,DL27TR2259,2026-08-02T12:50:00,L026,USED,0.866,CASE-2026-204
VEH-EXT-002008,P088,DL40GM3739,2026-08-02T10:26:00,L046,REGISTERED_TO,0.897,CASE-2026-201
VEH-EXT-002009,P055,DL45KA6894,2026-08-08T17:36:00,L034,USED,0.97,CASE-2026-202
VEH-EXT-002010,P002,DL34VM1567,2026-08-20T23:17:00,L001,REGISTERED_TO,0.845,CASE-2026-203
VEH-EXT-002011,P112,DL88SX6044,2026-08-21T19:18:00,L005,SEEN_NEAR,0.834,CASE-2026-204
VEH-EXT-002012,P037,DL30XV997,2026-08-21T18:00:00,L035,USED,0.821,CASE-2026-201
VEH-EXT-002013,P105,DL37ZL3820,2026-08-08T08:23:00,L035,REGISTERED_TO,0.876,CASE-2026-202
VEH-EXT-002014,P072,DL29HQ8356,2026-08-11T20:31:00,L060,USED,0.911,CASE-2026-203
VEH-EXT-002015,P054,DL60UM9514,2026-08-06T07:34:00,L045,SEEN_NEAR,0.919,CASE-2026-204
VEH-EXT-002016,P081,DL64KI2394,2026-08-24T04:34:00,L011,USED,0.971,CASE-2026-201
VEH-EXT-002017,P028,DL11RY5327,2026-08-26T22:50:00,L009,USED,0.808,CASE-2026-202
VEH-EXT-002018,P050,DL50AJ3222,2026-08-24T17:47:00,L015,USED,0.855,CASE-2026-203
VEH-EXT-002019,P075,DL02HV3719,2026-08-01T06:13:00,L054,REGISTERED_TO,0.903,CASE-2026-204
VEH-EXT-002020,P053,DL88SX6044,2026-08-28T07:18:00,L016,USED,0.92,CASE-2026-201
VEH-EXT-002021,P048,DL60UM9514,2026-08-24T16:41:00,L005,REGISTERED_TO,0.914,CASE-2026-202
VEH-EXT-002022,P111,DL95WC1257,2026-08-16T18:53:00,L040,USED,0.843,CASE-2026-203
VEH-EXT-002023,P018,DL02DI9818,2026-08-23T23:14:00,L043,USED,0.803,CASE-2026-204
VEH-EXT-002024,P094,DL47RB786,2026-08-17T22:28:00,L048,REGISTERED_TO,0.849,CASE-2026-201
VEH-EXT-002025,P010,DL60UM9514,2026-08-29T08:22:00,L035,REGISTERED_TO,0.969,CASE-2026-202
VEH-EXT-002026,P008,DL25EU426,2026-08-18T17:33:00,L003,REGISTERED_TO,0.897,CASE-2026-203
VEH-EXT-002027,P030,DL23OP9685,2026-08-20T15:18:00,L033,REGISTERED_TO,0.964,CASE-2026-204
VEH-EXT-002028,P086,DL47RB786,2026-08-07T22:49:00,L042,USED,0.871,CASE-2026-201
VEH-EXT-002029,P051,DL39UR4920,2026-08-09T06:46:00,L039,REGISTERED_TO,0.909,CASE-2026-202
VEH-EXT-002030,P073,DL55MZ1375,2026-08-29T20:33:00,L036,SEEN_NEAR,0.945,CASE-2026-203
VEH-EXT-002031,P016,DL39UR4920,2026-08-26T03:41:00,L011,USED,0.902,CASE-2026-204
VEH-EXT-002032,P081,DL82LI7730,2026-08-02T23:42:00,L051,REGISTERED_TO,0.831,CASE-2026-201
VEH-EXT-002033,P061,DL60PX9735,2026-08-24T08:07:00,L034,REGISTERED_TO,0.943,CASE-2026-202
VEH-EXT-002034,P076,DL82IT8140,2026-08-10T01:50:00,L003,USED,0.878,CASE-2026-203
VEH-EXT-002035,P112,DL27TR2259,2026-08-10T15:58:00,L012,USED,0.833,CASE-2026-204
VEH-EXT-002036,P097,DL04PO5412,2026-08-07T01:46:00,L009,REGISTERED_TO,0.925,CASE-2026-201
VEH-EXT-002037,P054,DL92OY5424,2026-08-19T22:46:00,L049,REGISTERED_TO,0.925,CASE-2026-202
VEH-EXT-002038,P006,DL30XV997,2026-08-04T06:43:00,L055,USED,0.96,CASE-2026-203
VEH-EXT-002039,P019,DL90JQ8495,2026-08-01T08:33:00,L029,SEEN_NEAR,0.844,CASE-2026-204
VEH-EXT-002040,P004,DL57KK8244,2026-08-30T14:43:00,L012,REGISTERED_TO,0.864,CASE-2026-201
VEH-EXT-002041,P062,DL76KI5135,2026-08-27T17:30:00,L014,USED,0.96,CASE-2026-202
VEH-EXT-002042,P029,DL19RP402,2026-08-24T12:41:00,L034,REGISTERED_TO,0.917,CASE-2026-203
VEH-EXT-002043,P005,DL88SX6044,2026-08-20T16:58:00,L036,REGISTERED_TO,0.955,CASE-2026-204
VEH-EXT-002044,P015,DL02HV3719,2026-08-01T05:52:00,L051,SEEN_NEAR,0.983,CASE-2026-201
VEH-EXT-002045,P073,DL43ON9088,2026-08-31T17:21:00,L053,USED,0.847,CASE-2026-202
VEH-EXT-002046,P013,DL66UN3298,2026-08-07T23:24:00,L032,USED,0.886,CASE-2026-203
VEH-EXT-002047,P010,DL95WC1257,2026-08-04T10:37:00,L006,USED,0.932,CASE-2026-204
VEH-EXT-002048,P023,DL60HV9768,2026-08-16T22:16:00,L003,REGISTERED_TO,0.939,CASE-2026-201
VEH-EXT-002049,P070,DL54IH5621,2026-08-24T00:07:00,L014,USED,0.929,CASE-2026-202
VEH-EXT-002050,P120,DL47TY509,2026-08-15T20:25:00,L004,SEEN_NEAR,0.952,CASE-2026-203
VEH-EXT-002051,P105,DL66UN3298,2026-08-12T06:42:00,L034,SEEN_NEAR,0.935,CASE-2026-204
VEH-EXT-002052,P096,DL29NQ1521,2026-08-01T16:01:00,L039,REGISTERED_TO,0.929,CASE-2026-201
VEH-EXT-002053,P100,DL85RA6801,2026-08-17T00:10:00,L041,USED,0.823,CASE-2026-202
VEH-EXT-002054,P099,DL96VS1319,2026-08-20T06:11:00,L028,REGISTERED_TO,0.863,CASE-2026-203
VEH-EXT-002055,P052,DL87WU7148,2026-08-24T03:15:00,L034,REGISTERED_TO,0.883,CASE-2026-204
VEH-EXT-002056,P030,DL11RY5327,2026-08-15T19:05:00,L052,REGISTERED_TO,0.874,CASE-2026-201
VEH-EXT-002057,P094,DL30XV997,2026-08-14T11:09:00,L028,REGISTERED_TO,0.949,CASE-2026-202
VEH-EXT-002058,P077,DL19RP402,2026-08-03T17:51:00,L045,REGISTERED_TO,0.978,CASE-2026-203
VEH-EXT-002059,P097,DL11RY5327,2026-08-15T12:36:00,L005,USED,0.844,CASE-2026-204
VEH-EXT-002060,P005,DL32TC7932,2026-08-18T08:53:00,L046,USED,0.89,CASE-2026-201
VEH-EXT-002061,P078,DL87UB2945,2026-08-21T14:35:00,L051,SEEN_NEAR,0.861,CASE-2026-202
VEH-EXT-002062,P032,DL09HU7907,2026-08-07T23:30:00,L016,SEEN_NEAR,0.887,CASE-2026-203
VEH-EXT-002063,P057,DL87WU7148,2026-08-26T14:04:00,L057,REGISTERED_TO,0.862,CASE-2026-204
VEH-EXT-002064,P074,DL34VM1567,2026-08-25T17:43:00,L007,USED,0.963,CASE-2026-201
VEH-EXT-002065,P082,DL81WK7335,2026-08-17T20:23:00,L047,REGISTERED_TO,0.89,CASE-2026-202
VEH-EXT-002066,P048,DL92OY5424,2026-08-02T02:43:00,L014,SEEN_NEAR,0.846,CASE-2026-203
VEH-EXT-002067,P026,DL62IT2591,2026-08-30T19:52:00,L014,USED,0.979,CASE-2026-204
VEH-EXT-002068,P036,DL82LI7730,2026-08-31T15:20:00,L013,USED,0.985,CASE-2026-201
VEH-EXT-002069,P083,DL52CI2878,2026-08-31T02:37:00,L042,SEEN_NEAR,0.834,CASE-2026-202
VEH-EXT-002070,P091,DL81KA7608,2026-08-13T20:24:00,L053,REGISTERED_TO,0.827,CASE-2026-203
VEH-EXT-002071,P085,DL07HB2247,2026-08-16T19:55:00,L033,USED,0.973,CASE-2026-204
VEH-EXT-002072,P071,DL55MZ1375,2026-08-30T20:07:00,L038,SEEN_NEAR,0.985,CASE-2026-201
VEH-EXT-002073,P111,DL41GX5949,2026-08-07T17:15:00,L035,SEEN_NEAR,0.879,CASE-2026-202
VEH-EXT-002074,P065,DL62IT2591,2026-08-05T02:45:00,L036,SEEN_NEAR,0.84,CASE-2026-203
VEH-EXT-002075,P049,DL29HQ8356,2026-08-30T06:57:00,L039,USED,0.894,CASE-2026-204
VEH-EXT-002076,P027,DL11RY5327,2026-08-02T11:16:00,L050,REGISTERED_TO,0.916,CASE-2026-201
VEH-EXT-002077,P086,DL85LZ6022,2026-08-29T05:35:00,L007,SEEN_NEAR,0.878,CASE-2026-202
VEH-EXT-002078,P105,DL44KV6735,2026-08-16T04:49:00,L010,REGISTERED_TO,0.89,CASE-2026-203
VEH-EXT-002079,P102,DL24MH626,2026-08-02T19:33:00,L012,REGISTERED_TO,0.806,CASE-2026-204
VEH-EXT-002080,P042,DL82LI7730,2026-08-04T05:28:00,L050,SEEN_NEAR,0.86,CASE-2026-201
VEH-EXT-002081,P071,DL09NH8413,2026-08-14T13:10:00,L013,USED,0.966,CASE-2026-202
VEH-EXT-002082,P035,DL90BO260,2026-08-19T23:15:00,L030,REGISTERED_TO,0.838,CASE-2026-203
VEH-EXT-002083,P037,DL85RA6801,2026-08-03T13:52:00,L024,USED,0.88,CASE-2026-204
VEH-EXT-002084,P111,DL09NH8413,2026-08-07T22:59:00,L041,SEEN_NEAR,0.96,CASE-2026-201
VEH-EXT-002085,P108,DL41GX5949,2026-08-16T00:14:00,L007,REGISTERED_TO,0.946,CASE-2026-202
VEH-EXT-002086,P020,DL39KO3630,2026-08-01T02:08:00,L014,SEEN_NEAR,0.938,CASE-2026-203
VEH-EXT-002087,P099,DL08OD4328,2026-08-04T06:17:00,L043,USED,0.964,CASE-2026-204
VEH-EXT-002088,P081,DL08LO7279,2026-08-12T17:30:00,L050,USED,0.853,CASE-2026-201
VEH-EXT-002089,P025,DL16HB2805,2026-08-27T23:03:00,L021,SEEN_NEAR,0.945,CASE-2026-202
VEH-EXT-002090,P064,DL09NH8413,2026-08-28T05:54:00,L037,REGISTERED_TO,0.866,CASE-2026-203
VEH-EXT-002091,P076,DL64KI2394,2026-08-17T14:39:00,L009,SEEN_NEAR,0.987,CASE-2026-204
VEH-EXT-002092,P031,DL81KA7608,2026-08-08T23:37:00,L039,REGISTERED_TO,0.93,CASE-2026-201
VEH-EXT-002093,P043,DL49SF8485,2026-08-18T05:48:00,L046,USED,0.842,CASE-2026-202
VEH-EXT-002094,P017,DL04ES2001,2026-08-29T03:25:00,L051,SEEN_NEAR,0.976,CASE-2026-203
VEH-EXT-002095,P113,DL28QO9746,2026-08-03T19:17:00,L043,USED,0.967,CASE-2026-204
VEH-EXT-002096,P008,DL96VS1319,2026-08-26T11:26:00,L043,SEEN_NEAR,0.988,CASE-2026-201
VEH-EXT-002097,P051,DL85LZ6022,2026-08-27T06:24:00,L009,USED,0.972,CASE-2026-202
VEH-EXT-002098,P033,DL47TY509,2026-08-31T21:52:00,L019,REGISTERED_TO,0.928,CASE-2026-203
VEH-EXT-002099,P118,DL85LZ6022,2026-08-27T15:54:00,L029,REGISTERED_TO,0.869,CASE-2026-204
VEH-EXT-002100,P059,DL02DI9818,2026-08-23T07:23:00,L008,USED,0.827,CASE-2026-201
VEH-EXT-002101,P002,DL47RB786,2026-08-13T07:49:00,L060,USED,0.877,CASE-2026-202
VEH-EXT-002102,P093,DL47RB786,2026-08-22T07:17:00,L004,REGISTERED_TO,0.95,CASE-2026-203
VEH-EXT-002103,P039,DL43ON9088,2026-08-07T13:05:00,L020,USED,0.885,CASE-2026-204
VEH-EXT-002104,P019,DL37ZL3820,2026-08-27T14:41:00,L033,SEEN_NEAR,0.833,CASE-2026-201
VEH-EXT-002105,P015,DL47RB786,2026-08-19T00:59:00,L045,USED,0.813,CASE-2026-202
VEH-EXT-002106,P082,DL54IH5621,2026-08-24T10:19:00,L056,SEEN_NEAR,0.808,CASE-2026-203
VEH-EXT-002107,P075,DL65MS3221,2026-08-16T19:25:00,L034,USED,0.934,CASE-2026-204
VEH-EXT-002108,P075,DL88SX6044,2026-08-01T22:18:00,L019,SEEN_NEAR,0.895,CASE-2026-201
VEH-EXT-002109,P099,DL40GM3739,2026-08-04T00:08:00,L045,REGISTERED_TO,0.803,CASE-2026-202
VEH-EXT-002110,P068,DL49SF8485,2026-08-01T12:16:00,L053,SEEN_NEAR,0.935,CASE-2026-203
VEH-EXT-002111,P012,DL55MZ1375,2026-08-29T14:49:00,L044,USED,0.901,CASE-2026-204
VEH-EXT-002112,P079,DL87UB2945,2026-08-25T04:02:00,L020,SEEN_NEAR,0.887,CASE-2026-201
VEH-EXT-002113,P035,DL89YG8738,2026-08-12T23:40:00,L032,SEEN_NEAR,0.97,CASE-2026-202
VEH-EXT-002114,P027,DL30XV997,2026-08-30T07:50:00,L041,USED,0.839,CASE-2026-203
VEH-EXT-002115,P085,DL96VS1319,2026-08-09T07:32:00,L027,USED,0.924,CASE-2026-204
VEH-EXT-002116,P017,DL23OP9685,2026-08-10T22:54:00,L013,REGISTERED_TO,0.809,CASE-2026-201
VEH-EXT-002117,P077,DL30XV997,2026-08-15T11:32:00,L020,SEEN_NEAR,0.863,CASE-2026-202
VEH-EXT-002118,P085,DL34VM1567,2026-08-02T00:54:00,L011,REGISTERED_TO,0.888,CASE-2026-203
VEH-EXT-002119,P004,DL65MS3221,2026-08-06T02:18:00,L037,USED,0.859,CASE-2026-204
VEH-EXT-002120,P117,DL11LW2713,2026-08-26T19:37:00,L030,USED,0.805,CASE-2026-201
VEH-EXT-002121,P115,DL34VM1567,2026-08-16T01:55:00,L048,SEEN_NEAR,0.852,CASE-2026-202
VEH-EXT-002122,P101,DL86XA3578,2026-08-08T08:08:00,L016,USED,0.915,CASE-2026-203
VEH-EXT-002123,P023,DL32ME5177,2026-08-31T23:47:00,L028,USED,0.883,CASE-2026-204
VEH-EXT-002124,P066,DL43ON9088,2026-08-26T22:06:00,L046,REGISTERED_TO,0.989,CASE-2026-201
VEH-EXT-002125,P092,DL81WK7335,2026-08-22T16:17:00,L016,SEEN_NEAR,0.976,CASE-2026-202
VEH-EXT-002126,P017,DL79FI6946,2026-08-04T15:22:00,L047,SEEN_NEAR,0.824,CASE-2026-203
VEH-EXT-002127,P021,DL11RY5327,2026-08-27T23:42:00,L032,REGISTERED_TO,0.853,CASE-2026-204
VEH-EXT-002128,P058,DL55MZ1375,2026-08-24T01:52:00,L016,USED,0.802,CASE-2026-201
VEH-EXT-002129,P060,DL87WU7148,2026-08-20T16:40:00,L028,USED,0.951,CASE-2026-202
VEH-EXT-002130,P056,DL34VM1567,2026-08-25T07:20:00,L028,SEEN_NEAR,0.968,CASE-2026-203
VEH-EXT-002131,P020,DL86XA3578,2026-08-09T03:57:00,L027,USED,0.892,CASE-2026-204
VEH-EXT-002132,P005,DL29HQ8356,2026-08-14T00:22:00,L001,SEEN_NEAR,0.944,CASE-2026-201
VEH-EXT-002133,P027,DL34VM1567,2026-08-24T17:55:00,L009,USED,0.863,CASE-2026-202
VEH-EXT-002134,P070,DL19RP402,2026-08-30T15:55:00,L047,USED,0.847,CASE-2026-203
VEH-EXT-002135,P021,DL39GZ1214,2026-08-30T05:52:00,L030,SEEN_NEAR,0.905,CASE-2026-204
VEH-EXT-002136,P009,DL16HB2805,2026-08-25T18:41:00,L035,SEEN_NEAR,0.867,CASE-2026-201
VEH-EXT-002137,P025,DL09NH8413,2026-08-10T06:30:00,L029,SEEN_NEAR,0.85,CASE-2026-202
VEH-EXT-002138,P068,DL78RJ114,2026-08-23T13:08:00,L053,SEEN_NEAR,0.838,CASE-2026-203
VEH-EXT-002139,P082,DL88TU6321,2026-08-31T01:05:00,L034,REGISTERED_TO,0.862,CASE-2026-204
VEH-EXT-002140,P057,DL37ZL3820,2026-08-21T13:52:00,L014,REGISTERED_TO,0.963,CASE-2026-201
VEH-EXT-002141,P003,DL08OD4328,2026-08-06T10:37:00,L047,REGISTERED_TO,0.82,CASE-2026-202
VEH-EXT-002142,P054,DL60UM9514,2026-08-22T04:49:00,L002,SEEN_NEAR,0.825,CASE-2026-203
VEH-EXT-002143,P050,DL28QO9746,2026-08-09T12:02:00,L004,REGISTERED_TO,0.811,CASE-2026-204
VEH-EXT-002144,P048,DL55HK5801,2026-08-03T02:49:00,L007,USED,0.805,CASE-2026-201
VEH-EXT-002145,P040,DL32ME5177,2026-08-14T17:28:00,L054,SEEN_NEAR,0.858,CASE-2026-202
VEH-EXT-002146,P015,DL57KK8244,2026-08-26T19:47:00,L015,USED,0.983,CASE-2026-203
VEH-EXT-002147,P115,DL39GZ1214,2026-08-21T16:58:00,L048,USED,0.95,CASE-2026-204
VEH-EXT-002148,P041,DL37ZL3820,2026-08-27T17:40:00,L012,USED,0.832,CASE-2026-201
VEH-EXT-002149,P033,DL43ON9088,2026-08-03T12:29:00,L044,REGISTERED_TO,0.861,CASE-2026-202
VEH-EXT-002150,P045,DL23OP9685,2026-08-13T03:37:00,L034,SEEN_NEAR,0.858,CASE-2026-203
VEH-EXT-002151,P070,DL25EU426,2026-08-30T19:32:00,L022,REGISTERED_TO,0.841,CASE-2026-204
VEH-EXT-002152,P117,DL82IT8140,2026-08-25T14:52:00,L035,REGISTERED_TO,0.865,CASE-2026-201
VEH-EXT-002153,P063,DL92OY5424,2026-08-29T04:22:00,L011,REGISTERED_TO,0.967,CASE-2026-202
VEH-EXT-002154,P087,DL60HV9768,2026-08-20T04:19:00,L041,REGISTERED_TO,0.878,CASE-2026-203
VEH-EXT-002155,P110,DL30XV997,2026-08-26T11:48:00,L012,SEEN_NEAR,0.834,CASE-2026-204
VEH-EXT-002156,P115,DL32ME5177,2026-08-03T12:50:00,L048,USED,0.95,CASE-2026-201
VEH-EXT-002157,P084,DL27TR2259,2026-08-30T15:14:00,L006,SEEN_NEAR,0.979,CASE-2026-202
VEH-EXT-002158,P078,DL83IA4683,2026-08-05T17:32:00,L003,SEEN_NEAR,0.864,CASE-2026-203
VEH-EXT-002159,P104,DL54IS4434,2026-08-03T03:50:00,L008,REGISTERED_TO,0.833,CASE-2026-204
VEH-EXT-002160,P039,DL11RY5327,2026-08-20T15:04:00,L055,USED,0.817,CASE-2026-201
VEH-EXT-002161,P085,DL39KO3630,2026-08-24T14:02:00,L018,SEEN_NEAR,0.907,CASE-2026-202
VEH-EXT-002162,P059,DL49SF8485,2026-08-15T05:52:00,L047,USED,0.823,CASE-2026-203
VEH-EXT-002163,P110,DL40KE1882,2026-08-14T19:42:00,L015,SEEN_NEAR,0.972,CASE-2026-204
VEH-EXT-002164,P071,DL75AQ7501,2026-08-17T20:11:00,L016,USED,0.943,CASE-2026-201
VEH-EXT-002165,P070,DL28QO9746,2026-08-16T15:20:00,L040,USED,0.903,CASE-2026-202
VEH-EXT-002166,P106,DL79FI6946,2026-08-26T18:10:00,L058,USED,0.828,CASE-2026-203
VEH-EXT-002167,P097,DL37ZL3820,2026-08-05T07:28:00,L034,REGISTERED_TO,0.826,CASE-2026-204
VEH-EXT-002168,P009,DL52CI2878,2026-08-29T14:05:00,L052,USED,0.905,CASE-2026-201
VEH-EXT-002169,P112,DL32TC7932,2026-08-08T19:58:00,L051,USED,0.965,CASE-2026-202
VEH-EXT-002170,P109,DL30XV997,2026-08-20T18:59:00,L006,SEEN_NEAR,0.82,CASE-2026-203
VEH-EXT-002171,P115,DL90JQ8495,2026-08-25T01:07:00,L054,SEEN_NEAR,0.913,CASE-2026-204
VEH-EXT-002172,P106,DL81KA7608,2026-08-22T13:11:00,L055,REGISTERED_TO,0.882,CASE-2026-201
VEH-EXT-002173,P066,DL25EU426,2026-08-19T22:29:00,L011,SEEN_NEAR,0.895,CASE-2026-202
VEH-EXT-002174,P034,DL39KO3630,2026-08-10T06:56:00,L001,USED,0.918,CASE-2026-203
VEH-EXT-002175,P020,DL95WC1257,2026-08-31T15:32:00,L006,REGISTERED_TO,0.947,CASE-2026-204
VEH-EXT-002176,P066,DL63HW1705,2026-08-07T02:30:00,L056,SEEN_NEAR,0.898,CASE-2026-201
VEH-EXT-002177,P002,DL60HV9768,2026-08-20T22:06:00,L029,REGISTERED_TO,0.839,CASE-2026-202
VEH-EXT-002178,P082,DL23OP9685,2026-08-08T00:48:00,L006,SEEN_NEAR,0.954,CASE-2026-203
VEH-EXT-002179,P068,DL92OY5424,2026-08-12T09:38:00,L021,USED,0.97,CASE-2026-204
VEH-EXT-002180,P069,DL32ME5177,2026-08-17T03:15:00,L005,SEEN_NEAR,0.89,CASE-2026-201
VEH-EXT-002181,P046,DL05LU5710,2026-08-18T01:42:00,L047,REGISTERED_TO,0.936,CASE-2026-202
VEH-EXT-002182,P049,DL02HV3719,2026-08-16T00:01:00,L035,REGISTERED_TO,0.815,CASE-2026-203
VEH-EXT-002183,P094,DL35GZ4233,2026-08-31T14:32:00,L023,REGISTERED_TO,0.987,CASE-2026-204
VEH-EXT-002184,P062,DL60HV9768,2026-08-30T12:33:00,L033,USED,0.898,CASE-2026-201
VEH-EXT-002185,P100,DL54IH5621,2026-08-07T17:42:00,L056,USED,0.864,CASE-2026-202
VEH-EXT-002186,P028,DL79FI6946,2026-08-19T10:54:00,L041,USED,0.838,CASE-2026-203
VEH-EXT-002187,P064,DL47TY509,2026-08-17T11:38:00,L055,SEEN_NEAR,0.935,CASE-2026-204
VEH-EXT-002188,P082,DL09HU7907,2026-08-29T09:08:00,L005,USED,0.901,CASE-2026-201
VEH-EXT-002189,P060,DL25EU426,2026-08-03T15:58:00,L030,USED,0.937,CASE-2026-202
VEH-EXT-002190,P021,DL08OD4328,2026-08-05T21:27:00,L005,SEEN_NEAR,0.884,CASE-2026-203
VEH-EXT-002191,P047,DL91QF4618,2026-08-11T13:04:00,L056,REGISTERED_TO,0.815,CASE-2026-204
VEH-EXT-002192,P098,DL95WC1257,2026-08-13T16:24:00,L034,USED,0.82,CASE-2026-201
VEH-EXT-002193,P017,DL90BO260,2026-08-09T03:03:00,L010,USED,0.824,CASE-2026-202
VEH-EXT-002194,P033,DL35GZ4233,2026-08-22T16:05:00,L049,REGISTERED_TO,0.883,CASE-2026-203
VEH-EXT-002195,P080,DL85RA6801,2026-08-24T11:30:00,L029,REGISTERED_TO,0.85,CASE-2026-204
VEH-EXT-002196,P055,DL62IT2591,2026-08-10T06:00:00,L010,USED,0.885,CASE-2026-201
VEH-EXT-002197,P114,DL39GZ1214,2026-08-18T14:09:00,L025,REGISTERED_TO,0.948,CASE-2026-202
VEH-EXT-002198,P033,DL55MZ1375,2026-08-03T09:05:00,L011,USED,0.96,CASE-2026-203
VEH-EXT-002199,P008,DL75AQ7501,2026-08-29T19:27:00,L056,REGISTERED_TO,0.814,CASE-2026-204
VEH-EXT-002200,P051,DL95WC1257,2026-08-09T16:03:00,L059,REGISTERED_TO,0.922,CASE-2026-201
VEH-EXT-002201,P090,DL92OY5424,2026-08-11T00:42:00,L030,SEEN_NEAR,0.917,CASE-2026-202
VEH-EXT-002202,P112,DL85RA6801,2026-08-02T12:13:00,L039,REGISTERED_TO,0.806,CASE-2026-203
VEH-EXT-002203,P074,DL54IH5621,2026-08-12T14:55:00,L044,REGISTERED_TO,0.818,CASE-2026-204
VEH-EXT-002204,P032,DL32ME5177,2026-08-13T05:06:00,L009,USED,0.971,CASE-2026-201
VEH-EXT-002205,P047,DL95WC1257,2026-08-20T12:15:00,L017,SEEN_NEAR,0.83,CASE-2026-202
VEH-EXT-002206,P060,DL34VM1567,2026-08-18T19:41:00,L042,SEEN_NEAR,0.921,CASE-2026-203
VEH-EXT-002207,P006,DL04ES2001,2026-08-14T15:32:00,L053,SEEN_NEAR,0.906,CASE-2026-204
VEH-EXT-002208,P082,DL39KO3630,2026-08-03T22:06:00,L054,SEEN_NEAR,0.954,CASE-2026-201
VEH-EXT-002209,P088,DL79FI6946,2026-08-11T15:03:00,L048,USED,0.804,CASE-2026-202
VEH-EXT-002210,P026,DL62IT2591,2026-08-04T10:30:00,L042,USED,0.938,CASE-2026-203
VEH-EXT-002211,P029,DL85RA6801,2026-08-08T01:42:00,L059,REGISTERED_TO,0.941,CASE-2026-204
VEH-EXT-002212,P008,DL28QO9746,2026-08-14T10:57:00,L037,REGISTERED_TO,0.825,CASE-2026-201
VEH-EXT-002213,P094,DL41GX5949,2026-08-22T06:01:00,L049,USED,0.946,CASE-2026-202
VEH-EXT-002214,P101,DL29HQ8356,2026-08-10T04:15:00,L024,USED,0.891,CASE-2026-203
VEH-EXT-002215,P074,DL43ON9088,2026-08-06T15:42:00,L033,USED,0.883,CASE-2026-204
VEH-EXT-002216,P081,DL92OY5424,2026-08-11T09:13:00,L021,REGISTERED_TO,0.825,CASE-2026-201
VEH-EXT-002217,P058,DL60PX9735,2026-08-02T20:52:00,L017,REGISTERED_TO,0.843,CASE-2026-202
VEH-EXT-002218,P030,DL85LZ6022,2026-08-16T18:05:00,L035,USED,0.856,CASE-2026-203
VEH-EXT-002219,P057,DL35GZ4233,2026-08-05T19:05:00,L009,REGISTERED_TO,0.894,CASE-2026-204
VEH-EXT-002220,P093,DL87WU7148,2026-08-24T10:34:00,L025,REGISTERED_TO,0.935,CASE-2026-201
VEH-EXT-002221,P005,DL64KI2394,2026-08-24T22:57:00,L005,USED,0.876,CASE-2026-202
VEH-EXT-002222,P093,DL29HQ8356,2026-08-12T03:13:00,L037,REGISTERED_TO,0.982,CASE-2026-203
VEH-EXT-002223,P075,DL87WU7148,2026-08-19T19:16:00,L035,USED,0.892,CASE-2026-204
VEH-EXT-002224,P048,DL23OP9685,2026-08-03T18:08:00,L003,USED,0.874,CASE-2026-201
VEH-EXT-002225,P062,DL55HK5801,2026-08-19T16:16:00,L002,REGISTERED_TO,0.912,CASE-2026-202
VEH-EXT-002226,P073,DL83IA4683,2026-08-27T23:50:00,L013,SEEN_NEAR,0.857,CASE-2026-203
VEH-EXT-002227,P054,DL79FI6946,2026-08-09T23:42:00,L006,SEEN_NEAR,0.979,CASE-2026-204
VEH-EXT-002228,P110,DL02HV3719,2026-08-08T10:09:00,L010,USED,0.821,CASE-2026-201
VEH-EXT-002229,P100,DL24MH626,2026-08-17T09:22:00,L050,SEEN_NEAR,0.883,CASE-2026-202
VEH-EXT-002230,P013,DL30XV997,2026-08-14T22:09:00,L012,SEEN_NEAR,0.867,CASE-2026-203
VEH-EXT-002231,P107,DL87WU7148,2026-08-22T13:55:00,L026,REGISTERED_TO,0.855,CASE-2026-204
VEH-EXT-002232,P107,DL85RA6801,2026-08-18T05:30:00,L033,USED,0.878,CASE-2026-201
VEH-EXT-002233,P100,DL11RY5327,2026-08-28T08:42:00,L046,SEEN_NEAR,0.929,CASE-2026-202
VEH-EXT-002234,P098,DL75AQ7501,2026-08-12T10:17:00,L030,USED,0.824,CASE-2026-203
VEH-EXT-002235,P031,DL40GM3739,2026-08-08T00:21:00,L045,REGISTERED_TO,0.832,CASE-2026-204
VEH-EXT-002236,P005,DL32TC7932,2026-08-16T02:06:00,L015,REGISTERED_TO,0.807,CASE-2026-201
VEH-EXT-002237,P096,DL85RA6801,2026-08-06T14:02:00,L001,SEEN_NEAR,0.902,CASE-2026-202
VEH-EXT-002238,P089,DL44KV6735,2026-08-27T01:05:00,L018,USED,0.976,CASE-2026-203
VEH-EXT-002239,P066,DL04PO5412,2026-08-30T22:54:00,L008,SEEN_NEAR,0.825,CASE-2026-204
VEH-EXT-002240,P003,DL09HU7907,2026-08-16T17:08:00,L003,REGISTERED_TO,0.848,CASE-2026-201
VEH-EXT-002241,P005,DL47TY509,2026-08-15T22:11:00,L018,REGISTERED_TO,0.979,CASE-2026-202
VEH-EXT-002242,P023,DL11RY5327,2026-08-05T21:43:00,L045,REGISTERED_TO,0.96,CASE-2026-203
VEH-EXT-002243,P008,DL23OP9685,2026-08-26T05:47:00,L047,USED,0.813,CASE-2026-204
VEH-EXT-002244,P091,DL79FI6946,2026-08-11T06:14:00,L006,SEEN_NEAR,0.974,CASE-2026-201
VEH-EXT-002245,P094,DL27TR2259,2026-08-10T09:27:00,L027,REGISTERED_TO,0.81,CASE-2026-202
VEH-EXT-002246,P065,DL60HV9768,2026-08-26T23:03:00,L044,SEEN_NEAR,0.903,CASE-2026-203
VEH-EXT-002247,P015,DL95WC1257,2026-08-06T22:08:00,L024,REGISTERED_TO,0.935,CASE-2026-204
VEH-EXT-002248,P081,DL02HV3719,2026-08-08T20:02:00,L030,USED,0.955,CASE-2026-201
VEH-EXT-002249,P009,DL60HV9768,2026-08-02T12:55:00,L005,REGISTERED_TO,0.947,CASE-2026-202
VEH-EXT-002250,P110,DL81WK7335,2026-08-29T12:55:00,L029,USED,0.929,CASE-2026-203
VEH-EXT-002251,P031,DL64KI2394,2026-08-21T03:52:00,L021,REGISTERED_TO,0.864,CASE-2026-204
VEH-EXT-002252,P107,DL82LI7730,2026-08-05T13:45:00,L060,USED,0.949,CASE-2026-201
VEH-EXT-002253,P055,DL96VS1319,2026-08-23T02:20:00,L040,SEEN_NEAR,0.863,CASE-2026-202
VEH-EXT-002254,P068,DL90BO260,2026-08-27T03:12:00,L027,USED,0.978,CASE-2026-203
VEH-EXT-002255,P074,DL88SX6044,2026-08-06T16:15:00,L035,REGISTERED_TO,0.898,CASE-2026-204
VEH-EXT-002256,P118,DL55MZ1375,2026-08-14T14:50:00,L055,USED,0.893,CASE-2026-201
VEH-EXT-002257,P038,DL63HW1705,2026-08-26T01:15:00,L004,USED,0.963,CASE-2026-202
VEH-EXT-002258,P024,DL27TR2259,2026-08-29T03:16:00,L058,USED,0.818,CASE-2026-203
VEH-EXT-002259,P006,DL64KI2394,2026-08-30T14:53:00,L010,REGISTERED_TO,0.901,CASE-2026-204
VEH-EXT-002260,P087,DL09NH8413,2026-08-28T01:37:00,L044,SEEN_NEAR,0.92,CASE-2026-201
VEH-EXT-002261,P084,DL30XV997,2026-08-15T08:29:00,L026,USED,0.826,CASE-2026-202
VEH-EXT-002262,P022,DL16HB2805,2026-08-03T03:29:00,L048,REGISTERED_TO,0.971,CASE-2026-203
VEH-EXT-002263,P024,DL16HB2805,2026-08-27T14:59:00,L016,REGISTERED_TO,0.858,CASE-2026-204
VEH-EXT-002264,P027,DL32ME5177,2026-08-08T06:13:00,L044,SEEN_NEAR,0.956,CASE-2026-201
VEH-EXT-002265,P106,DL40GM3739,2026-08-05T00:48:00,L016,SEEN_NEAR,0.977,CASE-2026-202
VEH-EXT-002266,P116,DL47RB786,2026-08-02T20:36:00,L040,SEEN_NEAR,0.861,CASE-2026-203
VEH-EXT-002267,P110,DL25EU426,2026-08-24T20:27:00,L044,USED,0.871,CASE-2026-204
VEH-EXT-002268,P051,DL05LU5710,2026-08-22T14:56:00,L057,REGISTERED_TO,0.931,CASE-2026-201
VEH-EXT-002269,P010,DL40KE1882,2026-08-20T15:42:00,L032,REGISTERED_TO,0.892,CASE-2026-202
VEH-EXT-002270,P097,DL54IS4434,2026-08-06T12:56:00,L016,REGISTERED_TO,0.983,CASE-2026-203
VEH-EXT-002271,P101,DL60PX9735,2026-08-06T10:09:00,L035,REGISTERED_TO,0.855,CASE-2026-204
VEH-EXT-002272,P100,DL39GZ1214,2026-08-08T06:05:00,L044,REGISTERED_TO,0.925,CASE-2026-201
VEH-EXT-002273,P025,DL40GM3739,2026-08-09T07:44:00,L007,REGISTERED_TO,0.989,CASE-2026-202
VEH-EXT-002274,P011,DL05LU5710,2026-08-31T06:57:00,L053,SEEN_NEAR,0.979,CASE-2026-203
VEH-EXT-002275,P003,DL02HV3719,2026-08-31T10:28:00,L012,USED,0.831,CASE-2026-204
VEH-EXT-002276,P020,DL82LI7730,2026-08-13T19:13:00,L026,REGISTERED_TO,0.802,CASE-2026-201
VEH-EXT-002277,P040,DL28QO9746,2026-08-16T00:37:00,L055,REGISTERED_TO,0.947,CASE-2026-202
VEH-EXT-002278,P011,DL90JQ8495,2026-08-01T20:52:00,L022,REGISTERED_TO,0.939,CASE-2026-203
VEH-EXT-002279,P049,DL29HQ8356,2026-08-08T23:17:00,L017,SEEN_NEAR,0.917,CASE-2026-204
VEH-EXT-002280,P120,DL88TU6321,2026-08-26T13:23:00,L033,REGISTERED_TO,0.86,CASE-2026-201
VEH-EXT-002281,P031,DL39GZ1214,2026-08-27T12:47:00,L011,SEEN_NEAR,0.886,CASE-2026-202
VEH-EXT-002282,P102,DL60PX9735,2026-08-25T15:31:00,L028,USED,0.815,CASE-2026-203
VEH-EXT-002283,P110,DL04PO5412,2026-08-06T11:57:00,L008,USED,0.948,CASE-2026-204
VEH-EXT-002284,P028,DL43ON9088,2026-08-15T23:28:00,L011,REGISTERED_TO,0.958,CASE-2026-201
VEH-EXT-002285,P052,DL45KA6894,2026-08-23T12:38:00,L045,USED,0.884,CASE-2026-202
VEH-EXT-002286,P067,DL92OY5424,2026-08-29T22:45:00,L027,REGISTERED_TO,0.96,CASE-2026-203
VEH-EXT-002287,P118,DL09NH8413,2026-08-03T07:22:00,L023,USED,0.849,CASE-2026-204
VEH-EXT-002288,P050,DL62IT2591,2026-08-30T19:32:00,L017,REGISTERED_TO,0.964,CASE-2026-201
VEH-EXT-002289,P036,DL97KE9646,2026-08-31T06:38:00,L015,SEEN_NEAR,0.875,CASE-2026-202
VEH-EXT-002290,P102,DL16HB2805,2026-08-03T17:58:00,L028,USED,0.937,CASE-2026-203
VEH-EXT-002291,P040,DL89YG8738,2026-08-02T07:38:00,L047,USED,0.896,CASE-2026-204
VEH-EXT-002292,P113,DL78RJ114,2026-08-07T10:54:00,L014,SEEN_NEAR,0.83,CASE-2026-201
VEH-EXT-002293,P100,DL57KK8244,2026-08-04T16:33:00,L055,USED,0.972,CASE-2026-202
VEH-EXT-002294,P076,DL44KV6735,2026-08-10T18:44:00,L037,SEEN_NEAR,0.814,CASE-2026-203
VEH-EXT-002295,P008,DL40GM3739,2026-08-02T11:22:00,L017,USED,0.965,CASE-2026-204
VEH-EXT-002296,P091,DL54IH5621,2026-08-29T04:52:00,L044,USED,0.898,CASE-2026-201
VEH-EXT-002297,P026,DL04ES2001,2026-08-16T11:08:00,L014,REGISTERED_TO,0.872,CASE-2026-202
VEH-EXT-002298,P081,DL97KE9646,2026-08-29T06:33:00,L021,SEEN_NEAR,0.962,CASE-2026-203
VEH-EXT-002299,P064,DL34VM1567,2026-08-10T12:17:00,L035,REGISTERED_TO,0.966,CASE-2026-204
VEH-EXT-002300,P094,DL88SX6044,2026-08-13T03:25:00,L030,USED,0.877,CASE-2026-201
VEH-EXT-002301,P102,DL64KI2394,2026-08-05T01:33:00,L029,REGISTERED_TO,0.926,CASE-2026-202
VEH-EXT-002302,P102,DL40KE1882,2026-08-27T07:24:00,L011,SEEN_NEAR,0.904,CASE-2026-203
VEH-EXT-002303,P100,DL82LI7730,2026-08-05T16:30:00,L040,SEEN_NEAR,0.871,CASE-2026-204
VEH-EXT-002304,P038,DL60PX9735,2026-08-17T03:22:00,L019,REGISTERED_TO,0.897,CASE-2026-201
VEH-EXT-002305,P009,DL54IS4434,2026-08-30T01:17:00,L022,REGISTERED_TO,0.81,CASE-2026-202
VEH-EXT-002306,P111,DL85LZ6022,2026-08-25T15:07:00,L010,REGISTERED_TO,0.896,CASE-2026-203
VEH-EXT-002307,P084,DL05LU5710,2026-08-20T04:27:00,L054,REGISTERED_TO,0.925,CASE-2026-204
VEH-EXT-002308,P103,DL85LZ6022,2026-08-08T03:28:00,L042,REGISTERED_TO,0.849,CASE-2026-201
VEH-EXT-002309,P099,DL90BO260,2026-08-30T19:55:00,L011,SEEN_NEAR,0.941,CASE-2026-202
VEH-EXT-002310,P030,DL44KV6735,2026-08-29T09:30:00,L003,REGISTERED_TO,0.873,CASE-2026-203
VEH-EXT-002311,P014,DL90JQ8495,2026-08-31T04:41:00,L016,USED,0.978,CASE-2026-204
VEH-EXT-002312,P098,DL90JQ8495,2026-08-26T05:50:00,L044,REGISTERED_TO,0.814,CASE-2026-201
VEH-EXT-002313,P014,DL85RA6801,2026-08-11T05:54:00,L048,USED,0.842,CASE-2026-202
VEH-EXT-002314,P045,DL95WC1257,2026-08-14T04:51:00,L059,SEEN_NEAR,0.841,CASE-2026-203
VEH-EXT-002315,P054,DL50AJ3222,2026-08-17T21:57:00,L024,REGISTERED_TO,0.823,CASE-2026-204
VEH-EXT-002316,P008,DL82LI7730,2026-08-27T21:24:00,L014,USED,0.865,CASE-2026-201
VEH-EXT-002317,P042,DL55MZ1375,2026-08-20T12:47:00,L031,REGISTERED_TO,0.809,CASE-2026-202
VEH-EXT-002318,P015,DL07HB2247,2026-08-01T13:22:00,L040,REGISTERED_TO,0.975,CASE-2026-203
VEH-EXT-002319,P099,DL91QF4618,2026-08-07T15:37:00,L013,USED,0.962,CASE-2026-204
VEH-EXT-002320,P101,DL89YG8738,2026-08-27T23:13:00,L020,SEEN_NEAR,0.878,CASE-2026-201
VEH-EXT-002321,P084,DL35GZ4233,2026-08-14T08:55:00,L032,SEEN_NEAR,0.854,CASE-2026-202
VEH-EXT-002322,P015,DL37ZL3820,2026-08-12T01:23:00,L012,REGISTERED_TO,0.968,CASE-2026-203
VEH-EXT-002323,P076,DL60PX9735,2026-08-14T04:34:00,L010,USED,0.898,CASE-2026-204
VEH-EXT-002324,P025,DL28QO9746,2026-08-23T19:18:00,L011,REGISTERED_TO,0.96,CASE-2026-201
VEH-EXT-002325,P007,DL81WK7335,2026-08-05T21:42:00,L017,SEEN_NEAR,0.956,CASE-2026-202
VEH-EXT-002326,P104,DL91QF4618,2026-08-03T14:45:00,L037,SEEN_NEAR,0.833,CASE-2026-203
VEH-EXT-002327,P015,DL60UM9514,2026-08-09T05:48:00,L039,SEEN_NEAR,0.845,CASE-2026-204
VEH-EXT-002328,P099,DL82LI7730,2026-08-19T23:49:00,L017,REGISTERED_TO,0.808,CASE-2026-201
VEH-EXT-002329,P094,DL32ME5177,2026-08-25T17:02:00,L018,SEEN_NEAR,0.973,CASE-2026-202
VEH-EXT-002330,P059,DL16HB2805,2026-08-11T12:57:00,L019,SEEN_NEAR,0.842,CASE-2026-203
VEH-EXT-002331,P073,DL44KV6735,2026-08-05T10:17:00,L035,USED,0.95,CASE-2026-204
VEH-EXT-002332,P038,DL04PO5412,2026-08-14T02:42:00,L023,REGISTERED_TO,0.891,CASE-2026-201
VEH-EXT-002333,P059,DL96VS1319,2026-08-01T14:00:00,L032,SEEN_NEAR,0.94,CASE-2026-202
VEH-EXT-002334,P085,DL83IA4683,2026-08-19T22:44:00,L036,USED,0.958,CASE-2026-203
VEH-EXT-002335,P115,DL83IA4683,2026-08-08T10:25:00,L059,SEEN_NEAR,0.81,CASE-2026-204
VEH-EXT-002336,P018,DL09NH8413,2026-08-15T12:56:00,L005,REGISTERED_TO,0.824,CASE-2026-201
VEH-EXT-002337,P061,DL89YG8738,2026-08-17T14:35:00,L018,SEEN_NEAR,0.974,CASE-2026-202
VEH-EXT-002338,P081,DL60PX9735,2026-08-24T13:20:00,L036,SEEN_NEAR,0.807,CASE-2026-203
VEH-EXT-002339,P070,DL60UM9514,2026-08-18T07:42:00,L037,USED,0.981,CASE-2026-204
VEH-EXT-002340,P014,DL08OD4328,2026-08-05T21:41:00,L016,SEEN_NEAR,0.889,CASE-2026-201
VEH-EXT-002341,P011,DL91QF4618,2026-08-22T03:31:00,L046,SEEN_NEAR,0.819,CASE-2026-202
VEH-EXT-002342,P040,DL79FI6946,2026-08-09T05:37:00,L059,USED,0.907,CASE-2026-203
VEH-EXT-002343,P101,DL25EU426,2026-08-19T23:32:00,L038,SEEN_NEAR,0.971,CASE-2026-204
VEH-EXT-002344,P049,DL90JQ8495,2026-08-03T00:14:00,L008,USED,0.811,CASE-2026-201
VEH-EXT-002345,P118,DL62IT2591,2026-08-13T16:52:00,L001,REGISTERED_TO,0.954,CASE-2026-202
VEH-EXT-002346,P075,DL64KI2394,2026-08-09T18:56:00,L034,REGISTERED_TO,0.833,CASE-2026-203
VEH-EXT-002347,P065,DL08OD4328,2026-08-04T19:17:00,L048,SEEN_NEAR,0.983,CASE-2026-204
VEH-EXT-002348,P023,DL96VS1319,2026-08-10T01:07:00,L057,REGISTERED_TO,0.93,CASE-2026-201
VEH-EXT-002349,P047,DL41GX5949,2026-08-27T09:36:00,L051,REGISTERED_TO,0.974,CASE-2026-202
VEH-EXT-002350,P057,DL47TY509,2026-08-27T19:14:00,L034,USED,0.877,CASE-2026-203
VEH-EXT-002351,P067,DL52CI2878,2026-08-02T15:29:00,L019,REGISTERED_TO,0.93,CASE-2026-204
VEH-EXT-002352,P097,DL23OP9685,2026-08-11T13:23:00,L011,REGISTERED_TO,0.802,CASE-2026-201
VEH-EXT-002353,P029,DL88TU6321,2026-08-16T05:27:00,L031,REGISTERED_TO,0.973,CASE-2026-202
VEH-EXT-002354,P046,DL91QF4618,2026-08-24T08:07:00,L044,REGISTERED_TO,0.963,CASE-2026-203
VEH-EXT-002355,P023,DL82LI7730,2026-08-08T22:23:00,L060,USED,0.939,CASE-2026-204
VEH-EXT-002356,P026,DL40GM3739,2026-08-14T12:19:00,L049,SEEN_NEAR,0.958,CASE-2026-201
VEH-EXT-002357,P006,DL02DI9818,2026-08-30T19:05:00,L030,REGISTERED_TO,0.965,CASE-2026-202
VEH-EXT-002358,P104,DL60HV9768,2026-08-27T06:27:00,L038,USED,0.863,CASE-2026-203
VEH-EXT-002359,P070,DL23OP9685,2026-08-06T14:30:00,L011,REGISTERED_TO,0.894,CASE-2026-204
VEH-EXT-002360,P009,DL09NH8413,2026-08-02T14:09:00,L045,SEEN_NEAR,0.966,CASE-2026-201
VEH-EXT-002361,P013,DL09HU7907,2026-08-12T18:26:00,L018,USED,0.958,CASE-2026-202
VEH-EXT-002362,P108,DL30XV997,2026-08-20T04:07:00,L019,REGISTERED_TO,0.903,CASE-2026-203
VEH-EXT-002363,P120,DL04ES2001,2026-08-08T08:55:00,L032,USED,0.919,CASE-2026-204
VEH-EXT-002364,P086,DL43ON9088,2026-08-30T09:01:00,L006,SEEN_NEAR,0.827,CASE-2026-201
VEH-EXT-002365,P008,DL50AJ3222,2026-08-05T00:40:00,L022,USED,0.819,CASE-2026-202
VEH-EXT-002366,P094,DL39GZ1214,2026-08-03T14:17:00,L024,SEEN_NEAR,0.967,CASE-2026-203
VEH-EXT-002367,P026,DL64KI2394,2026-08-09T10:32:00,L022,REGISTERED_TO,0.968,CASE-2026-204
VEH-EXT-002368,P038,DL16HB2805,2026-08-25T10:21:00,L004,SEEN_NEAR,0.872,CASE-2026-201
VEH-EXT-002369,P072,DL39GZ1214,2026-08-15T18:30:00,L005,USED,0.817,CASE-2026-202
VEH-EXT-002370,P010,DL87WU7148,2026-08-12T06:30:00,L006,REGISTERED_TO,0.89,CASE-2026-203
VEH-EXT-002371,P003,DL39UR4920,2026-08-22T14:25:00,L045,SEEN_NEAR,0.901,CASE-2026-204
VEH-EXT-002372,P012,DL02DI9818,2026-08-03T15:01:00,L024,USED,0.963,CASE-2026-201
VEH-EXT-002373,P042,DL81WK7335,2026-08-16T04:14:00,L011,REGISTERED_TO,0.81,CASE-2026-202
VEH-EXT-002374,P053,DL37ZL3820,2026-08-09T19:18:00,L052,REGISTERED_TO,0.899,CASE-2026-203
VEH-EXT-002375,P033,DL24MH626,2026-08-09T15:31:00,L035,USED,0.968,CASE-2026-204
VEH-EXT-002376,P023,DL09NH8413,2026-08-23T14:05:00,L005,USED,0.905,CASE-2026-201
VEH-EXT-002377,P061,DL85RA6801,2026-08-01T07:32:00,L036,SEEN_NEAR,0.902,CASE-2026-202
VEH-EXT-002378,P118,DL79FI6946,2026-08-04T04:33:00,L038,USED,0.882,CASE-2026-203
VEH-EXT-002379,P022,DL11LW2713,2026-08-11T14:20:00,L048,SEEN_NEAR,0.978,CASE-2026-204
VEH-EXT-002380,P009,DL57KK8244,2026-08-16T07:44:00,L003,REGISTERED_TO,0.912,CASE-2026-201
VEH-EXT-002381,P035,DL47TY509,2026-08-03T00:36:00,L024,SEEN_NEAR,0.845,CASE-2026-202
VEH-EXT-002382,P085,DL88TU6321,2026-08-04T19:06:00,L010,USED,0.857,CASE-2026-203
VEH-EXT-002383,P060,DL04ES2001,2026-08-30T01:14:00,L022,REGISTERED_TO,0.889,CASE-2026-204
VEH-EXT-002384,P012,DL66UN3298,2026-08-29T22:33:00,L038,USED,0.953,CASE-2026-201
VEH-EXT-002385,P089,DL32TC7932,2026-08-31T01:31:00,L030,REGISTERED_TO,0.914,CASE-2026-202
VEH-EXT-002386,P039,DL39GZ1214,2026-08-01T08:21:00,L054,SEEN_NEAR,0.819,CASE-2026-203
VEH-EXT-002387,P030,DL21CR2848,2026-08-15T13:12:00,L021,USED,0.859,CASE-2026-204
VEH-EXT-002388,P098,DL62IT2591,2026-08-30T13:36:00,L034,USED,0.986,CASE-2026-201
VEH-EXT-002389,P033,DL60PX9735,2026-08-22T15:54:00,L014,SEEN_NEAR,0.936,CASE-2026-202
VEH-EXT-002390,P025,DL35GZ4233,2026-08-20T22:02:00,L035,USED,0.984,CASE-2026-203
VEH-EXT-002391,P111,DL52CI2878,2026-08-21T13:20:00,L041,USED,0.877,CASE-2026-204
VEH-EXT-002392,P066,DL32ME5177,2026-08-03T08:00:00,L015,REGISTERED_TO,0.97,CASE-2026-201
VEH-EXT-002393,P083,DL87UB2945,2026-08-14T08:46:00,L013,REGISTERED_TO,0.823,CASE-2026-202
VEH-EXT-002394,P047,DL16HB2805,2026-08-15T04:00:00,L015,REGISTERED_TO,0.837,CASE-2026-203
VEH-EXT-002395,P091,DL81KA7608,2026-08-29T02:13:00,L029,SEEN_NEAR,0.822,CASE-2026-204
VEH-EXT-002396,P081,DL62IT2591,2026-08-14T18:03:00,L057,USED,0.87,CASE-2026-201
VEH-EXT-002397,P002,DL02HV3719,2026-08-04T04:50:00,L046,REGISTERED_TO,0.922,CASE-2026-202
VEH-EXT-002398,P073,DL34VM1567,2026-08-14T21:11:00,L059,USED,0.95,CASE-2026-203
VEH-EXT-002399,P041,DL82LI7730,2026-08-01T06:44:00,L008,USED,0.811,CASE-2026-204
VEH-EXT-002400,P031,DL95WC1257,2026-08-24T19:12:00,L042,REGISTERED_TO,0.914,CASE-2026-201
VEH-EXT-002401,P098,DL91QF4618,2026-08-07T07:32:00,L015,USED,0.872,CASE-2026-202
VEH-EXT-002402,P037,DL32TC7932,2026-08-11T01:09:00,L049,SEEN_NEAR,0.883,CASE-2026-203
VEH-EXT-002403,P050,DL23OP9685,2026-08-25T21:49:00,L037,SEEN_NEAR,0.903,CASE-2026-204
VEH-EXT-002404,P070,DL11RY5327,2026-08-22T14:56:00,L010,USED,0.955,CASE-2026-201
VEH-EXT-002405,P084,DL40KE1882,2026-08-17T03:03:00,L045,SEEN_NEAR,0.84,CASE-2026-202
VEH-EXT-002406,P011,DL79FI6946,2026-08-18T17:31:00,L008,REGISTERED_TO,0.905,CASE-2026-203
VEH-EXT-002407,P017,DL41GX5949,2026-08-02T18:08:00,L057,REGISTERED_TO,0.938,CASE-2026-204
VEH-EXT-002408,P093,DL24MH626,2026-08-15T17:58:00,L037,USED,0.952,CASE-2026-201
VEH-EXT-002409,P031,DL32ME5177,2026-08-30T14:04:00,L037,USED,0.989,CASE-2026-202
VEH-EXT-002410,P045,DL81WK7335,2026-08-22T14:56:00,L017,REGISTERED_TO,0.868,CASE-2026-203
VEH-EXT-002411,P028,DL54IH5621,2026-08-03T20:00:00,L011,USED,0.978,CASE-2026-204
VEH-EXT-002412,P059,DL55MZ1375,2026-08-08T10:39:00,L054,SEEN_NEAR,0.987,CASE-2026-201
VEH-EXT-002413,P037,DL02HV3719,2026-08-23T22:31:00,L031,USED,0.925,CASE-2026-202
VEH-EXT-002414,P093,DL76KI5135,2026-08-21T11:11:00,L048,REGISTERED_TO,0.968,CASE-2026-203
VEH-EXT-002415,P104,DL04PO5412,2026-08-05T05:43:00,L025,SEEN_NEAR,0.935,CASE-2026-204
VEH-EXT-002416,P101,DL08OD4328,2026-08-16T00:31:00,L058,USED,0.982,CASE-2026-201
VEH-EXT-002417,P001,DL62IT2591,2026-08-29T02:24:00,L023,REGISTERED_TO,0.968,CASE-2026-202
VEH-EXT-002418,P063,DL08OD4328,2026-08-31T03:00:00,L037,USED,0.935,CASE-2026-203
VEH-EXT-002419,P115,DL39KO3630,2026-08-07T03:31:00,L034,USED,0.888,CASE-2026-204
VEH-EXT-002420,P044,DL02DI9818,2026-08-29T09:54:00,L021,REGISTERED_TO,0.883,CASE-2026-201
VEH-EXT-002421,P114,DL28QO9746,2026-08-27T19:25:00,L021,REGISTERED_TO,0.885,CASE-2026-202
VEH-EXT-002422,P082,DL02HV3719,2026-08-28T20:50:00,L051,SEEN_NEAR,0.9,CASE-2026-203
VEH-EXT-002423,P086,DL60PX9735,2026-08-11T14:19:00,L001,USED,0.811,CASE-2026-204
VEH-EXT-002424,P082,DL40GM3739,2026-08-21T12:49:00,L048,REGISTERED_TO,0.843,CASE-2026-201
VEH-EXT-002425,P027,DL60HV9768,2026-08-02T07:35:00,L017,USED,0.86,CASE-2026-202
VEH-EXT-002426,P009,DL95WC1257,2026-08-14T17:52:00,L055,USED,0.931,CASE-2026-203
VEH-EXT-002427,P012,DL63HW1705,2026-08-31T18:55:00,L055,REGISTERED_TO,0.845,CASE-2026-204
VEH-EXT-002428,P055,DL57KK8244,2026-08-23T01:27:00,L049,SEEN_NEAR,0.848,CASE-2026-201
VEH-EXT-002429,P067,DL23OP9685,2026-08-18T04:54:00,L048,USED,0.943,CASE-2026-202
VEH-EXT-002430,P059,DL64KI2394,2026-08-22T00:08:00,L009,REGISTERED_TO,0.853,CASE-2026-203
VEH-EXT-002431,P101,DL92OY5424,2026-08-11T21:02:00,L054,USED,0.874,CASE-2026-204
VEH-EXT-002432,P102,DL04ES2001,2026-08-17T08:47:00,L003,REGISTERED_TO,0.847,CASE-2026-201
VEH-EXT-002433,P014,DL92OY5424,2026-08-16T05:56:00,L005,USED,0.866,CASE-2026-202
VEH-EXT-002434,P053,DL40KE1882,2026-08-17T07:54:00,L047,USED,0.937,CASE-2026-203
VEH-EXT-002435,P015,DL90JQ8495,2026-08-11T19:33:00,L011,SEEN_NEAR,0.989,CASE-2026-204
VEH-EXT-002436,P021,DL04ES2001,2026-08-17T08:13:00,L044,SEEN_NEAR,0.82,CASE-2026-201
VEH-EXT-002437,P087,DL76KI5135,2026-08-13T01:35:00,L043,REGISTERED_TO,0.89,CASE-2026-202
VEH-EXT-002438,P065,DL95WC1257,2026-08-03T23:00:00,L003,REGISTERED_TO,0.881,CASE-2026-203
VEH-EXT-002439,P004,DL34VM1567,2026-08-02T15:07:00,L058,SEEN_NEAR,0.918,CASE-2026-204
VEH-EXT-002440,P001,DL81WK7335,2026-08-13T21:32:00,L012,USED,0.914,CASE-2026-201
VEH-EXT-002441,P085,DL35GZ4233,2026-08-31T14:36:00,L018,SEEN_NEAR,0.911,CASE-2026-202
VEH-EXT-002442,P120,DL30XV997,2026-08-17T13:07:00,L009,SEEN_NEAR,0.813,CASE-2026-203
VEH-EXT-002443,P102,DL19RP402,2026-08-02T22:18:00,L008,SEEN_NEAR,0.821,CASE-2026-204
VEH-EXT-002444,P120,DL34VM1567,2026-08-09T08:39:00,L036,SEEN_NEAR,0.89,CASE-2026-201
VEH-EXT-002445,P041,DL88SX6044,2026-08-23T00:39:00,L050,REGISTERED_TO,0.922,CASE-2026-202
VEH-EXT-002446,P099,DL19RP402,2026-08-25T08:10:00,L059,REGISTERED_TO,0.807,CASE-2026-203
VEH-EXT-002447,P050,DL16HB2805,2026-08-22T17:56:00,L003,SEEN_NEAR,0.859,CASE-2026-204
VEH-EXT-002448,P119,DL43ON9088,2026-08-06T05:27:00,L055,SEEN_NEAR,0.864,CASE-2026-201
VEH-EXT-002449,P061,DL34VM1567,2026-08-18T02:03:00,L059,USED,0.91,CASE-2026-202
VEH-EXT-002450,P002,DL11LW2713,2026-08-28T07:19:00,L048,SEEN_NEAR,0.803,CASE-2026-203
VEH-EXT-002451,P013,DL40KE1882,2026-08-09T23:43:00,L021,USED,0.92,CASE-2026-204
VEH-EXT-002452,P085,DL55HK5801,2026-08-06T15:02:00,L043,USED,0.842,CASE-2026-201
VEH-EXT-002453,P054,DL29HQ8356,2026-08-15T04:04:00,L030,SEEN_NEAR,0.872,CASE-2026-202
VEH-EXT-002454,P086,DL85RA6801,2026-08-15T20:51:00,L011,SEEN_NEAR,0.807,CASE-2026-203
VEH-EXT-002455,P021,DL82LI7730,2026-08-26T08:02:00,L030,REGISTERED_TO,0.802,CASE-2026-204
VEH-EXT-002456,P041,DL78RJ114,2026-08-16T13:33:00,L010,SEEN_NEAR,0.876,CASE-2026-201
VEH-EXT-002457,P028,DL08OD4328,2026-08-07T05:28:00,L044,USED,0.941,CASE-2026-202
VEH-EXT-002458,P081,DL90BO260,2026-08-02T11:22:00,L026,SEEN_NEAR,0.811,CASE-2026-203
VEH-EXT-002459,P061,DL45KA6894,2026-08-21T18:24:00,L059,REGISTERED_TO,0.832,CASE-2026-204
VEH-EXT-002460,P052,DL62IT2591,2026-08-18T18:49:00,L034,SEEN_NEAR,0.939,CASE-2026-201
VEH-EXT-002461,P104,DL34VM1567,2026-08-12T21:27:00,L049,SEEN_NEAR,0.824,CASE-2026-202
VEH-EXT-002462,P032,DL78RJ114,2026-08-16T09:21:00,L025,REGISTERED_TO,0.88,CASE-2026-203
VEH-EXT-002463,P041,DL11LW2713,2026-08-01T15:26:00,L038,USED,0.848,CASE-2026-204
VEH-EXT-002464,P066,DL52CI2878,2026-08-31T01:24:00,L013,REGISTERED_TO,0.929,CASE-2026-201
VEH-EXT-002465,P073,DL60UM9514,2026-08-03T02:00:00,L008,USED,0.812,CASE-2026-202
VEH-EXT-002466,P002,DL57KK8244,2026-08-21T06:59:00,L012,SEEN_NEAR,0.806,CASE-2026-203
VEH-EXT-002467,P078,DL23OP9685,2026-08-16T18:29:00,L025,USED,0.844,CASE-2026-204
VEH-EXT-002468,P110,DL65MS3221,2026-08-17T03:00:00,L027,SEEN_NEAR,0.93,CASE-2026-201
VEH-EXT-002469,P061,DL09HU7907,2026-08-10T23:22:00,L017,REGISTERED_TO,0.89,CASE-2026-202
VEH-EXT-002470,P116,DL88TU6321,2026-08-04T15:21:00,L013,SEEN_NEAR,0.942,CASE-2026-203
VEH-EXT-002471,P011,DL81KA7608,2026-08-17T01:28:00,L051,SEEN_NEAR,0.953,CASE-2026-204
VEH-EXT-002472,P054,DL40KE1882,2026-08-03T20:31:00,L018,USED,0.874,CASE-2026-201
VEH-EXT-002473,P109,DL76KI5135,2026-08-11T11:34:00,L046,SEEN_NEAR,0.847,CASE-2026-202
VEH-EXT-002474,P046,DL83IA4683,2026-08-08T20:56:00,L049,SEEN_NEAR,0.936,CASE-2026-203
VEH-EXT-002475,P011,DL88TU6321,2026-08-26T01:10:00,L032,USED,0.865,CASE-2026-204
VEH-EXT-002476,P105,DL50AJ3222,2026-08-22T02:25:00,L052,USED,0.916,CASE-2026-201
VEH-EXT-002477,P023,DL11RY5327,2026-08-31T12:57:00,L017,USED,0.916,CASE-2026-202
VEH-EXT-002478,P033,DL65MS3221,2026-08-17T07:18:00,L024,USED,0.919,CASE-2026-203
VEH-EXT-002479,P009,DL05LU5710,2026-08-11T13:12:00,L047,REGISTERED_TO,0.94,CASE-2026-204
VEH-EXT-002480,P085,DL55MZ1375,2026-08-05T05:19:00,L058,REGISTERED_TO,0.853,CASE-2026-201
VEH-EXT-002481,P066,DL85RA6801,2026-08-15T17:57:00,L006,SEEN_NEAR,0.887,CASE-2026-202
VEH-EXT-002482,P013,DL76KI5135,2026-08-07T03:58:00,L058,SEEN_NEAR,0.823,CASE-2026-203
VEH-EXT-002483,P026,DL54IH5621,2026-08-22T07:53:00,L007,SEEN_NEAR,0.915,CASE-2026-204
VEH-EXT-002484,P030,DL78RJ114,2026-08-22T17:54:00,L033,SEEN_NEAR,0.818,CASE-2026-201
VEH-EXT-002485,P011,DL91QF4618,2026-08-05T03:02:00,L050,SEEN_NEAR,0.941,CASE-2026-202
VEH-EXT-002486,P007,DL35GZ4233,2026-08-06T12:52:00,L058,SEEN_NEAR,0.919,CASE-2026-203
VEH-EXT-002487,P102,DL66UN3298,2026-08-04T04:07:00,L057,REGISTERED_TO,0.853,CASE-2026-204
VEH-EXT-002488,P107,DL09NH8413,2026-08-30T11:38:00,L037,SEEN_NEAR,0.848,CASE-2026-201
VEH-EXT-002489,P119,DL50AJ3222,2026-08-07T16:01:00,L045,SEEN_NEAR,0.913,CASE-2026-202
VEH-EXT-002490,P094,DL60UM9514,2026-08-19T17:23:00,L019,USED,0.858,CASE-2026-203
VEH-EXT-002491,P027,DL97KE9646,2026-08-04T21:39:00,L035,SEEN_NEAR,0.921,CASE-2026-204
VEH-EXT-002492,P106,DL04PO5412,2026-08-27T16:28:00,L025,REGISTERED_TO,0.863,CASE-2026-201
VEH-EXT-002493,P097,DL25EU426,2026-08-21T20:05:00,L034,REGISTERED_TO,0.952,CASE-2026-202
VEH-EXT-002494,P019,DL91QF4618,2026-08-26T14:04:00,L022,SEEN_NEAR,0.844,CASE-2026-203
VEH-EXT-002495,P022,DL60PX9735,2026-08-08T20:23:00,L014,SEEN_NEAR,0.913,CASE-2026-204
VEH-EXT-002496,P075,DL40GM3739,2026-08-14T20:31:00,L005,USED,0.951,CASE-2026-201
VEH-EXT-002497,P084,DL95WC1257,2026-08-30T10:37:00,L004,SEEN_NEAR,0.813,CASE-2026-202
VEH-EXT-002498,P024,DL35GZ4233,2026-08-19T18:42:00,L025,USED,0.931,CASE-2026-203
VEH-EXT-002499,P108,DL08LO7279,2026-08-21T03:32:00,L033,SEEN_NEAR,0.803,CASE-2026-204
VEH-EXT-002500,P078,DL89YG8738,2026-08-11T09:57:00,L022,USED,0.835,CASE-2026-201
VEH-EXT-002501,P021,DL87UB2945,2026-08-16T19:22:00,L020,USED,0.866,CASE-2026-202
VEH-EXT-002502,P064,DL92OY5424,2026-08-24T03:20:00,L008,USED,0.911,CASE-2026-203
VEH-EXT-002503,P059,DL09HU7907,2026-08-05T04:11:00,L005,SEEN_NEAR,0.815,CASE-2026-204
VEH-EXT-002504,P087,DL27TR2259,2026-08-22T15:23:00,L028,USED,0.857,CASE-2026-201
VEH-EXT-002505,P107,DL55HK5801,2026-08-12T19:55:00,L027,SEEN_NEAR,0.807,CASE-2026-202
VEH-EXT-002506,P050,DL47TY509,2026-08-10T03:15:00,L047,SEEN_NEAR,0.904,CASE-2026-203
VEH-EXT-002507,P094,DL50AJ3222,2026-08-15T20:54:00,L044,USED,0.918,CASE-2026-204
VEH-EXT-002508,P075,DL96VS1319,2026-08-03T23:55:00,L003,SEEN_NEAR,0.844,CASE-2026-201
VEH-EXT-002509,P009,DL02HV3719,2026-08-01T06:48:00,L036,REGISTERED_TO,0.971,CASE-2026-202
VEH-EXT-002510,P083,DL04JV9196,2026-08-11T23:18:00,L059,SEEN_NEAR,0.915,CASE-2026-203
VEH-EXT-002511,P038,DL16HB2805,2026-08-05T04:08:00,L019,USED,0.818,CASE-2026-204
VEH-EXT-002512,P038,DL83IA4683,2026-08-23T20:08:00,L001,USED,0.803,CASE-2026-201
VEH-EXT-002513,P119,DL86XA3578,2026-08-18T17:27:00,L019,REGISTERED_TO,0.921,CASE-2026-202
VEH-EXT-002514,P015,DL60UM9514,2026-08-18T19:37:00,L060,REGISTERED_TO,0.959,CASE-2026-203
VEH-EXT-002515,P085,DL55HK5801,2026-08-03T19:43:00,L059,REGISTERED_TO,0.922,CASE-2026-204
VEH-EXT-002516,P076,DL85LZ6022,2026-08-31T11:06:00,L058,SEEN_NEAR,0.859,CASE-2026-201
VEH-EXT-002517,P038,DL88SX6044,2026-08-20T16:16:00,L004,SEEN_NEAR,0.855,CASE-2026-202
VEH-EXT-002518,P088,DL32ME5177,2026-08-21T18:53:00,L026,SEEN_NEAR,0.823,CASE-2026-203
VEH-EXT-002519,P036,DL28QO9746,2026-08-26T07:15:00,L045,USED,0.885,CASE-2026-204
VEH-EXT-002520,P104,DL43ON9088,2026-08-27T01:10:00,L006,SEEN_NEAR,0.981,CASE-2026-201
VEH-EXT-002521,P010,DL04ES2001,2026-08-18T21:01:00,L006,USED,0.831,CASE-2026-202
VEH-EXT-002522,P107,DL88SX6044,2026-08-30T07:07:00,L002,USED,0.898,CASE-2026-203
VEH-EXT-002523,P117,DL41GX5949,2026-08-23T01:23:00,L013,REGISTERED_TO,0.944,CASE-2026-204
VEH-EXT-002524,P047,DL35GZ4233,2026-08-22T06:32:00,L060,SEEN_NEAR,0.846,CASE-2026-201
VEH-EXT-002525,P024,DL02DI9818,2026-08-29T03:23:00,L045,SEEN_NEAR,0.849,CASE-2026-202
VEH-EXT-002526,P018,DL91QF4618,2026-08-13T23:53:00,L048,SEEN_NEAR,0.865,CASE-2026-203
VEH-EXT-002527,P006,DL60PX9735,2026-08-30T10:45:00,L005,SEEN_NEAR,0.974,CASE-2026-204
VEH-EXT-002528,P084,DL29HQ8356,2026-08-22T01:13:00,L024,USED,0.815,CASE-2026-201
VEH-EXT-002529,P059,DL87WU7148,2026-08-21T19:04:00,L027,REGISTERED_TO,0.923,CASE-2026-202
VEH-EXT-002530,P058,DL47RB786,2026-08-28T10:33:00,L055,SEEN_NEAR,0.925,CASE-2026-203
VEH-EXT-002531,P036,DL76KI5135,2026-08-27T06:34:00,L010,SEEN_NEAR,0.848,CASE-2026-204
VEH-EXT-002532,P049,DL62IT2591,2026-08-20T22:26:00,L019,SEEN_NEAR,0.973,CASE-2026-201
VEH-EXT-002533,P079,DL96VS1319,2026-08-19T07:49:00,L031,USED,0.803,CASE-2026-202
VEH-EXT-002534,P044,DL39GZ1214,2026-08-05T10:00:00,L057,USED,0.899,CASE-2026-203
VEH-EXT-002535,P116,DL32ME5177,2026-08-26T22:04:00,L025,USED,0.965,CASE-2026-204
VEH-EXT-002536,P042,DL86XA3578,2026-08-24T09:47:00,L043,REGISTERED_TO,0.864,CASE-2026-201
VEH-EXT-002537,P115,DL04PO5412,2026-08-17T08:23:00,L043,USED,0.828,CASE-2026-202
VEH-EXT-002538,P096,DL04JV9196,2026-08-30T13:35:00,L008,USED,0.917,CASE-2026-203
VEH-EXT-002539,P120,DL08LO7279,2026-08-05T10:03:00,L007,SEEN_NEAR,0.9,CASE-2026-204
VEH-EXT-002540,P120,DL97KE9646,2026-08-06T11:31:00,L054,USED,0.884,CASE-2026-201
VEH-EXT-002541,P101,DL86XA3578,2026-08-21T15:42:00,L054,REGISTERED_TO,0.82,CASE-2026-202
VEH-EXT-002542,P024,DL19RP402,2026-08-27T08:39:00,L032,USED,0.948,CASE-2026-203
VEH-EXT-002543,P052,DL28QO9746,2026-08-08T15:43:00,L060,REGISTERED_TO,0.922,CASE-2026-204
VEH-EXT-002544,P117,DL66UN3298,2026-08-13T07:43:00,L060,REGISTERED_TO,0.822,CASE-2026-201
VEH-EXT-002545,P039,DL55HK5801,2026-08-30T08:23:00,L060,USED,0.948,CASE-2026-202
VEH-EXT-002546,P047,DL23OP9685,2026-08-08T05:25:00,L011,USED,0.896,CASE-2026-203
VEH-EXT-002547,P039,DL82LI7730,2026-08-08T06:11:00,L048,SEEN_NEAR,0.864,CASE-2026-204
VEH-EXT-002548,P054,DL88SX6044,2026-08-27T06:39:00,L034,USED,0.921,CASE-2026-201
VEH-EXT-002549,P116,DL50AJ3222,2026-08-24T10:34:00,L024,REGISTERED_TO,0.868,CASE-2026-202
VEH-EXT-002550,P109,DL55HK5801,2026-08-03T16:41:00,L042,SEEN_NEAR,0.874,CASE-2026-203
VEH-EXT-002551,P050,DL50AJ3222,2026-08-02T17:50:00,L019,REGISTERED_TO,0.807,CASE-2026-204
VEH-EXT-002552,P078,DL35GZ4233,2026-08-30T08:57:00,L045,SEEN_NEAR,0.952,CASE-2026-201
VEH-EXT-002553,P120,DL35GZ4233,2026-08-31T02:17:00,L007,REGISTERED_TO,0.901,CASE-2026-202
VEH-EXT-002554,P117,DL57KK8244,2026-08-09T15:08:00,L032,USED,0.816,CASE-2026-203
VEH-EXT-002555,P046,DL05LU5710,2026-08-22T18:03:00,L032,SEEN_NEAR,0.899,CASE-2026-204
VEH-EXT-002556,P102,DL32ME5177,2026-08-27T08:27:00,L049,SEEN_NEAR,0.902,CASE-2026-201
VEH-EXT-002557,P023,DL81WK7335,2026-08-22T07:30:00,L015,USED,0.866,CASE-2026-202
VEH-EXT-002558,P046,DL60UM9514,2026-08-04T16:16:00,L006,USED,0.925,CASE-2026-203
VEH-EXT-002559,P021,DL96VS1319,2026-08-01T19:58:00,L020,SEEN_NEAR,0.908,CASE-2026-204
VEH-EXT-002560,P078,DL82LI7730,2026-08-24T21:23:00,L057,REGISTERED_TO,0.919,CASE-2026-201
VEH-EXT-002561,P115,DL40KE1882,2026-08-31T12:37:00,L035,REGISTERED_TO,0.827,CASE-2026-202
VEH-EXT-002562,P120,DL52CI2878,2026-08-30T13:16:00,L054,USED,0.84,CASE-2026-203
VEH-EXT-002563,P052,DL76KI5135,2026-08-26T10:58:00,L055,REGISTERED_TO,0.971,CASE-2026-204
VEH-EXT-002564,P072,DL52CI2878,2026-08-14T02:16:00,L005,SEEN_NEAR,0.983,CASE-2026-201
VEH-EXT-002565,P043,DL86XA3578,2026-08-28T02:30:00,L027,SEEN_NEAR,0.95,CASE-2026-202
VEH-EXT-002566,P033,DL89YG8738,2026-08-24T04:44:00,L008,REGISTERED_TO,0.944,CASE-2026-203
VEH-EXT-002567,P005,DL86XA3578,2026-08-11T02:38:00,L017,REGISTERED_TO,0.836,CASE-2026-204
VEH-EXT-002568,P058,DL86XA3578,2026-08-22T21:12:00,L021,USED,0.987,CASE-2026-201
VEH-EXT-002569,P028,DL82IT8140,2026-08-28T15:22:00,L055,SEEN_NEAR,0.915,CASE-2026-202
VEH-EXT-002570,P102,DL60UM9514,2026-08-26T13:33:00,L024,REGISTERED_TO,0.828,CASE-2026-203
VEH-EXT-002571,P065,DL05LU5710,2026-08-07T23:10:00,L047,USED,0.842,CASE-2026-204
VEH-EXT-002572,P035,DL81WK7335,2026-08-30T13:12:00,L034,USED,0.898,CASE-2026-201
VEH-EXT-002573,P012,DL63HW1705,2026-08-09T16:53:00,L059,USED,0.968,CASE-2026-202
VEH-EXT-002574,P015,DL88SX6044,2026-08-03T22:00:00,L019,USED,0.958,CASE-2026-203
VEH-EXT-002575,P025,DL90JQ8495,2026-08-27T16:47:00,L056,SEEN_NEAR,0.867,CASE-2026-204
VEH-EXT-002576,P084,DL09NH8413,2026-08-10T23:39:00,L008,USED,0.845,CASE-2026-201
VEH-EXT-002577,P013,DL43ON9088,2026-08-19T12:00:00,L052,REGISTERED_TO,0.839,CASE-2026-202
VEH-EXT-002578,P102,DL79FI6946,2026-08-09T22:50:00,L047,SEEN_NEAR,0.904,CASE-2026-203
VEH-EXT-002579,P014,DL29NQ1521,2026-08-25T22:20:00,L049,REGISTERED_TO,0.864,CASE-2026-204
VEH-EXT-002580,P067,DL21CR2848,2026-08-30T10:58:00,L053,REGISTERED_TO,0.924,CASE-2026-201
VEH-EXT-002581,P010,DL11LW2713,2026-08-03T17:11:00,L054,REGISTERED_TO,0.862,CASE-2026-202
VEH-EXT-002582,P023,DL19RP402,2026-08-07T17:36:00,L025,REGISTERED_TO,0.899,CASE-2026-203
VEH-EXT-002583,P072,DL81WK7335,2026-08-17T10:25:00,L056,USED,0.812,CASE-2026-204
VEH-EXT-002584,P009,DL11RY5327,2026-08-09T22:30:00,L025,SEEN_NEAR,0.966,CASE-2026-201
VEH-EXT-002585,P027,DL41GX5949,2026-08-15T07:25:00,L032,USED,0.989,CASE-2026-202
VEH-EXT-002586,P001,DL60UM9514,2026-08-10T19:20:00,L023,USED,0.834,CASE-2026-203
VEH-EXT-002587,P069,DL02HV3719,2026-08-17T20:31:00,L058,USED,0.897,CASE-2026-204
VEH-EXT-002588,P060,DL37ZL3820,2026-08-20T22:43:00,L037,REGISTERED_TO,0.876,CASE-2026-201
VEH-EXT-002589,P027,DL30XV997,2026-08-09T15:46:00,L007,SEEN_NEAR,0.882,CASE-2026-202
VEH-EXT-002590,P060,DL25EU426,2026-08-07T10:15:00,L045,USED,0.977,CASE-2026-203
VEH-EXT-002591,P109,DL32ME5177,2026-08-15T20:20:00,L012,USED,0.878,CASE-2026-204
VEH-EXT-002592,P080,DL79FI6946,2026-08-21T02:42:00,L032,USED,0.845,CASE-2026-201
VEH-EXT-002593,P093,DL23OP9685,2026-08-23T05:01:00,L002,SEEN_NEAR,0.931,CASE-2026-202
VEH-EXT-002594,P004,DL41GX5949,2026-08-10T10:20:00,L026,SEEN_NEAR,0.82,CASE-2026-203
VEH-EXT-002595,P089,DL02HV3719,2026-08-03T13:56:00,L042,USED,0.979,CASE-2026-204
VEH-EXT-002596,P058,DL66UN3298,2026-08-09T10:19:00,L017,SEEN_NEAR,0.897,CASE-2026-201
VEH-EXT-002597,P022,DL21CR2848,2026-08-04T17:39:00,L058,SEEN_NEAR,0.923,CASE-2026-202
VEH-EXT-002598,P076,DL60PX9735,2026-08-05T07:32:00,L023,REGISTERED_TO,0.947,CASE-2026-203
VEH-EXT-002599,P103,DL07HB2247,2026-08-14T15:39:00,L026,REGISTERED_TO,0.945,CASE-2026-204
VEH-EXT-002600,P054,DL37ZL3820,2026-08-01T07:39:00,L019,SEEN_NEAR,0.888,CASE-2026-201
VEH-EXT-002601,P079,DL39GZ1214,2026-08-25T09:52:00,L027,REGISTERED_TO,0.831,CASE-2026-202
VEH-EXT-002602,P029,DL49SF8485,2026-08-20T20:20:00,L038,SEEN_NEAR,0.829,CASE-2026-203
VEH-EXT-002603,P112,DL64KI2394,2026-08-24T17:06:00,L003,USED,0.857,CASE-2026-204
VEH-EXT-002604,P005,DL30XV997,2026-08-23T11:12:00,L047,USED,0.964,CASE-2026-201
VEH-EXT-002605,P061,DL05LU5710,2026-08-11T19:00:00,L011,REGISTERED_TO,0.931,CASE-2026-202
VEH-EXT-002606,P090,DL11LW2713,2026-08-26T17:49:00,L014,USED,0.887,CASE-2026-203
VEH-EXT-002607,P051,DL08OD4328,2026-08-18T04:29:00,L056,SEEN_NEAR,0.918,CASE-2026-204
VEH-EXT-002608,P086,DL08OD4328,2026-08-24T01:09:00,L019,SEEN_NEAR,0.961,CASE-2026-201
VEH-EXT-002609,P012,DL92OY5424,2026-08-17T20:59:00,L016,SEEN_NEAR,0.974,CASE-2026-202
VEH-EXT-002610,P116,DL04JV9196,2026-08-14T16:08:00,L042,SEEN_NEAR,0.801,CASE-2026-203
VEH-EXT-002611,P063,DL24MH626,2026-08-29T03:14:00,L001,REGISTERED_TO,0.94,CASE-2026-204
VEH-EXT-002612,P066,DL27TR2259,2026-08-06T19:07:00,L026,USED,0.92,CASE-2026-201
VEH-EXT-002613,P108,DL35GZ4233,2026-08-18T09:49:00,L034,USED,0.895,CASE-2026-202
VEH-EXT-002614,P106,DL88TU6321,2026-08-05T05:30:00,L041,SEEN_NEAR,0.971,CASE-2026-203
VEH-EXT-002615,P022,DL96VS1319,2026-08-02T00:36:00,L017,USED,0.871,CASE-2026-204
VEH-EXT-002616,P079,DL88TU6321,2026-08-19T07:17:00,L040,USED,0.988,CASE-2026-201
VEH-EXT-002617,P094,DL39UR4920,2026-08-27T04:07:00,L024,SEEN_NEAR,0.835,CASE-2026-202
VEH-EXT-002618,P046,DL78RJ114,2026-08-14T07:41:00,L049,REGISTERED_TO,0.801,CASE-2026-203
VEH-EXT-002619,P044,DL30XV997,2026-08-05T17:14:00,L009,SEEN_NEAR,0.878,CASE-2026-204
VEH-EXT-002620,P104,DL07HB2247,2026-08-03T09:56:00,L024,USED,0.856,CASE-2026-201
VEH-EXT-002621,P106,DL95WC1257,2026-08-07T18:32:00,L003,USED,0.839,CASE-2026-202
VEH-EXT-002622,P021,DL39GZ1214,2026-08-17T23:23:00,L010,USED,0.83,CASE-2026-203
VEH-EXT-002623,P012,DL55HK5801,2026-08-03T23:43:00,L019,SEEN_NEAR,0.843,CASE-2026-204
VEH-EXT-002624,P005,DL23OP9685,2026-08-20T13:32:00,L033,USED,0.912,CASE-2026-201
VEH-EXT-002625,P084,DL89YG8738,2026-08-20T22:36:00,L005,SEEN_NEAR,0.822,CASE-2026-202
VEH-EXT-002626,P100,DL02HV3719,2026-08-21T22:27:00,L033,REGISTERED_TO,0.98,CASE-2026-203
VEH-EXT-002627,P101,DL87UB2945,2026-08-02T21:03:00,L024,REGISTERED_TO,0.944,CASE-2026-204
VEH-EXT-002628,P098,DL76KI5135,2026-08-25T00:32:00,L021,USED,0.882,CASE-2026-201
VEH-EXT-002629,P028,DL91QF4618,2026-08-09T08:01:00,L039,USED,0.904,CASE-2026-202
VEH-EXT-002630,P118,DL08OD4328,2026-08-11T06:37:00,L048,USED,0.88,CASE-2026-203
VEH-EXT-002631,P018,DL83IA4683,2026-08-31T17:17:00,L060,USED,0.968,CASE-2026-204
VEH-EXT-002632,P103,DL87WU7148,2026-08-31T08:28:00,L044,REGISTERED_TO,0.87,CASE-2026-201
VEH-EXT-002633,P065,DL32ME5177,2026-08-25T20:24:00,L015,USED,0.901,CASE-2026-202
VEH-EXT-002634,P068,DL96VS1319,2026-08-25T09:52:00,L036,USED,0.817,CASE-2026-203
VEH-EXT-002635,P023,DL65MS3221,2026-08-06T06:20:00,L013,SEEN_NEAR,0.838,CASE-2026-204
VEH-EXT-002636,P046,DL29HQ8356,2026-08-28T01:45:00,L043,SEEN_NEAR,0.959,CASE-2026-201
VEH-EXT-002637,P071,DL60UM9514,2026-08-02T05:23:00,L037,REGISTERED_TO,0.976,CASE-2026-202
VEH-EXT-002638,P116,DL66UN3298,2026-08-13T08:40:00,L002,SEEN_NEAR,0.874,CASE-2026-203
VEH-EXT-002639,P073,DL55MZ1375,2026-08-27T17:14:00,L019,SEEN_NEAR,0.945,CASE-2026-204
VEH-EXT-002640,P042,DL16HB2805,2026-08-01T03:26:00,L007,USED,0.812,CASE-2026-201
VEH-EXT-002641,P030,DL37ZL3820,2026-08-12T19:08:00,L051,SEEN_NEAR,0.916,CASE-2026-202
VEH-EXT-002642,P112,DL81KA7608,2026-08-20T18:41:00,L053,USED,0.903,CASE-2026-203
VEH-EXT-002643,P017,DL40GM3739,2026-08-25T12:05:00,L057,REGISTERED_TO,0.867,CASE-2026-204
VEH-EXT-002644,P033,DL02HV3719,2026-08-10T01:35:00,L038,REGISTERED_TO,0.894,CASE-2026-201
VEH-EXT-002645,P004,DL28QO9746,2026-08-14T14:48:00,L001,SEEN_NEAR,0.828,CASE-2026-202
VEH-EXT-002646,P046,DL19RP402,2026-08-12T08:04:00,L055,SEEN_NEAR,0.818,CASE-2026-203
VEH-EXT-002647,P043,DL47TY509,2026-08-02T03:33:00,L005,SEEN_NEAR,0.867,CASE-2026-204
VEH-EXT-002648,P057,DL45KA6894,2026-08-11T15:52:00,L035,REGISTERED_TO,0.891,CASE-2026-201
VEH-EXT-002649,P076,DL25EU426,2026-08-16T16:34:00,L059,USED,0.913,CASE-2026-202
VEH-EXT-002650,P040,DL92OY5424,2026-08-14T01:44:00,L022,SEEN_NEAR,0.841,CASE-2026-203
VEH-EXT-002651,P095,DL32ME5177,2026-08-05T23:44:00,L009,SEEN_NEAR,0.907,CASE-2026-204
VEH-EXT-002652,P062,DL02HV3719,2026-08-29T20:15:00,L003,USED,0.807,CASE-2026-201
VEH-EXT-002653,P103,DL02HV3719,2026-08-23T21:25:00,L016,REGISTERED_TO,0.872,CASE-2026-202
VEH-EXT-002654,P006,DL39UR4920,2026-08-15T22:16:00,L010,USED,0.933,CASE-2026-203
VEH-EXT-002655,P026,DL49SF8485,2026-08-12T15:19:00,L015,USED,0.969,CASE-2026-204
VEH-EXT-002656,P006,DL11LW2713,2026-08-09T02:38:00,L048,USED,0.816,CASE-2026-201
VEH-EXT-002657,P061,DL21CR2848,2026-08-31T01:38:00,L010,USED,0.896,CASE-2026-202
VEH-EXT-002658,P097,DL39UR4920,2026-08-23T14:41:00,L002,USED,0.869,CASE-2026-203
VEH-EXT-002659,P008,DL47RB786,2026-08-23T09:54:00,L008,SEEN_NEAR,0.852,CASE-2026-204
VEH-EXT-002660,P049,DL07HB2247,2026-08-31T05:11:00,L040,REGISTERED_TO,0.98,CASE-2026-201
VEH-EXT-002661,P067,DL57KK8244,2026-08-19T23:28:00,L011,USED,0.832,CASE-2026-202
VEH-EXT-002662,P023,DL81WK7335,2026-08-30T05:17:00,L012,REGISTERED_TO,0.972,CASE-2026-203
VEH-EXT-002663,P019,DL04PO5412,2026-08-09T11:57:00,L021,SEEN_NEAR,0.856,CASE-2026-204
VEH-EXT-002664,P076,DL04PO5412,2026-08-12T22:32:00,L044,SEEN_NEAR,0.959,CASE-2026-201
VEH-EXT-002665,P039,DL08OD4328,2026-08-14T08:10:00,L004,SEEN_NEAR,0.967,CASE-2026-202
VEH-EXT-002666,P087,DL81WK7335,2026-08-21T16:57:00,L028,SEEN_NEAR,0.922,CASE-2026-203
VEH-EXT-002667,P092,DL32ME5177,2026-08-16T15:47:00,L050,REGISTERED_TO,0.945,CASE-2026-204
VEH-EXT-002668,P084,DL08OD4328,2026-08-12T17:52:00,L039,REGISTERED_TO,0.92,CASE-2026-201
VEH-EXT-002669,P093,DL19RP402,2026-08-06T13:49:00,L057,USED,0.976,CASE-2026-202
VEH-EXT-002670,P119,DL02DI9818,2026-08-09T11:45:00,L037,USED,0.843,CASE-2026-203
VEH-EXT-002671,P083,DL21CR2848,2026-08-24T08:50:00,L047,USED,0.863,CASE-2026-204
VEH-EXT-002672,P004,DL65MS3221,2026-08-09T05:46:00,L028,SEEN_NEAR,0.864,CASE-2026-201
VEH-EXT-002673,P085,DL65MS3221,2026-08-22T20:50:00,L044,REGISTERED_TO,0.817,CASE-2026-202
VEH-EXT-002674,P043,DL41GX5949,2026-08-31T11:11:00,L050,REGISTERED_TO,0.82,CASE-2026-203
VEH-EXT-002675,P032,DL39GZ1214,2026-08-28T22:19:00,L036,SEEN_NEAR,0.971,CASE-2026-204
VEH-EXT-002676,P001,DL09NH8413,2026-08-18T05:49:00,L011,SEEN_NEAR,0.968,CASE-2026-201
VEH-EXT-002677,P055,DL85RA6801,2026-08-27T13:03:00,L046,SEEN_NEAR,0.882,CASE-2026-202
VEH-EXT-002678,P114,DL16HB2805,2026-08-09T06:18:00,L051,USED,0.806,CASE-2026-203
VEH-EXT-002679,P022,DL29HQ8356,2026-08-16T15:14:00,L057,REGISTERED_TO,0.807,CASE-2026-204
VEH-EXT-002680,P063,DL39GZ1214,2026-08-07T13:56:00,L030,REGISTERED_TO,0.953,CASE-2026-201
VEH-EXT-002681,P013,DL85LZ6022,2026-08-11T23:13:00,L028,USED,0.955,CASE-2026-202
VEH-EXT-002682,P035,DL65MS3221,2026-08-31T00:21:00,L014,USED,0.903,CASE-2026-203
VEH-EXT-002683,P021,DL08LO7279,2026-08-29T23:19:00,L056,USED,0.9,CASE-2026-204
VEH-EXT-002684,P050,DL81WK7335,2026-08-01T22:37:00,L019,USED,0.883,CASE-2026-201
VEH-EXT-002685,P095,DL40GM3739,2026-08-23T12:38:00,L001,USED,0.83,CASE-2026-202
VEH-EXT-002686,P077,DL87WU7148,2026-08-22T05:26:00,L022,REGISTERED_TO,0.917,CASE-2026-203
VEH-EXT-002687,P015,DL90BO260,2026-08-05T16:03:00,L060,SEEN_NEAR,0.958,CASE-2026-204
VEH-EXT-002688,P073,DL85LZ6022,2026-08-08T15:59:00,L044,REGISTERED_TO,0.813,CASE-2026-201
VEH-EXT-002689,P087,DL52CI2878,2026-08-30T06:38:00,L044,SEEN_NEAR,0.909,CASE-2026-202
VEH-EXT-002690,P012,DL66UN3298,2026-08-08T00:52:00,L024,REGISTERED_TO,0.808,CASE-2026-203
VEH-EXT-002691,P034,DL09HU7907,2026-08-30T09:14:00,L018,SEEN_NEAR,0.874,CASE-2026-204
VEH-EXT-002692,P071,DL92OY5424,2026-08-03T01:35:00,L060,USED,0.884,CASE-2026-201
VEH-EXT-002693,P073,DL57KK8244,2026-08-18T13:37:00,L036,REGISTERED_TO,0.802,CASE-2026-202
VEH-EXT-002694,P002,DL49SF8485,2026-08-19T17:35:00,L010,SEEN_NEAR,0.909,CASE-2026-203
VEH-EXT-002695,P020,DL81KA7608,2026-08-01T14:13:00,L043,SEEN_NEAR,0.92,CASE-2026-204
VEH-EXT-002696,P092,DL11LW2713,2026-08-30T06:30:00,L008,USED,0.816,CASE-2026-201
VEH-EXT-002697,P041,DL39GZ1214,2026-08-13T18:13:00,L048,USED,0.96,CASE-2026-202
VEH-EXT-002698,P071,DL11LW2713,2026-08-18T07:29:00,L046,USED,0.861,CASE-2026-203
VEH-EXT-002699,P003,DL05LU5710,2026-08-22T01:44:00,L060,REGISTERED_TO,0.852,CASE-2026-204
VEH-EXT-002700,P109,DL90BO260,2026-08-09T06:34:00,L031,REGISTERED_TO,0.941,CASE-2026-201
VEH-EXT-002701,P082,DL66UN3298,2026-08-22T09:46:00,L024,REGISTERED_TO,0.846,CASE-2026-202
VEH-EXT-002702,P008,DL79FI6946,2026-08-30T18:50:00,L041,REGISTERED_TO,0.817,CASE-2026-203
VEH-EXT-002703,P096,DL11LW2713,2026-08-08T13:20:00,L042,REGISTERED_TO,0.931,CASE-2026-204
VEH-EXT-002704,P111,DL57KK8244,2026-08-04T15:34:00,L058,REGISTERED_TO,0.861,CASE-2026-201
VEH-EXT-002705,P029,DL87WU7148,2026-08-09T01:31:00,L007,USED,0.986,CASE-2026-202
VEH-EXT-002706,P010,DL45KA6894,2026-08-25T22:09:00,L055,REGISTERED_TO,0.832,CASE-2026-203
VEH-EXT-002707,P060,DL04PO5412,2026-08-19T12:28:00,L017,REGISTERED_TO,0.892,CASE-2026-204
VEH-EXT-002708,P119,DL04JV9196,2026-08-10T09:09:00,L014,USED,0.986,CASE-2026-201
VEH-EXT-002709,P018,DL60UM9514,2026-08-28T21:51:00,L002,USED,0.902,CASE-2026-202
VEH-EXT-002710,P052,DL19RP402,2026-08-16T05:26:00,L047,REGISTERED_TO,0.942,CASE-2026-203
VEH-EXT-002711,P110,DL29NQ1521,2026-08-26T17:51:00,L016,SEEN_NEAR,0.963,CASE-2026-204
VEH-EXT-002712,P065,DL11LW2713,2026-08-02T02:55:00,L019,SEEN_NEAR,0.929,CASE-2026-201
VEH-EXT-002713,P098,DL32TC7932,2026-08-19T01:16:00,L029,REGISTERED_TO,0.879,CASE-2026-202
VEH-EXT-002714,P090,DL09HU7907,2026-08-21T02:36:00,L054,USED,0.865,CASE-2026-203
VEH-EXT-002715,P120,DL52CI2878,2026-08-04T01:27:00,L034,REGISTERED_TO,0.879,CASE-2026-204
VEH-EXT-002716,P087,DL96VS1319,2026-08-04T04:09:00,L033,USED,0.938,CASE-2026-201
VEH-EXT-002717,P108,DL89YG8738,2026-08-13T04:36:00,L002,SEEN_NEAR,0.826,CASE-2026-202
VEH-EXT-002718,P053,DL55HK5801,2026-08-09T16:35:00,L018,USED,0.802,CASE-2026-203
VEH-EXT-002719,P071,DL04PO5412,2026-08-07T09:33:00,L045,SEEN_NEAR,0.961,CASE-2026-204
VEH-EXT-002720,P093,DL09NH8413,2026-08-23T03:25:00,L024,SEEN_NEAR,0.864,CASE-2026-201
VEH-EXT-002721,P085,DL65MS3221,2026-08-14T07:09:00,L021,REGISTERED_TO,0.975,CASE-2026-202
VEH-EXT-002722,P047,DL39UR4920,2026-08-10T13:51:00,L040,SEEN_NEAR,0.802,CASE-2026-203
VEH-EXT-002723,P022,DL87UB2945,2026-08-01T22:03:00,L015,REGISTERED_TO,0.962,CASE-2026-204
VEH-EXT-002724,P055,DL88TU6321,2026-08-19T07:29:00,L052,SEEN_NEAR,0.875,CASE-2026-201
VEH-EXT-002725,P022,DL47RB786,2026-08-11T16:46:00,L002,USED,0.825,CASE-2026-202
VEH-EXT-002726,P095,DL60HV9768,2026-08-21T08:48:00,L011,USED,0.824,CASE-2026-203
VEH-EXT-002727,P074,DL29NQ1521,2026-08-23T00:19:00,L044,USED,0.876,CASE-2026-204
VEH-EXT-002728,P070,DL81KA7608,2026-08-18T01:33:00,L049,USED,0.958,CASE-2026-201
VEH-EXT-002729,P013,DL55HK5801,2026-08-12T08:44:00,L014,SEEN_NEAR,0.949,CASE-2026-202
VEH-EXT-002730,P042,DL88TU6321,2026-08-07T02:51:00,L038,REGISTERED_TO,0.913,CASE-2026-203
VEH-EXT-002731,P089,DL28QO9746,2026-08-23T04:03:00,L005,REGISTERED_TO,0.944,CASE-2026-204
VEH-EXT-002732,P108,DL75AQ7501,2026-08-07T20:44:00,L005,SEEN_NEAR,0.902,CASE-2026-201
VEH-EXT-002733,P066,DL78RJ114,2026-08-11T08:48:00,L039,SEEN_NEAR,0.94,CASE-2026-202
VEH-EXT-002734,P087,DL55MZ1375,2026-08-28T12:51:00,L049,SEEN_NEAR,0.831,CASE-2026-203
VEH-EXT-002735,P097,DL95WC1257,2026-08-09T15:39:00,L022,USED,0.957,CASE-2026-204
VEH-EXT-002736,P109,DL50AJ3222,2026-08-17T12:54:00,L047,USED,0.961,CASE-2026-201
VEH-EXT-002737,P108,DL97KE9646,2026-08-16T00:01:00,L023,REGISTERED_TO,0.946,CASE-2026-202
VEH-EXT-002738,P073,DL81WK7335,2026-08-20T10:22:00,L051,USED,0.963,CASE-2026-203
VEH-EXT-002739,P027,DL83IA4683,2026-08-01T23:41:00,L054,SEEN_NEAR,0.91,CASE-2026-204
VEH-EXT-002740,P115,DL54IS4434,2026-08-14T02:08:00,L037,USED,0.857,CASE-2026-201
VEH-EXT-002741,P117,DL44KV6735,2026-08-15T03:33:00,L032,REGISTERED_TO,0.883,CASE-2026-202
VEH-EXT-002742,P094,DL45KA6894,2026-08-09T03:56:00,L017,USED,0.903,CASE-2026-203
VEH-EXT-002743,P075,DL88TU6321,2026-08-29T04:34:00,L059,SEEN_NEAR,0.973,CASE-2026-204
VEH-EXT-002744,P045,DL64KI2394,2026-08-09T04:54:00,L059,SEEN_NEAR,0.87,CASE-2026-201
VEH-EXT-002745,P013,DL25EU426,2026-08-16T12:08:00,L029,SEEN_NEAR,0.957,CASE-2026-202
VEH-EXT-002746,P090,DL39KO3630,2026-08-09T07:20:00,L004,REGISTERED_TO,0.957,CASE-2026-203
VEH-EXT-002747,P117,DL60HV9768,2026-08-17T08:31:00,L035,SEEN_NEAR,0.844,CASE-2026-204
VEH-EXT-002748,P063,DL08LO7279,2026-08-09T01:30:00,L007,USED,0.846,CASE-2026-201
VEH-EXT-002749,P001,DL55HK5801,2026-08-24T16:17:00,L024,USED,0.904,CASE-2026-202
VEH-EXT-002750,P078,DL09NH8413,2026-08-12T03:47:00,L019,SEEN_NEAR,0.981,CASE-2026-203
VEH-EXT-002751,P102,DL86XA3578,2026-08-02T02:23:00,L057,USED,0.908,CASE-2026-204
VEH-EXT-002752,P108,DL91QF4618,2026-08-30T12:45:00,L026,SEEN_NEAR,0.968,CASE-2026-201
VEH-EXT-002753,P053,DL47RB786,2026-08-29T08:36:00,L031,SEEN_NEAR,0.925,CASE-2026-202
VEH-EXT-002754,P030,DL62IT2591,2026-08-09T06:57:00,L011,USED,0.872,CASE-2026-203
VEH-EXT-002755,P025,DL78RJ114,2026-08-12T08:37:00,L009,SEEN_NEAR,0.825,CASE-2026-204
VEH-EXT-002756,P062,DL39GZ1214,2026-08-14T23:12:00,L049,SEEN_NEAR,0.907,CASE-2026-201
VEH-EXT-002757,P073,DL23OP9685,2026-08-27T08:54:00,L058,USED,0.962,CASE-2026-202
VEH-EXT-002758,P108,DL82LI7730,2026-08-29T12:49:00,L027,SEEN_NEAR,0.883,CASE-2026-203
VEH-EXT-002759,P062,DL09HU7907,2026-08-07T03:34:00,L045,USED,0.918,CASE-2026-204
VEH-EXT-002760,P060,DL90JQ8495,2026-08-16T22:11:00,L017,REGISTERED_TO,0.85,CASE-2026-201
VEH-EXT-002761,P016,DL47TY509,2026-08-12T22:41:00,L003,REGISTERED_TO,0.901,CASE-2026-202
VEH-EXT-002762,P108,DL64KI2394,2026-08-19T10:54:00,L022,USED,0.968,CASE-2026-203
VEH-EXT-002763,P090,DL91QF4618,2026-08-13T07:03:00,L040,REGISTERED_TO,0.929,CASE-2026-204
VEH-EXT-002764,P014,DL81KA7608,2026-08-21T18:11:00,L019,REGISTERED_TO,0.922,CASE-2026-201
VEH-EXT-002765,P114,DL27TR2259,2026-08-20T19:06:00,L027,USED,0.922,CASE-2026-202
VEH-EXT-002766,P007,DL62IT2591,2026-08-14T04:17:00,L039,REGISTERED_TO,0.822,CASE-2026-203
VEH-EXT-002767,P102,DL23OP9685,2026-08-28T03:29:00,L009,REGISTERED_TO,0.882,CASE-2026-204
VEH-EXT-002768,P092,DL16HB2805,2026-08-21T20:21:00,L026,USED,0.959,CASE-2026-201
VEH-EXT-002769,P005,DL63HW1705,2026-08-13T09:06:00,L057,SEEN_NEAR,0.876,CASE-2026-202
VEH-EXT-002770,P085,DL07HB2247,2026-08-07T07:26:00,L050,REGISTERED_TO,0.83,CASE-2026-203
VEH-EXT-002771,P022,DL78RJ114,2026-08-08T21:17:00,L017,SEEN_NEAR,0.966,CASE-2026-204
VEH-EXT-002772,P063,DL02DI9818,2026-08-01T16:15:00,L057,REGISTERED_TO,0.932,CASE-2026-201
VEH-EXT-002773,P034,DL54IH5621,2026-08-08T10:29:00,L050,REGISTERED_TO,0.966,CASE-2026-202
VEH-EXT-002774,P031,DL19RP402,2026-08-25T13:18:00,L024,USED,0.916,CASE-2026-203
VEH-EXT-002775,P019,DL02HV3719,2026-08-07T09:34:00,L047,USED,0.906,CASE-2026-204
VEH-EXT-002776,P015,DL39KO3630,2026-08-23T17:57:00,L042,USED,0.87,CASE-2026-201
VEH-EXT-002777,P075,DL87WU7148,2026-08-14T13:30:00,L033,USED,0.841,CASE-2026-202
VEH-EXT-002778,P058,DL11RY5327,2026-08-18T18:07:00,L059,REGISTERED_TO,0.872,CASE-2026-203
VEH-EXT-002779,P102,DL40KE1882,2026-08-19T22:04:00,L051,SEEN_NEAR,0.955,CASE-2026-204
VEH-EXT-002780,P074,DL23OP9685,2026-08-15T12:26:00,L054,REGISTERED_TO,0.859,CASE-2026-201
VEH-EXT-002781,P011,DL30XV997,2026-08-11T01:50:00,L031,REGISTERED_TO,0.925,CASE-2026-202
VEH-EXT-002782,P119,DL45KA6894,2026-08-02T02:46:00,L006,SEEN_NEAR,0.916,CASE-2026-203
VEH-EXT-002783,P106,DL16HB2805,2026-08-11T05:12:00,L005,SEEN_NEAR,0.867,CASE-2026-204
VEH-EXT-002784,P018,DL82IT8140,2026-08-22T20:50:00,L006,SEEN_NEAR,0.887,CASE-2026-201
VEH-EXT-002785,P078,DL87UB2945,2026-08-26T19:29:00,L031,USED,0.933,CASE-2026-202
VEH-EXT-002786,P004,DL08LO7279,2026-08-12T14:33:00,L059,SEEN_NEAR,0.985,CASE-2026-203
VEH-EXT-002787,P022,DL50AJ3222,2026-08-31T04:02:00,L040,USED,0.982,CASE-2026-204
VEH-EXT-002788,P020,DL39KO3630,2026-08-24T15:19:00,L007,REGISTERED_TO,0.876,CASE-2026-201
VEH-EXT-002789,P049,DL85RA6801,2026-08-10T03:18:00,L030,USED,0.854,CASE-2026-202
VEH-EXT-002790,P109,DL08LO7279,2026-08-28T12:29:00,L017,SEEN_NEAR,0.978,CASE-2026-203
VEH-EXT-002791,P113,DL16HB2805,2026-08-05T10:31:00,L051,USED,0.902,CASE-2026-204
VEH-EXT-002792,P092,DL11RY5327,2026-08-09T07:06:00,L048,REGISTERED_TO,0.831,CASE-2026-201
VEH-EXT-002793,P082,DL95WC1257,2026-08-27T03:38:00,L040,USED,0.977,CASE-2026-202
VEH-EXT-002794,P044,DL75AQ7501,2026-08-13T04:26:00,L002,USED,0.946,CASE-2026-203
VEH-EXT-002795,P064,DL37ZL3820,2026-08-19T02:37:00,L016,REGISTERED_TO,0.971,CASE-2026-204
VEH-EXT-002796,P091,DL81KA7608,2026-08-11T19:51:00,L034,USED,0.917,CASE-2026-201
VEH-EXT-002797,P068,DL92OY5424,2026-08-22T00:48:00,L034,SEEN_NEAR,0.863,CASE-2026-202
VEH-EXT-002798,P061,DL54IH5621,2026-08-11T09:41:00,L040,USED,0.944,CASE-2026-203
VEH-EXT-002799,P054,DL32TC7932,2026-08-05T01:27:00,L051,USED,0.941,CASE-2026-204
VEH-EXT-002800,P115,DL32TC7932,2026-08-20T14:43:00,L050,REGISTERED_TO,0.882,CASE-2026-201
VEH-EXT-002801,P094,DL97KE9646,2026-08-22T23:59:00,L028,USED,0.833,CASE-2026-202
VEH-EXT-002802,P119,DL49SF8485,2026-08-11T15:50:00,L029,REGISTERED_TO,0.894,CASE-2026-203
VEH-EXT-002803,P097,DL21CR2848,2026-08-26T15:29:00,L048,REGISTERED_TO,0.885,CASE-2026-204
VEH-EXT-002804,P097,DL88TU6321,2026-08-27T13:47:00,L044,REGISTERED_TO,0.915,CASE-2026-201
VEH-EXT-002805,P014,DL87WU7148,2026-08-31T13:13:00,L024,REGISTERED_TO,0.93,CASE-2026-202
VEH-EXT-002806,P036,DL34VM1567,2026-08-09T15:53:00,L060,USED,0.924,CASE-2026-203
VEH-EXT-002807,P046,DL95WC1257,2026-08-09T13:50:00,L032,REGISTERED_TO,0.83,CASE-2026-204
VEH-EXT-002808,P073,DL81WK7335,2026-08-15T08:53:00,L046,USED,0.985,CASE-2026-201
VEH-EXT-002809,P117,DL63HW1705,2026-08-20T22:05:00,L011,REGISTERED_TO,0.807,CASE-2026-202
VEH-EXT-002810,P080,DL39GZ1214,2026-08-14T02:20:00,L038,USED,0.983,CASE-2026-203
VEH-EXT-002811,P005,DL57KK8244,2026-08-16T05:16:00,L033,REGISTERED_TO,0.915,CASE-2026-204
VEH-EXT-002812,P093,DL87UB2945,2026-08-19T07:52:00,L019,REGISTERED_TO,0.946,CASE-2026-201
VEH-EXT-002813,P015,DL87UB2945,2026-08-13T16:41:00,L052,REGISTERED_TO,0.94,CASE-2026-202
VEH-EXT-002814,P072,DL89YG8738,2026-08-19T17:51:00,L053,REGISTERED_TO,0.819,CASE-2026-203
VEH-EXT-002815,P089,DL55MZ1375,2026-08-06T18:13:00,L005,USED,0.838,CASE-2026-204
VEH-EXT-002816,P046,DL62IT2591,2026-08-13T15:26:00,L041,USED,0.821,CASE-2026-201
VEH-EXT-002817,P042,DL60PX9735,2026-08-21T10:24:00,L045,USED,0.94,CASE-2026-202
VEH-EXT-002818,P087,DL49SF8485,2026-08-11T17:21:00,L053,REGISTERED_TO,0.961,CASE-2026-203
VEH-EXT-002819,P026,DL60HV9768,2026-08-29T09:25:00,L037,REGISTERED_TO,0.859,CASE-2026-204
VEH-EXT-002820,P040,DL63HW1705,2026-08-07T17:39:00,L045,USED,0.856,CASE-2026-201
VEH-EXT-002821,P117,DL60UM9514,2026-08-16T07:04:00,L059,SEEN_NEAR,0.911,CASE-2026-202
VEH-EXT-002822,P070,DL27TR2259,2026-08-05T14:00:00,L010,USED,0.821,CASE-2026-203
VEH-EXT-002823,P076,DL04ES2001,2026-08-27T16:57:00,L033,SEEN_NEAR,0.816,CASE-2026-204
VEH-EXT-002824,P008,DL04ES2001,2026-08-23T09:10:00,L050,SEEN_NEAR,0.982,CASE-2026-201
VEH-EXT-002825,P082,DL40KE1882,2026-08-06T10:09:00,L057,SEEN_NEAR,0.801,CASE-2026-202
VEH-EXT-002826,P009,DL25EU426,2026-08-16T11:52:00,L016,SEEN_NEAR,0.849,CASE-2026-203
VEH-EXT-002827,P011,DL87UB2945,2026-08-24T12:04:00,L045,SEEN_NEAR,0.889,CASE-2026-204
VEH-EXT-002828,P093,DL02HV3719,2026-08-11T13:35:00,L003,SEEN_NEAR,0.82,CASE-2026-201
VEH-EXT-002829,P095,DL92OY5424,2026-08-04T18:58:00,L008,REGISTERED_TO,0.885,CASE-2026-202
VEH-EXT-002830,P043,DL55MZ1375,2026-08-03T04:16:00,L002,USED,0.82,CASE-2026-203
VEH-EXT-002831,P046,DL91QF4618,2026-08-28T01:20:00,L033,USED,0.877,CASE-2026-204
VEH-EXT-002832,P002,DL39GZ1214,2026-08-25T15:06:00,L017,REGISTERED_TO,0.875,CASE-2026-201
VEH-EXT-002833,P112,DL75AQ7501,2026-08-01T05:32:00,L052,REGISTERED_TO,0.98,CASE-2026-202
VEH-EXT-002834,P084,DL04ES2001,2026-08-28T12:00:00,L021,REGISTERED_TO,0.876,CASE-2026-203
VEH-EXT-002835,P117,DL11RY5327,2026-08-27T21:32:00,L056,REGISTERED_TO,0.905,CASE-2026-204
VEH-EXT-002836,P075,DL83IA4683,2026-08-27T23:01:00,L009,USED,0.912,CASE-2026-201
VEH-EXT-002837,P021,DL19RP402,2026-08-17T02:04:00,L060,REGISTERED_TO,0.904,CASE-2026-202
VEH-EXT-002838,P061,DL08LO7279,2026-08-26T13:36:00,L004,USED,0.842,CASE-2026-203
VEH-EXT-002839,P057,DL79FI6946,2026-08-02T16:08:00,L050,USED,0.98,CASE-2026-204
VEH-EXT-002840,P022,DL47TY509,2026-08-03T20:45:00,L009,REGISTERED_TO,0.946,CASE-2026-201
VEH-EXT-002841,P043,DL87UB2945,2026-08-27T20:24:00,L059,USED,0.989,CASE-2026-202
VEH-EXT-002842,P027,DL54IS4434,2026-08-28T08:38:00,L035,REGISTERED_TO,0.948,CASE-2026-203
VEH-EXT-002843,P087,DL62IT2591,2026-08-20T18:57:00,L042,REGISTERED_TO,0.811,CASE-2026-204
VEH-EXT-002844,P108,DL87UB2945,2026-08-08T21:24:00,L040,SEEN_NEAR,0.98,CASE-2026-201
VEH-EXT-002845,P017,DL04JV9196,2026-08-31T16:35:00,L011,USED,0.959,CASE-2026-202
VEH-EXT-002846,P070,DL81KA7608,2026-08-28T05:08:00,L040,REGISTERED_TO,0.848,CASE-2026-203
VEH-EXT-002847,P117,DL29HQ8356,2026-08-14T03:10:00,L041,USED,0.932,CASE-2026-204
VEH-EXT-002848,P076,DL76KI5135,2026-08-09T17:34:00,L007,USED,0.877,CASE-2026-201
VEH-EXT-002849,P108,DL81WK7335,2026-08-11T13:03:00,L047,REGISTERED_TO,0.888,CASE-2026-202
VEH-EXT-002850,P095,DL54IS4434,2026-08-11T16:20:00,L053,USED,0.913,CASE-2026-203
VEH-EXT-002851,P063,DL55HK5801,2026-08-23T06:49:00,L023,SEEN_NEAR,0.98,CASE-2026-204
VEH-EXT-002852,P084,DL83IA4683,2026-08-26T20:57:00,L049,USED,0.99,CASE-2026-201
VEH-EXT-002853,P074,DL97KE9646,2026-08-12T11:08:00,L026,SEEN_NEAR,0.895,CASE-2026-202
VEH-EXT-002854,P029,DL40KE1882,2026-08-20T11:25:00,L035,SEEN_NEAR,0.943,CASE-2026-203
VEH-EXT-002855,P104,DL34VM1567,2026-08-15T23:02:00,L018,SEEN_NEAR,0.882,CASE-2026-204
VEH-EXT-002856,P116,DL47TY509,2026-08-23T03:52:00,L051,USED,0.944,CASE-2026-201
VEH-EXT-002857,P119,DL63HW1705,2026-08-29T04:38:00,L039,USED,0.947,CASE-2026-202
VEH-EXT-002858,P013,DL34VM1567,2026-08-14T14:42:00,L040,SEEN_NEAR,0.902,CASE-2026-203
VEH-EXT-002859,P069,DL09NH8413,2026-08-07T13:18:00,L037,USED,0.968,CASE-2026-204
VEH-EXT-002860,P104,DL55MZ1375,2026-08-23T01:10:00,L034,USED,0.865,CASE-2026-201
VEH-EXT-002861,P093,DL07HB2247,2026-08-27T20:56:00,L051,SEEN_NEAR,0.822,CASE-2026-202
VEH-EXT-002862,P006,DL25EU426,2026-08-14T18:50:00,L060,SEEN_NEAR,0.989,CASE-2026-203
VEH-EXT-002863,P017,DL82IT8140,2026-08-05T16:07:00,L007,USED,0.891,CASE-2026-204
VEH-EXT-002864,P082,DL83IA4683,2026-08-15T08:59:00,L039,SEEN_NEAR,0.817,CASE-2026-201
VEH-EXT-002865,P076,DL11LW2713,2026-08-13T22:31:00,L036,USED,0.844,CASE-2026-202
VEH-EXT-002866,P014,DL65MS3221,2026-08-09T12:56:00,L009,SEEN_NEAR,0.945,CASE-2026-203
VEH-EXT-002867,P083,DL50AJ3222,2026-08-02T20:56:00,L058,REGISTERED_TO,0.916,CASE-2026-204
VEH-EXT-002868,P012,DL07HB2247,2026-08-05T13:15:00,L026,USED,0.926,CASE-2026-201
VEH-EXT-002869,P079,DL41GX5949,2026-08-12T15:42:00,L022,SEEN_NEAR,0.875,CASE-2026-202
VEH-EXT-002870,P009,DL95WC1257,2026-08-19T14:34:00,L024,USED,0.849,CASE-2026-203
VEH-EXT-002871,P105,DL55MZ1375,2026-08-15T22:45:00,L027,REGISTERED_TO,0.937,CASE-2026-204
VEH-EXT-002872,P012,DL60PX9735,2026-08-15T05:18:00,L034,REGISTERED_TO,0.959,CASE-2026-201
VEH-EXT-002873,P050,DL25EU426,2026-08-08T23:46:00,L051,REGISTERED_TO,0.866,CASE-2026-202
VEH-EXT-002874,P079,DL89YG8738,2026-08-01T04:36:00,L008,SEEN_NEAR,0.989,CASE-2026-203
VEH-EXT-002875,P056,DL88SX6044,2026-08-14T21:25:00,L048,REGISTERED_TO,0.976,CASE-2026-204
VEH-EXT-002876,P045,DL32ME5177,2026-08-13T02:23:00,L035,SEEN_NEAR,0.868,CASE-2026-201
VEH-EXT-002877,P025,DL90BO260,2026-08-29T20:13:00,L024,USED,0.939,CASE-2026-202
VEH-EXT-002878,P018,DL41GX5949,2026-08-16T14:25:00,L031,REGISTERED_TO,0.924,CASE-2026-203
VEH-EXT-002879,P011,DL02HV3719,2026-08-17T02:53:00,L030,REGISTERED_TO,0.922,CASE-2026-204
VEH-EXT-002880,P036,DL21CR2848,2026-08-20T19:15:00,L026,REGISTERED_TO,0.862,CASE-2026-201
VEH-EXT-002881,P108,DL90JQ8495,2026-08-06T21:00:00,L049,REGISTERED_TO,0.812,CASE-2026-202
VEH-EXT-002882,P076,DL79FI6946,2026-08-04T20:39:00,L007,USED,0.98,CASE-2026-203
VEH-EXT-002883,P098,DL45KA6894,2026-08-01T01:24:00,L055,USED,0.86,CASE-2026-204
VEH-EXT-002884,P044,DL32TC7932,2026-08-23T04:55:00,L027,REGISTERED_TO,0.957,CASE-2026-201
VEH-EXT-002885,P056,DL11LW2713,2026-08-01T07:36:00,L009,USED,0.974,CASE-2026-202
VEH-EXT-002886,P030,DL29NQ1521,2026-08-27T05:42:00,L019,SEEN_NEAR,0.902,CASE-2026-203
VEH-EXT-002887,P025,DL62IT2591,2026-08-13T15:28:00,L026,SEEN_NEAR,0.902,CASE-2026-204
VEH-EXT-002888,P071,DL82IT8140,2026-08-18T15:57:00,L004,SEEN_NEAR,0.956,CASE-2026-201
VEH-EXT-002889,P119,DL07HB2247,2026-08-25T08:48:00,L008,SEEN_NEAR,0.814,CASE-2026-202
VEH-EXT-002890,P118,DL89YG8738,2026-08-16T19:27:00,L040,REGISTERED_TO,0.86,CASE-2026-203
VEH-EXT-002891,P030,DL85RA6801,2026-08-20T17:17:00,L055,SEEN_NEAR,0.967,CASE-2026-204
VEH-EXT-002892,P045,DL87WU7148,2026-08-03T11:51:00,L016,SEEN_NEAR,0.92,CASE-2026-201
VEH-EXT-002893,P080,DL60PX9735,2026-08-08T08:14:00,L034,USED,0.935,CASE-2026-202
VEH-EXT-002894,P105,DL19RP402,2026-08-08T05:28:00,L018,USED,0.869,CASE-2026-203
VEH-EXT-002895,P073,DL97KE9646,2026-08-28T23:25:00,L052,REGISTERED_TO,0.885,CASE-2026-204
VEH-EXT-002896,P089,DL04ES2001,2026-08-11T02:44:00,L042,USED,0.803,CASE-2026-201
VEH-EXT-002897,P048,DL02HV3719,2026-08-05T12:14:00,L029,SEEN_NEAR,0.876,CASE-2026-202
VEH-EXT-002898,P013,DL16HB2805,2026-08-09T17:34:00,L023,REGISTERED_TO,0.983,CASE-2026-203
VEH-EXT-002899,P027,DL27TR2259,2026-08-29T18:04:00,L012,REGISTERED_TO,0.858,CASE-2026-204
VEH-EXT-002900,P069,DL08OD4328,2026-08-14T04:51:00,L024,SEEN_NEAR,0.861,CASE-2026-201
VEH-EXT-002901,P023,DL88SX6044,2026-08-31T10:58:00,L023,REGISTERED_TO,0.891,CASE-2026-202
VEH-EXT-002902,P063,DL04JV9196,2026-08-30T16:37:00,L002,SEEN_NEAR,0.835,CASE-2026-203
VEH-EXT-002903,P106,DL34VM1567,2026-08-21T00:02:00,L016,USED,0.883,CASE-2026-204
VEH-EXT-002904,P010,DL92OY5424,2026-08-31T10:42:00,L007,REGISTERED_TO,0.914,CASE-2026-201
VEH-EXT-002905,P039,DL54IS4434,2026-08-25T22:37:00,L047,SEEN_NEAR,0.853,CASE-2026-202
VEH-EXT-002906,P016,DL60HV9768,2026-08-05T13:48:00,L016,SEEN_NEAR,0.892,CASE-2026-203
VEH-EXT-002907,P037,DL11RY5327,2026-08-31T11:42:00,L049,USED,0.855,CASE-2026-204
VEH-EXT-002908,P119,DL08LO7279,2026-08-09T06:20:00,L036,SEEN_NEAR,0.801,CASE-2026-201
VEH-EXT-002909,P022,DL95WC1257,2026-08-18T00:01:00,L026,SEEN_NEAR,0.846,CASE-2026-202
VEH-EXT-002910,P094,DL08OD4328,2026-08-30T03:09:00,L060,SEEN_NEAR,0.973,CASE-2026-203
VEH-EXT-002911,P029,DL78RJ114,2026-08-16T22:16:00,L009,USED,0.894,CASE-2026-204
VEH-EXT-002912,P011,DL34VM1567,2026-08-25T23:23:00,L022,REGISTERED_TO,0.884,CASE-2026-201
VEH-EXT-002913,P085,DL09HU7907,2026-08-31T20:06:00,L043,REGISTERED_TO,0.833,CASE-2026-202
VEH-EXT-002914,P118,DL52CI2878,2026-08-05T13:38:00,L026,REGISTERED_TO,0.97,CASE-2026-203
VEH-EXT-002915,P086,DL43ON9088,2026-08-10T10:29:00,L031,REGISTERED_TO,0.849,CASE-2026-204
VEH-EXT-002916,P016,DL55HK5801,2026-08-09T22:59:00,L053,SEEN_NEAR,0.838,CASE-2026-201
VEH-EXT-002917,P046,DL29NQ1521,2026-08-14T04:15:00,L033,REGISTERED_TO,0.938,CASE-2026-202
VEH-EXT-002918,P056,DL89YG8738,2026-08-13T07:05:00,L025,SEEN_NEAR,0.894,CASE-2026-203
VEH-EXT-002919,P020,DL85RA6801,2026-08-27T00:43:00,L056,USED,0.91,CASE-2026-204
VEH-EXT-002920,P062,DL34VM1567,2026-08-27T16:18:00,L018,REGISTERED_TO,0.906,CASE-2026-201
VEH-EXT-002921,P008,DL87WU7148,2026-08-14T02:43:00,L011,USED,0.875,CASE-2026-202
VEH-EXT-002922,P014,DL49SF8485,2026-08-18T10:01:00,L006,USED,0.915,CASE-2026-203
VEH-EXT-002923,P034,DL40GM3739,2026-08-04T06:18:00,L027,USED,0.846,CASE-2026-204
VEH-EXT-002924,P088,DL55HK5801,2026-08-15T22:11:00,L030,USED,0.913,CASE-2026-201
VEH-EXT-002925,P117,DL66UN3298,2026-08-29T22:22:00,L058,REGISTERED_TO,0.965,CASE-2026-202
VEH-EXT-002926,P053,DL35GZ4233,2026-08-11T07:55:00,L058,REGISTERED_TO,0.966,CASE-2026-203
VEH-EXT-002927,P104,DL02HV3719,2026-08-18T18:29:00,L056,REGISTERED_TO,0.969,CASE-2026-204
VEH-EXT-002928,P027,DL90JQ8495,2026-08-06T21:47:00,L015,USED,0.895,CASE-2026-201
VEH-EXT-002929,P028,DL95WC1257,2026-08-08T00:13:00,L007,USED,0.962,CASE-2026-202
VEH-EXT-002930,P041,DL83IA4683,2026-08-15T17:12:00,L060,SEEN_NEAR,0.829,CASE-2026-203
VEH-EXT-002931,P046,DL97KE9646,2026-08-17T11:36:00,L042,REGISTERED_TO,0.954,CASE-2026-204
VEH-EXT-002932,P013,DL25EU426,2026-08-12T11:08:00,L034,USED,0.966,CASE-2026-201
VEH-EXT-002933,P009,DL85RA6801,2026-08-16T02:32:00,L057,SEEN_NEAR,0.946,CASE-2026-202
VEH-EXT-002934,P036,DL02HV3719,2026-08-04T00:30:00,L003,SEEN_NEAR,0.879,CASE-2026-203
VEH-EXT-002935,P055,DL16HB2805,2026-08-14T08:22:00,L054,REGISTERED_TO,0.866,CASE-2026-204
VEH-EXT-002936,P032,DL29HQ8356,2026-08-20T15:45:00,L023,REGISTERED_TO,0.838,CASE-2026-201
VEH-EXT-002937,P053,DL60HV9768,2026-08-13T12:17:00,L052,REGISTERED_TO,0.952,CASE-2026-202
VEH-EXT-002938,P066,DL57KK8244,2026-08-03T09:40:00,L005,USED,0.836,CASE-2026-203
VEH-EXT-002939,P110,DL88TU6321,2026-08-05T01:20:00,L014,SEEN_NEAR,0.889,CASE-2026-204
VEH-EXT-002940,P048,DL45KA6894,2026-08-20T14:36:00,L030,USED,0.89,CASE-2026-201
VEH-EXT-002941,P064,DL09NH8413,2026-08-03T13:41:00,L043,REGISTERED_TO,0.846,CASE-2026-202
VEH-EXT-002942,P009,DL40KE1882,2026-08-23T08:16:00,L058,USED,0.803,CASE-2026-203
VEH-EXT-002943,P045,DL11LW2713,2026-08-28T18:04:00,L012,SEEN_NEAR,0.822,CASE-2026-204
VEH-EXT-002944,P095,DL39KO3630,2026-08-17T12:16:00,L056,SEEN_NEAR,0.938,CASE-2026-201
VEH-EXT-002945,P050,DL90JQ8495,2026-08-07T16:43:00,L041,REGISTERED_TO,0.82,CASE-2026-202
VEH-EXT-002946,P095,DL40KE1882,2026-08-16T17:34:00,L036,SEEN_NEAR,0.948,CASE-2026-203
VEH-EXT-002947,P066,DL04ES2001,2026-08-23T00:03:00,L012,SEEN_NEAR,0.804,CASE-2026-204
VEH-EXT-002948,P057,DL83IA4683,2026-08-20T12:12:00,L010,USED,0.975,CASE-2026-201
VEH-EXT-002949,P072,DL04PO5412,2026-08-10T08:50:00,L049,USED,0.847,CASE-2026-202
VEH-EXT-002950,P076,DL66UN3298,2026-08-16T07:52:00,L011,REGISTERED_TO,0.958,CASE-2026-203
VEH-EXT-002951,P110,DL66UN3298,2026-08-05T13:50:00,L021,USED,0.951,CASE-2026-204
VEH-EXT-002952,P120,DL54IH5621,2026-08-29T01:58:00,L016,SEEN_NEAR,0.822,CASE-2026-201
VEH-EXT-002953,P089,DL16HB2805,2026-08-05T22:02:00,L058,SEEN_NEAR,0.961,CASE-2026-202
VEH-EXT-002954,P101,DL24MH626,2026-08-04T16:38:00,L036,REGISTERED_TO,0.98,CASE-2026-203
VEH-EXT-002955,P010,DL32ME5177,2026-08-09T08:48:00,L012,USED,0.852,CASE-2026-204
VEH-EXT-002956,P023,DL89YG8738,2026-08-26T04:09:00,L056,USED,0.905,CASE-2026-201
VEH-EXT-002957,P019,DL60HV9768,2026-08-01T03:05:00,L020,REGISTERED_TO,0.849,CASE-2026-202
VEH-EXT-002958,P091,DL76KI5135,2026-08-30T15:48:00,L038,REGISTERED_TO,0.896,CASE-2026-203
VEH-EXT-002959,P070,DL88TU6321,2026-08-09T11:15:00,L027,REGISTERED_TO,0.923,CASE-2026-204
VEH-EXT-002960,P036,DL60HV9768,2026-08-15T15:54:00,L046,SEEN_NEAR,0.854,CASE-2026-201
VEH-EXT-002961,P082,DL32ME5177,2026-08-23T06:13:00,L016,REGISTERED_TO,0.882,CASE-2026-202
VEH-EXT-002962,P078,DL40GM3739,2026-08-27T09:31:00,L031,SEEN_NEAR,0.841,CASE-2026-203
VEH-EXT-002963,P011,DL87UB2945,2026-08-20T12:59:00,L045,REGISTERED_TO,0.909,CASE-2026-204
VEH-EXT-002964,P120,DL50AJ3222,2026-08-06T00:01:00,L052,SEEN_NEAR,0.821,CASE-2026-201
VEH-EXT-002965,P075,DL54IS4434,2026-08-18T11:30:00,L014,SEEN_NEAR,0.91,CASE-2026-202
VEH-EXT-002966,P094,DL07HB2247,2026-08-10T20:42:00,L024,SEEN_NEAR,0.849,CASE-2026-203
VEH-EXT-002967,P112,DL86XA3578,2026-08-29T02:47:00,L023,USED,0.978,CASE-2026-204
VEH-EXT-002968,P023,DL90BO260,2026-08-15T02:46:00,L058,USED,0.903,CASE-2026-201
VEH-EXT-002969,P005,DL85LZ6022,2026-08-03T07:51:00,L005,USED,0.9,CASE-2026-202
VEH-EXT-002970,P034,DL11RY5327,2026-08-25T09:43:00,L059,SEEN_NEAR,0.862,CASE-2026-203
VEH-EXT-002971,P097,DL04PO5412,2026-08-07T17:09:00,L046,SEEN_NEAR,0.928,CASE-2026-204
VEH-EXT-002972,P119,DL88TU6321,2026-08-03T08:28:00,L041,USED,0.913,CASE-2026-201
VEH-EXT-002973,P030,DL66UN3298,2026-08-27T03:29:00,L019,REGISTERED_TO,0.94,CASE-2026-202
VEH-EXT-002974,P100,DL91QF4618,2026-08-10T23:10:00,L045,REGISTERED_TO,0.918,CASE-2026-203
VEH-EXT-002975,P045,DL52CI2878,2026-08-24T19:11:00,L042,USED,0.815,CASE-2026-204
VEH-EXT-002976,P004,DL11LW2713,2026-08-12T18:35:00,L040,SEEN_NEAR,0.863,CASE-2026-201
VEH-EXT-002977,P104,DL29HQ8356,2026-08-22T12:35:00,L036,USED,0.803,CASE-2026-202
VEH-EXT-002978,P085,DL11RY5327,2026-08-08T21:00:00,L012,USED,0.871,CASE-2026-203
VEH-EXT-002979,P094,DL90BO260,2026-08-21T06:34:00,L030,SEEN_NEAR,0.893,CASE-2026-204
VEH-EXT-002980,P091,DL04JV9196,2026-08-11T17:44:00,L013,USED,0.816,CASE-2026-201
VEH-EXT-002981,P080,DL24MH626,2026-08-19T16:36:00,L057,SEEN_NEAR,0.943,CASE-2026-202
VEH-EXT-002982,P016,DL89YG8738,2026-08-31T18:24:00,L032,SEEN_NEAR,0.956,CASE-2026-203
VEH-EXT-002983,P065,DL47TY509,2026-08-04T04:12:00,L056,SEEN_NEAR,0.832,CASE-2026-204
VEH-EXT-002984,P113,DL79FI6946,2026-08-03T21:11:00,L030,SEEN_NEAR,0.9,CASE-2026-201
VEH-EXT-002985,P051,DL75AQ7501,2026-08-17T02:36:00,L011,SEEN_NEAR,0.982,CASE-2026-202
VEH-EXT-002986,P050,DL55MZ1375,2026-08-12T13:20:00,L014,REGISTERED_TO,0.982,CASE-2026-203
VEH-EXT-002987,P006,DL63HW1705,2026-08-31T23:34:00,L028,SEEN_NEAR,0.805,CASE-2026-204
VEH-EXT-002988,P055,DL55HK5801,2026-08-16T09:14:00,L004,REGISTERED_TO,0.862,CASE-2026-201
VEH-EXT-002989,P055,DL55MZ1375,2026-08-21T00:46:00,L019,REGISTERED_TO,0.966,CASE-2026-202
VEH-EXT-002990,P027,DL25EU426,2026-08-19T10:59:00,L001,REGISTERED_TO,0.802,CASE-2026-203
VEH-EXT-002991,P065,DL76KI5135,2026-08-27T10:54:00,L046,REGISTERED_TO,0.949,CASE-2026-204
VEH-EXT-002992,P027,DL28QO9746,2026-08-09T13:46:00,L020,USED,0.837,CASE-2026-201
VEH-EXT-002993,P028,DL97KE9646,2026-08-26T16:10:00,L008,USED,0.989,CASE-2026-202
VEH-EXT-002994,P020,DL39GZ1214,2026-08-06T06:46:00,L004,USED,0.988,CASE-2026-203
VEH-EXT-002995,P054,DL16HB2805,2026-08-29T12:24:00,L056,REGISTERED_TO,0.932,CASE-2026-204
VEH-EXT-002996,P106,DL89YG8738,2026-08-15T11:32:00,L022,USED,0.826,CASE-2026-201
VEH-EXT-002997,P017,DL81KA7608,2026-08-04T12:47:00,L046,REGISTERED_TO,0.805,CASE-2026-202
VEH-EXT-002998,P094,DL96VS1319,2026-08-31T13:55:00,L010,REGISTERED_TO,0.891,CASE-2026-203
VEH-EXT-002999,P034,DL96VS1319,2026-08-15T17:12:00,L010,REGISTERED_TO,0.948,CASE-2026-204
VEH-EXT-003000,P090,DL85LZ6022,2026-08-29T02:23:00,L040,USED,0.814,CASE-2026-201
VEH-EXT-003001,P104,DL60UM9514,2026-08-21T14:35:00,L009,USED,0.822,CASE-2026-202
VEH-EXT-003002,P075,DL79FI6946,2026-08-08T19:20:00,L019,REGISTERED_TO,0.978,CASE-2026-203
VEH-EXT-003003,P031,DL08LO7279,2026-08-01T00:52:00,L026,REGISTERED_TO,0.949,CASE-2026-204
VEH-EXT-003004,P003,DL39KO3630,2026-08-04T20:25:00,L003,REGISTERED_TO,0.929,CASE-2026-201
VEH-EXT-003005,P059,DL32TC7932,2026-08-06T11:11:00,L040,SEEN_NEAR,0.822,CASE-2026-202
VEH-EXT-003006,P028,DL83IA4683,2026-08-03T16:45:00,L007,USED,0.812,CASE-2026-203
VEH-EXT-003007,P057,DL32TC7932,2026-08-14T17:27:00,L012,USED,0.89,CASE-2026-204
VEH-EXT-003008,P079,DL47RB786,2026-08-08T00:28:00,L045,SEEN_NEAR,0.824,CASE-2026-201
VEH-EXT-003009,P034,DL88SX6044,2026-08-20T05:24:00,L052,REGISTERED_TO,0.93,CASE-2026-202
VEH-EXT-003010,P012,DL27TR2259,2026-08-17T14:40:00,L044,SEEN_NEAR,0.833,CASE-2026-203
VEH-EXT-003011,P033,DL91QF4618,2026-08-15T20:36:00,L031,SEEN_NEAR,0.951,CASE-2026-204
VEH-EXT-003012,P034,DL44KV6735,2026-08-22T03:15:00,L058,SEEN_NEAR,0.885,CASE-2026-201
VEH-EXT-003013,P095,DL88TU6321,2026-08-14T01:13:00,L002,REGISTERED_TO,0.895,CASE-2026-202
VEH-EXT-003014,P084,DL87WU7148,2026-08-04T18:15:00,L012,SEEN_NEAR,0.875,CASE-2026-203
VEH-EXT-003015,P066,DL34VM1567,2026-08-02T17:03:00,L038,REGISTERED_TO,0.955,CASE-2026-204
VEH-EXT-003016,P081,DL86XA3578,2026-08-27T03:07:00,L003,USED,0.838,CASE-2026-201
VEH-EXT-003017,P017,DL05LU5710,2026-08-08T01:36:00,L035,USED,0.931,CASE-2026-202
VEH-EXT-003018,P030,DL60PX9735,2026-08-22T03:41:00,L057,USED,0.915,CASE-2026-203
VEH-EXT-003019,P109,DL81KA7608,2026-08-11T02:22:00,L050,REGISTERED_TO,0.881,CASE-2026-204
VEH-EXT-003020,P072,DL60HV9768,2026-08-25T06:02:00,L056,USED,0.824,CASE-2026-201
VEH-EXT-003021,P119,DL55MZ1375,2026-08-26T16:28:00,L036,USED,0.861,CASE-2026-202
VEH-EXT-003022,P074,DL60HV9768,2026-08-28T06:22:00,L004,SEEN_NEAR,0.826,CASE-2026-203
VEH-EXT-003023,P119,DL50AJ3222,2026-08-11T01:27:00,L059,REGISTERED_TO,0.851,CASE-2026-204
VEH-EXT-003024,P067,DL32ME5177,2026-08-20T15:02:00,L021,REGISTERED_TO,0.824,CASE-2026-201
VEH-EXT-003025,P038,DL90JQ8495,2026-08-25T16:30:00,L056,REGISTERED_TO,0.857,CASE-2026-202
VEH-EXT-003026,P099,DL44KV6735,2026-08-08T16:08:00,L019,REGISTERED_TO,0.862,CASE-2026-203
VEH-EXT-003027,P008,DL19RP402,2026-08-16T09:35:00,L019,SEEN_NEAR,0.825,CASE-2026-204
VEH-EXT-003028,P017,DL55HK5801,2026-08-23T04:00:00,L030,USED,0.963,CASE-2026-201
VEH-EXT-003029,P042,DL47RB786,2026-08-17T06:51:00,L050,SEEN_NEAR,0.822,CASE-2026-202
VEH-EXT-003030,P024,DL32ME5177,2026-08-21T07:50:00,L024,USED,0.868,CASE-2026-203
VEH-EXT-003031,P049,DL57KK8244,2026-08-21T03:10:00,L025,SEEN_NEAR,0.836,CASE-2026-204
VEH-EXT-003032,P069,DL40KE1882,2026-08-06T03:10:00,L023,REGISTERED_TO,0.879,CASE-2026-201
VEH-EXT-003033,P025,DL55HK5801,2026-08-02T08:54:00,L005,USED,0.913,CASE-2026-202
VEH-EXT-003034,P067,DL39GZ1214,2026-08-18T15:32:00,L058,USED,0.888,CASE-2026-203
VEH-EXT-003035,P009,DL04PO5412,2026-08-23T14:43:00,L008,USED,0.892,CASE-2026-204
VEH-EXT-003036,P066,DL32ME5177,2026-08-31T03:05:00,L019,USED,0.987,CASE-2026-201
VEH-EXT-003037,P030,DL88TU6321,2026-08-18T00:15:00,L009,SEEN_NEAR,0.955,CASE-2026-202
VEH-EXT-003038,P009,DL89YG8738,2026-08-18T21:06:00,L033,USED,0.828,CASE-2026-203
VEH-EXT-003039,P112,DL54IH5621,2026-08-16T10:16:00,L034,USED,0.952,CASE-2026-204
VEH-EXT-003040,P104,DL91QF4618,2026-08-04T14:55:00,L044,REGISTERED_TO,0.901,CASE-2026-201
VEH-EXT-003041,P117,DL23OP9685,2026-08-31T21:55:00,L049,USED,0.99,CASE-2026-202
VEH-EXT-003042,P013,DL09NH8413,2026-08-12T04:53:00,L002,SEEN_NEAR,0.859,CASE-2026-203
VEH-EXT-003043,P002,DL35GZ4233,2026-08-10T21:37:00,L059,USED,0.876,CASE-2026-204
VEH-EXT-003044,P056,DL29HQ8356,2026-08-26T16:59:00,L048,USED,0.882,CASE-2026-201
VEH-EXT-003045,P062,DL40GM3739,2026-08-20T08:00:00,L013,USED,0.875,CASE-2026-202
VEH-EXT-003046,P078,DL88TU6321,2026-08-25T04:06:00,L028,USED,0.826,CASE-2026-203
VEH-EXT-003047,P043,DL27TR2259,2026-08-11T03:19:00,L052,USED,0.819,CASE-2026-204
VEH-EXT-003048,P093,DL09HU7907,2026-08-06T23:18:00,L027,SEEN_NEAR,0.933,CASE-2026-201
VEH-EXT-003049,P065,DL65MS3221,2026-08-04T01:07:00,L013,REGISTERED_TO,0.948,CASE-2026-202
VEH-EXT-003050,P025,DL97KE9646,2026-08-08T17:55:00,L020,SEEN_NEAR,0.896,CASE-2026-203
VEH-EXT-003051,P042,DL50AJ3222,2026-08-20T13:45:00,L021,REGISTERED_TO,0.9,CASE-2026-204
VEH-EXT-003052,P104,DL27TR2259,2026-08-24T15:43:00,L020,SEEN_NEAR,0.933,CASE-2026-201
VEH-EXT-003053,P010,DL82IT8140,2026-08-26T11:43:00,L036,REGISTERED_TO,0.906,CASE-2026-202
VEH-EXT-003054,P070,DL47RB786,2026-08-25T15:16:00,L019,USED,0.812,CASE-2026-203
VEH-EXT-003055,P116,DL32ME5177,2026-08-11T14:19:00,L024,REGISTERED_TO,0.81,CASE-2026-204
VEH-EXT-003056,P042,DL87UB2945,2026-08-23T18:18:00,L055,REGISTERED_TO,0.875,CASE-2026-201
VEH-EXT-003057,P061,DL97KE9646,2026-08-02T16:04:00,L018,USED,0.97,CASE-2026-202
VEH-EXT-003058,P086,DL66UN3298,2026-08-15T15:19:00,L013,REGISTERED_TO,0.934,CASE-2026-203
VEH-EXT-003059,P071,DL02DI9818,2026-08-21T22:03:00,L017,REGISTERED_TO,0.933,CASE-2026-204
VEH-EXT-003060,P082,DL87UB2945,2026-08-28T01:44:00,L042,SEEN_NEAR,0.959,CASE-2026-201
VEH-EXT-003061,P088,DL88TU6321,2026-08-25T06:24:00,L050,USED,0.823,CASE-2026-202
VEH-EXT-003062,P085,DL87UB2945,2026-08-08T10:07:00,L019,SEEN_NEAR,0.974,CASE-2026-203
VEH-EXT-003063,P044,DL90BO260,2026-08-03T01:28:00,L051,USED,0.937,CASE-2026-204
VEH-EXT-003064,P075,DL21CR2848,2026-08-30T09:20:00,L006,SEEN_NEAR,0.96,CASE-2026-201
VEH-EXT-003065,P099,DL62IT2591,2026-08-20T01:24:00,L040,SEEN_NEAR,0.858,CASE-2026-202
VEH-EXT-003066,P057,DL97KE9646,2026-08-06T12:57:00,L013,SEEN_NEAR,0.926,CASE-2026-203
VEH-EXT-003067,P038,DL02DI9818,2026-08-06T07:25:00,L040,USED,0.924,CASE-2026-204
VEH-EXT-003068,P009,DL52CI2878,2026-08-14T03:08:00,L052,SEEN_NEAR,0.984,CASE-2026-201
VEH-EXT-003069,P030,DL49SF8485,2026-08-25T15:26:00,L025,USED,0.887,CASE-2026-202
VEH-EXT-003070,P053,DL83IA4683,2026-08-19T01:19:00,L013,SEEN_NEAR,0.941,CASE-2026-203
VEH-EXT-003071,P034,DL43ON9088,2026-08-16T18:19:00,L055,USED,0.83,CASE-2026-204
VEH-EXT-003072,P106,DL28QO9746,2026-08-30T22:46:00,L048,REGISTERED_TO,0.828,CASE-2026-201
VEH-EXT-003073,P038,DL95WC1257,2026-08-26T08:07:00,L034,SEEN_NEAR,0.819,CASE-2026-202
VEH-EXT-003074,P049,DL50AJ3222,2026-08-12T09:17:00,L021,USED,0.878,CASE-2026-203
VEH-EXT-003075,P103,DL97KE9646,2026-08-17T14:36:00,L033,SEEN_NEAR,0.928,CASE-2026-204
VEH-EXT-003076,P040,DL24MH626,2026-08-10T11:30:00,L016,USED,0.827,CASE-2026-201
VEH-EXT-003077,P053,DL40KE1882,2026-08-20T12:33:00,L057,REGISTERED_TO,0.888,CASE-2026-202
VEH-EXT-003078,P108,DL88TU6321,2026-08-29T10:41:00,L016,SEEN_NEAR,0.97,CASE-2026-203
VEH-EXT-003079,P111,DL81WK7335,2026-08-13T13:38:00,L014,SEEN_NEAR,0.818,CASE-2026-204
VEH-EXT-003080,P104,DL16HB2805,2026-08-30T01:33:00,L045,USED,0.859,CASE-2026-201
VEH-EXT-003081,P099,DL35GZ4233,2026-08-20T18:06:00,L012,SEEN_NEAR,0.907,CASE-2026-202
VEH-EXT-003082,P046,DL04JV9196,2026-08-13T23:50:00,L006,SEEN_NEAR,0.888,CASE-2026-203
VEH-EXT-003083,P003,DL63HW1705,2026-08-05T02:49:00,L006,USED,0.833,CASE-2026-204
VEH-EXT-003084,P045,DL09HU7907,2026-08-11T12:31:00,L025,REGISTERED_TO,0.826,CASE-2026-201
VEH-EXT-003085,P097,DL60HV9768,2026-08-22T21:51:00,L037,SEEN_NEAR,0.93,CASE-2026-202
VEH-EXT-003086,P114,DL08OD4328,2026-08-20T12:23:00,L006,SEEN_NEAR,0.811,CASE-2026-203
VEH-EXT-003087,P044,DL90BO260,2026-08-02T19:46:00,L060,USED,0.834,CASE-2026-204
VEH-EXT-003088,P058,DL32ME5177,2026-08-25T10:33:00,L017,REGISTERED_TO,0.828,CASE-2026-201
VEH-EXT-003089,P080,DL05LU5710,2026-08-15T07:11:00,L001,USED,0.878,CASE-2026-202
VEH-EXT-003090,P025,DL23OP9685,2026-08-26T18:11:00,L037,USED,0.84,CASE-2026-203
VEH-EXT-003091,P092,DL85LZ6022,2026-08-28T00:45:00,L041,USED,0.978,CASE-2026-204
VEH-EXT-003092,P007,DL07HB2247,2026-08-02T01:55:00,L025,USED,0.892,CASE-2026-201
VEH-EXT-003093,P100,DL81KA7608,2026-08-03T06:33:00,L055,USED,0.896,CASE-2026-202
VEH-EXT-003094,P022,DL95WC1257,2026-08-04T06:29:00,L024,USED,0.927,CASE-2026-203
VEH-EXT-003095,P063,DL25EU426,2026-08-16T22:25:00,L044,USED,0.802,CASE-2026-204
VEH-EXT-003096,P060,DL75AQ7501,2026-08-20T23:13:00,L053,REGISTERED_TO,0.972,CASE-2026-201
VEH-EXT-003097,P029,DL89YG8738,2026-08-29T22:18:00,L007,SEEN_NEAR,0.923,CASE-2026-202
VEH-EXT-003098,P042,DL81WK7335,2026-08-24T04:23:00,L051,USED,0.904,CASE-2026-203
VEH-EXT-003099,P068,DL09NH8413,2026-08-30T18:53:00,L025,USED,0.846,CASE-2026-204
VEH-EXT-003100,P073,DL62IT2591,2026-08-08T04:47:00,L057,REGISTERED_TO,0.94,CASE-2026-201
VEH-EXT-003101,P019,DL85RA6801,2026-08-07T06:50:00,L004,REGISTERED_TO,0.801,CASE-2026-202
VEH-EXT-003102,P061,DL85LZ6022,2026-08-23T14:32:00,L047,REGISTERED_TO,0.977,CASE-2026-203
VEH-EXT-003103,P069,DL57KK8244,2026-08-30T08:14:00,L020,USED,0.941,CASE-2026-204
VEH-EXT-003104,P118,DL09NH8413,2026-08-30T23:47:00,L001,USED,0.936,CASE-2026-201
VEH-EXT-003105,P001,DL57KK8244,2026-08-09T06:02:00,L022,USED,0.925,CASE-2026-202
VEH-EXT-003106,P117,DL63HW1705,2026-08-18T22:37:00,L053,REGISTERED_TO,0.872,CASE-2026-203
VEH-EXT-003107,P084,DL07HB2247,2026-08-02T01:39:00,L051,REGISTERED_TO,0.828,CASE-2026-204
VEH-EXT-003108,P081,DL96VS1319,2026-08-09T13:06:00,L038,REGISTERED_TO,0.818,CASE-2026-201
VEH-EXT-003109,P089,DL79FI6946,2026-08-08T08:55:00,L027,USED,0.802,CASE-2026-202
VEH-EXT-003110,P116,DL76KI5135,2026-08-02T12:16:00,L030,SEEN_NEAR,0.862,CASE-2026-203
VEH-EXT-003111,P025,DL55HK5801,2026-08-02T17:54:00,L003,REGISTERED_TO,0.968,CASE-2026-204
VEH-EXT-003112,P017,DL02HV3719,2026-08-17T06:54:00,L012,REGISTERED_TO,0.823,CASE-2026-201
VEH-EXT-003113,P033,DL39GZ1214,2026-08-25T08:25:00,L049,REGISTERED_TO,0.948,CASE-2026-202
VEH-EXT-003114,P079,DL52CI2878,2026-08-22T11:20:00,L021,SEEN_NEAR,0.886,CASE-2026-203
VEH-EXT-003115,P080,DL08LO7279,2026-08-05T22:10:00,L036,REGISTERED_TO,0.97,CASE-2026-204
VEH-EXT-003116,P058,DL60PX9735,2026-08-14T06:12:00,L010,SEEN_NEAR,0.928,CASE-2026-201
VEH-EXT-003117,P078,DL60UM9514,2026-08-01T06:41:00,L013,REGISTERED_TO,0.899,CASE-2026-202
VEH-EXT-003118,P031,DL89YG8738,2026-08-10T19:49:00,L012,REGISTERED_TO,0.899,CASE-2026-203
VEH-EXT-003119,P088,DL52CI2878,2026-08-17T19:54:00,L007,SEEN_NEAR,0.95,CASE-2026-204
VEH-EXT-003120,P018,DL50AJ3222,2026-08-28T14:53:00,L013,SEEN_NEAR,0.968,CASE-2026-201
VEH-EXT-003121,P106,DL30XV997,2026-08-04T15:17:00,L033,SEEN_NEAR,0.949,CASE-2026-202
VEH-EXT-003122,P073,DL78RJ114,2026-08-19T02:58:00,L025,USED,0.895,CASE-2026-203
VEH-EXT-003123,P114,DL08LO7279,2026-08-17T08:30:00,L043,USED,0.937,CASE-2026-204
VEH-EXT-003124,P084,DL60UM9514,2026-08-22T15:52:00,L003,REGISTERED_TO,0.935,CASE-2026-201
VEH-EXT-003125,P113,DL54IH5621,2026-08-31T13:42:00,L041,REGISTERED_TO,0.899,CASE-2026-202
VEH-EXT-003126,P106,DL96VS1319,2026-08-28T16:31:00,L024,REGISTERED_TO,0.957,CASE-2026-203
VEH-EXT-003127,P048,DL40KE1882,2026-08-15T18:21:00,L040,SEEN_NEAR,0.949,CASE-2026-204
VEH-EXT-003128,P001,DL90JQ8495,2026-08-19T13:03:00,L001,USED,0.847,CASE-2026-201
VEH-EXT-003129,P052,DL60UM9514,2026-08-12T19:43:00,L056,SEEN_NEAR,0.814,CASE-2026-202
VEH-EXT-003130,P104,DL29NQ1521,2026-08-04T07:52:00,L047,REGISTERED_TO,0.949,CASE-2026-203
VEH-EXT-003131,P035,DL32TC7932,2026-08-05T22:35:00,L047,USED,0.894,CASE-2026-204
VEH-EXT-003132,P032,DL28QO9746,2026-08-19T03:12:00,L021,REGISTERED_TO,0.808,CASE-2026-201
VEH-EXT-003133,P057,DL63HW1705,2026-08-09T04:01:00,L040,USED,0.837,CASE-2026-202
VEH-EXT-003134,P004,DL97KE9646,2026-08-15T00:16:00,L035,REGISTERED_TO,0.912,CASE-2026-203
VEH-EXT-003135,P006,DL32ME5177,2026-08-14T02:22:00,L047,USED,0.833,CASE-2026-204
VEH-EXT-003136,P091,DL05LU5710,2026-08-21T01:00:00,L020,SEEN_NEAR,0.958,CASE-2026-201
VEH-EXT-003137,P110,DL60PX9735,2026-08-08T14:41:00,L057,USED,0.927,CASE-2026-202
VEH-EXT-003138,P110,DL35GZ4233,2026-08-06T20:17:00,L029,REGISTERED_TO,0.944,CASE-2026-203
VEH-EXT-003139,P098,DL37ZL3820,2026-08-10T12:14:00,L001,REGISTERED_TO,0.898,CASE-2026-204
VEH-EXT-003140,P001,DL54IH5621,2026-08-10T23:11:00,L036,REGISTERED_TO,0.883,CASE-2026-201
VEH-EXT-003141,P047,DL95WC1257,2026-08-11T11:02:00,L011,SEEN_NEAR,0.84,CASE-2026-202
VEH-EXT-003142,P085,DL87WU7148,2026-08-09T16:50:00,L026,USED,0.877,CASE-2026-203
VEH-EXT-003143,P059,DL04JV9196,2026-08-19T23:09:00,L034,SEEN_NEAR,0.953,CASE-2026-204
VEH-EXT-003144,P044,DL05LU5710,2026-08-01T22:14:00,L057,USED,0.959,CASE-2026-201
VEH-EXT-003145,P025,DL54IH5621,2026-08-25T01:35:00,L047,REGISTERED_TO,0.945,CASE-2026-202
VEH-EXT-003146,P066,DL88SX6044,2026-08-01T04:38:00,L044,SEEN_NEAR,0.879,CASE-2026-203
VEH-EXT-003147,P024,DL09NH8413,2026-08-03T12:10:00,L007,SEEN_NEAR,0.92,CASE-2026-204
VEH-EXT-003148,P036,DL19RP402,2026-08-04T02:03:00,L044,USED,0.869,CASE-2026-201
VEH-EXT-003149,P042,DL11LW2713,2026-08-29T08:33:00,L048,SEEN_NEAR,0.829,CASE-2026-202
VEH-EXT-003150,P028,DL43ON9088,2026-08-09T09:31:00,L004,USED,0.91,CASE-2026-203
VEH-EXT-003151,P006,DL04ES2001,2026-08-27T00:15:00,L010,USED,0.825,CASE-2026-204
VEH-EXT-003152,P090,DL66UN3298,2026-08-12T01:09:00,L009,USED,0.963,CASE-2026-201
VEH-EXT-003153,P001,DL27TR2259,2026-08-20T22:18:00,L038,REGISTERED_TO,0.865,CASE-2026-202
VEH-EXT-003154,P043,DL55HK5801,2026-08-16T08:16:00,L026,SEEN_NEAR,0.907,CASE-2026-203
VEH-EXT-003155,P090,DL39GZ1214,2026-08-31T16:14:00,L001,REGISTERED_TO,0.977,CASE-2026-204
VEH-EXT-003156,P115,DL87UB2945,2026-08-12T16:25:00,L018,USED,0.85,CASE-2026-201
VEH-EXT-003157,P098,DL64KI2394,2026-08-10T03:35:00,L048,REGISTERED_TO,0.893,CASE-2026-202
VEH-EXT-003158,P035,DL91QF4618,2026-08-09T09:01:00,L046,SEEN_NEAR,0.872,CASE-2026-203
VEH-EXT-003159,P072,DL92OY5424,2026-08-07T12:04:00,L056,REGISTERED_TO,0.85,CASE-2026-204
VEH-EXT-003160,P076,DL55MZ1375,2026-08-03T07:10:00,L046,SEEN_NEAR,0.96,CASE-2026-201
VEH-EXT-003161,P099,DL81WK7335,2026-08-21T21:25:00,L019,USED,0.951,CASE-2026-202
VEH-EXT-003162,P092,DL29NQ1521,2026-08-09T15:17:00,L035,SEEN_NEAR,0.817,CASE-2026-203
VEH-EXT-003163,P082,DL24MH626,2026-08-08T02:31:00,L009,USED,0.861,CASE-2026-204
VEH-EXT-003164,P019,DL54IH5621,2026-08-31T03:26:00,L024,USED,0.917,CASE-2026-201
VEH-EXT-003165,P061,DL47TY509,2026-08-14T16:22:00,L018,USED,0.898,CASE-2026-202
VEH-EXT-003166,P036,DL34VM1567,2026-08-11T10:33:00,L056,USED,0.901,CASE-2026-203
VEH-EXT-003167,P078,DL55HK5801,2026-08-03T05:55:00,L020,USED,0.953,CASE-2026-204
VEH-EXT-003168,P044,DL52CI2878,2026-08-07T22:46:00,L044,REGISTERED_TO,0.899,CASE-2026-201
VEH-EXT-003169,P119,DL54IH5621,2026-08-15T22:47:00,L009,SEEN_NEAR,0.89,CASE-2026-202
VEH-EXT-003170,P102,DL04ES2001,2026-08-19T15:55:00,L054,USED,0.852,CASE-2026-203
VEH-EXT-003171,P017,DL09NH8413,2026-08-12T01:58:00,L021,REGISTERED_TO,0.837,CASE-2026-204
VEH-EXT-003172,P027,DL81WK7335,2026-08-23T04:03:00,L014,SEEN_NEAR,0.98,CASE-2026-201
VEH-EXT-003173,P067,DL32ME5177,2026-08-03T04:33:00,L033,USED,0.984,CASE-2026-202
VEH-EXT-003174,P113,DL47RB786,2026-08-14T09:01:00,L014,REGISTERED_TO,0.875,CASE-2026-203
VEH-EXT-003175,P046,DL49SF8485,2026-08-07T21:00:00,L055,SEEN_NEAR,0.868,CASE-2026-204
VEH-EXT-003176,P098,DL05LU5710,2026-08-19T19:03:00,L059,USED,0.908,CASE-2026-201
VEH-EXT-003177,P038,DL35GZ4233,2026-08-02T19:29:00,L046,SEEN_NEAR,0.984,CASE-2026-202
VEH-EXT-003178,P075,DL75AQ7501,2026-08-27T14:54:00,L017,REGISTERED_TO,0.864,CASE-2026-203
VEH-EXT-003179,P114,DL11RY5327,2026-08-08T16:48:00,L029,SEEN_NEAR,0.957,CASE-2026-204
VEH-EXT-003180,P090,DL50AJ3222,2026-08-07T05:04:00,L036,SEEN_NEAR,0.983,CASE-2026-201
VEH-EXT-003181,P022,DL49SF8485,2026-08-03T20:52:00,L030,USED,0.858,CASE-2026-202
VEH-EXT-003182,P081,DL90BO260,2026-08-20T02:12:00,L037,REGISTERED_TO,0.974,CASE-2026-203
VEH-EXT-003183,P075,DL91QF4618,2026-08-14T01:49:00,L059,REGISTERED_TO,0.837,CASE-2026-204
VEH-EXT-003184,P040,DL02DI9818,2026-08-14T15:38:00,L003,REGISTERED_TO,0.937,CASE-2026-201
VEH-EXT-003185,P105,DL02HV3719,2026-08-11T18:29:00,L060,REGISTERED_TO,0.829,CASE-2026-202
VEH-EXT-003186,P110,DL39KO3630,2026-08-26T06:01:00,L046,USED,0.946,CASE-2026-203
VEH-EXT-003187,P107,DL44KV6735,2026-08-08T00:56:00,L056,USED,0.831,CASE-2026-204
VEH-EXT-003188,P070,DL02DI9818,2026-08-22T02:06:00,L003,REGISTERED_TO,0.904,CASE-2026-201
VEH-EXT-003189,P003,DL35GZ4233,2026-08-06T14:14:00,L015,SEEN_NEAR,0.871,CASE-2026-202
VEH-EXT-003190,P110,DL35GZ4233,2026-08-11T02:18:00,L022,USED,0.968,CASE-2026-203
VEH-EXT-003191,P109,DL05LU5710,2026-08-07T10:27:00,L051,REGISTERED_TO,0.872,CASE-2026-204
VEH-EXT-003192,P010,DL86XA3578,2026-08-16T23:49:00,L040,SEEN_NEAR,0.958,CASE-2026-201
VEH-EXT-003193,P042,DL47TY509,2026-08-30T04:32:00,L030,USED,0.906,CASE-2026-202
VEH-EXT-003194,P089,DL57KK8244,2026-08-20T03:11:00,L001,REGISTERED_TO,0.852,CASE-2026-203
VEH-EXT-003195,P085,DL07HB2247,2026-08-15T04:43:00,L016,REGISTERED_TO,0.967,CASE-2026-204
VEH-EXT-003196,P105,DL32ME5177,2026-08-07T04:09:00,L005,SEEN_NEAR,0.856,CASE-2026-201
VEH-EXT-003197,P107,DL32ME5177,2026-08-25T20:41:00,L031,SEEN_NEAR,0.851,CASE-2026-202
VEH-EXT-003198,P090,DL86XA3578,2026-08-11T15:03:00,L048,SEEN_NEAR,0.892,CASE-2026-203
VEH-EXT-003199,P102,DL75AQ7501,2026-08-12T21:55:00,L013,USED,0.929,CASE-2026-204
VEH-EXT-003200,P073,DL64KI2394,2026-08-02T20:40:00,L001,REGISTERED_TO,0.922,CASE-2026-201
VEH-EXT-003201,P043,DL02DI9818,2026-08-07T07:03:00,L037,SEEN_NEAR,0.858,CASE-2026-202
VEH-EXT-003202,P068,DL66UN3298,2026-08-02T21:47:00,L051,USED,0.983,CASE-2026-203
VEH-EXT-003203,P054,DL90BO260,2026-08-04T21:56:00,L008,REGISTERED_TO,0.966,CASE-2026-204
VEH-EXT-003204,P033,DL11RY5327,2026-08-18T20:24:00,L001,REGISTERED_TO,0.904,CASE-2026-201
VEH-EXT-003205,P068,DL95WC1257,2026-08-13T15:42:00,L042,USED,0.809,CASE-2026-202
VEH-EXT-003206,P071,DL54IS4434,2026-08-08T09:14:00,L043,REGISTERED_TO,0.929,CASE-2026-203
VEH-EXT-003207,P015,DL04JV9196,2026-08-26T12:59:00,L022,SEEN_NEAR,0.886,CASE-2026-204
VEH-EXT-003208,P102,DL87WU7148,2026-08-13T22:09:00,L054,USED,0.92,CASE-2026-201
VEH-EXT-003209,P048,DL04ES2001,2026-08-28T08:10:00,L049,USED,0.925,CASE-2026-202
VEH-EXT-003210,P025,DL09HU7907,2026-08-13T16:53:00,L051,USED,0.841,CASE-2026-203
VEH-EXT-003211,P030,DL41GX5949,2026-08-04T15:58:00,L045,USED,0.954,CASE-2026-204
VEH-EXT-003212,P103,DL27TR2259,2026-08-29T04:27:00,L058,REGISTERED_TO,0.869,CASE-2026-201
VEH-EXT-003213,P034,DL86XA3578,2026-08-15T06:07:00,L056,REGISTERED_TO,0.835,CASE-2026-202
VEH-EXT-003214,P015,DL63HW1705,2026-08-20T01:05:00,L008,REGISTERED_TO,0.969,CASE-2026-203
VEH-EXT-003215,P048,DL25EU426,2026-08-25T09:32:00,L060,USED,0.937,CASE-2026-204
VEH-EXT-003216,P069,DL66UN3298,2026-08-07T02:39:00,L060,USED,0.883,CASE-2026-201
VEH-EXT-003217,P020,DL66UN3298,2026-08-09T05:19:00,L030,SEEN_NEAR,0.83,CASE-2026-202
VEH-EXT-003218,P029,DL39GZ1214,2026-08-12T09:59:00,L042,SEEN_NEAR,0.902,CASE-2026-203
VEH-EXT-003219,P059,DL39GZ1214,2026-08-16T18:05:00,L058,SEEN_NEAR,0.978,CASE-2026-204
VEH-EXT-003220,P022,DL75AQ7501,2026-08-09T08:30:00,L055,SEEN_NEAR,0.822,CASE-2026-201
VEH-EXT-003221,P068,DL02HV3719,2026-08-23T00:06:00,L014,REGISTERED_TO,0.815,CASE-2026-202
VEH-EXT-003222,P087,DL40GM3739,2026-08-14T19:41:00,L029,REGISTERED_TO,0.895,CASE-2026-203
VEH-EXT-003223,P070,DL04JV9196,2026-08-31T09:06:00,L041,SEEN_NEAR,0.84,CASE-2026-204
VEH-EXT-003224,P049,DL86XA3578,2026-08-11T00:09:00,L053,REGISTERED_TO,0.941,CASE-2026-201
VEH-EXT-003225,P090,DL78RJ114,2026-08-02T13:17:00,L003,SEEN_NEAR,0.91,CASE-2026-202
VEH-EXT-003226,P059,DL85LZ6022,2026-08-30T00:37:00,L003,SEEN_NEAR,0.841,CASE-2026-203
VEH-EXT-003227,P057,DL79FI6946,2026-08-18T17:46:00,L020,SEEN_NEAR,0.98,CASE-2026-204
VEH-EXT-003228,P014,DL02DI9818,2026-08-29T04:30:00,L028,SEEN_NEAR,0.986,CASE-2026-201
VEH-EXT-003229,P069,DL96VS1319,2026-08-28T11:08:00,L024,SEEN_NEAR,0.945,CASE-2026-202
VEH-EXT-003230,P116,DL40KE1882,2026-08-07T11:45:00,L037,REGISTERED_TO,0.895,CASE-2026-203
VEH-EXT-003231,P053,DL63HW1705,2026-08-29T11:10:00,L050,REGISTERED_TO,0.903,CASE-2026-204
VEH-EXT-003232,P031,DL41GX5949,2026-08-31T15:18:00,L024,USED,0.814,CASE-2026-201
VEH-EXT-003233,P111,DL63HW1705,2026-08-28T04:16:00,L020,REGISTERED_TO,0.976,CASE-2026-202
VEH-EXT-003234,P116,DL97KE9646,2026-08-05T15:11:00,L055,USED,0.964,CASE-2026-203
VEH-EXT-003235,P062,DL90JQ8495,2026-08-13T03:33:00,L010,USED,0.989,CASE-2026-204
VEH-EXT-003236,P040,DL82IT8140,2026-08-10T13:26:00,L005,SEEN_NEAR,0.874,CASE-2026-201
VEH-EXT-003237,P069,DL86XA3578,2026-08-23T08:36:00,L020,SEEN_NEAR,0.911,CASE-2026-202
VEH-EXT-003238,P026,DL60HV9768,2026-08-29T08:45:00,L039,REGISTERED_TO,0.836,CASE-2026-203
VEH-EXT-003239,P074,DL87UB2945,2026-08-02T16:00:00,L009,SEEN_NEAR,0.917,CASE-2026-204
VEH-EXT-003240,P087,DL11RY5327,2026-08-23T03:39:00,L037,USED,0.861,CASE-2026-201
VEH-EXT-003241,P057,DL82IT8140,2026-08-10T01:51:00,L047,USED,0.834,CASE-2026-202
VEH-EXT-003242,P035,DL28QO9746,2026-08-24T10:31:00,L024,REGISTERED_TO,0.957,CASE-2026-203
VEH-EXT-003243,P077,DL64KI2394,2026-08-24T18:34:00,L005,USED,0.977,CASE-2026-204
VEH-EXT-003244,P119,DL60UM9514,2026-08-06T02:36:00,L008,SEEN_NEAR,0.858,CASE-2026-201
VEH-EXT-003245,P077,DL43ON9088,2026-08-26T21:39:00,L033,USED,0.81,CASE-2026-202
VEH-EXT-003246,P090,DL54IH5621,2026-08-18T18:24:00,L014,SEEN_NEAR,0.956,CASE-2026-203
VEH-EXT-003247,P055,DL11RY5327,2026-08-07T08:15:00,L029,SEEN_NEAR,0.986,CASE-2026-204
VEH-EXT-003248,P077,DL40GM3739,2026-08-30T08:21:00,L051,REGISTERED_TO,0.829,CASE-2026-201
VEH-EXT-003249,P041,DL08LO7279,2026-08-26T02:32:00,L056,SEEN_NEAR,0.881,CASE-2026-202
VEH-EXT-003250,P024,DL29NQ1521,2026-08-11T02:40:00,L052,REGISTERED_TO,0.881,CASE-2026-203
VEH-EXT-003251,P014,DL45KA6894,2026-08-17T11:40:00,L018,USED,0.856,CASE-2026-204
VEH-EXT-003252,P042,DL11RY5327,2026-08-09T15:16:00,L036,REGISTERED_TO,0.917,CASE-2026-201
VEH-EXT-003253,P037,DL85LZ6022,2026-08-09T09:24:00,L035,USED,0.841,CASE-2026-202
VEH-EXT-003254,P099,DL29HQ8356,2026-08-22T16:05:00,L021,USED,0.829,CASE-2026-203
VEH-EXT-003255,P089,DL82LI7730,2026-08-02T11:46:00,L039,SEEN_NEAR,0.95,CASE-2026-204
VEH-EXT-003256,P060,DL82IT8140,2026-08-22T15:37:00,L010,REGISTERED_TO,0.911,CASE-2026-201
VEH-EXT-003257,P053,DL37ZL3820,2026-08-21T15:58:00,L020,USED,0.822,CASE-2026-202
VEH-EXT-003258,P118,DL66UN3298,2026-08-05T11:35:00,L030,REGISTERED_TO,0.855,CASE-2026-203
VEH-EXT-003259,P034,DL04PO5412,2026-08-18T09:39:00,L026,USED,0.871,CASE-2026-204
VEH-EXT-003260,P057,DL40KE1882,2026-08-31T02:27:00,L003,SEEN_NEAR,0.87,CASE-2026-201
VEH-EXT-003261,P036,DL28QO9746,2026-08-16T08:47:00,L044,USED,0.896,CASE-2026-202
VEH-EXT-003262,P011,DL32ME5177,2026-08-19T19:27:00,L016,USED,0.801,CASE-2026-203
VEH-EXT-003263,P037,DL23OP9685,2026-08-17T12:20:00,L054,USED,0.843,CASE-2026-204
VEH-EXT-003264,P075,DL11LW2713,2026-08-02T02:12:00,L026,USED,0.913,CASE-2026-201
VEH-EXT-003265,P096,DL90JQ8495,2026-08-08T20:34:00,L006,SEEN_NEAR,0.981,CASE-2026-202
VEH-EXT-003266,P114,DL52CI2878,2026-08-15T02:03:00,L048,SEEN_NEAR,0.937,CASE-2026-203
VEH-EXT-003267,P091,DL87UB2945,2026-08-28T17:59:00,L007,USED,0.811,CASE-2026-204
VEH-EXT-003268,P049,DL25EU426,2026-08-03T05:53:00,L021,USED,0.833,CASE-2026-201
VEH-EXT-003269,P076,DL62IT2591,2026-08-16T12:20:00,L033,REGISTERED_TO,0.86,CASE-2026-202
VEH-EXT-003270,P007,DL39GZ1214,2026-08-12T07:10:00,L050,SEEN_NEAR,0.967,CASE-2026-203
VEH-EXT-003271,P092,DL82LI7730,2026-08-31T02:55:00,L012,SEEN_NEAR,0.944,CASE-2026-204
VEH-EXT-003272,P076,DL05LU5710,2026-08-19T00:04:00,L037,SEEN_NEAR,0.866,CASE-2026-201
VEH-EXT-003273,P082,DL44KV6735,2026-08-18T03:24:00,L044,SEEN_NEAR,0.89,CASE-2026-202
VEH-EXT-003274,P061,DL55MZ1375,2026-08-08T03:53:00,L013,SEEN_NEAR,0.98,CASE-2026-203
VEH-EXT-003275,P086,DL04JV9196,2026-08-12T08:19:00,L048,SEEN_NEAR,0.983,CASE-2026-204
VEH-EXT-003276,P010,DL57KK8244,2026-08-09T16:39:00,L005,REGISTERED_TO,0.97,CASE-2026-201
VEH-EXT-003277,P108,DL90JQ8495,2026-08-25T21:04:00,L007,REGISTERED_TO,0.953,CASE-2026-202
VEH-EXT-003278,P103,DL75AQ7501,2026-08-31T21:04:00,L042,USED,0.897,CASE-2026-203
VEH-EXT-003279,P120,DL44KV6735,2026-08-28T00:14:00,L015,REGISTERED_TO,0.933,CASE-2026-204
VEH-EXT-003280,P018,DL29HQ8356,2026-08-11T21:46:00,L008,REGISTERED_TO,0.865,CASE-2026-201
VEH-EXT-003281,P076,DL85LZ6022,2026-08-31T01:18:00,L039,SEEN_NEAR,0.989,CASE-2026-202
VEH-EXT-003282,P025,DL87WU7148,2026-08-22T19:45:00,L023,SEEN_NEAR,0.85,CASE-2026-203
VEH-EXT-003283,P104,DL39KO3630,2026-08-05T16:18:00,L014,REGISTERED_TO,0.863,CASE-2026-204
VEH-EXT-003284,P029,DL54IH5621,2026-08-19T13:59:00,L044,SEEN_NEAR,0.816,CASE-2026-201
VEH-EXT-003285,P081,DL39KO3630,2026-08-09T10:57:00,L003,SEEN_NEAR,0.843,CASE-2026-202
VEH-EXT-003286,P098,DL40GM3739,2026-08-27T05:59:00,L054,SEEN_NEAR,0.812,CASE-2026-203
VEH-EXT-003287,P081,DL27TR2259,2026-08-08T14:02:00,L053,USED,0.874,CASE-2026-204
VEH-EXT-003288,P017,DL76KI5135,2026-08-13T20:52:00,L039,USED,0.935,CASE-2026-201
VEH-EXT-003289,P099,DL11RY5327,2026-08-28T01:36:00,L037,SEEN_NEAR,0.861,CASE-2026-202
VEH-EXT-003290,P044,DL52CI2878,2026-08-25T12:44:00,L023,USED,0.834,CASE-2026-203
VEH-EXT-003291,P014,DL44KV6735,2026-08-07T08:15:00,L016,USED,0.934,CASE-2026-204
VEH-EXT-003292,P023,DL85LZ6022,2026-08-15T04:47:00,L036,REGISTERED_TO,0.803,CASE-2026-201
VEH-EXT-003293,P008,DL55HK5801,2026-08-13T13:19:00,L019,SEEN_NEAR,0.871,CASE-2026-202
VEH-EXT-003294,P060,DL86XA3578,2026-08-18T04:26:00,L011,SEEN_NEAR,0.897,CASE-2026-203
VEH-EXT-003295,P020,DL85LZ6022,2026-08-03T20:37:00,L049,USED,0.911,CASE-2026-204
VEH-EXT-003296,P100,DL43ON9088,2026-08-15T03:37:00,L027,USED,0.961,CASE-2026-201
VEH-EXT-003297,P057,DL88SX6044,2026-08-15T11:21:00,L032,SEEN_NEAR,0.853,CASE-2026-202
VEH-EXT-003298,P010,DL09HU7907,2026-08-03T23:32:00,L023,REGISTERED_TO,0.984,CASE-2026-203
VEH-EXT-003299,P106,DL90JQ8495,2026-08-23T02:11:00,L034,REGISTERED_TO,0.867,CASE-2026-204
VEH-EXT-003300,P102,DL39KO3630,2026-08-31T12:04:00,L024,USED,0.988,CASE-2026-201
VEH-EXT-003301,P076,DL25EU426,2026-08-23T19:06:00,L056,SEEN_NEAR,0.84,CASE-2026-202
VEH-EXT-003302,P111,DL47TY509,2026-08-24T01:52:00,L032,REGISTERED_TO,0.979,CASE-2026-203
VEH-EXT-003303,P101,DL60HV9768,2026-08-12T05:25:00,L053,SEEN_NEAR,0.964,CASE-2026-204
VEH-EXT-003304,P039,DL29NQ1521,2026-08-22T01:13:00,L043,REGISTERED_TO,0.868,CASE-2026-201
VEH-EXT-003305,P064,DL87UB2945,2026-08-09T09:28:00,L037,SEEN_NEAR,0.866,CASE-2026-202
VEH-EXT-003306,P037,DL47TY509,2026-08-16T22:24:00,L047,USED,0.941,CASE-2026-203
VEH-EXT-003307,P065,DL90JQ8495,2026-08-02T19:25:00,L056,USED,0.817,CASE-2026-204
VEH-EXT-003308,P059,DL90JQ8495,2026-08-04T00:57:00,L033,SEEN_NEAR,0.966,CASE-2026-201
VEH-EXT-003309,P008,DL37ZL3820,2026-08-30T05:47:00,L042,REGISTERED_TO,0.908,CASE-2026-202
VEH-EXT-003310,P115,DL82LI7730,2026-08-23T05:32:00,L029,SEEN_NEAR,0.854,CASE-2026-203
VEH-EXT-003311,P106,DL35GZ4233,2026-08-17T22:57:00,L002,SEEN_NEAR,0.887,CASE-2026-204
VEH-EXT-003312,P058,DL60HV9768,2026-08-11T06:47:00,L032,USED,0.931,CASE-2026-201
VEH-EXT-003313,P068,DL39UR4920,2026-08-15T08:46:00,L018,SEEN_NEAR,0.812,CASE-2026-202
VEH-EXT-003314,P011,DL75AQ7501,2026-08-15T08:48:00,L038,REGISTERED_TO,0.951,CASE-2026-203
VEH-EXT-003315,P089,DL86XA3578,2026-08-04T01:52:00,L017,SEEN_NEAR,0.831,CASE-2026-204
VEH-EXT-003316,P114,DL08LO7279,2026-08-12T21:01:00,L043,SEEN_NEAR,0.859,CASE-2026-201
VEH-EXT-003317,P037,DL78RJ114,2026-08-02T13:08:00,L050,REGISTERED_TO,0.887,CASE-2026-202
VEH-EXT-003318,P110,DL45KA6894,2026-08-22T06:35:00,L043,REGISTERED_TO,0.828,CASE-2026-203
VEH-EXT-003319,P065,DL96VS1319,2026-08-18T09:47:00,L032,SEEN_NEAR,0.86,CASE-2026-204
VEH-EXT-003320,P018,DL87WU7148,2026-08-04T04:40:00,L060,USED,0.8,CASE-2026-201
VEH-EXT-003321,P053,DL39KO3630,2026-08-27T07:05:00,L024,REGISTERED_TO,0.889,CASE-2026-202
VEH-EXT-003322,P082,DL95WC1257,2026-08-04T04:01:00,L013,REGISTERED_TO,0.988,CASE-2026-203
VEH-EXT-003323,P037,DL63HW1705,2026-08-30T04:46:00,L014,USED,0.824,CASE-2026-204
VEH-EXT-003324,P089,DL64KI2394,2026-08-10T22:10:00,L036,REGISTERED_TO,0.951,CASE-2026-201
VEH-EXT-003325,P083,DL55HK5801,2026-08-07T04:46:00,L025,REGISTERED_TO,0.919,CASE-2026-202
VEH-EXT-003326,P036,DL19RP402,2026-08-08T00:14:00,L035,USED,0.887,CASE-2026-203
VEH-EXT-003327,P118,DL16HB2805,2026-08-05T09:18:00,L014,REGISTERED_TO,0.854,CASE-2026-204
VEH-EXT-003328,P055,DL16HB2805,2026-08-08T17:16:00,L035,REGISTERED_TO,0.905,CASE-2026-201
VEH-EXT-003329,P021,DL50AJ3222,2026-08-03T01:03:00,L026,REGISTERED_TO,0.959,CASE-2026-202
VEH-EXT-003330,P099,DL96VS1319,2026-08-19T00:02:00,L050,REGISTERED_TO,0.829,CASE-2026-203
VEH-EXT-003331,P106,DL35GZ4233,2026-08-14T21:28:00,L051,USED,0.91,CASE-2026-204
VEH-EXT-003332,P117,DL81KA7608,2026-08-04T19:30:00,L009,SEEN_NEAR,0.905,CASE-2026-201
VEH-EXT-003333,P022,DL81WK7335,2026-08-05T18:12:00,L003,USED,0.984,CASE-2026-202
VEH-EXT-003334,P075,DL47TY509,2026-08-11T07:09:00,L010,USED,0.985,CASE-2026-203
VEH-EXT-003335,P052,DL35GZ4233,2026-08-15T15:42:00,L025,SEEN_NEAR,0.951,CASE-2026-204
VEH-EXT-003336,P016,DL19RP402,2026-08-07T03:07:00,L013,REGISTERED_TO,0.895,CASE-2026-201
VEH-EXT-003337,P081,DL44KV6735,2026-08-04T08:42:00,L026,USED,0.894,CASE-2026-202
VEH-EXT-003338,P102,DL45KA6894,2026-08-10T01:33:00,L007,USED,0.802,CASE-2026-203
VEH-EXT-003339,P098,DL30XV997,2026-08-07T00:48:00,L013,USED,0.981,CASE-2026-204
VEH-EXT-003340,P071,DL81KA7608,2026-08-30T04:37:00,L022,REGISTERED_TO,0.921,CASE-2026-201
VEH-EXT-003341,P062,DL63HW1705,2026-08-24T23:06:00,L029,USED,0.877,CASE-2026-202
VEH-EXT-003342,P105,DL32ME5177,2026-08-01T00:19:00,L047,REGISTERED_TO,0.841,CASE-2026-203
VEH-EXT-003343,P098,DL02DI9818,2026-08-24T08:00:00,L021,USED,0.92,CASE-2026-204
VEH-EXT-003344,P062,DL30XV997,2026-08-10T22:34:00,L016,SEEN_NEAR,0.976,CASE-2026-201
VEH-EXT-003345,P080,DL37ZL3820,2026-08-31T06:19:00,L011,SEEN_NEAR,0.886,CASE-2026-202
VEH-EXT-003346,P103,DL95WC1257,2026-08-16T13:01:00,L060,SEEN_NEAR,0.986,CASE-2026-203
VEH-EXT-003347,P062,DL09HU7907,2026-08-30T21:30:00,L049,USED,0.975,CASE-2026-204
VEH-EXT-003348,P022,DL32TC7932,2026-08-11T12:05:00,L016,USED,0.874,CASE-2026-201
VEH-EXT-003349,P081,DL54IS4434,2026-08-12T05:27:00,L021,REGISTERED_TO,0.937,CASE-2026-202
VEH-EXT-003350,P052,DL27TR2259,2026-08-23T13:52:00,L046,SEEN_NEAR,0.958,CASE-2026-203
VEH-EXT-003351,P063,DL83IA4683,2026-08-18T21:56:00,L034,SEEN_NEAR,0.986,CASE-2026-204
VEH-EXT-003352,P021,DL76KI5135,2026-08-14T21:25:00,L002,SEEN_NEAR,0.876,CASE-2026-201
VEH-EXT-003353,P022,DL37ZL3820,2026-08-20T06:56:00,L032,SEEN_NEAR,0.918,CASE-2026-202
VEH-EXT-003354,P061,DL85LZ6022,2026-08-31T20:39:00,L019,USED,0.915,CASE-2026-203
VEH-EXT-003355,P105,DL62IT2591,2026-08-19T23:36:00,L048,REGISTERED_TO,0.877,CASE-2026-204
VEH-EXT-003356,P079,DL35GZ4233,2026-08-14T06:11:00,L012,REGISTERED_TO,0.921,CASE-2026-201
VEH-EXT-003357,P068,DL47TY509,2026-08-06T12:08:00,L045,REGISTERED_TO,0.886,CASE-2026-202
VEH-EXT-003358,P026,DL11LW2713,2026-08-12T18:05:00,L001,USED,0.912,CASE-2026-203
VEH-EXT-003359,P041,DL54IS4434,2026-08-29T12:59:00,L033,REGISTERED_TO,0.873,CASE-2026-204
VEH-EXT-003360,P103,DL54IH5621,2026-08-29T06:05:00,L035,SEEN_NEAR,0.895,CASE-2026-201
VEH-EXT-003361,P107,DL32TC7932,2026-08-29T09:38:00,L033,SEEN_NEAR,0.807,CASE-2026-202
VEH-EXT-003362,P092,DL29HQ8356,2026-08-03T20:42:00,L036,REGISTERED_TO,0.958,CASE-2026-203
VEH-EXT-003363,P052,DL02DI9818,2026-08-28T08:19:00,L053,USED,0.967,CASE-2026-204
VEH-EXT-003364,P031,DL21CR2848,2026-08-09T08:31:00,L047,SEEN_NEAR,0.815,CASE-2026-201
VEH-EXT-003365,P080,DL29HQ8356,2026-08-10T07:50:00,L001,SEEN_NEAR,0.966,CASE-2026-202
VEH-EXT-003366,P007,DL95WC1257,2026-08-03T07:09:00,L034,REGISTERED_TO,0.849,CASE-2026-203
VEH-EXT-003367,P013,DL40KE1882,2026-08-27T01:13:00,L039,SEEN_NEAR,0.927,CASE-2026-204
VEH-EXT-003368,P014,DL44KV6735,2026-08-22T03:40:00,L018,REGISTERED_TO,0.808,CASE-2026-201
VEH-EXT-003369,P112,DL65MS3221,2026-08-22T10:03:00,L025,REGISTERED_TO,0.983,CASE-2026-202
VEH-EXT-003370,P032,DL32ME5177,2026-08-31T06:12:00,L008,SEEN_NEAR,0.844,CASE-2026-203
VEH-EXT-003371,P018,DL02DI9818,2026-08-22T15:54:00,L022,USED,0.952,CASE-2026-204
VEH-EXT-003372,P065,DL54IH5621,2026-08-14T04:16:00,L057,USED,0.956,CASE-2026-201
VEH-EXT-003373,P100,DL04ES2001,2026-08-27T19:27:00,L048,USED,0.964,CASE-2026-202
VEH-EXT-003374,P052,DL76KI5135,2026-08-08T23:49:00,L015,SEEN_NEAR,0.975,CASE-2026-203
VEH-EXT-003375,P059,DL50AJ3222,2026-08-21T06:36:00,L022,SEEN_NEAR,0.978,CASE-2026-204
VEH-EXT-003376,P043,DL95WC1257,2026-08-06T18:10:00,L026,USED,0.847,CASE-2026-201
VEH-EXT-003377,P066,DL34VM1567,2026-08-07T01:45:00,L035,SEEN_NEAR,0.896,CASE-2026-202
VEH-EXT-003378,P031,DL40GM3739,2026-08-15T20:16:00,L060,USED,0.844,CASE-2026-203
VEH-EXT-003379,P087,DL79FI6946,2026-08-11T20:24:00,L017,SEEN_NEAR,0.908,CASE-2026-204
VEH-EXT-003380,P058,DL88TU6321,2026-08-07T07:38:00,L028,USED,0.807,CASE-2026-201
VEH-EXT-003381,P023,DL04PO5412,2026-08-07T10:06:00,L026,USED,0.821,CASE-2026-202
VEH-EXT-003382,P075,DL66UN3298,2026-08-07T00:40:00,L050,USED,0.887,CASE-2026-203
VEH-EXT-003383,P058,DL76KI5135,2026-08-06T10:03:00,L018,REGISTERED_TO,0.951,CASE-2026-204
VEH-EXT-003384,P034,DL24MH626,2026-08-30T08:10:00,L009,REGISTERED_TO,0.911,CASE-2026-201
VEH-EXT-003385,P064,DL08LO7279,2026-08-29T05:09:00,L044,REGISTERED_TO,0.949,CASE-2026-202
VEH-EXT-003386,P041,DL02HV3719,2026-08-14T00:06:00,L050,REGISTERED_TO,0.89,CASE-2026-203
VEH-EXT-003387,P058,DL88TU6321,2026-08-30T08:50:00,L033,USED,0.985,CASE-2026-204
VEH-EXT-003388,P102,DL96VS1319,2026-08-29T15:06:00,L028,REGISTERED_TO,0.932,CASE-2026-201
VEH-EXT-003389,P051,DL91QF4618,2026-08-16T03:02:00,L010,SEEN_NEAR,0.948,CASE-2026-202
VEH-EXT-003390,P059,DL24MH626,2026-08-14T17:56:00,L020,USED,0.853,CASE-2026-203
VEH-EXT-003391,P110,DL08OD4328,2026-08-07T18:24:00,L059,USED,0.809,CASE-2026-204
VEH-EXT-003392,P063,DL88SX6044,2026-08-12T18:10:00,L004,SEEN_NEAR,0.874,CASE-2026-201
VEH-EXT-003393,P041,DL87UB2945,2026-08-07T06:39:00,L007,SEEN_NEAR,0.941,CASE-2026-202
VEH-EXT-003394,P086,DL04PO5412,2026-08-11T20:35:00,L031,REGISTERED_TO,0.932,CASE-2026-203
VEH-EXT-003395,P024,DL04PO5412,2026-08-07T13:31:00,L057,USED,0.919,CASE-2026-204
VEH-EXT-003396,P085,DL88TU6321,2026-08-18T08:40:00,L046,REGISTERED_TO,0.917,CASE-2026-201
VEH-EXT-003397,P003,DL57KK8244,2026-08-22T19:53:00,L042,REGISTERED_TO,0.927,CASE-2026-202
VEH-EXT-003398,P013,DL19RP402,2026-08-30T23:02:00,L054,SEEN_NEAR,0.987,CASE-2026-203
VEH-EXT-003399,P005,DL30XV997,2026-08-13T19:12:00,L051,SEEN_NEAR,0.808,CASE-2026-204
VEH-EXT-003400,P089,DL95WC1257,2026-08-17T15:19:00,L013,USED,0.88,CASE-2026-201
VEH-EXT-003401,P084,DL89YG8738,2026-08-24T15:52:00,L007,USED,0.85,CASE-2026-202
VEH-EXT-003402,P047,DL47RB786,2026-08-07T19:04:00,L039,USED,0.929,CASE-2026-203
VEH-EXT-003403,P052,DL39UR4920,2026-08-15T23:49:00,L031,USED,0.851,CASE-2026-204
VEH-EXT-003404,P111,DL83IA4683,2026-08-24T05:42:00,L033,SEEN_NEAR,0.805,CASE-2026-201
VEH-EXT-003405,P018,DL37ZL3820,2026-08-18T02:38:00,L041,SEEN_NEAR,0.932,CASE-2026-202
VEH-EXT-003406,P043,DL32ME5177,2026-08-16T16:48:00,L008,USED,0.912,CASE-2026-203
VEH-EXT-003407,P018,DL95WC1257,2026-08-12T09:38:00,L016,USED,0.897,CASE-2026-204
VEH-EXT-003408,P112,DL63HW1705,2026-08-08T14:06:00,L051,REGISTERED_TO,0.851,CASE-2026-201
VEH-EXT-003409,P079,DL45KA6894,2026-08-01T23:05:00,L021,SEEN_NEAR,0.974,CASE-2026-202
VEH-EXT-003410,P075,DL62IT2591,2026-08-13T22:16:00,L053,USED,0.867,CASE-2026-203
VEH-EXT-003411,P052,DL62IT2591,2026-08-15T00:07:00,L005,REGISTERED_TO,0.915,CASE-2026-204
VEH-EXT-003412,P039,DL24MH626,2026-08-26T14:34:00,L001,USED,0.836,CASE-2026-201
VEH-EXT-003413,P014,DL05LU5710,2026-08-06T20:06:00,L035,REGISTERED_TO,0.903,CASE-2026-202
VEH-EXT-003414,P069,DL29HQ8356,2026-08-19T11:52:00,L057,USED,0.975,CASE-2026-203
VEH-EXT-003415,P106,DL81WK7335,2026-08-07T20:13:00,L043,USED,0.8,CASE-2026-204
VEH-EXT-003416,P040,DL23OP9685,2026-08-08T14:35:00,L055,REGISTERED_TO,0.942,CASE-2026-201
VEH-EXT-003417,P117,DL66UN3298,2026-08-20T05:53:00,L031,REGISTERED_TO,0.808,CASE-2026-202
VEH-EXT-003418,P062,DL62IT2591,2026-08-25T16:38:00,L026,SEEN_NEAR,0.979,CASE-2026-203
VEH-EXT-003419,P008,DL81WK7335,2026-08-24T19:27:00,L053,SEEN_NEAR,0.88,CASE-2026-204
VEH-EXT-003420,P014,DL43ON9088,2026-08-28T00:51:00,L017,SEEN_NEAR,0.815,CASE-2026-201
VEH-EXT-003421,P113,DL55HK5801,2026-08-06T18:35:00,L025,REGISTERED_TO,0.911,CASE-2026-202
VEH-EXT-003422,P069,DL60HV9768,2026-08-01T06:41:00,L059,SEEN_NEAR,0.949,CASE-2026-203
VEH-EXT-003423,P050,DL30XV997,2026-08-06T18:05:00,L033,REGISTERED_TO,0.956,CASE-2026-204
VEH-EXT-003424,P106,DL91QF4618,2026-08-18T02:54:00,L028,REGISTERED_TO,0.889,CASE-2026-201
VEH-EXT-003425,P032,DL23OP9685,2026-08-11T20:26:00,L046,SEEN_NEAR,0.903,CASE-2026-202
VEH-EXT-003426,P119,DL25EU426,2026-08-11T18:28:00,L041,USED,0.91,CASE-2026-203
VEH-EXT-003427,P096,DL35GZ4233,2026-08-03T19:44:00,L032,USED,0.838,CASE-2026-204
VEH-EXT-003428,P006,DL82LI7730,2026-08-26T06:04:00,L002,USED,0.905,CASE-2026-201
VEH-EXT-003429,P080,DL92OY5424,2026-08-18T22:17:00,L056,SEEN_NEAR,0.831,CASE-2026-202
VEH-EXT-003430,P067,DL65MS3221,2026-08-13T02:33:00,L048,USED,0.956,CASE-2026-203
VEH-EXT-003431,P113,DL24MH626,2026-08-28T02:07:00,L002,SEEN_NEAR,0.823,CASE-2026-204
VEH-EXT-003432,P096,DL66UN3298,2026-08-14T00:02:00,L029,REGISTERED_TO,0.805,CASE-2026-201
VEH-EXT-003433,P099,DL90BO260,2026-08-13T13:46:00,L037,REGISTERED_TO,0.847,CASE-2026-202
VEH-EXT-003434,P103,DL88TU6321,2026-08-07T19:14:00,L015,SEEN_NEAR,0.883,CASE-2026-203
VEH-EXT-003435,P105,DL60PX9735,2026-08-01T16:21:00,L004,USED,0.921,CASE-2026-204
VEH-EXT-003436,P068,DL37ZL3820,2026-08-25T19:21:00,L045,USED,0.929,CASE-2026-201
VEH-EXT-003437,P111,DL39KO3630,2026-08-08T18:22:00,L054,USED,0.859,CASE-2026-202
VEH-EXT-003438,P052,DL65MS3221,2026-08-22T05:22:00,L013,REGISTERED_TO,0.899,CASE-2026-203
VEH-EXT-003439,P118,DL54IS4434,2026-08-27T19:19:00,L038,USED,0.957,CASE-2026-204
VEH-EXT-003440,P031,DL08LO7279,2026-08-29T08:10:00,L049,REGISTERED_TO,0.811,CASE-2026-201
VEH-EXT-003441,P072,DL81WK7335,2026-08-29T20:50:00,L002,SEEN_NEAR,0.813,CASE-2026-202
VEH-EXT-003442,P053,DL29HQ8356,2026-08-22T02:21:00,L025,SEEN_NEAR,0.861,CASE-2026-203
VEH-EXT-003443,P028,DL88TU6321,2026-08-13T07:12:00,L031,REGISTERED_TO,0.864,CASE-2026-204
VEH-EXT-003444,P110,DL07HB2247,2026-08-26T23:36:00,L057,REGISTERED_TO,0.947,CASE-2026-201
VEH-EXT-003445,P023,DL45KA6894,2026-08-12T21:27:00,L011,SEEN_NEAR,0.965,CASE-2026-202
VEH-EXT-003446,P102,DL47TY509,2026-08-11T19:44:00,L008,USED,0.951,CASE-2026-203
VEH-EXT-003447,P087,DL28QO9746,2026-08-06T14:20:00,L060,USED,0.959,CASE-2026-204
VEH-EXT-003448,P049,DL81KA7608,2026-08-20T01:31:00,L035,USED,0.959,CASE-2026-201
VEH-EXT-003449,P036,DL09NH8413,2026-08-03T02:11:00,L043,SEEN_NEAR,0.852,CASE-2026-202
VEH-EXT-003450,P097,DL81KA7608,2026-08-08T01:27:00,L051,REGISTERED_TO,0.889,CASE-2026-203
VEH-EXT-003451,P023,DL04ES2001,2026-08-03T10:12:00,L041,USED,0.96,CASE-2026-204
VEH-EXT-003452,P098,DL44KV6735,2026-08-25T08:02:00,L056,SEEN_NEAR,0.923,CASE-2026-201
VEH-EXT-003453,P018,DL05LU5710,2026-08-10T19:06:00,L010,USED,0.942,CASE-2026-202
VEH-EXT-003454,P022,DL45KA6894,2026-08-02T03:03:00,L047,SEEN_NEAR,0.907,CASE-2026-203
VEH-EXT-003455,P018,DL08LO7279,2026-08-14T23:55:00,L024,REGISTERED_TO,0.913,CASE-2026-204
VEH-EXT-003456,P064,DL08LO7279,2026-08-31T12:40:00,L049,USED,0.924,CASE-2026-201
VEH-EXT-003457,P037,DL92OY5424,2026-08-18T02:31:00,L027,USED,0.922,CASE-2026-202
VEH-EXT-003458,P084,DL75AQ7501,2026-08-22T07:19:00,L057,USED,0.808,CASE-2026-203
VEH-EXT-003459,P112,DL34VM1567,2026-08-19T22:14:00,L056,SEEN_NEAR,0.96,CASE-2026-204
VEH-EXT-003460,P109,DL55HK5801,2026-08-06T01:36:00,L049,SEEN_NEAR,0.944,CASE-2026-201
VEH-EXT-003461,P010,DL34VM1567,2026-08-10T04:31:00,L034,USED,0.934,CASE-2026-202
VEH-EXT-003462,P073,DL88SX6044,2026-08-09T04:14:00,L028,REGISTERED_TO,0.858,CASE-2026-203
VEH-EXT-003463,P064,DL83IA4683,2026-08-05T11:04:00,L014,USED,0.866,CASE-2026-204
VEH-EXT-003464,P093,DL92OY5424,2026-08-27T23:46:00,L025,USED,0.865,CASE-2026-201
VEH-EXT-003465,P024,DL09HU7907,2026-08-30T12:39:00,L052,REGISTERED_TO,0.962,CASE-2026-202
VEH-EXT-003466,P081,DL85LZ6022,2026-08-29T23:52:00,L012,REGISTERED_TO,0.881,CASE-2026-203
VEH-EXT-003467,P050,DL83IA4683,2026-08-09T21:25:00,L031,USED,0.872,CASE-2026-204
VEH-EXT-003468,P089,DL23OP9685,2026-08-07T18:09:00,L017,SEEN_NEAR,0.916,CASE-2026-201
VEH-EXT-003469,P055,DL87UB2945,2026-08-19T12:39:00,L048,USED,0.863,CASE-2026-202
VEH-EXT-003470,P025,DL78RJ114,2026-08-19T12:17:00,L028,SEEN_NEAR,0.828,CASE-2026-203
VEH-EXT-003471,P057,DL85RA6801,2026-08-31T04:18:00,L024,REGISTERED_TO,0.819,CASE-2026-204
VEH-EXT-003472,P078,DL81WK7335,2026-08-31T09:48:00,L013,USED,0.812,CASE-2026-201
VEH-EXT-003473,P046,DL40KE1882,2026-08-16T16:39:00,L010,SEEN_NEAR,0.947,CASE-2026-202
VEH-EXT-003474,P117,DL09NH8413,2026-08-08T11:49:00,L056,REGISTERED_TO,0.823,CASE-2026-203
VEH-EXT-003475,P113,DL76KI5135,2026-08-31T20:55:00,L028,USED,0.837,CASE-2026-204
VEH-EXT-003476,P028,DL09NH8413,2026-08-15T09:01:00,L060,SEEN_NEAR,0.987,CASE-2026-201
VEH-EXT-003477,P099,DL19RP402,2026-08-13T19:40:00,L052,REGISTERED_TO,0.873,CASE-2026-202
VEH-EXT-003478,P120,DL09NH8413,2026-08-21T15:57:00,L022,USED,0.852,CASE-2026-203
VEH-EXT-003479,P100,DL32TC7932,2026-08-01T14:26:00,L016,USED,0.924,CASE-2026-204
VEH-EXT-003480,P024,DL02DI9818,2026-08-07T05:00:00,L003,USED,0.976,CASE-2026-201
VEH-EXT-003481,P002,DL43ON9088,2026-08-30T09:27:00,L032,USED,0.966,CASE-2026-202
VEH-EXT-003482,P071,DL04JV9196,2026-08-14T10:31:00,L033,USED,0.863,CASE-2026-203
VEH-EXT-003483,P037,DL75AQ7501,2026-08-19T03:24:00,L005,SEEN_NEAR,0.927,CASE-2026-204
VEH-EXT-003484,P100,DL32ME5177,2026-08-09T08:30:00,L059,USED,0.813,CASE-2026-201
VEH-EXT-003485,P080,DL43ON9088,2026-08-04T11:43:00,L044,USED,0.807,CASE-2026-202
VEH-EXT-003486,P036,DL81WK7335,2026-08-25T11:20:00,L060,REGISTERED_TO,0.949,CASE-2026-203
VEH-EXT-003487,P023,DL39UR4920,2026-08-31T22:06:00,L008,SEEN_NEAR,0.943,CASE-2026-204
VEH-EXT-003488,P048,DL02HV3719,2026-08-27T16:05:00,L048,SEEN_NEAR,0.963,CASE-2026-201
VEH-EXT-003489,P048,DL75AQ7501,2026-08-07T17:29:00,L044,REGISTERED_TO,0.858,CASE-2026-202
VEH-EXT-003490,P044,DL09HU7907,2026-08-15T18:44:00,L047,SEEN_NEAR,0.802,CASE-2026-203
VEH-EXT-003491,P009,DL54IH5621,2026-08-16T14:36:00,L012,REGISTERED_TO,0.98,CASE-2026-204
VEH-EXT-003492,P077,DL39KO3630,2026-08-16T17:28:00,L040,USED,0.908,CASE-2026-201
VEH-EXT-003493,P058,DL37ZL3820,2026-08-02T21:05:00,L053,USED,0.876,CASE-2026-202
VEH-EXT-003494,P118,DL29HQ8356,2026-08-16T08:31:00,L053,USED,0.829,CASE-2026-203
VEH-EXT-003495,P063,DL60PX9735,2026-08-27T21:45:00,L044,REGISTERED_TO,0.801,CASE-2026-204
VEH-EXT-003496,P118,DL47RB786,2026-08-02T07:10:00,L032,REGISTERED_TO,0.812,CASE-2026-201
VEH-EXT-003497,P012,DL39UR4920,2026-08-03T18:59:00,L004,SEEN_NEAR,0.825,CASE-2026-202
VEH-EXT-003498,P008,DL28QO9746,2026-08-25T06:41:00,L052,REGISTERED_TO,0.83,CASE-2026-203
VEH-EXT-003499,P049,DL88TU6321,2026-08-14T00:55:00,L005,USED,0.867,CASE-2026-204
VEH-EXT-003500,P008,DL11RY5327,2026-08-30T22:16:00,L051,SEEN_NEAR,0.921,CASE-2026-201
VEH-EXT-003501,P006,DL63HW1705,2026-08-24T18:14:00,L019,REGISTERED_TO,0.891,CASE-2026-202
VEH-EXT-003502,P061,DL88TU6321,2026-08-20T03:37:00,L038,USED,0.884,CASE-2026-203
VEH-EXT-003503,P025,DL35GZ4233,2026-08-14T15:12:00,L012,REGISTERED_TO,0.885,CASE-2026-204
VEH-EXT-003504,P057,DL88SX6044,2026-08-18T15:17:00,L034,SEEN_NEAR,0.944,CASE-2026-201
VEH-EXT-003505,P069,DL11LW2713,2026-08-05T10:35:00,L011,REGISTERED_TO,0.813,CASE-2026-202
VEH-EXT-003506,P119,DL23OP9685,2026-08-25T19:07:00,L003,SEEN_NEAR,0.955,CASE-2026-203
VEH-EXT-003507,P118,DL49SF8485,2026-08-07T18:46:00,L041,SEEN_NEAR,0.937,CASE-2026-204
VEH-EXT-003508,P096,DL19RP402,2026-08-24T10:42:00,L016,USED,0.821,CASE-2026-201
VEH-EXT-003509,P099,DL45KA6894,2026-08-02T12:19:00,L041,USED,0.893,CASE-2026-202
VEH-EXT-003510,P054,DL29NQ1521,2026-08-05T18:10:00,L015,USED,0.87,CASE-2026-203
VEH-EXT-003511,P092,DL54IH5621,2026-08-05T23:24:00,L045,REGISTERED_TO,0.829,CASE-2026-204
VEH-EXT-003512,P085,DL09HU7907,2026-08-22T20:52:00,L018,USED,0.82,CASE-2026-201
VEH-EXT-003513,P080,DL32TC7932,2026-08-04T19:14:00,L026,SEEN_NEAR,0.862,CASE-2026-202
VEH-EXT-003514,P110,DL34VM1567,2026-08-18T05:30:00,L026,REGISTERED_TO,0.866,CASE-2026-203
VEH-EXT-003515,P056,DL64KI2394,2026-08-11T08:41:00,L053,USED,0.945,CASE-2026-204
VEH-EXT-003516,P105,DL39KO3630,2026-08-22T21:03:00,L020,USED,0.876,CASE-2026-201
VEH-EXT-003517,P107,DL87WU7148,2026-08-18T18:45:00,L005,SEEN_NEAR,0.976,CASE-2026-202
VEH-EXT-003518,P104,DL28QO9746,2026-08-02T16:27:00,L012,USED,0.947,CASE-2026-203
VEH-EXT-003519,P103,DL11LW2713,2026-08-15T17:07:00,L044,REGISTERED_TO,0.882,CASE-2026-204
VEH-EXT-003520,P067,DL60PX9735,2026-08-05T20:08:00,L059,USED,0.912,CASE-2026-201
VEH-EXT-003521,P020,DL52CI2878,2026-08-20T12:56:00,L058,USED,0.85,CASE-2026-202
VEH-EXT-003522,P099,DL09HU7907,2026-08-22T02:56:00,L015,SEEN_NEAR,0.932,CASE-2026-203
VEH-EXT-003523,P082,DL09HU7907,2026-08-13T18:07:00,L053,REGISTERED_TO,0.935,CASE-2026-204
VEH-EXT-003524,P047,DL75AQ7501,2026-08-02T12:50:00,L015,SEEN_NEAR,0.938,CASE-2026-201
VEH-EXT-003525,P099,DL41GX5949,2026-08-28T11:55:00,L033,REGISTERED_TO,0.978,CASE-2026-202
VEH-EXT-003526,P078,DL39UR4920,2026-08-04T16:28:00,L030,REGISTERED_TO,0.859,CASE-2026-203
VEH-EXT-003527,P092,DL92OY5424,2026-08-20T22:50:00,L022,USED,0.98,CASE-2026-204
VEH-EXT-003528,P083,DL96VS1319,2026-08-29T06:07:00,L037,SEEN_NEAR,0.837,CASE-2026-201
VEH-EXT-003529,P024,DL79FI6946,2026-08-26T07:27:00,L058,REGISTERED_TO,0.881,CASE-2026-202
VEH-EXT-003530,P098,DL55HK5801,2026-08-13T11:16:00,L022,SEEN_NEAR,0.812,CASE-2026-203
VEH-EXT-003531,P098,DL97KE9646,2026-08-28T04:59:00,L051,SEEN_NEAR,0.837,CASE-2026-204
VEH-EXT-003532,P016,DL34VM1567,2026-08-21T03:33:00,L017,REGISTERED_TO,0.828,CASE-2026-201
VEH-EXT-003533,P103,DL04PO5412,2026-08-11T12:11:00,L031,SEEN_NEAR,0.866,CASE-2026-202
VEH-EXT-003534,P109,DL41GX5949,2026-08-27T00:43:00,L041,REGISTERED_TO,0.803,CASE-2026-203
VEH-EXT-003535,P006,DL05LU5710,2026-08-05T06:13:00,L031,REGISTERED_TO,0.864,CASE-2026-204
VEH-EXT-003536,P038,DL11RY5327,2026-08-03T03:52:00,L040,REGISTERED_TO,0.831,CASE-2026-201
VEH-EXT-003537,P090,DL49SF8485,2026-08-18T02:54:00,L021,REGISTERED_TO,0.832,CASE-2026-202
VEH-EXT-003538,P093,DL85LZ6022,2026-08-16T22:00:00,L007,SEEN_NEAR,0.946,CASE-2026-203
VEH-EXT-003539,P026,DL28QO9746,2026-08-29T09:01:00,L041,REGISTERED_TO,0.9,CASE-2026-204
VEH-EXT-003540,P105,DL55MZ1375,2026-08-14T09:48:00,L021,REGISTERED_TO,0.975,CASE-2026-201
VEH-EXT-003541,P004,DL24MH626,2026-08-24T16:07:00,L049,REGISTERED_TO,0.99,CASE-2026-202
VEH-EXT-003542,P042,DL87WU7148,2026-08-15T20:34:00,L032,SEEN_NEAR,0.921,CASE-2026-203
VEH-EXT-003543,P101,DL91QF4618,2026-08-18T23:28:00,L022,USED,0.9,CASE-2026-204
VEH-EXT-003544,P021,DL47RB786,2026-08-09T11:01:00,L027,SEEN_NEAR,0.822,CASE-2026-201
VEH-EXT-003545,P077,DL83IA4683,2026-08-18T07:57:00,L048,REGISTERED_TO,0.901,CASE-2026-202
VEH-EXT-003546,P112,DL39KO3630,2026-08-26T07:32:00,L015,USED,0.925,CASE-2026-203
VEH-EXT-003547,P105,DL54IH5621,2026-08-03T11:18:00,L030,USED,0.83,CASE-2026-204
VEH-EXT-003548,P084,DL45KA6894,2026-08-21T02:12:00,L021,USED,0.987,CASE-2026-201
VEH-EXT-003549,P079,DL82LI7730,2026-08-05T13:27:00,L042,USED,0.962,CASE-2026-202
VEH-EXT-003550,P084,DL40GM3739,2026-08-31T01:38:00,L020,SEEN_NEAR,0.974,CASE-2026-203
VEH-EXT-003551,P003,DL25EU426,2026-08-30T05:27:00,L027,REGISTERED_TO,0.954,CASE-2026-204
VEH-EXT-003552,P056,DL43ON9088,2026-08-02T23:00:00,L019,REGISTERED_TO,0.908,CASE-2026-201
VEH-EXT-003553,P093,DL60PX9735,2026-08-24T08:14:00,L031,REGISTERED_TO,0.921,CASE-2026-202
VEH-EXT-003554,P031,DL04JV9196,2026-08-01T13:04:00,L055,SEEN_NEAR,0.989,CASE-2026-203
VEH-EXT-003555,P044,DL29NQ1521,2026-08-12T10:14:00,L020,REGISTERED_TO,0.927,CASE-2026-204
VEH-EXT-003556,P036,DL55HK5801,2026-08-21T14:43:00,L023,USED,0.912,CASE-2026-201
VEH-EXT-003557,P011,DL88TU6321,2026-08-29T08:37:00,L015,REGISTERED_TO,0.961,CASE-2026-202
VEH-EXT-003558,P005,DL35GZ4233,2026-08-03T05:29:00,L028,REGISTERED_TO,0.924,CASE-2026-203
VEH-EXT-003559,P084,DL21CR2848,2026-08-25T00:39:00,L036,USED,0.808,CASE-2026-204
VEH-EXT-003560,P041,DL19RP402,2026-08-09T09:14:00,L059,USED,0.82,CASE-2026-201
VEH-EXT-003561,P041,DL24MH626,2026-08-14T16:30:00,L015,SEEN_NEAR,0.938,CASE-2026-202
VEH-EXT-003562,P001,DL97KE9646,2026-08-12T13:33:00,L060,REGISTERED_TO,0.875,CASE-2026-203
VEH-EXT-003563,P035,DL85RA6801,2026-08-14T02:33:00,L045,REGISTERED_TO,0.84,CASE-2026-204
VEH-EXT-003564,P066,DL30XV997,2026-08-22T01:47:00,L013,USED,0.971,CASE-2026-201
VEH-EXT-003565,P110,DL85LZ6022,2026-08-23T02:34:00,L030,SEEN_NEAR,0.944,CASE-2026-202
VEH-EXT-003566,P119,DL23OP9685,2026-08-17T06:29:00,L028,SEEN_NEAR,0.918,CASE-2026-203
VEH-EXT-003567,P078,DL75AQ7501,2026-08-31T05:14:00,L009,USED,0.963,CASE-2026-204
VEH-EXT-003568,P060,DL08OD4328,2026-08-21T07:43:00,L050,USED,0.941,CASE-2026-201
VEH-EXT-003569,P056,DL47TY509,2026-08-04T13:06:00,L029,SEEN_NEAR,0.965,CASE-2026-202
VEH-EXT-003570,P020,DL60UM9514,2026-08-15T13:17:00,L026,SEEN_NEAR,0.837,CASE-2026-203
VEH-EXT-003571,P116,DL11LW2713,2026-08-08T15:09:00,L041,SEEN_NEAR,0.913,CASE-2026-204
VEH-EXT-003572,P048,DL34VM1567,2026-08-30T03:27:00,L038,SEEN_NEAR,0.849,CASE-2026-201
VEH-EXT-003573,P120,DL19RP402,2026-08-04T18:29:00,L020,SEEN_NEAR,0.902,CASE-2026-202
VEH-EXT-003574,P015,DL96VS1319,2026-08-06T02:01:00,L053,USED,0.888,CASE-2026-203
VEH-EXT-003575,P048,DL66UN3298,2026-08-17T16:33:00,L048,SEEN_NEAR,0.99,CASE-2026-204
VEH-EXT-003576,P020,DL07HB2247,2026-08-03T15:20:00,L029,REGISTERED_TO,0.81,CASE-2026-201
VEH-EXT-003577,P090,DL09HU7907,2026-08-27T12:16:00,L040,SEEN_NEAR,0.888,CASE-2026-202
VEH-EXT-003578,P059,DL97KE9646,2026-08-05T15:20:00,L024,SEEN_NEAR,0.958,CASE-2026-203
VEH-EXT-003579,P089,DL29HQ8356,2026-08-30T12:09:00,L035,SEEN_NEAR,0.886,CASE-2026-204
VEH-EXT-003580,P040,DL76KI5135,2026-08-16T19:02:00,L022,USED,0.976,CASE-2026-201
VEH-EXT-003581,P041,DL08LO7279,2026-08-03T01:27:00,L060,REGISTERED_TO,0.984,CASE-2026-202
VEH-EXT-003582,P069,DL27TR2259,2026-08-15T06:13:00,L049,SEEN_NEAR,0.903,CASE-2026-203
VEH-EXT-003583,P112,DL29HQ8356,2026-08-14T12:56:00,L051,REGISTERED_TO,0.869,CASE-2026-204
VEH-EXT-003584,P043,DL28QO9746,2026-08-09T00:04:00,L041,USED,0.925,CASE-2026-201
VEH-EXT-003585,P006,DL40GM3739,2026-08-27T05:53:00,L018,USED,0.83,CASE-2026-202
VEH-EXT-003586,P047,DL29NQ1521,2026-08-09T18:05:00,L036,USED,0.85,CASE-2026-203
VEH-EXT-003587,P108,DL87WU7148,2026-08-01T11:05:00,L058,SEEN_NEAR,0.908,CASE-2026-204
VEH-EXT-003588,P081,DL65MS3221,2026-08-01T03:54:00,L001,SEEN_NEAR,0.924,CASE-2026-201
VEH-EXT-003589,P049,DL57KK8244,2026-08-04T05:34:00,L009,SEEN_NEAR,0.917,CASE-2026-202
VEH-EXT-003590,P056,DL09NH8413,2026-08-07T00:32:00,L048,SEEN_NEAR,0.873,CASE-2026-203
VEH-EXT-003591,P116,DL32ME5177,2026-08-29T06:12:00,L055,SEEN_NEAR,0.849,CASE-2026-204
VEH-EXT-003592,P028,DL49SF8485,2026-08-26T16:54:00,L002,USED,0.963,CASE-2026-201
VEH-EXT-003593,P019,DL91QF4618,2026-08-15T11:12:00,L002,REGISTERED_TO,0.978,CASE-2026-202
VEH-EXT-003594,P009,DL75AQ7501,2026-08-08T04:47:00,L010,USED,0.945,CASE-2026-203
VEH-EXT-003595,P087,DL54IH5621,2026-08-26T07:19:00,L047,SEEN_NEAR,0.972,CASE-2026-204
VEH-EXT-003596,P057,DL55HK5801,2026-08-06T02:53:00,L030,SEEN_NEAR,0.855,CASE-2026-201
VEH-EXT-003597,P066,DL60UM9514,2026-08-22T18:26:00,L036,REGISTERED_TO,0.908,CASE-2026-202
VEH-EXT-003598,P095,DL39KO3630,2026-08-30T17:01:00,L009,SEEN_NEAR,0.961,CASE-2026-203
VEH-EXT-003599,P007,DL32ME5177,2026-08-15T16:10:00,L019,REGISTERED_TO,0.899,CASE-2026-204
VEH-EXT-003600,P093,DL76KI5135,2026-08-11T20:45:00,L054,REGISTERED_TO,0.971,CASE-2026-201
VEH-EXT-003601,P088,DL25EU426,2026-08-02T01:53:00,L035,SEEN_NEAR,0.903,CASE-2026-202
VEH-EXT-003602,P064,DL50AJ3222,2026-08-17T20:01:00,L033,SEEN_NEAR,0.892,CASE-2026-203
VEH-EXT-003603,P041,DL11RY5327,2026-08-10T19:55:00,L013,SEEN_NEAR,0.829,CASE-2026-204
VEH-EXT-003604,P021,DL50AJ3222,2026-08-28T21:48:00,L053,REGISTERED_TO,0.984,CASE-2026-201
VEH-EXT-003605,P120,DL62IT2591,2026-08-21T07:55:00,L012,USED,0.842,CASE-2026-202
VEH-EXT-003606,P083,DL91QF4618,2026-08-02T23:33:00,L036,REGISTERED_TO,0.932,CASE-2026-203
VEH-EXT-003607,P073,DL66UN3298,2026-08-30T06:33:00,L011,USED,0.943,CASE-2026-204
VEH-EXT-003608,P075,DL04JV9196,2026-08-07T06:54:00,L025,REGISTERED_TO,0.856,CASE-2026-201
VEH-EXT-003609,P046,DL27TR2259,2026-08-14T09:08:00,L042,SEEN_NEAR,0.944,CASE-2026-202
VEH-EXT-003610,P016,DL29NQ1521,2026-08-29T01:58:00,L016,REGISTERED_TO,0.918,CASE-2026-203
VEH-EXT-003611,P054,DL85RA6801,2026-08-19T09:22:00,L029,SEEN_NEAR,0.954,CASE-2026-204
VEH-EXT-003612,P024,DL57KK8244,2026-08-23T08:22:00,L031,REGISTERED_TO,0.809,CASE-2026-201
VEH-EXT-003613,P058,DL87WU7148,2026-08-29T11:23:00,L030,REGISTERED_TO,0.8,CASE-2026-202
VEH-EXT-003614,P062,DL11LW2713,2026-08-05T14:47:00,L029,SEEN_NEAR,0.964,CASE-2026-203
VEH-EXT-003615,P043,DL39GZ1214,2026-08-22T13:20:00,L047,USED,0.859,CASE-2026-204
VEH-EXT-003616,P062,DL27TR2259,2026-08-13T04:11:00,L006,SEEN_NEAR,0.946,CASE-2026-201
VEH-EXT-003617,P041,DL55MZ1375,2026-08-30T17:12:00,L042,USED,0.95,CASE-2026-202
VEH-EXT-003618,P105,DL09HU7907,2026-08-14T14:52:00,L018,USED,0.825,CASE-2026-203
VEH-EXT-003619,P048,DL24MH626,2026-08-17T14:21:00,L035,USED,0.912,CASE-2026-204
VEH-EXT-003620,P042,DL50AJ3222,2026-08-11T15:32:00,L025,USED,0.934,CASE-2026-201
VEH-EXT-003621,P054,DL25EU426,2026-08-04T08:36:00,L033,USED,0.865,CASE-2026-202
VEH-EXT-003622,P029,DL04JV9196,2026-08-10T12:44:00,L016,USED,0.899,CASE-2026-203
VEH-EXT-003623,P048,DL78RJ114,2026-08-24T16:52:00,L051,USED,0.931,CASE-2026-204
VEH-EXT-003624,P088,DL82IT8140,2026-08-01T23:25:00,L009,SEEN_NEAR,0.904,CASE-2026-201
VEH-EXT-003625,P120,DL32ME5177,2026-08-26T11:24:00,L043,USED,0.952,CASE-2026-202
VEH-EXT-003626,P085,DL76KI5135,2026-08-26T17:06:00,L007,SEEN_NEAR,0.903,CASE-2026-203
VEH-EXT-003627,P086,DL25EU426,2026-08-25T04:48:00,L041,REGISTERED_TO,0.802,CASE-2026-204
VEH-EXT-003628,P093,DL89YG8738,2026-08-02T09:36:00,L054,REGISTERED_TO,0.849,CASE-2026-201
VEH-EXT-003629,P003,DL43ON9088,2026-08-26T14:42:00,L013,REGISTERED_TO,0.826,CASE-2026-202
VEH-EXT-003630,P064,DL43ON9088,2026-08-20T02:50:00,L046,REGISTERED_TO,0.812,CASE-2026-203
VEH-EXT-003631,P078,DL32TC7932,2026-08-02T06:41:00,L039,USED,0.892,CASE-2026-204
VEH-EXT-003632,P012,DL63HW1705,2026-08-15T17:50:00,L056,USED,0.943,CASE-2026-201
VEH-EXT-003633,P083,DL02DI9818,2026-08-15T04:52:00,L023,USED,0.902,CASE-2026-202
VEH-EXT-003634,P033,DL34VM1567,2026-08-16T20:09:00,L014,REGISTERED_TO,0.923,CASE-2026-203
VEH-EXT-003635,P031,DL66UN3298,2026-08-07T07:16:00,L060,REGISTERED_TO,0.909,CASE-2026-204
VEH-EXT-003636,P072,DL32ME5177,2026-08-14T08:38:00,L011,USED,0.835,CASE-2026-201
VEH-EXT-003637,P021,DL34VM1567,2026-08-16T18:31:00,L034,SEEN_NEAR,0.947,CASE-2026-202
VEH-EXT-003638,P015,DL39GZ1214,2026-08-28T16:40:00,L058,REGISTERED_TO,0.905,CASE-2026-203
VEH-EXT-003639,P102,DL86XA3578,2026-08-03T22:04:00,L001,USED,0.81,CASE-2026-204
VEH-EXT-003640,P008,DL30XV997,2026-08-12T01:01:00,L030,REGISTERED_TO,0.83,CASE-2026-201
VEH-EXT-003641,P084,DL16HB2805,2026-08-19T16:45:00,L043,SEEN_NEAR,0.822,CASE-2026-202
VEH-EXT-003642,P060,DL81KA7608,2026-08-27T15:15:00,L016,SEEN_NEAR,0.955,CASE-2026-203
VEH-EXT-003643,P095,DL41GX5949,2026-08-31T11:31:00,L022,REGISTERED_TO,0.959,CASE-2026-204
VEH-EXT-003644,P004,DL91QF4618,2026-08-21T01:27:00,L059,USED,0.984,CASE-2026-201
VEH-EXT-003645,P035,DL11RY5327,2026-08-29T14:51:00,L059,REGISTERED_TO,0.914,CASE-2026-202
VEH-EXT-003646,P020,DL87UB2945,2026-08-02T10:04:00,L002,REGISTERED_TO,0.835,CASE-2026-203
VEH-EXT-003647,P040,DL04PO5412,2026-08-22T16:26:00,L049,SEEN_NEAR,0.977,CASE-2026-204
VEH-EXT-003648,P012,DL07HB2247,2026-08-09T04:58:00,L005,SEEN_NEAR,0.926,CASE-2026-201
VEH-EXT-003649,P053,DL32ME5177,2026-08-05T16:35:00,L017,SEEN_NEAR,0.896,CASE-2026-202
VEH-EXT-003650,P086,DL08OD4328,2026-08-11T11:29:00,L020,SEEN_NEAR,0.884,CASE-2026-203
VEH-EXT-003651,P032,DL40KE1882,2026-08-12T12:44:00,L049,REGISTERED_TO,0.898,CASE-2026-204
VEH-EXT-003652,P109,DL85RA6801,2026-08-29T23:44:00,L002,REGISTERED_TO,0.872,CASE-2026-201
VEH-EXT-003653,P115,DL81WK7335,2026-08-05T20:11:00,L043,USED,0.963,CASE-2026-202
VEH-EXT-003654,P003,DL75AQ7501,2026-08-01T21:00:00,L013,REGISTERED_TO,0.82,CASE-2026-203
VEH-EXT-003655,P013,DL02DI9818,2026-08-05T22:48:00,L045,USED,0.959,CASE-2026-204
VEH-EXT-003656,P058,DL25EU426,2026-08-27T08:51:00,L038,USED,0.835,CASE-2026-201
VEH-EXT-003657,P050,DL55HK5801,2026-08-27T06:12:00,L027,USED,0.955,CASE-2026-202
VEH-EXT-003658,P090,DL39KO3630,2026-08-29T01:55:00,L010,USED,0.87,CASE-2026-203
VEH-EXT-003659,P082,DL05LU5710,2026-08-11T03:27:00,L002,REGISTERED_TO,0.953,CASE-2026-204
VEH-EXT-003660,P087,DL21CR2848,2026-08-06T07:56:00,L008,SEEN_NEAR,0.989,CASE-2026-201
VEH-EXT-003661,P050,DL32ME5177,2026-08-16T08:12:00,L052,USED,0.842,CASE-2026-202
VEH-EXT-003662,P036,DL54IH5621,2026-08-15T03:54:00,L053,USED,0.937,CASE-2026-203
VEH-EXT-003663,P043,DL81WK7335,2026-08-03T12:07:00,L036,USED,0.931,CASE-2026-204
VEH-EXT-003664,P031,DL63HW1705,2026-08-15T21:13:00,L010,SEEN_NEAR,0.844,CASE-2026-201
VEH-EXT-003665,P001,DL60UM9514,2026-08-10T12:38:00,L027,USED,0.932,CASE-2026-202
VEH-EXT-003666,P094,DL60PX9735,2026-08-22T10:20:00,L008,REGISTERED_TO,0.985,CASE-2026-203
VEH-EXT-003667,P084,DL55MZ1375,2026-08-29T03:11:00,L030,REGISTERED_TO,0.99,CASE-2026-204
VEH-EXT-003668,P057,DL60HV9768,2026-08-15T00:00:00,L059,SEEN_NEAR,0.826,CASE-2026-201
VEH-EXT-003669,P043,DL81KA7608,2026-08-11T17:55:00,L004,REGISTERED_TO,0.818,CASE-2026-202
VEH-EXT-003670,P073,DL60PX9735,2026-08-19T22:30:00,L050,SEEN_NEAR,0.845,CASE-2026-203
VEH-EXT-003671,P034,DL04JV9196,2026-08-17T07:28:00,L058,USED,0.876,CASE-2026-204
VEH-EXT-003672,P101,DL24MH626,2026-08-08T01:31:00,L029,REGISTERED_TO,0.975,CASE-2026-201
VEH-EXT-003673,P090,DL30XV997,2026-08-30T11:14:00,L040,REGISTERED_TO,0.907,CASE-2026-202
VEH-EXT-003674,P050,DL62IT2591,2026-08-11T01:41:00,L042,USED,0.976,CASE-2026-203
VEH-EXT-003675,P117,DL90BO260,2026-08-27T05:58:00,L013,REGISTERED_TO,0.877,CASE-2026-204
VEH-EXT-003676,P098,DL05LU5710,2026-08-24T15:33:00,L024,USED,0.874,CASE-2026-201
VEH-EXT-003677,P085,DL55MZ1375,2026-08-02T05:50:00,L044,USED,0.815,CASE-2026-202
VEH-EXT-003678,P012,DL23OP9685,2026-08-30T16:29:00,L052,SEEN_NEAR,0.891,CASE-2026-203
VEH-EXT-003679,P088,DL60PX9735,2026-08-29T07:08:00,L022,USED,0.911,CASE-2026-204
VEH-EXT-003680,P071,DL47RB786,2026-08-24T21:52:00,L030,REGISTERED_TO,0.838,CASE-2026-201
VEH-EXT-003681,P044,DL81WK7335,2026-08-21T22:10:00,L008,SEEN_NEAR,0.987,CASE-2026-202
VEH-EXT-003682,P048,DL11LW2713,2026-08-31T02:04:00,L041,REGISTERED_TO,0.959,CASE-2026-203
VEH-EXT-003683,P006,DL39KO3630,2026-08-30T23:18:00,L019,REGISTERED_TO,0.915,CASE-2026-204
VEH-EXT-003684,P028,DL66UN3298,2026-08-08T09:55:00,L043,REGISTERED_TO,0.975,CASE-2026-201
VEH-EXT-003685,P103,DL32TC7932,2026-08-11T11:14:00,L033,REGISTERED_TO,0.88,CASE-2026-202
VEH-EXT-003686,P071,DL39GZ1214,2026-08-23T22:10:00,L014,USED,0.875,CASE-2026-203
VEH-EXT-003687,P115,DL81WK7335,2026-08-25T20:53:00,L021,REGISTERED_TO,0.921,CASE-2026-204
VEH-EXT-003688,P046,DL95WC1257,2026-08-15T00:31:00,L035,USED,0.93,CASE-2026-201
VEH-EXT-003689,P070,DL21CR2848,2026-08-03T12:39:00,L020,SEEN_NEAR,0.971,CASE-2026-202
VEH-EXT-003690,P055,DL04ES2001,2026-08-07T06:44:00,L059,SEEN_NEAR,0.924,CASE-2026-203
VEH-EXT-003691,P091,DL08OD4328,2026-08-18T04:15:00,L017,REGISTERED_TO,0.877,CASE-2026-204
VEH-EXT-003692,P094,DL05LU5710,2026-08-05T09:47:00,L021,SEEN_NEAR,0.872,CASE-2026-201
VEH-EXT-003693,P107,DL24MH626,2026-08-12T06:42:00,L012,REGISTERED_TO,0.913,CASE-2026-202
VEH-EXT-003694,P075,DL39GZ1214,2026-08-08T11:04:00,L037,SEEN_NEAR,0.829,CASE-2026-203
VEH-EXT-003695,P118,DL08OD4328,2026-08-08T12:46:00,L048,REGISTERED_TO,0.846,CASE-2026-204
VEH-EXT-003696,P021,DL60UM9514,2026-08-02T08:33:00,L053,REGISTERED_TO,0.964,CASE-2026-201
VEH-EXT-003697,P041,DL91QF4618,2026-08-10T12:47:00,L003,USED,0.979,CASE-2026-202
VEH-EXT-003698,P010,DL35GZ4233,2026-08-29T09:48:00,L034,USED,0.853,CASE-2026-203
VEH-EXT-003699,P013,DL28QO9746,2026-08-11T20:18:00,L053,SEEN_NEAR,0.841,CASE-2026-204
VEH-EXT-003700,P094,DL60HV9768,2026-08-30T12:32:00,L046,USED,0.819,CASE-2026-201
VEH-EXT-003701,P072,DL40GM3739,2026-08-02T13:12:00,L059,USED,0.817,CASE-2026-202
VEH-EXT-003702,P049,DL89YG8738,2026-08-28T20:39:00,L014,SEEN_NEAR,0.823,CASE-2026-203
VEH-EXT-003703,P089,DL21CR2848,2026-08-06T17:50:00,L044,REGISTERED_TO,0.945,CASE-2026-204
VEH-EXT-003704,P059,DL19RP402,2026-08-27T19:37:00,L033,USED,0.809,CASE-2026-201
VEH-EXT-003705,P070,DL63HW1705,2026-08-22T07:12:00,L008,USED,0.902,CASE-2026-202
VEH-EXT-003706,P008,DL27TR2259,2026-08-07T20:55:00,L006,SEEN_NEAR,0.965,CASE-2026-203
VEH-EXT-003707,P113,DL83IA4683,2026-08-14T15:47:00,L015,USED,0.935,CASE-2026-204
VEH-EXT-003708,P046,DL39UR4920,2026-08-13T20:41:00,L042,REGISTERED_TO,0.835,CASE-2026-201
VEH-EXT-003709,P081,DL65MS3221,2026-08-10T13:21:00,L010,SEEN_NEAR,0.876,CASE-2026-202
VEH-EXT-003710,P039,DL30XV997,2026-08-12T07:58:00,L002,USED,0.884,CASE-2026-203
VEH-EXT-003711,P017,DL82IT8140,2026-08-15T14:44:00,L023,REGISTERED_TO,0.917,CASE-2026-204
VEH-EXT-003712,P055,DL19RP402,2026-08-23T09:15:00,L014,SEEN_NEAR,0.908,CASE-2026-201
VEH-EXT-003713,P036,DL95WC1257,2026-08-30T10:40:00,L026,USED,0.842,CASE-2026-202
VEH-EXT-003714,P060,DL29NQ1521,2026-08-21T21:04:00,L039,SEEN_NEAR,0.867,CASE-2026-203
VEH-EXT-003715,P079,DL87UB2945,2026-08-28T04:49:00,L006,USED,0.837,CASE-2026-204
VEH-EXT-003716,P090,DL79FI6946,2026-08-30T03:08:00,L044,REGISTERED_TO,0.886,CASE-2026-201
VEH-EXT-003717,P086,DL90JQ8495,2026-08-02T10:57:00,L007,REGISTERED_TO,0.859,CASE-2026-202
VEH-EXT-003718,P028,DL29NQ1521,2026-08-23T11:27:00,L038,USED,0.813,CASE-2026-203
VEH-EXT-003719,P060,DL40GM3739,2026-08-02T23:24:00,L004,REGISTERED_TO,0.88,CASE-2026-204
VEH-EXT-003720,P074,DL39UR4920,2026-08-28T10:59:00,L053,SEEN_NEAR,0.822,CASE-2026-201
VEH-EXT-003721,P056,DL66UN3298,2026-08-26T00:46:00,L021,USED,0.831,CASE-2026-202
VEH-EXT-003722,P008,DL96VS1319,2026-08-31T07:08:00,L053,USED,0.927,CASE-2026-203
VEH-EXT-003723,P044,DL88TU6321,2026-08-10T05:32:00,L033,REGISTERED_TO,0.884,CASE-2026-204
VEH-EXT-003724,P030,DL09NH8413,2026-08-10T02:15:00,L020,REGISTERED_TO,0.967,CASE-2026-201
VEH-EXT-003725,P070,DL28QO9746,2026-08-10T11:27:00,L003,SEEN_NEAR,0.972,CASE-2026-202
VEH-EXT-003726,P117,DL07HB2247,2026-08-07T10:07:00,L037,USED,0.93,CASE-2026-203
VEH-EXT-003727,P094,DL60UM9514,2026-08-14T18:01:00,L037,SEEN_NEAR,0.89,CASE-2026-204
VEH-EXT-003728,P006,DL97KE9646,2026-08-28T06:25:00,L037,USED,0.847,CASE-2026-201
VEH-EXT-003729,P043,DL91QF4618,2026-08-31T23:07:00,L025,USED,0.958,CASE-2026-202
VEH-EXT-003730,P046,DL32ME5177,2026-08-17T03:39:00,L030,USED,0.878,CASE-2026-203
VEH-EXT-003731,P024,DL82LI7730,2026-08-16T03:07:00,L034,USED,0.865,CASE-2026-204
VEH-EXT-003732,P034,DL40GM3739,2026-08-27T20:04:00,L048,SEEN_NEAR,0.923,CASE-2026-201
VEH-EXT-003733,P104,DL40GM3739,2026-08-16T19:14:00,L048,REGISTERED_TO,0.811,CASE-2026-202
VEH-EXT-003734,P015,DL90BO260,2026-08-04T11:47:00,L010,SEEN_NEAR,0.95,CASE-2026-203
VEH-EXT-003735,P081,DL44KV6735,2026-08-10T00:34:00,L003,USED,0.886,CASE-2026-204
VEH-EXT-003736,P002,DL60UM9514,2026-08-03T04:23:00,L037,USED,0.844,CASE-2026-201
VEH-EXT-003737,P017,DL29HQ8356,2026-08-02T12:52:00,L016,SEEN_NEAR,0.825,CASE-2026-202
VEH-EXT-003738,P075,DL02DI9818,2026-08-01T21:08:00,L004,USED,0.831,CASE-2026-203
VEH-EXT-003739,P034,DL54IS4434,2026-08-07T09:29:00,L060,USED,0.952,CASE-2026-204
VEH-EXT-003740,P082,DL79FI6946,2026-08-13T14:54:00,L057,SEEN_NEAR,0.929,CASE-2026-201
VEH-EXT-003741,P089,DL86XA3578,2026-08-13T22:08:00,L018,USED,0.86,CASE-2026-202
VEH-EXT-003742,P038,DL39GZ1214,2026-08-03T19:44:00,L019,USED,0.838,CASE-2026-203
VEH-EXT-003743,P031,DL60UM9514,2026-08-18T06:22:00,L026,REGISTERED_TO,0.884,CASE-2026-204
VEH-EXT-003744,P062,DL02DI9818,2026-08-05T22:30:00,L027,SEEN_NEAR,0.836,CASE-2026-201
VEH-EXT-003745,P061,DL09NH8413,2026-08-31T08:10:00,L060,REGISTERED_TO,0.853,CASE-2026-202
VEH-EXT-003746,P113,DL08OD4328,2026-08-09T05:42:00,L038,SEEN_NEAR,0.869,CASE-2026-203
VEH-EXT-003747,P113,DL09HU7907,2026-08-02T13:33:00,L024,SEEN_NEAR,0.898,CASE-2026-204
VEH-EXT-003748,P115,DL66UN3298,2026-08-20T01:04:00,L008,USED,0.984,CASE-2026-201
VEH-EXT-003749,P042,DL28QO9746,2026-08-19T09:33:00,L001,REGISTERED_TO,0.811,CASE-2026-202
VEH-EXT-003750,P034,DL54IH5621,2026-08-29T00:58:00,L023,REGISTERED_TO,0.875,CASE-2026-203
VEH-EXT-003751,P098,DL32ME5177,2026-08-15T02:40:00,L050,REGISTERED_TO,0.805,CASE-2026-204
VEH-EXT-003752,P066,DL55HK5801,2026-08-24T09:52:00,L022,USED,0.894,CASE-2026-201
VEH-EXT-003753,P059,DL25EU426,2026-08-27T07:05:00,L017,REGISTERED_TO,0.838,CASE-2026-202
VEH-EXT-003754,P049,DL34VM1567,2026-08-10T04:32:00,L051,SEEN_NEAR,0.938,CASE-2026-203
VEH-EXT-003755,P083,DL44KV6735,2026-08-10T00:44:00,L006,REGISTERED_TO,0.882,CASE-2026-204
VEH-EXT-003756,P017,DL96VS1319,2026-08-12T13:24:00,L054,USED,0.925,CASE-2026-201
VEH-EXT-003757,P104,DL62IT2591,2026-08-21T03:28:00,L050,USED,0.896,CASE-2026-202
VEH-EXT-003758,P084,DL55MZ1375,2026-08-03T22:47:00,L044,SEEN_NEAR,0.94,CASE-2026-203
VEH-EXT-003759,P112,DL90JQ8495,2026-08-20T14:55:00,L040,SEEN_NEAR,0.819,CASE-2026-204
VEH-EXT-003760,P082,DL04JV9196,2026-08-10T05:45:00,L039,SEEN_NEAR,0.928,CASE-2026-201
VEH-EXT-003761,P059,DL32TC7932,2026-08-27T11:31:00,L002,SEEN_NEAR,0.949,CASE-2026-202
VEH-EXT-003762,P025,DL30XV997,2026-08-23T10:04:00,L058,SEEN_NEAR,0.861,CASE-2026-203
VEH-EXT-003763,P107,DL91QF4618,2026-08-11T11:32:00,L024,USED,0.846,CASE-2026-204
VEH-EXT-003764,P119,DL25EU426,2026-08-05T07:59:00,L041,USED,0.85,CASE-2026-201
VEH-EXT-003765,P001,DL34VM1567,2026-08-31T19:18:00,L057,REGISTERED_TO,0.835,CASE-2026-202
VEH-EXT-003766,P100,DL96VS1319,2026-08-02T19:30:00,L057,USED,0.915,CASE-2026-203
VEH-EXT-003767,P063,DL88SX6044,2026-08-30T09:04:00,L010,USED,0.843,CASE-2026-204
VEH-EXT-003768,P031,DL54IS4434,2026-08-19T09:49:00,L002,SEEN_NEAR,0.891,CASE-2026-201
VEH-EXT-003769,P015,DL08OD4328,2026-08-03T09:26:00,L007,REGISTERED_TO,0.933,CASE-2026-202
VEH-EXT-003770,P099,DL85LZ6022,2026-08-28T22:48:00,L017,SEEN_NEAR,0.913,CASE-2026-203
VEH-EXT-003771,P046,DL39GZ1214,2026-08-09T07:00:00,L044,REGISTERED_TO,0.91,CASE-2026-204
VEH-EXT-003772,P052,DL60UM9514,2026-08-15T23:38:00,L036,SEEN_NEAR,0.811,CASE-2026-201
VEH-EXT-003773,P042,DL96VS1319,2026-08-07T09:31:00,L044,USED,0.889,CASE-2026-202
VEH-EXT-003774,P113,DL63HW1705,2026-08-21T08:15:00,L028,SEEN_NEAR,0.842,CASE-2026-203
VEH-EXT-003775,P033,DL47RB786,2026-08-05T20:36:00,L033,USED,0.821,CASE-2026-204
VEH-EXT-003776,P010,DL55MZ1375,2026-08-28T11:22:00,L017,USED,0.982,CASE-2026-201
VEH-EXT-003777,P028,DL05LU5710,2026-08-30T05:53:00,L018,REGISTERED_TO,0.851,CASE-2026-202
VEH-EXT-003778,P076,DL45KA6894,2026-08-13T16:58:00,L032,SEEN_NEAR,0.838,CASE-2026-203
VEH-EXT-003779,P092,DL54IH5621,2026-08-26T10:16:00,L049,SEEN_NEAR,0.883,CASE-2026-204
VEH-EXT-003780,P022,DL90JQ8495,2026-08-05T23:37:00,L016,USED,0.874,CASE-2026-201
VEH-EXT-003781,P093,DL47RB786,2026-08-01T05:59:00,L001,USED,0.873,CASE-2026-202
VEH-EXT-003782,P093,DL90JQ8495,2026-08-05T01:44:00,L005,SEEN_NEAR,0.938,CASE-2026-203
VEH-EXT-003783,P081,DL55MZ1375,2026-08-12T16:21:00,L019,SEEN_NEAR,0.958,CASE-2026-204
VEH-EXT-003784,P035,DL02DI9818,2026-08-18T05:15:00,L053,USED,0.944,CASE-2026-201
VEH-EXT-003785,P010,DL47TY509,2026-08-29T13:04:00,L034,REGISTERED_TO,0.934,CASE-2026-202
VEH-EXT-003786,P064,DL40GM3739,2026-08-07T08:28:00,L056,SEEN_NEAR,0.895,CASE-2026-203
VEH-EXT-003787,P028,DL29HQ8356,2026-08-31T00:02:00,L046,SEEN_NEAR,0.96,CASE-2026-204
VEH-EXT-003788,P030,DL47RB786,2026-08-06T11:20:00,L052,USED,0.938,CASE-2026-201
VEH-EXT-003789,P077,DL75AQ7501,2026-08-02T12:01:00,L037,USED,0.951,CASE-2026-202
VEH-EXT-003790,P013,DL11LW2713,2026-08-12T04:36:00,L005,USED,0.805,CASE-2026-203
VEH-EXT-003791,P094,DL54IH5621,2026-08-20T22:17:00,L021,USED,0.805,CASE-2026-204
VEH-EXT-003792,P104,DL27TR2259,2026-08-11T11:20:00,L032,SEEN_NEAR,0.94,CASE-2026-201
VEH-EXT-003793,P097,DL23OP9685,2026-08-28T00:39:00,L057,REGISTERED_TO,0.963,CASE-2026-202
VEH-EXT-003794,P062,DL39GZ1214,2026-08-08T04:14:00,L004,USED,0.918,CASE-2026-203
VEH-EXT-003795,P014,DL88TU6321,2026-08-17T10:38:00,L043,USED,0.807,CASE-2026-204
VEH-EXT-003796,P082,DL32TC7932,2026-08-07T12:49:00,L019,SEEN_NEAR,0.924,CASE-2026-201
VEH-EXT-003797,P071,DL66UN3298,2026-08-06T07:32:00,L044,REGISTERED_TO,0.831,CASE-2026-202
VEH-EXT-003798,P019,DL57KK8244,2026-08-24T21:31:00,L056,USED,0.964,CASE-2026-203
VEH-EXT-003799,P062,DL85RA6801,2026-08-26T18:27:00,L025,USED,0.97,CASE-2026-204
VEH-EXT-003800,P061,DL87UB2945,2026-08-05T00:45:00,L042,SEEN_NEAR,0.822,CASE-2026-201
VEH-EXT-003801,P050,DL23OP9685,2026-08-16T20:18:00,L052,REGISTERED_TO,0.959,CASE-2026-202
VEH-EXT-003802,P117,DL40GM3739,2026-08-08T03:19:00,L013,REGISTERED_TO,0.972,CASE-2026-203
VEH-EXT-003803,P007,DL28QO9746,2026-08-11T00:13:00,L023,SEEN_NEAR,0.928,CASE-2026-204
VEH-EXT-003804,P103,DL25EU426,2026-08-13T15:29:00,L002,SEEN_NEAR,0.931,CASE-2026-201
VEH-EXT-003805,P093,DL37ZL3820,2026-08-12T21:17:00,L058,SEEN_NEAR,0.972,CASE-2026-202
VEH-EXT-003806,P025,DL04PO5412,2026-08-17T10:23:00,L004,SEEN_NEAR,0.862,CASE-2026-203
VEH-EXT-003807,P082,DL28QO9746,2026-08-03T03:08:00,L020,SEEN_NEAR,0.952,CASE-2026-204
VEH-EXT-003808,P090,DL85RA6801,2026-08-16T16:14:00,L007,REGISTERED_TO,0.871,CASE-2026-201
VEH-EXT-003809,P106,DL60PX9735,2026-08-23T20:38:00,L029,REGISTERED_TO,0.937,CASE-2026-202
VEH-EXT-003810,P085,DL85LZ6022,2026-08-18T05:55:00,L053,SEEN_NEAR,0.839,CASE-2026-203
VEH-EXT-003811,P113,DL19RP402,2026-08-18T19:27:00,L019,REGISTERED_TO,0.988,CASE-2026-204
VEH-EXT-003812,P018,DL54IS4434,2026-08-08T10:27:00,L060,REGISTERED_TO,0.908,CASE-2026-201
VEH-EXT-003813,P047,DL66UN3298,2026-08-12T15:53:00,L009,USED,0.86,CASE-2026-202
VEH-EXT-003814,P004,DL63HW1705,2026-08-04T10:27:00,L026,SEEN_NEAR,0.812,CASE-2026-203
VEH-EXT-003815,P042,DL60UM9514,2026-08-03T19:46:00,L018,SEEN_NEAR,0.838,CASE-2026-204
VEH-EXT-003816,P106,DL44KV6735,2026-08-26T19:48:00,L031,REGISTERED_TO,0.801,CASE-2026-201
VEH-EXT-003817,P008,DL60HV9768,2026-08-06T11:06:00,L058,SEEN_NEAR,0.915,CASE-2026-202
VEH-EXT-003818,P103,DL19RP402,2026-08-24T10:01:00,L002,USED,0.939,CASE-2026-203
VEH-EXT-003819,P028,DL30XV997,2026-08-19T04:35:00,L050,SEEN_NEAR,0.943,CASE-2026-204
VEH-EXT-003820,P034,DL55HK5801,2026-08-04T17:41:00,L038,USED,0.858,CASE-2026-201
VEH-EXT-003821,P004,DL23OP9685,2026-08-16T11:03:00,L003,REGISTERED_TO,0.946,CASE-2026-202
VEH-EXT-003822,P024,DL40GM3739,2026-08-11T13:25:00,L009,USED,0.867,CASE-2026-203
VEH-EXT-003823,P099,DL87UB2945,2026-08-09T01:10:00,L014,SEEN_NEAR,0.848,CASE-2026-204
VEH-EXT-003824,P037,DL82IT8140,2026-08-18T17:42:00,L007,USED,0.864,CASE-2026-201
VEH-EXT-003825,P005,DL76KI5135,2026-08-18T14:48:00,L059,SEEN_NEAR,0.965,CASE-2026-202
VEH-EXT-003826,P031,DL85RA6801,2026-08-29T07:37:00,L032,REGISTERED_TO,0.813,CASE-2026-203
VEH-EXT-003827,P051,DL23OP9685,2026-08-13T00:26:00,L048,SEEN_NEAR,0.97,CASE-2026-204
VEH-EXT-003828,P072,DL24MH626,2026-08-16T04:36:00,L042,REGISTERED_TO,0.886,CASE-2026-201
VEH-EXT-003829,P095,DL29NQ1521,2026-08-10T17:46:00,L032,REGISTERED_TO,0.877,CASE-2026-202
VEH-EXT-003830,P024,DL04PO5412,2026-08-09T10:00:00,L005,USED,0.84,CASE-2026-203
VEH-EXT-003831,P110,DL60UM9514,2026-08-30T22:40:00,L012,SEEN_NEAR,0.828,CASE-2026-204
VEH-EXT-003832,P061,DL87WU7148,2026-08-24T09:43:00,L038,SEEN_NEAR,0.987,CASE-2026-201
VEH-EXT-003833,P072,DL40GM3739,2026-08-20T08:34:00,L049,SEEN_NEAR,0.948,CASE-2026-202
VEH-EXT-003834,P113,DL24MH626,2026-08-12T12:11:00,L019,REGISTERED_TO,0.852,CASE-2026-203
VEH-EXT-003835,P057,DL54IS4434,2026-08-11T00:04:00,L029,SEEN_NEAR,0.84,CASE-2026-204
VEH-EXT-003836,P109,DL82IT8140,2026-08-21T20:14:00,L050,USED,0.86,CASE-2026-201
VEH-EXT-003837,P016,DL96VS1319,2026-08-25T13:32:00,L039,REGISTERED_TO,0.937,CASE-2026-202
VEH-EXT-003838,P008,DL79FI6946,2026-08-29T03:18:00,L031,REGISTERED_TO,0.829,CASE-2026-203
VEH-EXT-003839,P092,DL62IT2591,2026-08-22T11:53:00,L058,SEEN_NEAR,0.844,CASE-2026-204
VEH-EXT-003840,P085,DL24MH626,2026-08-02T18:13:00,L028,USED,0.905,CASE-2026-201
VEH-EXT-003841,P011,DL90BO260,2026-08-17T23:47:00,L030,REGISTERED_TO,0.838,CASE-2026-202
VEH-EXT-003842,P041,DL07HB2247,2026-08-03T15:05:00,L048,USED,0.888,CASE-2026-203
VEH-EXT-003843,P071,DL82LI7730,2026-08-07T01:26:00,L001,USED,0.929,CASE-2026-204
VEH-EXT-003844,P111,DL08LO7279,2026-08-25T14:32:00,L056,REGISTERED_TO,0.814,CASE-2026-201
VEH-EXT-003845,P078,DL25EU426,2026-08-04T01:29:00,L030,SEEN_NEAR,0.874,CASE-2026-202
VEH-EXT-003846,P095,DL60HV9768,2026-08-21T00:04:00,L028,USED,0.906,CASE-2026-203
VEH-EXT-003847,P040,DL41GX5949,2026-08-18T02:28:00,L026,REGISTERED_TO,0.867,CASE-2026-204
VEH-EXT-003848,P059,DL96VS1319,2026-08-04T10:50:00,L042,REGISTERED_TO,0.961,CASE-2026-201
VEH-EXT-003849,P077,DL92OY5424,2026-08-19T17:06:00,L019,REGISTERED_TO,0.888,CASE-2026-202
VEH-EXT-003850,P034,DL55HK5801,2026-08-23T00:20:00,L015,SEEN_NEAR,0.834,CASE-2026-203
VEH-EXT-003851,P035,DL83IA4683,2026-08-17T14:59:00,L029,USED,0.853,CASE-2026-204
VEH-EXT-003852,P094,DL43ON9088,2026-08-04T19:12:00,L057,REGISTERED_TO,0.85,CASE-2026-201
VEH-EXT-003853,P064,DL47TY509,2026-08-27T05:08:00,L059,SEEN_NEAR,0.903,CASE-2026-202
VEH-EXT-003854,P053,DL09NH8413,2026-08-31T13:51:00,L009,SEEN_NEAR,0.804,CASE-2026-203
VEH-EXT-003855,P039,DL35GZ4233,2026-08-22T00:37:00,L019,USED,0.913,CASE-2026-204
VEH-EXT-003856,P035,DL47RB786,2026-08-13T18:06:00,L045,SEEN_NEAR,0.893,CASE-2026-201
VEH-EXT-003857,P057,DL57KK8244,2026-08-23T06:18:00,L032,SEEN_NEAR,0.852,CASE-2026-202
VEH-EXT-003858,P061,DL92OY5424,2026-08-06T00:03:00,L020,REGISTERED_TO,0.873,CASE-2026-203
VEH-EXT-003859,P009,DL39UR4920,2026-08-18T15:19:00,L029,SEEN_NEAR,0.828,CASE-2026-204
VEH-EXT-003860,P082,DL11RY5327,2026-08-11T11:50:00,L050,USED,0.841,CASE-2026-201
VEH-EXT-003861,P039,DL39KO3630,2026-08-13T22:32:00,L016,REGISTERED_TO,0.905,CASE-2026-202
VEH-EXT-003862,P023,DL07HB2247,2026-08-10T05:40:00,L020,USED,0.902,CASE-2026-203
VEH-EXT-003863,P101,DL82IT8140,2026-08-18T03:15:00,L042,USED,0.944,CASE-2026-204
VEH-EXT-003864,P012,DL55HK5801,2026-08-24T17:00:00,L050,SEEN_NEAR,0.817,CASE-2026-201
VEH-EXT-003865,P058,DL09HU7907,2026-08-03T14:44:00,L014,SEEN_NEAR,0.98,CASE-2026-202
VEH-EXT-003866,P011,DL35GZ4233,2026-08-18T16:43:00,L039,REGISTERED_TO,0.823,CASE-2026-203
VEH-EXT-003867,P009,DL02DI9818,2026-08-10T16:07:00,L051,REGISTERED_TO,0.802,CASE-2026-204
VEH-EXT-003868,P031,DL52CI2878,2026-08-15T21:43:00,L022,REGISTERED_TO,0.942,CASE-2026-201
VEH-EXT-003869,P028,DL90BO260,2026-08-04T15:24:00,L052,USED,0.931,CASE-2026-202
VEH-EXT-003870,P033,DL32TC7932,2026-08-15T04:56:00,L033,SEEN_NEAR,0.806,CASE-2026-203
VEH-EXT-003871,P066,DL87UB2945,2026-08-01T04:00:00,L034,USED,0.866,CASE-2026-204
VEH-EXT-003872,P079,DL37ZL3820,2026-08-25T21:05:00,L008,USED,0.842,CASE-2026-201
VEH-EXT-003873,P069,DL60UM9514,2026-08-20T12:50:00,L012,SEEN_NEAR,0.923,CASE-2026-202
VEH-EXT-003874,P096,DL23OP9685,2026-08-23T19:18:00,L040,SEEN_NEAR,0.954,CASE-2026-203
VEH-EXT-003875,P083,DL52CI2878,2026-08-02T13:40:00,L012,USED,0.906,CASE-2026-204
VEH-EXT-003876,P057,DL04JV9196,2026-08-29T19:41:00,L052,SEEN_NEAR,0.855,CASE-2026-201
VEH-EXT-003877,P069,DL57KK8244,2026-08-04T15:18:00,L021,USED,0.853,CASE-2026-202
VEH-EXT-003878,P108,DL60UM9514,2026-08-09T18:13:00,L058,REGISTERED_TO,0.945,CASE-2026-203
VEH-EXT-003879,P027,DL85LZ6022,2026-08-05T20:13:00,L048,USED,0.954,CASE-2026-204
VEH-EXT-003880,P032,DL30XV997,2026-08-06T06:22:00,L032,SEEN_NEAR,0.817,CASE-2026-201
VEH-EXT-003881,P070,DL52CI2878,2026-08-07T19:55:00,L012,USED,0.968,CASE-2026-202
VEH-EXT-003882,P004,DL81WK7335,2026-08-23T08:26:00,L027,REGISTERED_TO,0.804,CASE-2026-203
VEH-EXT-003883,P118,DL79FI6946,2026-08-01T10:25:00,L034,SEEN_NEAR,0.978,CASE-2026-204
VEH-EXT-003884,P099,DL11RY5327,2026-08-18T15:31:00,L008,REGISTERED_TO,0.83,CASE-2026-201
VEH-EXT-003885,P088,DL88SX6044,2026-08-09T09:30:00,L033,SEEN_NEAR,0.825,CASE-2026-202
VEH-EXT-003886,P042,DL39GZ1214,2026-08-20T00:26:00,L041,USED,0.98,CASE-2026-203
VEH-EXT-003887,P052,DL02DI9818,2026-08-13T08:57:00,L005,REGISTERED_TO,0.945,CASE-2026-204
VEH-EXT-003888,P120,DL02HV3719,2026-08-19T21:38:00,L053,REGISTERED_TO,0.899,CASE-2026-201
VEH-EXT-003889,P031,DL08OD4328,2026-08-01T04:26:00,L019,REGISTERED_TO,0.842,CASE-2026-202
VEH-EXT-003890,P079,DL11RY5327,2026-08-16T01:34:00,L012,REGISTERED_TO,0.803,CASE-2026-203
VEH-EXT-003891,P024,DL29NQ1521,2026-08-27T03:50:00,L014,USED,0.936,CASE-2026-204
VEH-EXT-003892,P029,DL78RJ114,2026-08-03T13:38:00,L050,SEEN_NEAR,0.817,CASE-2026-201
VEH-EXT-003893,P040,DL49SF8485,2026-08-28T23:36:00,L031,SEEN_NEAR,0.897,CASE-2026-202
VEH-EXT-003894,P002,DL09HU7907,2026-08-31T03:01:00,L051,SEEN_NEAR,0.827,CASE-2026-203
VEH-EXT-003895,P073,DL39GZ1214,2026-08-01T23:11:00,L007,USED,0.827,CASE-2026-204
VEH-EXT-003896,P093,DL24MH626,2026-08-05T17:29:00,L043,SEEN_NEAR,0.931,CASE-2026-201
VEH-EXT-003897,P070,DL57KK8244,2026-08-23T14:21:00,L037,SEEN_NEAR,0.968,CASE-2026-202
VEH-EXT-003898,P091,DL52CI2878,2026-08-19T08:33:00,L037,USED,0.902,CASE-2026-203
VEH-EXT-003899,P097,DL41GX5949,2026-08-14T13:10:00,L017,SEEN_NEAR,0.853,CASE-2026-204
VEH-EXT-003900,P058,DL32ME5177,2026-08-22T23:25:00,L014,REGISTERED_TO,0.939,CASE-2026-201
VEH-EXT-003901,P070,DL76KI5135,2026-08-04T23:08:00,L024,SEEN_NEAR,0.895,CASE-2026-202
VEH-EXT-003902,P038,DL28QO9746,2026-08-29T17:27:00,L019,USED,0.932,CASE-2026-203
VEH-EXT-003903,P009,DL24MH626,2026-08-24T11:05:00,L045,USED,0.914,CASE-2026-204
VEH-EXT-003904,P079,DL90JQ8495,2026-08-01T22:29:00,L011,REGISTERED_TO,0.841,CASE-2026-201
VEH-EXT-003905,P106,DL52CI2878,2026-08-15T05:28:00,L015,USED,0.904,CASE-2026-202
VEH-EXT-003906,P089,DL89YG8738,2026-08-12T15:43:00,L055,SEEN_NEAR,0.858,CASE-2026-203
VEH-EXT-003907,P064,DL50AJ3222,2026-08-18T03:24:00,L054,SEEN_NEAR,0.817,CASE-2026-204
VEH-EXT-003908,P108,DL95WC1257,2026-08-22T00:46:00,L029,USED,0.834,CASE-2026-201
VEH-EXT-003909,P107,DL11RY5327,2026-08-04T13:53:00,L015,SEEN_NEAR,0.918,CASE-2026-202
VEH-EXT-003910,P074,DL34VM1567,2026-08-23T06:26:00,L050,SEEN_NEAR,0.985,CASE-2026-203
VEH-EXT-003911,P070,DL02DI9818,2026-08-08T08:52:00,L055,REGISTERED_TO,0.933,CASE-2026-204
VEH-EXT-003912,P051,DL91QF4618,2026-08-17T06:58:00,L026,SEEN_NEAR,0.856,CASE-2026-201
VEH-EXT-003913,P086,DL97KE9646,2026-08-03T04:25:00,L037,USED,0.802,CASE-2026-202
VEH-EXT-003914,P115,DL50AJ3222,2026-08-16T01:18:00,L023,REGISTERED_TO,0.828,CASE-2026-203
VEH-EXT-003915,P027,DL78RJ114,2026-08-24T21:49:00,L030,USED,0.856,CASE-2026-204
VEH-EXT-003916,P101,DL52CI2878,2026-08-27T22:12:00,L002,USED,0.977,CASE-2026-201
VEH-EXT-003917,P050,DL85RA6801,2026-08-16T18:52:00,L019,USED,0.914,CASE-2026-202
VEH-EXT-003918,P025,DL82IT8140,2026-08-20T20:17:00,L053,USED,0.932,CASE-2026-203
VEH-EXT-003919,P064,DL64KI2394,2026-08-16T00:57:00,L053,SEEN_NEAR,0.838,CASE-2026-204
VEH-EXT-003920,P088,DL89YG8738,2026-08-15T03:54:00,L056,REGISTERED_TO,0.972,CASE-2026-201
VEH-EXT-003921,P033,DL08LO7279,2026-08-15T03:07:00,L042,SEEN_NEAR,0.917,CASE-2026-202
VEH-EXT-003922,P005,DL78RJ114,2026-08-23T22:11:00,L009,REGISTERED_TO,0.937,CASE-2026-203
VEH-EXT-003923,P044,DL87WU7148,2026-08-12T15:40:00,L007,USED,0.81,CASE-2026-204
VEH-EXT-003924,P072,DL39KO3630,2026-08-25T01:01:00,L009,REGISTERED_TO,0.895,CASE-2026-201
VEH-EXT-003925,P102,DL30XV997,2026-08-23T23:49:00,L053,REGISTERED_TO,0.809,CASE-2026-202
VEH-EXT-003926,P106,DL49SF8485,2026-08-30T20:37:00,L032,SEEN_NEAR,0.887,CASE-2026-203
VEH-EXT-003927,P046,DL16HB2805,2026-08-14T22:29:00,L026,SEEN_NEAR,0.878,CASE-2026-204
VEH-EXT-003928,P104,DL83IA4683,2026-08-04T07:31:00,L025,USED,0.952,CASE-2026-201
VEH-EXT-003929,P113,DL41GX5949,2026-08-10T00:50:00,L048,REGISTERED_TO,0.981,CASE-2026-202
VEH-EXT-003930,P098,DL08LO7279,2026-08-24T00:46:00,L010,USED,0.923,CASE-2026-203
VEH-EXT-003931,P046,DL82LI7730,2026-08-08T14:07:00,L046,SEEN_NEAR,0.945,CASE-2026-204
VEH-EXT-003932,P035,DL64KI2394,2026-08-05T17:51:00,L012,SEEN_NEAR,0.841,CASE-2026-201
VEH-EXT-003933,P099,DL44KV6735,2026-08-31T14:32:00,L013,SEEN_NEAR,0.905,CASE-2026-202
VEH-EXT-003934,P056,DL82IT8140,2026-08-30T15:37:00,L047,REGISTERED_TO,0.937,CASE-2026-203
VEH-EXT-003935,P120,DL54IH5621,2026-08-15T08:46:00,L059,USED,0.942,CASE-2026-204
VEH-EXT-003936,P026,DL32TC7932,2026-08-03T07:49:00,L025,SEEN_NEAR,0.955,CASE-2026-201
VEH-EXT-003937,P034,DL64KI2394,2026-08-22T09:19:00,L054,REGISTERED_TO,0.967,CASE-2026-202
VEH-EXT-003938,P057,DL88SX6044,2026-08-01T03:42:00,L024,REGISTERED_TO,0.956,CASE-2026-203
VEH-EXT-003939,P103,DL16HB2805,2026-08-21T15:39:00,L041,SEEN_NEAR,0.922,CASE-2026-204
VEH-EXT-003940,P047,DL54IH5621,2026-08-18T08:50:00,L025,USED,0.829,CASE-2026-201
VEH-EXT-003941,P001,DL44KV6735,2026-08-27T19:49:00,L044,SEEN_NEAR,0.96,CASE-2026-202
VEH-EXT-003942,P119,DL63HW1705,2026-08-30T21:06:00,L005,REGISTERED_TO,0.908,CASE-2026-203
VEH-EXT-003943,P115,DL39UR4920,2026-08-23T20:26:00,L007,SEEN_NEAR,0.851,CASE-2026-204
VEH-EXT-003944,P054,DL34VM1567,2026-08-28T13:40:00,L057,USED,0.876,CASE-2026-201
VEH-EXT-003945,P067,DL49SF8485,2026-08-04T12:39:00,L060,REGISTERED_TO,0.837,CASE-2026-202
VEH-EXT-003946,P077,DL82IT8140,2026-08-07T10:33:00,L007,REGISTERED_TO,0.895,CASE-2026-203
VEH-EXT-003947,P054,DL55MZ1375,2026-08-15T15:27:00,L059,USED,0.921,CASE-2026-204
VEH-EXT-003948,P107,DL02DI9818,2026-08-27T23:02:00,L058,USED,0.873,CASE-2026-201
VEH-EXT-003949,P042,DL87WU7148,2026-08-13T09:31:00,L023,REGISTERED_TO,0.871,CASE-2026-202
VEH-EXT-003950,P026,DL89YG8738,2026-08-10T12:56:00,L022,SEEN_NEAR,0.971,CASE-2026-203
VEH-EXT-003951,P088,DL55MZ1375,2026-08-21T13:55:00,L053,SEEN_NEAR,0.955,CASE-2026-204
VEH-EXT-003952,P019,DL04ES2001,2026-08-19T08:23:00,L054,SEEN_NEAR,0.952,CASE-2026-201
VEH-EXT-003953,P080,DL78RJ114,2026-08-10T03:59:00,L007,SEEN_NEAR,0.961,CASE-2026-202
VEH-EXT-003954,P099,DL95WC1257,2026-08-11T09:57:00,L021,USED,0.888,CASE-2026-203
VEH-EXT-003955,P098,DL37ZL3820,2026-08-13T01:11:00,L019,USED,0.822,CASE-2026-204
VEH-EXT-003956,P039,DL04PO5412,2026-08-15T12:19:00,L002,SEEN_NEAR,0.844,CASE-2026-201
VEH-EXT-003957,P093,DL63HW1705,2026-08-06T12:05:00,L027,SEEN_NEAR,0.943,CASE-2026-202
VEH-EXT-003958,P015,DL89YG8738,2026-08-13T12:12:00,L046,SEEN_NEAR,0.874,CASE-2026-203
VEH-EXT-003959,P055,DL88TU6321,2026-08-08T03:32:00,L052,REGISTERED_TO,0.801,CASE-2026-204
VEH-EXT-003960,P039,DL05LU5710,2026-08-07T01:21:00,L007,USED,0.916,CASE-2026-201
VEH-EXT-003961,P080,DL09HU7907,2026-08-13T07:58:00,L052,SEEN_NEAR,0.933,CASE-2026-202
VEH-EXT-003962,P050,DL04JV9196,2026-08-18T07:12:00,L030,USED,0.848,CASE-2026-203
VEH-EXT-003963,P063,DL40KE1882,2026-08-26T11:59:00,L023,SEEN_NEAR,0.874,CASE-2026-204
VEH-EXT-003964,P024,DL04JV9196,2026-08-01T02:06:00,L011,USED,0.972,CASE-2026-201
VEH-EXT-003965,P067,DL95WC1257,2026-08-21T02:41:00,L014,USED,0.965,CASE-2026-202
VEH-EXT-003966,P064,DL55MZ1375,2026-08-24T20:02:00,L060,REGISTERED_TO,0.881,CASE-2026-203
VEH-EXT-003967,P093,DL90BO260,2026-08-17T01:40:00,L027,REGISTERED_TO,0.851,CASE-2026-204
VEH-EXT-003968,P045,DL96VS1319,2026-08-09T19:57:00,L025,REGISTERED_TO,0.95,CASE-2026-201
VEH-EXT-003969,P057,DL60PX9735,2026-08-20T06:04:00,L039,REGISTERED_TO,0.854,CASE-2026-202
VEH-EXT-003970,P097,DL90BO260,2026-08-03T05:15:00,L028,USED,0.885,CASE-2026-203
VEH-EXT-003971,P048,DL89YG8738,2026-08-22T04:15:00,L008,REGISTERED_TO,0.846,CASE-2026-204
VEH-EXT-003972,P067,DL86XA3578,2026-08-24T22:01:00,L021,REGISTERED_TO,0.882,CASE-2026-201
VEH-EXT-003973,P036,DL39UR4920,2026-08-30T17:25:00,L005,USED,0.887,CASE-2026-202
VEH-EXT-003974,P072,DL23OP9685,2026-08-09T03:40:00,L060,USED,0.825,CASE-2026-203
VEH-EXT-003975,P091,DL16HB2805,2026-08-25T17:09:00,L025,USED,0.904,CASE-2026-204
VEH-EXT-003976,P027,DL21CR2848,2026-08-14T10:51:00,L052,USED,0.954,CASE-2026-201
VEH-EXT-003977,P009,DL96VS1319,2026-08-24T11:30:00,L008,REGISTERED_TO,0.962,CASE-2026-202
VEH-EXT-003978,P044,DL29NQ1521,2026-08-21T19:04:00,L018,SEEN_NEAR,0.962,CASE-2026-203
VEH-EXT-003979,P093,DL32TC7932,2026-08-04T06:44:00,L028,SEEN_NEAR,0.899,CASE-2026-204
VEH-EXT-003980,P075,DL09HU7907,2026-08-15T05:40:00,L016,SEEN_NEAR,0.901,CASE-2026-201
VEH-EXT-003981,P009,DL40GM3739,2026-08-26T20:08:00,L007,REGISTERED_TO,0.962,CASE-2026-202
VEH-EXT-003982,P073,DL66UN3298,2026-08-07T01:04:00,L007,REGISTERED_TO,0.898,CASE-2026-203
VEH-EXT-003983,P119,DL57KK8244,2026-08-03T08:28:00,L045,USED,0.913,CASE-2026-204
VEH-EXT-003984,P104,DL57KK8244,2026-08-20T07:42:00,L008,REGISTERED_TO,0.946,CASE-2026-201
VEH-EXT-003985,P050,DL11RY5327,2026-08-01T05:14:00,L058,SEEN_NEAR,0.95,CASE-2026-202
VEH-EXT-003986,P102,DL47TY509,2026-08-30T21:02:00,L005,USED,0.959,CASE-2026-203
VEH-EXT-003987,P065,DL34VM1567,2026-08-21T22:24:00,L028,USED,0.933,CASE-2026-204
VEH-EXT-003988,P073,DL55HK5801,2026-08-09T23:23:00,L035,USED,0.901,CASE-2026-201
VEH-EXT-003989,P088,DL92OY5424,2026-08-03T08:18:00,L032,REGISTERED_TO,0.801,CASE-2026-202
VEH-EXT-003990,P090,DL76KI5135,2026-08-03T04:35:00,L052,REGISTERED_TO,0.909,CASE-2026-203
VEH-EXT-003991,P087,DL05LU5710,2026-08-04T19:26:00,L002,REGISTERED_TO,0.911,CASE-2026-204
VEH-EXT-003992,P039,DL45KA6894,2026-08-06T08:18:00,L004,USED,0.928,CASE-2026-201
VEH-EXT-003993,P104,DL79FI6946,2026-08-21T19:56:00,L049,REGISTERED_TO,0.875,CASE-2026-202
VEH-EXT-003994,P001,DL78RJ114,2026-08-09T10:27:00,L029,REGISTERED_TO,0.904,CASE-2026-203
VEH-EXT-003995,P102,DL34VM1567,2026-08-13T19:26:00,L027,USED,0.817,CASE-2026-204
VEH-EXT-003996,P094,DL79FI6946,2026-08-20T16:04:00,L055,SEEN_NEAR,0.952,CASE-2026-201
VEH-EXT-003997,P079,DL04PO5412,2026-08-01T07:19:00,L045,SEEN_NEAR,0.971,CASE-2026-202
VEH-EXT-003998,P091,DL60HV9768,2026-08-11T08:18:00,L042,REGISTERED_TO,0.922,CASE-2026-203
VEH-EXT-003999,P066,DL92OY5424,2026-08-25T03:24:00,L030,SEEN_NEAR,0.818,CASE-2026-204
VEH-EXT-004000,P055,DL60PX9735,2026-08-03T15:00:00,L060,SEEN_NEAR,0.96,CASE-2026-201
VEH-EXT-004001,P063,DL91QF4618,2026-08-04T08:48:00,L044,SEEN_NEAR,0.966,CASE-2026-202
VEH-EXT-004002,P020,DL08OD4328,2026-08-27T10:23:00,L028,REGISTERED_TO,0.855,CASE-2026-203
VEH-EXT-004003,P038,DL57KK8244,2026-08-03T14:13:00,L032,SEEN_NEAR,0.91,CASE-2026-204
VEH-EXT-004004,P055,DL87UB2945,2026-08-21T23:27:00,L032,REGISTERED_TO,0.935,CASE-2026-201
VEH-EXT-004005,P089,DL90JQ8495,2026-08-01T19:00:00,L028,REGISTERED_TO,0.901,CASE-2026-202
VEH-EXT-004006,P029,DL54IS4434,2026-08-12T20:31:00,L029,SEEN_NEAR,0.961,CASE-2026-203
VEH-EXT-004007,P104,DL60UM9514,2026-08-19T01:04:00,L045,USED,0.862,CASE-2026-204
VEH-EXT-004008,P023,DL63HW1705,2026-08-05T05:45:00,L016,REGISTERED_TO,0.87,CASE-2026-201
VEH-EXT-004009,P042,DL43ON9088,2026-08-10T15:23:00,L028,USED,0.803,CASE-2026-202
VEH-EXT-004010,P064,DL16HB2805,2026-08-28T14:24:00,L033,REGISTERED_TO,0.919,CASE-2026-203
VEH-EXT-004011,P041,DL66UN3298,2026-08-13T02:37:00,L029,REGISTERED_TO,0.961,CASE-2026-204
VEH-EXT-004012,P098,DL60UM9514,2026-08-20T11:06:00,L050,REGISTERED_TO,0.958,CASE-2026-201
VEH-EXT-004013,P092,DL04JV9196,2026-08-04T18:40:00,L025,SEEN_NEAR,0.856,CASE-2026-202
VEH-EXT-004014,P020,DL35GZ4233,2026-08-18T17:05:00,L028,USED,0.878,CASE-2026-203
VEH-EXT-004015,P114,DL11RY5327,2026-08-13T10:30:00,L008,SEEN_NEAR,0.943,CASE-2026-204
VEH-EXT-004016,P071,DL47TY509,2026-08-25T17:27:00,L059,USED,0.954,CASE-2026-201
VEH-EXT-004017,P047,DL63HW1705,2026-08-21T11:47:00,L029,REGISTERED_TO,0.895,CASE-2026-202
VEH-EXT-004018,P042,DL47RB786,2026-08-16T15:58:00,L023,REGISTERED_TO,0.867,CASE-2026-203
VEH-EXT-004019,P077,DL82IT8140,2026-08-05T17:15:00,L004,REGISTERED_TO,0.883,CASE-2026-204
VEH-EXT-004020,P036,DL62IT2591,2026-08-06T13:55:00,L033,SEEN_NEAR,0.959,CASE-2026-201
VEH-EXT-004021,P065,DL85RA6801,2026-08-19T22:29:00,L004,REGISTERED_TO,0.895,CASE-2026-202
VEH-EXT-004022,P112,DL32TC7932,2026-08-06T22:23:00,L018,USED,0.873,CASE-2026-203
VEH-EXT-004023,P044,DL24MH626,2026-08-30T10:31:00,L054,SEEN_NEAR,0.897,CASE-2026-204
VEH-EXT-004024,P038,DL39GZ1214,2026-08-05T15:21:00,L030,REGISTERED_TO,0.829,CASE-2026-201
VEH-EXT-004025,P118,DL39UR4920,2026-08-12T16:28:00,L003,REGISTERED_TO,0.989,CASE-2026-202
VEH-EXT-004026,P046,DL04PO5412,2026-08-24T07:43:00,L013,REGISTERED_TO,0.892,CASE-2026-203
VEH-EXT-004027,P004,DL55MZ1375,2026-08-19T20:39:00,L055,REGISTERED_TO,0.852,CASE-2026-204
VEH-EXT-004028,P073,DL47TY509,2026-08-26T11:10:00,L012,REGISTERED_TO,0.829,CASE-2026-201
VEH-EXT-004029,P045,DL25EU426,2026-08-05T00:38:00,L029,SEEN_NEAR,0.846,CASE-2026-202
VEH-EXT-004030,P009,DL95WC1257,2026-08-21T07:09:00,L001,USED,0.91,CASE-2026-203
VEH-EXT-004031,P116,DL09HU7907,2026-08-12T05:44:00,L046,USED,0.904,CASE-2026-204
VEH-EXT-004032,P075,DL87UB2945,2026-08-27T19:46:00,L055,USED,0.886,CASE-2026-201
VEH-EXT-004033,P011,DL50AJ3222,2026-08-31T17:02:00,L020,REGISTERED_TO,0.898,CASE-2026-202
VEH-EXT-004034,P043,DL34VM1567,2026-08-18T15:43:00,L022,REGISTERED_TO,0.878,CASE-2026-203
VEH-EXT-004035,P110,DL23OP9685,2026-08-27T14:21:00,L044,SEEN_NEAR,0.875,CASE-2026-204
VEH-EXT-004036,P061,DL08OD4328,2026-08-27T11:17:00,L033,USED,0.962,CASE-2026-201
VEH-EXT-004037,P110,DL39KO3630,2026-08-15T11:32:00,L039,SEEN_NEAR,0.948,CASE-2026-202
VEH-EXT-004038,P013,DL55HK5801,2026-08-12T12:11:00,L016,SEEN_NEAR,0.948,CASE-2026-203
VEH-EXT-004039,P078,DL62IT2591,2026-08-23T01:30:00,L010,REGISTERED_TO,0.855,CASE-2026-204
VEH-EXT-004040,P031,DL37ZL3820,2026-08-13T15:37:00,L006,USED,0.899,CASE-2026-201
VEH-EXT-004041,P087,DL32TC7932,2026-08-29T11:12:00,L033,REGISTERED_TO,0.914,CASE-2026-202
VEH-EXT-004042,P082,DL47TY509,2026-08-28T09:15:00,L031,REGISTERED_TO,0.893,CASE-2026-203
VEH-EXT-004043,P055,DL88TU6321,2026-08-18T15:25:00,L017,SEEN_NEAR,0.849,CASE-2026-204
VEH-EXT-004044,P006,DL54IH5621,2026-08-02T18:24:00,L009,REGISTERED_TO,0.909,CASE-2026-201
VEH-EXT-004045,P023,DL57KK8244,2026-08-17T21:15:00,L016,USED,0.956,CASE-2026-202
VEH-EXT-004046,P029,DL09HU7907,2026-08-26T06:09:00,L030,SEEN_NEAR,0.826,CASE-2026-203
VEH-EXT-004047,P052,DL02HV3719,2026-08-20T08:57:00,L009,SEEN_NEAR,0.981,CASE-2026-204
VEH-EXT-004048,P053,DL28QO9746,2026-08-28T19:15:00,L053,REGISTERED_TO,0.915,CASE-2026-201
VEH-EXT-004049,P080,DL88SX6044,2026-08-24T03:30:00,L005,SEEN_NEAR,0.927,CASE-2026-202
VEH-EXT-004050,P089,DL82IT8140,2026-08-10T08:31:00,L005,REGISTERED_TO,0.954,CASE-2026-203
VEH-EXT-004051,P078,DL28QO9746,2026-08-07T06:45:00,L038,REGISTERED_TO,0.874,CASE-2026-204
VEH-EXT-004052,P007,DL79FI6946,2026-08-28T19:16:00,L054,REGISTERED_TO,0.945,CASE-2026-201
VEH-EXT-004053,P031,DL45KA6894,2026-08-13T08:44:00,L022,SEEN_NEAR,0.818,CASE-2026-202
VEH-EXT-004054,P046,DL07HB2247,2026-08-05T08:01:00,L056,USED,0.974,CASE-2026-203
VEH-EXT-004055,P095,DL87WU7148,2026-08-01T17:33:00,L023,REGISTERED_TO,0.988,CASE-2026-204
VEH-EXT-004056,P103,DL88TU6321,2026-08-03T15:05:00,L053,SEEN_NEAR,0.884,CASE-2026-201
VEH-EXT-004057,P107,DL35GZ4233,2026-08-30T07:20:00,L014,SEEN_NEAR,0.877,CASE-2026-202
VEH-EXT-004058,P055,DL44KV6735,2026-08-10T04:03:00,L054,REGISTERED_TO,0.814,CASE-2026-203
VEH-EXT-004059,P039,DL47TY509,2026-08-15T19:44:00,L003,USED,0.932,CASE-2026-204
VEH-EXT-004060,P008,DL40GM3739,2026-08-31T17:12:00,L048,REGISTERED_TO,0.989,CASE-2026-201
VEH-EXT-004061,P114,DL57KK8244,2026-08-06T05:33:00,L045,SEEN_NEAR,0.811,CASE-2026-202
VEH-EXT-004062,P071,DL97KE9646,2026-08-20T01:03:00,L010,REGISTERED_TO,0.817,CASE-2026-203
VEH-EXT-004063,P109,DL64KI2394,2026-08-07T10:46:00,L046,USED,0.941,CASE-2026-204
VEH-EXT-004064,P008,DL29HQ8356,2026-08-12T07:43:00,L054,REGISTERED_TO,0.815,CASE-2026-201
VEH-EXT-004065,P035,DL85RA6801,2026-08-05T23:51:00,L026,SEEN_NEAR,0.909,CASE-2026-202
VEH-EXT-004066,P109,DL57KK8244,2026-08-14T09:34:00,L053,SEEN_NEAR,0.925,CASE-2026-203
VEH-EXT-004067,P035,DL60HV9768,2026-08-20T03:45:00,L019,USED,0.842,CASE-2026-204
VEH-EXT-004068,P034,DL54IH5621,2026-08-30T03:41:00,L001,USED,0.954,CASE-2026-201
VEH-EXT-004069,P109,DL88TU6321,2026-08-01T20:24:00,L013,USED,0.908,CASE-2026-202
VEH-EXT-004070,P112,DL02HV3719,2026-08-01T18:17:00,L018,SEEN_NEAR,0.971,CASE-2026-203
VEH-EXT-004071,P068,DL45KA6894,2026-08-01T21:14:00,L030,REGISTERED_TO,0.895,CASE-2026-204
VEH-EXT-004072,P010,DL39GZ1214,2026-08-11T13:45:00,L040,SEEN_NEAR,0.95,CASE-2026-201
VEH-EXT-004073,P095,DL52CI2878,2026-08-13T23:28:00,L052,USED,0.903,CASE-2026-202
VEH-EXT-004074,P080,DL55HK5801,2026-08-19T07:13:00,L052,REGISTERED_TO,0.845,CASE-2026-203
VEH-EXT-004075,P005,DL64KI2394,2026-08-02T00:30:00,L045,SEEN_NEAR,0.862,CASE-2026-204
VEH-EXT-004076,P071,DL28QO9746,2026-08-27T01:59:00,L059,SEEN_NEAR,0.881,CASE-2026-201
VEH-EXT-004077,P119,DL28QO9746,2026-08-03T04:11:00,L004,SEEN_NEAR,0.889,CASE-2026-202
VEH-EXT-004078,P088,DL32TC7932,2026-08-19T19:22:00,L056,SEEN_NEAR,0.86,CASE-2026-203
VEH-EXT-004079,P093,DL86XA3578,2026-08-11T06:20:00,L021,USED,0.982,CASE-2026-204
VEH-EXT-004080,P071,DL55HK5801,2026-08-25T01:44:00,L029,REGISTERED_TO,0.988,CASE-2026-201
VEH-EXT-004081,P011,DL97KE9646,2026-08-03T04:47:00,L016,USED,0.899,CASE-2026-202
VEH-EXT-004082,P080,DL95WC1257,2026-08-24T13:54:00,L047,USED,0.893,CASE-2026-203
VEH-EXT-004083,P067,DL40GM3739,2026-08-21T07:46:00,L027,SEEN_NEAR,0.918,CASE-2026-204
VEH-EXT-004084,P117,DL39GZ1214,2026-08-27T09:32:00,L031,REGISTERED_TO,0.925,CASE-2026-201
VEH-EXT-004085,P051,DL23OP9685,2026-08-10T23:13:00,L012,USED,0.946,CASE-2026-202
VEH-EXT-004086,P006,DL32TC7932,2026-08-18T20:01:00,L058,USED,0.873,CASE-2026-203
VEH-EXT-004087,P018,DL60UM9514,2026-08-31T01:59:00,L045,REGISTERED_TO,0.917,CASE-2026-204
VEH-EXT-004088,P052,DL86XA3578,2026-08-05T05:27:00,L007,REGISTERED_TO,0.833,CASE-2026-201
VEH-EXT-004089,P062,DL54IH5621,2026-08-19T18:04:00,L037,SEEN_NEAR,0.862,CASE-2026-202
VEH-EXT-004090,P067,DL97KE9646,2026-08-20T00:30:00,L053,SEEN_NEAR,0.917,CASE-2026-203
VEH-EXT-004091,P036,DL60UM9514,2026-08-30T13:37:00,L017,REGISTERED_TO,0.912,CASE-2026-204
VEH-EXT-004092,P045,DL23OP9685,2026-08-05T15:17:00,L029,USED,0.972,CASE-2026-201
VEH-EXT-004093,P002,DL39UR4920,2026-08-09T07:34:00,L048,REGISTERED_TO,0.967,CASE-2026-202
VEH-EXT-004094,P053,DL81WK7335,2026-08-24T19:27:00,L051,USED,0.861,CASE-2026-203
VEH-EXT-004095,P010,DL08OD4328,2026-08-17T04:56:00,L054,REGISTERED_TO,0.964,CASE-2026-204
VEH-EXT-004096,P008,DL60UM9514,2026-08-30T07:00:00,L028,USED,0.896,CASE-2026-201
VEH-EXT-004097,P071,DL87WU7148,2026-08-31T22:58:00,L013,REGISTERED_TO,0.964,CASE-2026-202
VEH-EXT-004098,P039,DL57KK8244,2026-08-14T02:40:00,L043,USED,0.974,CASE-2026-203
VEH-EXT-004099,P045,DL27TR2259,2026-08-24T14:50:00,L003,SEEN_NEAR,0.805,CASE-2026-204
VEH-EXT-004100,P056,DL39GZ1214,2026-08-21T21:55:00,L059,REGISTERED_TO,0.976,CASE-2026-201
VEH-EXT-004101,P003,DL89YG8738,2026-08-18T18:58:00,L039,USED,0.927,CASE-2026-202
VEH-EXT-004102,P112,DL29NQ1521,2026-08-18T05:48:00,L036,SEEN_NEAR,0.938,CASE-2026-203
VEH-EXT-004103,P075,DL76KI5135,2026-08-03T17:42:00,L052,REGISTERED_TO,0.878,CASE-2026-204
VEH-EXT-004104,P006,DL60UM9514,2026-08-20T04:47:00,L020,SEEN_NEAR,0.808,CASE-2026-201
VEH-EXT-004105,P114,DL24MH626,2026-08-21T07:14:00,L001,SEEN_NEAR,0.936,CASE-2026-202
VEH-EXT-004106,P091,DL81KA7608,2026-08-07T17:35:00,L053,USED,0.919,CASE-2026-203
VEH-EXT-004107,P069,DL07HB2247,2026-08-30T12:50:00,L035,SEEN_NEAR,0.977,CASE-2026-204
VEH-EXT-004108,P051,DL54IH5621,2026-08-17T04:23:00,L028,REGISTERED_TO,0.802,CASE-2026-201
VEH-EXT-004109,P043,DL29NQ1521,2026-08-23T07:43:00,L059,USED,0.834,CASE-2026-202
VEH-EXT-004110,P028,DL86XA3578,2026-08-05T19:11:00,L056,REGISTERED_TO,0.851,CASE-2026-203
VEH-EXT-004111,P080,DL16HB2805,2026-08-18T06:57:00,L057,USED,0.814,CASE-2026-204
VEH-EXT-004112,P035,DL09NH8413,2026-08-01T10:00:00,L026,SEEN_NEAR,0.892,CASE-2026-201
VEH-EXT-004113,P120,DL41GX5949,2026-08-31T10:45:00,L036,SEEN_NEAR,0.816,CASE-2026-202
VEH-EXT-004114,P046,DL97KE9646,2026-08-18T09:46:00,L041,USED,0.824,CASE-2026-203
VEH-EXT-004115,P066,DL49SF8485,2026-08-16T04:33:00,L007,REGISTERED_TO,0.906,CASE-2026-204
VEH-EXT-004116,P100,DL57KK8244,2026-08-04T08:55:00,L025,REGISTERED_TO,0.84,CASE-2026-201
VEH-EXT-004117,P011,DL97KE9646,2026-08-24T10:10:00,L055,SEEN_NEAR,0.885,CASE-2026-202
VEH-EXT-004118,P045,DL27TR2259,2026-08-03T21:30:00,L018,REGISTERED_TO,0.87,CASE-2026-203
VEH-EXT-004119,P115,DL28QO9746,2026-08-04T11:44:00,L018,SEEN_NEAR,0.853,CASE-2026-204
VEH-EXT-004120,P010,DL27TR2259,2026-08-08T18:44:00,L047,USED,0.974,CASE-2026-201
VEH-EXT-004121,P069,DL37ZL3820,2026-08-08T13:15:00,L044,SEEN_NEAR,0.859,CASE-2026-202
VEH-EXT-004122,P088,DL27TR2259,2026-08-24T07:55:00,L020,USED,0.82,CASE-2026-203
VEH-EXT-004123,P111,DL60PX9735,2026-08-06T06:36:00,L037,USED,0.857,CASE-2026-204
VEH-EXT-004124,P053,DL39GZ1214,2026-08-01T11:39:00,L053,SEEN_NEAR,0.957,CASE-2026-201
VEH-EXT-004125,P048,DL04ES2001,2026-08-23T15:08:00,L006,SEEN_NEAR,0.891,CASE-2026-202
VEH-EXT-004126,P061,DL96VS1319,2026-08-20T01:42:00,L003,REGISTERED_TO,0.837,CASE-2026-203
VEH-EXT-004127,P115,DL40GM3739,2026-08-23T10:38:00,L043,SEEN_NEAR,0.865,CASE-2026-204
VEH-EXT-004128,P096,DL09NH8413,2026-08-24T13:26:00,L014,SEEN_NEAR,0.927,CASE-2026-201
VEH-EXT-004129,P114,DL39UR4920,2026-08-30T11:24:00,L055,REGISTERED_TO,0.919,CASE-2026-202
VEH-EXT-004130,P044,DL85RA6801,2026-08-25T11:07:00,L053,SEEN_NEAR,0.919,CASE-2026-203
VEH-EXT-004131,P060,DL04PO5412,2026-08-25T19:25:00,L034,USED,0.966,CASE-2026-204
VEH-EXT-004132,P017,DL60HV9768,2026-08-07T21:39:00,L013,USED,0.983,CASE-2026-201
VEH-EXT-004133,P011,DL85RA6801,2026-08-10T12:51:00,L056,REGISTERED_TO,0.986,CASE-2026-202
VEH-EXT-004134,P078,DL60PX9735,2026-08-24T00:45:00,L009,SEEN_NEAR,0.848,CASE-2026-203
VEH-EXT-004135,P113,DL55HK5801,2026-08-19T19:08:00,L041,USED,0.826,CASE-2026-204
VEH-EXT-004136,P110,DL87UB2945,2026-08-03T05:41:00,L005,SEEN_NEAR,0.944,CASE-2026-201
VEH-EXT-004137,P066,DL25EU426,2026-08-27T08:20:00,L007,REGISTERED_TO,0.868,CASE-2026-202
VEH-EXT-004138,P078,DL32ME5177,2026-08-20T14:18:00,L013,SEEN_NEAR,0.97,CASE-2026-203
VEH-EXT-004139,P066,DL21CR2848,2026-08-22T18:26:00,L050,REGISTERED_TO,0.846,CASE-2026-204
VEH-EXT-004140,P102,DL85RA6801,2026-08-24T01:13:00,L009,SEEN_NEAR,0.887,CASE-2026-201
VEH-EXT-004141,P032,DL05LU5710,2026-08-24T20:07:00,L008,USED,0.843,CASE-2026-202
VEH-EXT-004142,P025,DL07HB2247,2026-08-25T05:20:00,L053,SEEN_NEAR,0.865,CASE-2026-203
VEH-EXT-004143,P080,DL92OY5424,2026-08-16T01:28:00,L005,REGISTERED_TO,0.854,CASE-2026-204
VEH-EXT-004144,P007,DL30XV997,2026-08-05T13:32:00,L022,USED,0.897,CASE-2026-201
VEH-EXT-004145,P041,DL87WU7148,2026-08-20T23:52:00,L046,SEEN_NEAR,0.966,CASE-2026-202
VEH-EXT-004146,P086,DL11LW2713,2026-08-11T07:54:00,L040,REGISTERED_TO,0.852,CASE-2026-203
VEH-EXT-004147,P057,DL40KE1882,2026-08-15T12:56:00,L001,REGISTERED_TO,0.836,CASE-2026-204
VEH-EXT-004148,P009,DL90BO260,2026-08-05T21:47:00,L042,USED,0.878,CASE-2026-201
VEH-EXT-004149,P034,DL82LI7730,2026-08-20T06:03:00,L040,REGISTERED_TO,0.821,CASE-2026-202
VEH-EXT-004150,P032,DL07HB2247,2026-08-19T11:30:00,L047,SEEN_NEAR,0.807,CASE-2026-203
VEH-EXT-004151,P065,DL57KK8244,2026-08-23T22:26:00,L008,SEEN_NEAR,0.892,CASE-2026-204
VEH-EXT-004152,P086,DL60UM9514,2026-08-20T11:27:00,L060,REGISTERED_TO,0.823,CASE-2026-201
VEH-EXT-004153,P108,DL97KE9646,2026-08-20T13:06:00,L022,USED,0.907,CASE-2026-202
VEH-EXT-004154,P009,DL07HB2247,2026-08-18T18:43:00,L052,USED,0.909,CASE-2026-203
VEH-EXT-004155,P096,DL39UR4920,2026-08-09T10:15:00,L059,SEEN_NEAR,0.873,CASE-2026-204
VEH-EXT-004156,P063,DL60PX9735,2026-08-19T06:01:00,L005,SEEN_NEAR,0.956,CASE-2026-201
VEH-EXT-004157,P065,DL82LI7730,2026-08-19T13:38:00,L033,SEEN_NEAR,0.987,CASE-2026-202
VEH-EXT-004158,P077,DL29HQ8356,2026-08-07T05:41:00,L012,REGISTERED_TO,0.81,CASE-2026-203
VEH-EXT-004159,P032,DL83IA4683,2026-08-19T22:56:00,L040,REGISTERED_TO,0.978,CASE-2026-204
VEH-EXT-004160,P113,DL60UM9514,2026-08-27T22:01:00,L036,SEEN_NEAR,0.979,CASE-2026-201
VEH-EXT-004161,P040,DL04ES2001,2026-08-31T12:00:00,L006,REGISTERED_TO,0.957,CASE-2026-202
VEH-EXT-004162,P007,DL30XV997,2026-08-21T11:10:00,L047,USED,0.915,CASE-2026-203
VEH-EXT-004163,P092,DL28QO9746,2026-08-28T19:03:00,L036,SEEN_NEAR,0.801,CASE-2026-204
VEH-EXT-004164,P082,DL47TY509,2026-08-28T09:25:00,L020,USED,0.846,CASE-2026-201
VEH-EXT-004165,P041,DL97KE9646,2026-08-22T01:26:00,L052,REGISTERED_TO,0.949,CASE-2026-202
VEH-EXT-004166,P014,DL95WC1257,2026-08-21T03:50:00,L012,REGISTERED_TO,0.813,CASE-2026-203
VEH-EXT-004167,P072,DL04JV9196,2026-08-17T22:12:00,L043,SEEN_NEAR,0.851,CASE-2026-204
VEH-EXT-004168,P061,DL57KK8244,2026-08-31T13:57:00,L040,USED,0.806,CASE-2026-201
VEH-EXT-004169,P007,DL39UR4920,2026-08-14T11:17:00,L006,REGISTERED_TO,0.979,CASE-2026-202
VEH-EXT-004170,P003,DL60HV9768,2026-08-08T08:51:00,L047,USED,0.98,CASE-2026-203
VEH-EXT-004171,P036,DL34VM1567,2026-08-15T03:35:00,L037,SEEN_NEAR,0.935,CASE-2026-204
VEH-EXT-004172,P027,DL79FI6946,2026-08-03T20:35:00,L001,USED,0.854,CASE-2026-201
VEH-EXT-004173,P027,DL04JV9196,2026-08-21T20:46:00,L012,REGISTERED_TO,0.852,CASE-2026-202
VEH-EXT-004174,P077,DL75AQ7501,2026-08-04T01:08:00,L011,REGISTERED_TO,0.823,CASE-2026-203
VEH-EXT-004175,P044,DL95WC1257,2026-08-09T17:05:00,L038,USED,0.833,CASE-2026-204
VEH-EXT-004176,P081,DL92OY5424,2026-08-09T08:09:00,L057,REGISTERED_TO,0.849,CASE-2026-201
VEH-EXT-004177,P077,DL08OD4328,2026-08-31T22:03:00,L029,USED,0.837,CASE-2026-202
VEH-EXT-004178,P113,DL04ES2001,2026-08-21T13:36:00,L035,USED,0.816,CASE-2026-203
VEH-EXT-004179,P070,DL04PO5412,2026-08-25T17:57:00,L016,USED,0.829,CASE-2026-204
VEH-EXT-004180,P025,DL27TR2259,2026-08-25T10:46:00,L015,USED,0.873,CASE-2026-201
VEH-EXT-004181,P101,DL75AQ7501,2026-08-16T05:30:00,L032,SEEN_NEAR,0.915,CASE-2026-202
VEH-EXT-004182,P098,DL09HU7907,2026-08-28T04:20:00,L053,USED,0.912,CASE-2026-203
VEH-EXT-004183,P078,DL89YG8738,2026-08-31T13:22:00,L020,REGISTERED_TO,0.908,CASE-2026-204
VEH-EXT-004184,P006,DL64KI2394,2026-08-13T11:33:00,L014,USED,0.9,CASE-2026-201
VEH-EXT-004185,P004,DL32ME5177,2026-08-08T12:40:00,L014,USED,0.831,CASE-2026-202
VEH-EXT-004186,P094,DL90JQ8495,2026-08-18T01:43:00,L024,SEEN_NEAR,0.913,CASE-2026-203
VEH-EXT-004187,P030,DL90BO260,2026-08-03T17:00:00,L014,USED,0.958,CASE-2026-204
VEH-EXT-004188,P031,DL29HQ8356,2026-08-22T20:05:00,L058,SEEN_NEAR,0.896,CASE-2026-201
VEH-EXT-004189,P120,DL57KK8244,2026-08-28T18:01:00,L038,SEEN_NEAR,0.845,CASE-2026-202
VEH-EXT-004190,P095,DL05LU5710,2026-08-01T19:21:00,L033,USED,0.967,CASE-2026-203
VEH-EXT-004191,P071,DL81KA7608,2026-08-04T23:13:00,L003,REGISTERED_TO,0.901,CASE-2026-204
VEH-EXT-004192,P109,DL60HV9768,2026-08-28T17:48:00,L039,USED,0.862,CASE-2026-201
VEH-EXT-004193,P117,DL29NQ1521,2026-08-07T07:40:00,L030,REGISTERED_TO,0.853,CASE-2026-202
VEH-EXT-004194,P101,DL49SF8485,2026-08-24T12:24:00,L053,REGISTERED_TO,0.844,CASE-2026-203
VEH-EXT-004195,P024,DL08OD4328,2026-08-23T21:09:00,L009,SEEN_NEAR,0.959,CASE-2026-204
VEH-EXT-004196,P026,DL04PO5412,2026-08-12T15:39:00,L038,USED,0.874,CASE-2026-201
VEH-EXT-004197,P039,DL97KE9646,2026-08-25T09:08:00,L001,USED,0.866,CASE-2026-202
VEH-EXT-004198,P005,DL21CR2848,2026-08-14T00:57:00,L017,REGISTERED_TO,0.946,CASE-2026-203
VEH-EXT-004199,P015,DL83IA4683,2026-08-24T00:31:00,L035,SEEN_NEAR,0.813,CASE-2026-204
VEH-EXT-004200,P039,DL90JQ8495,2026-08-18T12:26:00,L006,SEEN_NEAR,0.922,CASE-2026-201
VEH-EXT-004201,P071,DL24MH626,2026-08-08T01:38:00,L031,REGISTERED_TO,0.897,CASE-2026-202
VEH-EXT-004202,P068,DL29NQ1521,2026-08-28T20:08:00,L033,REGISTERED_TO,0.831,CASE-2026-203
VEH-EXT-004203,P117,DL40GM3739,2026-08-24T18:13:00,L030,USED,0.863,CASE-2026-204
VEH-EXT-004204,P055,DL45KA6894,2026-08-18T04:04:00,L044,SEEN_NEAR,0.898,CASE-2026-201
VEH-EXT-004205,P001,DL43ON9088,2026-08-22T14:49:00,L038,REGISTERED_TO,0.914,CASE-2026-202
VEH-EXT-004206,P079,DL75AQ7501,2026-08-02T21:07:00,L008,USED,0.945,CASE-2026-203
VEH-EXT-004207,P116,DL63HW1705,2026-08-24T06:47:00,L002,USED,0.833,CASE-2026-204
VEH-EXT-004208,P012,DL27TR2259,2026-08-22T12:54:00,L011,REGISTERED_TO,0.832,CASE-2026-201
VEH-EXT-004209,P007,DL23OP9685,2026-08-11T18:35:00,L019,SEEN_NEAR,0.921,CASE-2026-202
VEH-EXT-004210,P061,DL25EU426,2026-08-16T23:23:00,L009,USED,0.843,CASE-2026-203
VEH-EXT-004211,P012,DL52CI2878,2026-08-08T01:23:00,L015,SEEN_NEAR,0.962,CASE-2026-204
VEH-EXT-004212,P096,DL25EU426,2026-08-16T03:09:00,L056,SEEN_NEAR,0.838,CASE-2026-201
VEH-EXT-004213,P099,DL04ES2001,2026-08-30T07:05:00,L016,USED,0.899,CASE-2026-202
VEH-EXT-004214,P063,DL02HV3719,2026-08-13T04:12:00,L031,REGISTERED_TO,0.858,CASE-2026-203
VEH-EXT-004215,P117,DL29HQ8356,2026-08-08T01:16:00,L016,USED,0.853,CASE-2026-204
VEH-EXT-004216,P031,DL08OD4328,2026-08-12T11:28:00,L008,REGISTERED_TO,0.971,CASE-2026-201
VEH-EXT-004217,P079,DL45KA6894,2026-08-05T02:58:00,L059,USED,0.891,CASE-2026-202
VEH-EXT-004218,P057,DL29HQ8356,2026-08-12T22:10:00,L008,USED,0.886,CASE-2026-203
VEH-EXT-004219,P100,DL05LU5710,2026-08-18T13:07:00,L014,REGISTERED_TO,0.916,CASE-2026-204
VEH-EXT-004220,P105,DL32ME5177,2026-08-06T16:54:00,L009,REGISTERED_TO,0.879,CASE-2026-201
VEH-EXT-004221,P046,DL60UM9514,2026-08-08T05:45:00,L036,USED,0.866,CASE-2026-202
VEH-EXT-004222,P009,DL50AJ3222,2026-08-10T20:37:00,L007,REGISTERED_TO,0.872,CASE-2026-203
VEH-EXT-004223,P004,DL96VS1319,2026-08-10T01:15:00,L056,REGISTERED_TO,0.878,CASE-2026-204
VEH-EXT-004224,P059,DL64KI2394,2026-08-06T15:05:00,L040,REGISTERED_TO,0.837,CASE-2026-201
VEH-EXT-004225,P053,DL81KA7608,2026-08-17T09:23:00,L015,USED,0.936,CASE-2026-202
VEH-EXT-004226,P112,DL43ON9088,2026-08-05T08:00:00,L015,USED,0.894,CASE-2026-203
VEH-EXT-004227,P093,DL05LU5710,2026-08-22T19:18:00,L020,SEEN_NEAR,0.945,CASE-2026-204
VEH-EXT-004228,P003,DL96VS1319,2026-08-13T04:20:00,L022,USED,0.897,CASE-2026-201
VEH-EXT-004229,P001,DL97KE9646,2026-08-26T18:11:00,L032,REGISTERED_TO,0.927,CASE-2026-202
VEH-EXT-004230,P081,DL47TY509,2026-08-30T02:02:00,L014,USED,0.817,CASE-2026-203
VEH-EXT-004231,P026,DL23OP9685,2026-08-20T01:03:00,L017,SEEN_NEAR,0.857,CASE-2026-204
VEH-EXT-004232,P076,DL27TR2259,2026-08-28T21:13:00,L029,REGISTERED_TO,0.803,CASE-2026-201
VEH-EXT-004233,P007,DL04PO5412,2026-08-04T15:38:00,L050,REGISTERED_TO,0.844,CASE-2026-202
VEH-EXT-004234,P077,DL37ZL3820,2026-08-22T02:26:00,L028,SEEN_NEAR,0.937,CASE-2026-203
VEH-EXT-004235,P023,DL11LW2713,2026-08-17T22:49:00,L046,REGISTERED_TO,0.928,CASE-2026-204
VEH-EXT-004236,P120,DL54IH5621,2026-08-16T22:42:00,L008,REGISTERED_TO,0.881,CASE-2026-201
VEH-EXT-004237,P080,DL04JV9196,2026-08-18T02:06:00,L059,USED,0.95,CASE-2026-202
VEH-EXT-004238,P012,DL32ME5177,2026-08-04T02:31:00,L042,USED,0.879,CASE-2026-203
VEH-EXT-004239,P095,DL87WU7148,2026-08-22T09:35:00,L006,REGISTERED_TO,0.893,CASE-2026-204
VEH-EXT-004240,P091,DL39KO3630,2026-08-30T17:02:00,L027,SEEN_NEAR,0.804,CASE-2026-201
VEH-EXT-004241,P039,DL23OP9685,2026-08-11T22:06:00,L039,SEEN_NEAR,0.825,CASE-2026-202
VEH-EXT-004242,P054,DL29HQ8356,2026-08-31T16:59:00,L046,USED,0.803,CASE-2026-203
VEH-EXT-004243,P094,DL19RP402,2026-08-31T00:07:00,L009,REGISTERED_TO,0.953,CASE-2026-204
VEH-EXT-004244,P030,DL43ON9088,2026-08-20T16:48:00,L027,REGISTERED_TO,0.82,CASE-2026-201
VEH-EXT-004245,P035,DL55HK5801,2026-08-07T11:21:00,L052,USED,0.89,CASE-2026-202
VEH-EXT-004246,P067,DL39GZ1214,2026-08-12T21:17:00,L044,SEEN_NEAR,0.978,CASE-2026-203
VEH-EXT-004247,P028,DL91QF4618,2026-08-31T16:18:00,L011,USED,0.888,CASE-2026-204
VEH-EXT-004248,P050,DL60PX9735,2026-08-01T18:15:00,L033,SEEN_NEAR,0.853,CASE-2026-201
VEH-EXT-004249,P096,DL04JV9196,2026-08-30T04:20:00,L042,USED,0.963,CASE-2026-202
VEH-EXT-004250,P047,DL86XA3578,2026-08-07T00:49:00,L036,USED,0.941,CASE-2026-203
VEH-EXT-004251,P085,DL19RP402,2026-08-07T09:18:00,L044,USED,0.948,CASE-2026-204
VEH-EXT-004252,P030,DL85RA6801,2026-08-16T11:16:00,L005,USED,0.932,CASE-2026-201
VEH-EXT-004253,P033,DL44KV6735,2026-08-05T17:02:00,L026,SEEN_NEAR,0.857,CASE-2026-202
VEH-EXT-004254,P020,DL40KE1882,2026-08-11T06:03:00,L006,SEEN_NEAR,0.983,CASE-2026-203
VEH-EXT-004255,P030,DL39KO3630,2026-08-09T00:27:00,L012,SEEN_NEAR,0.883,CASE-2026-204
VEH-EXT-004256,P029,DL40KE1882,2026-08-21T13:09:00,L034,REGISTERED_TO,0.851,CASE-2026-201
VEH-EXT-004257,P025,DL39KO3630,2026-08-31T22:39:00,L047,SEEN_NEAR,0.974,CASE-2026-202
VEH-EXT-004258,P095,DL65MS3221,2026-08-27T23:09:00,L019,USED,0.807,CASE-2026-203
VEH-EXT-004259,P028,DL54IS4434,2026-08-03T01:36:00,L048,USED,0.924,CASE-2026-204
VEH-EXT-004260,P116,DL81KA7608,2026-08-20T11:55:00,L053,REGISTERED_TO,0.885,CASE-2026-201
VEH-EXT-004261,P083,DL49SF8485,2026-08-14T10:00:00,L059,SEEN_NEAR,0.898,CASE-2026-202
VEH-EXT-004262,P084,DL91QF4618,2026-08-26T21:22:00,L044,REGISTERED_TO,0.951,CASE-2026-203
VEH-EXT-004263,P054,DL43ON9088,2026-08-21T21:32:00,L019,USED,0.908,CASE-2026-204
VEH-EXT-004264,P108,DL89YG8738,2026-08-12T03:48:00,L040,USED,0.835,CASE-2026-201
VEH-EXT-004265,P052,DL27TR2259,2026-08-26T10:47:00,L052,USED,0.977,CASE-2026-202
VEH-EXT-004266,P071,DL88SX6044,2026-08-23T03:00:00,L019,SEEN_NEAR,0.823,CASE-2026-203
VEH-EXT-004267,P044,DL65MS3221,2026-08-18T09:29:00,L041,SEEN_NEAR,0.912,CASE-2026-204
VEH-EXT-004268,P041,DL97KE9646,2026-08-20T05:24:00,L055,SEEN_NEAR,0.913,CASE-2026-201
VEH-EXT-004269,P102,DL90BO260,2026-08-03T14:09:00,L038,USED,0.846,CASE-2026-202
VEH-EXT-004270,P022,DL83IA4683,2026-08-21T15:11:00,L033,REGISTERED_TO,0.915,CASE-2026-203
VEH-EXT-004271,P102,DL39KO3630,2026-08-17T22:23:00,L059,REGISTERED_TO,0.912,CASE-2026-204
VEH-EXT-004272,P026,DL81KA7608,2026-08-09T13:22:00,L053,USED,0.869,CASE-2026-201
VEH-EXT-004273,P008,DL65MS3221,2026-08-15T12:56:00,L045,REGISTERED_TO,0.808,CASE-2026-202
VEH-EXT-004274,P014,DL90BO260,2026-08-30T00:55:00,L038,USED,0.837,CASE-2026-203
VEH-EXT-004275,P111,DL32ME5177,2026-08-22T18:16:00,L018,SEEN_NEAR,0.891,CASE-2026-204
VEH-EXT-004276,P119,DL60HV9768,2026-08-23T19:27:00,L001,SEEN_NEAR,0.957,CASE-2026-201
VEH-EXT-004277,P017,DL97KE9646,2026-08-18T17:23:00,L001,SEEN_NEAR,0.842,CASE-2026-202
VEH-EXT-004278,P025,DL75AQ7501,2026-08-24T11:47:00,L020,USED,0.965,CASE-2026-203
VEH-EXT-004279,P120,DL96VS1319,2026-08-25T08:19:00,L045,USED,0.858,CASE-2026-204
VEH-EXT-004280,P099,DL87WU7148,2026-08-31T16:59:00,L005,REGISTERED_TO,0.898,CASE-2026-201
VEH-EXT-004281,P079,DL02DI9818,2026-08-06T04:25:00,L034,USED,0.866,CASE-2026-202
VEH-EXT-004282,P043,DL64KI2394,2026-08-29T04:58:00,L002,USED,0.861,CASE-2026-203
VEH-EXT-004283,P087,DL29HQ8356,2026-08-14T18:00:00,L003,REGISTERED_TO,0.901,CASE-2026-204
VEH-EXT-004284,P013,DL21CR2848,2026-08-13T04:15:00,L046,USED,0.948,CASE-2026-201
VEH-EXT-004285,P091,DL55MZ1375,2026-08-30T00:30:00,L016,SEEN_NEAR,0.9,CASE-2026-202
VEH-EXT-004286,P075,DL43ON9088,2026-08-15T17:28:00,L060,REGISTERED_TO,0.807,CASE-2026-203
VEH-EXT-004287,P002,DL76KI5135,2026-08-31T13:55:00,L041,REGISTERED_TO,0.804,CASE-2026-204
VEH-EXT-004288,P005,DL60UM9514,2026-08-04T13:35:00,L032,REGISTERED_TO,0.841,CASE-2026-201
VEH-EXT-004289,P003,DL85LZ6022,2026-08-06T18:09:00,L022,SEEN_NEAR,0.903,CASE-2026-202
VEH-EXT-004290,P062,DL29HQ8356,2026-08-04T11:55:00,L042,USED,0.913,CASE-2026-203
VEH-EXT-004291,P078,DL45KA6894,2026-08-14T06:40:00,L017,REGISTERED_TO,0.973,CASE-2026-204
VEH-EXT-004292,P107,DL50AJ3222,2026-08-14T05:54:00,L041,USED,0.875,CASE-2026-201
VEH-EXT-004293,P095,DL90JQ8495,2026-08-06T20:53:00,L017,USED,0.97,CASE-2026-202
VEH-EXT-004294,P030,DL27TR2259,2026-08-25T00:47:00,L011,SEEN_NEAR,0.984,CASE-2026-203
VEH-EXT-004295,P101,DL39GZ1214,2026-08-15T09:45:00,L008,REGISTERED_TO,0.885,CASE-2026-204
VEH-EXT-004296,P069,DL65MS3221,2026-08-31T19:48:00,L004,USED,0.936,CASE-2026-201
VEH-EXT-004297,P101,DL29NQ1521,2026-08-31T12:54:00,L047,REGISTERED_TO,0.903,CASE-2026-202
VEH-EXT-004298,P057,DL54IS4434,2026-08-28T00:50:00,L036,REGISTERED_TO,0.932,CASE-2026-203
VEH-EXT-004299,P053,DL11RY5327,2026-08-27T00:25:00,L052,REGISTERED_TO,0.853,CASE-2026-204
VEH-EXT-004300,P083,DL55HK5801,2026-08-06T07:20:00,L028,SEEN_NEAR,0.845,CASE-2026-201
VEH-EXT-004301,P107,DL40KE1882,2026-08-07T15:35:00,L038,USED,0.835,CASE-2026-202
VEH-EXT-004302,P063,DL86XA3578,2026-08-22T20:32:00,L026,REGISTERED_TO,0.846,CASE-2026-203
VEH-EXT-004303,P120,DL60HV9768,2026-08-03T07:48:00,L045,REGISTERED_TO,0.839,CASE-2026-204
VEH-EXT-004304,P010,DL55HK5801,2026-08-16T14:25:00,L015,SEEN_NEAR,0.809,CASE-2026-201
VEH-EXT-004305,P038,DL39KO3630,2026-08-07T19:08:00,L056,REGISTERED_TO,0.986,CASE-2026-202
VEH-EXT-004306,P008,DL76KI5135,2026-08-27T21:42:00,L054,REGISTERED_TO,0.933,CASE-2026-203
VEH-EXT-004307,P049,DL09NH8413,2026-08-01T04:58:00,L035,REGISTERED_TO,0.905,CASE-2026-204
VEH-EXT-004308,P003,DL05LU5710,2026-08-12T05:20:00,L042,SEEN_NEAR,0.812,CASE-2026-201
VEH-EXT-004309,P027,DL49SF8485,2026-08-25T15:28:00,L050,SEEN_NEAR,0.956,CASE-2026-202
VEH-EXT-004310,P052,DL21CR2848,2026-08-02T22:27:00,L017,SEEN_NEAR,0.953,CASE-2026-203
VEH-EXT-004311,P017,DL04JV9196,2026-08-24T00:55:00,L029,SEEN_NEAR,0.933,CASE-2026-204
VEH-EXT-004312,P062,DL54IH5621,2026-08-19T19:58:00,L019,SEEN_NEAR,0.886,CASE-2026-201
VEH-EXT-004313,P049,DL89YG8738,2026-08-13T20:34:00,L008,REGISTERED_TO,0.891,CASE-2026-202
VEH-EXT-004314,P116,DL32TC7932,2026-08-26T08:50:00,L011,USED,0.968,CASE-2026-203
VEH-EXT-004315,P041,DL54IS4434,2026-08-08T14:43:00,L057,REGISTERED_TO,0.806,CASE-2026-204
VEH-EXT-004316,P082,DL89YG8738,2026-08-12T03:02:00,L054,USED,0.918,CASE-2026-201
VEH-EXT-004317,P036,DL50AJ3222,2026-08-02T16:22:00,L033,REGISTERED_TO,0.96,CASE-2026-202
VEH-EXT-004318,P069,DL81KA7608,2026-08-07T13:54:00,L010,USED,0.901,CASE-2026-203
VEH-EXT-004319,P027,DL65MS3221,2026-08-06T01:42:00,L017,SEEN_NEAR,0.913,CASE-2026-204
VEH-EXT-004320,P119,DL89YG8738,2026-08-24T11:05:00,L030,USED,0.88,CASE-2026-201
VEH-EXT-004321,P007,DL54IH5621,2026-08-10T18:37:00,L050,SEEN_NEAR,0.878,CASE-2026-202
VEH-EXT-004322,P109,DL90JQ8495,2026-08-20T16:29:00,L018,USED,0.942,CASE-2026-203
VEH-EXT-004323,P094,DL24MH626,2026-08-04T15:04:00,L060,REGISTERED_TO,0.935,CASE-2026-204
VEH-EXT-004324,P103,DL63HW1705,2026-08-18T17:02:00,L059,USED,0.836,CASE-2026-201
VEH-EXT-004325,P021,DL44KV6735,2026-08-02T20:32:00,L048,USED,0.852,CASE-2026-202
VEH-EXT-004326,P089,DL02DI9818,2026-08-04T14:47:00,L039,USED,0.954,CASE-2026-203
VEH-EXT-004327,P005,DL04PO5412,2026-08-11T00:09:00,L032,SEEN_NEAR,0.887,CASE-2026-204
VEH-EXT-004328,P012,DL19RP402,2026-08-17T09:50:00,L017,USED,0.835,CASE-2026-201
VEH-EXT-004329,P069,DL47RB786,2026-08-05T13:23:00,L051,USED,0.986,CASE-2026-202
VEH-EXT-004330,P074,DL50AJ3222,2026-08-20T19:43:00,L006,REGISTERED_TO,0.982,CASE-2026-203
VEH-EXT-004331,P079,DL87WU7148,2026-08-04T00:14:00,L055,REGISTERED_TO,0.952,CASE-2026-204
VEH-EXT-004332,P015,DL60HV9768,2026-08-26T10:14:00,L029,USED,0.842,CASE-2026-201
VEH-EXT-004333,P055,DL29HQ8356,2026-08-27T18:27:00,L040,REGISTERED_TO,0.806,CASE-2026-202
VEH-EXT-004334,P013,DL25EU426,2026-08-06T07:44:00,L018,USED,0.814,CASE-2026-203
VEH-EXT-004335,P087,DL39UR4920,2026-08-27T18:54:00,L007,REGISTERED_TO,0.908,CASE-2026-204
VEH-EXT-004336,P019,DL96VS1319,2026-08-18T11:03:00,L021,USED,0.966,CASE-2026-201
VEH-EXT-004337,P054,DL65MS3221,2026-08-17T13:46:00,L022,REGISTERED_TO,0.942,CASE-2026-202
VEH-EXT-004338,P019,DL60UM9514,2026-08-14T03:48:00,L057,SEEN_NEAR,0.905,CASE-2026-203
VEH-EXT-004339,P054,DL37ZL3820,2026-08-09T09:46:00,L053,REGISTERED_TO,0.872,CASE-2026-204
VEH-EXT-004340,P082,DL88TU6321,2026-08-20T18:08:00,L027,SEEN_NEAR,0.939,CASE-2026-201
VEH-EXT-004341,P103,DL43ON9088,2026-08-20T07:03:00,L003,SEEN_NEAR,0.975,CASE-2026-202
VEH-EXT-004342,P005,DL28QO9746,2026-08-03T11:39:00,L013,REGISTERED_TO,0.888,CASE-2026-203
VEH-EXT-004343,P088,DL39KO3630,2026-08-27T20:56:00,L028,USED,0.815,CASE-2026-204
VEH-EXT-004344,P044,DL90JQ8495,2026-08-07T07:04:00,L054,SEEN_NEAR,0.977,CASE-2026-201
VEH-EXT-004345,P098,DL57KK8244,2026-08-23T07:53:00,L042,USED,0.989,CASE-2026-202
VEH-EXT-004346,P018,DL88SX6044,2026-08-27T21:58:00,L056,SEEN_NEAR,0.906,CASE-2026-203
VEH-EXT-004347,P110,DL55HK5801,2026-08-20T18:47:00,L002,REGISTERED_TO,0.898,CASE-2026-204
VEH-EXT-004348,P037,DL11LW2713,2026-08-11T12:08:00,L028,REGISTERED_TO,0.86,CASE-2026-201
VEH-EXT-004349,P021,DL91QF4618,2026-08-26T04:29:00,L037,USED,0.871,CASE-2026-202
VEH-EXT-004350,P091,DL54IH5621,2026-08-07T19:58:00,L048,REGISTERED_TO,0.821,CASE-2026-203
VEH-EXT-004351,P080,DL47RB786,2026-08-13T03:02:00,L033,SEEN_NEAR,0.973,CASE-2026-204
VEH-EXT-004352,P045,DL45KA6894,2026-08-10T15:24:00,L007,SEEN_NEAR,0.867,CASE-2026-201
VEH-EXT-004353,P066,DL65MS3221,2026-08-17T00:18:00,L002,REGISTERED_TO,0.806,CASE-2026-202
VEH-EXT-004354,P112,DL05LU5710,2026-08-20T01:29:00,L035,SEEN_NEAR,0.833,CASE-2026-203
VEH-EXT-004355,P024,DL11RY5327,2026-08-29T07:21:00,L031,USED,0.843,CASE-2026-204
VEH-EXT-004356,P110,DL08OD4328,2026-08-28T23:02:00,L001,SEEN_NEAR,0.829,CASE-2026-201
VEH-EXT-004357,P048,DL89YG8738,2026-08-06T13:23:00,L056,SEEN_NEAR,0.886,CASE-2026-202
VEH-EXT-004358,P018,DL29HQ8356,2026-08-11T00:14:00,L012,REGISTERED_TO,0.847,CASE-2026-203
VEH-EXT-004359,P026,DL29NQ1521,2026-08-11T06:36:00,L040,SEEN_NEAR,0.918,CASE-2026-204
VEH-EXT-004360,P092,DL19RP402,2026-08-20T10:05:00,L007,REGISTERED_TO,0.927,CASE-2026-201
VEH-EXT-004361,P027,DL39KO3630,2026-08-09T18:44:00,L059,USED,0.849,CASE-2026-202
VEH-EXT-004362,P010,DL97KE9646,2026-08-31T21:06:00,L001,SEEN_NEAR,0.921,CASE-2026-203
VEH-EXT-004363,P109,DL02DI9818,2026-08-24T08:22:00,L016,USED,0.945,CASE-2026-204
VEH-EXT-004364,P073,DL11LW2713,2026-08-14T09:23:00,L031,USED,0.832,CASE-2026-201
VEH-EXT-004365,P102,DL95WC1257,2026-08-10T12:00:00,L031,USED,0.821,CASE-2026-202
VEH-EXT-004366,P072,DL11RY5327,2026-08-29T10:46:00,L040,USED,0.84,CASE-2026-203
VEH-EXT-004367,P107,DL21CR2848,2026-08-19T22:56:00,L050,REGISTERED_TO,0.909,CASE-2026-204
VEH-EXT-004368,P047,DL54IH5621,2026-08-07T11:36:00,L052,SEEN_NEAR,0.972,CASE-2026-201
VEH-EXT-004369,P036,DL11RY5327,2026-08-17T01:37:00,L050,SEEN_NEAR,0.915,CASE-2026-202
VEH-EXT-004370,P068,DL27TR2259,2026-08-23T17:28:00,L011,SEEN_NEAR,0.9,CASE-2026-203
VEH-EXT-004371,P019,DL54IH5621,2026-08-30T23:31:00,L049,USED,0.9,CASE-2026-204
VEH-EXT-004372,P066,DL90BO260,2026-08-03T05:43:00,L017,REGISTERED_TO,0.888,CASE-2026-201
VEH-EXT-004373,P019,DL55HK5801,2026-08-01T22:23:00,L009,USED,0.96,CASE-2026-202
VEH-EXT-004374,P055,DL02DI9818,2026-08-11T00:01:00,L021,REGISTERED_TO,0.922,CASE-2026-203
VEH-EXT-004375,P076,DL37ZL3820,2026-08-13T06:40:00,L033,USED,0.916,CASE-2026-204
VEH-EXT-004376,P004,DL08OD4328,2026-08-03T07:01:00,L039,REGISTERED_TO,0.946,CASE-2026-201
VEH-EXT-004377,P083,DL52CI2878,2026-08-04T22:26:00,L024,SEEN_NEAR,0.848,CASE-2026-202
VEH-EXT-004378,P008,DL25EU426,2026-08-26T20:28:00,L035,REGISTERED_TO,0.857,CASE-2026-203
VEH-EXT-004379,P104,DL83IA4683,2026-08-07T21:31:00,L012,SEEN_NEAR,0.94,CASE-2026-204
VEH-EXT-004380,P072,DL64KI2394,2026-08-26T03:28:00,L028,REGISTERED_TO,0.953,CASE-2026-201
VEH-EXT-004381,P002,DL78RJ114,2026-08-03T10:43:00,L044,REGISTERED_TO,0.815,CASE-2026-202
VEH-EXT-004382,P099,DL40KE1882,2026-08-02T02:15:00,L035,USED,0.956,CASE-2026-203
VEH-EXT-004383,P023,DL88TU6321,2026-08-29T07:12:00,L021,REGISTERED_TO,0.817,CASE-2026-204
VEH-EXT-004384,P119,DL66UN3298,2026-08-17T03:47:00,L023,USED,0.845,CASE-2026-201
VEH-EXT-004385,P025,DL81WK7335,2026-08-18T04:45:00,L012,USED,0.967,CASE-2026-202
VEH-EXT-004386,P085,DL54IH5621,2026-08-19T05:19:00,L018,REGISTERED_TO,0.89,CASE-2026-203
VEH-EXT-004387,P060,DL47RB786,2026-08-02T07:12:00,L019,REGISTERED_TO,0.963,CASE-2026-204
VEH-EXT-004388,P020,DL11RY5327,2026-08-18T06:23:00,L046,REGISTERED_TO,0.832,CASE-2026-201
VEH-EXT-004389,P057,DL52CI2878,2026-08-19T08:33:00,L059,USED,0.802,CASE-2026-202
VEH-EXT-004390,P009,DL24MH626,2026-08-07T12:58:00,L008,USED,0.907,CASE-2026-203
VEH-EXT-004391,P055,DL55HK5801,2026-08-22T12:07:00,L049,SEEN_NEAR,0.807,CASE-2026-204
VEH-EXT-004392,P061,DL83IA4683,2026-08-08T02:28:00,L029,REGISTERED_TO,0.825,CASE-2026-201
VEH-EXT-004393,P052,DL81WK7335,2026-08-13T07:25:00,L026,USED,0.9,CASE-2026-202
VEH-EXT-004394,P043,DL87WU7148,2026-08-11T08:42:00,L040,REGISTERED_TO,0.842,CASE-2026-203
VEH-EXT-004395,P020,DL92OY5424,2026-08-09T05:43:00,L021,USED,0.808,CASE-2026-204
VEH-EXT-004396,P085,DL81KA7608,2026-08-18T11:25:00,L047,USED,0.884,CASE-2026-201
VEH-EXT-004397,P049,DL55HK5801,2026-08-21T20:13:00,L032,REGISTERED_TO,0.905,CASE-2026-202
VEH-EXT-004398,P074,DL32TC7932,2026-08-06T02:39:00,L049,SEEN_NEAR,0.813,CASE-2026-203
VEH-EXT-004399,P112,DL08LO7279,2026-08-22T22:12:00,L047,SEEN_NEAR,0.951,CASE-2026-204
VEH-EXT-004400,P045,DL62IT2591,2026-08-12T09:55:00,L026,REGISTERED_TO,0.977,CASE-2026-201
VEH-EXT-004401,P005,DL90JQ8495,2026-08-10T08:17:00,L030,SEEN_NEAR,0.925,CASE-2026-202
VEH-EXT-004402,P053,DL85RA6801,2026-08-20T23:19:00,L027,USED,0.874,CASE-2026-203
VEH-EXT-004403,P089,DL87WU7148,2026-08-27T02:36:00,L044,SEEN_NEAR,0.933,CASE-2026-204
VEH-EXT-004404,P080,DL09HU7907,2026-08-06T02:07:00,L021,REGISTERED_TO,0.928,CASE-2026-201
VEH-EXT-004405,P015,DL82IT8140,2026-08-09T17:07:00,L046,SEEN_NEAR,0.941,CASE-2026-202
VEH-EXT-004406,P040,DL43ON9088,2026-08-08T22:00:00,L053,SEEN_NEAR,0.803,CASE-2026-203
VEH-EXT-004407,P074,DL76KI5135,2026-08-18T13:52:00,L033,REGISTERED_TO,0.894,CASE-2026-204
VEH-EXT-004408,P075,DL39UR4920,2026-08-03T13:01:00,L052,REGISTERED_TO,0.987,CASE-2026-201
VEH-EXT-004409,P025,DL92OY5424,2026-08-28T00:55:00,L035,USED,0.89,CASE-2026-202
VEH-EXT-004410,P008,DL54IS4434,2026-08-04T06:49:00,L023,SEEN_NEAR,0.81,CASE-2026-203
VEH-EXT-004411,P119,DL32TC7932,2026-08-19T19:09:00,L011,SEEN_NEAR,0.978,CASE-2026-204
VEH-EXT-004412,P006,DL39UR4920,2026-08-30T19:28:00,L039,USED,0.848,CASE-2026-201
VEH-EXT-004413,P007,DL60HV9768,2026-08-18T00:54:00,L052,REGISTERED_TO,0.873,CASE-2026-202
VEH-EXT-004414,P082,DL85LZ6022,2026-08-01T09:04:00,L050,USED,0.851,CASE-2026-203
VEH-EXT-004415,P093,DL64KI2394,2026-08-18T17:38:00,L030,REGISTERED_TO,0.951,CASE-2026-204
VEH-EXT-004416,P060,DL90JQ8495,2026-08-04T14:11:00,L059,USED,0.881,CASE-2026-201
VEH-EXT-004417,P042,DL85LZ6022,2026-08-08T09:43:00,L018,USED,0.872,CASE-2026-202
VEH-EXT-004418,P081,DL08LO7279,2026-08-09T08:07:00,L011,USED,0.887,CASE-2026-203
VEH-EXT-004419,P074,DL24MH626,2026-08-26T23:37:00,L024,REGISTERED_TO,0.953,CASE-2026-204
VEH-EXT-004420,P029,DL92OY5424,2026-08-22T09:45:00,L006,REGISTERED_TO,0.848,CASE-2026-201
VEH-EXT-004421,P046,DL27TR2259,2026-08-12T19:00:00,L021,USED,0.918,CASE-2026-202
VEH-EXT-004422,P002,DL23OP9685,2026-08-29T20:45:00,L012,REGISTERED_TO,0.895,CASE-2026-203
VEH-EXT-004423,P086,DL08LO7279,2026-08-01T02:51:00,L031,SEEN_NEAR,0.92,CASE-2026-204
VEH-EXT-004424,P061,DL09NH8413,2026-08-22T02:27:00,L037,SEEN_NEAR,0.901,CASE-2026-201
VEH-EXT-004425,P037,DL09NH8413,2026-08-31T12:26:00,L011,REGISTERED_TO,0.939,CASE-2026-202
VEH-EXT-004426,P098,DL87UB2945,2026-08-16T16:57:00,L015,SEEN_NEAR,0.917,CASE-2026-203
VEH-EXT-004427,P113,DL90JQ8495,2026-08-21T22:28:00,L030,SEEN_NEAR,0.975,CASE-2026-204
VEH-EXT-004428,P088,DL82LI7730,2026-08-24T03:02:00,L021,REGISTERED_TO,0.898,CASE-2026-201
VEH-EXT-004429,P047,DL85RA6801,2026-08-20T08:11:00,L039,USED,0.924,CASE-2026-202
VEH-EXT-004430,P054,DL44KV6735,2026-08-07T20:44:00,L005,REGISTERED_TO,0.914,CASE-2026-203
VEH-EXT-004431,P079,DL19RP402,2026-08-22T11:02:00,L060,REGISTERED_TO,0.925,CASE-2026-204
VEH-EXT-004432,P076,DL54IH5621,2026-08-04T09:34:00,L044,USED,0.842,CASE-2026-201
VEH-EXT-004433,P024,DL39KO3630,2026-08-08T18:42:00,L054,REGISTERED_TO,0.808,CASE-2026-202
VEH-EXT-004434,P062,DL81WK7335,2026-08-18T19:28:00,L057,SEEN_NEAR,0.971,CASE-2026-203
VEH-EXT-004435,P018,DL64KI2394,2026-08-27T02:23:00,L008,REGISTERED_TO,0.864,CASE-2026-204
VEH-EXT-004436,P009,DL09NH8413,2026-08-31T03:07:00,L025,SEEN_NEAR,0.856,CASE-2026-201
VEH-EXT-004437,P118,DL24MH626,2026-08-10T06:27:00,L025,SEEN_NEAR,0.939,CASE-2026-202
VEH-EXT-004438,P018,DL75AQ7501,2026-08-14T05:00:00,L041,REGISTERED_TO,0.812,CASE-2026-203
VEH-EXT-004439,P077,DL34VM1567,2026-08-15T15:54:00,L018,SEEN_NEAR,0.947,CASE-2026-204
VEH-EXT-004440,P113,DL08LO7279,2026-08-10T08:34:00,L031,REGISTERED_TO,0.825,CASE-2026-201
VEH-EXT-004441,P033,DL57KK8244,2026-08-18T14:55:00,L004,USED,0.85,CASE-2026-202
VEH-EXT-004442,P008,DL21CR2848,2026-08-28T22:10:00,L035,USED,0.986,CASE-2026-203
VEH-EXT-004443,P092,DL82LI7730,2026-08-05T01:53:00,L049,USED,0.896,CASE-2026-204
VEH-EXT-004444,P085,DL29HQ8356,2026-08-02T10:54:00,L009,SEEN_NEAR,0.888,CASE-2026-201
VEH-EXT-004445,P049,DL27TR2259,2026-08-20T00:24:00,L010,SEEN_NEAR,0.83,CASE-2026-202
VEH-EXT-004446,P007,DL90BO260,2026-08-10T09:57:00,L027,USED,0.861,CASE-2026-203
VEH-EXT-004447,P045,DL78RJ114,2026-08-31T05:23:00,L005,USED,0.971,CASE-2026-204
VEH-EXT-004448,P077,DL66UN3298,2026-08-07T01:02:00,L015,SEEN_NEAR,0.952,CASE-2026-201
VEH-EXT-004449,P085,DL32ME5177,2026-08-02T07:09:00,L002,USED,0.862,CASE-2026-202
VEH-EXT-004450,P022,DL82IT8140,2026-08-20T20:26:00,L028,USED,0.966,CASE-2026-203
VEH-EXT-004451,P052,DL60HV9768,2026-08-19T07:13:00,L019,REGISTERED_TO,0.841,CASE-2026-204
VEH-EXT-004452,P103,DL82LI7730,2026-08-16T06:38:00,L046,REGISTERED_TO,0.847,CASE-2026-201
VEH-EXT-004453,P075,DL11RY5327,2026-08-05T06:03:00,L055,USED,0.939,CASE-2026-202
VEH-EXT-004454,P061,DL83IA4683,2026-08-25T19:52:00,L042,REGISTERED_TO,0.932,CASE-2026-203
VEH-EXT-004455,P032,DL08OD4328,2026-08-15T01:15:00,L045,SEEN_NEAR,0.899,CASE-2026-204
VEH-EXT-004456,P037,DL30XV997,2026-08-14T12:06:00,L045,USED,0.934,CASE-2026-201
VEH-EXT-004457,P080,DL16HB2805,2026-08-15T09:46:00,L030,REGISTERED_TO,0.965,CASE-2026-202
VEH-EXT-004458,P025,DL54IS4434,2026-08-19T19:58:00,L057,SEEN_NEAR,0.946,CASE-2026-203
VEH-EXT-004459,P099,DL35GZ4233,2026-08-29T07:52:00,L020,USED,0.81,CASE-2026-204
VEH-EXT-004460,P106,DL79FI6946,2026-08-01T11:14:00,L046,REGISTERED_TO,0.983,CASE-2026-201
VEH-EXT-004461,P057,DL76KI5135,2026-08-31T05:40:00,L043,SEEN_NEAR,0.949,CASE-2026-202
VEH-EXT-004462,P012,DL08OD4328,2026-08-15T08:33:00,L032,USED,0.922,CASE-2026-203
VEH-EXT-004463,P026,DL96VS1319,2026-08-25T06:07:00,L021,SEEN_NEAR,0.868,CASE-2026-204
VEH-EXT-004464,P082,DL02HV3719,2026-08-31T16:46:00,L021,SEEN_NEAR,0.945,CASE-2026-201
VEH-EXT-004465,P015,DL89YG8738,2026-08-14T15:33:00,L055,REGISTERED_TO,0.893,CASE-2026-202
VEH-EXT-004466,P108,DL08LO7279,2026-08-15T11:28:00,L059,SEEN_NEAR,0.959,CASE-2026-203
VEH-EXT-004467,P061,DL16HB2805,2026-08-25T23:21:00,L023,USED,0.857,CASE-2026-204
VEH-EXT-004468,P095,DL40GM3739,2026-08-19T22:35:00,L060,REGISTERED_TO,0.829,CASE-2026-201
VEH-EXT-004469,P006,DL52CI2878,2026-08-20T21:52:00,L036,SEEN_NEAR,0.891,CASE-2026-202
VEH-EXT-004470,P041,DL76KI5135,2026-08-28T18:22:00,L021,SEEN_NEAR,0.853,CASE-2026-203
VEH-EXT-004471,P099,DL50AJ3222,2026-08-17T13:00:00,L034,SEEN_NEAR,0.886,CASE-2026-204
VEH-EXT-004472,P057,DL21CR2848,2026-08-29T15:52:00,L053,SEEN_NEAR,0.813,CASE-2026-201
VEH-EXT-004473,P066,DL82LI7730,2026-08-03T20:15:00,L037,USED,0.92,CASE-2026-202
VEH-EXT-004474,P031,DL08OD4328,2026-08-30T10:41:00,L013,SEEN_NEAR,0.94,CASE-2026-203
VEH-EXT-004475,P004,DL90BO260,2026-08-14T05:50:00,L047,USED,0.852,CASE-2026-204
VEH-EXT-004476,P013,DL44KV6735,2026-08-11T15:19:00,L056,SEEN_NEAR,0.968,CASE-2026-201
VEH-EXT-004477,P105,DL47RB786,2026-08-21T18:14:00,L059,SEEN_NEAR,0.805,CASE-2026-202
VEH-EXT-004478,P059,DL57KK8244,2026-08-17T22:35:00,L034,SEEN_NEAR,0.849,CASE-2026-203
VEH-EXT-004479,P109,DL29NQ1521,2026-08-16T13:47:00,L002,REGISTERED_TO,0.876,CASE-2026-204
VEH-EXT-004480,P113,DL47TY509,2026-08-25T09:53:00,L034,REGISTERED_TO,0.909,CASE-2026-201
VEH-EXT-004481,P035,DL54IS4434,2026-08-28T19:20:00,L031,USED,0.88,CASE-2026-202
VEH-EXT-004482,P085,DL23OP9685,2026-08-18T08:26:00,L052,REGISTERED_TO,0.8,CASE-2026-203
VEH-EXT-004483,P063,DL16HB2805,2026-08-27T01:09:00,L046,USED,0.936,CASE-2026-204
VEH-EXT-004484,P109,DL86XA3578,2026-08-27T02:39:00,L013,SEEN_NEAR,0.84,CASE-2026-201
VEH-EXT-004485,P104,DL08LO7279,2026-08-07T23:54:00,L054,USED,0.809,CASE-2026-202
VEH-EXT-004486,P030,DL09HU7907,2026-08-06T20:41:00,L040,SEEN_NEAR,0.802,CASE-2026-203
VEH-EXT-004487,P069,DL32TC7932,2026-08-25T14:40:00,L033,SEEN_NEAR,0.842,CASE-2026-204
VEH-EXT-004488,P019,DL47TY509,2026-08-07T13:34:00,L051,REGISTERED_TO,0.971,CASE-2026-201
VEH-EXT-004489,P102,DL40GM3739,2026-08-15T09:11:00,L039,SEEN_NEAR,0.857,CASE-2026-202
VEH-EXT-004490,P026,DL16HB2805,2026-08-22T05:13:00,L008,REGISTERED_TO,0.968,CASE-2026-203
VEH-EXT-004491,P042,DL78RJ114,2026-08-24T02:26:00,L038,SEEN_NEAR,0.942,CASE-2026-204
VEH-EXT-004492,P016,DL52CI2878,2026-08-27T17:57:00,L030,SEEN_NEAR,0.876,CASE-2026-201
VEH-EXT-004493,P009,DL91QF4618,2026-08-14T00:21:00,L029,SEEN_NEAR,0.973,CASE-2026-202
VEH-EXT-004494,P101,DL29HQ8356,2026-08-13T14:38:00,L036,USED,0.946,CASE-2026-203
VEH-EXT-004495,P118,DL08LO7279,2026-08-14T10:50:00,L028,REGISTERED_TO,0.86,CASE-2026-204
VEH-EXT-004496,P036,DL04JV9196,2026-08-25T23:43:00,L024,REGISTERED_TO,0.913,CASE-2026-201
VEH-EXT-004497,P120,DL24MH626,2026-08-21T16:47:00,L029,USED,0.83,CASE-2026-202
VEH-EXT-004498,P046,DL25EU426,2026-08-27T19:48:00,L012,USED,0.982,CASE-2026-203
VEH-EXT-004499,P111,DL24MH626,2026-08-30T03:27:00,L022,REGISTERED_TO,0.947,CASE-2026-204
VEH-EXT-004500,P009,DL66UN3298,2026-08-04T08:47:00,L023,SEEN_NEAR,0.947,CASE-2026-201
VEH-EXT-004501,P066,DL87WU7148,2026-08-20T19:37:00,L059,SEEN_NEAR,0.834,CASE-2026-202
VEH-EXT-004502,P117,DL02DI9818,2026-08-02T18:20:00,L017,REGISTERED_TO,0.871,CASE-2026-203
VEH-EXT-004503,P029,DL47RB786,2026-08-09T01:12:00,L048,REGISTERED_TO,0.88,CASE-2026-204
VEH-EXT-004504,P006,DL88TU6321,2026-08-14T11:47:00,L050,USED,0.807,CASE-2026-201
VEH-EXT-004505,P110,DL08LO7279,2026-08-25T12:28:00,L055,REGISTERED_TO,0.899,CASE-2026-202
VEH-EXT-004506,P030,DL30XV997,2026-08-14T21:30:00,L046,USED,0.829,CASE-2026-203
VEH-EXT-004507,P093,DL60UM9514,2026-08-27T23:05:00,L022,SEEN_NEAR,0.873,CASE-2026-204
VEH-EXT-004508,P088,DL05LU5710,2026-08-20T21:41:00,L033,REGISTERED_TO,0.849,CASE-2026-201
VEH-EXT-004509,P045,DL90BO260,2026-08-16T23:46:00,L046,USED,0.897,CASE-2026-202
VEH-EXT-004510,P054,DL90JQ8495,2026-08-17T06:28:00,L043,USED,0.936,CASE-2026-203
VEH-EXT-004511,P036,DL07HB2247,2026-08-22T11:17:00,L017,USED,0.851,CASE-2026-204
VEH-EXT-004512,P060,DL49SF8485,2026-08-30T19:03:00,L060,USED,0.806,CASE-2026-201
VEH-EXT-004513,P066,DL87WU7148,2026-08-16T10:16:00,L047,REGISTERED_TO,0.803,CASE-2026-202
VEH-EXT-004514,P030,DL47RB786,2026-08-09T04:42:00,L060,USED,0.838,CASE-2026-203
VEH-EXT-004515,P107,DL82IT8140,2026-08-26T11:29:00,L021,USED,0.889,CASE-2026-204
VEH-EXT-004516,P099,DL64KI2394,2026-08-12T04:38:00,L016,REGISTERED_TO,0.936,CASE-2026-201
VEH-EXT-004517,P056,DL78RJ114,2026-08-31T13:08:00,L050,USED,0.986,CASE-2026-202
VEH-EXT-004518,P043,DL28QO9746,2026-08-28T06:13:00,L040,USED,0.931,CASE-2026-203
VEH-EXT-004519,P079,DL82IT8140,2026-08-10T04:16:00,L008,SEEN_NEAR,0.933,CASE-2026-204
VEH-EXT-004520,P077,DL43ON9088,2026-08-23T01:01:00,L001,USED,0.964,CASE-2026-201
VEH-EXT-004521,P101,DL07HB2247,2026-08-21T16:08:00,L036,SEEN_NEAR,0.915,CASE-2026-202
VEH-EXT-004522,P021,DL65MS3221,2026-08-11T02:14:00,L007,REGISTERED_TO,0.891,CASE-2026-203
VEH-EXT-004523,P107,DL55MZ1375,2026-08-15T12:26:00,L038,USED,0.953,CASE-2026-204
VEH-EXT-004524,P110,DL47RB786,2026-08-06T12:12:00,L010,SEEN_NEAR,0.945,CASE-2026-201
VEH-EXT-004525,P021,DL30XV997,2026-08-09T11:41:00,L047,USED,0.882,CASE-2026-202
VEH-EXT-004526,P012,DL23OP9685,2026-08-19T10:44:00,L019,REGISTERED_TO,0.841,CASE-2026-203
VEH-EXT-004527,P067,DL60UM9514,2026-08-28T20:54:00,L032,SEEN_NEAR,0.926,CASE-2026-204
VEH-EXT-004528,P062,DL50AJ3222,2026-08-13T01:04:00,L047,SEEN_NEAR,0.986,CASE-2026-201
VEH-EXT-004529,P055,DL08OD4328,2026-08-31T13:49:00,L006,SEEN_NEAR,0.86,CASE-2026-202
VEH-EXT-004530,P041,DL50AJ3222,2026-08-05T10:31:00,L038,REGISTERED_TO,0.917,CASE-2026-203
VEH-EXT-004531,P094,DL90BO260,2026-08-23T18:09:00,L054,USED,0.834,CASE-2026-204
VEH-EXT-004532,P032,DL90BO260,2026-08-04T07:02:00,L033,USED,0.905,CASE-2026-201
VEH-EXT-004533,P078,DL02DI9818,2026-08-22T19:54:00,L053,REGISTERED_TO,0.955,CASE-2026-202
VEH-EXT-004534,P081,DL11RY5327,2026-08-22T23:32:00,L031,SEEN_NEAR,0.872,CASE-2026-203
VEH-EXT-004535,P004,DL97KE9646,2026-08-20T12:50:00,L011,USED,0.878,CASE-2026-204
VEH-EXT-004536,P045,DL54IS4434,2026-08-27T16:41:00,L023,REGISTERED_TO,0.906,CASE-2026-201
VEH-EXT-004537,P094,DL37ZL3820,2026-08-01T02:44:00,L055,SEEN_NEAR,0.807,CASE-2026-202
VEH-EXT-004538,P083,DL28QO9746,2026-08-25T16:20:00,L012,REGISTERED_TO,0.953,CASE-2026-203
VEH-EXT-004539,P070,DL43ON9088,2026-08-26T18:26:00,L013,SEEN_NEAR,0.934,CASE-2026-204
VEH-EXT-004540,P047,DL29HQ8356,2026-08-06T12:42:00,L028,SEEN_NEAR,0.92,CASE-2026-201
VEH-EXT-004541,P011,DL32TC7932,2026-08-22T14:50:00,L047,USED,0.977,CASE-2026-202
VEH-EXT-004542,P017,DL08OD4328,2026-08-12T14:33:00,L007,SEEN_NEAR,0.945,CASE-2026-203
VEH-EXT-004543,P020,DL66UN3298,2026-08-09T14:36:00,L025,REGISTERED_TO,0.88,CASE-2026-204
VEH-EXT-004544,P110,DL23OP9685,2026-08-27T18:48:00,L050,SEEN_NEAR,0.826,CASE-2026-201
VEH-EXT-004545,P072,DL24MH626,2026-08-07T18:40:00,L054,REGISTERED_TO,0.919,CASE-2026-202
VEH-EXT-004546,P055,DL55MZ1375,2026-08-13T23:22:00,L019,USED,0.897,CASE-2026-203
VEH-EXT-004547,P016,DL60UM9514,2026-08-16T20:38:00,L043,SEEN_NEAR,0.957,CASE-2026-204
VEH-EXT-004548,P075,DL32ME5177,2026-08-22T14:53:00,L003,USED,0.94,CASE-2026-201
VEH-EXT-004549,P084,DL29HQ8356,2026-08-06T00:56:00,L002,SEEN_NEAR,0.936,CASE-2026-202
VEH-EXT-004550,P078,DL04PO5412,2026-08-22T15:53:00,L027,USED,0.828,CASE-2026-203
VEH-EXT-004551,P005,DL04ES2001,2026-08-29T11:02:00,L035,SEEN_NEAR,0.887,CASE-2026-204
VEH-EXT-004552,P059,DL81KA7608,2026-08-23T13:31:00,L049,USED,0.847,CASE-2026-201
VEH-EXT-004553,P096,DL40GM3739,2026-08-24T18:21:00,L032,USED,0.858,CASE-2026-202
VEH-EXT-004554,P015,DL66UN3298,2026-08-07T15:11:00,L032,USED,0.918,CASE-2026-203
VEH-EXT-004555,P113,DL08OD4328,2026-08-16T05:09:00,L025,SEEN_NEAR,0.806,CASE-2026-204
VEH-EXT-004556,P060,DL60PX9735,2026-08-05T00:44:00,L010,SEEN_NEAR,0.934,CASE-2026-201
VEH-EXT-004557,P118,DL40KE1882,2026-08-13T02:27:00,L008,SEEN_NEAR,0.886,CASE-2026-202
VEH-EXT-004558,P014,DL44KV6735,2026-08-01T06:34:00,L042,USED,0.954,CASE-2026-203
VEH-EXT-004559,P043,DL88SX6044,2026-08-31T06:26:00,L056,SEEN_NEAR,0.985,CASE-2026-204
VEH-EXT-004560,P065,DL90BO260,2026-08-14T20:14:00,L021,SEEN_NEAR,0.908,CASE-2026-201
VEH-EXT-004561,P076,DL55MZ1375,2026-08-20T14:32:00,L017,USED,0.825,CASE-2026-202
VEH-EXT-004562,P018,DL83IA4683,2026-08-30T19:26:00,L036,REGISTERED_TO,0.907,CASE-2026-203
VEH-EXT-004563,P100,DL35GZ4233,2026-08-17T02:06:00,L021,REGISTERED_TO,0.807,CASE-2026-204
VEH-EXT-004564,P082,DL08LO7279,2026-08-27T07:06:00,L039,REGISTERED_TO,0.969,CASE-2026-201
VEH-EXT-004565,P114,DL08LO7279,2026-08-02T19:48:00,L014,USED,0.912,CASE-2026-202
VEH-EXT-004566,P001,DL64KI2394,2026-08-09T08:53:00,L004,REGISTERED_TO,0.84,CASE-2026-203
VEH-EXT-004567,P099,DL30XV997,2026-08-24T06:37:00,L021,REGISTERED_TO,0.961,CASE-2026-204
VEH-EXT-004568,P025,DL83IA4683,2026-08-09T23:56:00,L058,USED,0.943,CASE-2026-201
VEH-EXT-004569,P043,DL55MZ1375,2026-08-04T16:14:00,L028,USED,0.914,CASE-2026-202
VEH-EXT-004570,P015,DL95WC1257,2026-08-19T12:35:00,L031,REGISTERED_TO,0.87,CASE-2026-203
VEH-EXT-004571,P106,DL19RP402,2026-08-25T21:22:00,L011,SEEN_NEAR,0.811,CASE-2026-204
VEH-EXT-004572,P035,DL78RJ114,2026-08-07T06:12:00,L017,REGISTERED_TO,0.804,CASE-2026-201
VEH-EXT-004573,P028,DL21CR2848,2026-08-17T07:46:00,L059,REGISTERED_TO,0.967,CASE-2026-202
VEH-EXT-004574,P077,DL34VM1567,2026-08-30T07:01:00,L015,REGISTERED_TO,0.853,CASE-2026-203
VEH-EXT-004575,P073,DL41GX5949,2026-08-03T22:28:00,L005,USED,0.81,CASE-2026-204
VEH-EXT-004576,P076,DL47RB786,2026-08-14T13:29:00,L057,USED,0.813,CASE-2026-201
VEH-EXT-004577,P096,DL08LO7279,2026-08-04T08:09:00,L008,USED,0.826,CASE-2026-202
VEH-EXT-004578,P109,DL09NH8413,2026-08-13T16:04:00,L044,REGISTERED_TO,0.923,CASE-2026-203
VEH-EXT-004579,P021,DL07HB2247,2026-08-30T04:41:00,L004,REGISTERED_TO,0.954,CASE-2026-204
VEH-EXT-004580,P038,DL88TU6321,2026-08-25T19:05:00,L025,REGISTERED_TO,0.916,CASE-2026-201
VEH-EXT-004581,P113,DL60PX9735,2026-08-09T17:25:00,L051,SEEN_NEAR,0.876,CASE-2026-202
VEH-EXT-004582,P032,DL57KK8244,2026-08-15T20:33:00,L001,REGISTERED_TO,0.857,CASE-2026-203
VEH-EXT-004583,P003,DL65MS3221,2026-08-14T05:55:00,L053,USED,0.891,CASE-2026-204
VEH-EXT-004584,P002,DL90BO260,2026-08-01T23:18:00,L054,REGISTERED_TO,0.976,CASE-2026-201
VEH-EXT-004585,P031,DL89YG8738,2026-08-01T17:44:00,L033,REGISTERED_TO,0.887,CASE-2026-202
VEH-EXT-004586,P057,DL82LI7730,2026-08-06T12:31:00,L030,REGISTERED_TO,0.913,CASE-2026-203
VEH-EXT-004587,P027,DL39GZ1214,2026-08-23T13:12:00,L013,SEEN_NEAR,0.855,CASE-2026-204
VEH-EXT-004588,P042,DL04PO5412,2026-08-06T04:27:00,L016,REGISTERED_TO,0.964,CASE-2026-201
VEH-EXT-004589,P116,DL47RB786,2026-08-08T03:44:00,L001,REGISTERED_TO,0.914,CASE-2026-202
VEH-EXT-004590,P109,DL05LU5710,2026-08-15T00:09:00,L050,USED,0.929,CASE-2026-203
VEH-EXT-004591,P049,DL75AQ7501,2026-08-25T04:47:00,L023,USED,0.848,CASE-2026-204
VEH-EXT-004592,P054,DL05LU5710,2026-08-13T16:58:00,L022,SEEN_NEAR,0.828,CASE-2026-201
VEH-EXT-004593,P006,DL39GZ1214,2026-08-21T18:06:00,L018,REGISTERED_TO,0.878,CASE-2026-202
VEH-EXT-004594,P023,DL47RB786,2026-08-24T08:20:00,L017,USED,0.881,CASE-2026-203
VEH-EXT-004595,P053,DL82LI7730,2026-08-04T14:56:00,L009,USED,0.879,CASE-2026-204
VEH-EXT-004596,P069,DL04ES2001,2026-08-29T09:11:00,L046,SEEN_NEAR,0.886,CASE-2026-201
VEH-EXT-004597,P097,DL54IH5621,2026-08-12T05:08:00,L056,REGISTERED_TO,0.879,CASE-2026-202
VEH-EXT-004598,P067,DL55HK5801,2026-08-18T20:16:00,L019,USED,0.873,CASE-2026-203
VEH-EXT-004599,P024,DL92OY5424,2026-08-10T06:33:00,L005,SEEN_NEAR,0.845,CASE-2026-204
VEH-EXT-004600,P031,DL23OP9685,2026-08-05T09:39:00,L001,USED,0.877,CASE-2026-201
VEH-EXT-004601,P014,DL95WC1257,2026-08-24T20:08:00,L056,REGISTERED_TO,0.973,CASE-2026-202
VEH-EXT-004602,P014,DL39UR4920,2026-08-31T18:19:00,L011,USED,0.817,CASE-2026-203
VEH-EXT-004603,P021,DL39UR4920,2026-08-10T16:43:00,L007,USED,0.947,CASE-2026-204
VEH-EXT-004604,P010,DL97KE9646,2026-08-05T18:07:00,L019,USED,0.918,CASE-2026-201
VEH-EXT-004605,P003,DL40KE1882,2026-08-11T22:17:00,L059,USED,0.833,CASE-2026-202
VEH-EXT-004606,P111,DL04JV9196,2026-08-17T18:18:00,L058,USED,0.828,CASE-2026-203
VEH-EXT-004607,P002,DL34VM1567,2026-08-03T05:20:00,L030,REGISTERED_TO,0.851,CASE-2026-204
VEH-EXT-004608,P079,DL27TR2259,2026-08-15T08:09:00,L046,REGISTERED_TO,0.855,CASE-2026-201
VEH-EXT-004609,P045,DL02DI9818,2026-08-06T06:27:00,L051,SEEN_NEAR,0.87,CASE-2026-202
VEH-EXT-004610,P062,DL83IA4683,2026-08-29T13:09:00,L054,SEEN_NEAR,0.896,CASE-2026-203
VEH-EXT-004611,P013,DL19RP402,2026-08-24T01:59:00,L051,SEEN_NEAR,0.909,CASE-2026-204
VEH-EXT-004612,P092,DL39UR4920,2026-08-22T09:02:00,L050,USED,0.988,CASE-2026-201
VEH-EXT-004613,P097,DL28QO9746,2026-08-01T12:17:00,L038,USED,0.804,CASE-2026-202
VEH-EXT-004614,P005,DL60HV9768,2026-08-19T17:23:00,L056,USED,0.91,CASE-2026-203
VEH-EXT-004615,P109,DL91QF4618,2026-08-18T21:53:00,L030,USED,0.902,CASE-2026-204
VEH-EXT-004616,P013,DL29HQ8356,2026-08-17T19:53:00,L053,SEEN_NEAR,0.9,CASE-2026-201
VEH-EXT-004617,P117,DL65MS3221,2026-08-28T06:58:00,L026,USED,0.963,CASE-2026-202
VEH-EXT-004618,P094,DL37ZL3820,2026-08-28T08:01:00,L022,REGISTERED_TO,0.9,CASE-2026-203
VEH-EXT-004619,P019,DL65MS3221,2026-08-12T17:36:00,L043,SEEN_NEAR,0.99,CASE-2026-204
VEH-EXT-004620,P046,DL88TU6321,2026-08-01T15:05:00,L030,USED,0.952,CASE-2026-201
VEH-EXT-004621,P109,DL05LU5710,2026-08-29T18:24:00,L020,USED,0.982,CASE-2026-202
VEH-EXT-004622,P058,DL37ZL3820,2026-08-20T18:08:00,L042,SEEN_NEAR,0.936,CASE-2026-203
VEH-EXT-004623,P018,DL81WK7335,2026-08-12T20:30:00,L052,USED,0.944,CASE-2026-204
VEH-EXT-004624,P117,DL79FI6946,2026-08-01T03:21:00,L046,REGISTERED_TO,0.915,CASE-2026-201
VEH-EXT-004625,P002,DL60PX9735,2026-08-06T04:12:00,L059,REGISTERED_TO,0.91,CASE-2026-202
VEH-EXT-004626,P064,DL57KK8244,2026-08-23T07:25:00,L035,USED,0.898,CASE-2026-203
VEH-EXT-004627,P056,DL63HW1705,2026-08-28T18:49:00,L024,SEEN_NEAR,0.837,CASE-2026-204
VEH-EXT-004628,P011,DL08LO7279,2026-08-08T04:26:00,L045,REGISTERED_TO,0.852,CASE-2026-201
VEH-EXT-004629,P030,DL09HU7907,2026-08-23T06:11:00,L014,USED,0.871,CASE-2026-202
VEH-EXT-004630,P019,DL85LZ6022,2026-08-15T21:53:00,L006,REGISTERED_TO,0.942,CASE-2026-203
VEH-EXT-004631,P060,DL52CI2878,2026-08-22T10:32:00,L045,USED,0.809,CASE-2026-204
VEH-EXT-004632,P079,DL75AQ7501,2026-08-25T00:23:00,L027,REGISTERED_TO,0.832,CASE-2026-201
VEH-EXT-004633,P025,DL41GX5949,2026-08-10T11:56:00,L042,REGISTERED_TO,0.97,CASE-2026-202
VEH-EXT-004634,P074,DL24MH626,2026-08-04T20:46:00,L006,REGISTERED_TO,0.87,CASE-2026-203
VEH-EXT-004635,P074,DL57KK8244,2026-08-04T08:24:00,L030,USED,0.875,CASE-2026-204
VEH-EXT-004636,P083,DL05LU5710,2026-08-23T10:17:00,L010,SEEN_NEAR,0.931,CASE-2026-201
VEH-EXT-004637,P120,DL54IH5621,2026-08-08T09:02:00,L044,REGISTERED_TO,0.817,CASE-2026-202
VEH-EXT-004638,P031,DL65MS3221,2026-08-04T19:12:00,L027,USED,0.902,CASE-2026-203
VEH-EXT-004639,P117,DL66UN3298,2026-08-22T08:29:00,L012,USED,0.924,CASE-2026-204
VEH-EXT-004640,P028,DL55MZ1375,2026-08-26T20:52:00,L019,USED,0.979,CASE-2026-201
VEH-EXT-004641,P015,DL23OP9685,2026-08-19T20:46:00,L033,REGISTERED_TO,0.954,CASE-2026-202
VEH-EXT-004642,P084,DL02HV3719,2026-08-25T00:37:00,L002,SEEN_NEAR,0.921,CASE-2026-203
VEH-EXT-004643,P082,DL24MH626,2026-08-29T08:57:00,L011,USED,0.844,CASE-2026-204
VEH-EXT-004644,P063,DL96VS1319,2026-08-17T01:15:00,L042,REGISTERED_TO,0.813,CASE-2026-201
VEH-EXT-004645,P041,DL75AQ7501,2026-08-07T09:50:00,L026,REGISTERED_TO,0.844,CASE-2026-202
VEH-EXT-004646,P085,DL04PO5412,2026-08-28T05:03:00,L008,USED,0.822,CASE-2026-203
VEH-EXT-004647,P071,DL97KE9646,2026-08-04T14:07:00,L037,REGISTERED_TO,0.971,CASE-2026-204
VEH-EXT-004648,P119,DL39GZ1214,2026-08-09T14:38:00,L031,SEEN_NEAR,0.926,CASE-2026-201
VEH-EXT-004649,P116,DL55HK5801,2026-08-31T15:32:00,L054,SEEN_NEAR,0.877,CASE-2026-202
VEH-EXT-004650,P008,DL87UB2945,2026-08-23T17:45:00,L026,USED,0.947,CASE-2026-203
VEH-EXT-004651,P019,DL55MZ1375,2026-08-28T23:34:00,L060,REGISTERED_TO,0.926,CASE-2026-204
VEH-EXT-004652,P097,DL50AJ3222,2026-08-20T18:40:00,L035,USED,0.871,CASE-2026-201
VEH-EXT-004653,P013,DL82IT8140,2026-08-20T18:43:00,L029,REGISTERED_TO,0.955,CASE-2026-202
VEH-EXT-004654,P015,DL62IT2591,2026-08-04T06:08:00,L045,SEEN_NEAR,0.847,CASE-2026-203
VEH-EXT-004655,P087,DL11RY5327,2026-08-11T14:20:00,L020,USED,0.873,CASE-2026-204
VEH-EXT-004656,P036,DL88TU6321,2026-08-06T06:31:00,L058,USED,0.905,CASE-2026-201
VEH-EXT-004657,P074,DL90JQ8495,2026-08-12T10:23:00,L011,SEEN_NEAR,0.84,CASE-2026-202
VEH-EXT-004658,P007,DL55MZ1375,2026-08-14T23:45:00,L005,REGISTERED_TO,0.887,CASE-2026-203
VEH-EXT-004659,P112,DL37ZL3820,2026-08-17T13:52:00,L029,REGISTERED_TO,0.938,CASE-2026-204
VEH-EXT-004660,P120,DL60PX9735,2026-08-19T06:49:00,L048,SEEN_NEAR,0.819,CASE-2026-201
VEH-EXT-004661,P006,DL08LO7279,2026-08-12T23:14:00,L033,USED,0.935,CASE-2026-202
VEH-EXT-004662,P051,DL90JQ8495,2026-08-07T23:22:00,L018,USED,0.809,CASE-2026-203
VEH-EXT-004663,P120,DL76KI5135,2026-08-10T12:43:00,L019,SEEN_NEAR,0.847,CASE-2026-204
VEH-EXT-004664,P006,DL63HW1705,2026-08-27T12:41:00,L039,USED,0.864,CASE-2026-201
VEH-EXT-004665,P114,DL88SX6044,2026-08-25T12:47:00,L025,USED,0.84,CASE-2026-202
VEH-EXT-004666,P077,DL95WC1257,2026-08-20T17:24:00,L005,USED,0.866,CASE-2026-203
VEH-EXT-004667,P067,DL09NH8413,2026-08-21T18:15:00,L050,REGISTERED_TO,0.824,CASE-2026-204
VEH-EXT-004668,P030,DL83IA4683,2026-08-02T21:21:00,L014,USED,0.971,CASE-2026-201
VEH-EXT-004669,P116,DL05LU5710,2026-08-21T18:19:00,L034,SEEN_NEAR,0.86,CASE-2026-202
VEH-EXT-004670,P050,DL87UB2945,2026-08-25T22:27:00,L007,USED,0.97,CASE-2026-203
VEH-EXT-004671,P008,DL50AJ3222,2026-08-25T04:23:00,L057,SEEN_NEAR,0.82,CASE-2026-204
VEH-EXT-004672,P024,DL07HB2247,2026-08-30T16:56:00,L008,USED,0.869,CASE-2026-201
VEH-EXT-004673,P095,DL62IT2591,2026-08-01T14:55:00,L031,SEEN_NEAR,0.954,CASE-2026-202
VEH-EXT-004674,P081,DL60UM9514,2026-08-01T18:59:00,L032,SEEN_NEAR,0.956,CASE-2026-203
VEH-EXT-004675,P028,DL57KK8244,2026-08-18T04:22:00,L044,USED,0.864,CASE-2026-204
VEH-EXT-004676,P001,DL40KE1882,2026-08-31T03:39:00,L005,SEEN_NEAR,0.828,CASE-2026-201
VEH-EXT-004677,P045,DL16HB2805,2026-08-09T18:48:00,L016,SEEN_NEAR,0.911,CASE-2026-202
VEH-EXT-004678,P062,DL90BO260,2026-08-09T15:55:00,L031,SEEN_NEAR,0.941,CASE-2026-203
VEH-EXT-004679,P053,DL96VS1319,2026-08-08T06:56:00,L021,USED,0.803,CASE-2026-204
VEH-EXT-004680,P036,DL39UR4920,2026-08-25T12:06:00,L048,SEEN_NEAR,0.922,CASE-2026-201
VEH-EXT-004681,P036,DL27TR2259,2026-08-29T05:11:00,L044,REGISTERED_TO,0.831,CASE-2026-202
VEH-EXT-004682,P070,DL27TR2259,2026-08-21T02:46:00,L032,REGISTERED_TO,0.823,CASE-2026-203
VEH-EXT-004683,P014,DL81KA7608,2026-08-12T14:47:00,L014,SEEN_NEAR,0.929,CASE-2026-204
VEH-EXT-004684,P018,DL29HQ8356,2026-08-31T12:36:00,L058,SEEN_NEAR,0.869,CASE-2026-201
VEH-EXT-004685,P013,DL64KI2394,2026-08-22T00:32:00,L053,SEEN_NEAR,0.853,CASE-2026-202
VEH-EXT-004686,P072,DL16HB2805,2026-08-29T10:54:00,L018,REGISTERED_TO,0.902,CASE-2026-203
VEH-EXT-004687,P060,DL05LU5710,2026-08-31T03:59:00,L048,USED,0.914,CASE-2026-204
VEH-EXT-004688,P116,DL60UM9514,2026-08-19T18:32:00,L052,REGISTERED_TO,0.851,CASE-2026-201
VEH-EXT-004689,P043,DL97KE9646,2026-08-12T04:48:00,L014,SEEN_NEAR,0.929,CASE-2026-202
VEH-EXT-004690,P108,DL54IH5621,2026-08-11T06:12:00,L046,USED,0.982,CASE-2026-203
VEH-EXT-004691,P034,DL81KA7608,2026-08-13T17:45:00,L059,SEEN_NEAR,0.972,CASE-2026-204
VEH-EXT-004692,P083,DL87WU7148,2026-08-25T19:12:00,L039,USED,0.83,CASE-2026-201
VEH-EXT-004693,P056,DL89YG8738,2026-08-25T15:25:00,L048,REGISTERED_TO,0.829,CASE-2026-202
VEH-EXT-004694,P085,DL66UN3298,2026-08-23T10:56:00,L008,USED,0.818,CASE-2026-203
VEH-EXT-004695,P067,DL78RJ114,2026-08-05T10:23:00,L039,REGISTERED_TO,0.981,CASE-2026-204
VEH-EXT-004696,P115,DL47RB786,2026-08-28T06:59:00,L011,USED,0.903,CASE-2026-201
VEH-EXT-004697,P035,DL90BO260,2026-08-28T07:15:00,L028,USED,0.834,CASE-2026-202
VEH-EXT-004698,P119,DL25EU426,2026-08-19T07:59:00,L004,REGISTERED_TO,0.98,CASE-2026-203
VEH-EXT-004699,P090,DL79FI6946,2026-08-14T19:48:00,L040,REGISTERED_TO,0.828,CASE-2026-204
VEH-EXT-004700,P079,DL76KI5135,2026-08-30T13:53:00,L030,REGISTERED_TO,0.817,CASE-2026-201
VEH-EXT-004701,P086,DL64KI2394,2026-08-09T23:10:00,L022,SEEN_NEAR,0.945,CASE-2026-202
VEH-EXT-004702,P104,DL65MS3221,2026-08-09T05:11:00,L011,USED,0.866,CASE-2026-203
VEH-EXT-004703,P079,DL85LZ6022,2026-08-26T06:56:00,L030,REGISTERED_TO,0.936,CASE-2026-204
VEH-EXT-004704,P118,DL08OD4328,2026-08-12T18:50:00,L015,REGISTERED_TO,0.948,CASE-2026-201
VEH-EXT-004705,P045,DL21CR2848,2026-08-24T01:15:00,L044,SEEN_NEAR,0.951,CASE-2026-202
VEH-EXT-004706,P090,DL89YG8738,2026-08-30T08:12:00,L029,REGISTERED_TO,0.802,CASE-2026-203
VEH-EXT-004707,P110,DL25EU426,2026-08-11T05:42:00,L005,REGISTERED_TO,0.807,CASE-2026-204
VEH-EXT-004708,P096,DL90BO260,2026-08-19T17:44:00,L041,REGISTERED_TO,0.987,CASE-2026-201
VEH-EXT-004709,P001,DL66UN3298,2026-08-07T14:23:00,L056,SEEN_NEAR,0.9,CASE-2026-202
VEH-EXT-004710,P041,DL60UM9514,2026-08-13T18:24:00,L054,USED,0.813,CASE-2026-203
VEH-EXT-004711,P092,DL27TR2259,2026-08-01T11:45:00,L029,USED,0.804,CASE-2026-204
VEH-EXT-004712,P094,DL32TC7932,2026-08-27T01:52:00,L044,REGISTERED_TO,0.943,CASE-2026-201
VEH-EXT-004713,P043,DL88TU6321,2026-08-20T23:48:00,L036,USED,0.93,CASE-2026-202
VEH-EXT-004714,P048,DL54IH5621,2026-08-12T00:32:00,L017,SEEN_NEAR,0.866,CASE-2026-203
VEH-EXT-004715,P056,DL81KA7608,2026-08-09T15:38:00,L051,SEEN_NEAR,0.828,CASE-2026-204
VEH-EXT-004716,P058,DL55MZ1375,2026-08-23T10:11:00,L010,SEEN_NEAR,0.899,CASE-2026-201
VEH-EXT-004717,P059,DL23OP9685,2026-08-26T00:51:00,L010,USED,0.954,CASE-2026-202
VEH-EXT-004718,P109,DL60UM9514,2026-08-26T13:25:00,L037,SEEN_NEAR,0.955,CASE-2026-203
VEH-EXT-004719,P093,DL19RP402,2026-08-03T02:13:00,L035,USED,0.857,CASE-2026-204
VEH-EXT-004720,P019,DL76KI5135,2026-08-14T00:45:00,L047,USED,0.803,CASE-2026-201
VEH-EXT-004721,P017,DL82IT8140,2026-08-02T00:38:00,L055,SEEN_NEAR,0.913,CASE-2026-202
VEH-EXT-004722,P068,DL29NQ1521,2026-08-10T10:42:00,L020,REGISTERED_TO,0.948,CASE-2026-203
VEH-EXT-004723,P042,DL44KV6735,2026-08-12T19:52:00,L021,SEEN_NEAR,0.851,CASE-2026-204
VEH-EXT-004724,P020,DL90BO260,2026-08-24T05:17:00,L042,REGISTERED_TO,0.94,CASE-2026-201
VEH-EXT-004725,P014,DL08OD4328,2026-08-16T21:06:00,L027,USED,0.935,CASE-2026-202
VEH-EXT-004726,P040,DL50AJ3222,2026-08-31T03:03:00,L008,SEEN_NEAR,0.854,CASE-2026-203
VEH-EXT-004727,P010,DL09NH8413,2026-08-11T01:49:00,L034,REGISTERED_TO,0.896,CASE-2026-204
VEH-EXT-004728,P008,DL65MS3221,2026-08-05T05:33:00,L056,USED,0.83,CASE-2026-201
VEH-EXT-004729,P012,DL60UM9514,2026-08-08T20:25:00,L005,REGISTERED_TO,0.972,CASE-2026-202
VEH-EXT-004730,P077,DL35GZ4233,2026-08-26T09:47:00,L052,REGISTERED_TO,0.824,CASE-2026-203
VEH-EXT-004731,P004,DL52CI2878,2026-08-17T16:57:00,L042,SEEN_NEAR,0.896,CASE-2026-204
VEH-EXT-004732,P113,DL07HB2247,2026-08-30T05:10:00,L049,SEEN_NEAR,0.983,CASE-2026-201
VEH-EXT-004733,P007,DL16HB2805,2026-08-31T02:34:00,L044,REGISTERED_TO,0.841,CASE-2026-202
VEH-EXT-004734,P013,DL04ES2001,2026-08-03T22:13:00,L056,USED,0.887,CASE-2026-203
VEH-EXT-004735,P009,DL44KV6735,2026-08-03T00:03:00,L050,REGISTERED_TO,0.842,CASE-2026-204
VEH-EXT-004736,P060,DL54IS4434,2026-08-19T16:12:00,L030,REGISTERED_TO,0.844,CASE-2026-201
VEH-EXT-004737,P057,DL09HU7907,2026-08-05T01:30:00,L005,REGISTERED_TO,0.837,CASE-2026-202
VEH-EXT-004738,P118,DL55MZ1375,2026-08-03T19:29:00,L004,SEEN_NEAR,0.845,CASE-2026-203
VEH-EXT-004739,P040,DL47TY509,2026-08-25T19:59:00,L036,REGISTERED_TO,0.853,CASE-2026-204
VEH-EXT-004740,P086,DL30XV997,2026-08-13T04:05:00,L059,USED,0.949,CASE-2026-201
VEH-EXT-004741,P032,DL88SX6044,2026-08-10T17:26:00,L005,SEEN_NEAR,0.873,CASE-2026-202
VEH-EXT-004742,P051,DL16HB2805,2026-08-16T00:46:00,L027,USED,0.802,CASE-2026-203
VEH-EXT-004743,P111,DL44KV6735,2026-08-24T08:08:00,L019,REGISTERED_TO,0.961,CASE-2026-204
VEH-EXT-004744,P080,DL30XV997,2026-08-26T16:35:00,L056,REGISTERED_TO,0.895,CASE-2026-201
VEH-EXT-004745,P096,DL32TC7932,2026-08-10T16:35:00,L023,REGISTERED_TO,0.85,CASE-2026-202
VEH-EXT-004746,P021,DL66UN3298,2026-08-27T19:25:00,L018,SEEN_NEAR,0.896,CASE-2026-203
VEH-EXT-004747,P010,DL50AJ3222,2026-08-20T23:21:00,L053,REGISTERED_TO,0.945,CASE-2026-204
VEH-EXT-004748,P099,DL91QF4618,2026-08-28T11:48:00,L014,SEEN_NEAR,0.881,CASE-2026-201
VEH-EXT-004749,P019,DL19RP402,2026-08-15T16:24:00,L006,USED,0.893,CASE-2026-202
VEH-EXT-004750,P001,DL32ME5177,2026-08-29T00:20:00,L039,SEEN_NEAR,0.969,CASE-2026-203
VEH-EXT-004751,P062,DL88TU6321,2026-08-21T07:42:00,L014,REGISTERED_TO,0.92,CASE-2026-204
VEH-EXT-004752,P093,DL47RB786,2026-08-20T22:33:00,L042,REGISTERED_TO,0.882,CASE-2026-201
VEH-EXT-004753,P113,DL96VS1319,2026-08-26T21:13:00,L049,USED,0.888,CASE-2026-202
VEH-EXT-004754,P114,DL87UB2945,2026-08-25T04:26:00,L015,SEEN_NEAR,0.909,CASE-2026-203
VEH-EXT-004755,P054,DL49SF8485,2026-08-13T16:11:00,L058,SEEN_NEAR,0.966,CASE-2026-204
VEH-EXT-004756,P047,DL11LW2713,2026-08-09T01:49:00,L054,REGISTERED_TO,0.955,CASE-2026-201
VEH-EXT-004757,P083,DL21CR2848,2026-08-21T11:04:00,L036,REGISTERED_TO,0.988,CASE-2026-202
VEH-EXT-004758,P022,DL43ON9088,2026-08-22T13:52:00,L048,USED,0.821,CASE-2026-203
VEH-EXT-004759,P045,DL04ES2001,2026-08-07T22:56:00,L051,REGISTERED_TO,0.937,CASE-2026-204
VEH-EXT-004760,P111,DL32TC7932,2026-08-06T20:05:00,L017,USED,0.945,CASE-2026-201
VEH-EXT-004761,P035,DL92OY5424,2026-08-29T05:23:00,L025,SEEN_NEAR,0.914,CASE-2026-202
VEH-EXT-004762,P056,DL21CR2848,2026-08-16T15:32:00,L015,SEEN_NEAR,0.963,CASE-2026-203
VEH-EXT-004763,P099,DL52CI2878,2026-08-30T22:55:00,L022,SEEN_NEAR,0.962,CASE-2026-204
VEH-EXT-004764,P017,DL29HQ8356,2026-08-25T17:18:00,L046,REGISTERED_TO,0.984,CASE-2026-201
VEH-EXT-004765,P096,DL29HQ8356,2026-08-09T08:00:00,L059,SEEN_NEAR,0.889,CASE-2026-202
VEH-EXT-004766,P001,DL39UR4920,2026-08-06T02:08:00,L040,SEEN_NEAR,0.844,CASE-2026-203
VEH-EXT-004767,P119,DL04JV9196,2026-08-24T01:03:00,L030,USED,0.926,CASE-2026-204
VEH-EXT-004768,P100,DL81KA7608,2026-08-29T00:55:00,L029,USED,0.95,CASE-2026-201
VEH-EXT-004769,P041,DL52CI2878,2026-08-04T07:03:00,L037,SEEN_NEAR,0.956,CASE-2026-202
VEH-EXT-004770,P114,DL55HK5801,2026-08-14T03:53:00,L054,USED,0.891,CASE-2026-203
VEH-EXT-004771,P065,DL90JQ8495,2026-08-05T18:18:00,L012,USED,0.987,CASE-2026-204
VEH-EXT-004772,P058,DL82LI7730,2026-08-11T13:00:00,L007,REGISTERED_TO,0.921,CASE-2026-201
VEH-EXT-004773,P118,DL76KI5135,2026-08-06T11:44:00,L028,USED,0.829,CASE-2026-202
VEH-EXT-004774,P015,DL32TC7932,2026-08-16T15:04:00,L026,USED,0.904,CASE-2026-203
VEH-EXT-004775,P062,DL87WU7148,2026-08-05T01:45:00,L002,USED,0.947,CASE-2026-204
VEH-EXT-004776,P072,DL55MZ1375,2026-08-11T01:30:00,L053,SEEN_NEAR,0.902,CASE-2026-201
VEH-EXT-004777,P016,DL04ES2001,2026-08-28T18:20:00,L051,SEEN_NEAR,0.929,CASE-2026-202
VEH-EXT-004778,P060,DL60HV9768,2026-08-16T21:16:00,L034,SEEN_NEAR,0.943,CASE-2026-203
VEH-EXT-004779,P018,DL87UB2945,2026-08-05T06:03:00,L032,USED,0.842,CASE-2026-204
VEH-EXT-004780,P078,DL75AQ7501,2026-08-21T23:38:00,L016,REGISTERED_TO,0.821,CASE-2026-201
VEH-EXT-004781,P118,DL34VM1567,2026-08-29T07:03:00,L060,USED,0.805,CASE-2026-202
VEH-EXT-004782,P009,DL60UM9514,2026-08-31T17:15:00,L039,SEEN_NEAR,0.976,CASE-2026-203
VEH-EXT-004783,P110,DL55HK5801,2026-08-27T14:13:00,L055,REGISTERED_TO,0.96,CASE-2026-204
VEH-EXT-004784,P059,DL88SX6044,2026-08-31T10:02:00,L021,SEEN_NEAR,0.834,CASE-2026-201
VEH-EXT-004785,P119,DL97KE9646,2026-08-13T23:41:00,L006,REGISTERED_TO,0.941,CASE-2026-202
VEH-EXT-004786,P073,DL90BO260,2026-08-01T17:27:00,L007,REGISTERED_TO,0.938,CASE-2026-203
VEH-EXT-004787,P004,DL87UB2945,2026-08-16T11:47:00,L031,USED,0.934,CASE-2026-204
VEH-EXT-004788,P110,DL88TU6321,2026-08-27T17:28:00,L031,REGISTERED_TO,0.834,CASE-2026-201
VEH-EXT-004789,P045,DL47TY509,2026-08-26T12:37:00,L060,SEEN_NEAR,0.84,CASE-2026-202
VEH-EXT-004790,P104,DL02DI9818,2026-08-22T19:01:00,L027,USED,0.826,CASE-2026-203
VEH-EXT-004791,P035,DL47TY509,2026-08-11T23:17:00,L046,SEEN_NEAR,0.937,CASE-2026-204
VEH-EXT-004792,P002,DL90BO260,2026-08-02T05:56:00,L033,USED,0.843,CASE-2026-201
VEH-EXT-004793,P012,DL40GM3739,2026-08-10T04:03:00,L025,SEEN_NEAR,0.807,CASE-2026-202
VEH-EXT-004794,P001,DL11LW2713,2026-08-25T17:39:00,L020,USED,0.921,CASE-2026-203
VEH-EXT-004795,P018,DL97KE9646,2026-08-06T19:22:00,L041,SEEN_NEAR,0.972,CASE-2026-204
VEH-EXT-004796,P011,DL90JQ8495,2026-08-22T14:02:00,L018,USED,0.843,CASE-2026-201
VEH-EXT-004797,P064,DL87UB2945,2026-08-09T02:18:00,L052,REGISTERED_TO,0.959,CASE-2026-202
VEH-EXT-004798,P025,DL44KV6735,2026-08-27T23:24:00,L031,USED,0.94,CASE-2026-203
VEH-EXT-004799,P017,DL19RP402,2026-08-14T23:38:00,L023,USED,0.956,CASE-2026-204
VEH-EXT-004800,P090,DL86XA3578,2026-08-14T12:39:00,L025,SEEN_NEAR,0.832,CASE-2026-201
VEH-EXT-004801,P020,DL32ME5177,2026-08-14T11:41:00,L043,REGISTERED_TO,0.845,CASE-2026-202
VEH-EXT-004802,P114,DL32TC7932,2026-08-14T17:01:00,L003,REGISTERED_TO,0.843,CASE-2026-203
VEH-EXT-004803,P053,DL05LU5710,2026-08-01T23:47:00,L057,REGISTERED_TO,0.884,CASE-2026-204
VEH-EXT-004804,P087,DL90BO260,2026-08-09T02:34:00,L056,SEEN_NEAR,0.839,CASE-2026-201
VEH-EXT-004805,P085,DL63HW1705,2026-08-25T08:33:00,L048,SEEN_NEAR,0.946,CASE-2026-202
VEH-EXT-004806,P056,DL21CR2848,2026-08-28T06:36:00,L030,REGISTERED_TO,0.906,CASE-2026-203
VEH-EXT-004807,P108,DL35GZ4233,2026-08-15T02:07:00,L024,SEEN_NEAR,0.92,CASE-2026-204
VEH-EXT-004808,P005,DL95WC1257,2026-08-03T23:48:00,L055,USED,0.811,CASE-2026-201
VEH-EXT-004809,P073,DL92OY5424,2026-08-21T17:52:00,L005,SEEN_NEAR,0.874,CASE-2026-202
VEH-EXT-004810,P117,DL09NH8413,2026-08-06T02:56:00,L008,REGISTERED_TO,0.935,CASE-2026-203
VEH-EXT-004811,P047,DL85LZ6022,2026-08-26T12:01:00,L011,SEEN_NEAR,0.818,CASE-2026-204
VEH-EXT-004812,P112,DL32ME5177,2026-08-06T21:52:00,L019,USED,0.888,CASE-2026-201
VEH-EXT-004813,P087,DL96VS1319,2026-08-13T08:40:00,L005,SEEN_NEAR,0.81,CASE-2026-202
VEH-EXT-004814,P045,DL60UM9514,2026-08-03T00:51:00,L050,REGISTERED_TO,0.884,CASE-2026-203
VEH-EXT-004815,P084,DL96VS1319,2026-08-11T01:15:00,L046,REGISTERED_TO,0.908,CASE-2026-204
VEH-EXT-004816,P022,DL29HQ8356,2026-08-08T16:45:00,L035,USED,0.958,CASE-2026-201
VEH-EXT-004817,P114,DL34VM1567,2026-08-03T01:03:00,L056,SEEN_NEAR,0.921,CASE-2026-202
VEH-EXT-004818,P065,DL76KI5135,2026-08-03T07:54:00,L045,USED,0.848,CASE-2026-203
VEH-EXT-004819,P108,DL90BO260,2026-08-02T12:18:00,L059,SEEN_NEAR,0.826,CASE-2026-204
VEH-EXT-004820,P079,DL62IT2591,2026-08-04T00:59:00,L057,REGISTERED_TO,0.89,CASE-2026-201
VEH-EXT-004821,P071,DL82LI7730,2026-08-31T12:22:00,L013,REGISTERED_TO,0.9,CASE-2026-202
VEH-EXT-004822,P012,DL82LI7730,2026-08-26T05:05:00,L032,USED,0.935,CASE-2026-203
VEH-EXT-004823,P035,DL40GM3739,2026-08-14T05:22:00,L008,REGISTERED_TO,0.947,CASE-2026-204
VEH-EXT-004824,P105,DL02DI9818,2026-08-31T09:53:00,L028,REGISTERED_TO,0.836,CASE-2026-201
VEH-EXT-004825,P091,DL16HB2805,2026-08-12T13:14:00,L059,SEEN_NEAR,0.874,CASE-2026-202
VEH-EXT-004826,P082,DL60PX9735,2026-08-07T05:01:00,L052,SEEN_NEAR,0.849,CASE-2026-203
VEH-EXT-004827,P068,DL86XA3578,2026-08-19T20:04:00,L027,SEEN_NEAR,0.879,CASE-2026-204
VEH-EXT-004828,P104,DL07HB2247,2026-08-10T05:29:00,L055,SEEN_NEAR,0.986,CASE-2026-201
VEH-EXT-004829,P019,DL40GM3739,2026-08-28T10:16:00,L051,REGISTERED_TO,0.844,CASE-2026-202
VEH-EXT-004830,P040,DL75AQ7501,2026-08-08T14:08:00,L044,SEEN_NEAR,0.846,CASE-2026-203
VEH-EXT-004831,P004,DL54IH5621,2026-08-30T08:35:00,L059,USED,0.943,CASE-2026-204
VEH-EXT-004832,P007,DL75AQ7501,2026-08-30T22:40:00,L003,SEEN_NEAR,0.826,CASE-2026-201
VEH-EXT-004833,P007,DL82IT8140,2026-08-24T21:37:00,L042,REGISTERED_TO,0.852,CASE-2026-202
VEH-EXT-004834,P076,DL88SX6044,2026-08-23T09:34:00,L004,USED,0.801,CASE-2026-203
VEH-EXT-004835,P012,DL25EU426,2026-08-15T23:11:00,L022,USED,0.967,CASE-2026-204
VEH-EXT-004836,P046,DL04JV9196,2026-08-24T07:02:00,L007,SEEN_NEAR,0.886,CASE-2026-201
VEH-EXT-004837,P015,DL43ON9088,2026-08-27T05:39:00,L016,SEEN_NEAR,0.92,CASE-2026-202
VEH-EXT-004838,P038,DL52CI2878,2026-08-18T09:28:00,L013,USED,0.812,CASE-2026-203
VEH-EXT-004839,P034,DL35GZ4233,2026-08-17T23:15:00,L006,SEEN_NEAR,0.931,CASE-2026-204
VEH-EXT-004840,P007,DL04JV9196,2026-08-17T23:37:00,L041,SEEN_NEAR,0.897,CASE-2026-201
VEH-EXT-004841,P076,DL85LZ6022,2026-08-26T18:33:00,L035,REGISTERED_TO,0.894,CASE-2026-202
VEH-EXT-004842,P011,DL19RP402,2026-08-11T19:58:00,L044,USED,0.961,CASE-2026-203
VEH-EXT-004843,P107,DL55HK5801,2026-08-09T04:16:00,L044,REGISTERED_TO,0.93,CASE-2026-204
VEH-EXT-004844,P014,DL95WC1257,2026-08-19T23:18:00,L031,SEEN_NEAR,0.988,CASE-2026-201
VEH-EXT-004845,P061,DL21CR2848,2026-08-19T09:40:00,L028,USED,0.943,CASE-2026-202
VEH-EXT-004846,P105,DL29HQ8356,2026-08-14T23:51:00,L048,REGISTERED_TO,0.878,CASE-2026-203
VEH-EXT-004847,P078,DL32TC7932,2026-08-06T03:13:00,L023,USED,0.894,CASE-2026-204
VEH-EXT-004848,P044,DL82IT8140,2026-08-21T12:43:00,L009,REGISTERED_TO,0.984,CASE-2026-201
VEH-EXT-004849,P108,DL19RP402,2026-08-27T13:56:00,L010,REGISTERED_TO,0.909,CASE-2026-202
VEH-EXT-004850,P085,DL04ES2001,2026-08-25T23:28:00,L048,REGISTERED_TO,0.855,CASE-2026-203
VEH-EXT-004851,P115,DL60PX9735,2026-08-11T00:29:00,L009,SEEN_NEAR,0.931,CASE-2026-204
VEH-EXT-004852,P071,DL08LO7279,2026-08-15T10:29:00,L044,SEEN_NEAR,0.833,CASE-2026-201
VEH-EXT-004853,P094,DL45KA6894,2026-08-08T09:33:00,L052,USED,0.95,CASE-2026-202
VEH-EXT-004854,P067,DL55HK5801,2026-08-26T05:03:00,L003,SEEN_NEAR,0.976,CASE-2026-203
VEH-EXT-004855,P013,DL04PO5412,2026-08-29T20:59:00,L033,REGISTERED_TO,0.912,CASE-2026-204
VEH-EXT-004856,P008,DL11RY5327,2026-08-21T22:35:00,L044,SEEN_NEAR,0.828,CASE-2026-201
VEH-EXT-004857,P090,DL19RP402,2026-08-11T05:20:00,L015,SEEN_NEAR,0.979,CASE-2026-202
VEH-EXT-004858,P011,DL39KO3630,2026-08-26T07:17:00,L015,REGISTERED_TO,0.927,CASE-2026-203
VEH-EXT-004859,P063,DL09NH8413,2026-08-16T05:23:00,L053,USED,0.857,CASE-2026-204
VEH-EXT-004860,P020,DL82LI7730,2026-08-29T05:54:00,L051,SEEN_NEAR,0.953,CASE-2026-201
VEH-EXT-004861,P069,DL23OP9685,2026-08-22T20:32:00,L014,REGISTERED_TO,0.854,CASE-2026-202
VEH-EXT-004862,P075,DL25EU426,2026-08-18T23:59:00,L040,SEEN_NEAR,0.938,CASE-2026-203
VEH-EXT-004863,P039,DL40KE1882,2026-08-21T03:14:00,L039,REGISTERED_TO,0.854,CASE-2026-204
VEH-EXT-004864,P046,DL05LU5710,2026-08-11T10:31:00,L045,SEEN_NEAR,0.876,CASE-2026-201
VEH-EXT-004865,P100,DL85LZ6022,2026-08-06T14:42:00,L035,REGISTERED_TO,0.806,CASE-2026-202
VEH-EXT-004866,P082,DL52CI2878,2026-08-06T11:07:00,L052,SEEN_NEAR,0.969,CASE-2026-203
VEH-EXT-004867,P008,DL64KI2394,2026-08-16T15:30:00,L045,USED,0.961,CASE-2026-204
VEH-EXT-004868,P100,DL65MS3221,2026-08-20T05:16:00,L025,USED,0.877,CASE-2026-201
VEH-EXT-004869,P081,DL54IH5621,2026-08-19T05:00:00,L007,USED,0.9,CASE-2026-202
VEH-EXT-004870,P052,DL11RY5327,2026-08-16T19:31:00,L001,REGISTERED_TO,0.823,CASE-2026-203
VEH-EXT-004871,P046,DL08LO7279,2026-08-26T17:49:00,L002,USED,0.85,CASE-2026-204
VEH-EXT-004872,P080,DL92OY5424,2026-08-04T01:15:00,L060,USED,0.862,CASE-2026-201
VEH-EXT-004873,P093,DL04PO5412,2026-08-29T13:28:00,L044,SEEN_NEAR,0.836,CASE-2026-202
VEH-EXT-004874,P040,DL08LO7279,2026-08-18T22:09:00,L057,REGISTERED_TO,0.837,CASE-2026-203
VEH-EXT-004875,P076,DL64KI2394,2026-08-26T17:43:00,L020,USED,0.908,CASE-2026-204
VEH-EXT-004876,P100,DL37ZL3820,2026-08-23T21:39:00,L055,SEEN_NEAR,0.943,CASE-2026-201
VEH-EXT-004877,P053,DL45KA6894,2026-08-16T02:43:00,L053,USED,0.914,CASE-2026-202
VEH-EXT-004878,P002,DL76KI5135,2026-08-05T09:19:00,L015,REGISTERED_TO,0.943,CASE-2026-203
VEH-EXT-004879,P119,DL87WU7148,2026-08-21T08:27:00,L024,SEEN_NEAR,0.898,CASE-2026-204
VEH-EXT-004880,P017,DL82LI7730,2026-08-07T19:37:00,L055,REGISTERED_TO,0.818,CASE-2026-201
VEH-EXT-004881,P023,DL27TR2259,2026-08-21T21:07:00,L036,REGISTERED_TO,0.841,CASE-2026-202
VEH-EXT-004882,P035,DL89YG8738,2026-08-07T08:36:00,L050,USED,0.81,CASE-2026-203
VEH-EXT-004883,P067,DL47RB786,2026-08-29T06:38:00,L029,SEEN_NEAR,0.957,CASE-2026-204
VEH-EXT-004884,P100,DL08LO7279,2026-08-16T20:08:00,L054,REGISTERED_TO,0.887,CASE-2026-201
VEH-EXT-004885,P019,DL87WU7148,2026-08-11T06:26:00,L060,REGISTERED_TO,0.899,CASE-2026-202
VEH-EXT-004886,P008,DL97KE9646,2026-08-05T18:01:00,L048,USED,0.955,CASE-2026-203
VEH-EXT-004887,P114,DL90BO260,2026-08-21T01:46:00,L013,SEEN_NEAR,0.855,CASE-2026-204
VEH-EXT-004888,P096,DL55MZ1375,2026-08-25T17:28:00,L026,REGISTERED_TO,0.805,CASE-2026-201
VEH-EXT-004889,P114,DL41GX5949,2026-08-21T17:37:00,L029,USED,0.971,CASE-2026-202
VEH-EXT-004890,P059,DL85LZ6022,2026-08-07T04:44:00,L031,REGISTERED_TO,0.865,CASE-2026-203
VEH-EXT-004891,P002,DL55HK5801,2026-08-28T20:15:00,L034,REGISTERED_TO,0.929,CASE-2026-204
VEH-EXT-004892,P037,DL55MZ1375,2026-08-28T00:21:00,L030,REGISTERED_TO,0.832,CASE-2026-201
VEH-EXT-004893,P055,DL90BO260,2026-08-17T21:28:00,L054,SEEN_NEAR,0.919,CASE-2026-202
VEH-EXT-004894,P073,DL81KA7608,2026-08-18T06:28:00,L030,SEEN_NEAR,0.962,CASE-2026-203
VEH-EXT-004895,P087,DL41GX5949,2026-08-22T21:39:00,L012,SEEN_NEAR,0.954,CASE-2026-204
VEH-EXT-004896,P087,DL44KV6735,2026-08-29T23:26:00,L001,USED,0.891,CASE-2026-201
VEH-EXT-004897,P117,DL65MS3221,2026-08-07T21:38:00,L049,REGISTERED_TO,0.923,CASE-2026-202
VEH-EXT-004898,P054,DL16HB2805,2026-08-16T10:17:00,L041,REGISTERED_TO,0.851,CASE-2026-203
VEH-EXT-004899,P087,DL91QF4618,2026-08-07T14:58:00,L054,USED,0.869,CASE-2026-204
VEH-EXT-004900,P039,DL85RA6801,2026-08-17T07:15:00,L024,SEEN_NEAR,0.928,CASE-2026-201
VEH-EXT-004901,P009,DL47RB786,2026-08-29T02:01:00,L047,SEEN_NEAR,0.877,CASE-2026-202
VEH-EXT-004902,P016,DL07HB2247,2026-08-08T18:36:00,L015,SEEN_NEAR,0.872,CASE-2026-203
VEH-EXT-004903,P064,DL81KA7608,2026-08-11T00:09:00,L039,USED,0.972,CASE-2026-204
VEH-EXT-004904,P114,DL24MH626,2026-08-30T23:00:00,L046,USED,0.949,CASE-2026-201
VEH-EXT-004905,P003,DL89YG8738,2026-08-04T11:57:00,L039,REGISTERED_TO,0.807,CASE-2026-202
VEH-EXT-004906,P075,DL91QF4618,2026-08-16T05:03:00,L002,SEEN_NEAR,0.845,CASE-2026-203
VEH-EXT-004907,P112,DL62IT2591,2026-08-21T10:07:00,L038,SEEN_NEAR,0.854,CASE-2026-204
VEH-EXT-004908,P045,DL19RP402,2026-08-18T06:51:00,L033,SEEN_NEAR,0.989,CASE-2026-201
VEH-EXT-004909,P104,DL04ES2001,2026-08-17T15:35:00,L019,REGISTERED_TO,0.865,CASE-2026-202
VEH-EXT-004910,P001,DL44KV6735,2026-08-04T23:24:00,L042,SEEN_NEAR,0.881,CASE-2026-203
VEH-EXT-004911,P043,DL54IH5621,2026-08-30T16:38:00,L001,REGISTERED_TO,0.981,CASE-2026-204
VEH-EXT-004912,P035,DL85LZ6022,2026-08-27T19:00:00,L010,REGISTERED_TO,0.819,CASE-2026-201
VEH-EXT-004913,P032,DL27TR2259,2026-08-08T15:58:00,L004,REGISTERED_TO,0.89,CASE-2026-202
VEH-EXT-004914,P019,DL49SF8485,2026-08-11T17:58:00,L036,USED,0.821,CASE-2026-203
VEH-EXT-004915,P025,DL65MS3221,2026-08-29T01:59:00,L035,USED,0.86,CASE-2026-204
VEH-EXT-004916,P019,DL60HV9768,2026-08-12T05:49:00,L032,REGISTERED_TO,0.899,CASE-2026-201
VEH-EXT-004917,P004,DL96VS1319,2026-08-20T09:38:00,L005,REGISTERED_TO,0.814,CASE-2026-202
VEH-EXT-004918,P098,DL23OP9685,2026-08-05T03:55:00,L033,USED,0.953,CASE-2026-203
VEH-EXT-004919,P050,DL11RY5327,2026-08-20T15:35:00,L049,USED,0.823,CASE-2026-204
VEH-EXT-004920,P060,DL54IS4434,2026-08-07T13:06:00,L041,SEEN_NEAR,0.943,CASE-2026-201
VEH-EXT-004921,P090,DL50AJ3222,2026-08-27T23:27:00,L015,SEEN_NEAR,0.837,CASE-2026-202
VEH-EXT-004922,P047,DL39KO3630,2026-08-15T18:06:00,L029,SEEN_NEAR,0.902,CASE-2026-203
VEH-EXT-004923,P079,DL28QO9746,2026-08-20T04:36:00,L018,USED,0.923,CASE-2026-204
VEH-EXT-004924,P048,DL57KK8244,2026-08-13T13:23:00,L059,USED,0.875,CASE-2026-201
VEH-EXT-004925,P043,DL83IA4683,2026-08-09T02:53:00,L042,REGISTERED_TO,0.84,CASE-2026-202
VEH-EXT-004926,P006,DL47RB786,2026-08-13T18:49:00,L031,USED,0.944,CASE-2026-203
VEH-EXT-004927,P075,DL32ME5177,2026-08-26T11:59:00,L031,SEEN_NEAR,0.87,CASE-2026-204
VEH-EXT-004928,P040,DL89YG8738,2026-08-09T19:50:00,L024,USED,0.819,CASE-2026-201
VEH-EXT-004929,P079,DL60HV9768,2026-08-16T02:57:00,L010,SEEN_NEAR,0.88,CASE-2026-202
VEH-EXT-004930,P038,DL65MS3221,2026-08-24T05:41:00,L056,SEEN_NEAR,0.845,CASE-2026-203
VEH-EXT-004931,P017,DL02DI9818,2026-08-23T03:39:00,L010,USED,0.805,CASE-2026-204
VEH-EXT-004932,P003,DL39UR4920,2026-08-16T11:09:00,L023,USED,0.896,CASE-2026-201
VEH-EXT-004933,P107,DL28QO9746,2026-08-08T16:30:00,L023,REGISTERED_TO,0.857,CASE-2026-202
VEH-EXT-004934,P076,DL54IS4434,2026-08-14T09:43:00,L025,REGISTERED_TO,0.96,CASE-2026-203
VEH-EXT-004935,P061,DL54IS4434,2026-08-19T04:58:00,L007,USED,0.918,CASE-2026-204
VEH-EXT-004936,P054,DL34VM1567,2026-08-06T11:22:00,L033,USED,0.832,CASE-2026-201
VEH-EXT-004937,P111,DL32TC7932,2026-08-13T00:30:00,L048,USED,0.899,CASE-2026-202
VEH-EXT-004938,P005,DL23OP9685,2026-08-05T02:29:00,L052,REGISTERED_TO,0.836,CASE-2026-203
VEH-EXT-004939,P016,DL41GX5949,2026-08-31T18:13:00,L043,USED,0.836,CASE-2026-204
VEH-EXT-004940,P094,DL30XV997,2026-08-18T13:06:00,L052,REGISTERED_TO,0.893,CASE-2026-201
VEH-EXT-004941,P011,DL07HB2247,2026-08-27T20:20:00,L028,USED,0.955,CASE-2026-202
VEH-EXT-004942,P024,DL52CI2878,2026-08-14T16:03:00,L034,REGISTERED_TO,0.902,CASE-2026-203
VEH-EXT-004943,P086,DL90BO260,2026-08-16T01:55:00,L042,SEEN_NEAR,0.918,CASE-2026-204
VEH-EXT-004944,P074,DL88SX6044,2026-08-19T10:47:00,L060,SEEN_NEAR,0.847,CASE-2026-201
VEH-EXT-004945,P097,DL82LI7730,2026-08-24T09:45:00,L003,USED,0.923,CASE-2026-202
VEH-EXT-004946,P112,DL62IT2591,2026-08-17T18:35:00,L025,USED,0.953,CASE-2026-203
VEH-EXT-004947,P081,DL32ME5177,2026-08-07T06:25:00,L031,USED,0.821,CASE-2026-204
VEH-EXT-004948,P028,DL62IT2591,2026-08-13T12:02:00,L016,SEEN_NEAR,0.983,CASE-2026-201
VEH-EXT-004949,P003,DL91QF4618,2026-08-28T10:20:00,L060,USED,0.829,CASE-2026-202
VEH-EXT-004950,P054,DL62IT2591,2026-08-09T00:37:00,L006,SEEN_NEAR,0.826,CASE-2026-203
VEH-EXT-004951,P051,DL49SF8485,2026-08-11T06:13:00,L019,REGISTERED_TO,0.949,CASE-2026-204
VEH-EXT-004952,P077,DL41GX5949,2026-08-01T19:29:00,L018,USED,0.826,CASE-2026-201
VEH-EXT-004953,P039,DL08OD4328,2026-08-26T00:38:00,L006,SEEN_NEAR,0.877,CASE-2026-202
VEH-EXT-004954,P078,DL76KI5135,2026-08-29T10:46:00,L028,USED,0.932,CASE-2026-203
VEH-EXT-004955,P020,DL60HV9768,2026-08-23T07:00:00,L004,USED,0.838,CASE-2026-204
VEH-EXT-004956,P054,DL09NH8413,2026-08-07T11:41:00,L021,REGISTERED_TO,0.894,CASE-2026-201
VEH-EXT-004957,P015,DL96VS1319,2026-08-10T08:29:00,L040,REGISTERED_TO,0.908,CASE-2026-202
VEH-EXT-004958,P111,DL04ES2001,2026-08-13T22:28:00,L031,SEEN_NEAR,0.825,CASE-2026-203
VEH-EXT-004959,P114,DL08OD4328,2026-08-28T02:33:00,L014,USED,0.842,CASE-2026-204
VEH-EXT-004960,P055,DL39UR4920,2026-08-08T19:25:00,L004,USED,0.886,CASE-2026-201
VEH-EXT-004961,P095,DL49SF8485,2026-08-02T02:55:00,L053,REGISTERED_TO,0.973,CASE-2026-202
VEH-EXT-004962,P046,DL02DI9818,2026-08-06T06:37:00,L012,USED,0.989,CASE-2026-203
VEH-EXT-004963,P005,DL37ZL3820,2026-08-06T14:11:00,L025,USED,0.944,CASE-2026-204
VEH-EXT-004964,P023,DL11LW2713,2026-08-09T00:42:00,L010,USED,0.804,CASE-2026-201
VEH-EXT-004965,P030,DL49SF8485,2026-08-18T11:50:00,L043,USED,0.925,CASE-2026-202
VEH-EXT-004966,P112,DL27TR2259,2026-08-07T04:50:00,L048,SEEN_NEAR,0.905,CASE-2026-203
VEH-EXT-004967,P063,DL32ME5177,2026-08-27T19:31:00,L051,SEEN_NEAR,0.921,CASE-2026-204
VEH-EXT-004968,P009,DL75AQ7501,2026-08-30T17:15:00,L056,REGISTERED_TO,0.832,CASE-2026-201
VEH-EXT-004969,P109,DL78RJ114,2026-08-29T19:28:00,L006,REGISTERED_TO,0.954,CASE-2026-202
VEH-EXT-004970,P081,DL65MS3221,2026-08-25T10:52:00,L060,REGISTERED_TO,0.918,CASE-2026-203
VEH-EXT-004971,P084,DL90BO260,2026-08-12T01:56:00,L001,SEEN_NEAR,0.84,CASE-2026-204
VEH-EXT-004972,P060,DL96VS1319,2026-08-23T04:53:00,L058,REGISTERED_TO,0.827,CASE-2026-201
VEH-EXT-004973,P032,DL32TC7932,2026-08-14T04:14:00,L020,USED,0.812,CASE-2026-202
VEH-EXT-004974,P078,DL39UR4920,2026-08-12T09:13:00,L014,USED,0.898,CASE-2026-203
VEH-EXT-004975,P111,DL29HQ8356,2026-08-19T03:03:00,L017,USED,0.844,CASE-2026-204
VEH-EXT-004976,P049,DL57KK8244,2026-08-15T03:31:00,L033,USED,0.981,CASE-2026-201
VEH-EXT-004977,P030,DL82LI7730,2026-08-14T02:01:00,L021,REGISTERED_TO,0.888,CASE-2026-202
VEH-EXT-004978,P026,DL87UB2945,2026-08-20T04:16:00,L012,SEEN_NEAR,0.981,CASE-2026-203
VEH-EXT-004979,P001,DL16HB2805,2026-08-27T12:16:00,L054,REGISTERED_TO,0.909,CASE-2026-204
VEH-EXT-004980,P083,DL63HW1705,2026-08-23T04:47:00,L046,REGISTERED_TO,0.816,CASE-2026-201
VEH-EXT-004981,P070,DL82LI7730,2026-08-04T19:43:00,L025,REGISTERED_TO,0.901,CASE-2026-202
VEH-EXT-004982,P098,DL62IT2591,2026-08-25T23:22:00,L060,USED,0.901,CASE-2026-203
VEH-EXT-004983,P100,DL85RA6801,2026-08-12T21:50:00,L043,USED,0.873,CASE-2026-204
VEH-EXT-004984,P099,DL65MS3221,2026-08-10T01:26:00,L053,REGISTERED_TO,0.835,CASE-2026-201
VEH-EXT-004985,P008,DL41GX5949,2026-08-09T12:31:00,L015,SEEN_NEAR,0.913,CASE-2026-202
VEH-EXT-004986,P044,DL04ES2001,2026-08-28T15:25:00,L005,USED,0.94,CASE-2026-203
VEH-EXT-004987,P041,DL75AQ7501,2026-08-03T00:38:00,L008,USED,0.943,CASE-2026-204
VEH-EXT-004988,P030,DL21CR2848,2026-08-01T21:58:00,L047,REGISTERED_TO,0.968,CASE-2026-201
VEH-EXT-004989,P090,DL23OP9685,2026-08-02T05:06:00,L038,REGISTERED_TO,0.916,CASE-2026-202
VEH-EXT-004990,P045,DL47RB786,2026-08-12T05:19:00,L001,USED,0.84,CASE-2026-203
VEH-EXT-004991,P091,DL09NH8413,2026-08-03T09:05:00,L003,SEEN_NEAR,0.905,CASE-2026-204
VEH-EXT-004992,P082,DL43ON9088,2026-08-28T21:57:00,L050,USED,0.862,CASE-2026-201
VEH-EXT-004993,P063,DL96VS1319,2026-08-21T02:44:00,L056,USED,0.969,CASE-2026-202
VEH-EXT-004994,P096,DL79FI6946,2026-08-02T03:52:00,L046,SEEN_NEAR,0.833,CASE-2026-203
VEH-EXT-004995,P021,DL90BO260,2026-08-20T00:22:00,L060,SEEN_NEAR,0.874,CASE-2026-204
VEH-EXT-004996,P016,DL08LO7279,2026-08-24T03:15:00,L007,SEEN_NEAR,0.865,CASE-2026-201
VEH-EXT-004997,P020,DL86XA3578,2026-08-23T15:58:00,L032,SEEN_NEAR,0.903,CASE-2026-202
VEH-EXT-004998,P031,DL60HV9768,2026-08-27T13:45:00,L049,REGISTERED_TO,0.888,CASE-2026-203
VEH-EXT-004999,P058,DL08OD4328,2026-08-27T02:36:00,L036,USED,0.831,CASE-2026-204
VEH-EXT-005000,P055,DL85RA6801,2026-08-24T09:16:00,L004,REGISTERED_TO,0.891,CASE-2026-201
